employee_id,date,login_time_variance,logout_time_variance,avg_session_length_min,context_switching_score,critical_access_ratio,modules_per_session,days_since_last_audit,days_since_last_compliance,days_since_last_override,peer_z_score_audit,peer_percentile_audit
EMP001,2026-01-01,5.07,9.87,564.48,0,0.0,0.0,1,1,1,-0.748,50.0
EMP001,2026-01-02,5.07,9.87,564.48,10,0.7031,96.0,2,2,2,1.438,50.0
EMP001,2026-01-03,5.07,9.87,564.48,10,0.6866,33.5,1,1,1,-0.35,50.0
EMP001,2026-01-04,5.07,9.87,564.48,0,0.0,0.0,1,1,1,-0.748,50.0
EMP001,2026-01-05,5.07,9.87,564.48,10,0.7572,86.5,2,2,2,0.775,50.0
EMP001,2026-01-06,5.07,9.87,564.48,10,0.764,80.5,1,1,1,0.842,50.0
EMP001,2026-01-07,5.07,9.87,564.48,10,0.7717,46.0,1,1,1,0.511,50.0
EMP001,2026-01-08,5.07,9.87,564.48,10,0.7072,90.5,1,1,1,0.709,50.0
EMP001,2026-01-09,5.07,9.87,564.48,10,0.7333,60.0,1,1,1,0.444,50.0
EMP001,2026-01-10,5.07,9.87,564.48,10,0.7143,35.0,1,1,1,-0.019,50.0
EMP001,2026-01-11,5.07,9.87,564.48,0,0.0,0.0,1,1,1,-0.748,50.0
EMP001,2026-01-12,5.07,9.87,564.48,10,0.7006,88.5,2,2,2,0.709,50.0
EMP001,2026-01-13,5.07,9.87,564.48,10,0.765,100.0,1,1,1,1.239,50.0
EMP001,2026-01-14,5.07,9.87,564.48,10,0.6746,84.5,1,1,1,0.511,50.0
EMP001,2026-01-15,5.07,9.87,564.48,10,0.7857,91.0,1,1,1,1.438,50.0
EMP001,2026-01-16,5.07,9.87,564.48,10,0.7434,113.0,1,1,1,1.835,50.0
EMP001,2026-01-17,5.07,9.87,564.48,10,0.6522,34.5,1,1,1,-0.218,50.0
EMP001,2026-01-18,5.07,9.87,564.48,0,0.0,0.0,1,1,1,-0.748,50.0
EMP001,2026-01-19,5.07,9.87,564.48,10,0.743,124.5,2,2,2,1.239,50.0
EMP001,2026-01-20,5.07,9.87,564.48,10,0.736,125.0,1,1,1,1.372,50.0
EMP001,2026-01-21,5.07,9.87,564.48,10,0.7568,111.0,1,1,1,1.305,50.0
EMP001,2026-01-22,5.07,9.87,564.48,10,0.7143,108.5,1,1,1,1.438,50.0
EMP001,2026-01-23,5.07,9.87,564.48,10,0.7029,119.5,1,1,1,1.968,50.0
EMP001,2026-01-24,5.07,9.87,564.48,2,0.5,1.0,1,1,1,-0.748,50.0
EMP001,2026-01-25,5.07,9.87,564.48,0,0.0,0.0,2,2,2,-0.748,50.0
EMP001,2026-01-26,5.07,9.87,564.48,0,0.0,0.0,3,3,3,-0.748,50.0
EMP001,2026-01-27,5.07,9.87,564.48,10,0.7593,135.0,4,4,4,1.835,50.0
EMP001,2026-01-28,5.07,9.87,564.48,10,0.7053,47.5,1,1,1,0.246,50.0
EMP001,2026-01-29,5.07,9.87,564.48,10,0.7605,167.0,1,1,1,3.491,50.0
EMP001,2026-01-30,5.07,9.87,564.48,10,0.6737,142.5,1,1,1,2.497,50.0
EMP001,2026-01-31,5.07,9.87,564.48,10,0.7356,43.5,1,1,1,-0.085,50.0
EMP001,2026-02-01,5.07,9.87,564.48,0,0.0,0.0,1,1,1,-0.748,50.0
EMP001,2026-02-02,5.07,9.87,564.48,10,0.7507,174.5,2,2,2,2.431,50.0
EMP001,2026-02-03,5.07,9.87,564.48,10,0.6773,172.0,1,1,1,1.57,50.0
EMP001,2026-02-04,5.07,9.87,564.48,10,0.7233,126.5,1,1,1,0.974,50.0
EMP001,2026-02-05,5.07,9.87,564.48,10,0.7162,111.0,1,1,1,1.107,50.0
EMP001,2026-02-06,5.07,9.87,564.48,0,0.0,0.0,1,1,1,-0.748,50.0
EMP001,2026-02-07,5.07,9.87,564.48,10,0.7475,49.5,2,2,2,-0.085,50.0
EMP001,2026-02-08,5.07,9.87,564.48,0,0.0,0.0,1,1,1,-0.748,50.0
EMP001,2026-02-09,5.07,9.87,564.48,10,0.7087,127.0,2,2,2,0.842,50.0
EMP001,2026-02-10,5.07,9.87,564.48,10,0.7266,128.0,1,1,1,0.643,50.0
EMP001,2026-02-11,5.07,9.87,564.48,10,0.7353,119.0,1,1,1,0.113,50.0
EMP001,2026-02-12,5.07,9.87,564.48,10,0.7572,121.5,1,1,1,0.444,50.0
EMP001,2026-02-13,5.07,9.87,564.48,10,0.6196,127.5,1,1,1,0.378,50.0
EMP001,2026-02-14,5.07,9.87,564.48,10,0.7273,38.5,1,1,1,-0.483,50.0
EMP001,2026-02-15,5.07,9.87,564.48,0,0.0,0.0,1,1,1,-0.748,50.0
EMP001,2026-02-16,5.07,9.87,564.48,10,0.6549,127.5,2,2,2,0.444,50.0
EMP001,2026-02-17,5.07,9.87,564.48,10,0.6773,125.5,1,1,1,-0.019,50.0
EMP001,2026-02-18,5.07,9.87,564.48,10,0.6205,112.0,1,1,1,0.047,50.0
EMP001,2026-02-19,5.07,9.87,564.48,10,0.6877,134.5,1,1,1,0.047,50.0
EMP001,2026-02-20,5.07,9.87,564.48,5,0.5,4.0,1,1,1,-0.748,50.0
EMP001,2026-02-21,5.07,9.87,564.48,10,0.6203,39.5,2,2,2,-0.615,50.0
EMP001,2026-02-22,5.07,9.87,564.48,0,0.0,0.0,1,1,1,-0.748,50.0
EMP001,2026-02-23,5.07,9.87,564.48,10,0.6355,107.0,2,2,2,-0.218,50.0
EMP001,2026-02-24,5.07,9.87,564.48,10,0.6782,158.5,1,1,1,2.431,50.0
EMP001,2026-02-25,5.07,9.87,564.48,10,0.625,48.0,1,1,1,-0.615,50.0
EMP001,2026-02-26,5.07,9.87,564.48,10,0.6135,103.5,1,1,1,-0.35,50.0
EMP001,2026-02-27,5.07,9.87,564.48,9,0.6697,54.5,1,1,1,-0.681,50.0
EMP001,2026-02-28,5.07,9.87,564.48,8,0.6125,40.0,1,1,2,-0.681,50.0
EMP001,2026-03-01,5.07,9.87,564.48,0,0.0,0.0,1,2,3,-0.748,50.0
EMP001,2026-03-02,5.07,9.87,564.48,0,0.0,0.0,2,3,4,-0.748,50.0
EMP001,2026-03-03,5.07,9.87,564.48,7,0.6564,113.5,3,4,5,-0.748,50.0
EMP001,2026-03-04,5.07,9.87,564.48,7,0.639,102.5,4,5,6,-0.748,50.0
EMP001,2026-03-05,5.07,9.87,564.48,7,0.5851,47.0,5,6,7,-0.748,50.0
EMP001,2026-03-06,5.07,9.87,564.48,7,0.5368,95.0,6,7,8,-0.748,50.0
EMP001,2026-03-07,5.07,9.87,564.48,7,0.6456,39.5,7,8,9,-0.748,50.0
EMP001,2026-03-08,5.07,9.87,564.48,0,0.0,0.0,8,9,10,-0.748,50.0
EMP001,2026-03-09,5.07,9.87,564.48,7,0.5531,89.5,9,10,11,-0.748,50.0
EMP001,2026-03-10,5.07,9.87,564.48,7,0.6172,128.0,10,11,12,-0.748,50.0
EMP001,2026-03-11,5.07,9.87,564.48,7,0.5,101.0,11,12,13,-0.748,50.0
EMP001,2026-03-12,5.07,9.87,564.48,7,0.5821,100.5,12,13,14,-0.748,50.0
EMP001,2026-03-13,5.07,9.87,564.48,7,0.6497,88.5,13,14,15,-0.748,50.0
EMP001,2026-03-14,5.07,9.87,564.48,7,0.6351,37.0,14,15,16,-0.748,50.0
EMP001,2026-03-15,5.07,9.87,564.48,0,0.0,0.0,15,16,17,-0.748,50.0
EMP001,2026-03-16,5.07,9.87,564.48,7,0.5902,91.5,16,17,18,-0.748,50.0
EMP001,2026-03-17,5.07,9.87,564.48,7,0.6736,121.0,17,18,19,-0.748,50.0
EMP001,2026-03-18,5.07,9.87,564.48,7,0.6048,83.5,18,19,20,-0.748,50.0
EMP001,2026-03-19,5.07,9.87,564.48,7,0.6898,93.5,19,20,21,-0.748,50.0
EMP001,2026-03-20,5.07,9.87,564.48,7,0.6009,106.5,20,21,22,-0.748,50.0
EMP001,2026-03-21,5.07,9.87,564.48,7,0.64,37.5,21,22,23,-0.748,50.0
EMP001,2026-03-22,5.07,9.87,564.48,0,0.0,0.0,22,23,24,-0.748,50.0
EMP001,2026-03-23,5.07,9.87,564.48,7,0.636,114.0,23,24,25,-0.748,50.0
EMP001,2026-03-24,5.07,9.87,564.48,7,0.6107,122.0,24,25,26,-0.748,50.0
EMP001,2026-03-25,5.07,9.87,564.48,7,0.6216,55.5,25,26,27,-0.748,50.0
EMP001,2026-03-26,5.07,9.87,564.48,7,0.6078,153.0,26,27,28,-0.748,50.0
EMP001,2026-03-27,5.07,9.87,564.48,7,0.619,136.5,27,28,29,-0.748,50.0
EMP001,2026-03-28,5.07,9.87,564.48,7,0.614,57.0,28,29,30,-0.748,50.0
EMP001,2026-03-29,5.07,9.87,564.48,0,0.0,0.0,29,30,31,-0.748,50.0
EMP001,2026-03-30,5.07,9.87,564.48,7,0.6215,125.5,30,31,32,-0.748,50.0
EMP001,2026-03-31,5.07,9.87,564.48,7,0.5848,112.0,31,32,33,-0.748,50.0
EMP002,2026-01-01,7.92,10.98,493.68,0,0.0,0.0,1,1,1,-1.393,50.0
EMP002,2026-01-02,7.92,10.98,493.68,6,0.6931,189.0,2,2,2,1.305,50.0
EMP002,2026-01-03,7.92,10.98,493.68,6,0.7532,77.0,1,1,1,-0.468,50.0
EMP002,2026-01-04,7.92,10.98,493.68,0,0.0,0.0,1,1,1,-1.393,50.0
EMP002,2026-01-05,7.92,10.98,493.68,6,0.7567,187.0,2,2,2,0.997,50.0
EMP002,2026-01-06,7.92,10.98,493.68,6,0.6873,193.5,1,1,1,-0.082,50.0
EMP002,2026-01-07,7.92,10.98,493.68,6,0.6995,183.0,1,1,1,-0.005,50.0
EMP002,2026-01-08,7.92,10.98,493.68,6,0.6944,180.0,1,1,1,0.843,50.0
EMP002,2026-01-09,7.92,10.98,493.68,6,0.7,110.0,1,1,1,-0.391,50.0
EMP002,2026-01-10,7.92,10.98,493.68,6,0.6947,65.5,1,1,1,-0.776,50.0
EMP002,2026-01-11,7.92,10.98,493.68,0,0.0,0.0,1,1,1,-1.393,50.0
EMP002,2026-01-12,7.92,10.98,493.68,6,0.7314,188.0,2,2,2,0.611,50.0
EMP002,2026-01-13,7.92,10.98,493.68,6,0.731,217.5,1,1,1,1.074,50.0
EMP002,2026-01-14,7.92,10.98,493.68,6,0.7596,156.0,1,1,1,-0.005,50.0
EMP002,2026-01-15,7.92,10.98,493.68,6,0.7059,161.5,1,1,1,0.611,50.0
EMP002,2026-01-16,7.92,10.98,493.68,6,0.7329,161.0,1,1,1,0.534,50.0
EMP002,2026-01-17,7.92,10.98,493.68,6,0.7355,60.5,1,1,1,-0.545,50.0
EMP002,2026-01-18,7.92,10.98,493.68,0,0.0,0.0,1,1,1,-1.393,50.0
EMP002,2026-01-19,7.92,10.98,493.68,6,0.7084,183.5,2,2,2,0.457,50.0
EMP002,2026-01-20,7.92,10.98,493.68,6,0.7553,188.0,1,1,1,0.38,50.0
EMP002,2026-01-21,7.92,10.98,493.68,6,0.7301,163.0,1,1,1,-0.082,50.0
EMP002,2026-01-22,7.92,10.98,493.68,6,0.736,151.5,1,1,1,0.457,50.0
EMP002,2026-01-23,7.92,10.98,493.68,6,0.6474,198.5,1,1,1,0.997,50.0
EMP002,2026-01-24,7.92,10.98,493.68,6,0.7143,63.0,1,1,1,-0.854,50.0
EMP002,2026-01-25,7.92,10.98,493.68,0,0.0,0.0,1,1,1,-1.393,50.0
EMP002,2026-01-26,7.92,10.98,493.68,0,0.0,0.0,2,2,2,-1.393,50.0
EMP002,2026-01-27,7.92,10.98,493.68,6,0.7479,178.5,3,3,3,0.689,50.0
EMP002,2026-01-28,7.92,10.98,493.68,6,0.7432,165.5,1,1,1,0.072,50.0
EMP002,2026-01-29,7.92,10.98,493.68,6,0.7184,225.5,1,1,1,1.228,50.0
EMP002,2026-01-30,7.92,10.98,493.68,6,0.7696,197.5,1,1,1,0.92,50.0
EMP002,2026-01-31,7.92,10.98,493.68,6,0.6842,76.0,1,1,1,-0.545,50.0
EMP002,2026-02-01,7.92,10.98,493.68,0,0.0,0.0,1,1,1,-1.393,50.0
EMP002,2026-02-02,7.92,10.98,493.68,6,0.7748,226.5,2,2,2,1.614,50.0
EMP002,2026-02-03,7.92,10.98,493.68,6,0.7682,192.0,1,1,1,0.303,50.0
EMP002,2026-02-04,7.92,10.98,493.68,6,0.7642,159.0,1,1,1,0.689,50.0
EMP002,2026-02-05,7.92,10.98,493.68,6,0.715,203.5,1,1,1,-0.082,50.0
EMP002,2026-02-06,7.92,10.98,493.68,6,0.7,170.0,1,1,1,0.072,50.0
EMP002,2026-02-07,7.92,10.98,493.68,3,0.8,2.5,1,1,1,-1.393,50.0
EMP002,2026-02-08,7.92,10.98,493.68,0,0.0,0.0,2,2,2,-1.393,50.0
EMP002,2026-02-09,7.92,10.98,493.68,6,0.6495,194.0,3,3,3,0.611,50.0
EMP002,2026-02-10,7.92,10.98,493.68,6,0.758,202.5,1,1,1,-0.082,50.0
EMP002,2026-02-11,7.92,10.98,493.68,6,0.7051,186.5,1,1,1,0.149,50.0
EMP002,2026-02-12,7.92,10.98,493.68,6,0.689,149.5,1,1,1,-0.237,50.0
EMP002,2026-02-13,7.92,10.98,493.68,6,0.7742,170.5,1,1,1,0.766,50.0
EMP002,2026-02-14,7.92,10.98,493.68,6,0.6911,61.5,1,1,1,-0.699,50.0
EMP002,2026-02-15,7.92,10.98,493.68,0,0.0,0.0,1,1,1,-1.393,50.0
EMP002,2026-02-16,7.92,10.98,493.68,6,0.716,128.5,2,2,2,0.303,50.0
EMP002,2026-02-17,7.92,10.98,493.68,6,0.6998,206.5,1,1,1,0.38,50.0
EMP002,2026-02-18,7.92,10.98,493.68,6,0.6823,181.0,1,1,1,0.303,50.0
EMP002,2026-02-19,7.92,10.98,493.68,6,0.7781,160.0,1,1,1,-0.005,50.0
EMP002,2026-02-20,7.92,10.98,493.68,0,0.0,0.0,1,1,1,-1.393,50.0
EMP002,2026-02-21,7.92,10.98,493.68,6,0.7444,45.0,2,2,2,-0.854,50.0
EMP002,2026-02-22,7.92,10.98,493.68,0,0.0,0.0,1,1,1,-1.393,50.0
EMP002,2026-02-23,7.92,10.98,493.68,6,0.7885,165.5,2,2,2,0.534,50.0
EMP002,2026-02-24,7.92,10.98,493.68,6,0.7298,161.0,1,1,1,-0.16,50.0
EMP002,2026-02-25,7.92,10.98,493.68,6,0.6918,152.5,1,1,1,-0.082,50.0
EMP002,2026-02-26,7.92,10.98,493.68,6,0.7043,199.5,1,1,1,0.766,50.0
EMP002,2026-02-27,7.92,10.98,493.68,6,0.7092,211.5,1,1,1,0.611,50.0
EMP002,2026-02-28,7.92,10.98,493.68,6,0.7152,82.5,1,1,1,-0.545,50.0
EMP002,2026-03-01,7.92,10.98,493.68,0,0.0,0.0,1,1,1,-1.393,50.0
EMP002,2026-03-02,7.92,10.98,493.68,0,0.0,0.0,2,2,2,-1.393,50.0
EMP002,2026-03-03,7.92,10.98,493.68,6,0.7212,256.5,3,3,3,0.997,50.0
EMP002,2026-03-04,7.92,10.98,493.68,6,0.7234,164.5,1,1,1,0.072,50.0
EMP002,2026-03-05,7.92,10.98,493.68,6,0.6705,176.0,1,1,1,0.843,50.0
EMP002,2026-03-06,7.92,10.98,493.68,6,0.7237,166.5,1,1,1,0.303,50.0
EMP002,2026-03-07,7.92,10.98,493.68,6,0.688,62.5,1,1,1,-0.931,50.0
EMP002,2026-03-08,7.92,10.98,493.68,0,0.0,0.0,1,1,1,-1.393,50.0
EMP002,2026-03-09,7.92,10.98,493.68,6,0.7243,185.0,2,2,2,0.534,50.0
EMP002,2026-03-10,7.92,10.98,493.68,6,0.7413,187.5,1,1,1,1.151,50.0
EMP002,2026-03-11,7.92,10.98,493.68,6,0.7667,180.0,1,1,1,-0.237,50.0
EMP002,2026-03-12,7.92,10.98,493.68,6,0.7934,152.5,1,1,1,0.611,50.0
EMP002,2026-03-13,7.92,10.98,493.68,6,0.735,183.0,1,1,1,0.303,50.0
EMP002,2026-03-14,7.92,10.98,493.68,6,0.712,62.5,1,1,1,-0.776,50.0
EMP002,2026-03-15,7.92,10.98,493.68,0,0.0,0.0,1,1,1,-1.393,50.0
EMP002,2026-03-16,7.92,10.98,493.68,6,0.7338,146.5,2,2,2,0.534,50.0
EMP002,2026-03-17,7.92,10.98,493.68,6,0.6625,160.0,1,1,1,0.38,50.0
EMP002,2026-03-18,7.92,10.98,493.68,6,0.73,168.5,1,1,1,0.766,50.0
EMP002,2026-03-19,7.92,10.98,493.68,5,0.7273,11.0,1,1,1,-1.316,50.0
EMP002,2026-03-20,7.92,10.98,493.68,6,0.7106,193.5,1,1,2,0.843,50.0
EMP002,2026-03-21,7.92,10.98,493.68,6,0.7347,73.5,1,1,1,-0.699,50.0
EMP002,2026-03-22,7.92,10.98,493.68,0,0.0,0.0,1,1,1,-1.393,50.0
EMP002,2026-03-23,7.92,10.98,493.68,6,0.6771,192.0,2,2,2,0.303,50.0
EMP002,2026-03-24,7.92,10.98,493.68,6,0.807,186.5,1,1,1,1.46,50.0
EMP002,2026-03-25,7.92,10.98,493.68,6,0.747,205.5,1,1,1,2.153,50.0
EMP002,2026-03-26,7.92,10.98,493.68,6,0.7407,13.5,1,1,1,-1.162,50.0
EMP002,2026-03-27,7.92,10.98,493.68,6,0.7632,228.0,1,1,1,2.231,50.0
EMP002,2026-03-28,7.92,10.98,493.68,6,0.788,92.0,1,1,1,-0.082,50.0
EMP002,2026-03-29,7.92,10.98,493.68,0,0.0,0.0,1,1,1,-1.393,50.0
EMP002,2026-03-30,7.92,10.98,493.68,6,0.6998,226.5,2,2,2,2.924,50.0
EMP002,2026-03-31,7.92,10.98,493.68,6,0.7253,227.5,1,1,1,2.076,50.0
EMP003,2026-01-01,7.74,9.54,531.54,0,0.0,0.0,1,1,1,-1.304,50.0
EMP003,2026-01-02,7.74,9.54,531.54,6,0.7356,130.5,2,2,2,-0.01,50.0
EMP003,2026-01-03,7.74,9.54,531.54,6,0.7524,52.5,1,1,1,-0.565,50.0
EMP003,2026-01-04,7.74,9.54,531.54,0,0.0,0.0,1,1,1,-1.304,50.0
EMP003,2026-01-05,7.74,9.54,531.54,6,0.6953,116.5,2,2,2,0.729,50.0
EMP003,2026-01-06,7.74,9.54,531.54,6,0.7269,113.5,1,1,1,0.36,50.0
EMP003,2026-01-07,7.74,9.54,531.54,6,0.7326,93.5,1,1,1,-0.01,50.0
EMP003,2026-01-08,7.74,9.54,531.54,6,0.7699,113.0,1,1,1,-0.103,50.0
EMP003,2026-01-09,7.74,9.54,531.54,6,0.7644,104.0,1,1,1,-0.01,50.0
EMP003,2026-01-10,7.74,9.54,531.54,6,0.7848,39.5,1,1,1,-0.657,50.0
EMP003,2026-01-11,7.74,9.54,531.54,0,0.0,0.0,1,1,1,-1.304,50.0
EMP003,2026-01-12,7.74,9.54,531.54,6,0.6483,118.0,2,2,2,0.082,50.0
EMP003,2026-01-13,7.74,9.54,531.54,6,0.7578,111.5,1,1,1,-0.195,50.0
EMP003,2026-01-14,7.74,9.54,531.54,6,0.6731,104.0,1,1,1,0.452,50.0
EMP003,2026-01-15,7.74,9.54,531.54,6,0.7445,113.5,1,1,1,0.267,50.0
EMP003,2026-01-16,7.74,9.54,531.54,6,0.753,123.5,1,1,1,-0.103,50.0
EMP003,2026-01-17,7.74,9.54,531.54,6,0.6907,48.5,1,1,1,-0.842,50.0
EMP003,2026-01-18,7.74,9.54,531.54,0,0.0,0.0,1,1,1,-1.304,50.0
EMP003,2026-01-19,7.74,9.54,531.54,6,0.7124,113.0,2,2,2,0.452,50.0
EMP003,2026-01-20,7.74,9.54,531.54,0,0.0,0.0,1,1,1,-1.304,50.0
EMP003,2026-01-21,7.74,9.54,531.54,6,0.5923,116.5,2,2,2,-0.287,50.0
EMP003,2026-01-22,7.74,9.54,531.54,6,0.7488,107.5,1,1,1,-0.287,50.0
EMP003,2026-01-23,7.74,9.54,531.54,6,0.6814,113.0,1,1,1,0.544,50.0
EMP003,2026-01-24,7.74,9.54,531.54,6,0.7416,44.5,1,1,1,-0.75,50.0
EMP003,2026-01-25,7.74,9.54,531.54,0,0.0,0.0,1,1,1,-1.304,50.0
EMP003,2026-01-26,7.74,9.54,531.54,0,0.0,0.0,2,2,2,-1.304,50.0
EMP003,2026-01-27,7.74,9.54,531.54,4,0.7647,8.5,3,3,3,-1.212,50.0
EMP003,2026-01-28,7.74,9.54,531.54,6,0.7533,113.5,1,4,4,0.267,50.0
EMP003,2026-01-29,7.74,9.54,531.54,6,0.7263,142.5,1,1,1,2.208,50.0
EMP003,2026-01-30,7.74,9.54,531.54,6,0.7048,166.0,1,1,1,1.746,50.0
EMP003,2026-01-31,7.74,9.54,531.54,6,0.7404,52.0,1,1,1,-0.75,50.0
EMP003,2026-02-01,7.74,9.54,531.54,0,0.0,0.0,1,1,1,-1.304,50.0
EMP003,2026-02-02,7.74,9.54,531.54,6,0.6697,165.0,2,2,2,0.267,50.0
EMP003,2026-02-03,7.74,9.54,531.54,6,0.7084,183.5,1,1,1,0.914,50.0
EMP003,2026-02-04,7.74,9.54,531.54,6,0.7431,126.5,1,1,1,0.267,50.0
EMP003,2026-02-05,7.74,9.54,531.54,6,0.7541,122.0,1,1,1,0.082,50.0
EMP003,2026-02-06,7.74,9.54,531.54,6,0.7267,161.0,1,1,1,0.914,50.0
EMP003,2026-02-07,7.74,9.54,531.54,6,0.7273,49.5,1,1,1,-0.472,50.0
EMP003,2026-02-08,7.74,9.54,531.54,0,0.0,0.0,1,1,1,-1.304,50.0
EMP003,2026-02-09,7.74,9.54,531.54,6,0.6535,164.5,2,2,2,0.729,50.0
EMP003,2026-02-10,7.74,9.54,531.54,6,0.7864,154.5,1,1,1,1.006,50.0
EMP003,2026-02-11,7.74,9.54,531.54,6,0.7243,121.5,1,1,1,0.544,50.0
EMP003,2026-02-12,7.74,9.54,531.54,6,0.7323,155.0,1,1,1,0.082,50.0
EMP003,2026-02-13,7.74,9.54,531.54,0,0.0,0.0,1,1,1,-1.304,50.0
EMP003,2026-02-14,7.74,9.54,531.54,6,0.7347,49.0,2,2,2,-0.842,50.0
EMP003,2026-02-15,7.74,9.54,531.54,0,0.0,0.0,1,1,1,-1.304,50.0
EMP003,2026-02-16,7.74,9.54,531.54,6,0.7241,130.5,2,2,2,0.175,50.0
EMP003,2026-02-17,7.74,9.54,531.54,6,0.734,156.0,1,1,1,1.099,50.0
EMP003,2026-02-18,7.74,9.54,531.54,6,0.7529,127.5,1,1,1,0.452,50.0
EMP003,2026-02-19,7.74,9.54,531.54,6,0.6298,144.5,1,1,1,0.544,50.0
EMP003,2026-02-20,7.74,9.54,531.54,6,0.7147,156.0,1,1,1,0.729,50.0
EMP003,2026-02-21,7.74,9.54,531.54,6,0.7257,56.5,1,1,1,-0.472,50.0
EMP003,2026-02-22,7.74,9.54,531.54,0,0.0,0.0,1,1,1,-1.304,50.0
EMP003,2026-02-23,7.74,9.54,531.54,6,0.7807,150.5,2,2,2,0.729,50.0
EMP003,2026-02-24,7.74,9.54,531.54,6,0.7591,151.5,1,1,1,1.191,50.0
EMP003,2026-02-25,7.74,9.54,531.54,6,0.6643,140.0,1,1,1,0.267,50.0
EMP003,2026-02-26,7.74,9.54,531.54,6,0.7273,165.0,1,1,1,1.469,50.0
EMP003,2026-02-27,7.74,9.54,531.54,6,0.7382,179.5,1,1,1,0.267,50.0
EMP003,2026-02-28,7.74,9.54,531.54,6,0.7519,66.5,1,1,1,-0.38,50.0
EMP003,2026-03-01,7.74,9.54,531.54,0,0.0,0.0,1,1,1,-1.304,50.0
EMP003,2026-03-02,7.74,9.54,531.54,0,0.0,0.0,2,2,2,-1.304,50.0
EMP003,2026-03-03,7.74,9.54,531.54,6,0.7399,209.5,3,3,3,1.931,50.0
EMP003,2026-03-04,7.74,9.54,531.54,6,0.6937,142.0,1,1,1,1.191,50.0
EMP003,2026-03-05,7.74,9.54,531.54,6,0.7,140.0,1,1,1,0.544,50.0
EMP003,2026-03-06,7.74,9.54,531.54,6,0.7311,152.5,1,1,1,1.099,50.0
EMP003,2026-03-07,7.74,9.54,531.54,6,0.7521,58.5,1,1,1,-0.472,50.0
EMP003,2026-03-08,7.74,9.54,531.54,0,0.0,0.0,1,1,1,-1.304,50.0
EMP003,2026-03-09,7.74,9.54,531.54,6,0.7857,91.0,2,2,2,-0.195,50.0
EMP003,2026-03-10,7.74,9.54,531.54,6,0.7363,155.5,1,1,1,1.561,50.0
EMP003,2026-03-11,7.74,9.54,531.54,0,0.0,0.0,1,1,1,-1.304,50.0
EMP003,2026-03-12,7.74,9.54,531.54,6,0.7193,142.5,2,2,2,-0.01,50.0
EMP003,2026-03-13,7.74,9.54,531.54,6,0.7527,141.5,1,1,1,0.914,50.0
EMP003,2026-03-14,7.74,9.54,531.54,6,0.7419,46.5,1,1,1,-0.472,50.0
EMP003,2026-03-15,7.74,9.54,531.54,0,0.0,0.0,1,1,1,-1.304,50.0
EMP003,2026-03-16,7.74,9.54,531.54,6,0.7298,124.0,2,2,2,0.36,50.0
EMP003,2026-03-17,7.74,9.54,531.54,6,0.7976,165.5,1,1,1,-0.01,50.0
EMP003,2026-03-18,7.74,9.54,531.54,6,0.7244,141.5,1,1,1,0.914,50.0
EMP003,2026-03-19,7.74,9.54,531.54,6,0.7948,153.5,1,1,1,0.822,50.0
EMP003,2026-03-20,7.74,9.54,531.54,6,0.7355,155.0,1,1,1,-0.195,50.0
EMP003,2026-03-21,7.74,9.54,531.54,6,0.7444,45.0,1,1,1,-0.472,50.0
EMP003,2026-03-22,7.74,9.54,531.54,0,0.0,0.0,1,1,1,-1.304,50.0
EMP003,2026-03-23,7.74,9.54,531.54,6,0.7407,13.5,2,2,2,-1.119,50.0
EMP003,2026-03-24,7.74,9.54,531.54,6,0.6633,150.0,1,1,1,0.175,50.0
EMP003,2026-03-25,7.74,9.54,531.54,6,0.7749,195.5,1,1,1,3.779,50.0
EMP003,2026-03-26,7.74,9.54,531.54,6,0.7865,192.0,1,1,1,1.746,50.0
EMP003,2026-03-27,7.74,9.54,531.54,6,0.7427,85.5,1,1,1,0.36,50.0
EMP003,2026-03-28,7.74,9.54,531.54,6,0.7067,75.0,1,1,1,0.175,50.0
EMP003,2026-03-29,7.74,9.54,531.54,0,0.0,0.0,1,1,1,-1.304,50.0
EMP003,2026-03-30,7.74,9.54,531.54,6,0.787,84.5,2,2,2,0.082,50.0
EMP003,2026-03-31,7.74,9.54,531.54,6,0.6929,184.0,1,1,1,1.191,50.0
EMP004,2026-01-01,5.37,11.63,506.75,0,0.0,0.0,1,1,1,-1.169,0.0
EMP004,2026-01-02,5.37,11.63,506.75,6,0.7529,170.0,2,2,2,0.682,100.0
EMP004,2026-01-03,5.37,11.63,506.75,6,0.7857,84.0,1,1,1,-0.608,100.0
EMP004,2026-01-04,5.37,11.63,506.75,0,0.0,0.0,1,1,1,-1.169,0.0
EMP004,2026-01-05,5.37,11.63,506.75,6,0.733,176.0,2,2,2,0.514,100.0
EMP004,2026-01-06,5.37,11.63,506.75,6,0.7514,173.0,1,1,1,-0.047,100.0
EMP004,2026-01-07,5.37,11.63,506.75,6,0.7111,157.5,1,1,1,-0.272,100.0
EMP004,2026-01-08,5.37,11.63,506.75,6,0.7845,148.5,1,1,1,0.29,100.0
EMP004,2026-01-09,5.37,11.63,506.75,6,0.6979,192.0,1,1,1,0.458,100.0
EMP004,2026-01-10,5.37,11.63,506.75,6,0.7638,63.5,1,1,1,-0.552,0.0
EMP004,2026-01-11,5.37,11.63,506.75,0,0.0,0.0,1,1,1,-1.169,0.0
EMP004,2026-01-12,5.37,11.63,506.75,4,0.6786,14.0,2,2,2,-1.057,0.0
EMP004,2026-01-13,5.37,11.63,506.75,6,0.6618,173.0,1,3,3,0.682,100.0
EMP004,2026-01-14,5.37,11.63,506.75,6,0.794,150.5,1,1,1,0.402,100.0
EMP004,2026-01-15,5.37,11.63,506.75,6,0.7299,174.0,1,1,1,0.402,100.0
EMP004,2026-01-16,5.37,11.63,506.75,6,0.7344,184.5,1,1,1,-0.215,100.0
EMP004,2026-01-17,5.37,11.63,506.75,6,0.7846,65.0,1,1,1,-0.552,100.0
EMP004,2026-01-18,5.37,11.63,506.75,0,0.0,0.0,1,1,1,-1.169,0.0
EMP004,2026-01-19,5.37,11.63,506.75,6,0.6721,184.5,2,2,2,-0.103,100.0
EMP004,2026-01-20,5.37,11.63,506.75,6,0.7098,193.0,1,1,1,0.402,100.0
EMP004,2026-01-21,5.37,11.63,506.75,6,0.6829,164.0,1,1,1,-0.272,100.0
EMP004,2026-01-22,5.37,11.63,506.75,6,0.7434,152.0,1,1,1,0.346,100.0
EMP004,2026-01-23,5.37,11.63,506.75,6,0.7551,171.5,1,1,1,0.346,100.0
EMP004,2026-01-24,5.37,11.63,506.75,6,0.7769,60.5,1,1,1,-0.608,0.0
EMP004,2026-01-25,5.37,11.63,506.75,0,0.0,0.0,1,1,1,-1.169,0.0
EMP004,2026-01-26,5.37,11.63,506.75,0,0.0,0.0,2,2,2,-1.169,0.0
EMP004,2026-01-27,5.37,11.63,506.75,6,0.7671,197.5,3,3,3,-0.159,100.0
EMP004,2026-01-28,5.37,11.63,506.75,6,0.7205,161.0,1,1,1,0.458,100.0
EMP004,2026-01-29,5.37,11.63,506.75,6,0.7288,206.5,1,1,1,1.356,100.0
EMP004,2026-01-30,5.37,11.63,506.75,6,0.7719,217.0,1,1,1,1.019,100.0
EMP004,2026-01-31,5.37,11.63,506.75,6,0.773,70.5,1,1,1,-0.664,0.0
EMP004,2026-02-01,5.37,11.63,506.75,0,0.0,0.0,1,1,1,-1.169,0.0
EMP004,2026-02-02,5.37,11.63,506.75,6,0.6704,223.0,2,2,2,0.458,100.0
EMP004,2026-02-03,5.37,11.63,506.75,6,0.665,206.0,1,1,1,0.795,100.0
EMP004,2026-02-04,5.37,11.63,506.75,6,0.6822,182.5,1,1,1,-0.328,100.0
EMP004,2026-02-05,5.37,11.63,506.75,6,0.7301,163.0,1,1,1,-0.272,100.0
EMP004,2026-02-06,5.37,11.63,506.75,6,0.6966,178.0,1,1,1,-0.272,100.0
EMP004,2026-02-07,5.37,11.63,506.75,6,0.7176,65.5,1,1,1,-0.552,0.0
EMP004,2026-02-08,5.37,11.63,506.75,0,0.0,0.0,1,1,1,-1.169,0.0
EMP004,2026-02-09,5.37,11.63,506.75,6,0.7519,201.5,2,2,2,0.682,100.0
EMP004,2026-02-10,5.37,11.63,506.75,6,0.7795,195.0,1,1,1,0.402,100.0
EMP004,2026-02-11,5.37,11.63,506.75,6,0.741,152.5,1,1,1,0.009,100.0
EMP004,2026-02-12,5.37,11.63,506.75,6,0.7176,131.0,1,1,1,-0.272,100.0
EMP004,2026-02-13,5.37,11.63,506.75,0,0.0,0.0,1,1,1,-1.169,0.0
EMP004,2026-02-14,5.37,11.63,506.75,6,0.6866,67.0,2,2,2,-0.833,0.0
EMP004,2026-02-15,5.37,11.63,506.75,0,0.0,0.0,1,1,1,-1.169,0.0
EMP004,2026-02-16,5.37,11.63,506.75,6,0.6889,180.0,2,2,2,0.233,100.0
EMP004,2026-02-17,5.37,11.63,506.75,6,0.6582,197.5,1,1,1,0.402,100.0
EMP004,2026-02-18,5.37,11.63,506.75,6,0.7213,174.0,1,1,1,0.177,100.0
EMP004,2026-02-19,5.37,11.63,506.75,6,0.6554,162.5,1,1,1,-0.44,0.0
EMP004,2026-02-20,5.37,11.63,506.75,6,0.6841,210.5,1,1,1,0.402,100.0
EMP004,2026-02-21,5.37,11.63,506.75,6,0.6774,62.0,1,1,1,-0.777,0.0
EMP004,2026-02-22,5.37,11.63,506.75,0,0.0,0.0,1,1,1,-1.169,0.0
EMP004,2026-02-23,5.37,11.63,506.75,6,0.7117,192.5,2,2,2,-0.215,0.0
EMP004,2026-02-24,5.37,11.63,506.75,6,0.7236,184.5,1,1,1,0.177,100.0
EMP004,2026-02-25,5.37,11.63,506.75,6,0.7827,156.5,1,1,1,0.29,100.0
EMP004,2026-02-26,5.37,11.63,506.75,5,0.7333,15.0,1,1,1,-1.057,0.0
EMP004,2026-02-27,5.37,11.63,506.75,6,0.7383,214.0,1,1,2,0.795,100.0
EMP004,2026-02-28,5.37,11.63,506.75,6,0.7875,80.0,1,1,1,-0.103,0.0
EMP004,2026-03-01,5.37,11.63,506.75,0,0.0,0.0,1,1,1,-1.169,0.0
EMP004,2026-03-02,5.37,11.63,506.75,0,0.0,0.0,2,2,2,-1.169,0.0
EMP004,2026-03-03,5.37,11.63,506.75,6,0.6483,209.0,3,3,3,0.346,100.0
EMP004,2026-03-04,5.37,11.63,506.75,6,0.768,153.0,1,1,1,-0.328,0.0
EMP004,2026-03-05,5.37,11.63,506.75,6,0.7126,207.0,1,1,1,-0.159,0.0
EMP004,2026-03-06,5.37,11.63,506.75,6,0.771,172.5,1,1,1,0.795,100.0
EMP004,2026-03-07,5.37,11.63,506.75,6,0.7391,57.5,1,1,1,-0.721,0.0
EMP004,2026-03-08,5.37,11.63,506.75,0,0.0,0.0,1,1,1,-1.169,0.0
EMP004,2026-03-09,5.37,11.63,506.75,6,0.7308,169.0,2,2,2,0.514,100.0
EMP004,2026-03-10,5.37,11.63,506.75,6,0.7328,196.5,1,1,1,0.121,0.0
EMP004,2026-03-11,5.37,11.63,506.75,6,0.7766,145.5,1,1,1,-0.047,0.0
EMP004,2026-03-12,5.37,11.63,506.75,6,0.7742,155.0,1,1,1,-0.272,0.0
EMP004,2026-03-13,5.37,11.63,506.75,6,0.6779,163.0,1,1,1,-0.328,0.0
EMP004,2026-03-14,5.37,11.63,506.75,6,0.7007,68.5,1,1,1,-0.777,0.0
EMP004,2026-03-15,5.37,11.63,506.75,0,0.0,0.0,1,1,1,-1.169,0.0
EMP004,2026-03-16,5.37,11.63,506.75,6,0.7126,167.0,2,2,2,-0.328,0.0
EMP004,2026-03-17,5.37,11.63,506.75,6,0.6762,210.0,1,1,1,0.626,100.0
EMP004,2026-03-18,5.37,11.63,506.75,6,0.7536,172.5,1,1,1,0.458,0.0
EMP004,2026-03-19,5.37,11.63,506.75,6,0.8072,166.0,1,1,1,0.121,0.0
EMP004,2026-03-20,5.37,11.63,506.75,6,0.7326,172.0,1,1,1,0.402,0.0
EMP004,2026-03-21,5.37,11.63,506.75,6,0.7286,70.0,1,1,1,-0.721,0.0
EMP004,2026-03-22,5.37,11.63,506.75,0,0.0,0.0,1,1,1,-1.169,0.0
EMP004,2026-03-23,5.37,11.63,506.75,0,0.0,0.0,2,2,2,-1.169,0.0
EMP004,2026-03-24,5.37,11.63,506.75,6,0.7569,181.0,3,3,3,-0.215,0.0
EMP004,2026-03-25,5.37,11.63,506.75,6,0.7198,257.0,1,1,1,2.198,100.0
EMP004,2026-03-26,5.37,11.63,506.75,6,0.7678,189.5,1,1,1,0.738,100.0
EMP004,2026-03-27,5.37,11.63,506.75,6,0.7187,275.5,1,1,1,2.422,100.0
EMP004,2026-03-28,5.37,11.63,506.75,6,0.7746,86.5,1,1,1,-0.103,0.0
EMP004,2026-03-29,5.37,11.63,506.75,0,0.0,0.0,1,1,1,-1.169,0.0
EMP004,2026-03-30,5.37,11.63,506.75,6,0.6862,239.0,2,2,2,1.973,100.0
EMP004,2026-03-31,5.37,11.63,506.75,6,0.7406,266.0,1,1,1,1.468,100.0
EMP005,2026-01-01,7.51,8.74,563.06,0,0.0,0.0,1,1,1,-1.169,0.0
EMP005,2026-01-02,7.51,8.74,563.06,6,0.6703,139.5,2,2,2,-0.384,100.0
EMP005,2026-01-03,7.51,8.74,563.06,6,0.7551,49.0,1,1,1,-0.889,0.0
EMP005,2026-01-04,7.51,8.74,563.06,0,0.0,0.0,1,1,1,-1.169,0.0
EMP005,2026-01-05,7.51,8.74,563.06,6,0.7064,109.0,2,2,2,-0.215,100.0
EMP005,2026-01-06,7.51,8.74,563.06,6,0.7489,115.5,1,1,1,-0.272,100.0
EMP005,2026-01-07,7.51,8.74,563.06,6,0.7393,117.0,1,1,1,-0.384,0.0
EMP005,2026-01-08,7.51,8.74,563.06,6,0.7537,101.5,1,1,1,-0.552,0.0
EMP005,2026-01-09,7.51,8.74,563.06,6,0.797,135.5,1,1,1,0.065,100.0
EMP005,2026-01-10,7.51,8.74,563.06,6,0.7356,43.5,1,1,1,-0.945,0.0
EMP005,2026-01-11,7.51,8.74,563.06,0,0.0,0.0,1,1,1,-1.169,0.0
EMP005,2026-01-12,7.51,8.74,563.06,3,0.8,7.5,2,2,2,-1.169,0.0
EMP005,2026-01-13,7.51,8.74,563.06,6,0.725,120.0,3,3,3,-0.159,100.0
EMP005,2026-01-14,7.51,8.74,563.06,6,0.7895,114.0,1,1,1,-0.047,100.0
EMP005,2026-01-15,7.51,8.74,563.06,6,0.7282,51.5,1,1,1,-0.833,0.0
EMP005,2026-01-16,7.51,8.74,563.06,6,0.6923,136.5,1,1,1,-0.44,0.0
EMP005,2026-01-17,7.51,8.74,563.06,3,0.75,2.0,1,1,1,-1.169,0.0
EMP005,2026-01-18,7.51,8.74,563.06,0,0.0,0.0,2,2,2,-1.169,0.0
EMP005,2026-01-19,7.51,8.74,563.06,6,0.7085,135.5,3,3,3,-0.272,0.0
EMP005,2026-01-20,7.51,8.74,563.06,6,0.7102,157.0,1,1,1,-0.272,0.0
EMP005,2026-01-21,7.51,8.74,563.06,6,0.7765,132.0,1,1,1,-0.047,100.0
EMP005,2026-01-22,7.51,8.74,563.06,6,0.6701,145.5,1,1,1,-0.215,0.0
EMP005,2026-01-23,7.51,8.74,563.06,6,0.7211,147.0,1,1,1,-0.159,100.0
EMP005,2026-01-24,7.51,8.74,563.06,6,0.8049,61.5,1,1,1,-0.721,0.0
EMP005,2026-01-25,7.51,8.74,563.06,0,0.0,0.0,1,1,1,-1.169,0.0
EMP005,2026-01-26,7.51,8.74,563.06,0,0.0,0.0,2,2,2,-1.169,0.0
EMP005,2026-01-27,7.51,8.74,563.06,6,0.6677,162.5,3,3,3,0.402,100.0
EMP005,2026-01-28,7.51,8.74,563.06,6,0.7552,145.0,1,1,1,-0.215,100.0
EMP005,2026-01-29,7.51,8.74,563.06,6,0.688,171.5,1,1,1,0.233,100.0
EMP005,2026-01-30,7.51,8.74,563.06,6,0.7962,186.5,1,1,1,1.636,100.0
EMP005,2026-01-31,7.51,8.74,563.06,6,0.7535,71.0,1,1,1,-0.496,0.0
EMP005,2026-02-01,7.51,8.74,563.06,0,0.0,0.0,1,1,1,-1.169,0.0
EMP005,2026-02-02,7.51,8.74,563.06,0,0.0,0.0,2,2,2,-1.169,0.0
EMP005,2026-02-03,7.51,8.74,563.06,6,0.7033,259.5,3,3,3,1.019,100.0
EMP005,2026-02-04,7.51,8.74,563.06,6,0.6928,146.5,1,1,1,0.177,100.0
EMP005,2026-02-05,7.51,8.74,563.06,6,0.6936,179.5,1,1,1,0.514,100.0
EMP005,2026-02-06,7.51,8.74,563.06,6,0.769,203.5,1,1,1,0.29,100.0
EMP005,2026-02-07,7.51,8.74,563.06,6,0.726,73.0,1,1,1,-0.608,0.0
EMP005,2026-02-08,7.51,8.74,563.06,0,0.0,0.0,1,1,1,-1.169,0.0
EMP005,2026-02-09,7.51,8.74,563.06,0,0.0,0.0,2,2,2,-1.169,0.0
EMP005,2026-02-10,7.51,8.74,563.06,6,0.6858,200.5,3,3,3,0.626,100.0
EMP005,2026-02-11,7.51,8.74,563.06,6,0.7358,185.5,1,1,1,0.402,100.0
EMP005,2026-02-12,7.51,8.74,563.06,6,0.6941,188.0,1,1,1,-0.215,0.0
EMP005,2026-02-13,7.51,8.74,563.06,6,0.6719,190.5,1,1,1,0.795,100.0
EMP005,2026-02-14,7.51,8.74,563.06,6,0.6943,78.5,1,1,1,-0.496,0.0
EMP005,2026-02-15,7.51,8.74,563.06,0,0.0,0.0,1,1,1,-1.169,0.0
EMP005,2026-02-16,7.51,8.74,563.06,6,0.722,205.0,2,2,2,0.009,100.0
EMP005,2026-02-17,7.51,8.74,563.06,6,0.7555,229.0,1,1,1,0.121,100.0
EMP005,2026-02-18,7.51,8.74,563.06,6,0.7653,187.5,1,1,1,0.177,100.0
EMP005,2026-02-19,7.51,8.74,563.06,6,0.7831,189.0,1,1,1,-0.103,100.0
EMP005,2026-02-20,7.51,8.74,563.06,10,0.7019,156.0,1,1,1,1.019,100.0
EMP005,2026-02-21,7.51,8.74,563.06,10,0.6991,56.5,1,1,1,-0.272,0.0
EMP005,2026-02-22,7.51,8.74,563.06,0,0.0,0.0,1,1,1,-1.169,0.0
EMP005,2026-02-23,7.51,8.74,563.06,10,0.7184,158.0,2,2,2,0.907,100.0
EMP005,2026-02-24,7.51,8.74,563.06,10,0.6787,152.5,1,1,1,0.963,100.0
EMP005,2026-02-25,7.51,8.74,563.06,10,0.7051,147.5,1,1,1,1.131,100.0
EMP005,2026-02-26,7.51,8.74,563.06,10,0.7147,166.5,1,1,1,2.141,100.0
EMP005,2026-02-27,7.51,8.74,563.06,10,0.7174,207.0,1,1,1,2.085,100.0
EMP005,2026-02-28,7.51,8.74,563.06,10,0.75,64.0,1,1,1,-0.047,100.0
EMP005,2026-03-01,7.51,8.74,563.06,0,0.0,0.0,1,1,1,-1.169,0.0
EMP005,2026-03-02,7.51,8.74,563.06,0,0.0,0.0,2,2,2,-1.169,0.0
EMP005,2026-03-03,7.51,8.74,563.06,10,0.6726,223.0,3,3,3,2.534,100.0
EMP005,2026-03-04,7.51,8.74,563.06,0,0.0,0.0,1,1,1,-1.169,0.0
EMP005,2026-03-05,7.51,8.74,563.06,10,0.793,157.0,2,2,2,1.692,100.0
EMP005,2026-03-06,7.51,8.74,563.06,10,0.741,166.0,1,1,1,1.3,100.0
EMP005,2026-03-07,7.51,8.74,563.06,10,0.6944,54.0,1,1,1,-0.328,0.0
EMP005,2026-03-08,7.51,8.74,563.06,0,0.0,0.0,1,1,1,-1.169,0.0
EMP005,2026-03-09,7.51,8.74,563.06,10,0.7546,163.0,2,2,2,1.524,100.0
EMP005,2026-03-10,7.51,8.74,563.06,10,0.7601,173.0,1,1,1,1.075,100.0
EMP005,2026-03-11,7.51,8.74,563.06,10,0.7319,69.0,1,1,1,0.233,100.0
EMP005,2026-03-12,7.51,8.74,563.06,10,0.7203,143.0,1,1,1,1.244,100.0
EMP005,2026-03-13,7.51,8.74,563.06,10,0.7391,149.5,1,1,1,1.636,100.0
EMP005,2026-03-14,7.51,8.74,563.06,10,0.7568,55.5,1,1,1,-0.103,100.0
EMP005,2026-03-15,7.51,8.74,563.06,0,0.0,0.0,1,1,1,-1.169,0.0
EMP005,2026-03-16,7.51,8.74,563.06,10,0.7352,143.5,2,2,2,1.636,100.0
EMP005,2026-03-17,7.51,8.74,563.06,10,0.7278,174.5,1,1,1,1.861,100.0
EMP005,2026-03-18,7.51,8.74,563.06,10,0.7711,142.0,1,1,1,0.682,100.0
EMP005,2026-03-19,7.51,8.74,563.06,10,0.7169,136.0,1,1,1,0.626,100.0
EMP005,2026-03-20,7.51,8.74,563.06,10,0.7533,190.5,1,1,1,0.57,100.0
EMP005,2026-03-21,7.51,8.74,563.06,10,0.6636,53.5,1,1,1,-0.384,0.0
EMP005,2026-03-22,7.51,8.74,563.06,0,0.0,0.0,1,1,1,-1.169,0.0
EMP005,2026-03-23,7.51,8.74,563.06,10,0.7671,161.0,2,2,2,0.851,100.0
EMP005,2026-03-24,7.51,8.74,563.06,10,0.7542,179.0,1,1,1,1.075,100.0
EMP005,2026-03-25,7.51,8.74,563.06,10,0.7714,216.5,1,1,1,3.208,100.0
EMP005,2026-03-26,7.51,8.74,563.06,9,0.7619,10.5,1,1,1,-0.945,0.0
EMP005,2026-03-27,7.51,8.74,563.06,10,0.6909,247.5,1,1,1,2.815,100.0
EMP005,2026-03-28,7.51,8.74,563.06,10,0.8012,83.0,1,1,1,1.075,100.0
EMP005,2026-03-29,7.51,8.74,563.06,0,0.0,0.0,1,1,1,-1.169,0.0
EMP005,2026-03-30,7.51,8.74,563.06,10,0.7921,216.5,2,2,2,2.871,100.0
EMP005,2026-03-31,7.51,8.74,563.06,10,0.7542,240.0,1,1,1,3.264,100.0
EMP006,2026-01-01,6.79,8.87,527.13,0,0.0,0.0,1,1,1,-1.347,50.0
EMP006,2026-01-02,6.79,8.87,527.13,6,0.7611,247.0,2,2,2,0.588,50.0
EMP006,2026-01-03,6.79,8.87,527.13,6,0.761,79.5,1,1,1,-0.65,50.0
EMP006,2026-01-04,6.79,8.87,527.13,0,0.0,0.0,1,1,1,-1.347,50.0
EMP006,2026-01-05,6.79,8.87,527.13,0,0.0,0.0,2,2,2,-1.347,50.0
EMP006,2026-01-06,6.79,8.87,527.13,6,0.763,173.0,3,3,3,0.279,50.0
EMP006,2026-01-07,6.79,8.87,527.13,6,0.7072,172.5,1,1,1,0.046,50.0
EMP006,2026-01-08,6.79,8.87,527.13,6,0.7187,195.5,1,1,1,1.053,50.0
EMP006,2026-01-09,6.79,8.87,527.13,6,0.7228,202.0,1,1,1,0.743,50.0
EMP006,2026-01-10,6.79,8.87,527.13,6,0.7358,26.5,1,1,1,-1.115,50.0
EMP006,2026-01-11,6.79,8.87,527.13,0,0.0,0.0,1,1,1,-1.347,50.0
EMP006,2026-01-12,6.79,8.87,527.13,6,0.7157,149.5,2,2,2,-0.031,50.0
EMP006,2026-01-13,6.79,8.87,527.13,5,0.7037,13.5,1,1,1,-1.269,50.0
EMP006,2026-01-14,6.79,8.87,527.13,6,0.7388,145.5,1,1,2,-0.186,50.0
EMP006,2026-01-15,6.79,8.87,527.13,6,0.7373,158.0,1,1,1,0.046,50.0
EMP006,2026-01-16,6.79,8.87,527.13,6,0.6856,176.5,1,1,1,1.053,50.0
EMP006,2026-01-17,6.79,8.87,527.13,6,0.7279,73.5,1,1,1,-0.418,50.0
EMP006,2026-01-18,6.79,8.87,527.13,0,0.0,0.0,1,1,1,-1.347,50.0
EMP006,2026-01-19,6.79,8.87,527.13,6,0.6335,161.0,2,2,2,0.743,50.0
EMP006,2026-01-20,6.79,8.87,527.13,6,0.7326,194.5,1,1,1,1.053,50.0
EMP006,2026-01-21,6.79,8.87,527.13,0,0.0,0.0,1,1,1,-1.347,50.0
EMP006,2026-01-22,6.79,8.87,527.13,6,0.6869,164.5,2,2,2,0.433,50.0
EMP006,2026-01-23,6.79,8.87,527.13,6,0.7191,178.0,1,1,1,1.053,50.0
EMP006,2026-01-24,6.79,8.87,527.13,6,0.7419,62.0,1,1,1,-0.96,50.0
EMP006,2026-01-25,6.79,8.87,527.13,0,0.0,0.0,1,1,1,-1.347,50.0
EMP006,2026-01-26,6.79,8.87,527.13,0,0.0,0.0,2,2,2,-1.347,50.0
EMP006,2026-01-27,6.79,8.87,527.13,6,0.7043,172.5,3,3,3,0.124,50.0
EMP006,2026-01-28,6.79,8.87,527.13,6,0.6834,159.5,1,1,1,0.201,50.0
EMP006,2026-01-29,6.79,8.87,527.13,6,0.7157,207.5,1,1,1,2.368,50.0
EMP006,2026-01-30,6.79,8.87,527.13,6,0.8034,208.5,1,1,1,1.13,50.0
EMP006,2026-01-31,6.79,8.87,527.13,6,0.6974,76.0,1,1,1,-0.805,50.0
EMP006,2026-02-01,6.79,8.87,527.13,0,0.0,0.0,1,1,1,-1.347,50.0
EMP006,2026-02-02,6.79,8.87,527.13,6,0.7327,209.5,2,2,2,0.588,50.0
EMP006,2026-02-03,6.79,8.87,527.13,6,0.7601,223.0,1,1,1,1.517,50.0
EMP006,2026-02-04,6.79,8.87,527.13,6,0.7168,173.0,1,1,1,-0.263,50.0
EMP006,2026-02-05,6.79,8.87,527.13,6,0.7219,160.0,1,1,1,0.356,50.0
EMP006,2026-02-06,6.79,8.87,527.13,6,0.7288,177.0,1,1,1,1.207,50.0
EMP006,2026-02-07,6.79,8.87,527.13,6,0.6712,73.0,1,1,1,-0.805,50.0
EMP006,2026-02-08,6.79,8.87,527.13,0,0.0,0.0,1,1,1,-1.347,50.0
EMP006,2026-02-09,6.79,8.87,527.13,6,0.7218,181.5,2,2,2,0.201,50.0
EMP006,2026-02-10,6.79,8.87,527.13,5,0.6667,10.5,1,1,1,-1.269,50.0
EMP006,2026-02-11,6.79,8.87,527.13,6,0.7003,168.5,1,1,2,0.975,50.0
EMP006,2026-02-12,6.79,8.87,527.13,6,0.7425,167.0,1,1,1,0.898,50.0
EMP006,2026-02-13,6.79,8.87,527.13,6,0.7608,173.5,1,1,1,0.82,50.0
EMP006,2026-02-14,6.79,8.87,527.13,6,0.7333,60.0,1,1,1,-0.882,50.0
EMP006,2026-02-15,6.79,8.87,527.13,0,0.0,0.0,1,1,1,-1.347,50.0
EMP006,2026-02-16,6.79,8.87,527.13,6,0.7316,177.0,2,2,2,0.124,50.0
EMP006,2026-02-17,6.79,8.87,527.13,6,0.7204,211.0,1,1,1,0.511,50.0
EMP006,2026-02-18,6.79,8.87,527.13,6,0.6824,170.0,1,1,1,0.433,50.0
EMP006,2026-02-19,6.79,8.87,527.13,6,0.7479,174.5,1,1,1,0.279,50.0
EMP006,2026-02-20,6.79,8.87,527.13,6,0.7445,205.5,1,1,1,0.898,50.0
EMP006,2026-02-21,6.79,8.87,527.13,6,0.7402,63.5,1,1,1,-0.65,50.0
EMP006,2026-02-22,6.79,8.87,527.13,0,0.0,0.0,1,1,1,-1.347,50.0
EMP006,2026-02-23,6.79,8.87,527.13,6,0.7467,189.5,2,2,2,0.743,50.0
EMP006,2026-02-24,6.79,8.87,527.13,6,0.7449,170.5,1,1,1,0.82,50.0
EMP006,2026-02-25,6.79,8.87,527.13,6,0.7576,132.0,1,1,1,0.588,50.0
EMP006,2026-02-26,6.79,8.87,527.13,6,0.7236,222.5,1,1,1,1.672,50.0
EMP006,2026-02-27,6.79,8.87,527.13,6,0.6905,210.0,1,1,1,1.053,50.0
EMP006,2026-02-28,6.79,8.87,527.13,6,0.7167,90.0,1,1,1,0.046,50.0
EMP006,2026-03-01,6.79,8.87,527.13,0,0.0,0.0,1,1,1,-1.347,50.0
EMP006,2026-03-02,6.79,8.87,527.13,0,0.0,0.0,2,2,2,-1.347,50.0
EMP006,2026-03-03,6.79,8.87,527.13,6,0.6933,225.0,3,3,3,0.356,50.0
EMP006,2026-03-04,6.79,8.87,527.13,6,0.7521,179.5,1,1,1,0.898,50.0
EMP006,2026-03-05,6.79,8.87,527.13,6,0.7515,171.0,1,1,1,0.82,50.0
EMP006,2026-03-06,6.79,8.87,527.13,6,0.7577,113.5,1,1,1,-0.418,50.0
EMP006,2026-03-07,6.79,8.87,527.13,6,0.6972,71.0,1,1,1,-0.65,50.0
EMP006,2026-03-08,6.79,8.87,527.13,0,0.0,0.0,1,1,1,-1.347,50.0
EMP006,2026-03-09,6.79,8.87,527.13,6,0.7046,162.5,2,2,2,0.046,50.0
EMP006,2026-03-10,6.79,8.87,527.13,6,0.7971,175.0,1,1,1,0.666,50.0
EMP006,2026-03-11,6.79,8.87,527.13,6,0.6918,152.5,1,1,1,-0.263,50.0
EMP006,2026-03-12,6.79,8.87,527.13,6,0.7666,173.5,1,1,1,0.511,50.0
EMP006,2026-03-13,6.79,8.87,527.13,6,0.6963,174.5,1,1,1,0.743,50.0
EMP006,2026-03-14,6.79,8.87,527.13,6,0.7222,63.0,1,1,1,-0.882,50.0
EMP006,2026-03-15,6.79,8.87,527.13,0,0.0,0.0,1,1,1,-1.347,50.0
EMP006,2026-03-16,6.79,8.87,527.13,6,0.7464,173.5,2,2,2,0.588,50.0
EMP006,2026-03-17,6.79,8.87,527.13,6,0.7286,70.0,1,1,1,-0.728,50.0
EMP006,2026-03-18,6.79,8.87,527.13,6,0.7285,151.0,1,1,1,0.046,50.0
EMP006,2026-03-19,6.79,8.87,527.13,6,0.7486,181.0,1,1,1,0.433,50.0
EMP006,2026-03-20,6.79,8.87,527.13,0,0.0,0.0,1,1,1,-1.347,50.0
EMP006,2026-03-21,6.79,8.87,527.13,6,0.6746,63.0,2,2,2,-0.728,50.0
EMP006,2026-03-22,6.79,8.87,527.13,0,0.0,0.0,1,1,1,-1.347,50.0
EMP006,2026-03-23,6.79,8.87,527.13,6,0.6944,180.0,2,2,2,0.201,50.0
EMP006,2026-03-24,6.79,8.87,527.13,6,0.7804,168.5,1,1,1,0.743,50.0
EMP006,2026-03-25,6.79,8.87,527.13,6,0.7258,222.5,1,1,1,2.214,50.0
EMP006,2026-03-26,6.79,8.87,527.13,6,0.7771,235.5,1,1,1,1.594,50.0
EMP006,2026-03-27,6.79,8.87,527.13,6,0.7213,283.5,1,1,1,1.904,50.0
EMP006,2026-03-28,6.79,8.87,527.13,6,0.7396,84.5,1,1,1,-0.186,50.0
EMP006,2026-03-29,6.79,8.87,527.13,0,0.0,0.0,1,1,1,-1.347,50.0
EMP006,2026-03-30,6.79,8.87,527.13,6,0.7301,207.5,2,2,2,1.285,50.0
EMP006,2026-03-31,6.79,8.87,527.13,6,0.7414,232.0,1,1,1,1.053,50.0
EMP007,2026-01-01,5.18,7.74,599.01,0,0.0,0.0,1,1,1,-1.377,50.0
EMP007,2026-01-02,5.18,7.74,599.01,6,0.755,249.0,2,2,2,0.314,50.0
EMP007,2026-01-03,5.18,7.74,599.01,6,0.6944,90.0,1,1,1,-0.688,50.0
EMP007,2026-01-04,5.18,7.74,599.01,0,0.0,0.0,1,1,1,-1.377,50.0
EMP007,2026-01-05,5.18,7.74,599.01,6,0.7642,184.5,2,2,2,0.627,50.0
EMP007,2026-01-06,5.18,7.74,599.01,6,0.7009,214.0,1,1,1,0.502,50.0
EMP007,2026-01-07,5.18,7.74,599.01,6,0.6946,185.0,1,1,1,0.188,50.0
EMP007,2026-01-08,5.18,7.74,599.01,6,0.6914,202.5,1,1,1,0.815,50.0
EMP007,2026-01-09,5.18,7.74,599.01,6,0.6858,218.0,1,1,1,0.314,50.0
EMP007,2026-01-10,5.18,7.74,599.01,6,0.7044,79.5,1,1,1,-0.563,50.0
EMP007,2026-01-11,5.18,7.74,599.01,0,0.0,0.0,1,1,1,-1.377,50.0
EMP007,2026-01-12,5.18,7.74,599.01,6,0.7351,192.5,2,2,2,0.877,50.0
EMP007,2026-01-13,5.18,7.74,599.01,6,0.7843,222.5,1,1,1,1.003,50.0
EMP007,2026-01-14,5.18,7.74,599.01,6,0.6921,177.0,1,1,1,-0.187,50.0
EMP007,2026-01-15,5.18,7.74,599.01,6,0.7326,172.0,1,1,1,0.314,50.0
EMP007,2026-01-16,5.18,7.74,599.01,6,0.7472,178.0,1,1,1,0.001,50.0
EMP007,2026-01-17,5.18,7.74,599.01,6,0.6842,76.0,1,1,1,-0.688,50.0
EMP007,2026-01-18,5.18,7.74,599.01,0,0.0,0.0,1,1,1,-1.377,50.0
EMP007,2026-01-19,5.18,7.74,599.01,6,0.6466,199.5,2,2,2,0.439,50.0
EMP007,2026-01-20,5.18,7.74,599.01,6,0.6876,214.5,1,1,1,0.063,50.0
EMP007,2026-01-21,5.18,7.74,599.01,6,0.7686,194.5,1,1,1,0.188,50.0
EMP007,2026-01-22,5.18,7.74,599.01,6,0.6775,200.0,1,1,1,-0.25,50.0
EMP007,2026-01-23,5.18,7.74,599.01,6,0.724,221.0,1,1,1,0.627,50.0
EMP007,2026-01-24,5.18,7.74,599.01,6,0.7153,72.0,1,1,1,-0.563,50.0
EMP007,2026-01-25,5.18,7.74,599.01,0,0.0,0.0,1,1,1,-1.377,50.0
EMP007,2026-01-26,5.18,7.74,599.01,0,0.0,0.0,2,2,2,-1.377,50.0
EMP007,2026-01-27,5.18,7.74,599.01,6,0.7007,200.5,3,3,3,0.815,50.0
EMP007,2026-01-28,5.18,7.74,599.01,6,0.7198,182.0,1,1,1,0.188,50.0
EMP007,2026-01-29,5.18,7.74,599.01,6,0.7275,238.5,1,1,1,2.255,50.0
EMP007,2026-01-30,5.18,7.74,599.01,6,0.7607,140.0,1,1,1,0.251,50.0
EMP007,2026-01-31,5.18,7.74,599.01,6,0.7253,91.0,1,1,1,-0.5,50.0
EMP007,2026-02-01,5.18,7.74,599.01,0,0.0,0.0,1,1,1,-1.377,50.0
EMP007,2026-02-02,5.18,7.74,599.01,6,0.7454,245.5,2,2,2,1.065,50.0
EMP007,2026-02-03,5.18,7.74,599.01,6,0.7216,233.5,1,1,1,1.566,50.0
EMP007,2026-02-04,5.18,7.74,599.01,6,0.7103,195.0,1,1,1,0.126,50.0
EMP007,2026-02-05,5.18,7.74,599.01,6,0.7407,216.0,1,1,1,0.627,50.0
EMP007,2026-02-06,5.18,7.74,599.01,6,0.7713,223.0,1,1,1,0.877,50.0
EMP007,2026-02-07,5.18,7.74,599.01,6,0.6309,74.5,1,1,1,-0.813,50.0
EMP007,2026-02-08,5.18,7.74,599.01,0,0.0,0.0,1,1,1,-1.377,50.0
EMP007,2026-02-09,5.18,7.74,599.01,6,0.6995,96.5,2,2,2,-0.375,50.0
EMP007,2026-02-10,5.18,7.74,599.01,6,0.6377,201.5,1,1,1,1.253,50.0
EMP007,2026-02-11,5.18,7.74,599.01,6,0.7378,185.0,1,1,1,0.063,50.0
EMP007,2026-02-12,5.18,7.74,599.01,6,0.7293,175.5,1,1,1,-0.125,50.0
EMP007,2026-02-13,5.18,7.74,599.01,6,0.7034,204.0,1,1,1,-0.25,50.0
EMP007,2026-02-14,5.18,7.74,599.01,6,0.7342,79.0,1,1,1,-0.751,50.0
EMP007,2026-02-15,5.18,7.74,599.01,0,0.0,0.0,1,1,1,-1.377,50.0
EMP007,2026-02-16,5.18,7.74,599.01,6,0.7097,201.5,2,2,2,0.752,50.0
EMP007,2026-02-17,5.18,7.74,599.01,6,0.7162,218.5,1,1,1,0.063,50.0
EMP007,2026-02-18,5.18,7.74,599.01,6,0.6952,187.0,1,1,1,0.564,50.0
EMP007,2026-02-19,5.18,7.74,599.01,6,0.7393,174.5,1,1,1,0.188,50.0
EMP007,2026-02-20,5.18,7.74,599.01,6,0.7629,213.0,1,1,1,0.251,50.0
EMP007,2026-02-21,5.18,7.74,599.01,3,0.7143,3.5,1,1,1,-1.377,50.0
EMP007,2026-02-22,5.18,7.74,599.01,0,0.0,0.0,2,2,2,-1.377,50.0
EMP007,2026-02-23,5.18,7.74,599.01,6,0.7068,199.5,3,3,3,0.564,50.0
EMP007,2026-02-24,5.18,7.74,599.01,6,0.7112,232.0,1,1,1,0.689,50.0
EMP007,2026-02-25,5.18,7.74,599.01,6,0.7611,169.5,1,1,1,-0.062,50.0
EMP007,2026-02-26,5.18,7.74,599.01,6,0.7559,231.5,1,1,1,0.94,50.0
EMP007,2026-02-27,5.18,7.74,599.01,6,0.751,126.5,1,1,1,0.001,50.0
EMP007,2026-02-28,5.18,7.74,599.01,6,0.7268,91.5,1,1,1,-0.125,50.0
EMP007,2026-03-01,5.18,7.74,599.01,0,0.0,0.0,1,1,1,-1.377,50.0
EMP007,2026-03-02,5.18,7.74,599.01,0,0.0,0.0,2,2,2,-1.377,50.0
EMP007,2026-03-03,5.18,7.74,599.01,6,0.6965,240.5,3,3,3,1.003,50.0
EMP007,2026-03-04,5.18,7.74,599.01,6,0.7328,196.5,1,1,1,0.376,50.0
EMP007,2026-03-05,5.18,7.74,599.01,6,0.7713,188.0,1,1,1,0.94,50.0
EMP007,2026-03-06,5.18,7.74,599.01,6,0.6886,167.0,1,1,1,-0.125,50.0
EMP007,2026-03-07,5.18,7.74,599.01,6,0.6532,62.0,1,1,1,-0.876,50.0
EMP007,2026-03-08,5.18,7.74,599.01,0,0.0,0.0,1,1,1,-1.377,50.0
EMP007,2026-03-09,5.18,7.74,599.01,6,0.7914,187.0,2,2,2,-0.062,50.0
EMP007,2026-03-10,5.18,7.74,599.01,6,0.7024,228.5,1,1,1,0.188,50.0
EMP007,2026-03-11,5.18,7.74,599.01,6,0.7943,192.0,1,1,1,0.251,50.0
EMP007,2026-03-12,5.18,7.74,599.01,6,0.7308,13.0,1,1,1,-1.252,50.0
EMP007,2026-03-13,5.18,7.74,599.01,6,0.6933,200.5,1,1,1,0.126,50.0
EMP007,2026-03-14,5.18,7.74,599.01,6,0.6993,71.5,1,1,1,-0.751,50.0
EMP007,2026-03-15,5.18,7.74,599.01,0,0.0,0.0,1,1,1,-1.377,50.0
EMP007,2026-03-16,5.18,7.74,599.01,6,0.7494,221.5,2,2,2,0.627,50.0
EMP007,2026-03-17,5.18,7.74,599.01,6,0.6979,213.5,1,1,1,0.314,50.0
EMP007,2026-03-18,5.18,7.74,599.01,6,0.716,213.0,1,1,1,0.564,50.0
EMP007,2026-03-19,5.18,7.74,599.01,0,0.0,0.0,1,1,1,-1.377,50.0
EMP007,2026-03-20,5.18,7.74,599.01,6,0.7442,172.0,2,2,2,-0.25,50.0
EMP007,2026-03-21,5.18,7.74,599.01,6,0.6957,69.0,1,1,1,-0.813,50.0
EMP007,2026-03-22,5.18,7.74,599.01,0,0.0,0.0,1,1,1,-1.377,50.0
EMP007,2026-03-23,5.18,7.74,599.01,6,0.7766,183.5,2,2,2,1.065,50.0
EMP007,2026-03-24,5.18,7.74,599.01,6,0.7361,225.5,1,1,1,0.564,50.0
EMP007,2026-03-25,5.18,7.74,599.01,6,0.6896,269.0,1,1,1,0.689,50.0
EMP007,2026-03-26,5.18,7.74,599.01,6,0.7353,272.0,1,1,1,2.13,50.0
EMP007,2026-03-27,5.18,7.74,599.01,6,0.7325,293.5,1,1,1,3.82,50.0
EMP007,2026-03-28,5.18,7.74,599.01,6,0.7277,106.5,1,1,1,-0.312,50.0
EMP007,2026-03-29,5.18,7.74,599.01,0,0.0,0.0,1,1,1,-1.377,50.0
EMP007,2026-03-30,5.18,7.74,599.01,6,0.7289,278.5,2,2,2,2.255,50.0
EMP007,2026-03-31,5.18,7.74,599.01,6,0.7366,279.0,1,1,1,0.877,50.0
EMP008,2026-01-01,8.76,10.06,501.1,0,0.0,0.0,1,1,1,-1.28,50.0
EMP008,2026-01-02,8.76,10.06,501.1,6,0.7537,203.0,2,2,2,0.03,50.0
EMP008,2026-01-03,8.76,10.06,501.1,6,0.7871,77.5,1,1,1,-0.334,50.0
EMP008,2026-01-04,8.76,10.06,501.1,0,0.0,0.0,1,1,1,-1.28,50.0
EMP008,2026-01-05,8.76,10.06,501.1,6,0.7262,162.5,2,2,2,0.03,50.0
EMP008,2026-01-06,8.76,10.06,501.1,6,0.7146,198.0,1,1,1,0.758,50.0
EMP008,2026-01-07,8.76,10.06,501.1,6,0.7275,167.0,1,1,1,-0.043,50.0
EMP008,2026-01-08,8.76,10.06,501.1,6,0.7295,140.5,1,1,1,0.03,50.0
EMP008,2026-01-09,8.76,10.06,501.1,6,0.6681,113.0,1,1,1,-0.261,50.0
EMP008,2026-01-10,8.76,10.06,501.1,3,0.7,5.0,1,1,1,-1.28,50.0
EMP008,2026-01-11,8.76,10.06,501.1,0,0.0,0.0,2,2,2,-1.28,50.0
EMP008,2026-01-12,8.76,10.06,501.1,0,0.0,0.0,3,3,3,-1.28,50.0
EMP008,2026-01-13,8.76,10.06,501.1,6,0.706,199.0,4,4,4,0.103,50.0
EMP008,2026-01-14,8.76,10.06,501.1,4,0.7143,10.5,1,1,1,-1.207,50.0
EMP008,2026-01-15,8.76,10.06,501.1,6,0.7147,156.0,1,2,2,-0.261,50.0
EMP008,2026-01-16,8.76,10.06,501.1,6,0.8005,205.5,1,1,1,0.903,50.0
EMP008,2026-01-17,8.76,10.06,501.1,6,0.7297,55.5,1,1,1,-0.407,50.0
EMP008,2026-01-18,8.76,10.06,501.1,0,0.0,0.0,1,1,1,-1.28,50.0
EMP008,2026-01-19,8.76,10.06,501.1,6,0.6667,142.5,2,2,2,0.248,50.0
EMP008,2026-01-20,8.76,10.06,501.1,6,0.6708,202.0,1,1,1,0.394,50.0
EMP008,2026-01-21,8.76,10.06,501.1,6,0.7784,171.5,1,1,1,0.394,50.0
EMP008,2026-01-22,8.76,10.06,501.1,6,0.7181,113.5,1,1,1,0.321,50.0
EMP008,2026-01-23,8.76,10.06,501.1,0,0.0,0.0,1,1,1,-1.28,50.0
EMP008,2026-01-24,8.76,10.06,501.1,6,0.7519,64.5,2,2,2,-0.844,50.0
EMP008,2026-01-25,8.76,10.06,501.1,0,0.0,0.0,1,1,1,-1.28,50.0
EMP008,2026-01-26,8.76,10.06,501.1,0,0.0,0.0,2,2,2,-1.28,50.0
EMP008,2026-01-27,8.76,10.06,501.1,6,0.6878,213.0,3,3,3,-0.043,50.0
EMP008,2026-01-28,8.76,10.06,501.1,6,0.7593,162.0,1,1,1,-0.043,50.0
EMP008,2026-01-29,8.76,10.06,501.1,6,0.7279,204.0,1,1,1,1.049,50.0
EMP008,2026-01-30,8.76,10.06,501.1,6,0.6918,225.5,1,1,1,1.34,50.0
EMP008,2026-01-31,8.76,10.06,501.1,6,0.7083,72.0,1,1,1,-0.771,50.0
EMP008,2026-02-01,8.76,10.06,501.1,0,0.0,0.0,1,1,1,-1.28,50.0
EMP008,2026-02-02,8.76,10.06,501.1,6,0.79,231.0,2,2,2,1.267,50.0
EMP008,2026-02-03,8.76,10.06,501.1,6,0.719,242.0,1,1,1,1.122,50.0
EMP008,2026-02-04,8.76,10.06,501.1,6,0.7673,159.0,1,1,1,-0.116,50.0
EMP008,2026-02-05,8.76,10.06,501.1,6,0.7424,165.0,1,1,1,1.049,50.0
EMP008,2026-02-06,8.76,10.06,501.1,6,0.775,180.0,1,1,1,0.467,50.0
EMP008,2026-02-07,8.76,10.06,501.1,6,0.7131,61.0,1,1,1,-0.844,50.0
EMP008,2026-02-08,8.76,10.06,501.1,0,0.0,0.0,1,1,1,-1.28,50.0
EMP008,2026-02-09,8.76,10.06,501.1,6,0.7092,153.0,2,2,2,0.612,50.0
EMP008,2026-02-10,8.76,10.06,501.1,6,0.7434,189.0,1,1,1,0.248,50.0
EMP008,2026-02-11,8.76,10.06,501.1,6,0.7117,163.0,1,1,1,0.612,50.0
EMP008,2026-02-12,8.76,10.06,501.1,6,0.7148,152.5,1,1,1,-0.189,50.0
EMP008,2026-02-13,8.76,10.06,501.1,6,0.705,169.5,1,1,1,0.612,50.0
EMP008,2026-02-14,8.76,10.06,501.1,6,0.728,62.5,1,1,1,-0.625,50.0
EMP008,2026-02-15,8.76,10.06,501.1,0,0.0,0.0,1,1,1,-1.28,50.0
EMP008,2026-02-16,8.76,10.06,501.1,6,0.6602,181.0,2,2,2,1.194,50.0
EMP008,2026-02-17,8.76,10.06,501.1,6,0.7521,177.5,1,1,1,0.03,50.0
EMP008,2026-02-18,8.76,10.06,501.1,6,0.7343,175.0,1,1,1,0.394,50.0
EMP008,2026-02-19,8.76,10.06,501.1,6,0.7324,170.0,1,1,1,-0.116,50.0
EMP008,2026-02-20,8.76,10.06,501.1,6,0.7507,186.5,1,1,1,0.612,50.0
EMP008,2026-02-21,8.76,10.06,501.1,6,0.7101,69.0,1,1,1,-0.698,50.0
EMP008,2026-02-22,8.76,10.06,501.1,0,0.0,0.0,1,1,1,-1.28,50.0
EMP008,2026-02-23,8.76,10.06,501.1,6,0.7493,183.5,2,2,2,0.175,50.0
EMP008,2026-02-24,8.76,10.06,501.1,6,0.6675,194.0,1,1,1,1.049,50.0
EMP008,2026-02-25,8.76,10.06,501.1,6,0.7339,193.5,1,1,1,0.394,50.0
EMP008,2026-02-26,8.76,10.06,501.1,6,0.6125,200.0,1,1,1,0.467,50.0
EMP008,2026-02-27,8.76,10.06,501.1,6,0.7383,193.0,1,1,1,1.558,50.0
EMP008,2026-02-28,8.76,10.06,501.1,6,0.7351,75.5,1,1,1,0.103,50.0
EMP008,2026-03-01,8.76,10.06,501.1,0,0.0,0.0,1,1,1,-1.28,50.0
EMP008,2026-03-02,8.76,10.06,501.1,0,0.0,0.0,2,2,2,-1.28,50.0
EMP008,2026-03-03,8.76,10.06,501.1,6,0.7523,266.5,3,3,3,1.922,50.0
EMP008,2026-03-04,8.76,10.06,501.1,6,0.7434,171.5,1,1,1,-0.116,50.0
EMP008,2026-03-05,8.76,10.06,501.1,6,0.7294,170.0,1,1,1,1.122,50.0
EMP008,2026-03-06,8.76,10.06,501.1,6,0.6856,176.5,1,1,1,0.03,50.0
EMP008,2026-03-07,8.76,10.06,501.1,6,0.7333,60.0,1,1,1,-0.844,50.0
EMP008,2026-03-08,8.76,10.06,501.1,0,0.0,0.0,1,1,1,-1.28,50.0
EMP008,2026-03-09,8.76,10.06,501.1,6,0.7983,178.5,2,2,2,0.83,50.0
EMP008,2026-03-10,8.76,10.06,501.1,6,0.7147,184.0,1,1,1,-0.043,50.0
EMP008,2026-03-11,8.76,10.06,501.1,6,0.6973,147.0,1,1,1,0.248,50.0
EMP008,2026-03-12,8.76,10.06,501.1,6,0.7483,147.0,1,1,1,0.248,50.0
EMP008,2026-03-13,8.76,10.06,501.1,6,0.7834,157.0,1,1,1,0.175,50.0
EMP008,2026-03-14,8.76,10.06,501.1,6,0.705,69.5,1,1,1,-0.771,50.0
EMP008,2026-03-15,8.76,10.06,501.1,0,0.0,0.0,1,1,1,-1.28,50.0
EMP008,2026-03-16,8.76,10.06,501.1,6,0.7197,144.5,2,2,2,-0.116,50.0
EMP008,2026-03-17,8.76,10.06,501.1,0,0.0,0.0,1,1,1,-1.28,50.0
EMP008,2026-03-18,8.76,10.06,501.1,6,0.7023,154.5,2,2,2,0.539,50.0
EMP008,2026-03-19,8.76,10.06,501.1,6,0.7349,173.5,1,1,1,1.049,50.0
EMP008,2026-03-20,8.76,10.06,501.1,6,0.7541,183.0,1,1,1,-0.116,50.0
EMP008,2026-03-21,8.76,10.06,501.1,6,0.6615,65.0,1,1,1,-0.844,50.0
EMP008,2026-03-22,8.76,10.06,501.1,0,0.0,0.0,1,1,1,-1.28,50.0
EMP008,2026-03-23,8.76,10.06,501.1,6,0.7381,168.0,2,2,2,0.467,50.0
EMP008,2026-03-24,8.76,10.06,501.1,6,0.6714,176.5,1,1,1,0.248,50.0
EMP008,2026-03-25,8.76,10.06,501.1,6,0.7358,202.5,1,1,1,1.922,50.0
EMP008,2026-03-26,8.76,10.06,501.1,6,0.7459,277.5,1,1,1,3.159,50.0
EMP008,2026-03-27,8.76,10.06,501.1,6,0.7808,260.0,1,1,1,1.777,50.0
EMP008,2026-03-28,8.76,10.06,501.1,6,0.7204,93.0,1,1,1,-0.48,50.0
EMP008,2026-03-29,8.76,10.06,501.1,0,0.0,0.0,1,1,1,-1.28,50.0
EMP008,2026-03-30,8.76,10.06,501.1,6,0.7273,231.0,2,2,2,2.286,50.0
EMP008,2026-03-31,8.76,10.06,501.1,6,0.7632,247.0,1,1,1,2.14,50.0
EMP009,2026-01-01,7.34,10.32,481.61,0,0.0,0.0,1,1,1,-1.238,50.0
EMP009,2026-01-02,7.34,10.32,481.61,6,0.7526,95.0,2,2,2,-0.083,50.0
EMP009,2026-01-03,7.34,10.32,481.61,6,0.7634,65.5,1,1,1,-0.616,50.0
EMP009,2026-01-04,7.34,10.32,481.61,0,0.0,0.0,1,1,1,-1.238,50.0
EMP009,2026-01-05,7.34,10.32,481.61,6,0.7846,130.0,2,2,2,0.628,50.0
EMP009,2026-01-06,7.34,10.32,481.61,6,0.7708,144.0,1,1,1,1.162,50.0
EMP009,2026-01-07,7.34,10.32,481.61,6,0.7371,125.5,1,1,1,0.273,50.0
EMP009,2026-01-08,7.34,10.32,481.61,6,0.757,142.0,1,1,1,0.895,50.0
EMP009,2026-01-09,7.34,10.32,481.61,6,0.782,144.5,1,1,1,0.451,50.0
EMP009,2026-01-10,7.34,10.32,481.61,6,0.75,54.0,1,1,1,-0.616,50.0
EMP009,2026-01-11,7.34,10.32,481.61,0,0.0,0.0,1,1,1,-1.238,50.0
EMP009,2026-01-12,7.34,10.32,481.61,6,0.8015,136.0,2,2,2,0.095,50.0
EMP009,2026-01-13,7.34,10.32,481.61,4,0.6522,11.5,1,1,1,-1.149,50.0
EMP009,2026-01-14,7.34,10.32,481.61,6,0.6809,128.5,1,2,2,1.073,50.0
EMP009,2026-01-15,7.34,10.32,481.61,6,0.7269,135.5,1,1,1,0.006,50.0
EMP009,2026-01-16,7.34,10.32,481.61,6,0.7007,147.0,1,1,1,0.006,50.0
EMP009,2026-01-17,7.34,10.32,481.61,6,0.7573,51.5,1,1,1,-0.883,50.0
EMP009,2026-01-18,7.34,10.32,481.61,0,0.0,0.0,1,1,1,-1.238,50.0
EMP009,2026-01-19,7.34,10.32,481.61,6,0.7231,153.5,2,2,2,0.806,50.0
EMP009,2026-01-20,7.34,10.32,481.61,6,0.7184,138.5,1,1,1,0.54,50.0
EMP009,2026-01-21,7.34,10.32,481.61,0,0.0,0.0,1,1,1,-1.238,50.0
EMP009,2026-01-22,7.34,10.32,481.61,6,0.7323,162.5,2,2,2,1.073,50.0
EMP009,2026-01-23,7.34,10.32,481.61,6,0.7954,151.5,1,1,1,0.54,50.0
EMP009,2026-01-24,7.34,10.32,481.61,6,0.7576,49.5,1,1,1,-0.438,50.0
EMP009,2026-01-25,7.34,10.32,481.61,0,0.0,0.0,1,1,1,-1.238,50.0
EMP009,2026-01-26,7.34,10.32,481.61,0,0.0,0.0,2,2,2,-1.238,50.0
EMP009,2026-01-27,7.34,10.32,481.61,6,0.7264,159.0,3,3,3,1.162,50.0
EMP009,2026-01-28,7.34,10.32,481.61,6,0.7021,146.0,1,1,1,0.451,50.0
EMP009,2026-01-29,7.34,10.32,481.61,6,0.785,153.5,1,1,1,1.251,50.0
EMP009,2026-01-30,7.34,10.32,481.61,6,0.6667,165.0,1,1,1,0.806,50.0
EMP009,2026-01-31,7.34,10.32,481.61,6,0.7315,54.0,1,1,1,-0.349,50.0
EMP009,2026-02-01,7.34,10.32,481.61,0,0.0,0.0,1,1,1,-1.238,50.0
EMP009,2026-02-02,7.34,10.32,481.61,6,0.7381,168.0,2,2,2,0.006,50.0
EMP009,2026-02-03,7.34,10.32,481.61,6,0.7404,169.5,1,1,1,0.984,50.0
EMP009,2026-02-04,7.34,10.32,481.61,6,0.703,133.0,1,1,1,0.54,50.0
EMP009,2026-02-05,7.34,10.32,481.61,5,0.6957,11.5,1,1,1,-1.149,50.0
EMP009,2026-02-06,7.34,10.32,481.61,6,0.7082,140.5,1,1,2,0.362,50.0
EMP009,2026-02-07,7.34,10.32,481.61,6,0.6421,47.5,1,1,1,-0.794,50.0
EMP009,2026-02-08,7.34,10.32,481.61,0,0.0,0.0,1,1,1,-1.238,50.0
EMP009,2026-02-09,7.34,10.32,481.61,6,0.7411,168.0,2,2,2,0.184,50.0
EMP009,2026-02-10,7.34,10.32,481.61,0,0.0,0.0,1,1,1,-1.238,50.0
EMP009,2026-02-11,7.34,10.32,481.61,6,0.7678,133.5,2,2,2,0.451,50.0
EMP009,2026-02-12,7.34,10.32,481.61,6,0.7252,131.0,1,1,1,0.273,50.0
EMP009,2026-02-13,7.34,10.32,481.61,6,0.7123,142.5,1,1,1,0.895,50.0
EMP009,2026-02-14,7.34,10.32,481.61,6,0.7692,26.0,1,1,1,-0.972,50.0
EMP009,2026-02-15,7.34,10.32,481.61,0,0.0,0.0,1,1,1,-1.238,50.0
EMP009,2026-02-16,7.34,10.32,481.61,6,0.7312,126.5,2,2,2,1.073,50.0
EMP009,2026-02-17,7.34,10.32,481.61,6,0.7514,173.0,1,1,1,1.251,50.0
EMP009,2026-02-18,7.34,10.32,481.61,6,0.7601,135.5,1,1,1,0.362,50.0
EMP009,2026-02-19,7.34,10.32,481.61,6,0.7509,138.5,1,1,1,0.451,50.0
EMP009,2026-02-20,7.34,10.32,481.61,6,0.7737,137.0,1,1,1,0.006,50.0
EMP009,2026-02-21,7.34,10.32,481.61,6,0.6598,48.5,1,1,1,-0.794,50.0
EMP009,2026-02-22,7.34,10.32,481.61,0,0.0,0.0,1,1,1,-1.238,50.0
EMP009,2026-02-23,7.34,10.32,481.61,6,0.7442,172.0,2,2,2,0.362,50.0
EMP009,2026-02-24,7.34,10.32,481.61,6,0.7838,148.0,1,1,1,0.273,50.0
EMP009,2026-02-25,7.34,10.32,481.61,6,0.6812,149.0,1,1,1,0.006,50.0
EMP009,2026-02-26,7.34,10.32,481.61,0,0.0,0.0,1,1,1,-1.238,50.0
EMP009,2026-02-27,7.34,10.32,481.61,6,0.7516,161.0,2,2,2,1.428,50.0
EMP009,2026-02-28,7.34,10.32,481.61,6,0.7239,67.0,1,1,1,-0.083,50.0
EMP009,2026-03-01,7.34,10.32,481.61,0,0.0,0.0,1,1,1,-1.238,50.0
EMP009,2026-03-02,7.34,10.32,481.61,0,0.0,0.0,2,2,2,-1.238,50.0
EMP009,2026-03-03,7.34,10.32,481.61,6,0.7366,205.0,3,3,3,1.695,50.0
EMP009,2026-03-04,7.34,10.32,481.61,6,0.7256,138.5,1,1,1,0.984,50.0
EMP009,2026-03-05,7.34,10.32,481.61,6,0.6783,143.0,1,1,1,0.54,50.0
EMP009,2026-03-06,7.34,10.32,481.61,6,0.6969,127.0,1,1,1,-0.083,50.0
EMP009,2026-03-07,7.34,10.32,481.61,6,0.7447,47.0,1,1,1,-0.616,50.0
EMP009,2026-03-08,7.34,10.32,481.61,0,0.0,0.0,1,1,1,-1.238,50.0
EMP009,2026-03-09,7.34,10.32,481.61,0,0.0,0.0,2,2,2,-1.238,50.0
EMP009,2026-03-10,7.34,10.32,481.61,6,0.7436,136.5,3,3,3,0.362,50.0
EMP009,2026-03-11,7.34,10.32,481.61,6,0.7193,114.0,1,1,1,0.451,50.0
EMP009,2026-03-12,7.34,10.32,481.61,6,0.7199,141.0,1,1,1,0.451,50.0
EMP009,2026-03-13,7.34,10.32,481.61,6,0.6923,149.5,1,1,1,0.806,50.0
EMP009,2026-03-14,7.34,10.32,481.61,6,0.7101,34.5,1,1,1,-0.794,50.0
EMP009,2026-03-15,7.34,10.32,481.61,0,0.0,0.0,1,1,1,-1.238,50.0
EMP009,2026-03-16,7.34,10.32,481.61,6,0.7288,59.0,2,2,2,-0.438,50.0
EMP009,2026-03-17,7.34,10.32,481.61,6,0.7398,159.5,1,1,1,0.273,50.0
EMP009,2026-03-18,7.34,10.32,481.61,6,0.7899,138.0,1,1,1,0.362,50.0
EMP009,2026-03-19,7.34,10.32,481.61,6,0.7175,157.5,1,1,1,0.362,50.0
EMP009,2026-03-20,7.34,10.32,481.61,6,0.7023,154.5,1,1,1,0.006,50.0
EMP009,2026-03-21,7.34,10.32,481.61,6,0.7604,48.0,1,1,1,-0.794,50.0
EMP009,2026-03-22,7.34,10.32,481.61,0,0.0,0.0,1,1,1,-1.238,50.0
EMP009,2026-03-23,7.34,10.32,481.61,6,0.6821,162.0,2,2,2,-0.083,50.0
EMP009,2026-03-24,7.34,10.32,481.61,6,0.6486,138.0,1,1,1,0.54,50.0
EMP009,2026-03-25,7.34,10.32,481.61,6,0.7125,196.5,1,1,1,2.851,50.0
EMP009,2026-03-26,7.34,10.32,481.61,6,0.7268,210.5,1,1,1,2.317,50.0
EMP009,2026-03-27,7.34,10.32,481.61,6,0.7589,211.5,1,1,1,1.251,50.0
EMP009,2026-03-28,7.34,10.32,481.61,6,0.7778,67.5,1,1,1,0.184,50.0
EMP009,2026-03-29,7.34,10.32,481.61,0,0.0,0.0,1,1,1,-1.238,50.0
EMP009,2026-03-30,7.34,10.32,481.61,6,0.7669,163.0,2,2,2,3.206,50.0
EMP009,2026-03-31,7.34,10.32,481.61,0,0.0,0.0,1,1,1,-1.238,50.0
EMP010,2026-01-01,7.68,12.43,586.74,0,0.0,0.0,1,1,1,-1.338,50.0
EMP010,2026-01-02,7.68,12.43,586.74,10,0.6829,184.5,2,2,2,1.28,50.0
EMP010,2026-01-03,7.68,12.43,586.74,10,0.7541,61.0,1,1,1,-0.507,50.0
EMP010,2026-01-04,7.68,12.43,586.74,0,0.0,0.0,1,1,1,-1.338,50.0
EMP010,2026-01-05,7.68,12.43,586.74,10,0.7714,175.0,2,2,2,-0.008,50.0
EMP010,2026-01-06,7.68,12.43,586.74,10,0.7943,192.0,1,1,1,1.114,50.0
EMP010,2026-01-07,7.68,12.43,586.74,10,0.6926,135.0,1,1,1,-0.175,50.0
EMP010,2026-01-08,7.68,12.43,586.74,10,0.6852,152.5,1,1,1,-0.175,50.0
EMP010,2026-01-09,7.68,12.43,586.74,8,0.6667,7.5,1,1,1,-1.255,50.0
EMP010,2026-01-10,7.68,12.43,586.74,10,0.7217,57.5,1,1,1,-0.632,50.0
EMP010,2026-01-11,7.68,12.43,586.74,0,0.0,0.0,1,1,1,-1.338,50.0
EMP010,2026-01-12,7.68,12.43,586.74,10,0.7631,143.5,2,2,2,-0.008,50.0
EMP010,2026-01-13,7.68,12.43,586.74,10,0.8055,164.5,1,1,1,0.823,50.0
EMP010,2026-01-14,7.68,12.43,586.74,10,0.7306,135.5,1,1,1,-0.05,50.0
EMP010,2026-01-15,7.68,12.43,586.74,10,0.73,168.5,1,1,1,0.781,50.0
EMP010,2026-01-16,7.68,12.43,586.74,10,0.7533,152.0,1,1,1,0.989,50.0
EMP010,2026-01-17,7.68,12.43,586.74,10,0.7537,67.0,1,1,1,-0.59,50.0
EMP010,2026-01-18,7.68,12.43,586.74,0,0.0,0.0,1,1,1,-1.338,50.0
EMP010,2026-01-19,7.68,12.43,586.74,10,0.7206,170.0,2,2,2,0.74,50.0
EMP010,2026-01-20,7.68,12.43,586.74,10,0.7924,171.0,1,1,1,0.49,50.0
EMP010,2026-01-21,7.68,12.43,586.74,10,0.7973,145.5,1,1,1,0.657,50.0
EMP010,2026-01-22,7.68,12.43,586.74,10,0.68,150.0,1,1,1,0.283,50.0
EMP010,2026-01-23,7.68,12.43,586.74,10,0.7399,173.0,1,1,1,0.283,50.0
EMP010,2026-01-24,7.68,12.43,586.74,10,0.725,60.0,1,1,1,-0.756,50.0
EMP010,2026-01-25,7.68,12.43,586.74,0,0.0,0.0,1,1,1,-1.338,50.0
EMP010,2026-01-26,7.68,12.43,586.74,0,0.0,0.0,2,2,2,-1.338,50.0
EMP010,2026-01-27,7.68,12.43,586.74,10,0.7612,178.0,3,3,3,0.615,50.0
EMP010,2026-01-28,7.68,12.43,586.74,10,0.7127,137.5,1,1,1,-0.008,50.0
EMP010,2026-01-29,7.68,12.43,586.74,10,0.7973,185.0,1,1,1,1.862,50.0
EMP010,2026-01-30,7.68,12.43,586.74,10,0.7682,192.0,1,1,1,2.527,50.0
EMP010,2026-01-31,7.68,12.43,586.74,10,0.7887,35.5,1,1,1,-0.84,50.0
EMP010,2026-02-01,7.68,12.43,586.74,0,0.0,0.0,1,1,1,-1.338,50.0
EMP010,2026-02-02,7.68,12.43,586.74,10,0.6827,208.0,2,2,2,0.865,50.0
EMP010,2026-02-03,7.68,12.43,586.74,10,0.665,204.5,1,1,1,0.574,50.0
EMP010,2026-02-04,7.68,12.43,586.74,10,0.797,133.0,1,1,1,0.033,50.0
EMP010,2026-02-05,7.68,12.43,586.74,10,0.7943,141.0,1,1,1,0.283,50.0
EMP010,2026-02-06,7.68,12.43,586.74,10,0.7192,158.5,1,1,1,0.449,50.0
EMP010,2026-02-07,7.68,12.43,586.74,10,0.7105,57.0,1,1,1,-0.673,50.0
EMP010,2026-02-08,7.68,12.43,586.74,0,0.0,0.0,1,1,1,-1.338,50.0
EMP010,2026-02-09,7.68,12.43,586.74,10,0.7483,145.0,2,2,2,0.2,50.0
EMP010,2026-02-10,7.68,12.43,586.74,10,0.7787,187.5,1,1,1,0.823,50.0
EMP010,2026-02-11,7.68,12.43,586.74,10,0.7872,141.0,1,1,1,0.158,50.0
EMP010,2026-02-12,7.68,12.43,586.74,10,0.7148,145.5,1,1,1,0.283,50.0
EMP010,2026-02-13,7.68,12.43,586.74,10,0.7636,137.5,1,1,1,-0.05,50.0
EMP010,2026-02-14,7.68,12.43,586.74,10,0.7544,57.0,1,1,1,-0.673,50.0
EMP010,2026-02-15,7.68,12.43,586.74,0,0.0,0.0,1,1,1,-1.338,50.0
EMP010,2026-02-16,7.68,12.43,586.74,10,0.7083,168.0,2,2,2,0.574,50.0
EMP010,2026-02-17,7.68,12.43,586.74,10,0.729,160.5,1,1,1,1.155,50.0
EMP010,2026-02-18,7.68,12.43,586.74,10,0.705,161.0,1,1,1,-0.008,50.0
EMP010,2026-02-19,7.68,12.43,586.74,10,0.7917,144.0,1,1,1,-0.05,50.0
EMP010,2026-02-20,7.68,12.43,586.74,10,0.7443,152.5,1,1,1,0.283,50.0
EMP010,2026-02-21,7.68,12.43,586.74,10,0.7231,65.0,1,1,1,-0.59,50.0
EMP010,2026-02-22,7.68,12.43,586.74,0,0.0,0.0,1,1,1,-1.338,50.0
EMP010,2026-02-23,7.68,12.43,586.74,10,0.7472,89.0,2,2,2,-0.299,50.0
EMP010,2026-02-24,7.68,12.43,586.74,10,0.7396,192.0,1,1,1,0.906,50.0
EMP010,2026-02-25,7.68,12.43,586.74,10,0.7685,149.0,1,1,1,0.2,50.0
EMP010,2026-02-26,7.68,12.43,586.74,10,0.7615,174.0,1,1,1,0.033,50.0
EMP010,2026-02-27,7.68,12.43,586.74,10,0.732,145.5,1,1,1,0.2,50.0
EMP010,2026-02-28,7.68,12.43,586.74,10,0.7391,69.0,1,1,1,-0.382,50.0
EMP010,2026-03-01,7.68,12.43,586.74,0,0.0,0.0,1,1,1,-1.338,50.0
EMP010,2026-03-02,7.68,12.43,586.74,0,0.0,0.0,2,2,2,-1.338,50.0
EMP010,2026-03-03,7.68,12.43,586.74,10,0.7365,176.5,3,3,3,1.405,50.0
EMP010,2026-03-04,7.68,12.43,586.74,10,0.7167,146.5,1,1,1,0.2,50.0
EMP010,2026-03-05,7.68,12.43,586.74,10,0.6642,137.0,1,1,1,-0.091,50.0
EMP010,2026-03-06,7.68,12.43,586.74,10,0.7067,141.5,1,1,1,-0.008,50.0
EMP010,2026-03-07,7.68,12.43,586.74,10,0.7347,49.0,1,1,1,-0.59,50.0
EMP010,2026-03-08,7.68,12.43,586.74,0,0.0,0.0,1,1,1,-1.338,50.0
EMP010,2026-03-09,7.68,12.43,586.74,10,0.7249,174.5,2,2,2,0.49,50.0
EMP010,2026-03-10,7.68,12.43,586.74,10,0.6471,153.0,1,1,1,0.324,50.0
EMP010,2026-03-11,7.68,12.43,586.74,10,0.7143,154.0,1,1,1,0.74,50.0
EMP010,2026-03-12,7.68,12.43,586.74,10,0.6835,139.0,1,1,1,-0.175,50.0
EMP010,2026-03-13,7.68,12.43,586.74,0,0.0,0.0,1,1,1,-1.338,50.0
EMP010,2026-03-14,7.68,12.43,586.74,4,0.6,2.5,2,2,2,-1.297,50.0
EMP010,2026-03-15,7.68,12.43,586.74,0,0.0,0.0,1,1,3,-1.338,50.0
EMP010,2026-03-16,7.68,12.43,586.74,10,0.6678,144.5,2,2,4,0.283,50.0
EMP010,2026-03-17,7.68,12.43,586.74,10,0.7625,160.0,1,1,1,0.615,50.0
EMP010,2026-03-18,7.68,12.43,586.74,9,0.7338,139.0,1,1,1,0.823,50.0
EMP010,2026-03-19,7.68,12.43,586.74,10,0.6787,138.5,1,1,2,0.657,50.0
EMP010,2026-03-20,7.68,12.43,586.74,9,0.6844,150.5,1,1,1,0.283,50.0
EMP010,2026-03-21,7.68,12.43,586.74,9,0.6739,46.0,1,1,2,-0.673,50.0
EMP010,2026-03-22,7.68,12.43,586.74,0,0.0,0.0,1,1,3,-1.338,50.0
EMP010,2026-03-23,7.68,12.43,586.74,10,0.7102,141.5,2,2,4,0.158,50.0
EMP010,2026-03-24,7.68,12.43,586.74,9,0.7492,159.5,1,1,1,0.74,50.0
EMP010,2026-03-25,7.68,12.43,586.74,0,0.0,0.0,1,1,2,-1.338,50.0
EMP010,2026-03-26,7.68,12.43,586.74,10,0.7302,220.5,2,2,3,1.862,50.0
EMP010,2026-03-27,7.68,12.43,586.74,10,0.7844,250.5,1,1,1,3.15,50.0
EMP010,2026-03-28,7.68,12.43,586.74,8,0.7375,40.0,1,1,1,-0.756,50.0
EMP010,2026-03-29,7.68,12.43,586.74,0,0.0,0.0,1,1,2,-1.338,50.0
EMP010,2026-03-30,7.68,12.43,586.74,10,0.7906,224.5,2,2,3,2.444,50.0
EMP010,2026-03-31,7.68,12.43,586.74,10,0.7039,219.5,1,1,1,1.779,50.0
EMP011,2026-01-01,7.32,5.99,532.39,0,0.0,0.0,1,1,1,-1.402,50.0
EMP011,2026-01-02,7.32,5.99,532.39,10,0.8237,173.0,2,2,2,0.163,50.0
EMP011,2026-01-03,7.32,5.99,532.39,10,0.7634,65.5,1,1,1,-0.549,50.0
EMP011,2026-01-04,7.32,5.99,532.39,0,0.0,0.0,1,1,1,-1.402,50.0
EMP011,2026-01-05,7.32,5.99,532.39,10,0.7791,129.0,2,2,2,0.542,50.0
EMP011,2026-01-06,7.32,5.99,532.39,10,0.7669,133.0,1,1,1,0.684,50.0
EMP011,2026-01-07,7.32,5.99,532.39,10,0.7284,121.5,1,1,1,0.4,50.0
EMP011,2026-01-08,7.32,5.99,532.39,10,0.6823,138.5,1,1,1,0.921,50.0
EMP011,2026-01-09,7.32,5.99,532.39,10,0.8078,127.5,1,1,1,0.305,50.0
EMP011,2026-01-10,7.32,5.99,532.39,6,0.6667,3.0,1,1,1,-1.355,50.0
EMP011,2026-01-11,7.32,5.99,532.39,0,0.0,0.0,1,1,2,-1.402,50.0
EMP011,2026-01-12,7.32,5.99,532.39,10,0.756,125.0,2,2,3,0.589,50.0
EMP011,2026-01-13,7.32,5.99,532.39,10,0.7598,89.5,1,1,1,-0.264,50.0
EMP011,2026-01-14,7.32,5.99,532.39,10,0.8051,118.0,1,1,1,-0.074,50.0
EMP011,2026-01-15,7.32,5.99,532.39,10,0.6706,127.5,1,1,1,0.21,50.0
EMP011,2026-01-16,7.32,5.99,532.39,10,0.7093,129.0,1,1,1,-0.027,50.0
EMP011,2026-01-17,7.32,5.99,532.39,10,0.78,50.0,1,1,1,-0.691,50.0
EMP011,2026-01-18,7.32,5.99,532.39,0,0.0,0.0,1,1,1,-1.402,50.0
EMP011,2026-01-19,7.32,5.99,532.39,10,0.7361,144.0,2,2,2,0.305,50.0
EMP011,2026-01-20,7.32,5.99,532.39,10,0.7821,156.0,1,1,1,0.542,50.0
EMP011,2026-01-21,7.32,5.99,532.39,10,0.7233,126.5,1,1,1,0.637,50.0
EMP011,2026-01-22,7.32,5.99,532.39,10,0.7941,119.0,1,1,1,0.352,50.0
EMP011,2026-01-23,7.32,5.99,532.39,10,0.7662,139.0,1,1,1,0.542,50.0
EMP011,2026-01-24,7.32,5.99,532.39,10,0.7041,49.0,1,1,1,-0.975,50.0
EMP011,2026-01-25,7.32,5.99,532.39,0,0.0,0.0,1,1,1,-1.402,50.0
EMP011,2026-01-26,7.32,5.99,532.39,0,0.0,0.0,2,2,2,-1.402,50.0
EMP011,2026-01-27,7.32,5.99,532.39,10,0.76,12.5,3,3,3,-1.307,50.0
EMP011,2026-01-28,7.32,5.99,532.39,10,0.748,125.0,1,1,1,-0.027,50.0
EMP011,2026-01-29,7.32,5.99,532.39,10,0.7756,176.0,1,1,1,2.249,50.0
EMP011,2026-01-30,7.32,5.99,532.39,10,0.7317,184.5,1,1,1,2.628,50.0
EMP011,2026-01-31,7.32,5.99,532.39,10,0.8034,58.5,1,1,1,-0.596,50.0
EMP011,2026-02-01,7.32,5.99,532.39,0,0.0,0.0,1,1,1,-1.402,50.0
EMP011,2026-02-02,7.32,5.99,532.39,10,0.7883,163.0,2,2,2,0.21,50.0
EMP011,2026-02-03,7.32,5.99,532.39,10,0.7515,169.0,1,1,1,0.542,50.0
EMP011,2026-02-04,7.32,5.99,532.39,10,0.6992,123.0,1,1,1,0.21,50.0
EMP011,2026-02-05,7.32,5.99,532.39,10,0.7672,131.0,1,1,1,0.732,50.0
EMP011,2026-02-06,7.32,5.99,532.39,10,0.7582,136.5,1,1,1,0.447,50.0
EMP011,2026-02-07,7.32,5.99,532.39,10,0.7333,45.0,1,1,1,-0.786,50.0
EMP011,2026-02-08,7.32,5.99,532.39,0,0.0,0.0,1,1,1,-1.402,50.0
EMP011,2026-02-09,7.32,5.99,532.39,10,0.7404,142.5,2,2,2,1.206,50.0
EMP011,2026-02-10,7.32,5.99,532.39,10,0.7254,142.0,1,1,1,0.969,50.0
EMP011,2026-02-11,7.32,5.99,532.39,10,0.6822,129.0,1,1,1,0.684,50.0
EMP011,2026-02-12,7.32,5.99,532.39,10,0.6356,112.5,1,1,1,-0.169,50.0
EMP011,2026-02-13,7.32,5.99,532.39,10,0.7616,86.0,1,1,1,-0.312,50.0
EMP011,2026-02-14,7.32,5.99,532.39,0,0.0,0.0,1,1,1,-1.402,50.0
EMP011,2026-02-15,7.32,5.99,532.39,0,0.0,0.0,2,2,2,-1.402,50.0
EMP011,2026-02-16,7.32,5.99,532.39,10,0.7621,134.5,3,3,3,-0.027,50.0
EMP011,2026-02-17,7.32,5.99,532.39,10,0.6955,156.0,1,1,1,0.542,50.0
EMP011,2026-02-18,7.32,5.99,532.39,10,0.7331,133.0,1,1,1,0.257,50.0
EMP011,2026-02-19,7.32,5.99,532.39,10,0.7244,112.5,1,1,1,0.163,50.0
EMP011,2026-02-20,7.32,5.99,532.39,10,0.7128,141.0,1,1,1,0.352,50.0
EMP011,2026-02-21,7.32,5.99,532.39,10,0.7593,54.0,1,1,1,-0.596,50.0
EMP011,2026-02-22,7.32,5.99,532.39,0,0.0,0.0,1,1,1,-1.402,50.0
EMP011,2026-02-23,7.32,5.99,532.39,10,0.7413,129.5,2,2,2,0.163,50.0
EMP011,2026-02-24,7.32,5.99,532.39,10,0.7356,147.5,1,1,1,-0.027,50.0
EMP011,2026-02-25,7.32,5.99,532.39,10,0.712,125.0,1,1,1,0.115,50.0
EMP011,2026-02-26,7.32,5.99,532.39,10,0.7259,129.5,1,1,1,0.874,50.0
EMP011,2026-02-27,7.32,5.99,532.39,10,0.7726,160.5,1,1,1,0.921,50.0
EMP011,2026-02-28,7.32,5.99,532.39,10,0.7179,58.5,1,1,1,0.068,50.0
EMP011,2026-03-01,7.32,5.99,532.39,0,0.0,0.0,1,1,1,-1.402,50.0
EMP011,2026-03-02,7.32,5.99,532.39,0,0.0,0.0,2,2,2,-1.402,50.0
EMP011,2026-03-03,7.32,5.99,532.39,10,0.7454,190.5,3,3,3,1.775,50.0
EMP011,2026-03-04,7.32,5.99,532.39,10,0.7742,139.5,1,1,1,0.637,50.0
EMP011,2026-03-05,7.32,5.99,532.39,0,0.0,0.0,1,1,1,-1.402,50.0
EMP011,2026-03-06,7.32,5.99,532.39,10,0.7412,85.0,2,2,2,-0.122,50.0
EMP011,2026-03-07,7.32,5.99,532.39,10,0.7798,54.5,1,1,1,-0.596,50.0
EMP011,2026-03-08,7.32,5.99,532.39,0,0.0,0.0,1,1,1,-1.402,50.0
EMP011,2026-03-09,7.32,5.99,532.39,10,0.7662,139.0,2,2,2,0.684,50.0
EMP011,2026-03-10,7.32,5.99,532.39,10,0.7075,147.0,1,1,1,-0.074,50.0
EMP011,2026-03-11,7.32,5.99,532.39,10,0.7154,133.5,1,1,1,-0.027,50.0
EMP011,2026-03-12,7.32,5.99,532.39,10,0.7261,120.5,1,1,1,0.447,50.0
EMP011,2026-03-13,7.32,5.99,532.39,10,0.7065,138.0,1,1,1,0.257,50.0
EMP011,2026-03-14,7.32,5.99,532.39,10,0.6768,49.5,1,1,1,-0.833,50.0
EMP011,2026-03-15,7.32,5.99,532.39,0,0.0,0.0,1,1,1,-1.402,50.0
EMP011,2026-03-16,7.32,5.99,532.39,10,0.6941,127.5,2,2,2,0.637,50.0
EMP011,2026-03-17,7.32,5.99,532.39,10,0.7689,125.5,1,1,1,-0.027,50.0
EMP011,2026-03-18,7.32,5.99,532.39,10,0.7105,133.0,1,1,1,0.257,50.0
EMP011,2026-03-19,7.32,5.99,532.39,10,0.7311,132.0,1,1,1,0.969,50.0
EMP011,2026-03-20,7.32,5.99,532.39,10,0.7143,136.5,1,1,1,0.305,50.0
EMP011,2026-03-21,7.32,5.99,532.39,10,0.7,55.0,1,1,1,-0.596,50.0
EMP011,2026-03-22,7.32,5.99,532.39,0,0.0,0.0,1,1,1,-1.402,50.0
EMP011,2026-03-23,7.32,5.99,532.39,10,0.7587,143.0,2,2,2,0.732,50.0
EMP011,2026-03-24,7.32,5.99,532.39,10,0.7071,169.0,1,1,1,1.016,50.0
EMP011,2026-03-25,7.32,5.99,532.39,10,0.812,191.5,1,1,1,1.158,50.0
EMP011,2026-03-26,7.32,5.99,532.39,10,0.7983,233.0,1,1,1,3.055,50.0
EMP011,2026-03-27,7.32,5.99,532.39,10,0.799,104.5,1,1,1,0.637,50.0
EMP011,2026-03-28,7.32,5.99,532.39,10,0.7927,82.0,1,1,1,-0.074,50.0
EMP011,2026-03-29,7.32,5.99,532.39,0,0.0,0.0,1,1,1,-1.402,50.0
EMP011,2026-03-30,7.32,5.99,532.39,10,0.7703,178.5,2,2,2,2.344,50.0
EMP011,2026-03-31,7.32,5.99,532.39,10,0.7914,175.0,1,1,1,0.921,50.0
EMP012,2026-01-01,5.24,11.78,552.1,0,0.0,0.0,1,1,1,-1.337,50.0
EMP012,2026-01-02,5.24,11.78,552.1,10,0.6953,215.0,2,2,2,1.473,50.0
EMP012,2026-01-03,5.24,11.78,552.1,10,0.7015,67.0,1,1,1,-0.387,50.0
EMP012,2026-01-04,5.24,11.78,552.1,0,0.0,0.0,1,1,1,-1.337,50.0
EMP012,2026-01-05,5.24,11.78,552.1,10,0.7585,147.0,2,2,2,0.44,50.0
EMP012,2026-01-06,5.24,11.78,552.1,10,0.7446,162.5,1,1,1,0.812,50.0
EMP012,2026-01-07,5.24,11.78,552.1,10,0.701,150.5,1,1,1,0.109,50.0
EMP012,2026-01-08,5.24,11.78,552.1,10,0.7119,151.0,1,1,1,0.688,50.0
EMP012,2026-01-09,5.24,11.78,552.1,10,0.7222,99.0,1,1,1,-0.428,50.0
EMP012,2026-01-10,5.24,11.78,552.1,10,0.6827,52.0,1,1,1,-0.593,50.0
EMP012,2026-01-11,5.24,11.78,552.1,0,0.0,0.0,1,1,1,-1.337,50.0
EMP012,2026-01-12,5.24,11.78,552.1,10,0.7902,102.5,2,2,2,-0.469,50.0
EMP012,2026-01-13,5.24,11.78,552.1,10,0.6796,167.0,1,1,1,0.026,50.0
EMP012,2026-01-14,5.24,11.78,552.1,10,0.716,128.5,1,1,1,-0.139,50.0
EMP012,2026-01-15,5.24,11.78,552.1,10,0.7314,141.5,1,1,1,0.398,50.0
EMP012,2026-01-16,5.24,11.78,552.1,10,0.7798,163.5,1,1,1,-0.015,50.0
EMP012,2026-01-17,5.24,11.78,552.1,10,0.7742,62.0,1,1,1,-0.511,50.0
EMP012,2026-01-18,5.24,11.78,552.1,0,0.0,0.0,1,1,1,-1.337,50.0
EMP012,2026-01-19,5.24,11.78,552.1,10,0.6918,165.5,2,2,2,0.564,50.0
EMP012,2026-01-20,5.24,11.78,552.1,10,0.7257,175.0,1,1,1,0.77,50.0
EMP012,2026-01-21,5.24,11.78,552.1,10,0.76,12.5,1,1,1,-1.172,50.0
EMP012,2026-01-22,5.24,11.78,552.1,10,0.7372,156.0,1,1,1,0.192,50.0
EMP012,2026-01-23,5.24,11.78,552.1,10,0.7591,164.0,1,1,1,0.15,50.0
EMP012,2026-01-24,5.24,11.78,552.1,10,0.7163,70.5,1,1,1,-0.511,50.0
EMP012,2026-01-25,5.24,11.78,552.1,0,0.0,0.0,1,1,1,-1.337,50.0
EMP012,2026-01-26,5.24,11.78,552.1,0,0.0,0.0,2,2,2,-1.337,50.0
EMP012,2026-01-27,5.24,11.78,552.1,10,0.7115,182.0,3,3,3,0.646,50.0
EMP012,2026-01-28,5.24,11.78,552.1,10,0.7782,142.0,1,1,1,0.646,50.0
EMP012,2026-01-29,5.24,11.78,552.1,0,0.0,0.0,1,1,1,-1.337,50.0
EMP012,2026-01-30,5.24,11.78,552.1,10,0.7432,220.0,2,2,2,1.969,50.0
EMP012,2026-01-31,5.24,11.78,552.1,10,0.763,67.5,1,1,1,-0.511,50.0
EMP012,2026-02-01,5.24,11.78,552.1,0,0.0,0.0,1,1,1,-1.337,50.0
EMP012,2026-02-02,5.24,11.78,552.1,10,0.741,222.0,2,2,2,1.266,50.0
EMP012,2026-02-03,5.24,11.78,552.1,10,0.7732,183.0,1,1,1,0.357,50.0
EMP012,2026-02-04,5.24,11.78,552.1,10,0.76,137.5,1,1,1,0.274,50.0
EMP012,2026-02-05,5.24,11.78,552.1,10,0.769,151.5,1,1,1,1.225,50.0
EMP012,2026-02-06,5.24,11.78,552.1,10,0.7515,163.0,1,1,1,0.192,50.0
EMP012,2026-02-07,5.24,11.78,552.1,10,0.6957,57.5,1,1,1,-0.883,50.0
EMP012,2026-02-08,5.24,11.78,552.1,0,0.0,0.0,1,1,1,-1.337,50.0
EMP012,2026-02-09,5.24,11.78,552.1,10,0.7151,172.0,2,2,2,-0.015,50.0
EMP012,2026-02-10,5.24,11.78,552.1,10,0.7473,184.0,1,1,1,0.605,50.0
EMP012,2026-02-11,5.24,11.78,552.1,0,0.0,0.0,1,1,1,-1.337,50.0
EMP012,2026-02-12,5.24,11.78,552.1,10,0.7616,161.5,2,2,2,0.44,50.0
EMP012,2026-02-13,5.24,11.78,552.1,10,0.7491,145.5,1,1,1,-0.221,50.0
EMP012,2026-02-14,5.24,11.78,552.1,10,0.7573,51.5,1,1,1,-0.759,50.0
EMP012,2026-02-15,5.24,11.78,552.1,0,0.0,0.0,1,1,1,-1.337,50.0
EMP012,2026-02-16,5.24,11.78,552.1,10,0.6648,176.0,2,2,2,0.15,50.0
EMP012,2026-02-17,5.24,11.78,552.1,10,0.6986,177.5,1,1,1,0.894,50.0
EMP012,2026-02-18,5.24,11.78,552.1,10,0.7235,155.5,1,1,1,0.316,50.0
EMP012,2026-02-19,5.24,11.78,552.1,10,0.6725,142.0,1,1,1,-0.015,50.0
EMP012,2026-02-20,5.24,11.78,552.1,10,0.6973,147.0,1,1,1,-0.015,50.0
EMP012,2026-02-21,5.24,11.78,552.1,10,0.7658,55.5,1,1,1,-0.759,50.0
EMP012,2026-02-22,5.24,11.78,552.1,0,0.0,0.0,1,1,1,-1.337,50.0
EMP012,2026-02-23,5.24,11.78,552.1,10,0.7449,170.5,2,2,2,0.564,50.0
EMP012,2026-02-24,5.24,11.78,552.1,10,0.77,150.0,1,1,1,0.564,50.0
EMP012,2026-02-25,5.24,11.78,552.1,10,0.7511,116.5,1,1,1,-0.139,50.0
EMP012,2026-02-26,5.24,11.78,552.1,10,0.6453,187.5,1,1,1,1.266,50.0
EMP012,2026-02-27,5.24,11.78,552.1,10,0.7686,188.0,1,1,1,0.977,50.0
EMP012,2026-02-28,5.24,11.78,552.1,10,0.7532,79.0,1,1,1,-0.552,50.0
EMP012,2026-03-01,5.24,11.78,552.1,0,0.0,0.0,1,1,1,-1.337,50.0
EMP012,2026-03-02,5.24,11.78,552.1,0,0.0,0.0,2,2,2,-1.337,50.0
EMP012,2026-03-03,5.24,11.78,552.1,10,0.6739,207.0,3,3,3,0.729,50.0
EMP012,2026-03-04,5.24,11.78,552.1,10,0.7962,157.0,1,1,1,0.564,50.0
EMP012,2026-03-05,5.24,11.78,552.1,10,0.7164,167.5,1,1,1,0.481,50.0
EMP012,2026-03-06,5.24,11.78,552.1,10,0.6537,154.5,1,1,1,0.109,50.0
EMP012,2026-03-07,5.24,11.78,552.1,3,0.6667,1.5,1,1,1,-1.337,50.0
EMP012,2026-03-08,5.24,11.78,552.1,0,0.0,0.0,2,2,2,-1.337,50.0
EMP012,2026-03-09,5.24,11.78,552.1,10,0.7515,171.0,3,3,3,0.44,50.0
EMP012,2026-03-10,5.24,11.78,552.1,10,0.735,158.5,1,1,1,0.109,50.0
EMP012,2026-03-11,5.24,11.78,552.1,10,0.6784,141.5,1,1,1,0.026,50.0
EMP012,2026-03-12,5.24,11.78,552.1,10,0.73,150.0,1,1,1,0.192,50.0
EMP012,2026-03-13,5.24,11.78,552.1,10,0.7994,159.5,1,1,1,0.15,50.0
EMP012,2026-03-14,5.24,11.78,552.1,10,0.7041,49.0,1,1,1,-0.717,50.0
EMP012,2026-03-15,5.24,11.78,552.1,0,0.0,0.0,1,1,1,-1.337,50.0
EMP012,2026-03-16,5.24,11.78,552.1,10,0.6526,142.5,2,2,2,0.274,50.0
EMP012,2026-03-17,5.24,11.78,552.1,10,0.7724,145.0,1,1,1,0.274,50.0
EMP012,2026-03-18,5.24,11.78,552.1,10,0.7449,123.5,1,1,1,-0.056,50.0
EMP012,2026-03-19,5.24,11.78,552.1,10,0.7227,160.5,1,1,1,0.522,50.0
EMP012,2026-03-20,5.24,11.78,552.1,10,0.7356,191.0,1,1,1,0.646,50.0
EMP012,2026-03-21,5.24,11.78,552.1,10,0.7227,59.5,1,1,1,-0.593,50.0
EMP012,2026-03-22,5.24,11.78,552.1,0,0.0,0.0,1,1,1,-1.337,50.0
EMP012,2026-03-23,5.24,11.78,552.1,10,0.7039,152.0,2,2,2,0.192,50.0
EMP012,2026-03-24,5.24,11.78,552.1,10,0.7135,181.5,1,1,1,0.192,50.0
EMP012,2026-03-25,5.24,11.78,552.1,10,0.8014,219.0,1,1,1,2.919,50.0
EMP012,2026-03-26,5.24,11.78,552.1,10,0.8035,257.0,1,1,1,2.63,50.0
EMP012,2026-03-27,5.24,11.78,552.1,10,0.774,234.5,1,1,1,2.299,50.0
EMP012,2026-03-28,5.24,11.78,552.1,10,0.7541,91.5,1,1,1,-0.098,50.0
EMP012,2026-03-29,5.24,11.78,552.1,0,0.0,0.0,1,1,1,-1.337,50.0
EMP012,2026-03-30,5.24,11.78,552.1,10,0.7673,223.5,2,2,2,1.638,50.0
EMP012,2026-03-31,5.24,11.78,552.1,10,0.7889,215.5,1,1,1,2.588,50.0
EMP013,2026-01-01,6.41,9.24,516.86,0,0.0,0.0,1,1,1,-1.371,50.0
EMP013,2026-01-02,6.41,9.24,516.86,10,0.7911,158.0,2,2,2,0.523,50.0
EMP013,2026-01-03,6.41,9.24,516.86,10,0.7069,58.0,1,1,1,-0.474,50.0
EMP013,2026-01-04,6.41,9.24,516.86,0,0.0,0.0,1,1,1,-1.371,50.0
EMP013,2026-01-05,6.41,9.24,516.86,10,0.7315,74.5,2,2,2,-0.573,50.0
EMP013,2026-01-06,6.41,9.24,516.86,10,0.7206,136.0,1,1,1,0.174,50.0
EMP013,2026-01-07,6.41,9.24,516.86,0,0.0,0.0,1,1,1,-1.371,50.0
EMP013,2026-01-08,6.41,9.24,516.86,10,0.7649,125.5,2,2,2,0.872,50.0
EMP013,2026-01-09,6.41,9.24,516.86,10,0.7059,144.5,1,1,1,0.374,50.0
EMP013,2026-01-10,6.41,9.24,516.86,10,0.6707,41.0,1,1,1,-0.773,50.0
EMP013,2026-01-11,6.41,9.24,516.86,0,0.0,0.0,1,1,1,-1.371,50.0
EMP013,2026-01-12,6.41,9.24,516.86,10,0.7729,136.5,2,2,2,0.573,50.0
EMP013,2026-01-13,6.41,9.24,516.86,10,0.713,162.0,1,1,1,1.271,50.0
EMP013,2026-01-14,6.41,9.24,516.86,10,0.735,100.0,1,1,1,-0.075,50.0
EMP013,2026-01-15,6.41,9.24,516.86,10,0.7196,135.5,1,1,1,-0.274,50.0
EMP013,2026-01-16,6.41,9.24,516.86,10,0.7645,138.0,1,1,1,0.823,50.0
EMP013,2026-01-17,6.41,9.24,516.86,10,0.7957,46.5,1,1,1,-0.823,50.0
EMP013,2026-01-18,6.41,9.24,516.86,0,0.0,0.0,1,1,1,-1.371,50.0
EMP013,2026-01-19,6.41,9.24,516.86,10,0.7138,148.5,2,2,2,0.374,50.0
EMP013,2026-01-20,6.41,9.24,516.86,9,0.6667,10.5,1,1,1,-1.221,50.0
EMP013,2026-01-21,6.41,9.24,516.86,10,0.7251,85.5,1,1,1,-0.324,50.0
EMP013,2026-01-22,6.41,9.24,516.86,10,0.6912,136.0,1,1,1,0.523,50.0
EMP013,2026-01-23,6.41,9.24,516.86,0,0.0,0.0,1,1,1,-1.371,50.0
EMP013,2026-01-24,6.41,9.24,516.86,10,0.7188,48.0,2,2,2,-0.573,50.0
EMP013,2026-01-25,6.41,9.24,516.86,0,0.0,0.0,1,1,1,-1.371,50.0
EMP013,2026-01-26,6.41,9.24,516.86,0,0.0,0.0,2,2,2,-1.371,50.0
EMP013,2026-01-27,6.41,9.24,516.86,10,0.7381,147.0,3,3,3,0.673,50.0
EMP013,2026-01-28,6.41,9.24,516.86,10,0.7338,69.5,1,1,1,-0.125,50.0
EMP013,2026-01-29,6.41,9.24,516.86,10,0.759,166.0,1,1,1,2.019,50.0
EMP013,2026-01-30,6.41,9.24,516.86,10,0.7664,152.0,1,1,1,1.421,50.0
EMP013,2026-01-31,6.41,9.24,516.86,10,0.7619,63.0,1,1,1,-0.374,50.0
EMP013,2026-02-01,6.41,9.24,516.86,0,0.0,0.0,1,1,1,-1.371,50.0
EMP013,2026-02-02,6.41,9.24,516.86,10,0.7907,172.0,2,2,2,1.321,50.0
EMP013,2026-02-03,6.41,9.24,516.86,10,0.7031,178.5,1,1,1,1.471,50.0
EMP013,2026-02-04,6.41,9.24,516.86,10,0.7266,139.0,1,1,1,0.424,50.0
EMP013,2026-02-05,6.41,9.24,516.86,10,0.76,137.5,1,1,1,0.474,50.0
EMP013,2026-02-06,6.41,9.24,516.86,10,0.7607,140.0,1,1,1,0.474,50.0
EMP013,2026-02-07,6.41,9.24,516.86,10,0.7447,23.5,1,1,1,-1.072,50.0
EMP013,2026-02-08,6.41,9.24,516.86,0,0.0,0.0,1,1,1,-1.371,50.0
EMP013,2026-02-09,6.41,9.24,516.86,10,0.7407,175.5,2,2,2,0.922,50.0
EMP013,2026-02-10,6.41,9.24,516.86,10,0.755,124.5,1,1,1,0.224,50.0
EMP013,2026-02-11,6.41,9.24,516.86,10,0.7235,132.0,1,1,1,0.523,50.0
EMP013,2026-02-12,6.41,9.24,516.86,10,0.749,129.5,1,1,1,0.274,50.0
EMP013,2026-02-13,6.41,9.24,516.86,10,0.7018,137.5,1,1,1,0.623,50.0
EMP013,2026-02-14,6.41,9.24,516.86,10,0.7895,47.5,1,1,1,-0.872,50.0
EMP013,2026-02-15,6.41,9.24,516.86,0,0.0,0.0,1,1,1,-1.371,50.0
EMP013,2026-02-16,6.41,9.24,516.86,10,0.7868,129.0,2,2,2,0.823,50.0
EMP013,2026-02-17,6.41,9.24,516.86,10,0.7063,134.5,1,1,1,0.274,50.0
EMP013,2026-02-18,6.41,9.24,516.86,10,0.7731,130.0,1,1,1,0.374,50.0
EMP013,2026-02-19,6.41,9.24,516.86,10,0.7758,111.5,1,1,1,0.224,50.0
EMP013,2026-02-20,6.41,9.24,516.86,10,0.7774,159.5,1,1,1,0.922,50.0
EMP013,2026-02-21,6.41,9.24,516.86,10,0.8041,48.5,1,1,1,-0.573,50.0
EMP013,2026-02-22,6.41,9.24,516.86,0,0.0,0.0,1,1,1,-1.371,50.0
EMP013,2026-02-23,6.41,9.24,516.86,10,0.7793,145.0,2,2,2,0.573,50.0
EMP013,2026-02-24,6.41,9.24,516.86,10,0.7822,151.5,1,1,1,1.022,50.0
EMP013,2026-02-25,6.41,9.24,516.86,10,0.7281,114.0,1,1,1,0.723,50.0
EMP013,2026-02-26,6.41,9.24,516.86,10,0.7614,153.0,1,1,1,0.673,50.0
EMP013,2026-02-27,6.41,9.24,516.86,10,0.6826,146.5,1,1,1,0.374,50.0
EMP013,2026-02-28,6.41,9.24,516.86,10,0.7727,66.0,1,1,1,-0.274,50.0
EMP013,2026-03-01,6.41,9.24,516.86,0,0.0,0.0,1,1,1,-1.371,50.0
EMP013,2026-03-02,6.41,9.24,516.86,0,0.0,0.0,2,2,2,-1.371,50.0
EMP013,2026-03-03,6.41,9.24,516.86,10,0.7935,169.5,3,3,3,1.62,50.0
EMP013,2026-03-04,6.41,9.24,516.86,10,0.7188,128.0,1,1,1,0.125,50.0
EMP013,2026-03-05,6.41,9.24,516.86,10,0.741,139.0,1,1,1,0.174,50.0
EMP013,2026-03-06,6.41,9.24,516.86,10,0.7687,134.0,1,1,1,0.972,50.0
EMP013,2026-03-07,6.41,9.24,516.86,10,0.7059,42.5,1,1,1,-0.823,50.0
EMP013,2026-03-08,6.41,9.24,516.86,0,0.0,0.0,1,1,1,-1.371,50.0
EMP013,2026-03-09,6.41,9.24,516.86,10,0.7233,159.0,2,2,2,0.573,50.0
EMP013,2026-03-10,6.41,9.24,516.86,10,0.6986,146.0,1,1,1,0.324,50.0
EMP013,2026-03-11,6.41,9.24,516.86,10,0.7624,141.0,1,1,1,0.573,50.0
EMP013,2026-03-12,6.41,9.24,516.86,10,0.703,133.0,1,1,1,-0.025,50.0
EMP013,2026-03-13,6.41,9.24,516.86,10,0.6968,138.5,1,1,1,0.474,50.0
EMP013,2026-03-14,6.41,9.24,516.86,10,0.7798,54.5,1,1,1,-0.823,50.0
EMP013,2026-03-15,6.41,9.24,516.86,0,0.0,0.0,1,1,1,-1.371,50.0
EMP013,2026-03-16,6.41,9.24,516.86,10,0.7719,57.0,2,2,2,-0.374,50.0
EMP013,2026-03-17,6.41,9.24,516.86,10,0.7961,152.0,1,1,1,1.171,50.0
EMP013,2026-03-18,6.41,9.24,516.86,10,0.683,112.0,1,1,1,-0.274,50.0
EMP013,2026-03-19,6.41,9.24,516.86,10,0.6873,129.5,1,1,1,0.125,50.0
EMP013,2026-03-20,6.41,9.24,516.86,10,0.7008,132.0,1,1,1,0.025,50.0
EMP013,2026-03-21,6.41,9.24,516.86,5,0.8,2.5,1,1,1,-1.321,50.0
EMP013,2026-03-22,6.41,9.24,516.86,0,0.0,0.0,1,1,2,-1.371,50.0
EMP013,2026-03-23,6.41,9.24,516.86,9,0.6154,6.5,2,2,3,-1.271,50.0
EMP013,2026-03-24,6.41,9.24,516.86,10,0.7993,149.5,1,1,1,0.224,50.0
EMP013,2026-03-25,6.41,9.24,516.86,10,0.7722,208.5,1,1,1,2.019,50.0
EMP013,2026-03-26,6.41,9.24,516.86,10,0.7636,192.5,1,1,1,1.869,50.0
EMP013,2026-03-27,6.41,9.24,516.86,10,0.7755,196.0,1,1,1,1.62,50.0
EMP013,2026-03-28,6.41,9.24,516.86,10,0.8154,65.0,1,1,1,-0.025,50.0
EMP013,2026-03-29,6.41,9.24,516.86,0,0.0,0.0,1,1,1,-1.371,50.0
EMP013,2026-03-30,6.41,9.24,516.86,10,0.7722,169.0,2,2,2,1.52,50.0
EMP013,2026-03-31,6.41,9.24,516.86,10,0.7584,178.0,1,1,1,2.268,50.0
EMP014,2026-01-01,6.32,11.38,493.5,0,0.0,0.0,1,1,1,-1.348,50.0
EMP014,2026-01-02,6.32,11.38,493.5,10,0.729,53.5,2,2,2,-0.487,50.0
EMP014,2026-01-03,6.32,11.38,493.5,10,0.7576,49.5,1,1,1,-0.717,50.0
EMP014,2026-01-04,6.32,11.38,493.5,0,0.0,0.0,1,1,1,-1.348,50.0
EMP014,2026-01-05,6.32,11.38,493.5,10,0.7378,133.5,2,2,2,0.832,50.0
EMP014,2026-01-06,6.32,11.38,493.5,10,0.7444,111.5,1,1,1,0.144,50.0
EMP014,2026-01-07,6.32,11.38,493.5,7,0.7143,3.5,1,1,1,-1.29,50.0
EMP014,2026-01-08,6.32,11.38,493.5,10,0.7722,118.5,1,1,2,0.775,50.0
EMP014,2026-01-09,6.32,11.38,493.5,10,0.7642,61.5,1,1,1,0.029,50.0
EMP014,2026-01-10,6.32,11.38,493.5,10,0.6951,41.0,1,1,1,-0.831,50.0
EMP014,2026-01-11,6.32,11.38,493.5,0,0.0,0.0,1,1,1,-1.348,50.0
EMP014,2026-01-12,6.32,11.38,493.5,10,0.7048,105.0,2,2,2,0.144,50.0
EMP014,2026-01-13,6.32,11.38,493.5,10,0.7059,110.5,1,1,1,0.201,50.0
EMP014,2026-01-14,6.32,11.38,493.5,10,0.7826,115.0,1,1,1,0.488,50.0
EMP014,2026-01-15,6.32,11.38,493.5,10,0.7704,98.0,1,1,1,0.201,50.0
EMP014,2026-01-16,6.32,11.38,493.5,10,0.7337,99.5,1,1,1,0.201,50.0
EMP014,2026-01-17,6.32,11.38,493.5,10,0.7368,19.0,1,1,1,-0.889,50.0
EMP014,2026-01-18,6.32,11.38,493.5,0,0.0,0.0,1,1,1,-1.348,50.0
EMP014,2026-01-19,6.32,11.38,493.5,10,0.6853,125.5,2,2,2,0.201,50.0
EMP014,2026-01-20,6.32,11.38,493.5,10,0.7615,119.5,1,1,1,0.259,50.0
EMP014,2026-01-21,6.32,11.38,493.5,10,0.6738,93.5,1,1,1,0.201,50.0
EMP014,2026-01-22,6.32,11.38,493.5,10,0.7804,107.0,1,1,1,0.144,50.0
EMP014,2026-01-23,6.32,11.38,493.5,10,0.72,112.5,1,1,1,0.373,50.0
EMP014,2026-01-24,6.32,11.38,493.5,10,0.7595,39.5,1,1,1,-0.544,50.0
EMP014,2026-01-25,6.32,11.38,493.5,0,0.0,0.0,1,1,1,-1.348,50.0
EMP014,2026-01-26,6.32,11.38,493.5,0,0.0,0.0,2,2,2,-1.348,50.0
EMP014,2026-01-27,6.32,11.38,493.5,10,0.7669,133.0,3,3,3,1.005,50.0
EMP014,2026-01-28,6.32,11.38,493.5,10,0.684,106.0,1,1,1,0.546,50.0
EMP014,2026-01-29,6.32,11.38,493.5,10,0.7218,142.0,1,1,1,1.464,50.0
EMP014,2026-01-30,6.32,11.38,493.5,10,0.7491,139.5,1,1,1,2.324,50.0
EMP014,2026-01-31,6.32,11.38,493.5,10,0.7143,38.5,1,1,1,-0.659,50.0
EMP014,2026-02-01,6.32,11.38,493.5,0,0.0,0.0,1,1,1,-1.348,50.0
EMP014,2026-02-02,6.32,11.38,493.5,10,0.6955,133.0,2,2,2,0.029,50.0
EMP014,2026-02-03,6.32,11.38,493.5,10,0.7452,129.5,1,1,1,1.119,50.0
EMP014,2026-02-04,6.32,11.38,493.5,10,0.7062,97.0,1,1,1,0.373,50.0
EMP014,2026-02-05,6.32,11.38,493.5,10,0.7396,96.0,1,1,1,0.259,50.0
EMP014,2026-02-06,6.32,11.38,493.5,10,0.6964,112.0,1,1,1,0.029,50.0
EMP014,2026-02-07,6.32,11.38,493.5,10,0.6795,39.0,1,1,1,-0.774,50.0
EMP014,2026-02-08,6.32,11.38,493.5,0,0.0,0.0,1,1,1,-1.348,50.0
EMP014,2026-02-09,6.32,11.38,493.5,10,0.75,118.0,2,2,2,0.89,50.0
EMP014,2026-02-10,6.32,11.38,493.5,10,0.7241,116.0,1,1,1,-0.085,50.0
EMP014,2026-02-11,6.32,11.38,493.5,10,0.7277,106.5,1,1,1,0.259,50.0
EMP014,2026-02-12,6.32,11.38,493.5,10,0.7047,96.5,1,1,1,0.029,50.0
EMP014,2026-02-13,6.32,11.38,493.5,0,0.0,0.0,1,1,1,-1.348,50.0
EMP014,2026-02-14,6.32,11.38,493.5,10,0.6849,36.5,2,2,2,-0.717,50.0
EMP014,2026-02-15,6.32,11.38,493.5,0,0.0,0.0,1,1,1,-1.348,50.0
EMP014,2026-02-16,6.32,11.38,493.5,10,0.6724,116.0,2,2,2,0.087,50.0
EMP014,2026-02-17,6.32,11.38,493.5,10,0.752,127.0,1,1,1,0.947,50.0
EMP014,2026-02-18,6.32,11.38,493.5,10,0.7522,113.0,1,1,1,0.316,50.0
EMP014,2026-02-19,6.32,11.38,493.5,10,0.7713,111.5,1,1,1,0.488,50.0
EMP014,2026-02-20,6.32,11.38,493.5,10,0.7635,120.5,1,1,1,0.316,50.0
EMP014,2026-02-21,6.32,11.38,493.5,10,0.7375,40.0,1,1,1,-0.717,50.0
EMP014,2026-02-22,6.32,11.38,493.5,0,0.0,0.0,1,1,1,-1.348,50.0
EMP014,2026-02-23,6.32,11.38,493.5,10,0.7347,122.5,2,2,2,0.546,50.0
EMP014,2026-02-24,6.32,11.38,493.5,10,0.7937,111.5,1,1,1,0.259,50.0
EMP014,2026-02-25,6.32,11.38,493.5,10,0.75,102.0,1,1,1,-0.085,50.0
EMP014,2026-02-26,6.32,11.38,493.5,10,0.6982,137.5,1,1,1,0.947,50.0
EMP014,2026-02-27,6.32,11.38,493.5,10,0.7652,132.0,1,1,1,0.947,50.0
EMP014,2026-02-28,6.32,11.38,493.5,10,0.8352,45.5,1,1,1,-0.487,50.0
EMP014,2026-03-01,6.32,11.38,493.5,0,0.0,0.0,1,1,1,-1.348,50.0
EMP014,2026-03-02,6.32,11.38,493.5,0,0.0,0.0,2,2,2,-1.348,50.0
EMP014,2026-03-03,6.32,11.38,493.5,10,0.7172,145.0,3,3,3,1.005,50.0
EMP014,2026-03-04,6.32,11.38,493.5,10,0.7585,118.0,1,1,1,0.66,50.0
EMP014,2026-03-05,6.32,11.38,493.5,10,0.752,123.0,1,1,1,0.316,50.0
EMP014,2026-03-06,6.32,11.38,493.5,0,0.0,0.0,1,1,1,-1.348,50.0
EMP014,2026-03-07,6.32,11.38,493.5,10,0.759,41.5,2,2,2,-0.717,50.0
EMP014,2026-03-08,6.32,11.38,493.5,0,0.0,0.0,1,1,1,-1.348,50.0
EMP014,2026-03-09,6.32,11.38,493.5,10,0.7984,124.0,2,2,2,0.832,50.0
EMP014,2026-03-10,6.32,11.38,493.5,10,0.7336,122.0,1,1,1,0.546,50.0
EMP014,2026-03-11,6.32,11.38,493.5,10,0.7838,111.0,1,1,1,0.316,50.0
EMP014,2026-03-12,6.32,11.38,493.5,8,0.6667,7.5,1,1,1,-1.176,50.0
EMP014,2026-03-13,6.32,11.38,493.5,10,0.7946,56.0,1,1,2,-0.43,50.0
EMP014,2026-03-14,6.32,11.38,493.5,10,0.7246,34.5,1,1,1,-0.602,50.0
EMP014,2026-03-15,6.32,11.38,493.5,0,0.0,0.0,1,1,1,-1.348,50.0
EMP014,2026-03-16,6.32,11.38,493.5,10,0.7525,101.0,2,2,2,0.316,50.0
EMP014,2026-03-17,6.32,11.38,493.5,10,0.7419,108.5,1,1,1,1.406,50.0
EMP014,2026-03-18,6.32,11.38,493.5,10,0.6987,119.5,1,1,1,0.775,50.0
EMP014,2026-03-19,6.32,11.38,493.5,10,0.7595,118.5,1,1,1,0.832,50.0
EMP014,2026-03-20,6.32,11.38,493.5,10,0.7345,88.5,1,1,1,0.373,50.0
EMP014,2026-03-21,6.32,11.38,493.5,10,0.7692,32.5,1,1,1,-0.946,50.0
EMP014,2026-03-22,6.32,11.38,493.5,0,0.0,0.0,1,1,1,-1.348,50.0
EMP014,2026-03-23,6.32,11.38,493.5,10,0.7413,129.5,2,2,2,0.66,50.0
EMP014,2026-03-24,6.32,11.38,493.5,10,0.692,112.0,1,1,1,0.029,50.0
EMP014,2026-03-25,6.32,11.38,493.5,10,0.7573,154.5,1,1,1,0.947,50.0
EMP014,2026-03-26,6.32,11.38,493.5,10,0.7834,187.0,1,1,1,2.439,50.0
EMP014,2026-03-27,6.32,11.38,493.5,10,0.7479,182.5,1,1,1,2.095,50.0
EMP014,2026-03-28,6.32,11.38,493.5,10,0.7687,73.5,1,1,1,0.431,50.0
EMP014,2026-03-29,6.32,11.38,493.5,0,0.0,0.0,1,1,1,-1.348,50.0
EMP014,2026-03-30,6.32,11.38,493.5,10,0.8343,181.0,2,2,2,2.439,50.0
EMP014,2026-03-31,6.32,11.38,493.5,10,0.7677,176.5,1,1,1,2.611,50.0
EMP015,2026-01-01,6.37,9.21,556.75,0,0.0,0.0,1,1,1,0.0,50.0
EMP015,2026-01-02,6.37,9.21,556.75,5,0.6731,338.0,2,2,2,0.0,50.0
EMP015,2026-01-03,6.37,9.21,556.75,5,0.7538,130.0,3,3,3,0.0,50.0
EMP015,2026-01-04,6.37,9.21,556.75,0,0.0,0.0,4,4,4,0.0,50.0
EMP015,2026-01-05,6.37,9.21,556.75,5,0.7741,305.5,5,5,5,0.0,50.0
EMP015,2026-01-06,6.37,9.21,556.75,5,0.7254,122.0,6,6,6,0.0,50.0
EMP015,2026-01-07,6.37,9.21,556.75,0,0.0,0.0,7,7,7,0.0,50.0
EMP015,2026-01-08,6.37,9.21,556.75,5,0.6959,319.0,8,8,8,0.0,50.0
EMP015,2026-01-09,6.37,9.21,556.75,5,0.6634,304.5,9,9,9,0.0,50.0
EMP015,2026-01-10,6.37,9.21,556.75,5,0.7076,85.5,10,10,10,0.0,50.0
EMP015,2026-01-11,6.37,9.21,556.75,0,0.0,0.0,11,11,11,0.0,50.0
EMP015,2026-01-12,6.37,9.21,556.75,5,0.7705,281.0,12,12,12,0.0,50.0
EMP015,2026-01-13,6.37,9.21,556.75,5,0.7529,261.0,13,13,13,0.0,50.0
EMP015,2026-01-14,6.37,9.21,556.75,5,0.6698,263.5,14,14,14,0.0,50.0
EMP015,2026-01-15,6.37,9.21,556.75,5,0.6637,227.5,15,15,15,0.0,50.0
EMP015,2026-01-16,6.37,9.21,556.75,5,0.7359,293.5,16,16,16,0.0,50.0
EMP015,2026-01-17,6.37,9.21,556.75,5,0.6881,101.0,17,17,17,0.0,50.0
EMP015,2026-01-18,6.37,9.21,556.75,0,0.0,0.0,18,18,18,0.0,50.0
EMP015,2026-01-19,6.37,9.21,556.75,5,0.7349,298.0,19,19,19,0.0,50.0
EMP015,2026-01-20,6.37,9.21,556.75,5,0.7925,359.0,20,20,20,0.0,50.0
EMP015,2026-01-21,6.37,9.21,556.75,5,0.75,230.0,21,21,21,0.0,50.0
EMP015,2026-01-22,6.37,9.21,556.75,5,0.6528,265.0,22,22,22,0.0,50.0
EMP015,2026-01-23,6.37,9.21,556.75,5,0.7227,238.0,23,23,23,0.0,50.0
EMP015,2026-01-24,6.37,9.21,556.75,5,0.7653,106.5,24,24,24,0.0,50.0
EMP015,2026-01-25,6.37,9.21,556.75,0,0.0,0.0,25,25,25,0.0,50.0
EMP015,2026-01-26,6.37,9.21,556.75,0,0.0,0.0,26,26,26,0.0,50.0
EMP015,2026-01-27,6.37,9.21,556.75,5,0.6743,304.0,27,27,27,0.0,50.0
EMP015,2026-01-28,6.37,9.21,556.75,5,0.7329,277.0,28,28,28,0.0,50.0
EMP015,2026-01-29,6.37,9.21,556.75,5,0.792,324.5,29,29,29,0.0,50.0
EMP015,2026-01-30,6.37,9.21,556.75,5,0.659,281.5,30,30,30,0.0,50.0
EMP015,2026-01-31,6.37,9.21,556.75,5,0.7681,103.5,31,31,31,0.0,50.0
EMP015,2026-02-01,6.37,9.21,556.75,0,0.0,0.0,32,32,32,0.0,50.0
EMP015,2026-02-02,6.37,9.21,556.75,5,0.7035,330.5,33,33,33,0.0,50.0
EMP015,2026-02-03,6.37,9.21,556.75,5,0.6872,316.5,34,34,34,0.0,50.0
EMP015,2026-02-04,6.37,9.21,556.75,5,0.6738,282.0,35,35,35,0.0,50.0
EMP015,2026-02-05,6.37,9.21,556.75,5,0.7433,298.0,36,36,36,0.0,50.0
EMP015,2026-02-06,6.37,9.21,556.75,5,0.7134,235.5,37,37,37,0.0,50.0
EMP015,2026-02-07,6.37,9.21,556.75,5,0.7188,96.0,38,38,38,0.0,50.0
EMP015,2026-02-08,6.37,9.21,556.75,0,0.0,0.0,39,39,39,0.0,50.0
EMP015,2026-02-09,6.37,9.21,556.75,5,0.6921,302.0,40,40,40,0.0,50.0
EMP015,2026-02-10,6.37,9.21,556.75,5,0.6546,262.0,41,41,41,0.0,50.0
EMP015,2026-02-11,6.37,9.21,556.75,5,0.6337,258.0,42,42,42,0.0,50.0
EMP015,2026-02-12,6.37,9.21,556.75,5,0.7314,262.5,43,43,43,0.0,50.0
EMP015,2026-02-13,6.37,9.21,556.75,5,0.6753,289.5,44,44,44,0.0,50.0
EMP015,2026-02-14,6.37,9.21,556.75,5,0.7389,101.5,45,45,45,0.0,50.0
EMP015,2026-02-15,6.37,9.21,556.75,0,0.0,0.0,46,46,46,0.0,50.0
EMP015,2026-02-16,6.37,9.21,556.75,5,0.7942,274.5,47,47,47,0.0,50.0
EMP015,2026-02-17,6.37,9.21,556.75,5,0.7324,248.5,48,48,48,0.0,50.0
EMP015,2026-02-18,6.37,9.21,556.75,5,0.6357,258.0,49,49,49,0.0,50.0
EMP015,2026-02-19,6.37,9.21,556.75,5,0.654,237.0,50,50,50,0.0,50.0
EMP015,2026-02-20,6.37,9.21,556.75,5,0.677,275.5,51,51,51,0.0,50.0
EMP015,2026-02-21,6.37,9.21,556.75,5,0.6277,94.0,52,52,52,0.0,50.0
EMP015,2026-02-22,6.37,9.21,556.75,0,0.0,0.0,53,53,53,0.0,50.0
EMP015,2026-02-23,6.37,9.21,556.75,5,0.7348,254.5,54,54,54,0.0,50.0
EMP015,2026-02-24,6.37,9.21,556.75,5,0.6957,281.0,55,55,55,0.0,50.0
EMP015,2026-02-25,6.37,9.21,556.75,5,0.753,289.5,56,56,56,0.0,50.0
EMP015,2026-02-26,6.37,9.21,556.75,5,0.7279,345.5,57,57,57,0.0,50.0
EMP015,2026-02-27,6.37,9.21,556.75,5,0.6712,333.0,58,58,58,0.0,50.0
EMP015,2026-02-28,6.37,9.21,556.75,5,0.6842,66.5,59,59,59,0.0,50.0
EMP015,2026-03-01,6.37,9.21,556.75,0,0.0,0.0,60,60,60,0.0,50.0
EMP015,2026-03-02,6.37,9.21,556.75,0,0.0,0.0,61,61,61,0.0,50.0
EMP015,2026-03-03,6.37,9.21,556.75,5,0.7053,358.0,62,62,62,0.0,50.0
EMP015,2026-03-04,6.37,9.21,556.75,4,0.7667,15.0,63,63,63,0.0,50.0
EMP015,2026-03-05,6.37,9.21,556.75,5,0.7099,243.0,64,64,64,0.0,50.0
EMP015,2026-03-06,6.37,9.21,556.75,5,0.7122,234.5,65,65,65,0.0,50.0
EMP015,2026-03-07,6.37,9.21,556.75,4,0.7526,48.5,66,66,66,0.0,50.0
EMP015,2026-03-08,6.37,9.21,556.75,0,0.0,0.0,67,67,67,0.0,50.0
EMP015,2026-03-09,6.37,9.21,556.75,5,0.7557,329.5,68,68,68,0.0,50.0
EMP015,2026-03-10,6.37,9.21,556.75,5,0.7364,275.0,69,69,69,0.0,50.0
EMP015,2026-03-11,6.37,9.21,556.75,5,0.6929,247.5,70,70,70,0.0,50.0
EMP015,2026-03-12,6.37,9.21,556.75,5,0.7754,276.0,71,71,71,0.0,50.0
EMP015,2026-03-13,6.37,9.21,556.75,5,0.6963,253.5,72,72,72,0.0,50.0
EMP015,2026-03-14,6.37,9.21,556.75,5,0.7083,108.0,73,73,73,0.0,50.0
EMP015,2026-03-15,6.37,9.21,556.75,0,0.0,0.0,74,74,74,0.0,50.0
EMP015,2026-03-16,6.37,9.21,556.75,5,0.6806,250.5,75,75,75,0.0,50.0
EMP015,2026-03-17,6.37,9.21,556.75,5,0.7063,269.0,76,76,76,0.0,50.0
EMP015,2026-03-18,6.37,9.21,556.75,5,0.7404,298.5,77,77,77,0.0,50.0
EMP015,2026-03-19,6.37,9.21,556.75,5,0.7554,302.5,78,78,78,0.0,50.0
EMP015,2026-03-20,6.37,9.21,556.75,0,0.0,0.0,79,79,79,0.0,50.0
EMP015,2026-03-21,6.37,9.21,556.75,5,0.7222,99.0,80,80,80,0.0,50.0
EMP015,2026-03-22,6.37,9.21,556.75,0,0.0,0.0,81,81,81,0.0,50.0
EMP015,2026-03-23,6.37,9.21,556.75,5,0.675,180.0,82,82,82,0.0,50.0
EMP015,2026-03-24,6.37,9.21,556.75,5,0.6802,283.0,83,83,83,0.0,50.0
EMP015,2026-03-25,6.37,9.21,556.75,5,0.7192,320.5,84,84,84,0.0,50.0
EMP015,2026-03-26,6.37,9.21,556.75,5,0.7098,332.5,85,85,85,0.0,50.0
EMP015,2026-03-27,6.37,9.21,556.75,5,0.7885,340.5,86,86,86,0.0,50.0
EMP015,2026-03-28,6.37,9.21,556.75,5,0.7217,154.5,87,87,87,0.0,50.0
EMP015,2026-03-29,6.37,9.21,556.75,0,0.0,0.0,88,88,88,0.0,50.0
EMP015,2026-03-30,6.37,9.21,556.75,5,0.7432,276.5,89,89,89,0.0,50.0
EMP015,2026-03-31,6.37,9.21,556.75,0,0.0,0.0,90,90,90,0.0,50.0
EMP016,2026-01-01,7.1,9.9,511.26,0,0.0,0.0,1,1,1,0.0,50.0
EMP016,2026-01-02,7.1,9.9,511.26,5,0.5948,269.0,2,2,2,0.0,50.0
EMP016,2026-01-03,7.1,9.9,511.26,5,0.6495,107.0,3,3,3,0.0,50.0
EMP016,2026-01-04,7.1,9.9,511.26,0,0.0,0.0,4,4,4,0.0,50.0
EMP016,2026-01-05,7.1,9.9,511.26,5,0.7008,244.0,5,5,5,0.0,50.0
EMP016,2026-01-06,7.1,9.9,511.26,5,0.6649,276.0,6,6,6,0.0,50.0
EMP016,2026-01-07,7.1,9.9,511.26,5,0.6741,245.5,7,7,7,0.0,50.0
EMP016,2026-01-08,7.1,9.9,511.26,5,0.7198,248.0,8,8,8,0.0,50.0
EMP016,2026-01-09,7.1,9.9,511.26,5,0.6475,200.0,9,9,9,0.0,50.0
EMP016,2026-01-10,7.1,9.9,511.26,5,0.7204,93.0,10,10,10,0.0,50.0
EMP016,2026-01-11,7.1,9.9,511.26,0,0.0,0.0,11,11,11,0.0,50.0
EMP016,2026-01-12,7.1,9.9,511.26,5,0.6239,222.0,12,12,12,0.0,50.0
EMP016,2026-01-13,7.1,9.9,511.26,5,0.6639,122.0,13,13,13,0.0,50.0
EMP016,2026-01-14,7.1,9.9,511.26,5,0.7451,206.0,14,14,14,0.0,50.0
EMP016,2026-01-15,7.1,9.9,511.26,4,0.7826,11.5,15,15,15,0.0,50.0
EMP016,2026-01-16,7.1,9.9,511.26,5,0.7373,255.0,16,16,16,0.0,50.0
EMP016,2026-01-17,7.1,9.9,511.26,5,0.715,100.0,17,17,17,0.0,50.0
EMP016,2026-01-18,7.1,9.9,511.26,0,0.0,0.0,18,18,18,0.0,50.0
EMP016,2026-01-19,7.1,9.9,511.26,5,0.7347,252.5,19,19,19,0.0,50.0
EMP016,2026-01-20,7.1,9.9,511.26,5,0.6591,287.5,20,20,20,0.0,50.0
EMP016,2026-01-21,7.1,9.9,511.26,5,0.7541,244.0,21,21,21,0.0,50.0
EMP016,2026-01-22,7.1,9.9,511.26,5,0.7067,208.0,22,22,22,0.0,50.0
EMP016,2026-01-23,7.1,9.9,511.26,5,0.6819,240.5,23,23,23,0.0,50.0
EMP016,2026-01-24,7.1,9.9,511.26,5,0.7391,92.0,24,24,24,0.0,50.0
EMP016,2026-01-25,7.1,9.9,511.26,0,0.0,0.0,25,25,25,0.0,50.0
EMP016,2026-01-26,7.1,9.9,511.26,0,0.0,0.0,26,26,26,0.0,50.0
EMP016,2026-01-27,7.1,9.9,511.26,0,0.0,0.0,27,27,27,0.0,50.0
EMP016,2026-01-28,7.1,9.9,511.26,5,0.7438,201.0,28,28,28,0.0,50.0
EMP016,2026-01-29,7.1,9.9,511.26,5,0.7015,296.5,29,29,29,0.0,50.0
EMP016,2026-01-30,7.1,9.9,511.26,0,0.0,0.0,30,30,30,0.0,50.0
EMP016,2026-01-31,7.1,9.9,511.26,5,0.7,95.0,31,31,31,0.0,50.0
EMP016,2026-02-01,7.1,9.9,511.26,0,0.0,0.0,32,32,32,0.0,50.0
EMP016,2026-02-02,7.1,9.9,511.26,5,0.712,316.0,33,33,33,0.0,50.0
EMP016,2026-02-03,7.1,9.9,511.26,5,0.7812,308.5,34,34,34,0.0,50.0
EMP016,2026-02-04,7.1,9.9,511.26,5,0.7179,218.0,35,35,35,0.0,50.0
EMP016,2026-02-05,7.1,9.9,511.26,5,0.751,249.0,36,36,36,0.0,50.0
EMP016,2026-02-06,7.1,9.9,511.26,5,0.7121,132.0,37,37,37,0.0,50.0
EMP016,2026-02-07,7.1,9.9,511.26,5,0.7487,97.5,38,38,38,0.0,50.0
EMP016,2026-02-08,7.1,9.9,511.26,0,0.0,0.0,39,39,39,0.0,50.0
EMP016,2026-02-09,7.1,9.9,511.26,5,0.6791,215.0,40,40,40,0.0,50.0
EMP016,2026-02-10,7.1,9.9,511.26,5,0.6931,303.0,41,41,41,0.0,50.0
EMP016,2026-02-11,7.1,9.9,511.26,5,0.7743,226.0,42,42,42,0.0,50.0
EMP016,2026-02-12,7.1,9.9,511.26,5,0.6124,209.0,43,43,43,0.0,50.0
EMP016,2026-02-13,7.1,9.9,511.26,0,0.0,0.0,44,44,44,0.0,50.0
EMP016,2026-02-14,7.1,9.9,511.26,5,0.7284,81.0,45,45,45,0.0,50.0
EMP016,2026-02-15,7.1,9.9,511.26,0,0.0,0.0,46,46,46,0.0,50.0
EMP016,2026-02-16,7.1,9.9,511.26,5,0.7633,245.0,47,47,47,0.0,50.0
EMP016,2026-02-17,7.1,9.9,511.26,5,0.72,262.5,48,48,48,0.0,50.0
EMP016,2026-02-18,7.1,9.9,511.26,5,0.7518,213.5,49,49,49,0.0,50.0
EMP016,2026-02-19,7.1,9.9,511.26,5,0.6992,199.5,50,50,50,0.0,50.0
EMP016,2026-02-20,7.1,9.9,511.26,5,0.6832,241.5,51,51,51,0.0,50.0
EMP016,2026-02-21,7.1,9.9,511.26,5,0.6846,74.5,52,52,52,0.0,50.0
EMP016,2026-02-22,7.1,9.9,511.26,0,0.0,0.0,53,53,53,0.0,50.0
EMP016,2026-02-23,7.1,9.9,511.26,0,0.0,0.0,54,54,54,0.0,50.0
EMP016,2026-02-24,7.1,9.9,511.26,5,0.7322,302.5,55,55,55,0.0,50.0
EMP016,2026-02-25,7.1,9.9,511.26,5,0.6637,223.0,56,56,56,0.0,50.0
EMP016,2026-02-26,7.1,9.9,511.26,5,0.6488,242.0,57,57,57,0.0,50.0
EMP016,2026-02-27,7.1,9.9,511.26,5,0.707,128.0,58,58,58,0.0,50.0
EMP016,2026-02-28,7.1,9.9,511.26,5,0.6636,108.5,59,59,59,0.0,50.0
EMP016,2026-03-01,7.1,9.9,511.26,0,0.0,0.0,60,60,60,0.0,50.0
EMP016,2026-03-02,7.1,9.9,511.26,0,0.0,0.0,61,61,61,0.0,50.0
EMP016,2026-03-03,7.1,9.9,511.26,5,0.7152,309.0,62,62,62,0.0,50.0
EMP016,2026-03-04,7.1,9.9,511.26,5,0.6629,224.0,63,63,63,0.0,50.0
EMP016,2026-03-05,7.1,9.9,511.26,5,0.7793,260.5,64,64,64,0.0,50.0
EMP016,2026-03-06,7.1,9.9,511.26,5,0.733,264.0,65,65,65,0.0,50.0
EMP016,2026-03-07,7.1,9.9,511.26,5,0.7584,89.0,66,66,66,0.0,50.0
EMP016,2026-03-08,7.1,9.9,511.26,0,0.0,0.0,67,67,67,0.0,50.0
EMP016,2026-03-09,7.1,9.9,511.26,5,0.7064,281.0,68,68,68,0.0,50.0
EMP016,2026-03-10,7.1,9.9,511.26,5,0.6483,244.5,69,69,69,0.0,50.0
EMP016,2026-03-11,7.1,9.9,511.26,5,0.7466,221.0,70,70,70,0.0,50.0
EMP016,2026-03-12,7.1,9.9,511.26,5,0.6905,210.0,71,71,71,0.0,50.0
EMP016,2026-03-13,7.1,9.9,511.26,5,0.6643,213.0,72,72,72,0.0,50.0
EMP016,2026-03-14,7.1,9.9,511.26,5,0.7421,95.0,73,73,73,0.0,50.0
EMP016,2026-03-15,7.1,9.9,511.26,0,0.0,0.0,74,74,74,0.0,50.0
EMP016,2026-03-16,7.1,9.9,511.26,5,0.708,205.5,75,75,75,0.0,50.0
EMP016,2026-03-17,7.1,9.9,511.26,5,0.7128,285.5,76,76,76,0.0,50.0
EMP016,2026-03-18,7.1,9.9,511.26,5,0.7056,197.0,77,77,77,0.0,50.0
EMP016,2026-03-19,7.1,9.9,511.26,5,0.7404,221.5,78,78,78,0.0,50.0
EMP016,2026-03-20,7.1,9.9,511.26,5,0.6584,241.5,79,79,79,0.0,50.0
EMP016,2026-03-21,7.1,9.9,511.26,5,0.6915,47.0,80,80,80,0.0,50.0
EMP016,2026-03-22,7.1,9.9,511.26,0,0.0,0.0,81,81,81,0.0,50.0
EMP016,2026-03-23,7.1,9.9,511.26,5,0.665,200.0,82,82,82,0.0,50.0
EMP016,2026-03-24,7.1,9.9,511.26,5,0.6391,284.0,83,83,83,0.0,50.0
EMP016,2026-03-25,7.1,9.9,511.26,5,0.7201,284.0,84,84,84,0.0,50.0
EMP016,2026-03-26,7.1,9.9,511.26,5,0.6281,285.0,85,85,85,0.0,50.0
EMP016,2026-03-27,7.1,9.9,511.26,5,0.7193,367.0,86,86,86,0.0,50.0
EMP016,2026-03-28,7.1,9.9,511.26,5,0.6996,116.5,87,87,87,0.0,50.0
EMP016,2026-03-29,7.1,9.9,511.26,0,0.0,0.0,88,88,88,0.0,50.0
EMP016,2026-03-30,7.1,9.9,511.26,5,0.7329,241.5,89,89,89,0.0,50.0
EMP016,2026-03-31,7.1,9.9,511.26,5,0.6965,313.0,90,90,90,0.0,50.0
EMP017,2026-01-01,5.78,10.43,556.92,0,0.0,0.0,1,1,1,0.0,0.0
EMP017,2026-01-02,5.78,10.43,556.92,5,0.7508,166.5,2,2,2,0.0,0.0
EMP017,2026-01-03,5.78,10.43,556.92,5,0.7131,118.5,3,3,3,0.0,0.0
EMP017,2026-01-04,5.78,10.43,556.92,0,0.0,0.0,4,4,4,0.0,0.0
EMP017,2026-01-05,5.78,10.43,556.92,5,0.744,310.5,5,5,5,0.0,0.0
EMP017,2026-01-06,5.78,10.43,556.92,5,0.7327,267.5,6,6,6,0.0,0.0
EMP017,2026-01-07,5.78,10.43,556.92,5,0.7429,229.5,7,7,7,0.0,0.0
EMP017,2026-01-08,5.78,10.43,556.92,5,0.7296,307.0,8,8,8,0.0,0.0
EMP017,2026-01-09,5.78,10.43,556.92,5,0.6752,235.5,9,9,9,0.0,0.0
EMP017,2026-01-10,5.78,10.43,556.92,5,0.7282,103.0,10,10,10,0.0,0.0
EMP017,2026-01-11,5.78,10.43,556.92,0,0.0,0.0,11,11,11,0.0,0.0
EMP017,2026-01-12,5.78,10.43,556.92,5,0.6686,253.5,12,12,12,0.0,0.0
EMP017,2026-01-13,5.78,10.43,556.92,5,0.7554,302.5,13,13,13,0.0,0.0
EMP017,2026-01-14,5.78,10.43,556.92,0,0.0,0.0,14,14,14,0.0,0.0
EMP017,2026-01-15,5.78,10.43,556.92,5,0.6937,277.5,15,15,15,0.0,0.0
EMP017,2026-01-16,5.78,10.43,556.92,5,0.7366,233.5,16,16,16,0.0,0.0
EMP017,2026-01-17,5.78,10.43,556.92,5,0.6635,104.0,17,17,17,0.0,0.0
EMP017,2026-01-18,5.78,10.43,556.92,0,0.0,0.0,18,18,18,0.0,0.0
EMP017,2026-01-19,5.78,10.43,556.92,5,0.7146,247.0,19,19,19,0.0,0.0
EMP017,2026-01-20,5.78,10.43,556.92,5,0.745,325.5,20,20,20,0.0,0.0
EMP017,2026-01-21,5.78,10.43,556.92,5,0.7844,160.0,21,21,21,0.0,0.0
EMP017,2026-01-22,5.78,10.43,556.92,5,0.7055,275.0,22,22,22,0.0,0.0
EMP017,2026-01-23,5.78,10.43,556.92,5,0.6468,243.5,23,23,23,0.0,0.0
EMP017,2026-01-24,5.78,10.43,556.92,5,0.7353,85.0,24,24,24,0.0,0.0
EMP017,2026-01-25,5.78,10.43,556.92,0,0.0,0.0,25,25,25,0.0,0.0
EMP017,2026-01-26,5.78,10.43,556.92,0,0.0,0.0,26,26,26,0.0,0.0
EMP017,2026-01-27,5.78,10.43,556.92,5,0.6913,230.0,27,27,27,0.0,0.0
EMP017,2026-01-28,5.78,10.43,556.92,5,0.7418,213.0,28,28,28,0.0,0.0
EMP017,2026-01-29,5.78,10.43,556.92,5,0.7539,351.5,29,29,29,0.0,0.0
EMP017,2026-01-30,5.78,10.43,556.92,5,0.7496,353.5,30,30,30,0.0,0.0
EMP017,2026-01-31,5.78,10.43,556.92,5,0.6684,98.0,31,31,31,0.0,0.0
EMP017,2026-02-01,5.78,10.43,556.92,0,0.0,0.0,32,32,32,0.0,0.0
EMP017,2026-02-02,5.78,10.43,556.92,5,0.7581,322.5,33,33,33,0.0,0.0
EMP017,2026-02-03,5.78,10.43,556.92,5,0.691,328.5,34,34,34,0.0,0.0
EMP017,2026-02-04,5.78,10.43,556.92,5,0.6703,271.5,35,35,35,0.0,0.0
EMP017,2026-02-05,5.78,10.43,556.92,5,0.7231,283.5,36,36,36,0.0,0.0
EMP017,2026-02-06,5.78,10.43,556.92,0,0.0,0.0,37,37,37,0.0,0.0
EMP017,2026-02-07,5.78,10.43,556.92,5,0.7383,107.0,38,38,38,0.0,0.0
EMP017,2026-02-08,5.78,10.43,556.92,0,0.0,0.0,39,39,39,0.0,0.0
EMP017,2026-02-09,5.78,10.43,556.92,5,0.7576,297.0,40,40,40,0.0,0.0
EMP017,2026-02-10,5.78,10.43,556.92,5,0.68,25.0,41,41,41,0.0,0.0
EMP017,2026-02-11,5.78,10.43,556.92,5,0.7078,296.0,42,42,42,0.0,0.0
EMP017,2026-02-12,5.78,10.43,556.92,5,0.6989,279.0,43,43,43,0.0,0.0
EMP017,2026-02-13,5.78,10.43,556.92,5,0.728,250.0,44,44,44,0.0,0.0
EMP017,2026-02-14,5.78,10.43,556.92,5,0.7253,91.0,45,45,45,0.0,0.0
EMP017,2026-02-15,5.78,10.43,556.92,0,0.0,0.0,46,46,46,0.0,0.0
EMP017,2026-02-16,5.78,10.43,556.92,5,0.7505,270.5,47,47,47,0.0,0.0
EMP017,2026-02-17,5.78,10.43,556.92,5,0.7154,260.0,48,48,48,0.0,0.0
EMP017,2026-02-18,5.78,10.43,556.92,5,0.6764,273.5,49,49,49,0.0,0.0
EMP017,2026-02-19,5.78,10.43,556.92,5,0.6837,264.0,50,50,50,0.0,0.0
EMP017,2026-02-20,5.78,10.43,556.92,5,0.7206,306.0,51,51,51,0.0,0.0
EMP017,2026-02-21,5.78,10.43,556.92,5,0.7094,101.5,52,52,52,0.0,0.0
EMP017,2026-02-22,5.78,10.43,556.92,0,0.0,0.0,53,53,53,0.0,0.0
EMP017,2026-02-23,5.78,10.43,556.92,5,0.7729,321.5,54,54,54,0.0,0.0
EMP017,2026-02-24,5.78,10.43,556.92,5,0.728,250.0,55,55,55,0.0,0.0
EMP017,2026-02-25,5.78,10.43,556.92,5,0.7251,256.5,56,56,56,0.0,0.0
EMP017,2026-02-26,5.78,10.43,556.92,5,0.6926,289.5,57,57,57,0.0,0.0
EMP017,2026-02-27,5.78,10.43,556.92,5,0.7299,329.5,58,58,58,0.0,0.0
EMP017,2026-02-28,5.78,10.43,556.92,5,0.7123,109.5,59,59,59,0.0,0.0
EMP017,2026-03-01,5.78,10.43,556.92,0,0.0,0.0,60,60,60,0.0,0.0
EMP017,2026-03-02,5.78,10.43,556.92,0,0.0,0.0,61,61,61,0.0,0.0
EMP017,2026-03-03,5.78,10.43,556.92,5,0.7289,367.0,62,62,62,0.0,0.0
EMP017,2026-03-04,5.78,10.43,556.92,5,0.6512,107.5,63,63,63,0.0,0.0
EMP017,2026-03-05,5.78,10.43,556.92,5,0.738,259.5,64,64,64,0.0,0.0
EMP017,2026-03-06,5.78,10.43,556.92,5,0.7035,244.5,65,65,65,0.0,0.0
EMP017,2026-03-07,5.78,10.43,556.92,5,0.7684,88.5,66,66,66,0.0,0.0
EMP017,2026-03-08,5.78,10.43,556.92,0,0.0,0.0,67,67,67,0.0,0.0
EMP017,2026-03-09,5.78,10.43,556.92,5,0.7307,323.0,68,68,68,0.0,0.0
EMP017,2026-03-10,5.78,10.43,556.92,5,0.6859,304.0,69,69,69,0.0,0.0
EMP017,2026-03-11,5.78,10.43,556.92,5,0.7201,259.0,70,70,70,0.0,0.0
EMP017,2026-03-12,5.78,10.43,556.92,5,0.6397,284.5,71,71,71,0.0,0.0
EMP017,2026-03-13,5.78,10.43,556.92,5,0.7041,307.5,72,72,72,0.0,0.0
EMP017,2026-03-14,5.78,10.43,556.92,5,0.7744,97.5,73,73,73,0.0,0.0
EMP017,2026-03-15,5.78,10.43,556.92,0,0.0,0.0,74,74,74,0.0,0.0
EMP017,2026-03-16,5.78,10.43,556.92,5,0.7274,266.0,75,75,75,0.0,0.0
EMP017,2026-03-17,5.78,10.43,556.92,5,0.7529,344.0,76,76,76,0.0,0.0
EMP017,2026-03-18,5.78,10.43,556.92,5,0.7415,294.0,77,77,77,0.0,0.0
EMP017,2026-03-19,5.78,10.43,556.92,5,0.7465,252.5,78,78,78,0.0,0.0
EMP017,2026-03-20,5.78,10.43,556.92,5,0.7154,267.0,79,79,79,0.0,0.0
EMP017,2026-03-21,5.78,10.43,556.92,5,0.7214,100.5,80,80,80,0.0,0.0
EMP017,2026-03-22,5.78,10.43,556.92,0,0.0,0.0,81,81,81,0.0,0.0
EMP017,2026-03-23,5.78,10.43,556.92,5,0.7077,304.5,82,82,82,0.0,0.0
EMP017,2026-03-24,5.78,10.43,556.92,5,0.6914,290.0,83,83,83,0.0,0.0
EMP017,2026-03-25,5.78,10.43,556.92,0,0.0,0.0,84,84,84,0.0,0.0
EMP017,2026-03-26,5.78,10.43,556.92,4,0.7179,19.5,85,85,85,0.0,0.0
EMP017,2026-03-27,5.78,10.43,556.92,5,0.6779,355.5,86,86,86,0.0,0.0
EMP017,2026-03-28,5.78,10.43,556.92,5,0.6717,132.5,87,87,87,0.0,0.0
EMP017,2026-03-29,5.78,10.43,556.92,0,0.0,0.0,88,88,88,0.0,0.0
EMP017,2026-03-30,5.78,10.43,556.92,5,0.6608,343.5,89,89,89,0.0,0.0
EMP017,2026-03-31,5.78,10.43,556.92,5,0.7127,318.5,90,90,90,0.0,0.0
EMP018,2026-01-01,7.57,8.01,530.96,0,0.0,0.0,1,1,1,0.0,50.0
EMP018,2026-01-02,7.57,8.01,530.96,5,0.6678,304.0,2,2,2,0.0,50.0
EMP018,2026-01-03,7.57,8.01,530.96,5,0.75,54.0,3,3,3,0.0,50.0
EMP018,2026-01-04,7.57,8.01,530.96,0,0.0,0.0,4,4,4,0.0,50.0
EMP018,2026-01-05,7.57,8.01,530.96,0,0.0,0.0,5,5,5,0.0,50.0
EMP018,2026-01-06,7.57,8.01,530.96,5,0.7395,238.0,6,6,6,0.0,50.0
EMP018,2026-01-07,7.57,8.01,530.96,5,0.7028,198.5,7,7,7,0.0,50.0
EMP018,2026-01-08,7.57,8.01,530.96,5,0.7632,228.0,8,8,8,0.0,50.0
EMP018,2026-01-09,7.57,8.01,530.96,5,0.6864,228.0,9,9,9,0.0,50.0
EMP018,2026-01-10,7.57,8.01,530.96,5,0.7111,90.0,10,10,10,0.0,50.0
EMP018,2026-01-11,7.57,8.01,530.96,0,0.0,0.0,11,11,11,0.0,50.0
EMP018,2026-01-12,7.57,8.01,530.96,5,0.7109,233.5,12,12,12,0.0,50.0
EMP018,2026-01-13,7.57,8.01,530.96,5,0.666,259.0,13,13,13,0.0,50.0
EMP018,2026-01-14,7.57,8.01,530.96,5,0.683,214.5,14,14,14,0.0,50.0
EMP018,2026-01-15,7.57,8.01,530.96,5,0.7651,232.0,15,15,15,0.0,50.0
EMP018,2026-01-16,7.57,8.01,530.96,5,0.7171,102.5,16,16,16,0.0,50.0
EMP018,2026-01-17,7.57,8.01,530.96,5,0.68,87.5,17,17,17,0.0,50.0
EMP018,2026-01-18,7.57,8.01,530.96,0,0.0,0.0,18,18,18,0.0,50.0
EMP018,2026-01-19,7.57,8.01,530.96,5,0.7108,245.5,19,19,19,0.0,50.0
EMP018,2026-01-20,7.57,8.01,530.96,5,0.6649,288.0,20,20,20,0.0,50.0
EMP018,2026-01-21,7.57,8.01,530.96,5,0.6962,209.0,21,21,21,0.0,50.0
EMP018,2026-01-22,7.57,8.01,530.96,5,0.713,219.5,22,22,22,0.0,50.0
EMP018,2026-01-23,7.57,8.01,530.96,5,0.7213,213.5,23,23,23,0.0,50.0
EMP018,2026-01-24,7.57,8.01,530.96,5,0.7225,95.5,24,24,24,0.0,50.0
EMP018,2026-01-25,7.57,8.01,530.96,0,0.0,0.0,25,25,25,0.0,50.0
EMP018,2026-01-26,7.57,8.01,530.96,0,0.0,0.0,26,26,26,0.0,50.0
EMP018,2026-01-27,7.57,8.01,530.96,5,0.6841,229.5,27,27,27,0.0,50.0
EMP018,2026-01-28,7.57,8.01,530.96,5,0.7201,184.0,28,28,28,0.0,50.0
EMP018,2026-01-29,7.57,8.01,530.96,5,0.7163,282.0,29,29,29,0.0,50.0
EMP018,2026-01-30,7.57,8.01,530.96,5,0.6994,269.5,30,30,30,0.0,50.0
EMP018,2026-01-31,7.57,8.01,530.96,5,0.6913,115.0,31,31,31,0.0,50.0
EMP018,2026-02-01,7.57,8.01,530.96,0,0.0,0.0,32,32,32,0.0,50.0
EMP018,2026-02-02,7.57,8.01,530.96,5,0.6998,271.5,33,33,33,0.0,50.0
EMP018,2026-02-03,7.57,8.01,530.96,5,0.7164,275.0,34,34,34,0.0,50.0
EMP018,2026-02-04,7.57,8.01,530.96,5,0.7066,213.0,35,35,35,0.0,50.0
EMP018,2026-02-05,7.57,8.01,530.96,5,0.6718,228.5,36,36,36,0.0,50.0
EMP018,2026-02-06,7.57,8.01,530.96,5,0.7261,314.0,37,37,37,0.0,50.0
EMP018,2026-02-07,7.57,8.01,530.96,5,0.6889,90.0,38,38,38,0.0,50.0
EMP018,2026-02-08,7.57,8.01,530.96,0,0.0,0.0,39,39,39,0.0,50.0
EMP018,2026-02-09,7.57,8.01,530.96,5,0.7478,232.0,40,40,40,0.0,50.0
EMP018,2026-02-10,7.57,8.01,530.96,5,0.7197,276.5,41,41,41,0.0,50.0
EMP018,2026-02-11,7.57,8.01,530.96,5,0.7561,184.5,42,42,42,0.0,50.0
EMP018,2026-02-12,7.57,8.01,530.96,5,0.6689,220.5,43,43,43,0.0,50.0
EMP018,2026-02-13,7.57,8.01,530.96,5,0.7045,211.5,44,44,44,0.0,50.0
EMP018,2026-02-14,7.57,8.01,530.96,5,0.7968,93.5,45,45,45,0.0,50.0
EMP018,2026-02-15,7.57,8.01,530.96,0,0.0,0.0,46,46,46,0.0,50.0
EMP018,2026-02-16,7.57,8.01,530.96,5,0.7305,237.5,47,47,47,0.0,50.0
EMP018,2026-02-17,7.57,8.01,530.96,5,0.7608,290.5,48,48,48,0.0,50.0
EMP018,2026-02-18,7.57,8.01,530.96,5,0.7337,199.0,49,49,49,0.0,50.0
EMP018,2026-02-19,7.57,8.01,530.96,5,0.6957,235.0,50,50,50,0.0,50.0
EMP018,2026-02-20,7.57,8.01,530.96,5,0.7007,225.5,51,51,51,0.0,50.0
EMP018,2026-02-21,7.57,8.01,530.96,5,0.7229,83.0,52,52,52,0.0,50.0
EMP018,2026-02-22,7.57,8.01,530.96,0,0.0,0.0,53,53,53,0.0,50.0
EMP018,2026-02-23,7.57,8.01,530.96,5,0.6878,237.0,54,54,54,0.0,50.0
EMP018,2026-02-24,7.57,8.01,530.96,5,0.7255,286.0,55,55,55,0.0,50.0
EMP018,2026-02-25,7.57,8.01,530.96,5,0.6658,200.5,56,56,56,0.0,50.0
EMP018,2026-02-26,7.57,8.01,530.96,5,0.7252,222.0,57,57,57,0.0,50.0
EMP018,2026-02-27,7.57,8.01,530.96,5,0.7254,289.5,58,58,58,0.0,50.0
EMP018,2026-02-28,7.57,8.01,530.96,5,0.7052,86.5,59,59,59,0.0,50.0
EMP018,2026-03-01,7.57,8.01,530.96,0,0.0,0.0,60,60,60,0.0,50.0
EMP018,2026-03-02,7.57,8.01,530.96,0,0.0,0.0,61,61,61,0.0,50.0
EMP018,2026-03-03,7.57,8.01,530.96,5,0.7683,280.5,62,62,62,0.0,50.0
EMP018,2026-03-04,7.57,8.01,530.96,5,0.7543,205.5,63,63,63,0.0,50.0
EMP018,2026-03-05,7.57,8.01,530.96,5,0.6674,225.5,64,64,64,0.0,50.0
EMP018,2026-03-06,7.57,8.01,530.96,5,0.7381,21.0,65,65,65,0.0,50.0
EMP018,2026-03-07,7.57,8.01,530.96,5,0.7186,83.5,66,66,66,0.0,50.0
EMP018,2026-03-08,7.57,8.01,530.96,0,0.0,0.0,67,67,67,0.0,50.0
EMP018,2026-03-09,7.57,8.01,530.96,5,0.7513,283.5,68,68,68,0.0,50.0
EMP018,2026-03-10,7.57,8.01,530.96,5,0.6755,246.5,69,69,69,0.0,50.0
EMP018,2026-03-11,7.57,8.01,530.96,5,0.7127,184.5,70,70,70,0.0,50.0
EMP018,2026-03-12,7.57,8.01,530.96,5,0.7054,266.5,71,71,71,0.0,50.0
EMP018,2026-03-13,7.57,8.01,530.96,5,0.7278,248.0,72,72,72,0.0,50.0
EMP018,2026-03-14,7.57,8.01,530.96,5,0.7485,83.5,73,73,73,0.0,50.0
EMP018,2026-03-15,7.57,8.01,530.96,0,0.0,0.0,74,74,74,0.0,50.0
EMP018,2026-03-16,7.57,8.01,530.96,5,0.6058,208.0,75,75,75,0.0,50.0
EMP018,2026-03-17,7.57,8.01,530.96,0,0.0,0.0,76,76,76,0.0,50.0
EMP018,2026-03-18,7.57,8.01,530.96,5,0.6812,218.0,77,77,77,0.0,50.0
EMP018,2026-03-19,7.57,8.01,530.96,5,0.7397,219.0,78,78,78,0.0,50.0
EMP018,2026-03-20,7.57,8.01,530.96,5,0.7093,246.0,79,79,79,0.0,50.0
EMP018,2026-03-21,7.57,8.01,530.96,5,0.7449,98.0,80,80,80,0.0,50.0
EMP018,2026-03-22,7.57,8.01,530.96,0,0.0,0.0,81,81,81,0.0,50.0
EMP018,2026-03-23,7.57,8.01,530.96,5,0.6839,289.5,82,82,82,0.0,50.0
EMP018,2026-03-24,7.57,8.01,530.96,0,0.0,0.0,83,83,83,0.0,50.0
EMP018,2026-03-25,7.57,8.01,530.96,5,0.6809,280.5,84,84,84,0.0,50.0
EMP018,2026-03-26,7.57,8.01,530.96,5,0.7168,309.0,85,85,85,0.0,50.0
EMP018,2026-03-27,7.57,8.01,530.96,5,0.7363,347.0,86,86,86,0.0,50.0
EMP018,2026-03-28,7.57,8.01,530.96,5,0.6912,108.5,87,87,87,0.0,50.0
EMP018,2026-03-29,7.57,8.01,530.96,0,0.0,0.0,88,88,88,0.0,50.0
EMP018,2026-03-30,7.57,8.01,530.96,5,0.648,258.5,89,89,89,0.0,50.0
EMP018,2026-03-31,7.57,8.01,530.96,5,0.6918,318.0,90,90,90,0.0,50.0
EMP019,2026-01-01,7.28,10.8,485.39,0,0.0,0.0,1,1,1,0.0,50.0
EMP019,2026-01-02,7.28,10.8,485.39,5,0.6823,256.5,2,2,2,0.0,50.0
EMP019,2026-01-03,7.28,10.8,485.39,5,0.7111,90.0,3,3,3,0.0,50.0
EMP019,2026-01-04,7.28,10.8,485.39,0,0.0,0.0,4,4,4,0.0,50.0
EMP019,2026-01-05,7.28,10.8,485.39,5,0.7151,182.5,5,5,5,0.0,50.0
EMP019,2026-01-06,7.28,10.8,485.39,5,0.7613,111.0,6,6,6,0.0,50.0
EMP019,2026-01-07,7.28,10.8,485.39,5,0.6975,221.5,7,7,7,0.0,50.0
EMP019,2026-01-08,7.28,10.8,485.39,5,0.7044,225.0,8,8,8,0.0,50.0
EMP019,2026-01-09,7.28,10.8,485.39,5,0.7124,193.0,9,9,9,0.0,50.0
EMP019,2026-01-10,7.28,10.8,485.39,5,0.8014,70.5,10,10,10,0.0,50.0
EMP019,2026-01-11,7.28,10.8,485.39,0,0.0,0.0,11,11,11,0.0,50.0
EMP019,2026-01-12,7.28,10.8,485.39,5,0.7277,218.5,12,12,12,0.0,50.0
EMP019,2026-01-13,7.28,10.8,485.39,5,0.7422,223.0,13,13,13,0.0,50.0
EMP019,2026-01-14,7.28,10.8,485.39,5,0.7611,169.5,14,14,14,0.0,50.0
EMP019,2026-01-15,7.28,10.8,485.39,0,0.0,0.0,15,15,15,0.0,50.0
EMP019,2026-01-16,7.28,10.8,485.39,5,0.6747,187.5,16,16,16,0.0,50.0
EMP019,2026-01-17,7.28,10.8,485.39,5,0.6397,68.0,17,17,17,0.0,50.0
EMP019,2026-01-18,7.28,10.8,485.39,0,0.0,0.0,18,18,18,0.0,50.0
EMP019,2026-01-19,7.28,10.8,485.39,5,0.7184,190.0,19,19,19,0.0,50.0
EMP019,2026-01-20,7.28,10.8,485.39,5,0.7152,233.5,20,20,20,0.0,50.0
EMP019,2026-01-21,7.28,10.8,485.39,0,0.0,0.0,21,21,21,0.0,50.0
EMP019,2026-01-22,7.28,10.8,485.39,5,0.6816,223.0,22,22,22,0.0,50.0
EMP019,2026-01-23,7.28,10.8,485.39,5,0.7127,181.0,23,23,23,0.0,50.0
EMP019,2026-01-24,7.28,10.8,485.39,5,0.7821,78.0,24,24,24,0.0,50.0
EMP019,2026-01-25,7.28,10.8,485.39,0,0.0,0.0,25,25,25,0.0,50.0
EMP019,2026-01-26,7.28,10.8,485.39,0,0.0,0.0,26,26,26,0.0,50.0
EMP019,2026-01-27,7.28,10.8,485.39,5,0.6433,228.5,27,27,27,0.0,50.0
EMP019,2026-01-28,7.28,10.8,485.39,0,0.0,0.0,28,28,28,0.0,50.0
EMP019,2026-01-29,7.28,10.8,485.39,5,0.733,221.0,29,29,29,0.0,50.0
EMP019,2026-01-30,7.28,10.8,485.39,5,0.6931,259.0,30,30,30,0.0,50.0
EMP019,2026-01-31,7.28,10.8,485.39,5,0.6688,78.5,31,31,31,0.0,50.0
EMP019,2026-02-01,7.28,10.8,485.39,0,0.0,0.0,32,32,32,0.0,50.0
EMP019,2026-02-02,7.28,10.8,485.39,5,0.6861,266.0,33,33,33,0.0,50.0
EMP019,2026-02-03,7.28,10.8,485.39,0,0.0,0.0,34,34,34,0.0,50.0
EMP019,2026-02-04,7.28,10.8,485.39,5,0.7214,161.5,35,35,35,0.0,50.0
EMP019,2026-02-05,7.28,10.8,485.39,5,0.7616,226.5,36,36,36,0.0,50.0
EMP019,2026-02-06,7.28,10.8,485.39,5,0.7228,184.0,37,37,37,0.0,50.0
EMP019,2026-02-07,7.28,10.8,485.39,5,0.6667,64.5,38,38,38,0.0,50.0
EMP019,2026-02-08,7.28,10.8,485.39,0,0.0,0.0,39,39,39,0.0,50.0
EMP019,2026-02-09,7.28,10.8,485.39,5,0.8005,198.0,40,40,40,0.0,50.0
EMP019,2026-02-10,7.28,10.8,485.39,5,0.6698,212.0,41,41,41,0.0,50.0
EMP019,2026-02-11,7.28,10.8,485.39,5,0.6597,191.0,42,42,42,0.0,50.0
EMP019,2026-02-12,7.28,10.8,485.39,5,0.7158,190.0,43,43,43,0.0,50.0
EMP019,2026-02-13,7.28,10.8,485.39,4,0.7778,9.0,44,44,44,0.0,50.0
EMP019,2026-02-14,7.28,10.8,485.39,5,0.6503,71.5,45,45,45,0.0,50.0
EMP019,2026-02-15,7.28,10.8,485.39,0,0.0,0.0,46,46,46,0.0,50.0
EMP019,2026-02-16,7.28,10.8,485.39,5,0.6633,197.5,47,47,47,0.0,50.0
EMP019,2026-02-17,7.28,10.8,485.39,5,0.7417,195.5,48,48,48,0.0,50.0
EMP019,2026-02-18,7.28,10.8,485.39,5,0.7896,202.0,49,49,49,0.0,50.0
EMP019,2026-02-19,7.28,10.8,485.39,5,0.7268,205.0,50,50,50,0.0,50.0
EMP019,2026-02-20,7.28,10.8,485.39,5,0.7193,244.0,51,51,51,0.0,50.0
EMP019,2026-02-21,7.28,10.8,485.39,5,0.7097,77.5,52,52,52,0.0,50.0
EMP019,2026-02-22,7.28,10.8,485.39,0,0.0,0.0,53,53,53,0.0,50.0
EMP019,2026-02-23,7.28,10.8,485.39,5,0.6231,199.0,54,54,54,0.0,50.0
EMP019,2026-02-24,7.28,10.8,485.39,5,0.6896,211.0,55,55,55,0.0,50.0
EMP019,2026-02-25,7.28,10.8,485.39,5,0.7195,151.5,56,56,56,0.0,50.0
EMP019,2026-02-26,7.28,10.8,485.39,5,0.6613,215.5,57,57,57,0.0,50.0
EMP019,2026-02-27,7.28,10.8,485.39,5,0.7009,219.0,58,58,58,0.0,50.0
EMP019,2026-02-28,7.28,10.8,485.39,5,0.6645,77.5,59,59,59,0.0,50.0
EMP019,2026-03-01,7.28,10.8,485.39,0,0.0,0.0,60,60,60,0.0,50.0
EMP019,2026-03-02,7.28,10.8,485.39,0,0.0,0.0,61,61,61,0.0,50.0
EMP019,2026-03-03,7.28,10.8,485.39,5,0.721,254.5,62,62,62,0.0,50.0
EMP019,2026-03-04,7.28,10.8,485.39,5,0.719,165.5,63,63,63,0.0,50.0
EMP019,2026-03-05,7.28,10.8,485.39,5,0.6904,161.5,64,64,64,0.0,50.0
EMP019,2026-03-06,7.28,10.8,485.39,5,0.7043,186.0,65,65,65,0.0,50.0
EMP019,2026-03-07,7.28,10.8,485.39,5,0.6617,66.5,66,66,66,0.0,50.0
EMP019,2026-03-08,7.28,10.8,485.39,0,0.0,0.0,67,67,67,0.0,50.0
EMP019,2026-03-09,7.28,10.8,485.39,4,0.7083,12.0,68,68,68,0.0,50.0
EMP019,2026-03-10,7.28,10.8,485.39,5,0.7677,226.0,69,69,69,0.0,50.0
EMP019,2026-03-11,7.28,10.8,485.39,5,0.7316,156.5,70,70,70,0.0,50.0
EMP019,2026-03-12,7.28,10.8,485.39,5,0.6633,98.0,71,71,71,0.0,50.0
EMP019,2026-03-13,7.28,10.8,485.39,5,0.7098,174.0,72,72,72,0.0,50.0
EMP019,2026-03-14,7.28,10.8,485.39,5,0.6923,71.5,73,73,73,0.0,50.0
EMP019,2026-03-15,7.28,10.8,485.39,0,0.0,0.0,74,74,74,0.0,50.0
EMP019,2026-03-16,7.28,10.8,485.39,5,0.6377,172.5,75,75,75,0.0,50.0
EMP019,2026-03-17,7.28,10.8,485.39,5,0.7368,237.5,76,76,76,0.0,50.0
EMP019,2026-03-18,7.28,10.8,485.39,5,0.7421,95.0,77,77,77,0.0,50.0
EMP019,2026-03-19,7.28,10.8,485.39,5,0.7041,182.5,78,78,78,0.0,50.0
EMP019,2026-03-20,7.28,10.8,485.39,5,0.7447,188.0,79,79,79,0.0,50.0
EMP019,2026-03-21,7.28,10.8,485.39,5,0.7971,69.0,80,80,80,0.0,50.0
EMP019,2026-03-22,7.28,10.8,485.39,0,0.0,0.0,81,81,81,0.0,50.0
EMP019,2026-03-23,7.28,10.8,485.39,5,0.7232,209.5,82,82,82,0.0,50.0
EMP019,2026-03-24,7.28,10.8,485.39,5,0.6821,173.0,83,83,83,0.0,50.0
EMP019,2026-03-25,7.28,10.8,485.39,5,0.7366,262.0,84,84,84,0.0,50.0
EMP019,2026-03-26,7.28,10.8,485.39,5,0.7468,231.0,85,85,85,0.0,50.0
EMP019,2026-03-27,7.28,10.8,485.39,5,0.6882,131.5,86,86,86,0.0,50.0
EMP019,2026-03-28,7.28,10.8,485.39,5,0.7654,89.5,87,87,87,0.0,50.0
EMP019,2026-03-29,7.28,10.8,485.39,0,0.0,0.0,88,88,88,0.0,50.0
EMP019,2026-03-30,7.28,10.8,485.39,5,0.6497,255.5,89,89,89,0.0,50.0
EMP019,2026-03-31,7.28,10.8,485.39,5,0.666,241.0,90,90,90,0.0,50.0
EMP020,2026-01-01,6.85,12.57,579.55,0,0.0,0.0,1,1,1,0.0,0.0
EMP020,2026-01-02,6.85,12.57,579.55,5,0.6672,305.0,2,2,2,0.0,0.0
EMP020,2026-01-03,6.85,12.57,579.55,5,0.775,120.0,3,3,3,0.0,0.0
EMP020,2026-01-04,6.85,12.57,579.55,0,0.0,0.0,4,4,4,0.0,0.0
EMP020,2026-01-05,6.85,12.57,579.55,5,0.5811,222.0,5,5,5,0.0,0.0
EMP020,2026-01-06,6.85,12.57,579.55,5,0.7468,270.5,6,6,6,0.0,0.0
EMP020,2026-01-07,6.85,12.57,579.55,5,0.7495,239.5,7,7,7,0.0,0.0
EMP020,2026-01-08,6.85,12.57,579.55,5,0.7129,252.5,8,8,8,0.0,0.0
EMP020,2026-01-09,6.85,12.57,579.55,5,0.7089,276.5,9,9,9,0.0,0.0
EMP020,2026-01-10,6.85,12.57,579.55,5,0.7634,93.0,10,10,10,0.0,0.0
EMP020,2026-01-11,6.85,12.57,579.55,0,0.0,0.0,11,11,11,0.0,0.0
EMP020,2026-01-12,6.85,12.57,579.55,5,0.7231,274.5,12,12,12,0.0,0.0
EMP020,2026-01-13,6.85,12.57,579.55,0,0.0,0.0,13,13,13,0.0,0.0
EMP020,2026-01-14,6.85,12.57,579.55,5,0.7601,210.5,14,14,14,0.0,0.0
EMP020,2026-01-15,6.85,12.57,579.55,5,0.6998,286.5,15,15,15,0.0,0.0
EMP020,2026-01-16,6.85,12.57,579.55,5,0.6547,292.5,16,16,16,0.0,0.0
EMP020,2026-01-17,6.85,12.57,579.55,5,0.6923,91.0,17,17,17,0.0,0.0
EMP020,2026-01-18,6.85,12.57,579.55,0,0.0,0.0,18,18,18,0.0,0.0
EMP020,2026-01-19,6.85,12.57,579.55,5,0.6623,269.5,19,19,19,0.0,0.0
EMP020,2026-01-20,6.85,12.57,579.55,5,0.744,291.0,20,20,20,0.0,0.0
EMP020,2026-01-21,6.85,12.57,579.55,5,0.6715,208.5,21,21,21,0.0,0.0
EMP020,2026-01-22,6.85,12.57,579.55,5,0.7111,22.5,22,22,22,0.0,0.0
EMP020,2026-01-23,6.85,12.57,579.55,5,0.6683,298.5,23,23,23,0.0,0.0
EMP020,2026-01-24,6.85,12.57,579.55,5,0.7632,38.0,24,24,24,0.0,0.0
EMP020,2026-01-25,6.85,12.57,579.55,0,0.0,0.0,25,25,25,0.0,0.0
EMP020,2026-01-26,6.85,12.57,579.55,0,0.0,0.0,26,26,26,0.0,0.0
EMP020,2026-01-27,6.85,12.57,579.55,5,0.7555,321.0,27,27,27,0.0,0.0
EMP020,2026-01-28,6.85,12.57,579.55,5,0.6299,244.5,28,28,28,0.0,0.0
EMP020,2026-01-29,6.85,12.57,579.55,5,0.6726,311.5,29,29,29,0.0,0.0
EMP020,2026-01-30,6.85,12.57,579.55,5,0.7425,351.5,30,30,30,0.0,0.0
EMP020,2026-01-31,6.85,12.57,579.55,5,0.75,98.0,31,31,31,0.0,0.0
EMP020,2026-02-01,6.85,12.57,579.55,0,0.0,0.0,32,32,32,0.0,0.0
EMP020,2026-02-02,6.85,12.57,579.55,5,0.7084,327.5,33,33,33,0.0,0.0
EMP020,2026-02-03,6.85,12.57,579.55,5,0.7225,364.0,34,34,34,0.0,0.0
EMP020,2026-02-04,6.85,12.57,579.55,5,0.7198,273.0,35,35,35,0.0,0.0
EMP020,2026-02-05,6.85,12.57,579.55,5,0.7296,312.5,36,36,36,0.0,0.0
EMP020,2026-02-06,6.85,12.57,579.55,5,0.7157,306.0,37,37,37,0.0,0.0
EMP020,2026-02-07,6.85,12.57,579.55,5,0.7235,85.0,38,38,38,0.0,0.0
EMP020,2026-02-08,6.85,12.57,579.55,0,0.0,0.0,39,39,39,0.0,0.0
EMP020,2026-02-09,6.85,12.57,579.55,5,0.6835,276.5,40,40,40,0.0,0.0
EMP020,2026-02-10,6.85,12.57,579.55,5,0.7404,298.5,41,41,41,0.0,0.0
EMP020,2026-02-11,6.85,12.57,579.55,5,0.7304,274.5,42,42,42,0.0,0.0
EMP020,2026-02-12,6.85,12.57,579.55,5,0.7691,242.5,43,43,43,0.0,0.0
EMP020,2026-02-13,6.85,12.57,579.55,5,0.7058,251.5,44,44,44,0.0,0.0
EMP020,2026-02-14,6.85,12.57,579.55,5,0.7659,102.5,45,45,45,0.0,0.0
EMP020,2026-02-15,6.85,12.57,579.55,0,0.0,0.0,46,46,46,0.0,0.0
EMP020,2026-02-16,6.85,12.57,579.55,5,0.6934,274.0,47,47,47,0.0,0.0
EMP020,2026-02-17,6.85,12.57,579.55,5,0.7395,345.5,48,48,48,0.0,0.0
EMP020,2026-02-18,6.85,12.57,579.55,5,0.6926,250.5,49,49,49,0.0,0.0
EMP020,2026-02-19,6.85,12.57,579.55,5,0.75,256.0,50,50,50,0.0,0.0
EMP020,2026-02-20,6.85,12.57,579.55,5,0.7743,303.5,51,51,51,0.0,0.0
EMP020,2026-02-21,6.85,12.57,579.55,5,0.7098,112.0,52,52,52,0.0,0.0
EMP020,2026-02-22,6.85,12.57,579.55,0,0.0,0.0,53,53,53,0.0,0.0
EMP020,2026-02-23,6.85,12.57,579.55,5,0.6871,310.0,54,54,54,0.0,0.0
EMP020,2026-02-24,6.85,12.57,579.55,5,0.7033,300.0,55,55,55,0.0,0.0
EMP020,2026-02-25,6.85,12.57,579.55,5,0.7914,244.5,56,56,56,0.0,0.0
EMP020,2026-02-26,6.85,12.57,579.55,5,0.718,285.5,57,57,57,0.0,0.0
EMP020,2026-02-27,6.85,12.57,579.55,5,0.7386,382.5,58,58,58,0.0,0.0
EMP020,2026-02-28,6.85,12.57,579.55,5,0.7588,114.0,59,59,59,0.0,0.0
EMP020,2026-03-01,6.85,12.57,579.55,0,0.0,0.0,60,60,60,0.0,0.0
EMP020,2026-03-02,6.85,12.57,579.55,0,0.0,0.0,61,61,61,0.0,0.0
EMP020,2026-03-03,6.85,12.57,579.55,5,0.7227,270.5,62,62,62,0.0,0.0
EMP020,2026-03-04,6.85,12.57,579.55,5,0.7052,276.5,63,63,63,0.0,0.0
EMP020,2026-03-05,6.85,12.57,579.55,5,0.6967,227.5,64,64,64,0.0,0.0
EMP020,2026-03-06,6.85,12.57,579.55,5,0.7116,293.0,65,65,65,0.0,0.0
EMP020,2026-03-07,6.85,12.57,579.55,5,0.6533,99.5,66,66,66,0.0,0.0
EMP020,2026-03-08,6.85,12.57,579.55,0,0.0,0.0,67,67,67,0.0,0.0
EMP020,2026-03-09,6.85,12.57,579.55,5,0.7442,301.0,68,68,68,0.0,0.0
EMP020,2026-03-10,6.85,12.57,579.55,5,0.655,300.0,69,69,69,0.0,0.0
EMP020,2026-03-11,6.85,12.57,579.55,5,0.6641,263.5,70,70,70,0.0,0.0
EMP020,2026-03-12,6.85,12.57,579.55,5,0.6649,276.0,71,71,71,0.0,0.0
EMP020,2026-03-13,6.85,12.57,579.55,5,0.6936,259.5,72,72,72,0.0,0.0
EMP020,2026-03-14,6.85,12.57,579.55,5,0.7647,110.5,73,73,73,0.0,0.0
EMP020,2026-03-15,6.85,12.57,579.55,0,0.0,0.0,74,74,74,0.0,0.0
EMP020,2026-03-16,6.85,12.57,579.55,5,0.7774,265.0,75,75,75,0.0,0.0
EMP020,2026-03-17,6.85,12.57,579.55,5,0.7563,197.0,76,76,76,0.0,0.0
EMP020,2026-03-18,6.85,12.57,579.55,5,0.7209,258.0,77,77,77,0.0,0.0
EMP020,2026-03-19,6.85,12.57,579.55,5,0.757,267.5,78,78,78,0.0,0.0
EMP020,2026-03-20,6.85,12.57,579.55,5,0.7282,241.0,79,79,79,0.0,0.0
EMP020,2026-03-21,6.85,12.57,579.55,1,1.0,2.0,80,80,80,0.0,0.0
EMP020,2026-03-22,6.85,12.57,579.55,0,0.0,0.0,81,81,81,0.0,0.0
EMP020,2026-03-23,6.85,12.57,579.55,5,0.6789,286.5,82,82,82,0.0,0.0
EMP020,2026-03-24,6.85,12.57,579.55,5,0.6647,252.0,83,83,83,0.0,0.0
EMP020,2026-03-25,6.85,12.57,579.55,5,0.678,338.5,84,84,84,0.0,0.0
EMP020,2026-03-26,6.85,12.57,579.55,5,0.77,363.0,85,85,85,0.0,0.0
EMP020,2026-03-27,6.85,12.57,579.55,5,0.686,146.5,86,86,86,0.0,0.0
EMP020,2026-03-28,6.85,12.57,579.55,5,0.722,147.5,87,87,87,0.0,0.0
EMP020,2026-03-29,6.85,12.57,579.55,0,0.0,0.0,88,88,88,0.0,0.0
EMP020,2026-03-30,6.85,12.57,579.55,5,0.7305,365.5,89,89,89,0.0,0.0
EMP020,2026-03-31,6.85,12.57,579.55,5,0.7143,332.5,90,90,90,0.0,0.0
EMP021,2026-01-01,3.67,10.53,552.01,0,0.0,0.0,1,1,1,0.0,50.0
EMP021,2026-01-02,3.67,10.53,552.01,5,0.7353,221.0,2,2,2,0.0,50.0
EMP021,2026-01-03,3.67,10.53,552.01,5,0.7171,125.5,3,3,3,0.0,50.0
EMP021,2026-01-04,3.67,10.53,552.01,0,0.0,0.0,4,4,4,0.0,50.0
EMP021,2026-01-05,3.67,10.53,552.01,5,0.7345,331.5,5,5,5,0.0,50.0
EMP021,2026-01-06,3.67,10.53,552.01,5,0.6764,307.5,6,6,6,0.0,50.0
EMP021,2026-01-07,3.67,10.53,552.01,5,0.6888,286.0,7,7,7,0.0,50.0
EMP021,2026-01-08,3.67,10.53,552.01,5,0.7215,267.5,8,8,8,0.0,50.0
EMP021,2026-01-09,3.67,10.53,552.01,5,0.7267,258.0,9,9,9,0.0,50.0
EMP021,2026-01-10,3.67,10.53,552.01,5,0.6831,91.5,10,10,10,0.0,50.0
EMP021,2026-01-11,3.67,10.53,552.01,0,0.0,0.0,11,11,11,0.0,50.0
EMP021,2026-01-12,3.67,10.53,552.01,5,0.7406,293.0,12,12,12,0.0,50.0
EMP021,2026-01-13,3.67,10.53,552.01,5,0.6701,241.0,13,13,13,0.0,50.0
EMP021,2026-01-14,3.67,10.53,552.01,5,0.734,250.0,14,14,14,0.0,50.0
EMP021,2026-01-15,3.67,10.53,552.01,5,0.6837,284.5,15,15,15,0.0,50.0
EMP021,2026-01-16,3.67,10.53,552.01,5,0.7312,279.0,16,16,16,0.0,50.0
EMP021,2026-01-17,3.67,10.53,552.01,5,0.7514,90.5,17,17,17,0.0,50.0
EMP021,2026-01-18,3.67,10.53,552.01,0,0.0,0.0,18,18,18,0.0,50.0
EMP021,2026-01-19,3.67,10.53,552.01,5,0.6972,125.5,19,19,19,0.0,50.0
EMP021,2026-01-20,3.67,10.53,552.01,0,0.0,0.0,20,20,20,0.0,50.0
EMP021,2026-01-21,3.67,10.53,552.01,5,0.7579,254.0,21,21,21,0.0,50.0
EMP021,2026-01-22,3.67,10.53,552.01,5,0.6803,281.5,22,22,22,0.0,50.0
EMP021,2026-01-23,3.67,10.53,552.01,5,0.7984,307.5,23,23,23,0.0,50.0
EMP021,2026-01-24,3.67,10.53,552.01,5,0.7374,99.0,24,24,24,0.0,50.0
EMP021,2026-01-25,3.67,10.53,552.01,0,0.0,0.0,25,25,25,0.0,50.0
EMP021,2026-01-26,3.67,10.53,552.01,0,0.0,0.0,26,26,26,0.0,50.0
EMP021,2026-01-27,3.67,10.53,552.01,5,0.7369,325.0,27,27,27,0.0,50.0
EMP021,2026-01-28,3.67,10.53,552.01,5,0.7438,240.0,28,28,28,0.0,50.0
EMP021,2026-01-29,3.67,10.53,552.01,5,0.709,271.5,29,29,29,0.0,50.0
EMP021,2026-01-30,3.67,10.53,552.01,5,0.6856,273.5,30,30,30,0.0,50.0
EMP021,2026-01-31,3.67,10.53,552.01,5,0.6728,108.5,31,31,31,0.0,50.0
EMP021,2026-02-01,3.67,10.53,552.01,0,0.0,0.0,32,32,32,0.0,50.0
EMP021,2026-02-02,3.67,10.53,552.01,5,0.7226,301.0,33,33,33,0.0,50.0
EMP021,2026-02-03,3.67,10.53,552.01,5,0.7081,301.5,34,34,34,0.0,50.0
EMP021,2026-02-04,3.67,10.53,552.01,5,0.7727,22.0,35,35,35,0.0,50.0
EMP021,2026-02-05,3.67,10.53,552.01,5,0.7234,249.5,36,36,36,0.0,50.0
EMP021,2026-02-06,3.67,10.53,552.01,5,0.7371,272.0,37,37,37,0.0,50.0
EMP021,2026-02-07,3.67,10.53,552.01,5,0.7477,107.0,38,38,38,0.0,50.0
EMP021,2026-02-08,3.67,10.53,552.01,0,0.0,0.0,39,39,39,0.0,50.0
EMP021,2026-02-09,3.67,10.53,552.01,5,0.7188,300.5,40,40,40,0.0,50.0
EMP021,2026-02-10,3.67,10.53,552.01,5,0.6707,287.0,41,41,41,0.0,50.0
EMP021,2026-02-11,3.67,10.53,552.01,4,0.7812,16.0,42,42,42,0.0,50.0
EMP021,2026-02-12,3.67,10.53,552.01,5,0.683,235.0,43,43,43,0.0,50.0
EMP021,2026-02-13,3.67,10.53,552.01,5,0.6777,256.0,44,44,44,0.0,50.0
EMP021,2026-02-14,3.67,10.53,552.01,5,0.6845,84.0,45,45,45,0.0,50.0
EMP021,2026-02-15,3.67,10.53,552.01,0,0.0,0.0,46,46,46,0.0,50.0
EMP021,2026-02-16,3.67,10.53,552.01,5,0.7088,312.5,47,47,47,0.0,50.0
EMP021,2026-02-17,3.67,10.53,552.01,5,0.6895,285.0,48,48,48,0.0,50.0
EMP021,2026-02-18,3.67,10.53,552.01,5,0.708,262.0,49,49,49,0.0,50.0
EMP021,2026-02-19,3.67,10.53,552.01,5,0.6939,24.5,50,50,50,0.0,50.0
EMP021,2026-02-20,3.67,10.53,552.01,5,0.735,292.5,51,51,51,0.0,50.0
EMP021,2026-02-21,3.67,10.53,552.01,5,0.7234,94.0,52,52,52,0.0,50.0
EMP021,2026-02-22,3.67,10.53,552.01,0,0.0,0.0,53,53,53,0.0,50.0
EMP021,2026-02-23,3.67,10.53,552.01,5,0.7559,319.5,54,54,54,0.0,50.0
EMP021,2026-02-24,3.67,10.53,552.01,5,0.6577,277.5,55,55,55,0.0,50.0
EMP021,2026-02-25,3.67,10.53,552.01,5,0.692,237.0,56,56,56,0.0,50.0
EMP021,2026-02-26,3.67,10.53,552.01,5,0.7204,186.0,57,57,57,0.0,50.0
EMP021,2026-02-27,3.67,10.53,552.01,5,0.7131,352.0,58,58,58,0.0,50.0
EMP021,2026-02-28,3.67,10.53,552.01,5,0.7005,108.5,59,59,59,0.0,50.0
EMP021,2026-03-01,3.67,10.53,552.01,0,0.0,0.0,60,60,60,0.0,50.0
EMP021,2026-03-02,3.67,10.53,552.01,0,0.0,0.0,61,61,61,0.0,50.0
EMP021,2026-03-03,3.67,10.53,552.01,0,0.0,0.0,62,62,62,0.0,50.0
EMP021,2026-03-04,3.67,10.53,552.01,5,0.7392,266.5,63,63,63,0.0,50.0
EMP021,2026-03-05,3.67,10.53,552.01,5,0.7394,282.0,64,64,64,0.0,50.0
EMP021,2026-03-06,3.67,10.53,552.01,5,0.761,305.5,65,65,65,0.0,50.0
EMP021,2026-03-07,3.67,10.53,552.01,5,0.7419,93.0,66,66,66,0.0,50.0
EMP021,2026-03-08,3.67,10.53,552.01,0,0.0,0.0,67,67,67,0.0,50.0
EMP021,2026-03-09,3.67,10.53,552.01,5,0.7325,321.5,68,68,68,0.0,50.0
EMP021,2026-03-10,3.67,10.53,552.01,5,0.7243,335.5,69,69,69,0.0,50.0
EMP021,2026-03-11,3.67,10.53,552.01,0,0.0,0.0,70,70,70,0.0,50.0
EMP021,2026-03-12,3.67,10.53,552.01,5,0.6126,237.5,71,71,71,0.0,50.0
EMP021,2026-03-13,3.67,10.53,552.01,5,0.6934,280.5,72,72,72,0.0,50.0
EMP021,2026-03-14,3.67,10.53,552.01,5,0.707,107.5,73,73,73,0.0,50.0
EMP021,2026-03-15,3.67,10.53,552.01,0,0.0,0.0,74,74,74,0.0,50.0
EMP021,2026-03-16,3.67,10.53,552.01,5,0.7587,273.5,75,75,75,0.0,50.0
EMP021,2026-03-17,3.67,10.53,552.01,5,0.6891,260.5,76,76,76,0.0,50.0
EMP021,2026-03-18,3.67,10.53,552.01,5,0.6847,277.5,77,77,77,0.0,50.0
EMP021,2026-03-19,3.67,10.53,552.01,5,0.6487,250.5,78,78,78,0.0,50.0
EMP021,2026-03-20,3.67,10.53,552.01,5,0.7009,287.5,79,79,79,0.0,50.0
EMP021,2026-03-21,3.67,10.53,552.01,5,0.6898,108.0,80,80,80,0.0,50.0
EMP021,2026-03-22,3.67,10.53,552.01,0,0.0,0.0,81,81,81,0.0,50.0
EMP021,2026-03-23,3.67,10.53,552.01,5,0.7143,98.0,82,82,82,0.0,50.0
EMP021,2026-03-24,3.67,10.53,552.01,5,0.6876,278.5,83,83,83,0.0,50.0
EMP021,2026-03-25,3.67,10.53,552.01,5,0.7141,306.0,84,84,84,0.0,50.0
EMP021,2026-03-26,3.67,10.53,552.01,5,0.6898,374.0,85,85,85,0.0,50.0
EMP021,2026-03-27,3.67,10.53,552.01,5,0.6929,381.0,86,86,86,0.0,50.0
EMP021,2026-03-28,3.67,10.53,552.01,5,0.7255,153.0,87,87,87,0.0,50.0
EMP021,2026-03-29,3.67,10.53,552.01,0,0.0,0.0,88,88,88,0.0,50.0
EMP021,2026-03-30,3.67,10.53,552.01,5,0.6583,298.5,89,89,89,0.0,50.0
EMP021,2026-03-31,3.67,10.53,552.01,5,0.7515,328.0,90,90,90,0.0,50.0
EMP022,2026-01-01,7.92,9.62,512.35,0,0.0,0.0,1,1,1,0.0,50.0
EMP022,2026-01-02,7.92,9.62,512.35,5,0.6193,285.0,2,2,2,0.0,50.0
EMP022,2026-01-03,7.92,9.62,512.35,5,0.7345,113.0,3,3,3,0.0,50.0
EMP022,2026-01-04,7.92,9.62,512.35,0,0.0,0.0,4,4,4,0.0,50.0
EMP022,2026-01-05,7.92,9.62,512.35,5,0.5819,226.0,5,5,5,0.0,50.0
EMP022,2026-01-06,7.92,9.62,512.35,5,0.7664,274.0,6,6,6,0.0,50.0
EMP022,2026-01-07,7.92,9.62,512.35,5,0.7786,135.5,7,7,7,0.0,50.0
EMP022,2026-01-08,7.92,9.62,512.35,5,0.7284,202.5,8,8,8,0.0,50.0
EMP022,2026-01-09,7.92,9.62,512.35,5,0.6644,216.0,9,9,9,0.0,50.0
EMP022,2026-01-10,7.92,9.62,512.35,3,0.8,5.0,10,10,10,0.0,50.0
EMP022,2026-01-11,7.92,9.62,512.35,0,0.0,0.0,11,11,11,0.0,50.0
EMP022,2026-01-12,7.92,9.62,512.35,5,0.7648,236.0,12,12,12,0.0,50.0
EMP022,2026-01-13,7.92,9.62,512.35,5,0.6793,198.0,13,13,13,0.0,50.0
EMP022,2026-01-14,7.92,9.62,512.35,5,0.7952,227.0,14,14,14,0.0,50.0
EMP022,2026-01-15,7.92,9.62,512.35,5,0.6889,135.0,15,15,15,0.0,50.0
EMP022,2026-01-16,7.92,9.62,512.35,5,0.686,215.0,16,16,16,0.0,50.0
EMP022,2026-01-17,7.92,9.62,512.35,5,0.7029,87.5,17,17,17,0.0,50.0
EMP022,2026-01-18,7.92,9.62,512.35,0,0.0,0.0,18,18,18,0.0,50.0
EMP022,2026-01-19,7.92,9.62,512.35,5,0.6977,236.5,19,19,19,0.0,50.0
EMP022,2026-01-20,7.92,9.62,512.35,5,0.7633,215.5,20,20,20,0.0,50.0
EMP022,2026-01-21,7.92,9.62,512.35,5,0.6493,211.0,21,21,21,0.0,50.0
EMP022,2026-01-22,7.92,9.62,512.35,5,0.6917,266.0,22,22,22,0.0,50.0
EMP022,2026-01-23,7.92,9.62,512.35,5,0.6023,215.0,23,23,23,0.0,50.0
EMP022,2026-01-24,7.92,9.62,512.35,5,0.7135,89.0,24,24,24,0.0,50.0
EMP022,2026-01-25,7.92,9.62,512.35,0,0.0,0.0,25,25,25,0.0,50.0
EMP022,2026-01-26,7.92,9.62,512.35,0,0.0,0.0,26,26,26,0.0,50.0
EMP022,2026-01-27,7.92,9.62,512.35,5,0.6637,223.0,27,27,27,0.0,50.0
EMP022,2026-01-28,7.92,9.62,512.35,0,0.0,0.0,28,28,28,0.0,50.0
EMP022,2026-01-29,7.92,9.62,512.35,5,0.7327,318.0,29,29,29,0.0,50.0
EMP022,2026-01-30,7.92,9.62,512.35,5,0.6482,298.5,30,30,30,0.0,50.0
EMP022,2026-01-31,7.92,9.62,512.35,5,0.7594,106.0,31,31,31,0.0,50.0
EMP022,2026-02-01,7.92,9.62,512.35,0,0.0,0.0,32,32,32,0.0,50.0
EMP022,2026-02-02,7.92,9.62,512.35,5,0.6521,297.5,33,33,33,0.0,50.0
EMP022,2026-02-03,7.92,9.62,512.35,5,0.6915,288.5,34,34,34,0.0,50.0
EMP022,2026-02-04,7.92,9.62,512.35,5,0.64,212.5,35,35,35,0.0,50.0
EMP022,2026-02-05,7.92,9.62,512.35,5,0.6831,263.5,36,36,36,0.0,50.0
EMP022,2026-02-06,7.92,9.62,512.35,5,0.7819,160.5,37,37,37,0.0,50.0
EMP022,2026-02-07,7.92,9.62,512.35,5,0.7401,88.5,38,38,38,0.0,50.0
EMP022,2026-02-08,7.92,9.62,512.35,0,0.0,0.0,39,39,39,0.0,50.0
EMP022,2026-02-09,7.92,9.62,512.35,5,0.7596,222.5,40,40,40,0.0,50.0
EMP022,2026-02-10,7.92,9.62,512.35,5,0.7283,224.5,41,41,41,0.0,50.0
EMP022,2026-02-11,7.92,9.62,512.35,0,0.0,0.0,42,42,42,0.0,50.0
EMP022,2026-02-12,7.92,9.62,512.35,4,0.7273,16.5,43,43,43,0.0,50.0
EMP022,2026-02-13,7.92,9.62,512.35,5,0.7473,235.5,44,44,44,0.0,50.0
EMP022,2026-02-14,7.92,9.62,512.35,5,0.6111,81.0,45,45,45,0.0,50.0
EMP022,2026-02-15,7.92,9.62,512.35,0,0.0,0.0,46,46,46,0.0,50.0
EMP022,2026-02-16,7.92,9.62,512.35,5,0.7614,264.0,47,47,47,0.0,50.0
EMP022,2026-02-17,7.92,9.62,512.35,5,0.6868,265.0,48,48,48,0.0,50.0
EMP022,2026-02-18,7.92,9.62,512.35,5,0.7574,235.0,49,49,49,0.0,50.0
EMP022,2026-02-19,7.92,9.62,512.35,5,0.7121,224.0,50,50,50,0.0,50.0
EMP022,2026-02-20,7.92,9.62,512.35,5,0.7505,252.5,51,51,51,0.0,50.0
EMP022,2026-02-21,7.92,9.62,512.35,5,0.7122,102.5,52,52,52,0.0,50.0
EMP022,2026-02-22,7.92,9.62,512.35,0,0.0,0.0,53,53,53,0.0,50.0
EMP022,2026-02-23,7.92,9.62,512.35,5,0.7171,228.0,54,54,54,0.0,50.0
EMP022,2026-02-24,7.92,9.62,512.35,5,0.7071,268.0,55,55,55,0.0,50.0
EMP022,2026-02-25,7.92,9.62,512.35,5,0.6353,223.5,56,56,56,0.0,50.0
EMP022,2026-02-26,7.92,9.62,512.35,5,0.6954,290.5,57,57,57,0.0,50.0
EMP022,2026-02-27,7.92,9.62,512.35,5,0.6917,266.0,58,58,58,0.0,50.0
EMP022,2026-02-28,7.92,9.62,512.35,5,0.7386,120.5,59,59,59,0.0,50.0
EMP022,2026-03-01,7.92,9.62,512.35,0,0.0,0.0,60,60,60,0.0,50.0
EMP022,2026-03-02,7.92,9.62,512.35,0,0.0,0.0,61,61,61,0.0,50.0
EMP022,2026-03-03,7.92,9.62,512.35,5,0.7015,229.5,62,62,62,0.0,50.0
EMP022,2026-03-04,7.92,9.62,512.35,5,0.6869,255.5,63,63,63,0.0,50.0
EMP022,2026-03-05,7.92,9.62,512.35,5,0.757,286.0,64,64,64,0.0,50.0
EMP022,2026-03-06,7.92,9.62,512.35,5,0.6576,220.5,65,65,65,0.0,50.0
EMP022,2026-03-07,7.92,9.62,512.35,5,0.6776,91.5,66,66,66,0.0,50.0
EMP022,2026-03-08,7.92,9.62,512.35,0,0.0,0.0,67,67,67,0.0,50.0
EMP022,2026-03-09,7.92,9.62,512.35,5,0.6984,157.5,68,68,68,0.0,50.0
EMP022,2026-03-10,7.92,9.62,512.35,5,0.6587,231.5,69,69,69,0.0,50.0
EMP022,2026-03-11,7.92,9.62,512.35,5,0.7054,241.0,70,70,70,0.0,50.0
EMP022,2026-03-12,7.92,9.62,512.35,5,0.6979,235.0,71,71,71,0.0,50.0
EMP022,2026-03-13,7.92,9.62,512.35,5,0.7278,275.5,72,72,72,0.0,50.0
EMP022,2026-03-14,7.92,9.62,512.35,5,0.7215,79.0,73,73,73,0.0,50.0
EMP022,2026-03-15,7.92,9.62,512.35,0,0.0,0.0,74,74,74,0.0,50.0
EMP022,2026-03-16,7.92,9.62,512.35,5,0.7103,233.0,75,75,75,0.0,50.0
EMP022,2026-03-17,7.92,9.62,512.35,5,0.668,244.0,76,76,76,0.0,50.0
EMP022,2026-03-18,7.92,9.62,512.35,5,0.6862,213.5,77,77,77,0.0,50.0
EMP022,2026-03-19,7.92,9.62,512.35,0,0.0,0.0,78,78,78,0.0,50.0
EMP022,2026-03-20,7.92,9.62,512.35,5,0.7004,262.0,79,79,79,0.0,50.0
EMP022,2026-03-21,7.92,9.62,512.35,5,0.6964,84.0,80,80,80,0.0,50.0
EMP022,2026-03-22,7.92,9.62,512.35,0,0.0,0.0,81,81,81,0.0,50.0
EMP022,2026-03-23,7.92,9.62,512.35,5,0.682,108.5,82,82,82,0.0,50.0
EMP022,2026-03-24,7.92,9.62,512.35,5,0.7219,235.5,83,83,83,0.0,50.0
EMP022,2026-03-25,7.92,9.62,512.35,5,0.6528,301.0,84,84,84,0.0,50.0
EMP022,2026-03-26,7.92,9.62,512.35,5,0.6682,322.5,85,85,85,0.0,50.0
EMP022,2026-03-27,7.92,9.62,512.35,5,0.6751,297.0,86,86,86,0.0,50.0
EMP022,2026-03-28,7.92,9.62,512.35,5,0.6995,106.5,87,87,87,0.0,50.0
EMP022,2026-03-29,7.92,9.62,512.35,0,0.0,0.0,88,88,88,0.0,50.0
EMP022,2026-03-30,7.92,9.62,512.35,5,0.6806,324.0,89,89,89,0.0,50.0
EMP022,2026-03-31,7.92,9.62,512.35,5,0.7371,319.5,90,90,90,0.0,50.0
EMP023,2026-01-01,6.77,10.35,575.23,0,0.0,0.0,1,1,1,-1.465,50.0
EMP023,2026-01-02,6.77,10.35,575.23,5,0.7957,186.0,2,2,2,0.993,50.0
EMP023,2026-01-03,6.77,10.35,575.23,5,0.688,62.5,1,1,1,-0.798,50.0
EMP023,2026-01-04,6.77,10.35,575.23,0,0.0,0.0,1,1,1,-1.465,50.0
EMP023,2026-01-05,6.77,10.35,575.23,5,0.7417,135.5,2,2,2,0.228,50.0
EMP023,2026-01-06,6.77,10.35,575.23,5,0.7349,173.5,1,1,1,0.83,50.0
EMP023,2026-01-07,6.77,10.35,575.23,5,0.7132,136.0,1,1,1,0.26,50.0
EMP023,2026-01-08,6.77,10.35,575.23,5,0.7331,148.0,1,1,1,0.391,50.0
EMP023,2026-01-09,6.77,10.35,575.23,5,0.7351,134.0,1,1,1,0.423,50.0
EMP023,2026-01-10,6.77,10.35,575.23,5,0.7982,57.0,1,1,1,-0.651,50.0
EMP023,2026-01-11,6.77,10.35,575.23,0,0.0,0.0,1,1,1,-1.465,50.0
EMP023,2026-01-12,6.77,10.35,575.23,5,0.791,167.5,2,2,2,0.911,50.0
EMP023,2026-01-13,6.77,10.35,575.23,5,0.7799,154.5,1,1,1,1.025,50.0
EMP023,2026-01-14,6.77,10.35,575.23,5,0.6907,118.0,1,1,1,-0.098,50.0
EMP023,2026-01-15,6.77,10.35,575.23,5,0.7188,128.0,1,1,1,0.374,50.0
EMP023,2026-01-16,6.77,10.35,575.23,5,0.6965,156.5,1,1,1,0.358,50.0
EMP023,2026-01-17,6.77,10.35,575.23,5,0.6744,43.0,1,1,1,-1.009,50.0
EMP023,2026-01-18,6.77,10.35,575.23,0,0.0,0.0,1,1,1,-1.465,50.0
EMP023,2026-01-19,6.77,10.35,575.23,5,0.6934,181.0,2,2,2,0.635,50.0
EMP023,2026-01-20,6.77,10.35,575.23,5,0.8036,165.5,1,1,1,0.553,50.0
EMP023,2026-01-21,6.77,10.35,575.23,5,0.702,151.0,1,1,1,0.7,50.0
EMP023,2026-01-22,6.77,10.35,575.23,5,0.7415,147.0,1,1,1,0.358,50.0
EMP023,2026-01-23,6.77,10.35,575.23,5,0.7296,153.5,1,1,1,0.26,50.0
EMP023,2026-01-24,6.77,10.35,575.23,3,0.75,2.0,1,1,1,-1.433,50.0
EMP023,2026-01-25,6.77,10.35,575.23,0,0.0,0.0,1,1,2,-1.465,50.0
EMP023,2026-01-26,6.77,10.35,575.23,0,0.0,0.0,2,2,3,-1.465,50.0
EMP023,2026-01-27,6.77,10.35,575.23,5,0.7364,184.0,3,3,4,0.96,50.0
EMP023,2026-01-28,6.77,10.35,575.23,5,0.7216,136.5,1,1,1,0.26,50.0
EMP023,2026-01-29,6.77,10.35,575.23,5,0.8341,208.0,1,1,1,2.084,50.0
EMP023,2026-01-30,6.77,10.35,575.23,5,0.7534,219.0,1,1,1,1.97,50.0
EMP023,2026-01-31,6.77,10.35,575.23,5,0.7971,69.0,1,1,1,-0.489,50.0
EMP023,2026-02-01,6.77,10.35,575.23,0,0.0,0.0,1,1,1,-1.465,50.0
EMP023,2026-02-02,6.77,10.35,575.23,5,0.7685,168.5,2,2,2,1.221,50.0
EMP023,2026-02-03,6.77,10.35,575.23,5,0.7582,167.5,1,1,1,0.618,50.0
EMP023,2026-02-04,6.77,10.35,575.23,5,0.7719,142.5,1,1,1,0.244,50.0
EMP023,2026-02-05,6.77,10.35,575.23,5,0.7429,140.0,1,1,1,0.391,50.0
EMP023,2026-02-06,6.77,10.35,575.23,5,0.7541,181.0,1,1,1,1.204,50.0
EMP023,2026-02-07,6.77,10.35,575.23,5,0.6733,50.5,1,1,1,-0.863,50.0
EMP023,2026-02-08,6.77,10.35,575.23,0,0.0,0.0,1,1,1,-1.465,50.0
EMP023,2026-02-09,6.77,10.35,575.23,5,0.6468,134.5,2,2,2,-0.016,50.0
EMP023,2026-02-10,6.77,10.35,575.23,5,0.7257,169.5,1,1,1,0.684,50.0
EMP023,2026-02-11,6.77,10.35,575.23,5,0.7185,119.0,1,1,1,0.439,50.0
EMP023,2026-02-12,6.77,10.35,575.23,5,0.6978,134.0,1,1,1,0.358,50.0
EMP023,2026-02-13,6.77,10.35,575.23,5,0.66,125.0,1,1,1,-0.163,50.0
EMP023,2026-02-14,6.77,10.35,575.23,5,0.6824,42.5,1,1,1,-0.928,50.0
EMP023,2026-02-15,6.77,10.35,575.23,0,0.0,0.0,1,1,1,-1.465,50.0
EMP023,2026-02-16,6.77,10.35,575.23,5,0.7372,156.0,2,2,2,0.716,50.0
EMP023,2026-02-17,6.77,10.35,575.23,5,0.6977,155.5,1,1,1,0.96,50.0
EMP023,2026-02-18,6.77,10.35,575.23,5,0.6396,111.0,1,1,1,-0.212,50.0
EMP023,2026-02-19,6.77,10.35,575.23,5,0.6552,130.5,1,1,1,0.114,50.0
EMP023,2026-02-20,6.77,10.35,575.23,5,0.7402,140.5,1,1,1,0.602,50.0
EMP023,2026-02-21,6.77,10.35,575.23,5,0.6481,27.0,1,1,1,-1.075,50.0
EMP023,2026-02-22,6.77,10.35,575.23,0,0.0,0.0,1,1,1,-1.465,50.0
EMP023,2026-02-23,6.77,10.35,575.23,5,0.6522,11.5,2,2,2,-1.286,50.0
EMP023,2026-02-24,6.77,10.35,575.23,5,0.5797,138.0,1,1,1,-0.016,50.0
EMP023,2026-02-25,6.77,10.35,575.23,5,0.6423,130.0,1,1,1,0.358,50.0
EMP023,2026-02-26,6.77,10.35,575.23,5,0.6868,140.5,1,1,1,0.814,50.0
EMP023,2026-02-27,6.77,10.35,575.23,5,0.6828,165.5,1,1,1,1.156,50.0
EMP023,2026-02-28,6.77,10.35,575.23,5,0.672,62.5,1,1,1,-0.57,50.0
EMP023,2026-03-01,6.77,10.35,575.23,0,0.0,0.0,1,1,1,-1.465,50.0
EMP023,2026-03-02,6.77,10.35,575.23,0,0.0,0.0,2,2,2,-1.465,50.0
EMP023,2026-03-03,6.77,10.35,575.23,5,0.6987,156.0,3,3,3,1.27,50.0
EMP023,2026-03-04,6.77,10.35,575.23,5,0.627,92.5,1,1,1,-0.147,50.0
EMP023,2026-03-05,6.77,10.35,575.23,5,0.7045,145.5,1,1,1,0.684,50.0
EMP023,2026-03-06,6.77,10.35,575.23,5,0.6367,144.5,1,1,1,0.911,50.0
EMP023,2026-03-07,6.77,10.35,575.23,5,0.7045,22.0,1,1,1,-1.026,50.0
EMP023,2026-03-08,6.77,10.35,575.23,0,0.0,0.0,1,1,1,-1.465,50.0
EMP023,2026-03-09,6.77,10.35,575.23,5,0.6612,121.0,2,2,2,0.911,50.0
EMP023,2026-03-10,6.77,10.35,575.23,5,0.5633,114.5,1,1,1,0.293,50.0
EMP023,2026-03-11,6.77,10.35,575.23,5,0.6076,79.0,1,1,1,-0.196,50.0
EMP023,2026-03-12,6.77,10.35,575.23,5,0.6404,101.5,1,1,1,0.472,50.0
EMP023,2026-03-13,6.77,10.35,575.23,5,0.5341,88.0,1,1,1,-0.163,50.0
EMP023,2026-03-14,6.77,10.35,575.23,5,0.697,49.5,1,1,1,-0.684,50.0
EMP023,2026-03-15,6.77,10.35,575.23,0,0.0,0.0,1,1,1,-1.465,50.0
EMP023,2026-03-16,6.77,10.35,575.23,5,0.582,122.0,2,2,2,0.781,50.0
EMP023,2026-03-17,6.77,10.35,575.23,4,0.5951,102.5,1,1,1,0.488,50.0
EMP023,2026-03-18,6.77,10.35,575.23,4,0.5667,90.0,1,1,2,0.163,50.0
EMP023,2026-03-19,6.77,10.35,575.23,5,0.5562,89.0,1,1,3,0.098,50.0
EMP023,2026-03-20,6.77,10.35,575.23,5,0.6169,130.5,1,1,1,1.107,50.0
EMP023,2026-03-21,6.77,10.35,575.23,2,0.6667,1.5,1,1,1,-1.433,50.0
EMP023,2026-03-22,6.77,10.35,575.23,0,0.0,0.0,1,2,2,-1.465,50.0
EMP023,2026-03-23,6.77,10.35,575.23,0,0.0,0.0,2,3,3,-1.465,50.0
EMP023,2026-03-24,6.77,10.35,575.23,5,0.5749,103.5,3,4,4,0.439,50.0
EMP023,2026-03-25,6.77,10.35,575.23,5,0.6751,177.0,1,1,1,2.36,50.0
EMP023,2026-03-26,6.77,10.35,575.23,5,0.6245,134.5,1,1,1,1.172,50.0
EMP023,2026-03-27,6.77,10.35,575.23,5,0.6226,132.5,1,1,1,1.139,50.0
EMP023,2026-03-28,6.77,10.35,575.23,5,0.6763,69.5,1,1,1,0.032,50.0
EMP023,2026-03-29,6.77,10.35,575.23,0,0.0,0.0,1,1,1,-1.465,50.0
EMP023,2026-03-30,6.77,10.35,575.23,5,0.6335,125.5,2,2,2,1.042,50.0
EMP023,2026-03-31,6.77,10.35,575.23,5,0.7008,127.0,1,1,1,1.351,50.0
EMP024,2026-01-01,8.07,10.17,513.27,0,0.0,0.0,1,1,1,-1.24,0.0
EMP024,2026-01-02,8.07,10.17,513.27,5,0.6656,152.5,2,2,2,0.827,100.0
EMP024,2026-01-03,8.07,10.17,513.27,5,0.7273,60.5,1,1,1,-0.351,0.0
EMP024,2026-01-04,8.07,10.17,513.27,0,0.0,0.0,1,1,1,-1.24,0.0
EMP024,2026-01-05,8.07,10.17,513.27,5,0.768,62.5,2,2,2,-0.279,100.0
EMP024,2026-01-06,8.07,10.17,513.27,5,0.73,131.5,1,1,1,0.537,100.0
EMP024,2026-01-07,8.07,10.17,513.27,5,0.7009,117.0,1,1,1,0.301,100.0
EMP024,2026-01-08,8.07,10.17,513.27,5,0.7433,130.5,1,1,1,0.719,100.0
EMP024,2026-01-09,8.07,10.17,513.27,5,0.6996,121.5,1,1,1,0.156,100.0
EMP024,2026-01-10,8.07,10.17,513.27,5,0.7757,53.5,1,1,1,-0.406,0.0
EMP024,2026-01-11,8.07,10.17,513.27,0,0.0,0.0,1,1,1,-1.24,0.0
EMP024,2026-01-12,8.07,10.17,513.27,5,0.7283,127.0,2,2,2,0.755,100.0
EMP024,2026-01-13,8.07,10.17,513.27,5,0.7712,135.5,1,1,1,1.009,100.0
EMP024,2026-01-14,8.07,10.17,513.27,5,0.7658,55.5,1,1,1,-0.297,0.0
EMP024,2026-01-15,8.07,10.17,513.27,5,0.6833,110.5,1,1,1,0.12,100.0
EMP024,2026-01-16,8.07,10.17,513.27,5,0.7395,130.5,1,1,1,0.719,100.0
EMP024,2026-01-17,8.07,10.17,513.27,5,0.6667,30.0,1,1,1,-0.859,0.0
EMP024,2026-01-18,8.07,10.17,513.27,0,0.0,0.0,1,1,1,-1.24,0.0
EMP024,2026-01-19,8.07,10.17,513.27,5,0.6952,157.5,2,2,2,1.027,100.0
EMP024,2026-01-20,8.07,10.17,513.27,5,0.7165,127.0,1,1,1,0.265,100.0
EMP024,2026-01-21,8.07,10.17,513.27,5,0.699,103.0,1,1,1,0.011,100.0
EMP024,2026-01-22,8.07,10.17,513.27,5,0.7826,69.0,1,1,1,0.066,100.0
EMP024,2026-01-23,8.07,10.17,513.27,5,0.75,6.0,1,1,1,-1.149,0.0
EMP024,2026-01-24,8.07,10.17,513.27,5,0.7778,40.5,1,1,1,-0.605,0.0
EMP024,2026-01-25,8.07,10.17,513.27,0,0.0,0.0,1,1,1,-1.24,0.0
EMP024,2026-01-26,8.07,10.17,513.27,0,0.0,0.0,2,2,2,-1.24,0.0
EMP024,2026-01-27,8.07,10.17,513.27,5,0.6984,126.0,3,3,3,0.374,100.0
EMP024,2026-01-28,8.07,10.17,513.27,5,0.7333,112.5,1,1,1,0.156,100.0
EMP024,2026-01-29,8.07,10.17,513.27,5,0.7778,166.5,1,1,1,1.154,100.0
EMP024,2026-01-30,8.07,10.17,513.27,5,0.807,158.0,1,1,1,1.535,100.0
EMP024,2026-01-31,8.07,10.17,513.27,5,0.6903,56.5,1,1,1,-0.46,0.0
EMP024,2026-02-01,8.07,10.17,513.27,0,0.0,0.0,1,1,1,-1.24,0.0
EMP024,2026-02-02,8.07,10.17,513.27,5,0.7521,175.5,2,2,2,1.698,100.0
EMP024,2026-02-03,8.07,10.17,513.27,5,0.7733,172.0,1,1,1,1.752,100.0
EMP024,2026-02-04,8.07,10.17,513.27,5,0.7394,142.0,1,1,1,1.244,100.0
EMP024,2026-02-05,8.07,10.17,513.27,5,0.75,122.0,1,1,1,0.537,100.0
EMP024,2026-02-06,8.07,10.17,513.27,5,0.657,138.5,1,1,1,0.519,100.0
EMP024,2026-02-07,8.07,10.17,513.27,5,0.7685,54.0,1,1,1,-0.424,0.0
EMP024,2026-02-08,8.07,10.17,513.27,0,0.0,0.0,1,1,1,-1.24,0.0
EMP024,2026-02-09,8.07,10.17,513.27,5,0.6902,148.5,2,2,2,0.918,100.0
EMP024,2026-02-10,8.07,10.17,513.27,5,0.7068,133.0,1,1,1,0.446,100.0
EMP024,2026-02-11,8.07,10.17,513.27,5,0.7114,149.0,1,1,1,0.936,100.0
EMP024,2026-02-12,8.07,10.17,513.27,5,0.8,127.5,1,1,1,0.827,100.0
EMP024,2026-02-13,8.07,10.17,513.27,5,0.719,137.0,1,1,1,0.918,100.0
EMP024,2026-02-14,8.07,10.17,513.27,5,0.7209,43.0,1,1,1,-0.696,0.0
EMP024,2026-02-15,8.07,10.17,513.27,0,0.0,0.0,1,1,1,-1.24,0.0
EMP024,2026-02-16,8.07,10.17,513.27,5,0.7936,140.5,2,2,2,1.299,100.0
EMP024,2026-02-17,8.07,10.17,513.27,5,0.7581,169.5,1,1,1,1.317,100.0
EMP024,2026-02-18,8.07,10.17,513.27,5,0.6838,136.0,1,1,1,0.755,100.0
EMP024,2026-02-19,8.07,10.17,513.27,0,0.0,0.0,1,1,1,-1.24,0.0
EMP024,2026-02-20,8.07,10.17,513.27,5,0.6543,121.5,2,2,2,0.048,100.0
EMP024,2026-02-21,8.07,10.17,513.27,5,0.7679,56.0,1,1,1,-0.333,0.0
EMP024,2026-02-22,8.07,10.17,513.27,0,0.0,0.0,1,1,1,-1.24,0.0
EMP024,2026-02-23,8.07,10.17,513.27,5,0.7194,69.5,2,2,2,-0.225,100.0
EMP024,2026-02-24,8.07,10.17,513.27,5,0.7945,163.0,1,1,1,1.154,100.0
EMP024,2026-02-25,8.07,10.17,513.27,5,0.7362,81.5,1,1,1,0.138,100.0
EMP024,2026-02-26,8.07,10.17,513.27,5,0.8107,158.5,1,1,1,1.226,100.0
EMP024,2026-02-27,8.07,10.17,513.27,5,0.7413,71.5,1,1,1,-0.37,0.0
EMP024,2026-02-28,8.07,10.17,513.27,5,0.8025,40.5,1,1,1,-0.569,0.0
EMP024,2026-03-01,8.07,10.17,513.27,0,0.0,0.0,1,1,1,-1.24,0.0
EMP024,2026-03-02,8.07,10.17,513.27,0,0.0,0.0,2,2,2,-1.24,0.0
EMP024,2026-03-03,8.07,10.17,513.27,5,0.7098,193.0,3,3,3,1.625,100.0
EMP024,2026-03-04,8.07,10.17,513.27,5,0.6745,127.5,1,1,1,0.628,100.0
EMP024,2026-03-05,8.07,10.17,513.27,5,0.7797,113.5,1,1,1,0.7,100.0
EMP024,2026-03-06,8.07,10.17,513.27,5,0.7773,114.5,1,1,1,0.283,100.0
EMP024,2026-03-07,8.07,10.17,513.27,5,0.7021,47.0,1,1,1,-0.624,0.0
EMP024,2026-03-08,8.07,10.17,513.27,0,0.0,0.0,1,1,1,-1.24,0.0
EMP024,2026-03-09,8.07,10.17,513.27,5,0.7295,140.5,2,2,2,0.918,100.0
EMP024,2026-03-10,8.07,10.17,513.27,5,0.7075,126.5,1,1,1,0.646,100.0
EMP024,2026-03-11,8.07,10.17,513.27,5,0.7669,133.0,1,1,1,0.864,100.0
EMP024,2026-03-12,8.07,10.17,513.27,5,0.7273,5.5,1,1,1,-1.149,0.0
EMP024,2026-03-13,8.07,10.17,513.27,5,0.7876,113.0,1,1,1,0.247,100.0
EMP024,2026-03-14,8.07,10.17,513.27,5,0.7128,47.0,1,1,1,-0.714,0.0
EMP024,2026-03-15,8.07,10.17,513.27,0,0.0,0.0,1,1,1,-1.24,0.0
EMP024,2026-03-16,8.07,10.17,513.27,5,0.7931,145.0,2,2,2,0.755,100.0
EMP024,2026-03-17,8.07,10.17,513.27,5,0.7546,134.5,1,1,1,0.664,100.0
EMP024,2026-03-18,8.07,10.17,513.27,5,0.6638,114.5,1,1,1,0.066,100.0
EMP024,2026-03-19,8.07,10.17,513.27,5,0.6821,75.5,1,1,1,-0.388,100.0
EMP024,2026-03-20,8.07,10.17,513.27,5,0.6809,94.0,1,1,1,-0.007,100.0
EMP024,2026-03-21,8.07,10.17,513.27,5,0.6667,51.0,1,1,1,-0.569,0.0
EMP024,2026-03-22,8.07,10.17,513.27,0,0.0,0.0,1,1,1,-1.24,0.0
EMP024,2026-03-23,8.07,10.17,513.27,5,0.7088,142.5,2,2,2,0.664,100.0
EMP024,2026-03-24,8.07,10.17,513.27,5,0.7191,133.5,1,1,1,0.483,100.0
EMP024,2026-03-25,8.07,10.17,513.27,5,0.7859,212.5,1,1,1,2.351,100.0
EMP024,2026-03-26,8.07,10.17,513.27,5,0.7758,252.0,1,1,1,3.384,100.0
EMP024,2026-03-27,8.07,10.17,513.27,5,0.8523,277.5,1,1,1,4.164,100.0
EMP024,2026-03-28,8.07,10.17,513.27,5,0.8128,93.5,1,1,1,0.211,100.0
EMP024,2026-03-29,8.07,10.17,513.27,0,0.0,0.0,1,1,1,-1.24,0.0
EMP024,2026-03-30,8.07,10.17,513.27,5,0.7486,177.0,2,2,2,1.19,100.0
EMP024,2026-03-31,8.07,10.17,513.27,5,0.778,236.5,1,1,1,3.112,100.0
EMP025,2026-01-01,7.38,10.81,493.31,0,0.0,0.0,1,1,1,-1.331,50.0
EMP025,2026-01-02,7.38,10.81,493.31,5,0.6421,135.5,2,2,2,0.723,50.0
EMP025,2026-01-03,7.38,10.81,493.31,5,0.713,54.0,1,1,1,-0.337,50.0
EMP025,2026-01-04,7.38,10.81,493.31,0,0.0,0.0,1,1,1,-1.331,50.0
EMP025,2026-01-05,7.38,10.81,493.31,5,0.6978,112.5,2,2,2,0.788,50.0
EMP025,2026-01-06,7.38,10.81,493.31,5,0.741,139.0,1,1,1,1.458,50.0
EMP025,2026-01-07,7.38,10.81,493.31,5,0.7216,97.0,1,1,1,0.377,50.0
EMP025,2026-01-08,7.38,10.81,493.31,5,0.7382,95.5,1,1,1,0.55,50.0
EMP025,2026-01-09,7.38,10.81,493.31,5,0.8,7.5,1,1,1,-1.18,50.0
EMP025,2026-01-10,7.38,10.81,493.31,5,0.6842,19.0,1,1,1,-1.05,50.0
EMP025,2026-01-11,7.38,10.81,493.31,0,0.0,0.0,1,1,1,-1.331,50.0
EMP025,2026-01-12,7.38,10.81,493.31,5,0.7525,101.0,2,2,2,0.507,50.0
EMP025,2026-01-13,7.38,10.81,493.31,0,0.0,0.0,1,1,1,-1.331,50.0
EMP025,2026-01-14,7.38,10.81,493.31,5,0.7543,87.5,2,2,2,0.096,50.0
EMP025,2026-01-15,7.38,10.81,493.31,5,0.7421,95.0,1,1,1,0.117,50.0
EMP025,2026-01-16,7.38,10.81,493.31,5,0.7639,108.0,1,1,1,0.507,50.0
EMP025,2026-01-17,7.38,10.81,493.31,5,0.75,36.0,1,1,1,-0.661,50.0
EMP025,2026-01-18,7.38,10.81,493.31,0,0.0,0.0,1,1,1,-1.331,50.0
EMP025,2026-01-19,7.38,10.81,493.31,5,0.8,115.0,2,2,2,0.961,50.0
EMP025,2026-01-20,7.38,10.81,493.31,5,0.6805,120.5,1,1,1,0.42,50.0
EMP025,2026-01-21,7.38,10.81,493.31,5,0.7374,99.0,1,1,1,0.161,50.0
EMP025,2026-01-22,7.38,10.81,493.31,5,0.7204,46.5,1,1,1,-0.596,50.0
EMP025,2026-01-23,7.38,10.81,493.31,5,0.7328,58.0,1,1,1,-0.466,50.0
EMP025,2026-01-24,7.38,10.81,493.31,5,0.7143,38.5,1,1,1,-0.661,50.0
EMP025,2026-01-25,7.38,10.81,493.31,0,0.0,0.0,1,1,1,-1.331,50.0
EMP025,2026-01-26,7.38,10.81,493.31,0,0.0,0.0,2,2,2,-1.331,50.0
EMP025,2026-01-27,7.38,10.81,493.31,5,0.7318,110.0,3,3,3,0.658,50.0
EMP025,2026-01-28,7.38,10.81,493.31,5,0.7252,111.0,1,1,1,0.463,50.0
EMP025,2026-01-29,7.38,10.81,493.31,5,0.7632,171.0,1,1,1,2.323,50.0
EMP025,2026-01-30,7.38,10.81,493.31,5,0.7203,143.0,1,1,1,1.717,50.0
EMP025,2026-01-31,7.38,10.81,493.31,5,0.775,40.0,1,1,1,-0.596,50.0
EMP025,2026-02-01,7.38,10.81,493.31,0,0.0,0.0,1,1,1,-1.331,50.0
EMP025,2026-02-02,7.38,10.81,493.31,5,0.7333,150.0,2,2,2,1.263,50.0
EMP025,2026-02-03,7.38,10.81,493.31,5,0.744,125.0,1,1,1,0.896,50.0
EMP025,2026-02-04,7.38,10.81,493.31,5,0.7487,97.5,1,1,1,0.593,50.0
EMP025,2026-02-05,7.38,10.81,493.31,5,0.7371,106.5,1,1,1,0.528,50.0
EMP025,2026-02-06,7.38,10.81,493.31,5,0.789,109.0,1,1,1,0.463,50.0
EMP025,2026-02-07,7.38,10.81,493.31,5,0.7375,40.0,1,1,1,-0.553,50.0
EMP025,2026-02-08,7.38,10.81,493.31,0,0.0,0.0,1,1,1,-1.331,50.0
EMP025,2026-02-09,7.38,10.81,493.31,5,0.711,109.0,2,2,2,0.29,50.0
EMP025,2026-02-10,7.38,10.81,493.31,5,0.6872,113.5,1,1,1,0.247,50.0
EMP025,2026-02-11,7.38,10.81,493.31,5,0.6881,109.0,1,1,1,0.312,50.0
EMP025,2026-02-12,7.38,10.81,493.31,5,0.7286,105.0,1,1,1,0.766,50.0
EMP025,2026-02-13,7.38,10.81,493.31,5,0.6848,92.0,1,1,1,0.074,50.0
EMP025,2026-02-14,7.38,10.81,493.31,5,0.7105,38.0,1,1,1,-0.683,50.0
EMP025,2026-02-15,7.38,10.81,493.31,0,0.0,0.0,1,1,1,-1.331,50.0
EMP025,2026-02-16,7.38,10.81,493.31,5,0.7391,103.5,2,2,2,0.355,50.0
EMP025,2026-02-17,7.38,10.81,493.31,5,0.7463,100.5,1,1,1,0.334,50.0
EMP025,2026-02-18,7.38,10.81,493.31,5,0.7353,85.0,1,1,1,0.074,50.0
EMP025,2026-02-19,7.38,10.81,493.31,5,0.7475,99.0,1,1,1,0.117,50.0
EMP025,2026-02-20,7.38,10.81,493.31,5,0.729,107.0,1,1,1,0.528,50.0
EMP025,2026-02-21,7.38,10.81,493.31,5,0.7647,34.0,1,1,1,-0.769,50.0
EMP025,2026-02-22,7.38,10.81,493.31,0,0.0,0.0,1,1,1,-1.331,50.0
EMP025,2026-02-23,7.38,10.81,493.31,5,0.6983,116.0,2,2,2,0.701,50.0
EMP025,2026-02-24,7.38,10.81,493.31,5,0.7414,131.5,1,1,1,0.917,50.0
EMP025,2026-02-25,7.38,10.81,493.31,5,0.6864,84.5,1,1,1,-0.034,50.0
EMP025,2026-02-26,7.38,10.81,493.31,5,0.7276,150.5,1,1,1,1.415,50.0
EMP025,2026-02-27,7.38,10.81,493.31,5,0.7538,130.0,1,1,1,0.528,50.0
EMP025,2026-02-28,7.38,10.81,493.31,5,0.7302,63.0,1,1,1,-0.099,50.0
EMP025,2026-03-01,7.38,10.81,493.31,0,0.0,0.0,1,1,1,-1.331,50.0
EMP025,2026-03-02,7.38,10.81,493.31,0,0.0,0.0,2,2,2,-1.331,50.0
EMP025,2026-03-03,7.38,10.81,493.31,5,0.6981,79.5,3,3,3,-0.12,50.0
EMP025,2026-03-04,7.38,10.81,493.31,5,0.8125,8.0,1,1,1,-1.18,50.0
EMP025,2026-03-05,7.38,10.81,493.31,5,0.7306,109.5,1,1,1,0.853,50.0
EMP025,2026-03-06,7.38,10.81,493.31,0,0.0,0.0,1,1,1,-1.331,50.0
EMP025,2026-03-07,7.38,10.81,493.31,5,0.7077,32.5,2,2,2,-0.856,50.0
EMP025,2026-03-08,7.38,10.81,493.31,0,0.0,0.0,1,1,1,-1.331,50.0
EMP025,2026-03-09,7.38,10.81,493.31,5,0.684,115.5,2,2,2,0.788,50.0
EMP025,2026-03-10,7.38,10.81,493.31,5,0.7269,108.0,1,1,1,0.636,50.0
EMP025,2026-03-11,7.38,10.81,493.31,5,0.7598,114.5,1,1,1,0.701,50.0
EMP025,2026-03-12,7.38,10.81,493.31,5,0.6994,86.5,1,1,1,-0.034,50.0
EMP025,2026-03-13,7.38,10.81,493.31,5,0.7614,98.5,1,1,1,0.636,50.0
EMP025,2026-03-14,7.38,10.81,493.31,5,0.6951,41.0,1,1,1,-0.747,50.0
EMP025,2026-03-15,7.38,10.81,493.31,0,0.0,0.0,1,1,1,-1.331,50.0
EMP025,2026-03-16,7.38,10.81,493.31,5,0.7105,114.0,2,2,2,0.269,50.0
EMP025,2026-03-17,7.38,10.81,493.31,5,0.8026,116.5,1,1,1,0.917,50.0
EMP025,2026-03-18,7.38,10.81,493.31,5,0.6932,88.0,1,1,1,-0.185,50.0
EMP025,2026-03-19,7.38,10.81,493.31,0,0.0,0.0,1,1,1,-1.331,50.0
EMP025,2026-03-20,7.38,10.81,493.31,5,0.7129,101.0,2,2,2,0.161,50.0
EMP025,2026-03-21,7.38,10.81,493.31,5,0.6892,37.0,1,1,1,-0.812,50.0
EMP025,2026-03-22,7.38,10.81,493.31,0,0.0,0.0,1,1,1,-1.331,50.0
EMP025,2026-03-23,7.38,10.81,493.31,5,0.7569,72.0,2,2,2,-0.229,50.0
EMP025,2026-03-24,7.38,10.81,493.31,5,0.6951,123.0,1,1,1,0.615,50.0
EMP025,2026-03-25,7.38,10.81,493.31,5,0.8039,181.0,1,1,1,2.323,50.0
EMP025,2026-03-26,7.38,10.81,493.31,5,0.7804,107.0,1,1,1,0.485,50.0
EMP025,2026-03-27,7.38,10.81,493.31,5,0.8015,204.0,1,1,1,2.171,50.0
EMP025,2026-03-28,7.38,10.81,493.31,5,0.8643,70.0,1,1,1,0.247,50.0
EMP025,2026-03-29,7.38,10.81,493.31,0,0.0,0.0,1,1,1,-1.331,50.0
EMP025,2026-03-30,7.38,10.81,493.31,5,0.7712,153.0,2,2,2,1.134,50.0
EMP025,2026-03-31,7.38,10.81,493.31,5,0.8207,217.5,1,1,1,2.971,50.0
EMP026,2026-01-01,7.1,5.52,532.16,0,0.0,0.0,1,1,1,-1.374,50.0
EMP026,2026-01-02,7.1,5.52,532.16,5,0.7563,197.0,2,2,2,1.59,50.0
EMP026,2026-01-03,7.1,5.52,532.16,5,0.7244,63.5,1,1,1,-0.564,50.0
EMP026,2026-01-04,7.1,5.52,532.16,0,0.0,0.0,1,1,1,-1.374,50.0
EMP026,2026-01-05,7.1,5.52,532.16,5,0.7359,115.5,2,2,2,0.375,50.0
EMP026,2026-01-06,7.1,5.52,532.16,5,0.782,133.0,1,1,1,0.559,50.0
EMP026,2026-01-07,7.1,5.52,532.16,5,0.668,123.5,1,1,1,0.062,50.0
EMP026,2026-01-08,7.1,5.52,532.16,4,0.9,5.0,1,1,1,-1.264,50.0
EMP026,2026-01-09,7.1,5.52,532.16,5,0.6824,116.5,1,1,1,0.154,50.0
EMP026,2026-01-10,7.1,5.52,532.16,5,0.7204,46.5,1,1,1,-0.785,50.0
EMP026,2026-01-11,7.1,5.52,532.16,0,0.0,0.0,1,1,1,-1.374,50.0
EMP026,2026-01-12,7.1,5.52,532.16,5,0.696,113.5,2,2,2,0.264,50.0
EMP026,2026-01-13,7.1,5.52,532.16,5,0.7834,138.5,1,1,1,0.725,50.0
EMP026,2026-01-14,7.1,5.52,532.16,5,0.7702,117.5,1,1,1,0.449,50.0
EMP026,2026-01-15,7.1,5.52,532.16,5,0.8051,59.0,1,1,1,-0.251,50.0
EMP026,2026-01-16,7.1,5.52,532.16,5,0.7727,11.0,1,1,1,-1.172,50.0
EMP026,2026-01-17,7.1,5.52,532.16,5,0.747,41.5,1,1,1,-0.859,50.0
EMP026,2026-01-18,7.1,5.52,532.16,0,0.0,0.0,1,1,1,-1.374,50.0
EMP026,2026-01-19,7.1,5.52,532.16,5,0.8,7.5,2,2,2,-1.245,50.0
EMP026,2026-01-20,7.1,5.52,532.16,5,0.774,73.0,1,1,1,-0.122,50.0
EMP026,2026-01-21,7.1,5.52,532.16,5,0.6933,112.5,1,1,1,0.062,50.0
EMP026,2026-01-22,7.1,5.52,532.16,5,0.7049,122.0,1,1,1,-0.03,50.0
EMP026,2026-01-23,7.1,5.52,532.16,5,0.7526,143.5,1,1,1,0.872,50.0
EMP026,2026-01-24,7.1,5.52,532.16,5,0.7474,47.5,1,1,1,-0.638,50.0
EMP026,2026-01-25,7.1,5.52,532.16,0,0.0,0.0,1,1,1,-1.374,50.0
EMP026,2026-01-26,7.1,5.52,532.16,0,0.0,0.0,2,2,2,-1.374,50.0
EMP026,2026-01-27,7.1,5.52,532.16,5,0.7212,113.0,3,3,3,0.154,50.0
EMP026,2026-01-28,7.1,5.52,532.16,5,0.7347,147.0,1,1,1,0.78,50.0
EMP026,2026-01-29,7.1,5.52,532.16,5,0.7859,170.5,1,1,1,1.277,50.0
EMP026,2026-01-30,7.1,5.52,532.16,5,0.781,205.5,1,1,1,2.713,50.0
EMP026,2026-01-31,7.1,5.52,532.16,5,0.7727,33.0,1,1,1,-0.84,50.0
EMP026,2026-02-01,7.1,5.52,532.16,0,0.0,0.0,1,1,1,-1.374,50.0
EMP026,2026-02-02,7.1,5.52,532.16,5,0.7695,154.0,2,2,2,1.148,50.0
EMP026,2026-02-03,7.1,5.52,532.16,5,0.7441,189.5,1,1,1,1.609,50.0
EMP026,2026-02-04,7.1,5.52,532.16,5,0.7717,127.0,1,1,1,0.356,50.0
EMP026,2026-02-05,7.1,5.52,532.16,5,0.7088,130.5,1,1,1,0.393,50.0
EMP026,2026-02-06,7.1,5.52,532.16,5,0.7402,140.5,1,1,1,0.89,50.0
EMP026,2026-02-07,7.1,5.52,532.16,5,0.7909,55.0,1,1,1,-0.527,50.0
EMP026,2026-02-08,7.1,5.52,532.16,0,0.0,0.0,1,1,1,-1.374,50.0
EMP026,2026-02-09,7.1,5.52,532.16,5,0.7562,141.5,2,2,2,0.798,50.0
EMP026,2026-02-10,7.1,5.52,532.16,5,0.711,150.5,1,1,1,0.246,50.0
EMP026,2026-02-11,7.1,5.52,532.16,5,0.6739,115.0,1,1,1,-0.085,50.0
EMP026,2026-02-12,7.1,5.52,532.16,5,0.6963,107.0,1,1,1,-0.141,50.0
EMP026,2026-02-13,7.1,5.52,532.16,5,0.751,128.5,1,1,1,0.08,50.0
EMP026,2026-02-14,7.1,5.52,532.16,5,0.7711,41.5,1,1,1,-0.785,50.0
EMP026,2026-02-15,7.1,5.52,532.16,0,0.0,0.0,1,1,1,-1.374,50.0
EMP026,2026-02-16,7.1,5.52,532.16,5,0.75,120.0,2,2,2,0.264,50.0
EMP026,2026-02-17,7.1,5.52,532.16,5,0.6993,138.0,1,1,1,0.338,50.0
EMP026,2026-02-18,7.1,5.52,532.16,5,0.7491,133.5,1,1,1,0.78,50.0
EMP026,2026-02-19,7.1,5.52,532.16,5,0.7103,126.0,1,1,1,0.356,50.0
EMP026,2026-02-20,7.1,5.52,532.16,5,0.6838,136.0,1,1,1,0.412,50.0
EMP026,2026-02-21,7.1,5.52,532.16,5,0.7065,46.0,1,1,1,-0.767,50.0
EMP026,2026-02-22,7.1,5.52,532.16,0,0.0,0.0,1,1,1,-1.374,50.0
EMP026,2026-02-23,7.1,5.52,532.16,5,0.7154,123.0,2,2,2,0.301,50.0
EMP026,2026-02-24,7.1,5.52,532.16,5,0.6895,138.5,1,1,1,0.393,50.0
EMP026,2026-02-25,7.1,5.52,532.16,5,0.7354,128.5,1,1,1,0.246,50.0
EMP026,2026-02-26,7.1,5.52,532.16,5,0.7177,147.0,1,1,1,0.89,50.0
EMP026,2026-02-27,7.1,5.52,532.16,5,0.7597,129.0,1,1,1,0.209,50.0
EMP026,2026-02-28,7.1,5.52,532.16,5,0.8092,76.0,1,1,1,0.136,50.0
EMP026,2026-03-01,7.1,5.52,532.16,0,0.0,0.0,1,1,1,-1.374,50.0
EMP026,2026-03-02,7.1,5.52,532.16,0,0.0,0.0,2,2,2,-1.374,50.0
EMP026,2026-03-03,7.1,5.52,532.16,5,0.8161,174.0,3,3,3,1.24,50.0
EMP026,2026-03-04,7.1,5.52,532.16,5,0.7066,121.0,1,1,1,0.301,50.0
EMP026,2026-03-05,7.1,5.52,532.16,5,0.7647,119.0,1,1,1,0.449,50.0
EMP026,2026-03-06,7.1,5.52,532.16,5,0.7329,146.0,1,1,1,0.78,50.0
EMP026,2026-03-07,7.1,5.52,532.16,5,0.7684,47.5,1,1,1,-0.527,50.0
EMP026,2026-03-08,7.1,5.52,532.16,0,0.0,0.0,1,1,1,-1.374,50.0
EMP026,2026-03-09,7.1,5.52,532.16,5,0.76,112.5,2,2,2,0.393,50.0
EMP026,2026-03-10,7.1,5.52,532.16,0,0.0,0.0,1,1,1,-1.374,50.0
EMP026,2026-03-11,7.1,5.52,532.16,5,0.7832,71.5,2,2,2,-0.306,50.0
EMP026,2026-03-12,7.1,5.52,532.16,5,0.7277,112.0,1,1,1,0.522,50.0
EMP026,2026-03-13,7.1,5.52,532.16,5,0.7222,117.0,1,1,1,0.356,50.0
EMP026,2026-03-14,7.1,5.52,532.16,5,0.7625,40.0,1,1,1,-0.785,50.0
EMP026,2026-03-15,7.1,5.52,532.16,0,0.0,0.0,1,1,1,-1.374,50.0
EMP026,2026-03-16,7.1,5.52,532.16,5,0.6871,139.0,2,2,2,0.798,50.0
EMP026,2026-03-17,7.1,5.52,532.16,5,0.747,166.0,1,1,1,1.185,50.0
EMP026,2026-03-18,7.1,5.52,532.16,5,0.7258,62.0,1,1,1,-0.491,50.0
EMP026,2026-03-19,7.1,5.52,532.16,5,0.7338,139.0,1,1,1,0.688,50.0
EMP026,2026-03-20,7.1,5.52,532.16,5,0.6914,128.0,1,1,1,0.449,50.0
EMP026,2026-03-21,7.1,5.52,532.16,5,0.7191,44.5,1,1,1,-0.822,50.0
EMP026,2026-03-22,7.1,5.52,532.16,0,0.0,0.0,1,1,1,-1.374,50.0
EMP026,2026-03-23,7.1,5.52,532.16,5,0.7451,153.0,2,2,2,0.964,50.0
EMP026,2026-03-24,7.1,5.52,532.16,5,0.7246,152.5,1,1,1,0.706,50.0
EMP026,2026-03-25,7.1,5.52,532.16,5,0.7729,114.5,1,1,1,0.025,50.0
EMP026,2026-03-26,7.1,5.52,532.16,5,0.7708,222.5,1,1,1,1.59,50.0
EMP026,2026-03-27,7.1,5.52,532.16,5,0.8436,275.0,1,1,1,3.192,50.0
EMP026,2026-03-28,7.1,5.52,532.16,5,0.7516,80.5,1,1,1,-0.306,50.0
EMP026,2026-03-29,7.1,5.52,532.16,0,0.0,0.0,1,1,1,-1.374,50.0
EMP026,2026-03-30,7.1,5.52,532.16,5,0.7845,199.5,2,2,2,1.516,50.0
EMP026,2026-03-31,7.1,5.52,532.16,5,0.7636,239.0,1,1,1,1.645,50.0
EMP027,2026-01-01,4.46,8.71,547.84,0,0.0,0.0,1,1,1,-1.359,50.0
EMP027,2026-01-02,4.46,8.71,547.84,5,0.7273,181.5,2,2,2,1.098,50.0
EMP027,2026-01-03,4.46,8.71,547.84,5,0.7833,60.0,1,1,1,-0.696,50.0
EMP027,2026-01-04,4.46,8.71,547.84,0,0.0,0.0,1,1,1,-1.359,50.0
EMP027,2026-01-05,4.46,8.71,547.84,5,0.7493,181.5,2,2,2,1.098,50.0
EMP027,2026-01-06,4.46,8.71,547.84,5,0.7117,140.5,1,1,1,0.073,50.0
EMP027,2026-01-07,4.46,8.71,547.84,5,0.7232,112.0,1,1,1,-0.244,50.0
EMP027,2026-01-08,4.46,8.71,547.84,5,0.6626,121.5,1,1,1,-0.153,50.0
EMP027,2026-01-09,4.46,8.71,547.84,5,0.7692,149.5,1,1,1,0.208,50.0
EMP027,2026-01-10,4.46,8.71,547.84,5,0.6667,52.5,1,1,1,-0.922,50.0
EMP027,2026-01-11,4.46,8.71,547.84,0,0.0,0.0,1,1,1,-1.359,50.0
EMP027,2026-01-12,4.46,8.71,547.84,5,0.7259,129.5,2,2,2,0.012,50.0
EMP027,2026-01-13,4.46,8.71,547.84,5,0.784,143.5,1,1,1,0.691,50.0
EMP027,2026-01-14,4.46,8.71,547.84,5,0.7419,139.5,1,1,1,0.555,50.0
EMP027,2026-01-15,4.46,8.71,547.84,5,0.8076,145.5,1,1,1,0.766,50.0
EMP027,2026-01-16,4.46,8.71,547.84,0,0.0,0.0,1,1,1,-1.359,50.0
EMP027,2026-01-17,4.46,8.71,547.84,5,0.75,62.0,2,2,2,-0.56,50.0
EMP027,2026-01-18,4.46,8.71,547.84,0,0.0,0.0,1,1,1,-1.359,50.0
EMP027,2026-01-19,4.46,8.71,547.84,5,0.7157,153.0,2,2,2,0.329,50.0
EMP027,2026-01-20,4.46,8.71,547.84,5,0.7079,145.5,1,1,1,0.103,50.0
EMP027,2026-01-21,4.46,8.71,547.84,5,0.7651,166.0,1,1,1,0.736,50.0
EMP027,2026-01-22,4.46,8.71,547.84,5,0.7926,135.0,1,1,1,0.073,50.0
EMP027,2026-01-23,4.46,8.71,547.84,5,0.7485,169.0,1,1,1,0.706,50.0
EMP027,2026-01-24,4.46,8.71,547.84,5,0.7054,56.0,1,1,1,-0.681,50.0
EMP027,2026-01-25,4.46,8.71,547.84,0,0.0,0.0,1,1,1,-1.359,50.0
EMP027,2026-01-26,4.46,8.71,547.84,0,0.0,0.0,2,2,2,-1.359,50.0
EMP027,2026-01-27,4.46,8.71,547.84,5,0.7143,10.5,3,3,3,-1.254,50.0
EMP027,2026-01-28,4.46,8.71,547.84,5,0.6801,136.0,1,1,1,-0.078,50.0
EMP027,2026-01-29,4.46,8.71,547.84,5,0.8079,242.0,1,1,1,2.304,50.0
EMP027,2026-01-30,4.46,8.71,547.84,5,0.8008,253.5,1,1,1,2.515,50.0
EMP027,2026-01-31,4.46,8.71,547.84,5,0.7524,52.5,1,1,1,-0.741,50.0
EMP027,2026-02-01,4.46,8.71,547.84,0,0.0,0.0,1,1,1,-1.359,50.0
EMP027,2026-02-02,4.46,8.71,547.84,5,0.7476,154.5,2,2,2,0.284,50.0
EMP027,2026-02-03,4.46,8.71,547.84,5,0.7689,231.5,1,1,1,1.535,50.0
EMP027,2026-02-04,4.46,8.71,547.84,5,0.7829,140.5,1,1,1,0.359,50.0
EMP027,2026-02-05,4.46,8.71,547.84,5,0.7264,164.5,1,1,1,0.419,50.0
EMP027,2026-02-06,4.46,8.71,547.84,5,0.7076,138.5,1,1,1,-0.123,50.0
EMP027,2026-02-07,4.46,8.71,547.84,5,0.7658,55.5,1,1,1,-0.741,50.0
EMP027,2026-02-08,4.46,8.71,547.84,0,0.0,0.0,1,1,1,-1.359,50.0
EMP027,2026-02-09,4.46,8.71,547.84,5,0.7067,170.5,2,2,2,0.585,50.0
EMP027,2026-02-10,4.46,8.71,547.84,5,0.764,161.0,1,1,1,0.148,50.0
EMP027,2026-02-11,4.46,8.71,547.84,5,0.7778,144.0,1,1,1,0.676,50.0
EMP027,2026-02-12,4.46,8.71,547.84,5,0.7539,128.0,1,1,1,0.329,50.0
EMP027,2026-02-13,4.46,8.71,547.84,5,0.6955,133.0,1,1,1,-0.063,50.0
EMP027,2026-02-14,4.46,8.71,547.84,5,0.7822,50.5,1,1,1,-0.711,50.0
EMP027,2026-02-15,4.46,8.71,547.84,0,0.0,0.0,1,1,1,-1.359,50.0
EMP027,2026-02-16,4.46,8.71,547.84,5,0.7368,152.0,2,2,2,0.118,50.0
EMP027,2026-02-17,4.46,8.71,547.84,5,0.6979,144.0,1,1,1,0.043,50.0
EMP027,2026-02-18,4.46,8.71,547.84,5,0.6414,125.5,1,1,1,0.027,50.0
EMP027,2026-02-19,4.46,8.71,547.84,5,0.7395,167.0,1,1,1,0.872,50.0
EMP027,2026-02-20,4.46,8.71,547.84,5,0.7335,174.5,1,1,1,0.977,50.0
EMP027,2026-02-21,4.46,8.71,547.84,5,0.6763,69.5,1,1,1,-0.5,50.0
EMP027,2026-02-22,4.46,8.71,547.84,0,0.0,0.0,1,1,1,-1.359,50.0
EMP027,2026-02-23,4.46,8.71,547.84,5,0.7333,7.5,2,2,2,-1.284,50.0
EMP027,2026-02-24,4.46,8.71,547.84,5,0.7356,164.5,1,1,1,0.314,50.0
EMP027,2026-02-25,4.46,8.71,547.84,5,0.673,131.5,1,1,1,0.027,50.0
EMP027,2026-02-26,4.46,8.71,547.84,5,0.6963,174.5,1,1,1,0.495,50.0
EMP027,2026-02-27,4.46,8.71,547.84,5,0.65,160.0,1,1,1,0.389,50.0
EMP027,2026-02-28,4.46,8.71,547.84,5,0.8132,45.5,1,1,1,-0.621,50.0
EMP027,2026-03-01,4.46,8.71,547.84,0,0.0,0.0,1,1,1,-1.359,50.0
EMP027,2026-03-02,4.46,8.71,547.84,0,0.0,0.0,2,2,2,-1.359,50.0
EMP027,2026-03-03,4.46,8.71,547.84,5,0.7443,197.5,3,3,3,0.736,50.0
EMP027,2026-03-04,4.46,8.71,547.84,5,0.7763,152.0,1,1,1,0.51,50.0
EMP027,2026-03-05,4.46,8.71,547.84,5,0.7394,153.5,1,1,1,0.54,50.0
EMP027,2026-03-06,4.46,8.71,547.84,5,0.7822,151.5,1,1,1,0.314,50.0
EMP027,2026-03-07,4.46,8.71,547.84,5,0.6667,48.0,1,1,1,-0.802,50.0
EMP027,2026-03-08,4.46,8.71,547.84,0,0.0,0.0,1,1,1,-1.359,50.0
EMP027,2026-03-09,4.46,8.71,547.84,5,0.7161,158.5,2,2,2,0.329,50.0
EMP027,2026-03-10,4.46,8.71,547.84,5,0.6869,148.5,1,1,1,0.012,50.0
EMP027,2026-03-11,4.46,8.71,547.84,5,0.725,160.0,1,1,1,0.419,50.0
EMP027,2026-03-12,4.46,8.71,547.84,5,0.7316,136.0,1,1,1,0.103,50.0
EMP027,2026-03-13,4.46,8.71,547.84,5,0.7365,148.0,1,1,1,0.555,50.0
EMP027,2026-03-14,4.46,8.71,547.84,5,0.785,53.5,1,1,1,-0.802,50.0
EMP027,2026-03-15,4.46,8.71,547.84,0,0.0,0.0,1,1,1,-1.359,50.0
EMP027,2026-03-16,4.46,8.71,547.84,5,0.6611,150.5,2,2,2,-0.063,50.0
EMP027,2026-03-17,4.46,8.71,547.84,5,0.7349,190.5,1,1,1,0.721,50.0
EMP027,2026-03-18,4.46,8.71,547.84,5,0.7128,148.0,1,1,1,0.103,50.0
EMP027,2026-03-19,4.46,8.71,547.84,5,0.6958,143.0,1,1,1,0.027,50.0
EMP027,2026-03-20,4.46,8.71,547.84,5,0.7229,166.0,1,1,1,0.525,50.0
EMP027,2026-03-21,4.46,8.71,547.84,5,0.6897,58.0,1,1,1,-0.892,50.0
EMP027,2026-03-22,4.46,8.71,547.84,0,0.0,0.0,1,1,1,-1.359,50.0
EMP027,2026-03-23,4.46,8.71,547.84,5,0.7163,141.0,2,2,2,0.118,50.0
EMP027,2026-03-24,4.46,8.71,547.84,5,0.6909,165.0,1,1,1,0.389,50.0
EMP027,2026-03-25,4.46,8.71,547.84,5,0.8187,256.5,1,1,1,2.047,50.0
EMP027,2026-03-26,4.46,8.71,547.84,5,0.8364,272.0,1,1,1,2.922,50.0
EMP027,2026-03-27,4.46,8.71,547.84,5,0.796,272.0,1,1,1,2.168,50.0
EMP027,2026-03-28,4.46,8.71,547.84,5,0.7958,120.0,1,1,1,0.208,50.0
EMP027,2026-03-29,4.46,8.71,547.84,0,0.0,0.0,1,1,1,-1.359,50.0
EMP027,2026-03-30,4.46,8.71,547.84,5,0.7708,246.5,2,2,2,2.017,50.0
EMP027,2026-03-31,4.46,8.71,547.84,5,0.7908,229.5,1,1,1,1.414,50.0
EMP028,2026-01-01,6.63,10.87,476.93,0,0.0,0.0,1,1,1,-1.24,0.0
EMP028,2026-01-02,6.63,10.87,476.93,5,0.8043,138.0,2,2,2,1.081,100.0
EMP028,2026-01-03,6.63,10.87,476.93,5,0.6774,46.5,1,1,1,-0.696,0.0
EMP028,2026-01-04,6.63,10.87,476.93,0,0.0,0.0,1,1,1,-1.24,0.0
EMP028,2026-01-05,6.63,10.87,476.93,5,0.7243,107.0,2,2,2,-0.007,100.0
EMP028,2026-01-06,6.63,10.87,476.93,5,0.7854,116.5,1,1,1,0.428,100.0
EMP028,2026-01-07,6.63,10.87,476.93,5,0.7031,96.0,1,1,1,0.011,100.0
EMP028,2026-01-08,6.63,10.87,476.93,5,0.7568,74.0,1,1,1,0.048,100.0
EMP028,2026-01-09,6.63,10.87,476.93,5,0.7048,105.0,1,1,1,-0.116,0.0
EMP028,2026-01-10,6.63,10.87,476.93,5,0.7143,42.0,1,1,1,-0.678,0.0
EMP028,2026-01-11,6.63,10.87,476.93,0,0.0,0.0,1,1,1,-1.24,0.0
EMP028,2026-01-12,6.63,10.87,476.93,5,0.7216,127.5,2,2,2,0.628,100.0
EMP028,2026-01-13,6.63,10.87,476.93,5,0.7654,89.5,1,1,1,-0.134,0.0
EMP028,2026-01-14,6.63,10.87,476.93,5,0.6862,94.0,1,1,1,0.029,100.0
EMP028,2026-01-15,6.63,10.87,476.93,5,0.8036,56.0,1,1,1,-0.497,0.0
EMP028,2026-01-16,6.63,10.87,476.93,5,0.7822,112.5,1,1,1,0.392,100.0
EMP028,2026-01-17,6.63,10.87,476.93,5,0.7297,37.0,1,1,1,-0.732,0.0
EMP028,2026-01-18,6.63,10.87,476.93,0,0.0,0.0,1,1,1,-1.24,0.0
EMP028,2026-01-19,6.63,10.87,476.93,5,0.7143,112.0,2,2,2,-0.007,100.0
EMP028,2026-01-20,6.63,10.87,476.93,5,0.6667,109.5,1,1,1,-0.007,100.0
EMP028,2026-01-21,6.63,10.87,476.93,5,0.6818,88.0,1,1,1,-0.134,0.0
EMP028,2026-01-22,6.63,10.87,476.93,5,0.6346,104.0,1,1,1,-0.188,0.0
EMP028,2026-01-23,6.63,10.87,476.93,5,0.7521,117.0,1,1,1,0.428,100.0
EMP028,2026-01-24,6.63,10.87,476.93,5,0.7711,41.5,1,1,1,-0.66,0.0
EMP028,2026-01-25,6.63,10.87,476.93,0,0.0,0.0,1,1,1,-1.24,0.0
EMP028,2026-01-26,6.63,10.87,476.93,0,0.0,0.0,2,2,2,-1.24,0.0
EMP028,2026-01-27,6.63,10.87,476.93,5,0.7251,105.5,3,3,3,0.084,100.0
EMP028,2026-01-28,6.63,10.87,476.93,5,0.6707,83.5,1,1,1,-0.079,100.0
EMP028,2026-01-29,6.63,10.87,476.93,5,0.8085,141.0,1,1,1,1.662,100.0
EMP028,2026-01-30,6.63,10.87,476.93,5,0.747,166.0,1,1,1,1.698,100.0
EMP028,2026-01-31,6.63,10.87,476.93,5,0.7614,44.0,1,1,1,-0.569,0.0
EMP028,2026-02-01,6.63,10.87,476.93,0,0.0,0.0,1,1,1,-1.24,0.0
EMP028,2026-02-02,6.63,10.87,476.93,5,0.6914,128.0,2,2,2,0.32,100.0
EMP028,2026-02-03,6.63,10.87,476.93,5,0.7209,150.5,1,1,1,0.664,100.0
EMP028,2026-02-04,6.63,10.87,476.93,5,0.802,101.0,1,1,1,-0.043,0.0
EMP028,2026-02-05,6.63,10.87,476.93,5,0.7308,117.0,1,1,1,0.356,100.0
EMP028,2026-02-06,6.63,10.87,476.93,0,0.0,0.0,1,1,1,-1.24,0.0
EMP028,2026-02-07,6.63,10.87,476.93,5,0.6986,36.5,2,2,2,-0.787,0.0
EMP028,2026-02-08,6.63,10.87,476.93,0,0.0,0.0,1,1,1,-1.24,0.0
EMP028,2026-02-09,6.63,10.87,476.93,5,0.7831,124.5,2,2,2,0.465,100.0
EMP028,2026-02-10,6.63,10.87,476.93,5,0.7512,108.5,1,1,1,0.338,100.0
EMP028,2026-02-11,6.63,10.87,476.93,5,0.7281,114.0,1,1,1,0.428,100.0
EMP028,2026-02-12,6.63,10.87,476.93,5,0.657,86.0,1,1,1,-0.152,0.0
EMP028,2026-02-13,6.63,10.87,476.93,5,0.7542,118.0,1,1,1,0.501,100.0
EMP028,2026-02-14,6.63,10.87,476.93,5,0.725,40.0,1,1,1,-0.732,0.0
EMP028,2026-02-15,6.63,10.87,476.93,0,0.0,0.0,1,1,1,-1.24,0.0
EMP028,2026-02-16,6.63,10.87,476.93,5,0.7297,92.5,2,2,2,-0.043,0.0
EMP028,2026-02-17,6.63,10.87,476.93,5,0.6667,4.5,1,1,1,-1.186,0.0
EMP028,2026-02-18,6.63,10.87,476.93,5,0.7831,94.5,1,1,1,0.32,100.0
EMP028,2026-02-19,6.63,10.87,476.93,0,0.0,0.0,1,1,1,-1.24,0.0
EMP028,2026-02-20,6.63,10.87,476.93,5,0.751,120.5,2,2,2,0.156,0.0
EMP028,2026-02-21,6.63,10.87,476.93,5,0.6774,31.0,1,1,1,-0.877,0.0
EMP028,2026-02-22,6.63,10.87,476.93,0,0.0,0.0,1,1,1,-1.24,0.0
EMP028,2026-02-23,6.63,10.87,476.93,5,0.8024,126.5,2,2,2,0.936,100.0
EMP028,2026-02-24,6.63,10.87,476.93,5,0.6815,124.0,1,1,1,0.356,100.0
EMP028,2026-02-25,6.63,10.87,476.93,0,0.0,0.0,1,1,1,-1.24,0.0
EMP028,2026-02-26,6.63,10.87,476.93,5,0.7341,133.5,2,2,2,0.827,100.0
EMP028,2026-02-27,6.63,10.87,476.93,5,0.736,125.0,1,1,1,0.32,0.0
EMP028,2026-02-28,6.63,10.87,476.93,5,0.8046,43.5,1,1,1,-0.442,0.0
EMP028,2026-03-01,6.63,10.87,476.93,0,0.0,0.0,1,1,1,-1.24,0.0
EMP028,2026-03-02,6.63,10.87,476.93,0,0.0,0.0,2,2,2,-1.24,0.0
EMP028,2026-03-03,6.63,10.87,476.93,5,0.748,125.0,3,3,3,0.519,100.0
EMP028,2026-03-04,6.63,10.87,476.93,5,0.6322,121.0,1,1,1,0.211,0.0
EMP028,2026-03-05,6.63,10.87,476.93,5,0.7225,113.5,1,1,1,0.41,100.0
EMP028,2026-03-06,6.63,10.87,476.93,5,0.6948,124.5,1,1,1,0.392,100.0
EMP028,2026-03-07,6.63,10.87,476.93,5,0.75,42.0,1,1,1,-0.732,0.0
EMP028,2026-03-08,6.63,10.87,476.93,0,0.0,0.0,1,1,1,-1.24,0.0
EMP028,2026-03-09,6.63,10.87,476.93,0,0.0,0.0,2,2,2,-1.24,0.0
EMP028,2026-03-10,6.63,10.87,476.93,0,0.0,0.0,3,3,3,-1.24,0.0
EMP028,2026-03-11,6.63,10.87,476.93,5,0.6976,102.5,4,4,4,-0.043,0.0
EMP028,2026-03-12,6.63,10.87,476.93,5,0.7449,121.5,1,1,1,0.501,100.0
EMP028,2026-03-13,6.63,10.87,476.93,5,0.7705,91.5,1,1,1,-0.134,0.0
EMP028,2026-03-14,6.63,10.87,476.93,5,0.7101,34.5,1,1,1,-0.914,0.0
EMP028,2026-03-15,6.63,10.87,476.93,0,0.0,0.0,1,1,1,-1.24,0.0
EMP028,2026-03-16,6.63,10.87,476.93,5,0.7143,7.0,2,2,2,-1.149,0.0
EMP028,2026-03-17,6.63,10.87,476.93,0,0.0,0.0,1,1,1,-1.24,0.0
EMP028,2026-03-18,6.63,10.87,476.93,5,0.7667,90.0,2,2,2,0.193,100.0
EMP028,2026-03-19,6.63,10.87,476.93,5,0.6822,107.0,1,1,1,0.066,100.0
EMP028,2026-03-20,6.63,10.87,476.93,5,0.7049,122.0,1,1,1,0.265,100.0
EMP028,2026-03-21,6.63,10.87,476.93,5,0.7381,42.0,1,1,1,-0.66,0.0
EMP028,2026-03-22,6.63,10.87,476.93,0,0.0,0.0,1,1,1,-1.24,0.0
EMP028,2026-03-23,6.63,10.87,476.93,5,0.7467,112.5,2,2,2,0.573,100.0
EMP028,2026-03-24,6.63,10.87,476.93,5,0.6887,106.0,1,1,1,0.029,100.0
EMP028,2026-03-25,6.63,10.87,476.93,5,0.8499,186.5,1,1,1,1.752,100.0
EMP028,2026-03-26,6.63,10.87,476.93,5,0.7983,173.5,1,1,1,1.19,100.0
EMP028,2026-03-27,6.63,10.87,476.93,5,0.7923,207.0,1,1,1,2.079,100.0
EMP028,2026-03-28,6.63,10.87,476.93,5,0.7812,64.0,1,1,1,-0.079,0.0
EMP028,2026-03-29,6.63,10.87,476.93,0,0.0,0.0,1,1,1,-1.24,0.0
EMP028,2026-03-30,6.63,10.87,476.93,5,0.8083,156.5,2,2,2,0.972,100.0
EMP028,2026-03-31,6.63,10.87,476.93,5,0.7821,195.0,1,1,1,1.263,100.0
EMP029,2026-01-01,6.31,10.24,550.69,0,0.0,0.0,1,1,1,0.0,50.0
EMP029,2026-01-02,6.31,10.24,550.69,5,0.3754,166.5,2,2,2,0.0,50.0
EMP029,2026-01-03,6.31,10.24,550.69,5,0.3895,47.5,3,3,3,0.0,50.0
EMP029,2026-01-04,6.31,10.24,550.69,0,0.0,0.0,4,4,4,0.0,50.0
EMP029,2026-01-05,6.31,10.24,550.69,5,0.4185,156.5,5,5,5,0.0,50.0
EMP029,2026-01-06,6.31,10.24,550.69,5,0.2953,127.0,6,6,6,0.0,50.0
EMP029,2026-01-07,6.31,10.24,550.69,5,0.3543,127.0,7,7,7,0.0,50.0
EMP029,2026-01-08,6.31,10.24,550.69,5,0.4068,88.5,8,8,8,0.0,50.0
EMP029,2026-01-09,6.31,10.24,550.69,5,0.4105,142.5,9,9,9,0.0,50.0
EMP029,2026-01-10,6.31,10.24,550.69,5,0.339,59.0,10,10,10,0.0,50.0
EMP029,2026-01-11,6.31,10.24,550.69,0,0.0,0.0,11,11,11,0.0,50.0
EMP029,2026-01-12,6.31,10.24,550.69,5,0.4636,130.5,12,12,12,0.0,50.0
EMP029,2026-01-13,6.31,10.24,550.69,5,0.4219,128.0,13,13,13,0.0,50.0
EMP029,2026-01-14,6.31,10.24,550.69,5,0.3822,129.5,14,14,14,0.0,50.0
EMP029,2026-01-15,6.31,10.24,550.69,5,0.4114,149.5,15,15,15,0.0,50.0
EMP029,2026-01-16,6.31,10.24,550.69,5,0.3368,145.5,16,16,16,0.0,50.0
EMP029,2026-01-17,6.31,10.24,550.69,5,0.3981,54.0,17,17,17,0.0,50.0
EMP029,2026-01-18,6.31,10.24,550.69,0,0.0,0.0,18,18,18,0.0,50.0
EMP029,2026-01-19,6.31,10.24,550.69,5,0.3546,156.5,19,19,19,0.0,50.0
EMP029,2026-01-20,6.31,10.24,550.69,5,0.3412,170.0,20,20,20,0.0,50.0
EMP029,2026-01-21,6.31,10.24,550.69,5,0.2877,106.0,21,21,21,0.0,50.0
EMP029,2026-01-22,6.31,10.24,550.69,5,0.418,122.0,22,22,22,0.0,50.0
EMP029,2026-01-23,6.31,10.24,550.69,5,0.3542,135.5,23,23,23,0.0,50.0
EMP029,2026-01-24,6.31,10.24,550.69,5,0.3585,53.0,24,24,24,0.0,50.0
EMP029,2026-01-25,6.31,10.24,550.69,0,0.0,0.0,25,25,25,0.0,50.0
EMP029,2026-01-26,6.31,10.24,550.69,0,0.0,0.0,26,26,26,0.0,50.0
EMP029,2026-01-27,6.31,10.24,550.69,5,0.4046,175.5,27,27,27,0.0,50.0
EMP029,2026-01-28,6.31,10.24,550.69,5,0.4625,120.0,28,28,28,0.0,50.0
EMP029,2026-01-29,6.31,10.24,550.69,5,0.4342,152.0,29,29,29,0.0,50.0
EMP029,2026-01-30,6.31,10.24,550.69,5,0.433,145.5,30,30,30,0.0,50.0
EMP029,2026-01-31,6.31,10.24,550.69,5,0.4797,61.5,31,31,31,0.0,50.0
EMP029,2026-02-01,6.31,10.24,550.69,0,0.0,0.0,32,32,32,0.0,50.0
EMP029,2026-02-02,6.31,10.24,550.69,5,0.3675,166.0,33,33,33,0.0,50.0
EMP029,2026-02-03,6.31,10.24,550.69,5,0.4585,174.5,34,34,34,0.0,50.0
EMP029,2026-02-04,6.31,10.24,550.69,5,0.3398,103.0,35,35,35,0.0,50.0
EMP029,2026-02-05,6.31,10.24,550.69,5,0.4742,155.0,36,36,36,0.0,50.0
EMP029,2026-02-06,6.31,10.24,550.69,5,0.4013,154.5,37,37,37,0.0,50.0
EMP029,2026-02-07,6.31,10.24,550.69,5,0.3776,49.0,38,38,38,0.0,50.0
EMP029,2026-02-08,6.31,10.24,550.69,0,0.0,0.0,39,39,39,0.0,50.0
EMP029,2026-02-09,6.31,10.24,550.69,5,0.3546,141.0,40,40,40,0.0,50.0
EMP029,2026-02-10,6.31,10.24,550.69,5,0.4292,120.0,41,41,41,0.0,50.0
EMP029,2026-02-11,6.31,10.24,550.69,5,0.3681,144.0,42,42,42,0.0,50.0
EMP029,2026-02-12,6.31,10.24,550.69,5,0.298,127.5,43,43,43,0.0,50.0
EMP029,2026-02-13,6.31,10.24,550.69,5,0.3034,133.5,44,44,44,0.0,50.0
EMP029,2026-02-14,6.31,10.24,550.69,5,0.3021,48.0,45,45,45,0.0,50.0
EMP029,2026-02-15,6.31,10.24,550.69,0,0.0,0.0,46,46,46,0.0,50.0
EMP029,2026-02-16,6.31,10.24,550.69,5,0.4049,102.5,47,47,47,0.0,50.0
EMP029,2026-02-17,6.31,10.24,550.69,5,0.4263,156.0,48,48,48,0.0,50.0
EMP029,2026-02-18,6.31,10.24,550.69,5,0.3976,127.0,49,49,49,0.0,50.0
EMP029,2026-02-19,6.31,10.24,550.69,5,0.3788,165.0,50,50,50,0.0,50.0
EMP029,2026-02-20,6.31,10.24,550.69,5,0.3632,117.0,51,51,51,0.0,50.0
EMP029,2026-02-21,6.31,10.24,550.69,5,0.2571,17.5,52,52,52,0.0,50.0
EMP029,2026-02-22,6.31,10.24,550.69,0,0.0,0.0,53,53,53,0.0,50.0
EMP029,2026-02-23,6.31,10.24,550.69,5,0.3428,141.5,54,54,54,0.0,50.0
EMP029,2026-02-24,6.31,10.24,550.69,0,0.0,0.0,55,55,55,0.0,50.0
EMP029,2026-02-25,6.31,10.24,550.69,5,0.4255,70.5,56,56,56,0.0,50.0
EMP029,2026-02-26,6.31,10.24,550.69,5,0.3368,144.0,57,57,57,0.0,50.0
EMP029,2026-02-27,6.31,10.24,550.69,0,0.0,0.0,58,58,58,0.0,50.0
EMP029,2026-02-28,6.31,10.24,550.69,5,0.4286,56.0,59,59,59,0.0,50.0
EMP029,2026-03-01,6.31,10.24,550.69,0,0.0,0.0,60,60,60,0.0,50.0
EMP029,2026-03-02,6.31,10.24,550.69,0,0.0,0.0,61,61,61,0.0,50.0
EMP029,2026-03-03,6.31,10.24,550.69,5,0.4191,204.0,62,62,62,0.0,50.0
EMP029,2026-03-04,6.31,10.24,550.69,0,0.0,0.0,63,63,63,0.0,50.0
EMP029,2026-03-05,6.31,10.24,550.69,5,0.4667,142.5,64,64,64,0.0,50.0
EMP029,2026-03-06,6.31,10.24,550.69,5,0.5336,126.5,65,65,65,0.0,50.0
EMP029,2026-03-07,6.31,10.24,550.69,5,0.4082,49.0,66,66,66,0.0,50.0
EMP029,2026-03-08,6.31,10.24,550.69,0,0.0,0.0,67,67,67,0.0,50.0
EMP029,2026-03-09,6.31,10.24,550.69,5,0.3058,139.0,68,68,68,0.0,50.0
EMP029,2026-03-10,6.31,10.24,550.69,5,0.3209,148.0,69,69,69,0.0,50.0
EMP029,2026-03-11,6.31,10.24,550.69,5,0.3486,142.0,70,70,70,0.0,50.0
EMP029,2026-03-12,6.31,10.24,550.69,5,0.3415,61.5,71,71,71,0.0,50.0
EMP029,2026-03-13,6.31,10.24,550.69,5,0.3614,124.5,72,72,72,0.0,50.0
EMP029,2026-03-14,6.31,10.24,550.69,5,0.3086,40.5,73,73,73,0.0,50.0
EMP029,2026-03-15,6.31,10.24,550.69,0,0.0,0.0,74,74,74,0.0,50.0
EMP029,2026-03-16,6.31,10.24,550.69,5,0.4737,142.5,75,75,75,0.0,50.0
EMP029,2026-03-17,6.31,10.24,550.69,5,0.4793,145.0,76,76,76,0.0,50.0
EMP029,2026-03-18,6.31,10.24,550.69,5,0.4138,130.5,77,77,77,0.0,50.0
EMP029,2026-03-19,6.31,10.24,550.69,5,0.4502,115.5,78,78,78,0.0,50.0
EMP029,2026-03-20,6.31,10.24,550.69,5,0.4237,160.5,79,79,79,0.0,50.0
EMP029,2026-03-21,6.31,10.24,550.69,5,0.5435,46.0,80,80,80,0.0,50.0
EMP029,2026-03-22,6.31,10.24,550.69,0,0.0,0.0,81,81,81,0.0,50.0
EMP029,2026-03-23,6.31,10.24,550.69,5,0.35,150.0,82,82,82,0.0,50.0
EMP029,2026-03-24,6.31,10.24,550.69,5,0.36,150.0,83,83,83,0.0,50.0
EMP029,2026-03-25,6.31,10.24,550.69,5,0.3411,149.5,84,84,84,0.0,50.0
EMP029,2026-03-26,6.31,10.24,550.69,5,0.3675,141.5,85,85,85,0.0,50.0
EMP029,2026-03-27,6.31,10.24,550.69,5,0.4308,191.5,86,86,86,0.0,50.0
EMP029,2026-03-28,6.31,10.24,550.69,5,0.3194,72.0,87,87,87,0.0,50.0
EMP029,2026-03-29,6.31,10.24,550.69,0,0.0,0.0,88,88,88,0.0,50.0
EMP029,2026-03-30,6.31,10.24,550.69,5,0.4866,168.5,89,89,89,0.0,50.0
EMP029,2026-03-31,6.31,10.24,550.69,5,0.3801,206.5,90,90,90,0.0,50.0
EMP030,2026-01-01,7.77,7.15,513.01,0,0.0,0.0,1,1,1,0.0,0.0
EMP030,2026-01-02,7.77,7.15,513.01,5,0.4038,158.5,2,2,2,0.0,0.0
EMP030,2026-01-03,7.77,7.15,513.01,5,0.4419,43.0,3,3,3,0.0,0.0
EMP030,2026-01-04,7.77,7.15,513.01,0,0.0,0.0,4,4,4,0.0,0.0
EMP030,2026-01-05,7.77,7.15,513.01,5,0.2983,119.0,5,5,5,0.0,0.0
EMP030,2026-01-06,7.77,7.15,513.01,5,0.3867,112.5,6,6,6,0.0,0.0
EMP030,2026-01-07,7.77,7.15,513.01,5,0.3279,91.5,7,7,7,0.0,0.0
EMP030,2026-01-08,7.77,7.15,513.01,5,0.4241,112.0,8,8,8,0.0,0.0
EMP030,2026-01-09,7.77,7.15,513.01,5,0.4753,131.5,9,9,9,0.0,0.0
EMP030,2026-01-10,7.77,7.15,513.01,5,0.3611,54.0,10,10,10,0.0,0.0
EMP030,2026-01-11,7.77,7.15,513.01,0,0.0,0.0,11,11,11,0.0,0.0
EMP030,2026-01-12,7.77,7.15,513.01,5,0.4393,107.0,12,12,12,0.0,0.0
EMP030,2026-01-13,7.77,7.15,513.01,5,0.3458,120.0,13,13,13,0.0,0.0
EMP030,2026-01-14,7.77,7.15,513.01,5,0.3872,133.0,14,14,14,0.0,0.0
EMP030,2026-01-15,7.77,7.15,513.01,5,0.3889,108.0,15,15,15,0.0,0.0
EMP030,2026-01-16,7.77,7.15,513.01,0,0.0,0.0,16,16,16,0.0,0.0
EMP030,2026-01-17,7.77,7.15,513.01,5,0.4444,18.0,17,17,17,0.0,0.0
EMP030,2026-01-18,7.77,7.15,513.01,0,0.0,0.0,18,18,18,0.0,0.0
EMP030,2026-01-19,7.77,7.15,513.01,5,0.4395,111.5,19,19,19,0.0,0.0
EMP030,2026-01-20,7.77,7.15,513.01,5,0.3521,106.5,20,20,20,0.0,0.0
EMP030,2026-01-21,7.77,7.15,513.01,5,0.3891,119.5,21,21,21,0.0,0.0
EMP030,2026-01-22,7.77,7.15,513.01,5,0.4292,113.0,22,22,22,0.0,0.0
EMP030,2026-01-23,7.77,7.15,513.01,5,0.3755,130.5,23,23,23,0.0,0.0
EMP030,2026-01-24,7.77,7.15,513.01,5,0.3409,44.0,24,24,24,0.0,0.0
EMP030,2026-01-25,7.77,7.15,513.01,0,0.0,0.0,25,25,25,0.0,0.0
EMP030,2026-01-26,7.77,7.15,513.01,0,0.0,0.0,26,26,26,0.0,0.0
EMP030,2026-01-27,7.77,7.15,513.01,5,0.3125,112.0,27,27,27,0.0,0.0
EMP030,2026-01-28,7.77,7.15,513.01,5,0.4453,137.0,28,28,28,0.0,0.0
EMP030,2026-01-29,7.77,7.15,513.01,5,0.3158,133.0,29,29,29,0.0,0.0
EMP030,2026-01-30,7.77,7.15,513.01,5,0.4265,68.0,30,30,30,0.0,0.0
EMP030,2026-01-31,7.77,7.15,513.01,5,0.3365,52.0,31,31,31,0.0,0.0
EMP030,2026-02-01,7.77,7.15,513.01,0,0.0,0.0,32,32,32,0.0,0.0
EMP030,2026-02-02,7.77,7.15,513.01,5,0.415,153.0,33,33,33,0.0,0.0
EMP030,2026-02-03,7.77,7.15,513.01,5,0.3848,165.0,34,34,34,0.0,0.0
EMP030,2026-02-04,7.77,7.15,513.01,5,0.3515,119.5,35,35,35,0.0,0.0
EMP030,2026-02-05,7.77,7.15,513.01,5,0.3505,145.5,36,36,36,0.0,0.0
EMP030,2026-02-06,7.77,7.15,513.01,5,0.4094,127.0,37,37,37,0.0,0.0
EMP030,2026-02-07,7.77,7.15,513.01,5,0.369,42.0,38,38,38,0.0,0.0
EMP030,2026-02-08,7.77,7.15,513.01,0,0.0,0.0,39,39,39,0.0,0.0
EMP030,2026-02-09,7.77,7.15,513.01,5,0.3759,133.0,40,40,40,0.0,0.0
EMP030,2026-02-10,7.77,7.15,513.01,5,0.4618,124.5,41,41,41,0.0,0.0
EMP030,2026-02-11,7.77,7.15,513.01,0,0.0,0.0,42,42,42,0.0,0.0
EMP030,2026-02-12,7.77,7.15,513.01,5,0.3384,99.0,43,43,43,0.0,0.0
EMP030,2026-02-13,7.77,7.15,513.01,5,0.3616,112.0,44,44,44,0.0,0.0
EMP030,2026-02-14,7.77,7.15,513.01,5,0.3103,43.5,45,45,45,0.0,0.0
EMP030,2026-02-15,7.77,7.15,513.01,0,0.0,0.0,46,46,46,0.0,0.0
EMP030,2026-02-16,7.77,7.15,513.01,0,0.0,0.0,47,47,47,0.0,0.0
EMP030,2026-02-17,7.77,7.15,513.01,5,0.444,125.0,48,48,48,0.0,0.0
EMP030,2026-02-18,7.77,7.15,513.01,5,0.4216,102.0,49,49,49,0.0,0.0
EMP030,2026-02-19,7.77,7.15,513.01,5,0.4477,119.5,50,50,50,0.0,0.0
EMP030,2026-02-20,7.77,7.15,513.01,5,0.4174,109.0,51,51,51,0.0,0.0
EMP030,2026-02-21,7.77,7.15,513.01,5,0.3816,38.0,52,52,52,0.0,0.0
EMP030,2026-02-22,7.77,7.15,513.01,0,0.0,0.0,53,53,53,0.0,0.0
EMP030,2026-02-23,7.77,7.15,513.01,5,0.4195,118.0,54,54,54,0.0,0.0
EMP030,2026-02-24,7.77,7.15,513.01,5,0.332,125.0,55,55,55,0.0,0.0
EMP030,2026-02-25,7.77,7.15,513.01,5,0.3455,123.0,56,56,56,0.0,0.0
EMP030,2026-02-26,7.77,7.15,513.01,5,0.4098,163.5,57,57,57,0.0,0.0
EMP030,2026-02-27,7.77,7.15,513.01,5,0.4877,142.5,58,58,58,0.0,0.0
EMP030,2026-02-28,7.77,7.15,513.01,5,0.3478,57.5,59,59,59,0.0,0.0
EMP030,2026-03-01,7.77,7.15,513.01,0,0.0,0.0,60,60,60,0.0,0.0
EMP030,2026-03-02,7.77,7.15,513.01,0,0.0,0.0,61,61,61,0.0,0.0
EMP030,2026-03-03,7.77,7.15,513.01,5,0.3785,144.0,62,62,62,0.0,0.0
EMP030,2026-03-04,7.77,7.15,513.01,5,0.3035,100.5,63,63,63,0.0,0.0
EMP030,2026-03-05,7.77,7.15,513.01,5,0.3581,107.5,64,64,64,0.0,0.0
EMP030,2026-03-06,7.77,7.15,513.01,5,0.3594,128.0,65,65,65,0.0,0.0
EMP030,2026-03-07,7.77,7.15,513.01,5,0.3239,35.5,66,66,66,0.0,0.0
EMP030,2026-03-08,7.77,7.15,513.01,0,0.0,0.0,67,67,67,0.0,0.0
EMP030,2026-03-09,7.77,7.15,513.01,5,0.4198,106.0,68,68,68,0.0,0.0
EMP030,2026-03-10,7.77,7.15,513.01,5,0.3922,141.5,69,69,69,0.0,0.0
EMP030,2026-03-11,7.77,7.15,513.01,4,0.3333,7.5,70,70,70,0.0,0.0
EMP030,2026-03-12,7.77,7.15,513.01,5,0.3846,45.5,71,71,71,0.0,0.0
EMP030,2026-03-13,7.77,7.15,513.01,5,0.4231,130.0,72,72,72,0.0,0.0
EMP030,2026-03-14,7.77,7.15,513.01,5,0.5,37.0,73,73,73,0.0,0.0
EMP030,2026-03-15,7.77,7.15,513.01,0,0.0,0.0,74,74,74,0.0,0.0
EMP030,2026-03-16,7.77,7.15,513.01,5,0.332,129.5,75,75,75,0.0,0.0
EMP030,2026-03-17,7.77,7.15,513.01,5,0.3965,142.5,76,76,76,0.0,0.0
EMP030,2026-03-18,7.77,7.15,513.01,5,0.382,133.5,77,77,77,0.0,0.0
EMP030,2026-03-19,7.77,7.15,513.01,5,0.3916,131.5,78,78,78,0.0,0.0
EMP030,2026-03-20,7.77,7.15,513.01,5,0.4563,131.5,79,79,79,0.0,0.0
EMP030,2026-03-21,7.77,7.15,513.01,5,0.3548,46.5,80,80,80,0.0,0.0
EMP030,2026-03-22,7.77,7.15,513.01,0,0.0,0.0,81,81,81,0.0,0.0
EMP030,2026-03-23,7.77,7.15,513.01,5,0.3735,124.5,82,82,82,0.0,0.0
EMP030,2026-03-24,7.77,7.15,513.01,5,0.4589,115.5,83,83,83,0.0,0.0
EMP030,2026-03-25,7.77,7.15,513.01,5,0.4367,122.5,84,84,84,0.0,0.0
EMP030,2026-03-26,7.77,7.15,513.01,5,0.3387,155.0,85,85,85,0.0,0.0
EMP030,2026-03-27,7.77,7.15,513.01,5,0.3487,130.5,86,86,86,0.0,0.0
EMP030,2026-03-28,7.77,7.15,513.01,5,0.4159,56.5,87,87,87,0.0,0.0
EMP030,2026-03-29,7.77,7.15,513.01,0,0.0,0.0,88,88,88,0.0,0.0
EMP030,2026-03-30,7.77,7.15,513.01,5,0.3766,119.5,89,89,89,0.0,0.0
EMP030,2026-03-31,7.77,7.15,513.01,5,0.3649,74.0,90,90,90,0.0,0.0
EMP031,2026-01-01,5.72,11.75,574.61,0,0.0,0.0,1,1,1,0.0,50.0
EMP031,2026-01-02,5.72,11.75,574.61,5,0.3343,175.0,2,2,2,0.0,50.0
EMP031,2026-01-03,5.72,11.75,574.61,5,0.375,48.0,3,3,3,0.0,50.0
EMP031,2026-01-04,5.72,11.75,574.61,0,0.0,0.0,4,4,4,0.0,50.0
EMP031,2026-01-05,5.72,11.75,574.61,5,0.4741,135.0,5,5,5,0.0,50.0
EMP031,2026-01-06,5.72,11.75,574.61,5,0.4323,151.5,6,6,6,0.0,50.0
EMP031,2026-01-07,5.72,11.75,574.61,5,0.3468,124.0,7,7,7,0.0,50.0
EMP031,2026-01-08,5.72,11.75,574.61,5,0.4504,121.0,8,8,8,0.0,50.0
EMP031,2026-01-09,5.72,11.75,574.61,5,0.3217,143.0,9,9,9,0.0,50.0
EMP031,2026-01-10,5.72,11.75,574.61,3,0.4,2.5,10,10,10,0.0,50.0
EMP031,2026-01-11,5.72,11.75,574.61,0,0.0,0.0,11,11,11,0.0,50.0
EMP031,2026-01-12,5.72,11.75,574.61,5,0.446,139.0,12,12,12,0.0,50.0
EMP031,2026-01-13,5.72,11.75,574.61,5,0.3944,125.5,13,13,13,0.0,50.0
EMP031,2026-01-14,5.72,11.75,574.61,5,0.246,126.0,14,14,14,0.0,50.0
EMP031,2026-01-15,5.72,11.75,574.61,5,0.3632,106.0,15,15,15,0.0,50.0
EMP031,2026-01-16,5.72,11.75,574.61,5,0.4228,136.0,16,16,16,0.0,50.0
EMP031,2026-01-17,5.72,11.75,574.61,5,0.3238,52.5,17,17,17,0.0,50.0
EMP031,2026-01-18,5.72,11.75,574.61,0,0.0,0.0,18,18,18,0.0,50.0
EMP031,2026-01-19,5.72,11.75,574.61,0,0.0,0.0,19,19,19,0.0,50.0
EMP031,2026-01-20,5.72,11.75,574.61,5,0.3185,146.0,20,20,20,0.0,50.0
EMP031,2026-01-21,5.72,11.75,574.61,5,0.3718,138.5,21,21,21,0.0,50.0
EMP031,2026-01-22,5.72,11.75,574.61,5,0.4808,78.0,22,22,22,0.0,50.0
EMP031,2026-01-23,5.72,11.75,574.61,5,0.3494,197.5,23,23,23,0.0,50.0
EMP031,2026-01-24,5.72,11.75,574.61,5,0.451,51.0,24,24,24,0.0,50.0
EMP031,2026-01-25,5.72,11.75,574.61,0,0.0,0.0,25,25,25,0.0,50.0
EMP031,2026-01-26,5.72,11.75,574.61,0,0.0,0.0,26,26,26,0.0,50.0
EMP031,2026-01-27,5.72,11.75,574.61,5,0.4089,156.5,27,27,27,0.0,50.0
EMP031,2026-01-28,5.72,11.75,574.61,5,0.4369,154.5,28,28,28,0.0,50.0
EMP031,2026-01-29,5.72,11.75,574.61,5,0.3409,154.0,29,29,29,0.0,50.0
EMP031,2026-01-30,5.72,11.75,574.61,5,0.3636,126.5,30,30,30,0.0,50.0
EMP031,2026-01-31,5.72,11.75,574.61,5,0.3643,64.5,31,31,31,0.0,50.0
EMP031,2026-02-01,5.72,11.75,574.61,0,0.0,0.0,32,32,32,0.0,50.0
EMP031,2026-02-02,5.72,11.75,574.61,5,0.3674,181.0,33,33,33,0.0,50.0
EMP031,2026-02-03,5.72,11.75,574.61,5,0.3539,178.0,34,34,34,0.0,50.0
EMP031,2026-02-04,5.72,11.75,574.61,5,0.3715,126.5,35,35,35,0.0,50.0
EMP031,2026-02-05,5.72,11.75,574.61,5,0.4239,121.5,36,36,36,0.0,50.0
EMP031,2026-02-06,5.72,11.75,574.61,5,0.375,152.0,37,37,37,0.0,50.0
EMP031,2026-02-07,5.72,11.75,574.61,5,0.4118,51.0,38,38,38,0.0,50.0
EMP031,2026-02-08,5.72,11.75,574.61,0,0.0,0.0,39,39,39,0.0,50.0
EMP031,2026-02-09,5.72,11.75,574.61,5,0.3133,124.5,40,40,40,0.0,50.0
EMP031,2026-02-10,5.72,11.75,574.61,5,0.3384,164.0,41,41,41,0.0,50.0
EMP031,2026-02-11,5.72,11.75,574.61,5,0.3527,129.0,42,42,42,0.0,50.0
EMP031,2026-02-12,5.72,11.75,574.61,5,0.3493,136.0,43,43,43,0.0,50.0
EMP031,2026-02-13,5.72,11.75,574.61,5,0.3785,125.5,44,44,44,0.0,50.0
EMP031,2026-02-14,5.72,11.75,574.61,5,0.3409,44.0,45,45,45,0.0,50.0
EMP031,2026-02-15,5.72,11.75,574.61,0,0.0,0.0,46,46,46,0.0,50.0
EMP031,2026-02-16,5.72,11.75,574.61,5,0.4818,137.0,47,47,47,0.0,50.0
EMP031,2026-02-17,5.72,11.75,574.61,5,0.4159,163.5,48,48,48,0.0,50.0
EMP031,2026-02-18,5.72,11.75,574.61,5,0.4132,144.0,49,49,49,0.0,50.0
EMP031,2026-02-19,5.72,11.75,574.61,5,0.39,120.5,50,50,50,0.0,50.0
EMP031,2026-02-20,5.72,11.75,574.61,3,0.375,4.0,51,51,51,0.0,50.0
EMP031,2026-02-21,5.72,11.75,574.61,5,0.2642,53.0,52,52,52,0.0,50.0
EMP031,2026-02-22,5.72,11.75,574.61,0,0.0,0.0,53,53,53,0.0,50.0
EMP031,2026-02-23,5.72,11.75,574.61,5,0.3795,97.5,54,54,54,0.0,50.0
EMP031,2026-02-24,5.72,11.75,574.61,5,0.3405,139.5,55,55,55,0.0,50.0
EMP031,2026-02-25,5.72,11.75,574.61,5,0.4317,135.5,56,56,56,0.0,50.0
EMP031,2026-02-26,5.72,11.75,574.61,5,0.4024,164.0,57,57,57,0.0,50.0
EMP031,2026-02-27,5.72,11.75,574.61,5,0.4897,145.0,58,58,58,0.0,50.0
EMP031,2026-02-28,5.72,11.75,574.61,5,0.4211,57.0,59,59,59,0.0,50.0
EMP031,2026-03-01,5.72,11.75,574.61,0,0.0,0.0,60,60,60,0.0,50.0
EMP031,2026-03-02,5.72,11.75,574.61,0,0.0,0.0,61,61,61,0.0,50.0
EMP031,2026-03-03,5.72,11.75,574.61,5,0.367,188.0,62,62,62,0.0,50.0
EMP031,2026-03-04,5.72,11.75,574.61,5,0.3547,117.0,63,63,63,0.0,50.0
EMP031,2026-03-05,5.72,11.75,574.61,5,0.4032,124.0,64,64,64,0.0,50.0
EMP031,2026-03-06,5.72,11.75,574.61,5,0.4644,133.5,65,65,65,0.0,50.0
EMP031,2026-03-07,5.72,11.75,574.61,5,0.4086,46.5,66,66,66,0.0,50.0
EMP031,2026-03-08,5.72,11.75,574.61,0,0.0,0.0,67,67,67,0.0,50.0
EMP031,2026-03-09,5.72,11.75,574.61,5,0.3354,159.5,68,68,68,0.0,50.0
EMP031,2026-03-10,5.72,11.75,574.61,0,0.0,0.0,69,69,69,0.0,50.0
EMP031,2026-03-11,5.72,11.75,574.61,5,0.3431,119.5,70,70,70,0.0,50.0
EMP031,2026-03-12,5.72,11.75,574.61,5,0.3496,113.0,71,71,71,0.0,50.0
EMP031,2026-03-13,5.72,11.75,574.61,5,0.4492,128.0,72,72,72,0.0,50.0
EMP031,2026-03-14,5.72,11.75,574.61,5,0.3905,52.5,73,73,73,0.0,50.0
EMP031,2026-03-15,5.72,11.75,574.61,0,0.0,0.0,74,74,74,0.0,50.0
EMP031,2026-03-16,5.72,11.75,574.61,5,0.3922,167.0,75,75,75,0.0,50.0
EMP031,2026-03-17,5.72,11.75,574.61,5,0.3083,133.0,76,76,76,0.0,50.0
EMP031,2026-03-18,5.72,11.75,574.61,5,0.3881,134.0,77,77,77,0.0,50.0
EMP031,2026-03-19,5.72,11.75,574.61,5,0.308,112.0,78,78,78,0.0,50.0
EMP031,2026-03-20,5.72,11.75,574.61,5,0.4925,133.0,79,79,79,0.0,50.0
EMP031,2026-03-21,5.72,11.75,574.61,5,0.4455,50.5,80,80,80,0.0,50.0
EMP031,2026-03-22,5.72,11.75,574.61,0,0.0,0.0,81,81,81,0.0,50.0
EMP031,2026-03-23,5.72,11.75,574.61,5,0.4387,126.5,82,82,82,0.0,50.0
EMP031,2026-03-24,5.72,11.75,574.61,5,0.4198,131.0,83,83,83,0.0,50.0
EMP031,2026-03-25,5.72,11.75,574.61,5,0.3864,132.0,84,84,84,0.0,50.0
EMP031,2026-03-26,5.72,11.75,574.61,5,0.373,159.5,85,85,85,0.0,50.0
EMP031,2026-03-27,5.72,11.75,574.61,5,0.3656,93.0,86,86,86,0.0,50.0
EMP031,2026-03-28,5.72,11.75,574.61,5,0.4094,74.5,87,87,87,0.0,50.0
EMP031,2026-03-29,5.72,11.75,574.61,0,0.0,0.0,88,88,88,0.0,50.0
EMP031,2026-03-30,5.72,11.75,574.61,5,0.3426,162.0,89,89,89,0.0,50.0
EMP031,2026-03-31,5.72,11.75,574.61,5,0.3413,63.0,90,90,90,0.0,50.0
EMP032,2026-01-01,7.92,5.6,527.32,0,0.0,0.0,1,1,1,0.0,0.0
EMP032,2026-01-02,7.92,5.6,527.32,5,0.3898,156.5,2,2,2,0.0,0.0
EMP032,2026-01-03,7.92,5.6,527.32,5,0.4808,52.0,3,3,3,0.0,0.0
EMP032,2026-01-04,7.92,5.6,527.32,0,0.0,0.0,4,4,4,0.0,0.0
EMP032,2026-01-05,7.92,5.6,527.32,5,0.4674,130.5,5,5,5,0.0,0.0
EMP032,2026-01-06,7.92,5.6,527.32,5,0.2941,136.0,6,6,6,0.0,0.0
EMP032,2026-01-07,7.92,5.6,527.32,4,0.3636,5.5,7,7,7,0.0,0.0
EMP032,2026-01-08,7.92,5.6,527.32,5,0.3569,127.5,8,8,8,0.0,0.0
EMP032,2026-01-09,7.92,5.6,527.32,5,0.361,120.5,9,9,9,0.0,0.0
EMP032,2026-01-10,7.92,5.6,527.32,5,0.4227,48.5,10,10,10,0.0,0.0
EMP032,2026-01-11,7.92,5.6,527.32,0,0.0,0.0,11,11,11,0.0,0.0
EMP032,2026-01-12,7.92,5.6,527.32,5,0.4444,99.0,12,12,12,0.0,0.0
EMP032,2026-01-13,7.92,5.6,527.32,5,0.4149,120.5,13,13,13,0.0,0.0
EMP032,2026-01-14,7.92,5.6,527.32,5,0.3289,112.5,14,14,14,0.0,0.0
EMP032,2026-01-15,7.92,5.6,527.32,5,0.4272,106.5,15,15,15,0.0,0.0
EMP032,2026-01-16,7.92,5.6,527.32,5,0.4008,121.0,16,16,16,0.0,0.0
EMP032,2026-01-17,7.92,5.6,527.32,5,0.3924,39.5,17,17,17,0.0,0.0
EMP032,2026-01-18,7.92,5.6,527.32,0,0.0,0.0,18,18,18,0.0,0.0
EMP032,2026-01-19,7.92,5.6,527.32,5,0.3262,116.5,19,19,19,0.0,0.0
EMP032,2026-01-20,7.92,5.6,527.32,5,0.4186,150.5,20,20,20,0.0,0.0
EMP032,2026-01-21,7.92,5.6,527.32,5,0.4527,121.5,21,21,21,0.0,0.0
EMP032,2026-01-22,7.92,5.6,527.32,5,0.4279,107.5,22,22,22,0.0,0.0
EMP032,2026-01-23,7.92,5.6,527.32,5,0.4392,148.0,23,23,23,0.0,0.0
EMP032,2026-01-24,7.92,5.6,527.32,5,0.3256,43.0,24,24,24,0.0,0.0
EMP032,2026-01-25,7.92,5.6,527.32,0,0.0,0.0,25,25,25,0.0,0.0
EMP032,2026-01-26,7.92,5.6,527.32,0,0.0,0.0,26,26,26,0.0,0.0
EMP032,2026-01-27,7.92,5.6,527.32,5,0.4224,151.5,27,27,27,0.0,0.0
EMP032,2026-01-28,7.92,5.6,527.32,5,0.3744,101.5,28,28,28,0.0,0.0
EMP032,2026-01-29,7.92,5.6,527.32,0,0.0,0.0,29,29,29,0.0,0.0
EMP032,2026-01-30,7.92,5.6,527.32,5,0.3945,144.5,30,30,30,0.0,0.0
EMP032,2026-01-31,7.92,5.6,527.32,5,0.4123,57.0,31,31,31,0.0,0.0
EMP032,2026-02-01,7.92,5.6,527.32,0,0.0,0.0,32,32,32,0.0,0.0
EMP032,2026-02-02,7.92,5.6,527.32,5,0.3851,154.5,33,33,33,0.0,0.0
EMP032,2026-02-03,7.92,5.6,527.32,5,0.372,168.0,34,34,34,0.0,0.0
EMP032,2026-02-04,7.92,5.6,527.32,5,0.365,131.5,35,35,35,0.0,0.0
EMP032,2026-02-05,7.92,5.6,527.32,5,0.4727,110.0,36,36,36,0.0,0.0
EMP032,2026-02-06,7.92,5.6,527.32,5,0.3838,142.0,37,37,37,0.0,0.0
EMP032,2026-02-07,7.92,5.6,527.32,5,0.3689,51.5,38,38,38,0.0,0.0
EMP032,2026-02-08,7.92,5.6,527.32,0,0.0,0.0,39,39,39,0.0,0.0
EMP032,2026-02-09,7.92,5.6,527.32,5,0.4748,119.0,40,40,40,0.0,0.0
EMP032,2026-02-10,7.92,5.6,527.32,0,0.0,0.0,41,41,41,0.0,0.0
EMP032,2026-02-11,7.92,5.6,527.32,5,0.3333,51.0,42,42,42,0.0,0.0
EMP032,2026-02-12,7.92,5.6,527.32,5,0.3687,99.0,43,43,43,0.0,0.0
EMP032,2026-02-13,7.92,5.6,527.32,5,0.4675,115.5,44,44,44,0.0,0.0
EMP032,2026-02-14,7.92,5.6,527.32,5,0.3846,39.0,45,45,45,0.0,0.0
EMP032,2026-02-15,7.92,5.6,527.32,0,0.0,0.0,46,46,46,0.0,0.0
EMP032,2026-02-16,7.92,5.6,527.32,5,0.4324,111.0,47,47,47,0.0,0.0
EMP032,2026-02-17,7.92,5.6,527.32,5,0.3983,120.5,48,48,48,0.0,0.0
EMP032,2026-02-18,7.92,5.6,527.32,5,0.4583,108.0,49,49,49,0.0,0.0
EMP032,2026-02-19,7.92,5.6,527.32,5,0.424,108.5,50,50,50,0.0,0.0
EMP032,2026-02-20,7.92,5.6,527.32,0,0.0,0.0,51,51,51,0.0,0.0
EMP032,2026-02-21,7.92,5.6,527.32,5,0.4096,41.5,52,52,52,0.0,0.0
EMP032,2026-02-22,7.92,5.6,527.32,0,0.0,0.0,53,53,53,0.0,0.0
EMP032,2026-02-23,7.92,5.6,527.32,5,0.2857,122.5,54,54,54,0.0,0.0
EMP032,2026-02-24,7.92,5.6,527.32,5,0.3646,138.5,55,55,55,0.0,0.0
EMP032,2026-02-25,7.92,5.6,527.32,5,0.3333,7.5,56,56,56,0.0,0.0
EMP032,2026-02-26,7.92,5.6,527.32,5,0.3716,130.5,57,57,57,0.0,0.0
EMP032,2026-02-27,7.92,5.6,527.32,5,0.4191,136.0,58,58,58,0.0,0.0
EMP032,2026-02-28,7.92,5.6,527.32,5,0.3085,47.0,59,59,59,0.0,0.0
EMP032,2026-03-01,7.92,5.6,527.32,0,0.0,0.0,60,60,60,0.0,0.0
EMP032,2026-03-02,7.92,5.6,527.32,0,0.0,0.0,61,61,61,0.0,0.0
EMP032,2026-03-03,7.92,5.6,527.32,5,0.3074,154.5,62,62,62,0.0,0.0
EMP032,2026-03-04,7.92,5.6,527.32,5,0.4718,124.0,63,63,63,0.0,0.0
EMP032,2026-03-05,7.92,5.6,527.32,5,0.4118,8.5,64,64,64,0.0,0.0
EMP032,2026-03-06,7.92,5.6,527.32,5,0.4375,136.0,65,65,65,0.0,0.0
EMP032,2026-03-07,7.92,5.6,527.32,5,0.4023,43.5,66,66,66,0.0,0.0
EMP032,2026-03-08,7.92,5.6,527.32,0,0.0,0.0,67,67,67,0.0,0.0
EMP032,2026-03-09,7.92,5.6,527.32,5,0.4562,108.5,68,68,68,0.0,0.0
EMP032,2026-03-10,7.92,5.6,527.32,5,0.3084,107.0,69,69,69,0.0,0.0
EMP032,2026-03-11,7.92,5.6,527.32,5,0.466,103.0,70,70,70,0.0,0.0
EMP032,2026-03-12,7.92,5.6,527.32,5,0.3859,92.0,71,71,71,0.0,0.0
EMP032,2026-03-13,7.92,5.6,527.32,5,0.381,63.0,72,72,72,0.0,0.0
EMP032,2026-03-14,7.92,5.6,527.32,5,0.3205,39.0,73,73,73,0.0,0.0
EMP032,2026-03-15,7.92,5.6,527.32,0,0.0,0.0,74,74,74,0.0,0.0
EMP032,2026-03-16,7.92,5.6,527.32,5,0.3146,106.5,75,75,75,0.0,0.0
EMP032,2026-03-17,7.92,5.6,527.32,5,0.3897,145.0,76,76,76,0.0,0.0
EMP032,2026-03-18,7.92,5.6,527.32,5,0.3622,92.5,77,77,77,0.0,0.0
EMP032,2026-03-19,7.92,5.6,527.32,5,0.4764,106.0,78,78,78,0.0,0.0
EMP032,2026-03-20,7.92,5.6,527.32,5,0.3701,140.5,79,79,79,0.0,0.0
EMP032,2026-03-21,7.92,5.6,527.32,5,0.3505,48.5,80,80,80,0.0,0.0
EMP032,2026-03-22,7.92,5.6,527.32,0,0.0,0.0,81,81,81,0.0,0.0
EMP032,2026-03-23,7.92,5.6,527.32,5,0.3488,107.5,82,82,82,0.0,0.0
EMP032,2026-03-24,7.92,5.6,527.32,5,0.3598,132.0,83,83,83,0.0,0.0
EMP032,2026-03-25,7.92,5.6,527.32,5,0.374,192.5,84,84,84,0.0,0.0
EMP032,2026-03-26,7.92,5.6,527.32,5,0.2786,131.0,85,85,85,0.0,0.0
EMP032,2026-03-27,7.92,5.6,527.32,5,0.4305,183.5,86,86,86,0.0,0.0
EMP032,2026-03-28,7.92,5.6,527.32,5,0.4206,53.5,87,87,87,0.0,0.0
EMP032,2026-03-29,7.92,5.6,527.32,0,0.0,0.0,88,88,88,0.0,0.0
EMP032,2026-03-30,7.92,5.6,527.32,5,0.363,140.5,89,89,89,0.0,0.0
EMP032,2026-03-31,7.92,5.6,527.32,5,0.4964,140.0,90,90,90,0.0,0.0
EMP033,2026-01-01,8.54,9.98,487.81,0,0.0,0.0,1,1,1,-0.68,50.0
EMP033,2026-01-02,8.54,9.98,487.81,5,0.4392,127.5,2,2,2,-0.68,50.0
EMP033,2026-01-03,8.54,9.98,487.81,5,0.2877,36.5,3,3,3,-0.68,50.0
EMP033,2026-01-04,8.54,9.98,487.81,0,0.0,0.0,4,4,4,-0.68,50.0
EMP033,2026-01-05,8.54,9.98,487.81,5,0.4369,111.0,5,5,5,-0.68,50.0
EMP033,2026-01-06,8.54,9.98,487.81,5,0.3288,111.0,6,6,6,-0.68,50.0
EMP033,2026-01-07,8.54,9.98,487.81,5,0.375,96.0,7,7,7,-0.68,50.0
EMP033,2026-01-08,8.54,9.98,487.81,5,0.4367,79.0,8,8,8,-0.68,50.0
EMP033,2026-01-09,8.54,9.98,487.81,5,0.4128,117.5,9,9,9,-0.68,50.0
EMP033,2026-01-10,8.54,9.98,487.81,5,0.3944,35.5,10,10,10,-0.68,50.0
EMP033,2026-01-11,8.54,9.98,487.81,0,0.0,0.0,11,11,11,-0.68,50.0
EMP033,2026-01-12,8.54,9.98,487.81,5,0.3282,97.5,12,12,12,-0.68,50.0
EMP033,2026-01-13,8.54,9.98,487.81,5,0.3556,112.5,13,13,13,-0.68,50.0
EMP033,2026-01-14,8.54,9.98,487.81,0,0.0,0.0,14,14,14,-0.68,50.0
EMP033,2026-01-15,8.54,9.98,487.81,0,0.0,0.0,15,15,15,-0.68,50.0
EMP033,2026-01-16,8.54,9.98,487.81,5,0.3908,87.0,16,16,16,-0.68,50.0
EMP033,2026-01-17,8.54,9.98,487.81,5,0.411,36.5,17,17,17,-0.68,50.0
EMP033,2026-01-18,8.54,9.98,487.81,0,0.0,0.0,18,18,18,-0.68,50.0
EMP033,2026-01-19,8.54,9.98,487.81,5,0.4199,90.5,19,19,19,-0.68,50.0
EMP033,2026-01-20,8.54,9.98,487.81,5,0.4518,83.0,20,20,20,-0.68,50.0
EMP033,2026-01-21,8.54,9.98,487.81,0,0.0,0.0,21,21,21,-0.68,50.0
EMP033,2026-01-22,8.54,9.98,487.81,5,0.422,86.5,22,22,22,-0.68,50.0
EMP033,2026-01-23,8.54,9.98,487.81,5,0.335,98.5,23,23,23,-0.68,50.0
EMP033,2026-01-24,8.54,9.98,487.81,5,0.3621,29.0,24,24,24,-0.68,50.0
EMP033,2026-01-25,8.54,9.98,487.81,0,0.0,0.0,25,25,25,-0.68,50.0
EMP033,2026-01-26,8.54,9.98,487.81,0,0.0,0.0,26,26,26,-0.68,50.0
EMP033,2026-01-27,8.54,9.98,487.81,5,0.3529,93.5,27,27,27,-0.68,50.0
EMP033,2026-01-28,8.54,9.98,487.81,5,0.3946,92.5,28,28,28,-0.68,50.0
EMP033,2026-01-29,8.54,9.98,487.81,5,0.428,132.0,29,29,29,-0.68,50.0
EMP033,2026-01-30,8.54,9.98,487.81,5,0.4292,113.0,30,30,30,-0.68,50.0
EMP033,2026-01-31,8.54,9.98,487.81,5,0.3467,37.5,31,31,31,-0.68,50.0
EMP033,2026-02-01,8.54,9.98,487.81,0,0.0,0.0,32,32,32,-0.68,50.0
EMP033,2026-02-02,8.54,9.98,487.81,5,0.3838,135.5,33,33,33,-0.68,50.0
EMP033,2026-02-03,8.54,9.98,487.81,5,0.4191,120.5,34,34,34,-0.68,50.0
EMP033,2026-02-04,8.54,9.98,487.81,5,0.4159,113.0,35,35,35,-0.68,50.0
EMP033,2026-02-05,8.54,9.98,487.81,5,0.3939,99.0,36,36,36,-0.68,50.0
EMP033,2026-02-06,8.54,9.98,487.81,4,0.3846,6.5,37,37,37,-0.68,50.0
EMP033,2026-02-07,8.54,9.98,487.81,5,0.3117,38.5,38,38,38,-0.68,50.0
EMP033,2026-02-08,8.54,9.98,487.81,0,0.0,0.0,39,39,39,-0.68,50.0
EMP033,2026-02-09,8.54,9.98,487.81,5,0.4413,89.5,40,40,40,-0.68,50.0
EMP033,2026-02-10,8.54,9.98,487.81,0,0.0,0.0,41,41,41,-0.68,50.0
EMP033,2026-02-11,8.54,9.98,487.81,5,0.3371,89.0,42,42,42,-0.68,50.0
EMP033,2026-02-12,8.54,9.98,487.81,5,0.4044,91.5,43,43,43,-0.68,50.0
EMP033,2026-02-13,8.54,9.98,487.81,5,0.3351,95.5,44,44,44,-0.68,50.0
EMP033,2026-02-14,8.54,9.98,487.81,5,0.3729,29.5,45,45,45,-0.68,50.0
EMP033,2026-02-15,8.54,9.98,487.81,0,0.0,0.0,46,46,46,-0.68,50.0
EMP033,2026-02-16,8.54,9.98,487.81,10,0.7568,111.0,47,47,47,1.1,50.0
EMP033,2026-02-17,8.54,9.98,487.81,10,0.7182,110.0,1,1,1,0.863,50.0
EMP033,2026-02-18,8.54,9.98,487.81,10,0.7048,113.5,1,1,1,0.744,50.0
EMP033,2026-02-19,8.54,9.98,487.81,10,0.7702,117.5,1,1,1,0.922,50.0
EMP033,2026-02-20,8.54,9.98,487.81,10,0.6795,129.5,1,1,1,1.634,50.0
EMP033,2026-02-21,8.54,9.98,487.81,10,0.7922,38.5,1,1,1,-0.205,50.0
EMP033,2026-02-22,8.54,9.98,487.81,0,0.0,0.0,1,1,1,-0.68,50.0
EMP033,2026-02-23,8.54,9.98,487.81,10,0.7512,108.5,2,2,2,0.863,50.0
EMP033,2026-02-24,8.54,9.98,487.81,0,0.0,0.0,1,1,1,-0.68,50.0
EMP033,2026-02-25,8.54,9.98,487.81,10,0.705,100.0,2,2,2,0.744,50.0
EMP033,2026-02-26,8.54,9.98,487.81,10,0.711,109.0,1,1,1,0.982,50.0
EMP033,2026-02-27,8.54,9.98,487.81,10,0.7535,107.5,1,1,1,1.219,50.0
EMP033,2026-02-28,8.54,9.98,487.81,10,0.7708,48.0,1,1,1,0.863,50.0
EMP033,2026-03-01,8.54,9.98,487.81,0,0.0,0.0,1,1,1,-0.68,50.0
EMP033,2026-03-02,8.54,9.98,487.81,0,0.0,0.0,2,2,2,-0.68,50.0
EMP033,2026-03-03,8.54,9.98,487.81,10,0.6971,153.5,3,3,3,1.397,50.0
EMP033,2026-03-04,8.54,9.98,487.81,10,0.709,94.5,1,1,1,0.744,50.0
EMP033,2026-03-05,8.54,9.98,487.81,10,0.7208,132.5,1,1,1,0.922,50.0
EMP033,2026-03-06,8.54,9.98,487.81,10,0.7477,109.0,1,1,1,0.982,50.0
EMP033,2026-03-07,8.54,9.98,487.81,10,0.7037,40.5,1,1,1,0.091,50.0
EMP033,2026-03-08,8.54,9.98,487.81,0,0.0,0.0,1,1,1,-0.68,50.0
EMP033,2026-03-09,8.54,9.98,487.81,0,0.0,0.0,2,2,2,-0.68,50.0
EMP033,2026-03-10,8.54,9.98,487.81,10,0.7018,114.0,3,3,3,1.753,50.0
EMP033,2026-03-11,8.54,9.98,487.81,10,0.7036,126.5,1,1,1,1.219,50.0
EMP033,2026-03-12,8.54,9.98,487.81,10,0.7256,107.5,1,1,1,0.982,50.0
EMP033,2026-03-13,8.54,9.98,487.81,10,0.7433,130.5,1,1,1,1.753,50.0
EMP033,2026-03-14,8.54,9.98,487.81,10,0.7692,39.0,1,1,1,0.032,50.0
EMP033,2026-03-15,8.54,9.98,487.81,0,0.0,0.0,1,1,1,-0.68,50.0
EMP033,2026-03-16,8.54,9.98,487.81,7,0.75,4.0,2,2,2,-0.621,50.0
EMP033,2026-03-17,8.54,9.98,487.81,10,0.7741,119.5,1,1,1,1.16,50.0
EMP033,2026-03-18,8.54,9.98,487.81,10,0.7841,88.0,1,1,1,1.456,50.0
EMP033,2026-03-19,8.54,9.98,487.81,10,0.75,102.0,1,1,1,1.278,50.0
EMP033,2026-03-20,8.54,9.98,487.81,10,0.6862,94.0,1,1,1,0.626,50.0
EMP033,2026-03-21,8.54,9.98,487.81,10,0.7093,43.0,1,1,1,0.151,50.0
EMP033,2026-03-22,8.54,9.98,487.81,0,0.0,0.0,1,1,1,-0.68,50.0
EMP033,2026-03-23,8.54,9.98,487.81,10,0.7542,118.0,2,2,2,1.575,50.0
EMP033,2026-03-24,8.54,9.98,487.81,10,0.6495,48.5,1,1,1,0.032,50.0
EMP033,2026-03-25,8.54,9.98,487.81,10,0.836,155.5,1,1,1,3.415,50.0
EMP033,2026-03-26,8.54,9.98,487.81,10,0.7734,176.5,1,1,1,2.525,50.0
EMP033,2026-03-27,8.54,9.98,487.81,10,0.7937,94.5,1,1,1,1.1,50.0
EMP033,2026-03-28,8.54,9.98,487.81,10,0.8,57.5,1,1,1,0.685,50.0
EMP033,2026-03-29,8.54,9.98,487.81,0,0.0,0.0,1,1,1,-0.68,50.0
EMP033,2026-03-30,8.54,9.98,487.81,10,0.806,167.5,2,2,2,3.474,50.0
EMP033,2026-03-31,8.54,9.98,487.81,10,0.8274,84.0,1,1,1,0.922,50.0
EMP034,2026-01-01,6.61,9.23,518.26,0,0.0,0.0,1,1,1,0.0,50.0
EMP034,2026-01-02,6.61,9.23,518.26,5,0.4183,76.5,2,2,2,0.0,50.0
EMP034,2026-01-03,6.61,9.23,518.26,5,0.2833,30.0,3,3,3,0.0,50.0
EMP034,2026-01-04,6.61,9.23,518.26,0,0.0,0.0,4,4,4,0.0,50.0
EMP034,2026-01-05,6.61,9.23,518.26,5,0.439,61.5,5,5,5,0.0,50.0
EMP034,2026-01-06,6.61,9.23,518.26,5,0.3576,75.5,6,6,6,0.0,50.0
EMP034,2026-01-07,6.61,9.23,518.26,5,0.3758,74.5,7,7,7,0.0,50.0
EMP034,2026-01-08,6.61,9.23,518.26,5,0.3333,70.5,8,8,8,0.0,50.0
EMP034,2026-01-09,6.61,9.23,518.26,5,0.4068,59.0,9,9,9,0.0,50.0
EMP034,2026-01-10,6.61,9.23,518.26,5,0.3478,23.0,10,10,10,0.0,50.0
EMP034,2026-01-11,6.61,9.23,518.26,0,0.0,0.0,11,11,11,0.0,50.0
EMP034,2026-01-12,6.61,9.23,518.26,5,0.4634,61.5,12,12,12,0.0,50.0
EMP034,2026-01-13,6.61,9.23,518.26,5,0.354,56.5,13,13,13,0.0,50.0
EMP034,2026-01-14,6.61,9.23,518.26,5,0.3689,61.0,14,14,14,0.0,50.0
EMP034,2026-01-15,6.61,9.23,518.26,5,0.313,65.5,15,15,15,0.0,50.0
EMP034,2026-01-16,6.61,9.23,518.26,5,0.4351,65.5,16,16,16,0.0,50.0
EMP034,2026-01-17,6.61,9.23,518.26,5,0.3818,27.5,17,17,17,0.0,50.0
EMP034,2026-01-18,6.61,9.23,518.26,0,0.0,0.0,18,18,18,0.0,50.0
EMP034,2026-01-19,6.61,9.23,518.26,5,0.3511,47.0,19,19,19,0.0,50.0
EMP034,2026-01-20,6.61,9.23,518.26,5,0.329,77.5,20,20,20,0.0,50.0
EMP034,2026-01-21,6.61,9.23,518.26,5,0.383,94.0,21,21,21,0.0,50.0
EMP034,2026-01-22,6.61,9.23,518.26,5,0.3681,81.5,22,22,22,0.0,50.0
EMP034,2026-01-23,6.61,9.23,518.26,5,0.4619,98.5,23,23,23,0.0,50.0
EMP034,2026-01-24,6.61,9.23,518.26,5,0.3514,37.0,24,24,24,0.0,50.0
EMP034,2026-01-25,6.61,9.23,518.26,0,0.0,0.0,25,25,25,0.0,50.0
EMP034,2026-01-26,6.61,9.23,518.26,0,0.0,0.0,26,26,26,0.0,50.0
EMP034,2026-01-27,6.61,9.23,518.26,5,0.3661,91.5,27,27,27,0.0,50.0
EMP034,2026-01-28,6.61,9.23,518.26,3,0.3636,5.5,28,28,28,0.0,50.0
EMP034,2026-01-29,6.61,9.23,518.26,5,0.4473,118.5,29,29,29,0.0,50.0
EMP034,2026-01-30,6.61,9.23,518.26,5,0.3213,124.5,30,30,30,0.0,50.0
EMP034,2026-01-31,6.61,9.23,518.26,5,0.3789,47.5,31,31,31,0.0,50.0
EMP034,2026-02-01,6.61,9.23,518.26,0,0.0,0.0,32,32,32,0.0,50.0
EMP034,2026-02-02,6.61,9.23,518.26,5,0.3986,143.0,33,33,33,0.0,50.0
EMP034,2026-02-03,6.61,9.23,518.26,5,0.4473,137.5,34,34,34,0.0,50.0
EMP034,2026-02-04,6.61,9.23,518.26,5,0.3989,91.5,35,35,35,0.0,50.0
EMP034,2026-02-05,6.61,9.23,518.26,5,0.4417,103.0,36,36,36,0.0,50.0
EMP034,2026-02-06,6.61,9.23,518.26,5,0.285,96.5,37,37,37,0.0,50.0
EMP034,2026-02-07,6.61,9.23,518.26,5,0.4667,37.5,38,38,38,0.0,50.0
EMP034,2026-02-08,6.61,9.23,518.26,0,0.0,0.0,39,39,39,0.0,50.0
EMP034,2026-02-09,6.61,9.23,518.26,5,0.3482,123.5,40,40,40,0.0,50.0
EMP034,2026-02-10,6.61,9.23,518.26,5,0.3908,87.0,41,41,41,0.0,50.0
EMP034,2026-02-11,6.61,9.23,518.26,5,0.4324,111.0,42,42,42,0.0,50.0
EMP034,2026-02-12,6.61,9.23,518.26,5,0.3158,114.0,43,43,43,0.0,50.0
EMP034,2026-02-13,6.61,9.23,518.26,0,0.0,0.0,44,44,44,0.0,50.0
EMP034,2026-02-14,6.61,9.23,518.26,5,0.3723,47.0,45,45,45,0.0,50.0
EMP034,2026-02-15,6.61,9.23,518.26,0,0.0,0.0,46,46,46,0.0,50.0
EMP034,2026-02-16,6.61,9.23,518.26,5,0.4698,116.0,47,47,47,0.0,50.0
EMP034,2026-02-17,6.61,9.23,518.26,5,0.3764,135.5,48,48,48,0.0,50.0
EMP034,2026-02-18,6.61,9.23,518.26,5,0.386,114.0,49,49,49,0.0,50.0
EMP034,2026-02-19,6.61,9.23,518.26,5,0.3559,111.0,50,50,50,0.0,50.0
EMP034,2026-02-20,6.61,9.23,518.26,5,0.4009,113.5,51,51,51,0.0,50.0
EMP034,2026-02-21,6.61,9.23,518.26,5,0.3407,45.5,52,52,52,0.0,50.0
EMP034,2026-02-22,6.61,9.23,518.26,0,0.0,0.0,53,53,53,0.0,50.0
EMP034,2026-02-23,6.61,9.23,518.26,5,0.4044,112.5,54,54,54,0.0,50.0
EMP034,2026-02-24,6.61,9.23,518.26,5,0.4211,114.0,55,55,55,0.0,50.0
EMP034,2026-02-25,6.61,9.23,518.26,5,0.4675,77.0,56,56,56,0.0,50.0
EMP034,2026-02-26,6.61,9.23,518.26,5,0.3721,86.0,57,57,57,0.0,50.0
EMP034,2026-02-27,6.61,9.23,518.26,5,0.3941,118.0,58,58,58,0.0,50.0
EMP034,2026-02-28,6.61,9.23,518.26,5,0.3069,50.5,59,59,59,0.0,50.0
EMP034,2026-03-01,6.61,9.23,518.26,0,0.0,0.0,60,60,60,0.0,50.0
EMP034,2026-03-02,6.61,9.23,518.26,0,0.0,0.0,61,61,61,0.0,50.0
EMP034,2026-03-03,6.61,9.23,518.26,5,0.4406,172.5,62,62,62,0.0,50.0
EMP034,2026-03-04,6.61,9.23,518.26,0,0.0,0.0,63,63,63,0.0,50.0
EMP034,2026-03-05,6.61,9.23,518.26,5,0.4231,117.0,64,64,64,0.0,50.0
EMP034,2026-03-06,6.61,9.23,518.26,5,0.3919,111.0,65,65,65,0.0,50.0
EMP034,2026-03-07,6.61,9.23,518.26,1,0.0,0.5,66,66,66,0.0,50.0
EMP034,2026-03-08,6.61,9.23,518.26,0,0.0,0.0,67,67,67,0.0,50.0
EMP034,2026-03-09,6.61,9.23,518.26,5,0.4919,92.5,68,68,68,0.0,50.0
EMP034,2026-03-10,6.61,9.23,518.26,5,0.2883,137.0,69,69,69,0.0,50.0
EMP034,2026-03-11,6.61,9.23,518.26,5,0.4553,117.5,70,70,70,0.0,50.0
EMP034,2026-03-12,6.61,9.23,518.26,5,0.3704,135.0,71,71,71,0.0,50.0
EMP034,2026-03-13,6.61,9.23,518.26,5,0.36,100.0,72,72,72,0.0,50.0
EMP034,2026-03-14,6.61,9.23,518.26,5,0.2805,41.0,73,73,73,0.0,50.0
EMP034,2026-03-15,6.61,9.23,518.26,0,0.0,0.0,74,74,74,0.0,50.0
EMP034,2026-03-16,6.61,9.23,518.26,5,0.4231,117.0,75,75,75,0.0,50.0
EMP034,2026-03-17,6.61,9.23,518.26,5,0.3579,135.5,76,76,76,0.0,50.0
EMP034,2026-03-18,6.61,9.23,518.26,5,0.2979,117.5,77,77,77,0.0,50.0
EMP034,2026-03-19,6.61,9.23,518.26,5,0.3887,132.5,78,78,78,0.0,50.0
EMP034,2026-03-20,6.61,9.23,518.26,5,0.3416,121.5,79,79,79,0.0,50.0
EMP034,2026-03-21,6.61,9.23,518.26,5,0.4316,47.5,80,80,80,0.0,50.0
EMP034,2026-03-22,6.61,9.23,518.26,0,0.0,0.0,81,81,81,0.0,50.0
EMP034,2026-03-23,6.61,9.23,518.26,5,0.363,73.0,82,82,82,0.0,50.0
EMP034,2026-03-24,6.61,9.23,518.26,5,0.4491,142.5,83,83,83,0.0,50.0
EMP034,2026-03-25,6.61,9.23,518.26,5,0.3917,168.5,84,84,84,0.0,50.0
EMP034,2026-03-26,6.61,9.23,518.26,5,0.4466,178.0,85,85,85,0.0,50.0
EMP034,2026-03-27,6.61,9.23,518.26,5,0.3852,189.5,86,86,86,0.0,50.0
EMP034,2026-03-28,6.61,9.23,518.26,5,0.4434,53.0,87,87,87,0.0,50.0
EMP034,2026-03-29,6.61,9.23,518.26,0,0.0,0.0,88,88,88,0.0,50.0
EMP034,2026-03-30,6.61,9.23,518.26,5,0.3769,160.5,89,89,89,0.0,50.0
EMP034,2026-03-31,6.61,9.23,518.26,5,0.3921,164.5,90,90,90,0.0,50.0
EMP035,2026-01-01,5.17,10.39,551.26,0,0.0,0.0,1,1,1,0.0,50.0
EMP035,2026-01-02,5.17,10.39,551.26,5,0.4289,232.0,2,2,2,0.0,50.0
EMP035,2026-01-03,5.17,10.39,551.26,5,0.3761,58.5,3,3,3,0.0,50.0
EMP035,2026-01-04,5.17,10.39,551.26,0,0.0,0.0,4,4,4,0.0,50.0
EMP035,2026-01-05,5.17,10.39,551.26,5,0.379,62.0,5,5,5,0.0,50.0
EMP035,2026-01-06,5.17,10.39,551.26,5,0.369,145.0,6,6,6,0.0,50.0
EMP035,2026-01-07,5.17,10.39,551.26,5,0.3289,76.0,7,7,7,0.0,50.0
EMP035,2026-01-08,5.17,10.39,551.26,5,0.3346,131.5,8,8,8,0.0,50.0
EMP035,2026-01-09,5.17,10.39,551.26,5,0.3702,131.0,9,9,9,0.0,50.0
EMP035,2026-01-10,5.17,10.39,551.26,5,0.449,49.0,10,10,10,0.0,50.0
EMP035,2026-01-11,5.17,10.39,551.26,0,0.0,0.0,11,11,11,0.0,50.0
EMP035,2026-01-12,5.17,10.39,551.26,5,0.4478,115.0,12,12,12,0.0,50.0
EMP035,2026-01-13,5.17,10.39,551.26,5,0.373,155.5,13,13,13,0.0,50.0
EMP035,2026-01-14,5.17,10.39,551.26,5,0.3866,134.5,14,14,14,0.0,50.0
EMP035,2026-01-15,5.17,10.39,551.26,5,0.3692,130.0,15,15,15,0.0,50.0
EMP035,2026-01-16,5.17,10.39,551.26,5,0.2825,134.5,16,16,16,0.0,50.0
EMP035,2026-01-17,5.17,10.39,551.26,5,0.3143,52.5,17,17,17,0.0,50.0
EMP035,2026-01-18,5.17,10.39,551.26,0,0.0,0.0,18,18,18,0.0,50.0
EMP035,2026-01-19,5.17,10.39,551.26,5,0.4674,145.5,19,19,19,0.0,50.0
EMP035,2026-01-20,5.17,10.39,551.26,5,0.4403,176.0,20,20,20,0.0,50.0
EMP035,2026-01-21,5.17,10.39,551.26,5,0.364,130.5,21,21,21,0.0,50.0
EMP035,2026-01-22,5.17,10.39,551.26,5,0.2764,137.5,22,22,22,0.0,50.0
EMP035,2026-01-23,5.17,10.39,551.26,0,0.0,0.0,23,23,23,0.0,50.0
EMP035,2026-01-24,5.17,10.39,551.26,5,0.3125,56.0,24,24,24,0.0,50.0
EMP035,2026-01-25,5.17,10.39,551.26,0,0.0,0.0,25,25,25,0.0,50.0
EMP035,2026-01-26,5.17,10.39,551.26,0,0.0,0.0,26,26,26,0.0,50.0
EMP035,2026-01-27,5.17,10.39,551.26,5,0.3782,137.5,27,27,27,0.0,50.0
EMP035,2026-01-28,5.17,10.39,551.26,5,0.4111,45.0,28,28,28,0.0,50.0
EMP035,2026-01-29,5.17,10.39,551.26,5,0.4565,138.0,29,29,29,0.0,50.0
EMP035,2026-01-30,5.17,10.39,551.26,5,0.4298,174.5,30,30,30,0.0,50.0
EMP035,2026-01-31,5.17,10.39,551.26,5,0.3281,64.0,31,31,31,0.0,50.0
EMP035,2026-02-01,5.17,10.39,551.26,0,0.0,0.0,32,32,32,0.0,50.0
EMP035,2026-02-02,5.17,10.39,551.26,5,0.3185,157.0,33,33,33,0.0,50.0
EMP035,2026-02-03,5.17,10.39,551.26,5,0.415,179.5,34,34,34,0.0,50.0
EMP035,2026-02-04,5.17,10.39,551.26,5,0.3913,46.0,35,35,35,0.0,50.0
EMP035,2026-02-05,5.17,10.39,551.26,5,0.444,138.5,36,36,36,0.0,50.0
EMP035,2026-02-06,5.17,10.39,551.26,5,0.348,159.5,37,37,37,0.0,50.0
EMP035,2026-02-07,5.17,10.39,551.26,5,0.3871,46.5,38,38,38,0.0,50.0
EMP035,2026-02-08,5.17,10.39,551.26,0,0.0,0.0,39,39,39,0.0,50.0
EMP035,2026-02-09,5.17,10.39,551.26,4,0.3333,6.0,40,40,40,0.0,50.0
EMP035,2026-02-10,5.17,10.39,551.26,5,0.3525,139.0,41,41,41,0.0,50.0
EMP035,2026-02-11,5.17,10.39,551.26,5,0.3838,142.0,42,42,42,0.0,50.0
EMP035,2026-02-12,5.17,10.39,551.26,5,0.4024,125.5,43,43,43,0.0,50.0
EMP035,2026-02-13,5.17,10.39,551.26,5,0.4234,111.0,44,44,44,0.0,50.0
EMP035,2026-02-14,5.17,10.39,551.26,5,0.3868,53.0,45,45,45,0.0,50.0
EMP035,2026-02-15,5.17,10.39,551.26,0,0.0,0.0,46,46,46,0.0,50.0
EMP035,2026-02-16,5.17,10.39,551.26,5,0.4524,126.0,47,47,47,0.0,50.0
EMP035,2026-02-17,5.17,10.39,551.26,5,0.4152,165.0,48,48,48,0.0,50.0
EMP035,2026-02-18,5.17,10.39,551.26,5,0.2857,143.5,49,49,49,0.0,50.0
EMP035,2026-02-19,5.17,10.39,551.26,5,0.3403,144.0,50,50,50,0.0,50.0
EMP035,2026-02-20,5.17,10.39,551.26,5,0.3663,121.5,51,51,51,0.0,50.0
EMP035,2026-02-21,5.17,10.39,551.26,5,0.3529,42.5,52,52,52,0.0,50.0
EMP035,2026-02-22,5.17,10.39,551.26,0,0.0,0.0,53,53,53,0.0,50.0
EMP035,2026-02-23,5.17,10.39,551.26,5,0.3384,131.5,54,54,54,0.0,50.0
EMP035,2026-02-24,5.17,10.39,551.26,5,0.3668,144.5,55,55,55,0.0,50.0
EMP035,2026-02-25,5.17,10.39,551.26,5,0.4588,127.5,56,56,56,0.0,50.0
EMP035,2026-02-26,5.17,10.39,551.26,5,0.4783,11.5,57,57,57,0.0,50.0
EMP035,2026-02-27,5.17,10.39,551.26,5,0.3544,79.0,58,58,58,0.0,50.0
EMP035,2026-02-28,5.17,10.39,551.26,5,0.44,62.5,59,59,59,0.0,50.0
EMP035,2026-03-01,5.17,10.39,551.26,0,0.0,0.0,60,60,60,0.0,50.0
EMP035,2026-03-02,5.17,10.39,551.26,0,0.0,0.0,61,61,61,0.0,50.0
EMP035,2026-03-03,5.17,10.39,551.26,5,0.4053,187.5,62,62,62,0.0,50.0
EMP035,2026-03-04,5.17,10.39,551.26,5,0.4042,143.5,63,63,63,0.0,50.0
EMP035,2026-03-05,5.17,10.39,551.26,5,0.4502,125.5,64,64,64,0.0,50.0
EMP035,2026-03-06,5.17,10.39,551.26,5,0.3274,168.0,65,65,65,0.0,50.0
EMP035,2026-03-07,5.17,10.39,551.26,5,0.3061,49.0,66,66,66,0.0,50.0
EMP035,2026-03-08,5.17,10.39,551.26,0,0.0,0.0,67,67,67,0.0,50.0
EMP035,2026-03-09,5.17,10.39,551.26,5,0.3555,150.5,68,68,68,0.0,50.0
EMP035,2026-03-10,5.17,10.39,551.26,5,0.3969,162.5,69,69,69,0.0,50.0
EMP035,2026-03-11,5.17,10.39,551.26,5,0.3333,126.0,70,70,70,0.0,50.0
EMP035,2026-03-12,5.17,10.39,551.26,5,0.428,128.5,71,71,71,0.0,50.0
EMP035,2026-03-13,5.17,10.39,551.26,5,0.368,125.0,72,72,72,0.0,50.0
EMP035,2026-03-14,5.17,10.39,551.26,5,0.407,43.0,73,73,73,0.0,50.0
EMP035,2026-03-15,5.17,10.39,551.26,0,0.0,0.0,74,74,74,0.0,50.0
EMP035,2026-03-16,5.17,10.39,551.26,5,0.429,151.5,75,75,75,0.0,50.0
EMP035,2026-03-17,5.17,10.39,551.26,5,0.4433,150.0,76,76,76,0.0,50.0
EMP035,2026-03-18,5.17,10.39,551.26,5,0.3559,140.5,77,77,77,0.0,50.0
EMP035,2026-03-19,5.17,10.39,551.26,5,0.3945,163.5,78,78,78,0.0,50.0
EMP035,2026-03-20,5.17,10.39,551.26,5,0.3469,135.5,79,79,79,0.0,50.0
EMP035,2026-03-21,5.17,10.39,551.26,5,0.4211,47.5,80,80,80,0.0,50.0
EMP035,2026-03-22,5.17,10.39,551.26,0,0.0,0.0,81,81,81,0.0,50.0
EMP035,2026-03-23,5.17,10.39,551.26,5,0.4179,134.0,82,82,82,0.0,50.0
EMP035,2026-03-24,5.17,10.39,551.26,5,0.3519,143.5,83,83,83,0.0,50.0
EMP035,2026-03-25,5.17,10.39,551.26,5,0.3972,180.0,84,84,84,0.0,50.0
EMP035,2026-03-26,5.17,10.39,551.26,5,0.3781,182.5,85,85,85,0.0,50.0
EMP035,2026-03-27,5.17,10.39,551.26,5,0.3509,171.0,86,86,86,0.0,50.0
EMP035,2026-03-28,5.17,10.39,551.26,5,0.3333,70.5,87,87,87,0.0,50.0
EMP035,2026-03-29,5.17,10.39,551.26,0,0.0,0.0,88,88,88,0.0,50.0
EMP035,2026-03-30,5.17,10.39,551.26,5,0.3313,166.0,89,89,89,0.0,50.0
EMP035,2026-03-31,5.17,10.39,551.26,5,0.3642,151.0,90,90,90,0.0,50.0
EMP036,2026-01-01,7.04,8.05,527.24,0,0.0,0.0,1,1,1,0.0,0.0
EMP036,2026-01-02,7.04,8.05,527.24,5,0.4297,131.5,2,2,2,0.0,0.0
EMP036,2026-01-03,7.04,8.05,527.24,5,0.5,57.0,3,3,3,0.0,0.0
EMP036,2026-01-04,7.04,8.05,527.24,0,0.0,0.0,4,4,4,0.0,0.0
EMP036,2026-01-05,7.04,8.05,527.24,5,0.373,63.0,5,5,5,0.0,0.0
EMP036,2026-01-06,7.04,8.05,527.24,0,0.0,0.0,6,6,6,0.0,0.0
EMP036,2026-01-07,7.04,8.05,527.24,5,0.417,135.5,7,7,7,0.0,0.0
EMP036,2026-01-08,7.04,8.05,527.24,5,0.4356,101.0,8,8,8,0.0,0.0
EMP036,2026-01-09,7.04,8.05,527.24,5,0.4232,120.5,9,9,9,0.0,0.0
EMP036,2026-01-10,7.04,8.05,527.24,5,0.3103,43.5,10,10,10,0.0,0.0
EMP036,2026-01-11,7.04,8.05,527.24,0,0.0,0.0,11,11,11,0.0,0.0
EMP036,2026-01-12,7.04,8.05,527.24,5,0.4711,121.0,12,12,12,0.0,0.0
EMP036,2026-01-13,7.04,8.05,527.24,5,0.4708,120.0,13,13,13,0.0,0.0
EMP036,2026-01-14,7.04,8.05,527.24,4,0.3333,10.5,14,14,14,0.0,0.0
EMP036,2026-01-15,7.04,8.05,527.24,5,0.3704,94.5,15,15,15,0.0,0.0
EMP036,2026-01-16,7.04,8.05,527.24,5,0.3791,105.5,16,16,16,0.0,0.0
EMP036,2026-01-17,7.04,8.05,527.24,5,0.4831,44.5,17,17,17,0.0,0.0
EMP036,2026-01-18,7.04,8.05,527.24,0,0.0,0.0,18,18,18,0.0,0.0
EMP036,2026-01-19,7.04,8.05,527.24,5,0.3184,111.5,19,19,19,0.0,0.0
EMP036,2026-01-20,7.04,8.05,527.24,5,0.3162,117.0,20,20,20,0.0,0.0
EMP036,2026-01-21,7.04,8.05,527.24,5,0.444,129.5,21,21,21,0.0,0.0
EMP036,2026-01-22,7.04,8.05,527.24,5,0.3381,105.0,22,22,22,0.0,0.0
EMP036,2026-01-23,7.04,8.05,527.24,5,0.4259,135.0,23,23,23,0.0,0.0
EMP036,2026-01-24,7.04,8.05,527.24,5,0.4227,48.5,24,24,24,0.0,0.0
EMP036,2026-01-25,7.04,8.05,527.24,0,0.0,0.0,25,25,25,0.0,0.0
EMP036,2026-01-26,7.04,8.05,527.24,0,0.0,0.0,26,26,26,0.0,0.0
EMP036,2026-01-27,7.04,8.05,527.24,5,0.4219,128.0,27,27,27,0.0,0.0
EMP036,2026-01-28,7.04,8.05,527.24,5,0.4744,107.5,28,28,28,0.0,0.0
EMP036,2026-01-29,7.04,8.05,527.24,5,0.4393,119.5,29,29,29,0.0,0.0
EMP036,2026-01-30,7.04,8.05,527.24,5,0.3811,132.5,30,30,30,0.0,0.0
EMP036,2026-01-31,7.04,8.05,527.24,5,0.3898,59.0,31,31,31,0.0,0.0
EMP036,2026-02-01,7.04,8.05,527.24,0,0.0,0.0,32,32,32,0.0,0.0
EMP036,2026-02-02,7.04,8.05,527.24,5,0.4448,149.5,33,33,33,0.0,0.0
EMP036,2026-02-03,7.04,8.05,527.24,5,0.3486,175.0,34,34,34,0.0,0.0
EMP036,2026-02-04,7.04,8.05,527.24,5,0.4147,108.5,35,35,35,0.0,0.0
EMP036,2026-02-05,7.04,8.05,527.24,5,0.3738,107.0,36,36,36,0.0,0.0
EMP036,2026-02-06,7.04,8.05,527.24,5,0.4044,136.0,37,37,37,0.0,0.0
EMP036,2026-02-07,7.04,8.05,527.24,5,0.449,24.5,38,38,38,0.0,0.0
EMP036,2026-02-08,7.04,8.05,527.24,0,0.0,0.0,39,39,39,0.0,0.0
EMP036,2026-02-09,7.04,8.05,527.24,0,0.0,0.0,40,40,40,0.0,0.0
EMP036,2026-02-10,7.04,8.05,527.24,5,0.3009,113.0,41,41,41,0.0,0.0
EMP036,2026-02-11,7.04,8.05,527.24,5,0.3684,95.0,42,42,42,0.0,0.0
EMP036,2026-02-12,7.04,8.05,527.24,5,0.43,100.0,43,43,43,0.0,0.0
EMP036,2026-02-13,7.04,8.05,527.24,5,0.3363,113.0,44,44,44,0.0,0.0
EMP036,2026-02-14,7.04,8.05,527.24,5,0.3947,38.0,45,45,45,0.0,0.0
EMP036,2026-02-15,7.04,8.05,527.24,0,0.0,0.0,46,46,46,0.0,0.0
EMP036,2026-02-16,7.04,8.05,527.24,5,0.3859,120.5,47,47,47,0.0,0.0
EMP036,2026-02-17,7.04,8.05,527.24,5,0.3521,142.0,48,48,48,0.0,0.0
EMP036,2026-02-18,7.04,8.05,527.24,5,0.3112,120.5,49,49,49,0.0,0.0
EMP036,2026-02-19,7.04,8.05,527.24,5,0.4237,118.0,50,50,50,0.0,0.0
EMP036,2026-02-20,7.04,8.05,527.24,5,0.3582,100.5,51,51,51,0.0,0.0
EMP036,2026-02-21,7.04,8.05,527.24,5,0.4468,47.0,52,52,52,0.0,0.0
EMP036,2026-02-22,7.04,8.05,527.24,0,0.0,0.0,53,53,53,0.0,0.0
EMP036,2026-02-23,7.04,8.05,527.24,5,0.4856,121.5,54,54,54,0.0,0.0
EMP036,2026-02-24,7.04,8.05,527.24,5,0.3991,111.5,55,55,55,0.0,0.0
EMP036,2026-02-25,7.04,8.05,527.24,5,0.387,115.0,56,56,56,0.0,0.0
EMP036,2026-02-26,7.04,8.05,527.24,5,0.3216,127.5,57,57,57,0.0,0.0
EMP036,2026-02-27,7.04,8.05,527.24,5,0.4223,125.5,58,58,58,0.0,0.0
EMP036,2026-02-28,7.04,8.05,527.24,5,0.3438,48.0,59,59,59,0.0,0.0
EMP036,2026-03-01,7.04,8.05,527.24,0,0.0,0.0,60,60,60,0.0,0.0
EMP036,2026-03-02,7.04,8.05,527.24,0,0.0,0.0,61,61,61,0.0,0.0
EMP036,2026-03-03,7.04,8.05,527.24,5,0.3566,136.0,62,62,62,0.0,0.0
EMP036,2026-03-04,7.04,8.05,527.24,5,0.4339,121.0,63,63,63,0.0,0.0
EMP036,2026-03-05,7.04,8.05,527.24,5,0.3553,98.5,64,64,64,0.0,0.0
EMP036,2026-03-06,7.04,8.05,527.24,5,0.4537,54.0,65,65,65,0.0,0.0
EMP036,2026-03-07,7.04,8.05,527.24,5,0.4737,19.0,66,66,66,0.0,0.0
EMP036,2026-03-08,7.04,8.05,527.24,0,0.0,0.0,67,67,67,0.0,0.0
EMP036,2026-03-09,7.04,8.05,527.24,5,0.4248,113.0,68,68,68,0.0,0.0
EMP036,2026-03-10,7.04,8.05,527.24,5,0.4416,137.0,69,69,69,0.0,0.0
EMP036,2026-03-11,7.04,8.05,527.24,5,0.3,65.0,70,70,70,0.0,0.0
EMP036,2026-03-12,7.04,8.05,527.24,5,0.3756,98.5,71,71,71,0.0,0.0
EMP036,2026-03-13,7.04,8.05,527.24,5,0.37,113.5,72,72,72,0.0,0.0
EMP036,2026-03-14,7.04,8.05,527.24,5,0.3855,41.5,73,73,73,0.0,0.0
EMP036,2026-03-15,7.04,8.05,527.24,0,0.0,0.0,74,74,74,0.0,0.0
EMP036,2026-03-16,7.04,8.05,527.24,5,0.4766,107.0,75,75,75,0.0,0.0
EMP036,2026-03-17,7.04,8.05,527.24,5,0.3556,112.5,76,76,76,0.0,0.0
EMP036,2026-03-18,7.04,8.05,527.24,5,0.4348,92.0,77,77,77,0.0,0.0
EMP036,2026-03-19,7.04,8.05,527.24,5,0.3597,69.5,78,78,78,0.0,0.0
EMP036,2026-03-20,7.04,8.05,527.24,5,0.4327,104.0,79,79,79,0.0,0.0
EMP036,2026-03-21,7.04,8.05,527.24,3,0.4286,3.5,80,80,80,0.0,0.0
EMP036,2026-03-22,7.04,8.05,527.24,0,0.0,0.0,81,81,81,0.0,0.0
EMP036,2026-03-23,7.04,8.05,527.24,5,0.3291,118.5,82,82,82,0.0,0.0
EMP036,2026-03-24,7.04,8.05,527.24,5,0.3507,144.0,83,83,83,0.0,0.0
EMP036,2026-03-25,7.04,8.05,527.24,5,0.369,93.5,84,84,84,0.0,0.0
EMP036,2026-03-26,7.04,8.05,527.24,5,0.3396,134.0,85,85,85,0.0,0.0
EMP036,2026-03-27,7.04,8.05,527.24,5,0.3249,178.5,86,86,86,0.0,0.0
EMP036,2026-03-28,7.04,8.05,527.24,5,0.5088,57.0,87,87,87,0.0,0.0
EMP036,2026-03-29,7.04,8.05,527.24,0,0.0,0.0,88,88,88,0.0,0.0
EMP036,2026-03-30,7.04,8.05,527.24,5,0.4723,117.5,89,89,89,0.0,0.0
EMP036,2026-03-31,7.04,8.05,527.24,5,0.3301,154.5,90,90,90,0.0,0.0
EMP037,2026-01-01,7.63,5.81,517.89,0,0.0,0.0,1,1,1,0.0,0.0
EMP037,2026-01-02,7.63,5.81,517.89,6,0.6185,200.5,2,2,2,0.0,0.0
EMP037,2026-01-03,7.63,5.81,517.89,6,0.6179,61.5,3,3,3,0.0,0.0
EMP037,2026-01-04,7.63,5.81,517.89,0,0.0,0.0,4,4,4,0.0,0.0
EMP037,2026-01-05,7.63,5.81,517.89,6,0.5641,117.0,5,5,5,0.0,0.0
EMP037,2026-01-06,7.63,5.81,517.89,6,0.6316,142.5,6,6,6,0.0,0.0
EMP037,2026-01-07,7.63,5.81,517.89,6,0.5708,116.5,7,7,7,0.0,0.0
EMP037,2026-01-08,7.63,5.81,517.89,6,0.5444,124.0,8,8,8,0.0,0.0
EMP037,2026-01-09,7.63,5.81,517.89,6,0.6929,140.0,9,9,9,0.0,0.0
EMP037,2026-01-10,7.63,5.81,517.89,6,0.5315,55.5,10,10,10,0.0,0.0
EMP037,2026-01-11,7.63,5.81,517.89,0,0.0,0.0,11,11,11,0.0,0.0
EMP037,2026-01-12,7.63,5.81,517.89,6,0.571,151.5,12,12,12,0.0,0.0
EMP037,2026-01-13,7.63,5.81,517.89,6,0.6,142.5,13,13,13,0.0,0.0
EMP037,2026-01-14,7.63,5.81,517.89,6,0.6147,115.5,14,14,14,0.0,0.0
EMP037,2026-01-15,7.63,5.81,517.89,6,0.5583,141.5,15,15,15,0.0,0.0
EMP037,2026-01-16,7.63,5.81,517.89,6,0.5521,129.5,16,16,16,0.0,0.0
EMP037,2026-01-17,7.63,5.81,517.89,2,0.5,1.0,17,17,17,0.0,0.0
EMP037,2026-01-18,7.63,5.81,517.89,0,0.0,0.0,18,18,18,0.0,0.0
EMP037,2026-01-19,7.63,5.81,517.89,6,0.5492,132.0,19,19,19,0.0,0.0
EMP037,2026-01-20,7.63,5.81,517.89,6,0.5947,169.0,20,20,20,0.0,0.0
EMP037,2026-01-21,7.63,5.81,517.89,6,0.5894,131.5,21,21,21,0.0,0.0
EMP037,2026-01-22,7.63,5.81,517.89,6,0.664,125.0,22,22,22,0.0,0.0
EMP037,2026-01-23,7.63,5.81,517.89,0,0.0,0.0,23,23,23,0.0,0.0
EMP037,2026-01-24,7.63,5.81,517.89,6,0.534,51.5,24,24,24,0.0,0.0
EMP037,2026-01-25,7.63,5.81,517.89,0,0.0,0.0,25,25,25,0.0,0.0
EMP037,2026-01-26,7.63,5.81,517.89,0,0.0,0.0,26,26,26,0.0,0.0
EMP037,2026-01-27,7.63,5.81,517.89,6,0.6166,126.5,27,27,27,0.0,0.0
EMP037,2026-01-28,7.63,5.81,517.89,6,0.6052,154.5,28,28,28,0.0,0.0
EMP037,2026-01-29,7.63,5.81,517.89,6,0.592,163.0,29,29,29,0.0,0.0
EMP037,2026-01-30,7.63,5.81,517.89,6,0.6405,153.0,30,30,30,0.0,0.0
EMP037,2026-01-31,7.63,5.81,517.89,6,0.5673,52.0,31,31,31,0.0,0.0
EMP037,2026-02-01,7.63,5.81,517.89,0,0.0,0.0,32,32,32,0.0,0.0
EMP037,2026-02-02,7.63,5.81,517.89,6,0.6466,182.5,33,33,33,0.0,0.0
EMP037,2026-02-03,7.63,5.81,517.89,6,0.6158,170.5,34,34,34,0.0,0.0
EMP037,2026-02-04,7.63,5.81,517.89,6,0.6245,134.5,35,35,35,0.0,0.0
EMP037,2026-02-05,7.63,5.81,517.89,6,0.6074,121.0,36,36,36,0.0,0.0
EMP037,2026-02-06,7.63,5.81,517.89,6,0.6015,135.5,37,37,37,0.0,0.0
EMP037,2026-02-07,7.63,5.81,517.89,6,0.6838,58.5,38,38,38,0.0,0.0
EMP037,2026-02-08,7.63,5.81,517.89,0,0.0,0.0,39,39,39,0.0,0.0
EMP037,2026-02-09,7.63,5.81,517.89,6,0.6538,143.0,40,40,40,0.0,0.0
EMP037,2026-02-10,7.63,5.81,517.89,6,0.6164,152.5,41,41,41,0.0,0.0
EMP037,2026-02-11,7.63,5.81,517.89,6,0.6172,145.0,42,42,42,0.0,0.0
EMP037,2026-02-12,7.63,5.81,517.89,6,0.6731,130.0,43,43,43,0.0,0.0
EMP037,2026-02-13,7.63,5.81,517.89,6,0.4851,134.0,44,44,44,0.0,0.0
EMP037,2026-02-14,7.63,5.81,517.89,6,0.596,49.5,45,45,45,0.0,0.0
EMP037,2026-02-15,7.63,5.81,517.89,0,0.0,0.0,46,46,46,0.0,0.0
EMP037,2026-02-16,7.63,5.81,517.89,6,0.6173,121.5,47,47,47,0.0,0.0
EMP037,2026-02-17,7.63,5.81,517.89,6,0.5909,165.0,48,48,48,0.0,0.0
EMP037,2026-02-18,7.63,5.81,517.89,6,0.6531,147.0,49,49,49,0.0,0.0
EMP037,2026-02-19,7.63,5.81,517.89,6,0.6,122.5,50,50,50,0.0,0.0
EMP037,2026-02-20,7.63,5.81,517.89,6,0.6881,147.5,51,51,51,0.0,0.0
EMP037,2026-02-21,7.63,5.81,517.89,6,0.6167,60.0,52,52,52,0.0,0.0
EMP037,2026-02-22,7.63,5.81,517.89,0,0.0,0.0,53,53,53,0.0,0.0
EMP037,2026-02-23,7.63,5.81,517.89,6,0.6007,151.5,54,54,54,0.0,0.0
EMP037,2026-02-24,7.63,5.81,517.89,6,0.5886,175.0,55,55,55,0.0,0.0
EMP037,2026-02-25,7.63,5.81,517.89,6,0.6231,130.0,56,56,56,0.0,0.0
EMP037,2026-02-26,7.63,5.81,517.89,6,0.5513,156.0,57,57,57,0.0,0.0
EMP037,2026-02-27,7.63,5.81,517.89,6,0.6048,186.0,58,58,58,0.0,0.0
EMP037,2026-02-28,7.63,5.81,517.89,6,0.6341,61.5,59,59,59,0.0,0.0
EMP037,2026-03-01,7.63,5.81,517.89,0,0.0,0.0,60,60,60,0.0,0.0
EMP037,2026-03-02,7.63,5.81,517.89,0,0.0,0.0,61,61,61,0.0,0.0
EMP037,2026-03-03,7.63,5.81,517.89,6,0.619,210.0,62,62,62,0.0,0.0
EMP037,2026-03-04,7.63,5.81,517.89,6,0.6327,147.0,63,63,63,0.0,0.0
EMP037,2026-03-05,7.63,5.81,517.89,6,0.6537,141.5,64,64,64,0.0,0.0
EMP037,2026-03-06,7.63,5.81,517.89,6,0.5513,131.5,65,65,65,0.0,0.0
EMP037,2026-03-07,7.63,5.81,517.89,6,0.62,50.0,66,66,66,0.0,0.0
EMP037,2026-03-08,7.63,5.81,517.89,0,0.0,0.0,67,67,67,0.0,0.0
EMP037,2026-03-09,7.63,5.81,517.89,6,0.5252,119.0,68,68,68,0.0,0.0
EMP037,2026-03-10,7.63,5.81,517.89,6,0.6081,148.0,69,69,69,0.0,0.0
EMP037,2026-03-11,7.63,5.81,517.89,6,0.7222,9.0,70,70,70,0.0,0.0
EMP037,2026-03-12,7.63,5.81,517.89,6,0.5625,104.0,71,71,71,0.0,0.0
EMP037,2026-03-13,7.63,5.81,517.89,6,0.6275,149.0,72,72,72,0.0,0.0
EMP037,2026-03-14,7.63,5.81,517.89,6,0.6897,43.5,73,73,73,0.0,0.0
EMP037,2026-03-15,7.63,5.81,517.89,0,0.0,0.0,74,74,74,0.0,0.0
EMP037,2026-03-16,7.63,5.81,517.89,6,0.5984,127.0,75,75,75,0.0,0.0
EMP037,2026-03-17,7.63,5.81,517.89,6,0.6456,166.5,76,76,76,0.0,0.0
EMP037,2026-03-18,7.63,5.81,517.89,6,0.5622,124.5,77,77,77,0.0,0.0
EMP037,2026-03-19,7.63,5.81,517.89,6,0.6534,125.5,78,78,78,0.0,0.0
EMP037,2026-03-20,7.63,5.81,517.89,6,0.6298,131.0,79,79,79,0.0,0.0
EMP037,2026-03-21,7.63,5.81,517.89,6,0.6139,50.5,80,80,80,0.0,0.0
EMP037,2026-03-22,7.63,5.81,517.89,0,0.0,0.0,81,81,81,0.0,0.0
EMP037,2026-03-23,7.63,5.81,517.89,6,0.6174,132.0,82,82,82,0.0,0.0
EMP037,2026-03-24,7.63,5.81,517.89,6,0.5793,135.5,83,83,83,0.0,0.0
EMP037,2026-03-25,7.63,5.81,517.89,6,0.6727,139.0,84,84,84,0.0,0.0
EMP037,2026-03-26,7.63,5.81,517.89,6,0.5426,193.5,85,85,85,0.0,0.0
EMP037,2026-03-27,7.63,5.81,517.89,6,0.6309,181.5,86,86,86,0.0,0.0
EMP037,2026-03-28,7.63,5.81,517.89,6,0.686,60.5,87,87,87,0.0,0.0
EMP037,2026-03-29,7.63,5.81,517.89,0,0.0,0.0,88,88,88,0.0,0.0
EMP037,2026-03-30,7.63,5.81,517.89,6,0.5771,139.5,89,89,89,0.0,0.0
EMP037,2026-03-31,7.63,5.81,517.89,6,0.5952,189.0,90,90,90,0.0,0.0
EMP038,2026-01-01,7.08,11.47,572.9,0,0.0,0.0,1,1,1,0.0,50.0
EMP038,2026-01-02,7.08,11.47,572.9,6,0.6006,161.5,2,2,2,0.0,50.0
EMP038,2026-01-03,7.08,11.47,572.9,6,0.6061,66.0,3,3,3,0.0,50.0
EMP038,2026-01-04,7.08,11.47,572.9,0,0.0,0.0,4,4,4,0.0,50.0
EMP038,2026-01-05,7.08,11.47,572.9,6,0.6228,201.5,5,5,5,0.0,50.0
EMP038,2026-01-06,7.08,11.47,572.9,6,0.6803,159.5,6,6,6,0.0,50.0
EMP038,2026-01-07,7.08,11.47,572.9,6,0.5175,143.0,7,7,7,0.0,50.0
EMP038,2026-01-08,7.08,11.47,572.9,6,0.5872,163.5,8,8,8,0.0,50.0
EMP038,2026-01-09,7.08,11.47,572.9,6,0.629,141.5,9,9,9,0.0,50.0
EMP038,2026-01-10,7.08,11.47,572.9,6,0.6053,57.0,10,10,10,0.0,50.0
EMP038,2026-01-11,7.08,11.47,572.9,0,0.0,0.0,11,11,11,0.0,50.0
EMP038,2026-01-12,7.08,11.47,572.9,6,0.6281,181.5,12,12,12,0.0,50.0
EMP038,2026-01-13,7.08,11.47,572.9,6,0.5069,108.5,13,13,13,0.0,50.0
EMP038,2026-01-14,7.08,11.47,572.9,6,0.5985,132.0,14,14,14,0.0,50.0
EMP038,2026-01-15,7.08,11.47,572.9,6,0.5919,160.5,15,15,15,0.0,50.0
EMP038,2026-01-16,7.08,11.47,572.9,6,0.5963,161.0,16,16,16,0.0,50.0
EMP038,2026-01-17,7.08,11.47,572.9,6,0.5773,48.5,17,17,17,0.0,50.0
EMP038,2026-01-18,7.08,11.47,572.9,0,0.0,0.0,18,18,18,0.0,50.0
EMP038,2026-01-19,7.08,11.47,572.9,6,0.5597,146.5,19,19,19,0.0,50.0
EMP038,2026-01-20,7.08,11.47,572.9,6,0.5635,181.0,20,20,20,0.0,50.0
EMP038,2026-01-21,7.08,11.47,572.9,6,0.6568,151.5,21,21,21,0.0,50.0
EMP038,2026-01-22,7.08,11.47,572.9,6,0.6429,175.0,22,22,22,0.0,50.0
EMP038,2026-01-23,7.08,11.47,572.9,6,0.6124,153.5,23,23,23,0.0,50.0
EMP038,2026-01-24,7.08,11.47,572.9,6,0.5379,72.5,24,24,24,0.0,50.0
EMP038,2026-01-25,7.08,11.47,572.9,0,0.0,0.0,25,25,25,0.0,50.0
EMP038,2026-01-26,7.08,11.47,572.9,0,0.0,0.0,26,26,26,0.0,50.0
EMP038,2026-01-27,7.08,11.47,572.9,6,0.616,174.5,27,27,27,0.0,50.0
EMP038,2026-01-28,7.08,11.47,572.9,6,0.565,88.5,28,28,28,0.0,50.0
EMP038,2026-01-29,7.08,11.47,572.9,6,0.5958,216.5,29,29,29,0.0,50.0
EMP038,2026-01-30,7.08,11.47,572.9,6,0.5824,85.0,30,30,30,0.0,50.0
EMP038,2026-01-31,7.08,11.47,572.9,6,0.6641,65.5,31,31,31,0.0,50.0
EMP038,2026-02-01,7.08,11.47,572.9,0,0.0,0.0,32,32,32,0.0,50.0
EMP038,2026-02-02,7.08,11.47,572.9,6,0.5711,235.5,33,33,33,0.0,50.0
EMP038,2026-02-03,7.08,11.47,572.9,6,0.605,181.0,34,34,34,0.0,50.0
EMP038,2026-02-04,7.08,11.47,572.9,6,0.5676,166.5,35,35,35,0.0,50.0
EMP038,2026-02-05,7.08,11.47,572.9,6,0.506,168.0,36,36,36,0.0,50.0
EMP038,2026-02-06,7.08,11.47,572.9,6,0.6655,148.0,37,37,37,0.0,50.0
EMP038,2026-02-07,7.08,11.47,572.9,6,0.598,51.0,38,38,38,0.0,50.0
EMP038,2026-02-08,7.08,11.47,572.9,0,0.0,0.0,39,39,39,0.0,50.0
EMP038,2026-02-09,7.08,11.47,572.9,6,0.5267,131.0,40,40,40,0.0,50.0
EMP038,2026-02-10,7.08,11.47,572.9,6,0.6122,131.5,41,41,41,0.0,50.0
EMP038,2026-02-11,7.08,11.47,572.9,0,0.0,0.0,42,42,42,0.0,50.0
EMP038,2026-02-12,7.08,11.47,572.9,6,0.5475,179.0,43,43,43,0.0,50.0
EMP038,2026-02-13,7.08,11.47,572.9,6,0.6439,175.5,44,44,44,0.0,50.0
EMP038,2026-02-14,7.08,11.47,572.9,6,0.6379,29.0,45,45,45,0.0,50.0
EMP038,2026-02-15,7.08,11.47,572.9,0,0.0,0.0,46,46,46,0.0,50.0
EMP038,2026-02-16,7.08,11.47,572.9,6,0.6182,165.0,47,47,47,0.0,50.0
EMP038,2026-02-17,7.08,11.47,572.9,6,0.6478,186.0,48,48,48,0.0,50.0
EMP038,2026-02-18,7.08,11.47,572.9,6,0.622,145.5,49,49,49,0.0,50.0
EMP038,2026-02-19,7.08,11.47,572.9,6,0.6543,162.0,50,50,50,0.0,50.0
EMP038,2026-02-20,7.08,11.47,572.9,6,0.5927,178.0,51,51,51,0.0,50.0
EMP038,2026-02-21,7.08,11.47,572.9,6,0.5588,68.0,52,52,52,0.0,50.0
EMP038,2026-02-22,7.08,11.47,572.9,0,0.0,0.0,53,53,53,0.0,50.0
EMP038,2026-02-23,7.08,11.47,572.9,6,0.5272,156.5,54,54,54,0.0,50.0
EMP038,2026-02-24,7.08,11.47,572.9,6,0.5232,161.5,55,55,55,0.0,50.0
EMP038,2026-02-25,7.08,11.47,572.9,6,0.5797,147.5,56,56,56,0.0,50.0
EMP038,2026-02-26,7.08,11.47,572.9,6,0.6195,113.0,57,57,57,0.0,50.0
EMP038,2026-02-27,7.08,11.47,572.9,6,0.5728,206.0,58,58,58,0.0,50.0
EMP038,2026-02-28,7.08,11.47,572.9,6,0.7075,73.5,59,59,59,0.0,50.0
EMP038,2026-03-01,7.08,11.47,572.9,0,0.0,0.0,60,60,60,0.0,50.0
EMP038,2026-03-02,7.08,11.47,572.9,0,0.0,0.0,61,61,61,0.0,50.0
EMP038,2026-03-03,7.08,11.47,572.9,6,0.6148,215.5,62,62,62,0.0,50.0
EMP038,2026-03-04,7.08,11.47,572.9,6,0.6556,180.0,63,63,63,0.0,50.0
EMP038,2026-03-05,7.08,11.47,572.9,6,0.7,10.0,64,64,64,0.0,50.0
EMP038,2026-03-06,7.08,11.47,572.9,6,0.5447,190.0,65,65,65,0.0,50.0
EMP038,2026-03-07,7.08,11.47,572.9,6,0.5,58.0,66,66,66,0.0,50.0
EMP038,2026-03-08,7.08,11.47,572.9,0,0.0,0.0,67,67,67,0.0,50.0
EMP038,2026-03-09,7.08,11.47,572.9,6,0.5198,164.5,68,68,68,0.0,50.0
EMP038,2026-03-10,7.08,11.47,572.9,6,0.6761,177.5,69,69,69,0.0,50.0
EMP038,2026-03-11,7.08,11.47,572.9,6,0.5833,132.0,70,70,70,0.0,50.0
EMP038,2026-03-12,7.08,11.47,572.9,6,0.5458,120.0,71,71,71,0.0,50.0
EMP038,2026-03-13,7.08,11.47,572.9,6,0.6117,145.5,72,72,72,0.0,50.0
EMP038,2026-03-14,7.08,11.47,572.9,6,0.6204,54.0,73,73,73,0.0,50.0
EMP038,2026-03-15,7.08,11.47,572.9,0,0.0,0.0,74,74,74,0.0,50.0
EMP038,2026-03-16,7.08,11.47,572.9,6,0.5772,162.0,75,75,75,0.0,50.0
EMP038,2026-03-17,7.08,11.47,572.9,6,0.5813,187.5,76,76,76,0.0,50.0
EMP038,2026-03-18,7.08,11.47,572.9,6,0.5526,133.0,77,77,77,0.0,50.0
EMP038,2026-03-19,7.08,11.47,572.9,6,0.6188,181.0,78,78,78,0.0,50.0
EMP038,2026-03-20,7.08,11.47,572.9,0,0.0,0.0,79,79,79,0.0,50.0
EMP038,2026-03-21,7.08,11.47,572.9,6,0.5891,64.5,80,80,80,0.0,50.0
EMP038,2026-03-22,7.08,11.47,572.9,0,0.0,0.0,81,81,81,0.0,50.0
EMP038,2026-03-23,7.08,11.47,572.9,6,0.6319,91.0,82,82,82,0.0,50.0
EMP038,2026-03-24,7.08,11.47,572.9,6,0.5545,156.0,83,83,83,0.0,50.0
EMP038,2026-03-25,7.08,11.47,572.9,6,0.5996,226.0,84,84,84,0.0,50.0
EMP038,2026-03-26,7.08,11.47,572.9,6,0.6615,260.0,85,85,85,0.0,50.0
EMP038,2026-03-27,7.08,11.47,572.9,6,0.5911,225.0,86,86,86,0.0,50.0
EMP038,2026-03-28,7.08,11.47,572.9,6,0.5563,71.0,87,87,87,0.0,50.0
EMP038,2026-03-29,7.08,11.47,572.9,0,0.0,0.0,88,88,88,0.0,50.0
EMP038,2026-03-30,7.08,11.47,572.9,0,0.0,0.0,89,89,89,0.0,50.0
EMP038,2026-03-31,7.08,11.47,572.9,6,0.6373,193.0,90,90,90,0.0,50.0
EMP039,2026-01-01,7.97,10.88,481.76,0,0.0,0.0,1,1,1,0.0,50.0
EMP039,2026-01-02,7.97,10.88,481.76,6,0.5267,75.0,2,2,2,0.0,50.0
EMP039,2026-01-03,7.97,10.88,481.76,6,0.6304,23.0,3,3,3,0.0,50.0
EMP039,2026-01-04,7.97,10.88,481.76,0,0.0,0.0,4,4,4,0.0,50.0
EMP039,2026-01-05,7.97,10.88,481.76,6,0.5565,57.5,5,5,5,0.0,50.0
EMP039,2026-01-06,7.97,10.88,481.76,6,0.5191,65.5,6,6,6,0.0,50.0
EMP039,2026-01-07,7.97,10.88,481.76,6,0.5839,68.5,7,7,7,0.0,50.0
EMP039,2026-01-08,7.97,10.88,481.76,6,0.6181,72.0,8,8,8,0.0,50.0
EMP039,2026-01-09,7.97,10.88,481.76,0,0.0,0.0,9,9,9,0.0,50.0
EMP039,2026-01-10,7.97,10.88,481.76,6,0.5526,19.0,10,10,10,0.0,50.0
EMP039,2026-01-11,7.97,10.88,481.76,0,0.0,0.0,11,11,11,0.0,50.0
EMP039,2026-01-12,7.97,10.88,481.76,6,0.6213,84.5,12,12,12,0.0,50.0
EMP039,2026-01-13,7.97,10.88,481.76,6,0.6062,80.0,13,13,13,0.0,50.0
EMP039,2026-01-14,7.97,10.88,481.76,6,0.6897,72.5,14,14,14,0.0,50.0
EMP039,2026-01-15,7.97,10.88,481.76,6,0.619,63.0,15,15,15,0.0,50.0
EMP039,2026-01-16,7.97,10.88,481.76,6,0.6174,74.5,16,16,16,0.0,50.0
EMP039,2026-01-17,7.97,10.88,481.76,6,0.617,23.5,17,17,17,0.0,50.0
EMP039,2026-01-18,7.97,10.88,481.76,0,0.0,0.0,18,18,18,0.0,50.0
EMP039,2026-01-19,7.97,10.88,481.76,6,0.5414,78.5,19,19,19,0.0,50.0
EMP039,2026-01-20,7.97,10.88,481.76,6,0.6566,99.0,20,20,20,0.0,50.0
EMP039,2026-01-21,7.97,10.88,481.76,6,0.5689,83.5,21,21,21,0.0,50.0
EMP039,2026-01-22,7.97,10.88,481.76,6,0.6505,93.0,22,22,22,0.0,50.0
EMP039,2026-01-23,7.97,10.88,481.76,6,0.5895,95.0,23,23,23,0.0,50.0
EMP039,2026-01-24,7.97,10.88,481.76,6,0.6557,30.5,24,24,24,0.0,50.0
EMP039,2026-01-25,7.97,10.88,481.76,0,0.0,0.0,25,25,25,0.0,50.0
EMP039,2026-01-26,7.97,10.88,481.76,0,0.0,0.0,26,26,26,0.0,50.0
EMP039,2026-01-27,7.97,10.88,481.76,6,0.6209,91.0,27,27,27,0.0,50.0
EMP039,2026-01-28,7.97,10.88,481.76,6,0.5739,88.0,28,28,28,0.0,50.0
EMP039,2026-01-29,7.97,10.88,481.76,6,0.6375,80.0,29,29,29,0.0,50.0
EMP039,2026-01-30,7.97,10.88,481.76,6,0.5639,113.5,30,30,30,0.0,50.0
EMP039,2026-01-31,7.97,10.88,481.76,6,0.5067,37.5,31,31,31,0.0,50.0
EMP039,2026-02-01,7.97,10.88,481.76,0,0.0,0.0,32,32,32,0.0,50.0
EMP039,2026-02-02,7.97,10.88,481.76,0,0.0,0.0,33,33,33,0.0,50.0
EMP039,2026-02-03,7.97,10.88,481.76,6,0.636,130.5,34,34,34,0.0,50.0
EMP039,2026-02-04,7.97,10.88,481.76,6,0.6239,113.0,35,35,35,0.0,50.0
EMP039,2026-02-05,7.97,10.88,481.76,6,0.5205,36.5,36,36,36,0.0,50.0
EMP039,2026-02-06,7.97,10.88,481.76,6,0.578,109.0,37,37,37,0.0,50.0
EMP039,2026-02-07,7.97,10.88,481.76,6,0.5616,36.5,38,38,38,0.0,50.0
EMP039,2026-02-08,7.97,10.88,481.76,0,0.0,0.0,39,39,39,0.0,50.0
EMP039,2026-02-09,7.97,10.88,481.76,6,0.5837,110.5,40,40,40,0.0,50.0
EMP039,2026-02-10,7.97,10.88,481.76,4,0.6667,10.5,41,41,41,0.0,50.0
EMP039,2026-02-11,7.97,10.88,481.76,6,0.6583,120.0,42,42,42,0.0,50.0
EMP039,2026-02-12,7.97,10.88,481.76,6,0.6806,108.0,43,43,43,0.0,50.0
EMP039,2026-02-13,7.97,10.88,481.76,6,0.6449,122.5,44,44,44,0.0,50.0
EMP039,2026-02-14,7.97,10.88,481.76,6,0.5862,14.5,45,45,45,0.0,50.0
EMP039,2026-02-15,7.97,10.88,481.76,0,0.0,0.0,46,46,46,0.0,50.0
EMP039,2026-02-16,7.97,10.88,481.76,6,0.6008,124.0,47,47,47,0.0,50.0
EMP039,2026-02-17,7.97,10.88,481.76,6,0.6101,109.0,48,48,48,0.0,50.0
EMP039,2026-02-18,7.97,10.88,481.76,6,0.5979,94.5,49,49,49,0.0,50.0
EMP039,2026-02-19,7.97,10.88,481.76,6,0.5362,117.5,50,50,50,0.0,50.0
EMP039,2026-02-20,7.97,10.88,481.76,6,0.6429,7.0,51,51,51,0.0,50.0
EMP039,2026-02-21,7.97,10.88,481.76,6,0.6429,42.0,52,52,52,0.0,50.0
EMP039,2026-02-22,7.97,10.88,481.76,0,0.0,0.0,53,53,53,0.0,50.0
EMP039,2026-02-23,7.97,10.88,481.76,6,0.6333,120.0,54,54,54,0.0,50.0
EMP039,2026-02-24,7.97,10.88,481.76,6,0.619,10.5,55,55,55,0.0,50.0
EMP039,2026-02-25,7.97,10.88,481.76,6,0.5579,116.5,56,56,56,0.0,50.0
EMP039,2026-02-26,7.97,10.88,481.76,6,0.5621,169.0,57,57,57,0.0,50.0
EMP039,2026-02-27,7.97,10.88,481.76,6,0.6259,139.0,58,58,58,0.0,50.0
EMP039,2026-02-28,7.97,10.88,481.76,6,0.618,44.5,59,59,59,0.0,50.0
EMP039,2026-03-01,7.97,10.88,481.76,0,0.0,0.0,60,60,60,0.0,50.0
EMP039,2026-03-02,7.97,10.88,481.76,0,0.0,0.0,61,61,61,0.0,50.0
EMP039,2026-03-03,7.97,10.88,481.76,6,0.719,153.0,62,62,62,0.0,50.0
EMP039,2026-03-04,7.97,10.88,481.76,6,0.6053,95.0,63,63,63,0.0,50.0
EMP039,2026-03-05,7.97,10.88,481.76,6,0.6227,110.0,64,64,64,0.0,50.0
EMP039,2026-03-06,7.97,10.88,481.76,6,0.6869,49.5,65,65,65,0.0,50.0
EMP039,2026-03-07,7.97,10.88,481.76,6,0.5821,33.5,66,66,66,0.0,50.0
EMP039,2026-03-08,7.97,10.88,481.76,0,0.0,0.0,67,67,67,0.0,50.0
EMP039,2026-03-09,7.97,10.88,481.76,6,0.5991,111.0,68,68,68,0.0,50.0
EMP039,2026-03-10,7.97,10.88,481.76,6,0.6029,68.0,69,69,69,0.0,50.0
EMP039,2026-03-11,7.97,10.88,481.76,6,0.6198,121.0,70,70,70,0.0,50.0
EMP039,2026-03-12,7.97,10.88,481.76,0,0.0,0.0,71,71,71,0.0,50.0
EMP039,2026-03-13,7.97,10.88,481.76,6,0.6029,136.0,72,72,72,0.0,50.0
EMP039,2026-03-14,7.97,10.88,481.76,6,0.6575,36.5,73,73,73,0.0,50.0
EMP039,2026-03-15,7.97,10.88,481.76,0,0.0,0.0,74,74,74,0.0,50.0
EMP039,2026-03-16,7.97,10.88,481.76,6,0.6395,129.0,75,75,75,0.0,50.0
EMP039,2026-03-17,7.97,10.88,481.76,6,0.5356,133.5,76,76,76,0.0,50.0
EMP039,2026-03-18,7.97,10.88,481.76,6,0.6667,108.0,77,77,77,0.0,50.0
EMP039,2026-03-19,7.97,10.88,481.76,0,0.0,0.0,78,78,78,0.0,50.0
EMP039,2026-03-20,7.97,10.88,481.76,6,0.7068,66.5,79,79,79,0.0,50.0
EMP039,2026-03-21,7.97,10.88,481.76,6,0.6279,43.0,80,80,80,0.0,50.0
EMP039,2026-03-22,7.97,10.88,481.76,0,0.0,0.0,81,81,81,0.0,50.0
EMP039,2026-03-23,7.97,10.88,481.76,6,0.5551,127.0,82,82,82,0.0,50.0
EMP039,2026-03-24,7.97,10.88,481.76,6,0.6652,112.0,83,83,83,0.0,50.0
EMP039,2026-03-25,7.97,10.88,481.76,6,0.5565,119.5,84,84,84,0.0,50.0
EMP039,2026-03-26,7.97,10.88,481.76,6,0.6,152.5,85,85,85,0.0,50.0
EMP039,2026-03-27,7.97,10.88,481.76,6,0.5318,133.5,86,86,86,0.0,50.0
EMP039,2026-03-28,7.97,10.88,481.76,6,0.5758,66.0,87,87,87,0.0,50.0
EMP039,2026-03-29,7.97,10.88,481.76,0,0.0,0.0,88,88,88,0.0,50.0
EMP039,2026-03-30,7.97,10.88,481.76,6,0.5916,131.0,89,89,89,0.0,50.0
EMP039,2026-03-31,7.97,10.88,481.76,6,0.6686,170.5,90,90,90,0.0,50.0
EMP040,2026-01-01,7.83,7.51,535.8,0,0.0,0.0,1,1,1,0.0,0.0
EMP040,2026-01-02,7.83,7.51,535.8,6,0.5973,187.5,2,2,2,0.0,0.0
EMP040,2026-01-03,7.83,7.51,535.8,6,0.6435,57.5,3,3,3,0.0,0.0
EMP040,2026-01-04,7.83,7.51,535.8,0,0.0,0.0,4,4,4,0.0,0.0
EMP040,2026-01-05,7.83,7.51,535.8,6,0.6454,156.5,5,5,5,0.0,0.0
EMP040,2026-01-06,7.83,7.51,535.8,6,0.5629,143.0,6,6,6,0.0,0.0
EMP040,2026-01-07,7.83,7.51,535.8,6,0.669,143.5,7,7,7,0.0,0.0
EMP040,2026-01-08,7.83,7.51,535.8,6,0.5884,138.5,8,8,8,0.0,0.0
EMP040,2026-01-09,7.83,7.51,535.8,6,0.6316,9.5,9,9,9,0.0,0.0
EMP040,2026-01-10,7.83,7.51,535.8,6,0.5882,42.5,10,10,10,0.0,0.0
EMP040,2026-01-11,7.83,7.51,535.8,0,0.0,0.0,11,11,11,0.0,0.0
EMP040,2026-01-12,7.83,7.51,535.8,6,0.6317,157.5,12,12,12,0.0,0.0
EMP040,2026-01-13,7.83,7.51,535.8,0,0.0,0.0,13,13,13,0.0,0.0
EMP040,2026-01-14,7.83,7.51,535.8,6,0.557,118.5,14,14,14,0.0,0.0
EMP040,2026-01-15,7.83,7.51,535.8,6,0.539,141.0,15,15,15,0.0,0.0
EMP040,2026-01-16,7.83,7.51,535.8,6,0.6151,145.5,16,16,16,0.0,0.0
EMP040,2026-01-17,7.83,7.51,535.8,6,0.541,61.0,17,17,17,0.0,0.0
EMP040,2026-01-18,7.83,7.51,535.8,0,0.0,0.0,18,18,18,0.0,0.0
EMP040,2026-01-19,7.83,7.51,535.8,6,0.6415,132.5,19,19,19,0.0,0.0
EMP040,2026-01-20,7.83,7.51,535.8,6,0.5571,144.5,20,20,20,0.0,0.0
EMP040,2026-01-21,7.83,7.51,535.8,6,0.6014,145.5,21,21,21,0.0,0.0
EMP040,2026-01-22,7.83,7.51,535.8,6,0.5199,138.5,22,22,22,0.0,0.0
EMP040,2026-01-23,7.83,7.51,535.8,6,0.4618,137.5,23,23,23,0.0,0.0
EMP040,2026-01-24,7.83,7.51,535.8,6,0.6737,47.5,24,24,24,0.0,0.0
EMP040,2026-01-25,7.83,7.51,535.8,0,0.0,0.0,25,25,25,0.0,0.0
EMP040,2026-01-26,7.83,7.51,535.8,0,0.0,0.0,26,26,26,0.0,0.0
EMP040,2026-01-27,7.83,7.51,535.8,6,0.659,152.5,27,27,27,0.0,0.0
EMP040,2026-01-28,7.83,7.51,535.8,6,0.5867,135.5,28,28,28,0.0,0.0
EMP040,2026-01-29,7.83,7.51,535.8,6,0.6721,154.0,29,29,29,0.0,0.0
EMP040,2026-01-30,7.83,7.51,535.8,6,0.6296,175.5,30,30,30,0.0,0.0
EMP040,2026-01-31,7.83,7.51,535.8,6,0.5726,58.5,31,31,31,0.0,0.0
EMP040,2026-02-01,7.83,7.51,535.8,0,0.0,0.0,32,32,32,0.0,0.0
EMP040,2026-02-02,7.83,7.51,535.8,6,0.6043,187.0,33,33,33,0.0,0.0
EMP040,2026-02-03,7.83,7.51,535.8,6,0.5825,97.0,34,34,34,0.0,0.0
EMP040,2026-02-04,7.83,7.51,535.8,6,0.6029,138.5,35,35,35,0.0,0.0
EMP040,2026-02-05,7.83,7.51,535.8,6,0.5686,149.5,36,36,36,0.0,0.0
EMP040,2026-02-06,7.83,7.51,535.8,6,0.6023,129.5,37,37,37,0.0,0.0
EMP040,2026-02-07,7.83,7.51,535.8,6,0.5577,52.0,38,38,38,0.0,0.0
EMP040,2026-02-08,7.83,7.51,535.8,0,0.0,0.0,39,39,39,0.0,0.0
EMP040,2026-02-09,7.83,7.51,535.8,6,0.658,134.5,40,40,40,0.0,0.0
EMP040,2026-02-10,7.83,7.51,535.8,6,0.6314,165.5,41,41,41,0.0,0.0
EMP040,2026-02-11,7.83,7.51,535.8,6,0.6142,127.0,42,42,42,0.0,0.0
EMP040,2026-02-12,7.83,7.51,535.8,6,0.5191,131.0,43,43,43,0.0,0.0
EMP040,2026-02-13,7.83,7.51,535.8,6,0.633,133.5,44,44,44,0.0,0.0
EMP040,2026-02-14,7.83,7.51,535.8,6,0.61,50.0,45,45,45,0.0,0.0
EMP040,2026-02-15,7.83,7.51,535.8,0,0.0,0.0,46,46,46,0.0,0.0
EMP040,2026-02-16,7.83,7.51,535.8,6,0.5897,136.5,47,47,47,0.0,0.0
EMP040,2026-02-17,7.83,7.51,535.8,6,0.5762,164.0,48,48,48,0.0,0.0
EMP040,2026-02-18,7.83,7.51,535.8,6,0.6113,150.5,49,49,49,0.0,0.0
EMP040,2026-02-19,7.83,7.51,535.8,6,0.6124,169.0,50,50,50,0.0,0.0
EMP040,2026-02-20,7.83,7.51,535.8,6,0.5543,170.5,51,51,51,0.0,0.0
EMP040,2026-02-21,7.83,7.51,535.8,6,0.625,60.0,52,52,52,0.0,0.0
EMP040,2026-02-22,7.83,7.51,535.8,0,0.0,0.0,53,53,53,0.0,0.0
EMP040,2026-02-23,7.83,7.51,535.8,6,0.6469,168.5,54,54,54,0.0,0.0
EMP040,2026-02-24,7.83,7.51,535.8,6,0.4982,141.5,55,55,55,0.0,0.0
EMP040,2026-02-25,7.83,7.51,535.8,6,0.5797,147.5,56,56,56,0.0,0.0
EMP040,2026-02-26,7.83,7.51,535.8,6,0.5909,11.0,57,57,57,0.0,0.0
EMP040,2026-02-27,7.83,7.51,535.8,6,0.6124,193.5,58,58,58,0.0,0.0
EMP040,2026-02-28,7.83,7.51,535.8,6,0.5043,57.5,59,59,59,0.0,0.0
EMP040,2026-03-01,7.83,7.51,535.8,0,0.0,0.0,60,60,60,0.0,0.0
EMP040,2026-03-02,7.83,7.51,535.8,0,0.0,0.0,61,61,61,0.0,0.0
EMP040,2026-03-03,7.83,7.51,535.8,6,0.5613,155.0,62,62,62,0.0,0.0
EMP040,2026-03-04,7.83,7.51,535.8,6,0.5866,141.5,63,63,63,0.0,0.0
EMP040,2026-03-05,7.83,7.51,535.8,6,0.5599,142.0,64,64,64,0.0,0.0
EMP040,2026-03-06,7.83,7.51,535.8,6,0.65,130.0,65,65,65,0.0,0.0
EMP040,2026-03-07,7.83,7.51,535.8,6,0.6891,59.5,66,66,66,0.0,0.0
EMP040,2026-03-08,7.83,7.51,535.8,0,0.0,0.0,67,67,67,0.0,0.0
EMP040,2026-03-09,7.83,7.51,535.8,6,0.5981,158.0,68,68,68,0.0,0.0
EMP040,2026-03-10,7.83,7.51,535.8,6,0.5238,178.5,69,69,69,0.0,0.0
EMP040,2026-03-11,7.83,7.51,535.8,0,0.0,0.0,70,70,70,0.0,0.0
EMP040,2026-03-12,7.83,7.51,535.8,6,0.5654,141.5,71,71,71,0.0,0.0
EMP040,2026-03-13,7.83,7.51,535.8,6,0.5629,143.0,72,72,72,0.0,0.0
EMP040,2026-03-14,7.83,7.51,535.8,6,0.5543,46.0,73,73,73,0.0,0.0
EMP040,2026-03-15,7.83,7.51,535.8,0,0.0,0.0,74,74,74,0.0,0.0
EMP040,2026-03-16,7.83,7.51,535.8,6,0.6314,146.5,75,75,75,0.0,0.0
EMP040,2026-03-17,7.83,7.51,535.8,6,0.56,150.0,76,76,76,0.0,0.0
EMP040,2026-03-18,7.83,7.51,535.8,6,0.5993,146.0,77,77,77,0.0,0.0
EMP040,2026-03-19,7.83,7.51,535.8,6,0.5714,105.0,78,78,78,0.0,0.0
EMP040,2026-03-20,7.83,7.51,535.8,6,0.6,130.0,79,79,79,0.0,0.0
EMP040,2026-03-21,7.83,7.51,535.8,6,0.5769,52.0,80,80,80,0.0,0.0
EMP040,2026-03-22,7.83,7.51,535.8,0,0.0,0.0,81,81,81,0.0,0.0
EMP040,2026-03-23,7.83,7.51,535.8,6,0.5639,133.0,82,82,82,0.0,0.0
EMP040,2026-03-24,7.83,7.51,535.8,6,0.5817,174.5,83,83,83,0.0,0.0
EMP040,2026-03-25,7.83,7.51,535.8,6,0.6243,185.0,84,84,84,0.0,0.0
EMP040,2026-03-26,7.83,7.51,535.8,6,0.661,88.5,85,85,85,0.0,0.0
EMP040,2026-03-27,7.83,7.51,535.8,6,0.5935,200.5,86,86,86,0.0,0.0
EMP040,2026-03-28,7.83,7.51,535.8,6,0.6066,61.0,87,87,87,0.0,0.0
EMP040,2026-03-29,7.83,7.51,535.8,0,0.0,0.0,88,88,88,0.0,0.0
EMP040,2026-03-30,7.83,7.51,535.8,0,0.0,0.0,89,89,89,0.0,0.0
EMP040,2026-03-31,7.83,7.51,535.8,6,0.619,178.5,90,90,90,0.0,0.0
EMP041,2026-01-01,7.03,11.82,495.13,0,0.0,0.0,1,1,1,0.0,50.0
EMP041,2026-01-02,7.03,11.82,495.13,6,0.5357,112.0,2,2,2,0.0,50.0
EMP041,2026-01-03,7.03,11.82,495.13,6,0.5909,33.0,3,3,3,0.0,50.0
EMP041,2026-01-04,7.03,11.82,495.13,0,0.0,0.0,4,4,4,0.0,50.0
EMP041,2026-01-05,7.03,11.82,495.13,6,0.6667,99.0,5,5,5,0.0,50.0
EMP041,2026-01-06,7.03,11.82,495.13,6,0.5865,104.0,6,6,6,0.0,50.0
EMP041,2026-01-07,7.03,11.82,495.13,6,0.4937,79.0,7,7,7,0.0,50.0
EMP041,2026-01-08,7.03,11.82,495.13,6,0.6384,88.5,8,8,8,0.0,50.0
EMP041,2026-01-09,7.03,11.82,495.13,6,0.6305,101.5,9,9,9,0.0,50.0
EMP041,2026-01-10,7.03,11.82,495.13,6,0.5758,33.0,10,10,10,0.0,50.0
EMP041,2026-01-11,7.03,11.82,495.13,0,0.0,0.0,11,11,11,0.0,50.0
EMP041,2026-01-12,7.03,11.82,495.13,6,0.5882,102.0,12,12,12,0.0,50.0
EMP041,2026-01-13,7.03,11.82,495.13,6,0.6811,92.5,13,13,13,0.0,50.0
EMP041,2026-01-14,7.03,11.82,495.13,6,0.5706,85.0,14,14,14,0.0,50.0
EMP041,2026-01-15,7.03,11.82,495.13,6,0.6735,98.0,15,15,15,0.0,50.0
EMP041,2026-01-16,7.03,11.82,495.13,6,0.6852,108.0,16,16,16,0.0,50.0
EMP041,2026-01-17,7.03,11.82,495.13,6,0.6125,40.0,17,17,17,0.0,50.0
EMP041,2026-01-18,7.03,11.82,495.13,0,0.0,0.0,18,18,18,0.0,50.0
EMP041,2026-01-19,7.03,11.82,495.13,6,0.5841,113.0,19,19,19,0.0,50.0
EMP041,2026-01-20,7.03,11.82,495.13,6,0.5365,96.0,20,20,20,0.0,50.0
EMP041,2026-01-21,7.03,11.82,495.13,6,0.6615,97.5,21,21,21,0.0,50.0
EMP041,2026-01-22,7.03,11.82,495.13,6,0.6842,104.5,22,22,22,0.0,50.0
EMP041,2026-01-23,7.03,11.82,495.13,6,0.6316,9.5,23,23,23,0.0,50.0
EMP041,2026-01-24,7.03,11.82,495.13,6,0.519,39.5,24,24,24,0.0,50.0
EMP041,2026-01-25,7.03,11.82,495.13,0,0.0,0.0,25,25,25,0.0,50.0
EMP041,2026-01-26,7.03,11.82,495.13,0,0.0,0.0,26,26,26,0.0,50.0
EMP041,2026-01-27,7.03,11.82,495.13,6,0.6042,96.0,27,27,27,0.0,50.0
EMP041,2026-01-28,7.03,11.82,495.13,6,0.6721,91.5,28,28,28,0.0,50.0
EMP041,2026-01-29,7.03,11.82,495.13,6,0.6098,102.5,29,29,29,0.0,50.0
EMP041,2026-01-30,7.03,11.82,495.13,6,0.6,7.5,30,30,30,0.0,50.0
EMP041,2026-01-31,7.03,11.82,495.13,6,0.5455,22.0,31,31,31,0.0,50.0
EMP041,2026-02-01,7.03,11.82,495.13,0,0.0,0.0,32,32,32,0.0,50.0
EMP041,2026-02-02,7.03,11.82,495.13,6,0.5138,126.5,33,33,33,0.0,50.0
EMP041,2026-02-03,7.03,11.82,495.13,6,0.6049,162.0,34,34,34,0.0,50.0
EMP041,2026-02-04,7.03,11.82,495.13,6,0.534,95.5,35,35,35,0.0,50.0
EMP041,2026-02-05,7.03,11.82,495.13,6,0.6452,124.0,36,36,36,0.0,50.0
EMP041,2026-02-06,7.03,11.82,495.13,6,0.6009,116.5,37,37,37,0.0,50.0
EMP041,2026-02-07,7.03,11.82,495.13,6,0.6222,45.0,38,38,38,0.0,50.0
EMP041,2026-02-08,7.03,11.82,495.13,0,0.0,0.0,39,39,39,0.0,50.0
EMP041,2026-02-09,7.03,11.82,495.13,6,0.5845,109.5,40,40,40,0.0,50.0
EMP041,2026-02-10,7.03,11.82,495.13,6,0.6211,113.5,41,41,41,0.0,50.0
EMP041,2026-02-11,7.03,11.82,495.13,6,0.5899,108.5,42,42,42,0.0,50.0
EMP041,2026-02-12,7.03,11.82,495.13,6,0.6114,114.5,43,43,43,0.0,50.0
EMP041,2026-02-13,7.03,11.82,495.13,0,0.0,0.0,44,44,44,0.0,50.0
EMP041,2026-02-14,7.03,11.82,495.13,6,0.6071,42.0,45,45,45,0.0,50.0
EMP041,2026-02-15,7.03,11.82,495.13,0,0.0,0.0,46,46,46,0.0,50.0
EMP041,2026-02-16,7.03,11.82,495.13,0,0.0,0.0,47,47,47,0.0,50.0
EMP041,2026-02-17,7.03,11.82,495.13,0,0.0,0.0,48,48,48,0.0,50.0
EMP041,2026-02-18,7.03,11.82,495.13,6,0.6883,115.5,49,49,49,0.0,50.0
EMP041,2026-02-19,7.03,11.82,495.13,6,0.6037,108.5,50,50,50,0.0,50.0
EMP041,2026-02-20,7.03,11.82,495.13,6,0.6119,143.0,51,51,51,0.0,50.0
EMP041,2026-02-21,7.03,11.82,495.13,6,0.5517,43.5,52,52,52,0.0,50.0
EMP041,2026-02-22,7.03,11.82,495.13,0,0.0,0.0,53,53,53,0.0,50.0
EMP041,2026-02-23,7.03,11.82,495.13,0,0.0,0.0,54,54,54,0.0,50.0
EMP041,2026-02-24,7.03,11.82,495.13,6,0.6175,125.5,55,55,55,0.0,50.0
EMP041,2026-02-25,7.03,11.82,495.13,6,0.6565,115.0,56,56,56,0.0,50.0
EMP041,2026-02-26,7.03,11.82,495.13,6,0.5199,138.5,57,57,57,0.0,50.0
EMP041,2026-02-27,7.03,11.82,495.13,6,0.588,142.0,58,58,58,0.0,50.0
EMP041,2026-02-28,7.03,11.82,495.13,6,0.6415,53.0,59,59,59,0.0,50.0
EMP041,2026-03-01,7.03,11.82,495.13,0,0.0,0.0,60,60,60,0.0,50.0
EMP041,2026-03-02,7.03,11.82,495.13,0,0.0,0.0,61,61,61,0.0,50.0
EMP041,2026-03-03,7.03,11.82,495.13,0,0.0,0.0,62,62,62,0.0,50.0
EMP041,2026-03-04,7.03,11.82,495.13,6,0.6102,118.0,63,63,63,0.0,50.0
EMP041,2026-03-05,7.03,11.82,495.13,6,0.6189,122.0,64,64,64,0.0,50.0
EMP041,2026-03-06,7.03,11.82,495.13,6,0.7,130.0,65,65,65,0.0,50.0
EMP041,2026-03-07,7.03,11.82,495.13,6,0.6327,49.0,66,66,66,0.0,50.0
EMP041,2026-03-08,7.03,11.82,495.13,0,0.0,0.0,67,67,67,0.0,50.0
EMP041,2026-03-09,7.03,11.82,495.13,6,0.5829,99.5,68,68,68,0.0,50.0
EMP041,2026-03-10,7.03,11.82,495.13,6,0.5815,113.5,69,69,69,0.0,50.0
EMP041,2026-03-11,7.03,11.82,495.13,6,0.7063,126.0,70,70,70,0.0,50.0
EMP041,2026-03-12,7.03,11.82,495.13,6,0.6763,86.5,71,71,71,0.0,50.0
EMP041,2026-03-13,7.03,11.82,495.13,6,0.564,125.0,72,72,72,0.0,50.0
EMP041,2026-03-14,7.03,11.82,495.13,6,0.5714,38.5,73,73,73,0.0,50.0
EMP041,2026-03-15,7.03,11.82,495.13,0,0.0,0.0,74,74,74,0.0,50.0
EMP041,2026-03-16,7.03,11.82,495.13,6,0.5268,112.0,75,75,75,0.0,50.0
EMP041,2026-03-17,7.03,11.82,495.13,6,0.6816,122.5,76,76,76,0.0,50.0
EMP041,2026-03-18,7.03,11.82,495.13,6,0.6332,99.5,77,77,77,0.0,50.0
EMP041,2026-03-19,7.03,11.82,495.13,6,0.6741,112.0,78,78,78,0.0,50.0
EMP041,2026-03-20,7.03,11.82,495.13,6,0.5946,129.5,79,79,79,0.0,50.0
EMP041,2026-03-21,7.03,11.82,495.13,6,0.6053,38.0,80,80,80,0.0,50.0
EMP041,2026-03-22,7.03,11.82,495.13,0,0.0,0.0,81,81,81,0.0,50.0
EMP041,2026-03-23,7.03,11.82,495.13,6,0.6322,121.0,82,82,82,0.0,50.0
EMP041,2026-03-24,7.03,11.82,495.13,6,0.5992,128.5,83,83,83,0.0,50.0
EMP041,2026-03-25,7.03,11.82,495.13,6,0.5088,141.5,84,84,84,0.0,50.0
EMP041,2026-03-26,7.03,11.82,495.13,6,0.6453,172.0,85,85,85,0.0,50.0
EMP041,2026-03-27,7.03,11.82,495.13,6,0.5562,164.5,86,86,86,0.0,50.0
EMP041,2026-03-28,7.03,11.82,495.13,6,0.6833,60.0,87,87,87,0.0,50.0
EMP041,2026-03-29,7.03,11.82,495.13,0,0.0,0.0,88,88,88,0.0,50.0
EMP041,2026-03-30,7.03,11.82,495.13,0,0.0,0.0,89,89,89,0.0,50.0
EMP041,2026-03-31,7.03,11.82,495.13,6,0.6129,139.5,90,90,90,0.0,50.0
EMP042,2026-01-01,5.67,12.45,559.3,0,0.0,0.0,1,1,1,0.0,50.0
EMP042,2026-01-02,5.67,12.45,559.3,6,0.6864,194.5,2,2,2,0.0,50.0
EMP042,2026-01-03,5.67,12.45,559.3,6,0.6022,90.5,3,3,3,0.0,50.0
EMP042,2026-01-04,5.67,12.45,559.3,0,0.0,0.0,4,4,4,0.0,50.0
EMP042,2026-01-05,5.67,12.45,559.3,6,0.6126,182.0,5,5,5,0.0,50.0
EMP042,2026-01-06,5.67,12.45,559.3,6,0.5228,164.5,6,6,6,0.0,50.0
EMP042,2026-01-07,5.67,12.45,559.3,6,0.522,79.5,7,7,7,0.0,50.0
EMP042,2026-01-08,5.67,12.45,559.3,6,0.4897,169.5,8,8,8,0.0,50.0
EMP042,2026-01-09,5.67,12.45,559.3,6,0.5505,153.5,9,9,9,0.0,50.0
EMP042,2026-01-10,5.67,12.45,559.3,6,0.5833,60.0,10,10,10,0.0,50.0
EMP042,2026-01-11,5.67,12.45,559.3,0,0.0,0.0,11,11,11,0.0,50.0
EMP042,2026-01-12,5.67,12.45,559.3,6,0.6907,166.5,12,12,12,0.0,50.0
EMP042,2026-01-13,5.67,12.45,559.3,5,0.6,7.5,13,13,13,0.0,50.0
EMP042,2026-01-14,5.67,12.45,559.3,6,0.6101,138.5,14,14,14,0.0,50.0
EMP042,2026-01-15,5.67,12.45,559.3,6,0.6429,133.0,15,15,15,0.0,50.0
EMP042,2026-01-16,5.67,12.45,559.3,6,0.622,168.0,16,16,16,0.0,50.0
EMP042,2026-01-17,5.67,12.45,559.3,6,0.5234,64.0,17,17,17,0.0,50.0
EMP042,2026-01-18,5.67,12.45,559.3,0,0.0,0.0,18,18,18,0.0,50.0
EMP042,2026-01-19,5.67,12.45,559.3,6,0.5503,94.5,19,19,19,0.0,50.0
EMP042,2026-01-20,5.67,12.45,559.3,6,0.6012,86.5,20,20,20,0.0,50.0
EMP042,2026-01-21,5.67,12.45,559.3,6,0.6314,146.5,21,21,21,0.0,50.0
EMP042,2026-01-22,5.67,12.45,559.3,6,0.5577,177.5,22,22,22,0.0,50.0
EMP042,2026-01-23,5.67,12.45,559.3,6,0.6156,186.0,23,23,23,0.0,50.0
EMP042,2026-01-24,5.67,12.45,559.3,6,0.6204,68.5,24,24,24,0.0,50.0
EMP042,2026-01-25,5.67,12.45,559.3,0,0.0,0.0,25,25,25,0.0,50.0
EMP042,2026-01-26,5.67,12.45,559.3,0,0.0,0.0,26,26,26,0.0,50.0
EMP042,2026-01-27,5.67,12.45,559.3,6,0.623,187.0,27,27,27,0.0,50.0
EMP042,2026-01-28,5.67,12.45,559.3,6,0.55,150.0,28,28,28,0.0,50.0
EMP042,2026-01-29,5.67,12.45,559.3,6,0.6967,194.5,29,29,29,0.0,50.0
EMP042,2026-01-30,5.67,12.45,559.3,6,0.5575,174.0,30,30,30,0.0,50.0
EMP042,2026-01-31,5.67,12.45,559.3,6,0.5676,74.0,31,31,31,0.0,50.0
EMP042,2026-02-01,5.67,12.45,559.3,0,0.0,0.0,32,32,32,0.0,50.0
EMP042,2026-02-02,5.67,12.45,559.3,6,0.625,16.0,33,33,33,0.0,50.0
EMP042,2026-02-03,5.67,12.45,559.3,0,0.0,0.0,34,34,34,0.0,50.0
EMP042,2026-02-04,5.67,12.45,559.3,6,0.5922,141.0,35,35,35,0.0,50.0
EMP042,2026-02-05,5.67,12.45,559.3,6,0.4774,143.5,36,36,36,0.0,50.0
EMP042,2026-02-06,5.67,12.45,559.3,6,0.6776,183.0,37,37,37,0.0,50.0
EMP042,2026-02-07,5.67,12.45,559.3,6,0.6,70.0,38,38,38,0.0,50.0
EMP042,2026-02-08,5.67,12.45,559.3,0,0.0,0.0,39,39,39,0.0,50.0
EMP042,2026-02-09,5.67,12.45,559.3,6,0.5731,167.5,40,40,40,0.0,50.0
EMP042,2026-02-10,5.67,12.45,559.3,6,0.5798,188.0,41,41,41,0.0,50.0
EMP042,2026-02-11,5.67,12.45,559.3,6,0.6125,175.5,42,42,42,0.0,50.0
EMP042,2026-02-12,5.67,12.45,559.3,6,0.6107,149.0,43,43,43,0.0,50.0
EMP042,2026-02-13,5.67,12.45,559.3,6,0.6073,165.5,44,44,44,0.0,50.0
EMP042,2026-02-14,5.67,12.45,559.3,6,0.6466,66.5,45,45,45,0.0,50.0
EMP042,2026-02-15,5.67,12.45,559.3,0,0.0,0.0,46,46,46,0.0,50.0
EMP042,2026-02-16,5.67,12.45,559.3,6,0.5505,163.5,47,47,47,0.0,50.0
EMP042,2026-02-17,5.67,12.45,559.3,6,0.6575,181.0,48,48,48,0.0,50.0
EMP042,2026-02-18,5.67,12.45,559.3,6,0.6364,143.0,49,49,49,0.0,50.0
EMP042,2026-02-19,5.67,12.45,559.3,6,0.628,164.0,50,50,50,0.0,50.0
EMP042,2026-02-20,5.67,12.45,559.3,6,0.7092,168.5,51,51,51,0.0,50.0
EMP042,2026-02-21,5.67,12.45,559.3,6,0.6636,55.0,52,52,52,0.0,50.0
EMP042,2026-02-22,5.67,12.45,559.3,0,0.0,0.0,53,53,53,0.0,50.0
EMP042,2026-02-23,5.67,12.45,559.3,0,0.0,0.0,54,54,54,0.0,50.0
EMP042,2026-02-24,5.67,12.45,559.3,6,0.6556,181.5,55,55,55,0.0,50.0
EMP042,2026-02-25,5.67,12.45,559.3,6,0.5344,152.5,56,56,56,0.0,50.0
EMP042,2026-02-26,5.67,12.45,559.3,6,0.584,199.5,57,57,57,0.0,50.0
EMP042,2026-02-27,5.67,12.45,559.3,6,0.5547,201.0,58,58,58,0.0,50.0
EMP042,2026-02-28,5.67,12.45,559.3,6,0.5714,70.0,59,59,59,0.0,50.0
EMP042,2026-03-01,5.67,12.45,559.3,0,0.0,0.0,60,60,60,0.0,50.0
EMP042,2026-03-02,5.67,12.45,559.3,0,0.0,0.0,61,61,61,0.0,50.0
EMP042,2026-03-03,5.67,12.45,559.3,6,0.6263,239.5,62,62,62,0.0,50.0
EMP042,2026-03-04,5.67,12.45,559.3,6,0.6461,154.0,63,63,63,0.0,50.0
EMP042,2026-03-05,5.67,12.45,559.3,6,0.5344,160.0,64,64,64,0.0,50.0
EMP042,2026-03-06,5.67,12.45,559.3,6,0.4948,144.5,65,65,65,0.0,50.0
EMP042,2026-03-07,5.67,12.45,559.3,6,0.6357,64.5,66,66,66,0.0,50.0
EMP042,2026-03-08,5.67,12.45,559.3,0,0.0,0.0,67,67,67,0.0,50.0
EMP042,2026-03-09,5.67,12.45,559.3,6,0.508,155.5,68,68,68,0.0,50.0
EMP042,2026-03-10,5.67,12.45,559.3,6,0.5303,173.5,69,69,69,0.0,50.0
EMP042,2026-03-11,5.67,12.45,559.3,6,0.5703,128.0,70,70,70,0.0,50.0
EMP042,2026-03-12,5.67,12.45,559.3,6,0.6842,142.5,71,71,71,0.0,50.0
EMP042,2026-03-13,5.67,12.45,559.3,6,0.5612,147.0,72,72,72,0.0,50.0
EMP042,2026-03-14,5.67,12.45,559.3,6,0.5963,54.5,73,73,73,0.0,50.0
EMP042,2026-03-15,5.67,12.45,559.3,0,0.0,0.0,74,74,74,0.0,50.0
EMP042,2026-03-16,5.67,12.45,559.3,6,0.5809,173.0,75,75,75,0.0,50.0
EMP042,2026-03-17,5.67,12.45,559.3,6,0.5971,136.5,76,76,76,0.0,50.0
EMP042,2026-03-18,5.67,12.45,559.3,6,0.5177,155.5,77,77,77,0.0,50.0
EMP042,2026-03-19,5.67,12.45,559.3,6,0.65,10.0,78,78,78,0.0,50.0
EMP042,2026-03-20,5.67,12.45,559.3,6,0.5894,151.0,79,79,79,0.0,50.0
EMP042,2026-03-21,5.67,12.45,559.3,6,0.5455,60.5,80,80,80,0.0,50.0
EMP042,2026-03-22,5.67,12.45,559.3,0,0.0,0.0,81,81,81,0.0,50.0
EMP042,2026-03-23,5.67,12.45,559.3,6,0.6526,201.5,82,82,82,0.0,50.0
EMP042,2026-03-24,5.67,12.45,559.3,6,0.5698,179.0,83,83,83,0.0,50.0
EMP042,2026-03-25,5.67,12.45,559.3,6,0.5398,201.0,84,84,84,0.0,50.0
EMP042,2026-03-26,5.67,12.45,559.3,6,0.6366,216.0,85,85,85,0.0,50.0
EMP042,2026-03-27,5.67,12.45,559.3,0,0.0,0.0,86,86,86,0.0,50.0
EMP042,2026-03-28,5.67,12.45,559.3,6,0.5597,79.5,87,87,87,0.0,50.0
EMP042,2026-03-29,5.67,12.45,559.3,0,0.0,0.0,88,88,88,0.0,50.0
EMP042,2026-03-30,5.67,12.45,559.3,6,0.5726,248.0,89,89,89,0.0,50.0
EMP042,2026-03-31,5.67,12.45,559.3,6,0.6357,193.5,90,90,90,0.0,50.0
EMP043,2026-01-01,5.46,10.59,577.41,0,0.0,0.0,1,1,1,-1.272,0.0
EMP043,2026-01-02,5.46,10.59,577.41,4,0.8475,147.5,2,2,2,1.299,100.0
EMP043,2026-01-03,5.46,10.59,577.41,4,0.7174,46.0,1,3,3,-0.692,0.0
EMP043,2026-01-04,5.46,10.59,577.41,0,0.0,0.0,1,4,4,-1.272,0.0
EMP043,2026-01-05,5.46,10.59,577.41,4,0.75,106.0,2,5,5,1.216,100.0
EMP043,2026-01-06,5.46,10.59,577.41,4,0.8077,143.0,1,6,6,1.547,100.0
EMP043,2026-01-07,5.46,10.59,577.41,4,0.8421,85.5,1,7,7,0.967,100.0
EMP043,2026-01-08,5.46,10.59,577.41,4,0.8843,134.0,1,8,8,0.469,100.0
EMP043,2026-01-09,5.46,10.59,577.41,4,0.7924,118.0,1,9,9,1.133,100.0
EMP043,2026-01-10,5.46,10.59,577.41,4,0.8876,44.5,1,10,10,-0.443,0.0
EMP043,2026-01-11,5.46,10.59,577.41,0,0.0,0.0,1,11,11,-1.272,0.0
EMP043,2026-01-12,5.46,10.59,577.41,4,0.7885,78.0,2,12,12,-0.194,100.0
EMP043,2026-01-13,5.46,10.59,577.41,4,0.8519,94.5,1,13,13,-0.028,100.0
EMP043,2026-01-14,5.46,10.59,577.41,4,0.8079,88.5,1,14,14,0.718,100.0
EMP043,2026-01-15,5.46,10.59,577.41,4,0.75,98.0,1,15,15,0.138,100.0
EMP043,2026-01-16,5.46,10.59,577.41,4,0.7639,108.0,1,16,16,0.055,100.0
EMP043,2026-01-17,5.46,10.59,577.41,4,0.75,38.0,1,17,17,-0.692,0.0
EMP043,2026-01-18,5.46,10.59,577.41,0,0.0,0.0,1,18,18,-1.272,0.0
EMP043,2026-01-19,5.46,10.59,577.41,4,0.8913,115.0,2,19,19,-0.194,100.0
EMP043,2026-01-20,5.46,10.59,577.41,4,0.7811,116.5,1,20,20,0.469,100.0
EMP043,2026-01-21,5.46,10.59,577.41,4,0.9061,106.5,1,21,21,0.221,100.0
EMP043,2026-01-22,5.46,10.59,577.41,4,0.864,114.0,1,22,22,0.552,100.0
EMP043,2026-01-23,5.46,10.59,577.41,4,0.755,100.0,1,23,23,0.552,100.0
EMP043,2026-01-24,5.46,10.59,577.41,4,0.8387,31.0,1,24,24,-0.857,0.0
EMP043,2026-01-25,5.46,10.59,577.41,0,0.0,0.0,1,25,25,-1.272,0.0
EMP043,2026-01-26,5.46,10.59,577.41,0,0.0,0.0,2,26,26,-1.272,0.0
EMP043,2026-01-27,5.46,10.59,577.41,4,0.7456,114.0,3,27,27,0.138,100.0
EMP043,2026-01-28,5.46,10.59,577.41,4,0.8864,110.0,1,28,28,-0.111,100.0
EMP043,2026-01-29,5.46,10.59,577.41,4,0.8258,155.0,1,29,29,2.128,100.0
EMP043,2026-01-30,5.46,10.59,577.41,4,0.868,151.5,1,30,30,0.718,100.0
EMP043,2026-01-31,5.46,10.59,577.41,4,0.8444,45.0,1,31,31,-0.609,0.0
EMP043,2026-02-01,5.46,10.59,577.41,0,0.0,0.0,1,32,32,-1.272,0.0
EMP043,2026-02-02,5.46,10.59,577.41,4,0.83,173.5,2,33,33,0.801,100.0
EMP043,2026-02-03,5.46,10.59,577.41,4,0.8065,62.0,1,34,34,0.138,100.0
EMP043,2026-02-04,5.46,10.59,577.41,0,0.0,0.0,1,35,35,-1.272,0.0
EMP043,2026-02-05,5.46,10.59,577.41,4,0.8696,115.0,2,36,36,0.055,100.0
EMP043,2026-02-06,5.46,10.59,577.41,4,0.7758,111.5,1,37,37,0.967,100.0
EMP043,2026-02-07,5.46,10.59,577.41,2,0.8,2.5,1,38,38,-1.272,0.0
EMP043,2026-02-08,5.46,10.59,577.41,0,0.0,0.0,2,39,39,-1.272,0.0
EMP043,2026-02-09,5.46,10.59,577.41,4,0.8736,138.5,3,40,40,1.133,100.0
EMP043,2026-02-10,5.46,10.59,577.41,4,0.7826,115.0,1,41,41,0.552,100.0
EMP043,2026-02-11,5.46,10.59,577.41,4,0.7833,101.5,1,42,42,0.303,100.0
EMP043,2026-02-12,5.46,10.59,577.41,4,0.8204,122.5,1,43,43,0.801,100.0
EMP043,2026-02-13,5.46,10.59,577.41,4,0.8155,103.0,1,44,44,-0.277,0.0
EMP043,2026-02-14,5.46,10.59,577.41,4,0.7831,41.5,1,45,45,-0.443,0.0
EMP043,2026-02-15,5.46,10.59,577.41,0,0.0,0.0,1,46,46,-1.272,0.0
EMP043,2026-02-16,5.46,10.59,577.41,4,0.8087,115.0,2,47,47,-0.028,100.0
EMP043,2026-02-17,5.46,10.59,577.41,0,0.0,0.0,1,48,48,-1.272,0.0
EMP043,2026-02-18,5.46,10.59,577.41,4,0.8228,118.5,2,49,49,0.884,100.0
EMP043,2026-02-19,5.46,10.59,577.41,4,0.8577,137.0,1,50,50,0.967,100.0
EMP043,2026-02-20,5.46,10.59,577.41,4,0.8059,136.5,1,51,51,0.801,100.0
EMP043,2026-02-21,5.46,10.59,577.41,4,0.8556,45.0,1,52,52,-0.774,0.0
EMP043,2026-02-22,5.46,10.59,577.41,0,0.0,0.0,1,53,53,-1.272,0.0
EMP043,2026-02-23,5.46,10.59,577.41,4,0.8922,134.5,2,54,54,0.221,100.0
EMP043,2026-02-24,5.46,10.59,577.41,4,0.8067,134.5,1,55,55,0.967,100.0
EMP043,2026-02-25,5.46,10.59,577.41,4,0.7714,52.5,1,56,56,-0.111,0.0
EMP043,2026-02-26,5.46,10.59,577.41,4,0.8595,153.0,1,57,57,1.299,100.0
EMP043,2026-02-27,5.46,10.59,577.41,4,0.8562,156.5,1,58,58,0.967,100.0
EMP043,2026-02-28,5.46,10.59,577.41,4,0.8037,53.5,1,59,59,0.221,100.0
EMP043,2026-03-01,5.46,10.59,577.41,0,0.0,0.0,1,60,60,-1.272,0.0
EMP043,2026-03-02,5.46,10.59,577.41,0,0.0,0.0,2,61,61,-1.272,0.0
EMP043,2026-03-03,5.46,10.59,577.41,4,0.8761,177.5,3,62,62,0.801,100.0
EMP043,2026-03-04,5.46,10.59,577.41,4,0.8131,144.5,1,63,63,0.884,100.0
EMP043,2026-03-05,5.46,10.59,577.41,4,0.8211,123.0,1,64,64,0.221,100.0
EMP043,2026-03-06,5.46,10.59,577.41,4,0.7972,106.0,1,65,65,0.055,100.0
EMP043,2026-03-07,5.46,10.59,577.41,3,0.8571,3.5,1,66,66,-1.272,0.0
EMP043,2026-03-08,5.46,10.59,577.41,0,0.0,0.0,2,67,67,-1.272,0.0
EMP043,2026-03-09,5.46,10.59,577.41,4,0.8617,94.0,3,68,68,0.884,100.0
EMP043,2026-03-10,5.46,10.59,577.41,4,0.8431,137.0,1,69,69,-0.028,100.0
EMP043,2026-03-11,5.46,10.59,577.41,4,0.8219,109.5,1,70,70,0.884,100.0
EMP043,2026-03-12,5.46,10.59,577.41,4,0.867,94.0,1,71,71,0.221,100.0
EMP043,2026-03-13,5.46,10.59,577.41,4,0.8238,122.0,1,72,72,0.221,100.0
EMP043,2026-03-14,5.46,10.59,577.41,4,0.7941,34.0,1,73,73,-0.609,0.0
EMP043,2026-03-15,5.46,10.59,577.41,0,0.0,0.0,1,74,74,-1.272,0.0
EMP043,2026-03-16,5.46,10.59,577.41,4,0.8231,138.5,2,75,75,0.967,100.0
EMP043,2026-03-17,5.46,10.59,577.41,4,0.8243,74.0,1,76,76,-0.111,0.0
EMP043,2026-03-18,5.46,10.59,577.41,4,0.8468,111.0,1,77,77,0.303,100.0
EMP043,2026-03-19,5.46,10.59,577.41,4,0.8778,110.5,1,78,78,-0.194,0.0
EMP043,2026-03-20,5.46,10.59,577.41,4,0.7628,107.5,1,79,79,0.884,100.0
EMP043,2026-03-21,5.46,10.59,577.41,4,0.8696,46.0,1,80,80,-0.857,0.0
EMP043,2026-03-22,5.46,10.59,577.41,0,0.0,0.0,1,81,81,-1.272,0.0
EMP043,2026-03-23,5.46,10.59,577.41,0,0.0,0.0,2,82,82,-1.272,0.0
EMP043,2026-03-24,5.46,10.59,577.41,4,0.844,141.0,3,83,83,1.547,100.0
EMP043,2026-03-25,5.46,10.59,577.41,4,0.8889,4.5,1,84,84,-1.189,0.0
EMP043,2026-03-26,5.46,10.59,577.41,4,0.8069,160.5,1,85,85,2.791,100.0
EMP043,2026-03-27,5.46,10.59,577.41,4,0.8246,191.0,1,86,86,0.718,100.0
EMP043,2026-03-28,5.46,10.59,577.41,4,0.8393,56.0,1,87,87,-0.277,0.0
EMP043,2026-03-29,5.46,10.59,577.41,0,0.0,0.0,1,88,88,-1.272,0.0
EMP043,2026-03-30,5.46,10.59,577.41,4,0.9048,157.5,2,89,89,2.294,100.0
EMP043,2026-03-31,5.46,10.59,577.41,4,0.7915,177.5,1,90,90,3.454,100.0
EMP044,2026-01-01,6.9,5.84,529.75,0,0.0,0.0,1,1,1,-1.286,50.0
EMP044,2026-01-02,6.9,5.84,529.75,4,0.7993,137.0,2,2,2,1.104,50.0
EMP044,2026-01-03,6.9,5.84,529.75,4,0.7606,35.5,1,3,3,-0.734,50.0
EMP044,2026-01-04,6.9,5.84,529.75,0,0.0,0.0,1,4,4,-1.286,50.0
EMP044,2026-01-05,6.9,5.84,529.75,4,0.8309,103.5,2,5,5,1.196,50.0
EMP044,2026-01-06,6.9,5.84,529.75,4,0.8565,108.0,1,6,6,1.012,50.0
EMP044,2026-01-07,6.9,5.84,529.75,4,0.8283,49.5,1,7,7,-0.734,50.0
EMP044,2026-01-08,6.9,5.84,529.75,4,0.8832,98.5,1,8,8,0.828,50.0
EMP044,2026-01-09,6.9,5.84,529.75,4,0.8315,92.0,1,9,9,0.828,50.0
EMP044,2026-01-10,6.9,5.84,529.75,4,0.8875,40.0,1,10,10,-0.918,50.0
EMP044,2026-01-11,6.9,5.84,529.75,0,0.0,0.0,1,11,11,-1.286,50.0
EMP044,2026-01-12,6.9,5.84,529.75,4,0.8377,77.0,2,12,12,0.92,50.0
EMP044,2026-01-13,6.9,5.84,529.75,4,0.735,58.5,1,13,13,-0.642,50.0
EMP044,2026-01-14,6.9,5.84,529.75,4,0.8092,65.5,1,14,14,0.093,50.0
EMP044,2026-01-15,6.9,5.84,529.75,4,0.7771,83.0,1,15,15,0.46,50.0
EMP044,2026-01-16,6.9,5.84,529.75,4,0.8962,130.0,1,16,16,0.92,50.0
EMP044,2026-01-17,6.9,5.84,529.75,4,0.8358,33.5,1,17,17,-0.918,50.0
EMP044,2026-01-18,6.9,5.84,529.75,0,0.0,0.0,1,18,18,-1.286,50.0
EMP044,2026-01-19,6.9,5.84,529.75,4,0.7689,106.0,2,19,19,0.369,50.0
EMP044,2026-01-20,6.9,5.84,529.75,4,0.7965,113.0,1,20,20,0.369,50.0
EMP044,2026-01-21,6.9,5.84,529.75,4,0.839,133.5,1,21,21,0.736,50.0
EMP044,2026-01-22,6.9,5.84,529.75,4,0.8779,86.0,1,22,22,-0.183,50.0
EMP044,2026-01-23,6.9,5.84,529.75,4,0.8383,117.5,1,23,23,0.001,50.0
EMP044,2026-01-24,6.9,5.84,529.75,4,0.9048,42.0,1,24,24,-0.642,50.0
EMP044,2026-01-25,6.9,5.84,529.75,0,0.0,0.0,1,25,25,-1.286,50.0
EMP044,2026-01-26,6.9,5.84,529.75,0,0.0,0.0,2,26,26,-1.286,50.0
EMP044,2026-01-27,6.9,5.84,529.75,4,0.8092,86.5,3,27,27,0.552,50.0
EMP044,2026-01-28,6.9,5.84,529.75,4,0.8696,103.5,1,28,28,0.92,50.0
EMP044,2026-01-29,6.9,5.84,529.75,4,0.8458,126.5,1,29,29,2.207,50.0
EMP044,2026-01-30,6.9,5.84,529.75,4,0.8115,122.0,1,30,30,2.483,50.0
EMP044,2026-01-31,6.9,5.84,529.75,4,0.8452,42.0,1,31,31,-0.551,50.0
EMP044,2026-02-01,6.9,5.84,529.75,0,0.0,0.0,1,32,32,-1.286,50.0
EMP044,2026-02-02,6.9,5.84,529.75,4,0.8028,106.5,2,33,33,0.001,50.0
EMP044,2026-02-03,6.9,5.84,529.75,4,0.8306,124.0,1,34,34,0.552,50.0
EMP044,2026-02-04,6.9,5.84,529.75,4,0.855,100.0,1,35,35,-0.091,50.0
EMP044,2026-02-05,6.9,5.84,529.75,4,0.8333,111.0,1,36,36,0.185,50.0
EMP044,2026-02-06,6.9,5.84,529.75,4,0.8182,93.5,1,37,37,1.288,50.0
EMP044,2026-02-07,6.9,5.84,529.75,4,0.76,12.5,1,38,38,-1.01,50.0
EMP044,2026-02-08,6.9,5.84,529.75,0,0.0,0.0,1,39,39,-1.286,50.0
EMP044,2026-02-09,6.9,5.84,529.75,4,0.8466,88.0,2,40,40,0.369,50.0
EMP044,2026-02-10,6.9,5.84,529.75,4,0.8903,118.5,1,41,41,0.92,50.0
EMP044,2026-02-11,6.9,5.84,529.75,0,0.0,0.0,1,42,42,-1.286,50.0
EMP044,2026-02-12,6.9,5.84,529.75,3,0.8571,3.5,2,43,43,-1.286,50.0
EMP044,2026-02-13,6.9,5.84,529.75,4,0.8734,114.5,3,44,44,-0.459,50.0
EMP044,2026-02-14,6.9,5.84,529.75,4,0.8889,40.5,1,45,45,-0.734,50.0
EMP044,2026-02-15,6.9,5.84,529.75,0,0.0,0.0,1,46,46,-1.286,50.0
EMP044,2026-02-16,6.9,5.84,529.75,4,0.8114,87.5,2,47,47,0.001,50.0
EMP044,2026-02-17,6.9,5.84,529.75,4,0.7937,94.5,1,48,48,1.104,50.0
EMP044,2026-02-18,6.9,5.84,529.75,4,0.8826,115.0,1,49,49,0.92,50.0
EMP044,2026-02-19,6.9,5.84,529.75,4,0.8086,104.5,1,50,50,0.92,50.0
EMP044,2026-02-20,6.9,5.84,529.75,4,0.8008,130.5,1,51,51,-0.275,50.0
EMP044,2026-02-21,6.9,5.84,529.75,4,0.8228,39.5,1,52,52,-0.918,50.0
EMP044,2026-02-22,6.9,5.84,529.75,0,0.0,0.0,1,53,53,-1.286,50.0
EMP044,2026-02-23,6.9,5.84,529.75,4,0.7884,120.5,2,54,54,-0.275,50.0
EMP044,2026-02-24,6.9,5.84,529.75,4,0.8112,124.5,1,55,55,0.92,50.0
EMP044,2026-02-25,6.9,5.84,529.75,4,0.8012,80.5,1,56,56,0.277,50.0
EMP044,2026-02-26,6.9,5.84,529.75,4,0.8309,139.0,1,57,57,1.012,50.0
EMP044,2026-02-27,6.9,5.84,529.75,4,0.7488,105.5,1,58,58,0.185,50.0
EMP044,2026-02-28,6.9,5.84,529.75,4,0.8526,47.5,1,59,59,0.093,50.0
EMP044,2026-03-01,6.9,5.84,529.75,0,0.0,0.0,1,60,60,-1.286,50.0
EMP044,2026-03-02,6.9,5.84,529.75,0,0.0,0.0,2,61,61,-1.286,50.0
EMP044,2026-03-03,6.9,5.84,529.75,4,0.7967,91.0,3,62,62,0.093,50.0
EMP044,2026-03-04,6.9,5.84,529.75,4,0.8063,111.0,1,63,63,0.185,50.0
EMP044,2026-03-05,6.9,5.84,529.75,4,0.7892,111.5,1,64,64,-0.183,50.0
EMP044,2026-03-06,6.9,5.84,529.75,4,0.8256,86.0,1,65,65,-0.091,50.0
EMP044,2026-03-07,6.9,5.84,529.75,4,0.8689,30.5,1,66,66,-1.102,50.0
EMP044,2026-03-08,6.9,5.84,529.75,0,0.0,0.0,1,67,67,-1.286,50.0
EMP044,2026-03-09,6.9,5.84,529.75,4,0.8458,113.5,2,68,68,-0.091,50.0
EMP044,2026-03-10,6.9,5.84,529.75,4,0.8302,106.0,1,69,69,0.277,50.0
EMP044,2026-03-11,6.9,5.84,529.75,4,0.803,66.0,1,70,70,-0.183,50.0
EMP044,2026-03-12,6.9,5.84,529.75,4,0.8834,81.5,1,71,71,-0.367,50.0
EMP044,2026-03-13,6.9,5.84,529.75,4,0.8122,106.5,1,72,72,0.185,50.0
EMP044,2026-03-14,6.9,5.84,529.75,4,0.8721,43.0,1,73,73,-0.826,50.0
EMP044,2026-03-15,6.9,5.84,529.75,0,0.0,0.0,1,74,74,-1.286,50.0
EMP044,2026-03-16,6.9,5.84,529.75,4,0.8121,82.5,2,75,75,0.277,50.0
EMP044,2026-03-17,6.9,5.84,529.75,4,0.8048,125.5,1,76,76,0.46,50.0
EMP044,2026-03-18,6.9,5.84,529.75,4,0.8284,84.5,1,77,77,0.644,50.0
EMP044,2026-03-19,6.9,5.84,529.75,4,0.8793,87.0,1,78,78,0.093,50.0
EMP044,2026-03-20,6.9,5.84,529.75,4,0.8409,110.0,1,79,79,0.736,50.0
EMP044,2026-03-21,6.9,5.84,529.75,4,0.8636,22.0,1,80,80,-1.102,50.0
EMP044,2026-03-22,6.9,5.84,529.75,0,0.0,0.0,1,81,81,-1.286,50.0
EMP044,2026-03-23,6.9,5.84,529.75,4,0.9009,116.0,2,82,82,0.093,50.0
EMP044,2026-03-24,6.9,5.84,529.75,4,0.804,99.5,1,83,83,0.46,50.0
EMP044,2026-03-25,6.9,5.84,529.75,4,0.872,82.0,1,84,84,1.196,50.0
EMP044,2026-03-26,6.9,5.84,529.75,4,0.8507,134.0,1,85,85,1.472,50.0
EMP044,2026-03-27,6.9,5.84,529.75,4,0.9022,158.5,1,86,86,3.034,50.0
EMP044,2026-03-28,6.9,5.84,529.75,4,0.828,46.5,1,87,87,-0.275,50.0
EMP044,2026-03-29,6.9,5.84,529.75,0,0.0,0.0,1,88,88,-1.286,50.0
EMP044,2026-03-30,6.9,5.84,529.75,4,0.8638,106.5,2,89,89,2.666,50.0
EMP044,2026-03-31,6.9,5.84,529.75,4,0.8188,143.5,1,90,90,0.828,50.0
EMP045,2026-01-01,4.35,12.06,557.63,0,0.0,0.0,1,1,1,-1.272,0.0
EMP045,2026-01-02,4.35,12.06,557.63,4,0.82,125.0,2,2,2,0.552,100.0
EMP045,2026-01-03,4.35,12.06,557.63,4,0.8824,51.0,1,3,3,-0.194,0.0
EMP045,2026-01-04,4.35,12.06,557.63,0,0.0,0.0,1,4,4,-1.272,0.0
EMP045,2026-01-05,4.35,12.06,557.63,4,0.8725,102.0,2,5,5,0.718,100.0
EMP045,2026-01-06,4.35,12.06,557.63,4,0.7633,122.5,1,6,6,0.303,100.0
EMP045,2026-01-07,4.35,12.06,557.63,4,0.8596,114.0,1,7,7,0.635,100.0
EMP045,2026-01-08,4.35,12.06,557.63,0,0.0,0.0,1,8,8,-1.272,0.0
EMP045,2026-01-09,4.35,12.06,557.63,4,0.82,150.0,2,9,9,1.133,100.0
EMP045,2026-01-10,4.35,12.06,557.63,4,0.8316,47.5,1,10,10,-0.857,0.0
EMP045,2026-01-11,4.35,12.06,557.63,0,0.0,0.0,1,11,11,-1.272,0.0
EMP045,2026-01-12,4.35,12.06,557.63,4,0.8937,127.0,2,12,12,-0.111,0.0
EMP045,2026-01-13,4.35,12.06,557.63,4,0.7873,134.0,1,13,13,0.801,100.0
EMP045,2026-01-14,4.35,12.06,557.63,4,0.8667,120.0,1,14,14,0.386,100.0
EMP045,2026-01-15,4.35,12.06,557.63,4,0.8012,80.5,1,15,15,-0.277,0.0
EMP045,2026-01-16,4.35,12.06,557.63,4,0.859,117.0,1,16,16,-0.111,0.0
EMP045,2026-01-17,4.35,12.06,557.63,4,0.8977,44.0,1,17,17,-0.857,0.0
EMP045,2026-01-18,4.35,12.06,557.63,0,0.0,0.0,1,18,18,-1.272,0.0
EMP045,2026-01-19,4.35,12.06,557.63,4,0.865,100.0,2,19,19,0.967,100.0
EMP045,2026-01-20,4.35,12.06,557.63,4,0.8369,70.5,1,20,20,-0.692,0.0
EMP045,2026-01-21,4.35,12.06,557.63,4,0.8186,102.0,1,21,21,-0.194,0.0
EMP045,2026-01-22,4.35,12.06,557.63,4,0.829,96.5,1,22,22,-0.111,0.0
EMP045,2026-01-23,4.35,12.06,557.63,4,0.8523,118.5,1,23,23,0.138,100.0
EMP045,2026-01-24,4.35,12.06,557.63,4,0.8254,31.5,1,24,24,-0.526,0.0
EMP045,2026-01-25,4.35,12.06,557.63,0,0.0,0.0,1,25,25,-1.272,0.0
EMP045,2026-01-26,4.35,12.06,557.63,0,0.0,0.0,2,26,26,-1.272,0.0
EMP045,2026-01-27,4.35,12.06,557.63,4,0.7794,136.0,3,27,27,0.884,100.0
EMP045,2026-01-28,4.35,12.06,557.63,4,0.8,7.5,1,28,28,-1.189,0.0
EMP045,2026-01-29,4.35,12.06,557.63,4,0.8507,134.0,1,29,29,0.552,100.0
EMP045,2026-01-30,4.35,12.06,557.63,4,0.8704,150.5,1,30,30,1.05,100.0
EMP045,2026-01-31,4.35,12.06,557.63,4,0.7766,47.0,1,31,31,-0.857,0.0
EMP045,2026-02-01,4.35,12.06,557.63,0,0.0,0.0,1,32,32,-1.272,0.0
EMP045,2026-02-02,4.35,12.06,557.63,4,0.8278,165.5,2,33,33,1.216,100.0
EMP045,2026-02-03,4.35,12.06,557.63,4,0.8039,181.0,1,34,34,0.386,100.0
EMP045,2026-02-04,4.35,12.06,557.63,4,0.8069,101.0,1,35,35,0.303,100.0
EMP045,2026-02-05,4.35,12.06,557.63,4,0.7857,70.0,1,36,36,0.138,100.0
EMP045,2026-02-06,4.35,12.06,557.63,4,0.8683,140.5,1,37,37,1.381,100.0
EMP045,2026-02-07,4.35,12.06,557.63,4,0.7982,54.5,1,38,38,-0.857,0.0
EMP045,2026-02-08,4.35,12.06,557.63,0,0.0,0.0,1,39,39,-1.272,0.0
EMP045,2026-02-09,4.35,12.06,557.63,4,0.8612,122.5,2,40,40,0.221,100.0
EMP045,2026-02-10,4.35,12.06,557.63,4,0.8398,115.5,1,41,41,0.221,100.0
EMP045,2026-02-11,4.35,12.06,557.63,4,0.8379,126.5,1,42,42,0.221,100.0
EMP045,2026-02-12,4.35,12.06,557.63,4,0.7623,61.0,1,43,43,-0.277,0.0
EMP045,2026-02-13,4.35,12.06,557.63,0,0.0,0.0,1,44,44,-1.272,0.0
EMP045,2026-02-14,4.35,12.06,557.63,4,0.8144,48.5,2,45,45,-0.94,0.0
EMP045,2026-02-15,4.35,12.06,557.63,0,0.0,0.0,1,46,46,-1.272,0.0
EMP045,2026-02-16,4.35,12.06,557.63,4,0.771,107.0,2,47,47,0.055,100.0
EMP045,2026-02-17,4.35,12.06,557.63,4,0.8688,110.5,1,48,48,1.133,100.0
EMP045,2026-02-18,4.35,12.06,557.63,4,0.8889,4.5,1,49,49,-1.189,0.0
EMP045,2026-02-19,4.35,12.06,557.63,4,0.8507,100.5,1,50,50,1.464,100.0
EMP045,2026-02-20,4.35,12.06,557.63,4,0.8271,147.5,1,51,51,0.718,100.0
EMP045,2026-02-21,4.35,12.06,557.63,4,0.8529,34.0,1,52,52,-0.36,0.0
EMP045,2026-02-22,4.35,12.06,557.63,0,0.0,0.0,1,53,53,-1.272,0.0
EMP045,2026-02-23,4.35,12.06,557.63,4,0.8345,145.0,2,54,54,0.718,100.0
EMP045,2026-02-24,4.35,12.06,557.63,4,0.7748,111.0,1,55,55,0.635,100.0
EMP045,2026-02-25,4.35,12.06,557.63,4,0.8187,91.0,1,56,56,0.303,100.0
EMP045,2026-02-26,4.35,12.06,557.63,4,0.8155,116.5,1,57,57,0.303,100.0
EMP045,2026-02-27,4.35,12.06,557.63,0,0.0,0.0,1,58,58,-1.272,0.0
EMP045,2026-02-28,4.35,12.06,557.63,4,0.8353,42.5,2,59,59,-0.526,0.0
EMP045,2026-03-01,4.35,12.06,557.63,0,0.0,0.0,1,60,60,-1.272,0.0
EMP045,2026-03-02,4.35,12.06,557.63,0,0.0,0.0,2,61,61,-1.272,0.0
EMP045,2026-03-03,4.35,12.06,557.63,4,0.8233,133.0,3,62,62,0.303,100.0
EMP045,2026-03-04,4.35,12.06,557.63,4,0.7882,101.5,1,63,63,-0.111,0.0
EMP045,2026-03-05,4.35,12.06,557.63,4,0.8679,106.0,1,64,64,0.718,100.0
EMP045,2026-03-06,4.35,12.06,557.63,4,0.8147,156.5,1,65,65,0.138,100.0
EMP045,2026-03-07,4.35,12.06,557.63,4,0.7901,40.5,1,66,66,-0.774,0.0
EMP045,2026-03-08,4.35,12.06,557.63,0,0.0,0.0,1,67,67,-1.272,0.0
EMP045,2026-03-09,4.35,12.06,557.63,4,0.7312,93.0,2,68,68,-0.277,0.0
EMP045,2026-03-10,4.35,12.06,557.63,4,0.7839,118.0,1,69,69,0.801,100.0
EMP045,2026-03-11,4.35,12.06,557.63,4,0.8776,118.5,1,70,70,0.386,100.0
EMP045,2026-03-12,4.35,12.06,557.63,4,0.8506,130.5,1,71,71,1.05,100.0
EMP045,2026-03-13,4.35,12.06,557.63,4,0.8486,109.0,1,72,72,1.216,100.0
EMP045,2026-03-14,4.35,12.06,557.63,4,0.8116,34.5,1,73,73,-0.857,0.0
EMP045,2026-03-15,4.35,12.06,557.63,0,0.0,0.0,1,74,74,-1.272,0.0
EMP045,2026-03-16,4.35,12.06,557.63,4,0.8756,108.5,2,75,75,0.221,100.0
EMP045,2026-03-17,4.35,12.06,557.63,4,0.7621,124.0,1,76,76,1.216,100.0
EMP045,2026-03-18,4.35,12.06,557.63,4,0.8701,127.0,1,77,77,-0.194,0.0
EMP045,2026-03-19,4.35,12.06,557.63,4,0.7897,126.0,1,78,78,-0.277,0.0
EMP045,2026-03-20,4.35,12.06,557.63,4,0.8224,129.5,1,79,79,0.138,100.0
EMP045,2026-03-21,4.35,12.06,557.63,4,0.8657,33.5,1,80,80,-0.857,0.0
EMP045,2026-03-22,4.35,12.06,557.63,0,0.0,0.0,1,81,81,-1.272,0.0
EMP045,2026-03-23,4.35,12.06,557.63,4,0.8819,135.5,2,82,82,1.216,100.0
EMP045,2026-03-24,4.35,12.06,557.63,4,0.8631,168.0,1,83,83,1.216,100.0
EMP045,2026-03-25,4.35,12.06,557.63,4,0.9032,62.0,1,84,84,-0.194,0.0
EMP045,2026-03-26,4.35,12.06,557.63,4,0.7844,134.5,1,85,85,2.376,100.0
EMP045,2026-03-27,4.35,12.06,557.63,4,0.8241,153.5,1,86,86,1.133,100.0
EMP045,2026-03-28,4.35,12.06,557.63,4,0.7692,45.5,1,87,87,-0.609,0.0
EMP045,2026-03-29,4.35,12.06,557.63,0,0.0,0.0,1,88,88,-1.272,0.0
EMP045,2026-03-30,4.35,12.06,557.63,4,0.888,129.5,2,89,89,0.469,100.0
EMP045,2026-03-31,4.35,12.06,557.63,4,0.9118,153.0,1,90,90,3.206,100.0
EMP046,2026-01-01,6.75,8.25,512.14,0,0.0,0.0,1,1,1,-1.263,50.0
EMP046,2026-01-02,6.75,8.25,512.14,4,0.7757,131.5,2,2,2,0.123,50.0
EMP046,2026-01-03,6.75,8.25,512.14,4,0.8788,49.5,1,3,3,-0.247,50.0
EMP046,2026-01-04,6.75,8.25,512.14,0,0.0,0.0,1,4,4,-1.263,50.0
EMP046,2026-01-05,6.75,8.25,512.14,4,0.8552,72.5,2,5,5,-0.432,50.0
EMP046,2026-01-06,6.75,8.25,512.14,4,0.8406,125.5,1,6,6,-0.062,50.0
EMP046,2026-01-07,6.75,8.25,512.14,4,0.884,90.5,1,7,7,0.585,50.0
EMP046,2026-01-08,6.75,8.25,512.14,4,0.7231,32.5,1,8,8,-0.616,50.0
EMP046,2026-01-09,6.75,8.25,512.14,4,0.8297,91.0,1,9,9,1.232,50.0
EMP046,2026-01-10,6.75,8.25,512.14,4,0.7237,38.0,1,10,10,-0.894,50.0
EMP046,2026-01-11,6.75,8.25,512.14,0,0.0,0.0,1,11,11,-1.263,50.0
EMP046,2026-01-12,6.75,8.25,512.14,4,0.8707,116.0,2,12,12,0.955,50.0
EMP046,2026-01-13,6.75,8.25,512.14,4,0.7705,91.5,1,13,13,0.03,50.0
EMP046,2026-01-14,6.75,8.25,512.14,4,0.859,78.0,1,14,14,0.493,50.0
EMP046,2026-01-15,6.75,8.25,512.14,4,0.8643,70.0,1,15,15,-0.339,50.0
EMP046,2026-01-16,6.75,8.25,512.14,4,0.8571,105.0,1,16,16,0.77,50.0
EMP046,2026-01-17,6.75,8.25,512.14,4,0.8361,30.5,1,17,17,-0.432,50.0
EMP046,2026-01-18,6.75,8.25,512.14,0,0.0,0.0,1,18,18,-1.263,50.0
EMP046,2026-01-19,6.75,8.25,512.14,4,0.7931,87.0,2,19,19,0.585,50.0
EMP046,2026-01-20,6.75,8.25,512.14,4,0.7968,125.5,1,20,20,0.493,50.0
EMP046,2026-01-21,6.75,8.25,512.14,4,0.8494,83.0,1,21,21,-0.154,50.0
EMP046,2026-01-22,6.75,8.25,512.14,4,0.8556,93.5,1,22,22,-0.062,50.0
EMP046,2026-01-23,6.75,8.25,512.14,4,0.8282,113.5,1,23,23,0.493,50.0
EMP046,2026-01-24,6.75,8.25,512.14,4,0.7949,39.0,1,24,24,-0.616,50.0
EMP046,2026-01-25,6.75,8.25,512.14,0,0.0,0.0,1,25,25,-1.263,50.0
EMP046,2026-01-26,6.75,8.25,512.14,0,0.0,0.0,2,26,26,-1.263,50.0
EMP046,2026-01-27,6.75,8.25,512.14,4,0.8913,115.0,3,27,27,1.14,50.0
EMP046,2026-01-28,6.75,8.25,512.14,4,0.8348,115.0,1,28,28,0.308,50.0
EMP046,2026-01-29,6.75,8.25,512.14,4,0.9104,139.5,1,29,29,2.711,50.0
EMP046,2026-01-30,6.75,8.25,512.14,4,0.8667,7.5,1,30,30,-1.079,50.0
EMP046,2026-01-31,6.75,8.25,512.14,4,0.9032,46.5,1,31,31,-0.432,50.0
EMP046,2026-02-01,6.75,8.25,512.14,0,0.0,0.0,1,32,32,-1.263,50.0
EMP046,2026-02-02,6.75,8.25,512.14,4,0.8116,146.0,2,33,33,1.971,50.0
EMP046,2026-02-03,6.75,8.25,512.14,4,0.7414,116.0,1,34,34,1.324,50.0
EMP046,2026-02-04,6.75,8.25,512.14,4,0.8202,114.0,1,35,35,0.677,50.0
EMP046,2026-02-05,6.75,8.25,512.14,4,0.8489,69.5,1,36,36,-0.339,50.0
EMP046,2026-02-06,6.75,8.25,512.14,4,0.8421,9.5,1,37,37,-1.171,50.0
EMP046,2026-02-07,6.75,8.25,512.14,4,0.8242,45.5,1,38,38,-0.524,50.0
EMP046,2026-02-08,6.75,8.25,512.14,0,0.0,0.0,1,39,39,-1.263,50.0
EMP046,2026-02-09,6.75,8.25,512.14,4,0.869,114.5,2,40,40,0.862,50.0
EMP046,2026-02-10,6.75,8.25,512.14,4,0.8546,113.5,1,41,41,0.862,50.0
EMP046,2026-02-11,6.75,8.25,512.14,4,0.8849,69.5,1,42,42,-0.432,50.0
EMP046,2026-02-12,6.75,8.25,512.14,4,0.8467,75.0,1,43,43,-0.154,50.0
EMP046,2026-02-13,6.75,8.25,512.14,4,0.8306,91.5,1,44,44,0.4,50.0
EMP046,2026-02-14,6.75,8.25,512.14,4,0.8358,33.5,1,45,45,-0.524,50.0
EMP046,2026-02-15,6.75,8.25,512.14,0,0.0,0.0,1,46,46,-1.263,50.0
EMP046,2026-02-16,6.75,8.25,512.14,4,0.8282,131.0,2,47,47,0.493,50.0
EMP046,2026-02-17,6.75,8.25,512.14,4,0.8792,103.5,1,48,48,0.03,50.0
EMP046,2026-02-18,6.75,8.25,512.14,4,0.7988,84.5,1,49,49,-0.062,50.0
EMP046,2026-02-19,6.75,8.25,512.14,4,0.878,61.5,1,50,50,0.03,50.0
EMP046,2026-02-20,6.75,8.25,512.14,4,0.885,113.0,1,51,51,-0.062,50.0
EMP046,2026-02-21,6.75,8.25,512.14,1,1.0,2.5,1,52,52,-1.263,50.0
EMP046,2026-02-22,6.75,8.25,512.14,0,0.0,0.0,2,53,53,-1.263,50.0
EMP046,2026-02-23,6.75,8.25,512.14,4,0.8349,109.0,3,54,54,1.232,50.0
EMP046,2026-02-24,6.75,8.25,512.14,4,0.7885,104.0,1,55,55,0.585,50.0
EMP046,2026-02-25,6.75,8.25,512.14,4,0.7719,85.5,1,56,56,0.03,50.0
EMP046,2026-02-26,6.75,8.25,512.14,4,0.8235,93.5,1,57,57,0.585,50.0
EMP046,2026-02-27,6.75,8.25,512.14,4,0.7449,49.0,1,58,58,-0.616,50.0
EMP046,2026-02-28,6.75,8.25,512.14,4,0.8831,38.5,1,59,59,0.123,50.0
EMP046,2026-03-01,6.75,8.25,512.14,0,0.0,0.0,1,60,60,-1.263,50.0
EMP046,2026-03-02,6.75,8.25,512.14,0,0.0,0.0,2,61,61,-1.263,50.0
EMP046,2026-03-03,6.75,8.25,512.14,4,0.8415,132.5,3,62,62,1.879,50.0
EMP046,2026-03-04,6.75,8.25,512.14,4,0.8586,99.0,1,63,63,0.493,50.0
EMP046,2026-03-05,6.75,8.25,512.14,4,0.817,117.5,1,64,64,0.123,50.0
EMP046,2026-03-06,6.75,8.25,512.14,4,0.9048,115.5,1,65,65,0.862,50.0
EMP046,2026-03-07,6.75,8.25,512.14,4,0.8276,29.0,1,66,66,-0.801,50.0
EMP046,2026-03-08,6.75,8.25,512.14,0,0.0,0.0,1,67,67,-1.263,50.0
EMP046,2026-03-09,6.75,8.25,512.14,4,0.8785,107.0,2,68,68,1.417,50.0
EMP046,2026-03-10,6.75,8.25,512.14,4,0.8347,121.0,1,69,69,-0.062,50.0
EMP046,2026-03-11,6.75,8.25,512.14,4,0.8531,122.5,1,70,70,0.77,50.0
EMP046,2026-03-12,6.75,8.25,512.14,4,0.8025,78.5,1,71,71,0.493,50.0
EMP046,2026-03-13,6.75,8.25,512.14,4,0.8415,91.5,1,72,72,-0.339,50.0
EMP046,2026-03-14,6.75,8.25,512.14,4,0.8243,37.0,1,73,73,-0.709,50.0
EMP046,2026-03-15,6.75,8.25,512.14,0,0.0,0.0,1,74,74,-1.263,50.0
EMP046,2026-03-16,6.75,8.25,512.14,4,0.828,78.5,2,75,75,-0.062,50.0
EMP046,2026-03-17,6.75,8.25,512.14,4,0.8829,102.5,1,76,76,-0.062,50.0
EMP046,2026-03-18,6.75,8.25,512.14,4,0.7988,82.0,1,77,77,0.4,50.0
EMP046,2026-03-19,6.75,8.25,512.14,4,0.7727,88.0,1,78,78,0.77,50.0
EMP046,2026-03-20,6.75,8.25,512.14,0,0.0,0.0,1,79,79,-1.263,50.0
EMP046,2026-03-21,6.75,8.25,512.14,4,0.8462,26.0,2,80,80,-0.894,50.0
EMP046,2026-03-22,6.75,8.25,512.14,0,0.0,0.0,1,81,81,-1.263,50.0
EMP046,2026-03-23,6.75,8.25,512.14,4,0.8133,120.5,2,82,82,-0.154,50.0
EMP046,2026-03-24,6.75,8.25,512.14,4,0.8177,96.0,1,83,83,0.308,50.0
EMP046,2026-03-25,6.75,8.25,512.14,4,0.8478,115.0,1,84,84,1.602,50.0
EMP046,2026-03-26,6.75,8.25,512.14,4,0.8328,149.5,1,85,85,2.618,50.0
EMP046,2026-03-27,6.75,8.25,512.14,4,0.871,124.0,1,86,86,0.677,50.0
EMP046,2026-03-28,6.75,8.25,512.14,4,0.859,39.0,1,87,87,-0.524,50.0
EMP046,2026-03-29,6.75,8.25,512.14,0,0.0,0.0,1,88,88,-1.263,50.0
EMP046,2026-03-30,6.75,8.25,512.14,4,0.8315,133.5,2,89,89,3.265,50.0
EMP046,2026-03-31,6.75,8.25,512.14,4,0.876,64.5,1,90,90,0.77,50.0
EMP047,2026-01-01,5.98,9.99,565.67,0,0.0,0.0,1,1,1,-1.264,50.0
EMP047,2026-01-02,5.98,9.99,565.67,5,0.7441,170.0,2,2,2,0.303,50.0
EMP047,2026-01-03,5.98,9.99,565.67,5,0.6567,67.0,1,1,3,-0.546,50.0
EMP047,2026-01-04,5.98,9.99,565.67,0,0.0,0.0,1,1,4,-1.264,50.0
EMP047,2026-01-05,5.98,9.99,565.67,5,0.7313,147.0,2,2,5,0.139,50.0
EMP047,2026-01-06,5.98,9.99,565.67,5,0.7348,164.0,1,1,6,0.107,50.0
EMP047,2026-01-07,5.98,9.99,565.67,5,0.6962,130.0,1,1,7,0.596,50.0
EMP047,2026-01-08,5.98,9.99,565.67,5,0.732,145.5,1,1,8,0.857,50.0
EMP047,2026-01-09,5.98,9.99,565.67,5,0.7839,136.5,1,1,9,0.629,50.0
EMP047,2026-01-10,5.98,9.99,565.67,5,0.7333,22.5,1,1,10,-1.003,50.0
EMP047,2026-01-11,5.98,9.99,565.67,0,0.0,0.0,1,1,11,-1.264,50.0
EMP047,2026-01-12,5.98,9.99,565.67,5,0.6805,120.5,2,2,12,0.596,50.0
EMP047,2026-01-13,5.98,9.99,565.67,5,0.7607,140.0,1,1,13,0.041,50.0
EMP047,2026-01-14,5.98,9.99,565.67,5,0.7285,110.5,1,1,14,0.205,50.0
EMP047,2026-01-15,5.98,9.99,565.67,0,0.0,0.0,1,1,15,-1.264,50.0
EMP047,2026-01-16,5.98,9.99,565.67,5,0.748,125.0,2,2,16,0.009,50.0
EMP047,2026-01-17,5.98,9.99,565.67,5,0.6588,42.5,1,1,17,-0.872,50.0
EMP047,2026-01-18,5.98,9.99,565.67,0,0.0,0.0,1,1,18,-1.264,50.0
EMP047,2026-01-19,5.98,9.99,565.67,5,0.7187,163.5,2,2,19,0.629,50.0
EMP047,2026-01-20,5.98,9.99,565.67,5,0.6982,142.5,1,1,20,1.086,50.0
EMP047,2026-01-21,5.98,9.99,565.67,5,0.7113,145.5,1,1,21,0.041,50.0
EMP047,2026-01-22,5.98,9.99,565.67,5,0.7774,137.0,1,1,22,0.727,50.0
EMP047,2026-01-23,5.98,9.99,565.67,5,0.7376,70.5,1,1,23,-0.285,50.0
EMP047,2026-01-24,5.98,9.99,565.67,5,0.75,32.0,1,1,24,-0.807,50.0
EMP047,2026-01-25,5.98,9.99,565.67,0,0.0,0.0,1,1,25,-1.264,50.0
EMP047,2026-01-26,5.98,9.99,565.67,0,0.0,0.0,2,2,26,-1.264,50.0
EMP047,2026-01-27,5.98,9.99,565.67,5,0.7556,155.5,3,3,27,0.107,50.0
EMP047,2026-01-28,5.98,9.99,565.67,5,0.7639,152.5,1,1,28,1.053,50.0
EMP047,2026-01-29,5.98,9.99,565.67,5,0.7398,196.0,1,1,29,0.759,50.0
EMP047,2026-01-30,5.98,9.99,565.67,5,0.7559,190.5,1,1,30,1.216,50.0
EMP047,2026-01-31,5.98,9.99,565.67,5,0.812,58.5,1,1,31,-0.644,50.0
EMP047,2026-02-01,5.98,9.99,565.67,0,0.0,0.0,1,1,32,-1.264,50.0
EMP047,2026-02-02,5.98,9.99,565.67,5,0.7117,196.0,2,2,33,1.445,50.0
EMP047,2026-02-03,5.98,9.99,565.67,0,0.0,0.0,1,1,34,-1.264,50.0
EMP047,2026-02-04,5.98,9.99,565.67,5,0.7473,136.5,2,2,35,0.825,50.0
EMP047,2026-02-05,5.98,9.99,565.67,5,0.7069,87.0,1,1,36,0.041,50.0
EMP047,2026-02-06,5.98,9.99,565.67,5,0.681,163.0,1,1,37,0.988,50.0
EMP047,2026-02-07,5.98,9.99,565.67,5,0.7304,57.5,1,1,38,-0.709,50.0
EMP047,2026-02-08,5.98,9.99,565.67,0,0.0,0.0,1,1,39,-1.264,50.0
EMP047,2026-02-09,5.98,9.99,565.67,5,0.6941,85.0,2,2,40,-0.644,50.0
EMP047,2026-02-10,5.98,9.99,565.67,5,0.7752,149.0,1,1,41,0.629,50.0
EMP047,2026-02-11,5.98,9.99,565.67,5,0.7201,159.0,1,1,42,1.086,50.0
EMP047,2026-02-12,5.98,9.99,565.67,5,0.7744,133.0,1,1,43,0.923,50.0
EMP047,2026-02-13,5.98,9.99,565.67,5,0.7233,150.0,1,1,44,-0.187,50.0
EMP047,2026-02-14,5.98,9.99,565.67,3,0.75,2.0,1,1,45,-1.231,50.0
EMP047,2026-02-15,5.98,9.99,565.67,0,0.0,0.0,1,2,46,-1.264,50.0
EMP047,2026-02-16,5.98,9.99,565.67,5,0.7025,158.0,2,3,47,0.433,50.0
EMP047,2026-02-17,5.98,9.99,565.67,5,0.6721,61.0,1,1,48,-0.611,50.0
EMP047,2026-02-18,5.98,9.99,565.67,5,0.709,122.0,1,1,49,-0.122,50.0
EMP047,2026-02-19,5.98,9.99,565.67,5,0.6678,146.0,1,1,50,0.498,50.0
EMP047,2026-02-20,5.98,9.99,565.67,5,0.704,62.5,1,1,51,-0.644,50.0
EMP047,2026-02-21,5.98,9.99,565.67,5,0.6887,53.0,1,1,52,-0.807,50.0
EMP047,2026-02-22,5.98,9.99,565.67,0,0.0,0.0,1,1,53,-1.264,50.0
EMP047,2026-02-23,5.98,9.99,565.67,5,0.735,141.5,2,2,54,0.694,50.0
EMP047,2026-02-24,5.98,9.99,565.67,5,0.6746,167.5,1,1,55,0.825,50.0
EMP047,2026-02-25,5.98,9.99,565.67,5,0.7288,153.0,1,1,56,0.759,50.0
EMP047,2026-02-26,5.98,9.99,565.67,5,0.6699,153.0,1,1,57,-0.024,50.0
EMP047,2026-02-27,5.98,9.99,565.67,5,0.6825,157.5,1,1,58,0.335,50.0
EMP047,2026-02-28,5.98,9.99,565.67,5,0.7241,29.0,1,1,59,-0.807,50.0
EMP047,2026-03-01,5.98,9.99,565.67,0,0.0,0.0,1,1,60,-1.264,50.0
EMP047,2026-03-02,5.98,9.99,565.67,0,0.0,0.0,2,2,61,-1.264,50.0
EMP047,2026-03-03,5.98,9.99,565.67,5,0.7738,194.5,3,3,62,0.727,50.0
EMP047,2026-03-04,5.98,9.99,565.67,5,0.6833,150.0,1,1,63,0.041,50.0
EMP047,2026-03-05,5.98,9.99,565.67,5,0.7222,9.0,1,1,64,-1.199,50.0
EMP047,2026-03-06,5.98,9.99,565.67,5,0.7201,146.5,1,1,65,0.727,50.0
EMP047,2026-03-07,5.98,9.99,565.67,5,0.6882,46.5,1,1,66,-0.611,50.0
EMP047,2026-03-08,5.98,9.99,565.67,0,0.0,0.0,1,1,67,-1.264,50.0
EMP047,2026-03-09,5.98,9.99,565.67,5,0.7613,77.5,2,2,68,-0.383,50.0
EMP047,2026-03-10,5.98,9.99,565.67,5,0.7449,98.0,1,1,69,0.237,50.0
EMP047,2026-03-11,5.98,9.99,565.67,5,0.6434,129.0,1,1,70,0.237,50.0
EMP047,2026-03-12,5.98,9.99,565.67,5,0.7181,129.5,1,1,71,0.564,50.0
EMP047,2026-03-13,5.98,9.99,565.67,5,0.6498,128.5,1,1,72,0.172,50.0
EMP047,2026-03-14,5.98,9.99,565.67,5,0.6984,63.0,1,1,73,-0.513,50.0
EMP047,2026-03-15,5.98,9.99,565.67,0,0.0,0.0,1,1,74,-1.264,50.0
EMP047,2026-03-16,5.98,9.99,565.67,5,0.7641,150.5,2,2,75,0.727,50.0
EMP047,2026-03-17,5.98,9.99,565.67,5,0.7356,164.5,1,1,76,0.759,50.0
EMP047,2026-03-18,5.98,9.99,565.67,5,0.7303,152.0,1,1,77,0.596,50.0
EMP047,2026-03-19,5.98,9.99,565.67,5,0.7314,154.5,1,1,78,0.27,50.0
EMP047,2026-03-20,5.98,9.99,565.67,5,0.7093,144.5,1,1,79,0.629,50.0
EMP047,2026-03-21,5.98,9.99,565.67,5,0.7065,46.0,1,1,80,-0.644,50.0
EMP047,2026-03-22,5.98,9.99,565.67,0,0.0,0.0,1,1,81,-1.264,50.0
EMP047,2026-03-23,5.98,9.99,565.67,5,0.7019,80.5,2,2,82,-0.448,50.0
EMP047,2026-03-24,5.98,9.99,565.67,5,0.7493,169.5,1,1,83,0.629,50.0
EMP047,2026-03-25,5.98,9.99,565.67,5,0.7743,226.0,1,1,84,0.923,50.0
EMP047,2026-03-26,5.98,9.99,565.67,5,0.7827,225.5,1,1,85,1.934,50.0
EMP047,2026-03-27,5.98,9.99,565.67,5,0.7898,235.5,1,1,86,3.403,50.0
EMP047,2026-03-28,5.98,9.99,565.67,5,0.691,89.0,1,1,87,-0.089,50.0
EMP047,2026-03-29,5.98,9.99,565.67,0,0.0,0.0,1,1,88,-1.264,50.0
EMP047,2026-03-30,5.98,9.99,565.67,5,0.7487,195.0,2,2,89,2.914,50.0
EMP047,2026-03-31,5.98,9.99,565.67,5,0.7733,209.5,1,1,90,2.522,50.0
EMP048,2026-01-01,6.92,8.71,513.13,0,0.0,0.0,1,1,1,-1.377,50.0
EMP048,2026-01-02,6.92,8.71,513.13,5,0.7514,175.0,2,2,2,1.499,50.0
EMP048,2026-01-03,6.92,8.71,513.13,5,0.7258,62.0,1,1,3,-0.394,50.0
EMP048,2026-01-04,6.92,8.71,513.13,0,0.0,0.0,1,1,4,-1.377,50.0
EMP048,2026-01-05,6.92,8.71,513.13,5,0.7582,136.5,2,2,5,0.735,50.0
EMP048,2026-01-06,6.92,8.71,513.13,5,0.6667,78.0,1,1,6,-0.248,50.0
EMP048,2026-01-07,6.92,8.71,513.13,5,0.6667,124.5,1,1,7,0.516,50.0
EMP048,2026-01-08,6.92,8.71,513.13,5,0.6512,140.5,1,1,8,0.589,50.0
EMP048,2026-01-09,6.92,8.71,513.13,5,0.6923,136.5,1,1,9,0.771,50.0
EMP048,2026-01-10,6.92,8.71,513.13,5,0.65,40.0,1,1,10,-1.013,50.0
EMP048,2026-01-11,6.92,8.71,513.13,0,0.0,0.0,1,1,11,-1.377,50.0
EMP048,2026-01-12,6.92,8.71,513.13,5,0.6718,131.0,2,2,12,0.261,50.0
EMP048,2026-01-13,6.92,8.71,513.13,5,0.6906,111.5,1,1,13,0.007,50.0
EMP048,2026-01-14,6.92,8.71,513.13,0,0.0,0.0,1,1,14,-1.377,50.0
EMP048,2026-01-15,6.92,8.71,513.13,5,0.7071,140.0,2,2,15,0.662,50.0
EMP048,2026-01-16,6.92,8.71,513.13,5,0.7059,136.0,1,1,16,0.516,50.0
EMP048,2026-01-17,6.92,8.71,513.13,5,0.7024,42.0,1,1,17,-0.867,50.0
EMP048,2026-01-18,6.92,8.71,513.13,0,0.0,0.0,1,1,18,-1.377,50.0
EMP048,2026-01-19,6.92,8.71,513.13,5,0.6738,139.5,2,2,19,0.625,50.0
EMP048,2026-01-20,6.92,8.71,513.13,5,0.6553,146.5,1,1,20,0.771,50.0
EMP048,2026-01-21,6.92,8.71,513.13,5,0.6444,112.5,1,1,21,0.698,50.0
EMP048,2026-01-22,6.92,8.71,513.13,5,0.7059,110.5,1,1,22,0.516,50.0
EMP048,2026-01-23,6.92,8.71,513.13,5,0.624,125.0,1,1,23,0.225,50.0
EMP048,2026-01-24,6.92,8.71,513.13,5,0.7196,53.5,1,1,24,-0.649,50.0
EMP048,2026-01-25,6.92,8.71,513.13,0,0.0,0.0,1,1,25,-1.377,50.0
EMP048,2026-01-26,6.92,8.71,513.13,0,0.0,0.0,2,2,26,-1.377,50.0
EMP048,2026-01-27,6.92,8.71,513.13,5,0.6534,163.0,3,3,27,0.079,50.0
EMP048,2026-01-28,6.92,8.71,513.13,5,0.64,125.0,1,1,28,0.225,50.0
EMP048,2026-01-29,6.92,8.71,513.13,5,0.7216,167.0,1,1,29,1.171,50.0
EMP048,2026-01-30,6.92,8.71,513.13,5,0.8177,192.0,1,1,30,2.555,50.0
EMP048,2026-01-31,6.92,8.71,513.13,5,0.6907,48.5,1,1,31,-0.722,50.0
EMP048,2026-02-01,6.92,8.71,513.13,0,0.0,0.0,1,1,32,-1.377,50.0
EMP048,2026-02-02,6.92,8.71,513.13,5,0.7551,98.0,2,2,33,0.189,50.0
EMP048,2026-02-03,6.92,8.71,513.13,5,0.7635,167.0,1,1,34,1.426,50.0
EMP048,2026-02-04,6.92,8.71,513.13,5,0.6813,125.5,1,1,35,0.698,50.0
EMP048,2026-02-05,6.92,8.71,513.13,5,0.7814,123.5,1,1,36,0.443,50.0
EMP048,2026-02-06,6.92,8.71,513.13,5,0.6842,9.5,1,1,37,-1.231,50.0
EMP048,2026-02-07,6.92,8.71,513.13,5,0.6813,45.5,1,1,38,-0.722,50.0
EMP048,2026-02-08,6.92,8.71,513.13,0,0.0,0.0,1,1,39,-1.377,50.0
EMP048,2026-02-09,6.92,8.71,513.13,5,0.7829,76.0,2,2,40,0.189,50.0
EMP048,2026-02-10,6.92,8.71,513.13,5,0.7216,145.5,1,1,41,0.735,50.0
EMP048,2026-02-11,6.92,8.71,513.13,5,0.6923,110.5,1,1,42,0.334,50.0
EMP048,2026-02-12,6.92,8.71,513.13,5,0.6726,111.5,1,1,43,0.079,50.0
EMP048,2026-02-13,6.92,8.71,513.13,5,0.7195,123.0,1,1,44,0.443,50.0
EMP048,2026-02-14,6.92,8.71,513.13,5,0.7442,43.0,1,1,45,-0.94,50.0
EMP048,2026-02-15,6.92,8.71,513.13,0,0.0,0.0,1,1,46,-1.377,50.0
EMP048,2026-02-16,6.92,8.71,513.13,5,0.7148,135.0,2,2,47,0.807,50.0
EMP048,2026-02-17,6.92,8.71,513.13,5,0.7273,115.5,1,1,48,0.371,50.0
EMP048,2026-02-18,6.92,8.71,513.13,5,0.7407,121.5,1,1,49,0.261,50.0
EMP048,2026-02-19,6.92,8.71,513.13,5,0.7293,114.5,1,1,50,0.844,50.0
EMP048,2026-02-20,6.92,8.71,513.13,5,0.7246,138.0,1,1,51,0.698,50.0
EMP048,2026-02-21,6.92,8.71,513.13,5,0.764,44.5,1,1,52,-0.904,50.0
EMP048,2026-02-22,6.92,8.71,513.13,0,0.0,0.0,1,1,53,-1.377,50.0
EMP048,2026-02-23,6.92,8.71,513.13,0,0.0,0.0,2,2,54,-1.377,50.0
EMP048,2026-02-24,6.92,8.71,513.13,5,0.7285,145.5,3,3,55,0.807,50.0
EMP048,2026-02-25,6.92,8.71,513.13,5,0.7045,123.5,1,1,56,0.735,50.0
EMP048,2026-02-26,6.92,8.71,513.13,5,0.661,147.5,1,1,57,0.225,50.0
EMP048,2026-02-27,6.92,8.71,513.13,5,0.7029,175.0,1,1,58,0.844,50.0
EMP048,2026-02-28,6.92,8.71,513.13,3,0.75,2.0,1,1,59,-1.34,50.0
EMP048,2026-03-01,6.92,8.71,513.13,0,0.0,0.0,1,2,60,-1.377,50.0
EMP048,2026-03-02,6.92,8.71,513.13,0,0.0,0.0,2,3,61,-1.377,50.0
EMP048,2026-03-03,6.92,8.71,513.13,5,0.7437,179.5,3,4,62,0.662,50.0
EMP048,2026-03-04,6.92,8.71,513.13,5,0.6693,125.5,1,1,63,0.553,50.0
EMP048,2026-03-05,6.92,8.71,513.13,5,0.744,125.0,1,1,64,0.407,50.0
EMP048,2026-03-06,6.92,8.71,513.13,5,0.6939,122.5,1,1,65,0.516,50.0
EMP048,2026-03-07,6.92,8.71,513.13,5,0.764,44.5,1,1,66,-0.649,50.0
EMP048,2026-03-08,6.92,8.71,513.13,0,0.0,0.0,1,1,67,-1.377,50.0
EMP048,2026-03-09,6.92,8.71,513.13,5,0.6422,116.0,2,2,68,0.007,50.0
EMP048,2026-03-10,6.92,8.71,513.13,5,0.7788,160.5,1,1,69,1.062,50.0
EMP048,2026-03-11,6.92,8.71,513.13,5,0.6163,122.5,1,1,70,-0.285,50.0
EMP048,2026-03-12,6.92,8.71,513.13,5,0.7118,144.0,1,1,71,0.516,50.0
EMP048,2026-03-13,6.92,8.71,513.13,5,0.7228,133.5,1,1,72,0.625,50.0
EMP048,2026-03-14,6.92,8.71,513.13,5,0.8065,46.5,1,1,73,-0.576,50.0
EMP048,2026-03-15,6.92,8.71,513.13,0,0.0,0.0,1,1,74,-1.377,50.0
EMP048,2026-03-16,6.92,8.71,513.13,5,0.7946,129.0,2,2,75,0.917,50.0
EMP048,2026-03-17,6.92,8.71,513.13,5,0.6943,132.5,1,1,76,-0.03,50.0
EMP048,2026-03-18,6.92,8.71,513.13,5,0.7132,129.0,1,1,77,0.553,50.0
EMP048,2026-03-19,6.92,8.71,513.13,5,0.75,120.0,1,1,78,-0.321,50.0
EMP048,2026-03-20,6.92,8.71,513.13,0,0.0,0.0,1,1,79,-1.377,50.0
EMP048,2026-03-21,6.92,8.71,513.13,5,0.6947,47.5,2,2,80,-0.649,50.0
EMP048,2026-03-22,6.92,8.71,513.13,0,0.0,0.0,1,1,81,-1.377,50.0
EMP048,2026-03-23,6.92,8.71,513.13,5,0.6809,141.0,2,2,82,0.334,50.0
EMP048,2026-03-24,6.92,8.71,513.13,5,0.7182,145.5,1,1,83,0.152,50.0
EMP048,2026-03-25,6.92,8.71,513.13,5,0.7711,124.5,1,1,84,0.589,50.0
EMP048,2026-03-26,6.92,8.71,513.13,5,0.7281,171.0,1,1,85,0.989,50.0
EMP048,2026-03-27,6.92,8.71,513.13,5,0.805,218.0,1,1,86,2.336,50.0
EMP048,2026-03-28,6.92,8.71,513.13,5,0.7866,82.0,1,1,87,0.334,50.0
EMP048,2026-03-29,6.92,8.71,513.13,0,0.0,0.0,1,1,88,-1.377,50.0
EMP048,2026-03-30,6.92,8.71,513.13,5,0.776,183.0,2,2,89,1.936,50.0
EMP048,2026-03-31,6.92,8.71,513.13,5,0.7514,179.0,1,1,90,2.664,50.0
EMP049,2026-01-01,6.33,12.45,558.79,0,0.0,0.0,1,1,1,-1.378,50.0
EMP049,2026-01-02,6.33,12.45,558.79,5,0.7086,163.0,2,2,2,0.819,50.0
EMP049,2026-01-03,6.33,12.45,558.79,5,0.7661,62.0,1,1,3,-0.346,50.0
EMP049,2026-01-04,6.33,12.45,558.79,0,0.0,0.0,1,1,4,-1.378,50.0
EMP049,2026-01-05,6.33,12.45,558.79,5,0.6364,154.0,2,2,5,0.253,50.0
EMP049,2026-01-06,6.33,12.45,558.79,5,0.7386,164.5,1,1,6,-0.146,50.0
EMP049,2026-01-07,6.33,12.45,558.79,5,0.716,125.0,1,1,7,0.186,50.0
EMP049,2026-01-08,6.33,12.45,558.79,5,0.716,128.5,1,1,8,-0.08,50.0
EMP049,2026-01-09,6.33,12.45,558.79,0,0.0,0.0,1,1,9,-1.378,50.0
EMP049,2026-01-10,6.33,12.45,558.79,5,0.7586,58.0,2,2,10,-0.812,50.0
EMP049,2026-01-11,6.33,12.45,558.79,0,0.0,0.0,1,1,11,-1.378,50.0
EMP049,2026-01-12,6.33,12.45,558.79,5,0.7774,141.5,2,2,12,0.419,50.0
EMP049,2026-01-13,6.33,12.45,558.79,5,0.7568,166.5,1,1,13,0.819,50.0
EMP049,2026-01-14,6.33,12.45,558.79,5,0.7127,137.5,1,1,14,0.419,50.0
EMP049,2026-01-15,6.33,12.45,558.79,5,0.6899,129.0,1,1,15,-0.013,50.0
EMP049,2026-01-16,6.33,12.45,558.79,5,0.6131,137.0,1,1,16,0.087,50.0
EMP049,2026-01-17,6.33,12.45,558.79,5,0.7241,58.0,1,1,17,-0.879,50.0
EMP049,2026-01-18,6.33,12.45,558.79,0,0.0,0.0,1,1,18,-1.378,50.0
EMP049,2026-01-19,6.33,12.45,558.79,5,0.7269,130.0,2,2,19,0.12,50.0
EMP049,2026-01-20,6.33,12.45,558.79,5,0.7492,149.5,1,1,20,1.384,50.0
EMP049,2026-01-21,6.33,12.45,558.79,5,0.6949,147.5,1,1,21,0.586,50.0
EMP049,2026-01-22,6.33,12.45,558.79,5,0.7262,126.0,1,1,22,-0.08,50.0
EMP049,2026-01-23,6.33,12.45,558.79,5,0.7678,161.5,1,1,23,1.118,50.0
EMP049,2026-01-24,6.33,12.45,558.79,5,0.7576,49.5,1,1,24,-0.879,50.0
EMP049,2026-01-25,6.33,12.45,558.79,0,0.0,0.0,1,1,25,-1.378,50.0
EMP049,2026-01-26,6.33,12.45,558.79,0,0.0,0.0,2,2,26,-1.378,50.0
EMP049,2026-01-27,6.33,12.45,558.79,5,0.729,160.5,3,3,27,1.085,50.0
EMP049,2026-01-28,6.33,12.45,558.79,5,0.6817,155.5,1,1,28,0.286,50.0
EMP049,2026-01-29,6.33,12.45,558.79,5,0.7916,189.5,1,1,29,1.85,50.0
EMP049,2026-01-30,6.33,12.45,558.79,5,0.7458,179.0,1,1,30,1.085,50.0
EMP049,2026-01-31,6.33,12.45,558.79,5,0.678,59.0,1,1,31,-0.812,50.0
EMP049,2026-02-01,6.33,12.45,558.79,0,0.0,0.0,1,1,32,-1.378,50.0
EMP049,2026-02-02,6.33,12.45,558.79,5,0.6718,193.5,2,2,33,1.85,50.0
EMP049,2026-02-03,6.33,12.45,558.79,5,0.7562,182.5,1,1,34,0.719,50.0
EMP049,2026-02-04,6.33,12.45,558.79,5,0.7077,130.0,1,1,35,-0.08,50.0
EMP049,2026-02-05,6.33,12.45,558.79,5,0.7024,168.0,1,1,36,0.586,50.0
EMP049,2026-02-06,6.33,12.45,558.79,5,0.7043,150.5,1,1,37,0.918,50.0
EMP049,2026-02-07,6.33,12.45,558.79,5,0.7368,57.0,1,1,38,-0.446,50.0
EMP049,2026-02-08,6.33,12.45,558.79,0,0.0,0.0,1,1,39,-1.378,50.0
EMP049,2026-02-09,6.33,12.45,558.79,5,0.7624,90.5,2,2,40,-0.08,50.0
EMP049,2026-02-10,6.33,12.45,558.79,5,0.693,171.0,1,1,41,0.619,50.0
EMP049,2026-02-11,6.33,12.45,558.79,5,0.7098,143.0,1,1,42,-0.047,50.0
EMP049,2026-02-12,6.33,12.45,558.79,5,0.7105,152.0,1,1,43,0.719,50.0
EMP049,2026-02-13,6.33,12.45,558.79,5,0.734,141.0,1,1,44,0.852,50.0
EMP049,2026-02-14,6.33,12.45,558.79,5,0.701,48.5,1,1,45,-0.679,50.0
EMP049,2026-02-15,6.33,12.45,558.79,0,0.0,0.0,1,1,46,-1.378,50.0
EMP049,2026-02-16,6.33,12.45,558.79,5,0.7128,141.0,2,2,47,0.619,50.0
EMP049,2026-02-17,6.33,12.45,558.79,5,0.75,12.0,1,1,48,-1.211,50.0
EMP049,2026-02-18,6.33,12.45,558.79,5,0.7258,149.5,1,1,49,0.319,50.0
EMP049,2026-02-19,6.33,12.45,558.79,5,0.7409,150.5,1,1,50,0.985,50.0
EMP049,2026-02-20,6.33,12.45,558.79,5,0.7352,126.5,1,1,51,0.586,50.0
EMP049,2026-02-21,6.33,12.45,558.79,5,0.6286,52.5,1,1,52,-0.812,50.0
EMP049,2026-02-22,6.33,12.45,558.79,0,0.0,0.0,1,1,53,-1.378,50.0
EMP049,2026-02-23,6.33,12.45,558.79,5,0.6977,172.0,2,2,54,0.918,50.0
EMP049,2026-02-24,6.33,12.45,558.79,5,0.7264,164.5,1,1,55,0.153,50.0
EMP049,2026-02-25,6.33,12.45,558.79,5,0.6199,135.5,1,1,56,-0.013,50.0
EMP049,2026-02-26,6.33,12.45,558.79,5,0.6813,160.0,1,1,57,0.785,50.0
EMP049,2026-02-27,6.33,12.45,558.79,5,0.6899,158.0,1,1,58,0.153,50.0
EMP049,2026-02-28,6.33,12.45,558.79,5,0.6923,65.0,1,1,59,-0.579,50.0
EMP049,2026-03-01,6.33,12.45,558.79,0,0.0,0.0,1,1,60,-1.378,50.0
EMP049,2026-03-02,6.33,12.45,558.79,0,0.0,0.0,2,2,61,-1.378,50.0
EMP049,2026-03-03,6.33,12.45,558.79,5,0.7895,9.5,3,3,62,-1.278,50.0
EMP049,2026-03-04,6.33,12.45,558.79,5,0.7158,139.0,1,1,63,0.619,50.0
EMP049,2026-03-05,6.33,12.45,558.79,5,0.758,157.0,1,1,64,0.087,50.0
EMP049,2026-03-06,6.33,12.45,558.79,5,0.7101,153.5,1,1,65,0.785,50.0
EMP049,2026-03-07,6.33,12.45,558.79,5,0.7667,30.0,1,1,66,-0.912,50.0
EMP049,2026-03-08,6.33,12.45,558.79,0,0.0,0.0,1,1,67,-1.378,50.0
EMP049,2026-03-09,6.33,12.45,558.79,5,0.7778,4.5,2,2,68,-1.344,50.0
EMP049,2026-03-10,6.33,12.45,558.79,5,0.7388,145.5,1,1,69,0.087,50.0
EMP049,2026-03-11,6.33,12.45,558.79,5,0.7427,120.5,1,1,70,0.419,50.0
EMP049,2026-03-12,6.33,12.45,558.79,5,0.6437,87.0,1,1,71,-0.313,50.0
EMP049,2026-03-13,6.33,12.45,558.79,5,0.7276,139.5,1,1,72,0.319,50.0
EMP049,2026-03-14,6.33,12.45,558.79,5,0.6701,48.5,1,1,73,-0.912,50.0
EMP049,2026-03-15,6.33,12.45,558.79,0,0.0,0.0,1,1,74,-1.378,50.0
EMP049,2026-03-16,6.33,12.45,558.79,5,0.6833,140.5,2,2,75,0.686,50.0
EMP049,2026-03-17,6.33,12.45,558.79,5,0.6891,156.0,1,1,76,-0.08,50.0
EMP049,2026-03-18,6.33,12.45,558.79,5,0.7918,158.5,1,1,77,0.752,50.0
EMP049,2026-03-19,6.33,12.45,558.79,5,0.7666,158.5,1,1,78,0.652,50.0
EMP049,2026-03-20,6.33,12.45,558.79,5,0.7576,148.5,1,1,79,0.586,50.0
EMP049,2026-03-21,6.33,12.45,558.79,5,0.7727,55.0,1,1,80,-0.512,50.0
EMP049,2026-03-22,6.33,12.45,558.79,0,0.0,0.0,1,1,81,-1.378,50.0
EMP049,2026-03-23,6.33,12.45,558.79,5,0.7163,141.0,2,2,82,0.952,50.0
EMP049,2026-03-24,6.33,12.45,558.79,5,0.7389,168.5,1,1,83,0.985,50.0
EMP049,2026-03-25,6.33,12.45,558.79,5,0.8034,236.5,1,1,84,2.649,50.0
EMP049,2026-03-26,6.33,12.45,558.79,5,0.683,173.5,1,1,85,1.185,50.0
EMP049,2026-03-27,6.33,12.45,558.79,5,0.7692,208.0,1,1,86,1.551,50.0
EMP049,2026-03-28,6.33,12.45,558.79,5,0.745,74.5,1,1,87,-0.646,50.0
EMP049,2026-03-29,6.33,12.45,558.79,0,0.0,0.0,1,1,88,-1.378,50.0
EMP049,2026-03-30,6.33,12.45,558.79,5,0.7816,217.5,2,2,89,2.749,50.0
EMP049,2026-03-31,6.33,12.45,558.79,5,0.6836,207.0,1,1,90,1.052,50.0
EMP050,2026-01-01,7.21,8.34,511.53,0,0.0,0.0,1,1,1,-1.405,50.0
EMP050,2026-01-02,7.21,8.34,511.53,5,0.6815,157.0,2,2,2,0.259,50.0
EMP050,2026-01-03,7.21,8.34,511.53,5,0.7288,59.0,1,1,3,-0.323,50.0
EMP050,2026-01-04,7.21,8.34,511.53,0,0.0,0.0,1,1,4,-1.405,50.0
EMP050,2026-01-05,7.21,8.34,511.53,5,0.6282,138.5,2,2,5,0.301,50.0
EMP050,2026-01-06,7.21,8.34,511.53,5,0.7371,125.5,1,1,6,0.925,50.0
EMP050,2026-01-07,7.21,8.34,511.53,5,0.6812,114.5,1,1,7,0.218,50.0
EMP050,2026-01-08,7.21,8.34,511.53,5,0.7167,120.0,1,1,8,-0.074,50.0
EMP050,2026-01-09,7.21,8.34,511.53,5,0.7354,128.5,1,1,9,1.549,50.0
EMP050,2026-01-10,7.21,8.34,511.53,5,0.819,52.5,1,1,10,-0.448,50.0
EMP050,2026-01-11,7.21,8.34,511.53,0,0.0,0.0,1,1,11,-1.405,50.0
EMP050,2026-01-12,7.21,8.34,511.53,5,0.7243,136.0,2,2,12,0.301,50.0
EMP050,2026-01-13,7.21,8.34,511.53,5,0.7281,108.5,1,1,13,0.883,50.0
EMP050,2026-01-14,7.21,8.34,511.53,5,0.7316,115.5,1,1,14,0.675,50.0
EMP050,2026-01-15,7.21,8.34,511.53,5,0.6622,112.5,1,1,15,-0.115,50.0
EMP050,2026-01-16,7.21,8.34,511.53,5,0.6746,104.5,1,1,16,0.758,50.0
EMP050,2026-01-17,7.21,8.34,511.53,5,0.7629,48.5,1,1,17,-0.448,50.0
EMP050,2026-01-18,7.21,8.34,511.53,0,0.0,0.0,1,1,18,-1.405,50.0
EMP050,2026-01-19,7.21,8.34,511.53,5,0.6695,116.5,2,2,19,0.634,50.0
EMP050,2026-01-20,7.21,8.34,511.53,5,0.7273,126.5,1,1,20,0.426,50.0
EMP050,2026-01-21,7.21,8.34,511.53,5,0.7512,102.5,1,1,21,0.134,50.0
EMP050,2026-01-22,7.21,8.34,511.53,5,0.6911,123.0,1,1,22,-0.115,50.0
EMP050,2026-01-23,7.21,8.34,511.53,5,0.7012,120.5,1,1,23,0.592,50.0
EMP050,2026-01-24,7.21,8.34,511.53,5,0.6706,42.5,1,1,24,-0.906,50.0
EMP050,2026-01-25,7.21,8.34,511.53,0,0.0,0.0,1,1,25,-1.405,50.0
EMP050,2026-01-26,7.21,8.34,511.53,0,0.0,0.0,2,2,26,-1.405,50.0
EMP050,2026-01-27,7.21,8.34,511.53,5,0.7264,153.5,3,3,27,0.259,50.0
EMP050,2026-01-28,7.21,8.34,511.53,5,0.6476,105.0,1,1,28,0.218,50.0
EMP050,2026-01-29,7.21,8.34,511.53,0,0.0,0.0,1,1,29,-1.405,50.0
EMP050,2026-01-30,7.21,8.34,511.53,5,0.712,62.5,2,2,30,-0.365,50.0
EMP050,2026-01-31,7.21,8.34,511.53,5,0.6957,57.5,1,1,31,-0.656,50.0
EMP050,2026-02-01,7.21,8.34,511.53,0,0.0,0.0,1,1,32,-1.405,50.0
EMP050,2026-02-02,7.21,8.34,511.53,5,0.7407,13.5,2,2,33,-1.155,50.0
EMP050,2026-02-03,7.21,8.34,511.53,5,0.7273,11.0,1,1,34,-1.238,50.0
EMP050,2026-02-04,7.21,8.34,511.53,5,0.722,111.5,1,1,35,0.675,50.0
EMP050,2026-02-05,7.21,8.34,511.53,5,0.6371,118.5,1,1,36,0.925,50.0
EMP050,2026-02-06,7.21,8.34,511.53,5,0.7396,84.5,1,1,37,-0.365,50.0
EMP050,2026-02-07,7.21,8.34,511.53,5,0.7979,47.0,1,1,38,-0.656,50.0
EMP050,2026-02-08,7.21,8.34,511.53,0,0.0,0.0,1,1,39,-1.405,50.0
EMP050,2026-02-09,7.21,8.34,511.53,5,0.75,72.0,2,2,40,-0.406,50.0
EMP050,2026-02-10,7.21,8.34,511.53,5,0.7,155.0,1,1,41,1.216,50.0
EMP050,2026-02-11,7.21,8.34,511.53,5,0.6878,118.5,1,1,42,0.675,50.0
EMP050,2026-02-12,7.21,8.34,511.53,5,0.7202,121.5,1,1,43,0.509,50.0
EMP050,2026-02-13,7.21,8.34,511.53,5,0.6542,107.0,1,1,44,0.259,50.0
EMP050,2026-02-14,7.21,8.34,511.53,5,0.72,50.0,1,1,45,-0.739,50.0
EMP050,2026-02-15,7.21,8.34,511.53,0,0.0,0.0,1,1,46,-1.405,50.0
EMP050,2026-02-16,7.21,8.34,511.53,5,0.8189,127.0,2,2,47,0.426,50.0
EMP050,2026-02-17,7.21,8.34,511.53,5,0.7028,143.0,1,1,48,0.634,50.0
EMP050,2026-02-18,7.21,8.34,511.53,5,0.7159,132.0,1,1,49,0.259,50.0
EMP050,2026-02-19,7.21,8.34,511.53,5,0.668,122.0,1,1,50,0.134,50.0
EMP050,2026-02-20,7.21,8.34,511.53,5,0.6414,118.5,1,1,51,0.509,50.0
EMP050,2026-02-21,7.21,8.34,511.53,5,0.7667,30.0,1,1,52,-0.864,50.0
EMP050,2026-02-22,7.21,8.34,511.53,0,0.0,0.0,1,1,53,-1.405,50.0
EMP050,2026-02-23,7.21,8.34,511.53,5,0.6913,115.0,2,2,54,0.051,50.0
EMP050,2026-02-24,7.21,8.34,511.53,5,0.7196,135.5,1,1,55,1.341,50.0
EMP050,2026-02-25,7.21,8.34,511.53,5,0.6877,134.5,1,1,56,1.008,50.0
EMP050,2026-02-26,7.21,8.34,511.53,5,0.6439,139.0,1,1,57,0.8,50.0
EMP050,2026-02-27,7.21,8.34,511.53,5,0.7585,147.0,1,1,58,0.509,50.0
EMP050,2026-02-28,7.21,8.34,511.53,5,0.7542,59.0,1,1,59,-0.198,50.0
EMP050,2026-03-01,7.21,8.34,511.53,0,0.0,0.0,1,1,60,-1.405,50.0
EMP050,2026-03-02,7.21,8.34,511.53,0,0.0,0.0,2,2,61,-1.405,50.0
EMP050,2026-03-03,7.21,8.34,511.53,5,0.7179,175.5,3,3,62,1.84,50.0
EMP050,2026-03-04,7.21,8.34,511.53,5,0.6719,126.5,1,1,63,0.01,50.0
EMP050,2026-03-05,7.21,8.34,511.53,5,0.7542,118.0,1,1,64,0.218,50.0
EMP050,2026-03-06,7.21,8.34,511.53,5,0.6432,113.5,1,1,65,0.134,50.0
EMP050,2026-03-07,7.21,8.34,511.53,5,0.6429,49.0,1,1,66,-0.822,50.0
EMP050,2026-03-08,7.21,8.34,511.53,0,0.0,0.0,1,1,67,-1.405,50.0
EMP050,2026-03-09,7.21,8.34,511.53,5,0.7792,120.0,2,2,68,0.051,50.0
EMP050,2026-03-10,7.21,8.34,511.53,5,0.7216,145.5,1,1,69,1.465,50.0
EMP050,2026-03-11,7.21,8.34,511.53,5,0.7619,94.5,1,1,70,0.509,50.0
EMP050,2026-03-12,7.21,8.34,511.53,5,0.7284,121.5,1,1,71,1.008,50.0
EMP050,2026-03-13,7.21,8.34,511.53,5,0.772,125.0,1,1,72,0.426,50.0
EMP050,2026-03-14,7.21,8.34,511.53,5,0.7126,43.5,1,1,73,-0.781,50.0
EMP050,2026-03-15,7.21,8.34,511.53,0,0.0,0.0,1,1,74,-1.405,50.0
EMP050,2026-03-16,7.21,8.34,511.53,5,0.7481,129.0,2,2,75,0.426,50.0
EMP050,2026-03-17,7.21,8.34,511.53,5,0.7279,152.5,1,1,76,1.465,50.0
EMP050,2026-03-18,7.21,8.34,511.53,5,0.6416,113.0,1,1,77,0.55,50.0
EMP050,2026-03-19,7.21,8.34,511.53,5,0.626,123.0,1,1,78,0.218,50.0
EMP050,2026-03-20,7.21,8.34,511.53,5,0.7178,163.0,1,1,79,1.216,50.0
EMP050,2026-03-21,7.21,8.34,511.53,5,0.747,41.5,1,1,80,-0.864,50.0
EMP050,2026-03-22,7.21,8.34,511.53,0,0.0,0.0,1,1,81,-1.405,50.0
EMP050,2026-03-23,7.21,8.34,511.53,5,0.7153,147.5,2,2,82,0.218,50.0
EMP050,2026-03-24,7.21,8.34,511.53,5,0.7733,150.0,1,1,83,0.634,50.0
EMP050,2026-03-25,7.21,8.34,511.53,5,0.7368,9.5,1,1,84,-1.197,50.0
EMP050,2026-03-26,7.21,8.34,511.53,5,0.763,173.0,1,1,85,1.299,50.0
EMP050,2026-03-27,7.21,8.34,511.53,5,0.6946,203.0,1,1,86,3.379,50.0
EMP050,2026-03-28,7.21,8.34,511.53,5,0.6791,67.0,1,1,87,-0.157,50.0
EMP050,2026-03-29,7.21,8.34,511.53,0,0.0,0.0,1,1,88,-1.405,50.0
EMP050,2026-03-30,7.21,8.34,511.53,5,0.7574,185.5,2,2,89,1.59,50.0
EMP050,2026-03-31,7.21,8.34,511.53,5,0.7463,203.0,1,1,90,2.048,50.0
