employee_id,date,day_index,day_of_week,is_weekend,is_holiday,is_training,is_leave,is_outage,Account Closure,Account Creation,Audit Reports,Cash Operations,Compliance Dashboard,Customer Search,KYC Portal,Loan Approval,Loan Review,Locker Management,Override Logs,Reports,Risk Dashboard,Transaction History,Treasury,total_daily_accesses,is_suspicious
EMP001,2026-01-01,0,Thursday,0,1,0,0,0,0,0,0,0,0,0,0,0,0,0,0,0,0,0,0,0,1
EMP001,2026-01-02,1,Friday,0,0,0,0,0,3,17,33,0,26,42,0,22,17,0,7,15,10,0,0,192,1
EMP001,2026-01-03,2,Saturday,1,0,0,0,0,1,5,6,0,11,15,0,6,7,0,6,6,4,0,0,67,1
EMP001,2026-01-04,3,Sunday,1,0,0,0,0,0,0,0,0,0,0,0,0,0,0,0,0,0,0,0,0,1
EMP001,2026-01-05,4,Monday,0,0,0,0,0,10,15,23,0,30,28,0,23,13,0,11,14,6,0,0,173,1
EMP001,2026-01-06,5,Tuesday,0,0,0,0,0,9,13,24,0,22,22,0,15,16,0,13,16,11,0,0,161,1
EMP001,2026-01-07,6,Wednesday,0,0,0,0,0,3,4,19,0,11,12,0,8,14,0,3,9,9,0,0,92,1
EMP001,2026-01-08,7,Thursday,0,0,0,0,0,6,20,22,0,24,36,0,18,24,0,6,17,8,0,0,181,1
EMP001,2026-01-09,8,Friday,0,0,0,0,0,4,9,18,0,15,20,0,12,17,0,6,12,7,0,0,120,1
EMP001,2026-01-10,9,Saturday,1,0,0,0,0,1,6,11,0,7,13,0,11,4,0,7,7,3,0,0,70,1
EMP001,2026-01-11,10,Sunday,1,0,0,0,0,0,0,0,0,0,0,0,0,0,0,0,0,0,0,0,0,1
EMP001,2026-01-12,11,Monday,0,0,0,0,0,3,11,22,0,17,39,0,23,30,0,8,14,10,0,0,177,1
EMP001,2026-01-13,12,Tuesday,0,0,0,0,0,10,15,30,0,27,35,0,17,13,0,22,12,19,0,0,200,1
EMP001,2026-01-14,13,Wednesday,0,0,0,0,0,7,15,19,0,16,39,0,25,11,0,8,16,13,0,0,169,1
EMP001,2026-01-15,14,Thursday,0,0,0,0,0,9,12,33,0,18,24,0,21,29,0,15,15,6,0,0,182,1
EMP001,2026-01-16,15,Friday,0,0,0,0,0,4,16,39,0,21,36,0,44,15,0,13,22,16,0,0,226,1
EMP001,2026-01-17,16,Saturday,1,0,0,0,0,1,3,8,0,6,16,0,10,9,0,4,8,4,0,0,69,1
EMP001,2026-01-18,17,Sunday,1,0,0,0,0,0,0,0,0,0,0,0,0,0,0,0,0,0,0,0,0,1
EMP001,2026-01-19,18,Monday,0,0,0,0,0,6,21,30,0,22,43,0,32,36,0,17,21,21,0,0,249,1
EMP001,2026-01-20,19,Tuesday,0,0,0,0,0,8,19,32,0,23,51,0,46,25,0,16,15,15,0,0,250,1
EMP001,2026-01-21,20,Wednesday,0,0,0,0,0,11,11,31,0,31,34,0,25,31,0,13,20,15,0,0,222,1
EMP001,2026-01-22,21,Thursday,0,0,0,0,0,13,13,33,0,20,42,0,26,29,0,7,20,14,0,0,217,1
EMP001,2026-01-23,22,Friday,0,0,0,0,0,11,13,41,0,19,57,0,21,35,0,13,14,15,0,0,239,1
EMP001,2026-01-24,23,Saturday,1,0,1,0,0,0,0,0,0,0,1,0,0,1,0,0,0,0,0,0,2,1
EMP001,2026-01-25,24,Sunday,1,0,0,0,0,0,0,0,0,0,0,0,0,0,0,0,0,0,0,0,0,1
EMP001,2026-01-26,25,Monday,0,1,0,0,0,0,0,0,0,0,0,0,0,0,0,0,0,0,0,0,0,1
EMP001,2026-01-27,26,Tuesday,0,0,0,0,0,7,20,39,0,29,46,0,49,28,0,16,19,17,0,0,270,1
EMP001,2026-01-28,27,Wednesday,0,0,0,0,0,4,8,15,0,7,19,0,10,9,0,3,9,11,0,0,95,1
EMP001,2026-01-29,28,Thursday,0,0,0,0,0,11,27,64,0,25,58,0,46,38,0,19,22,24,0,0,334,1
EMP001,2026-01-30,29,Friday,0,0,0,0,0,14,11,49,0,20,72,0,25,38,0,14,21,21,0,0,285,1
EMP001,2026-01-31,30,Saturday,1,0,0,0,0,6,7,10,0,6,13,0,16,7,0,6,10,6,0,0,87,1
EMP001,2026-02-01,31,Sunday,1,0,0,0,0,0,0,0,0,0,0,0,0,0,0,0,0,0,0,0,0,1
EMP001,2026-02-02,32,Monday,0,0,0,0,0,20,31,48,0,29,62,0,40,44,0,21,25,29,0,0,349,1
EMP001,2026-02-03,33,Tuesday,0,0,0,0,0,12,19,35,0,28,77,0,61,30,0,22,34,26,0,0,344,1
EMP001,2026-02-04,34,Wednesday,0,0,0,0,0,13,19,26,0,22,47,0,43,25,0,14,23,21,0,0,253,1
EMP001,2026-02-05,35,Thursday,0,0,0,0,0,9,17,28,0,16,47,0,25,40,0,13,16,11,0,0,222,1
EMP001,2026-02-06,36,Friday,0,0,0,1,0,0,0,0,0,0,0,0,0,0,0,0,0,0,0,0,0,1
EMP001,2026-02-07,37,Saturday,1,0,0,0,0,6,5,10,0,8,18,0,19,13,0,5,7,8,0,0,99,1
EMP001,2026-02-08,38,Sunday,1,0,0,0,0,0,0,0,0,0,0,0,0,0,0,0,0,0,0,0,0,1
EMP001,2026-02-09,39,Monday,0,0,0,0,0,9,15,24,0,19,47,0,49,40,0,7,27,17,0,0,254,1
EMP001,2026-02-10,40,Tuesday,0,0,0,0,0,8,19,21,0,21,47,0,48,37,0,9,23,23,0,0,256,1
EMP001,2026-02-11,41,Wednesday,0,0,0,0,0,9,12,13,0,36,46,0,49,23,0,8,17,25,0,0,238,1
EMP001,2026-02-12,42,Thursday,0,0,0,0,0,12,24,18,0,11,41,0,51,35,0,8,18,25,0,0,243,1
EMP001,2026-02-13,43,Friday,0,0,0,0,0,5,29,17,0,15,72,0,43,32,0,6,25,11,0,0,255,1
EMP001,2026-02-14,44,Saturday,1,0,0,0,0,6,5,4,0,4,13,0,11,13,0,4,8,9,0,0,77,1
EMP001,2026-02-15,45,Sunday,1,0,0,0,1,0,0,0,0,0,0,0,0,0,0,0,0,0,0,0,0,1
EMP001,2026-02-16,46,Monday,0,0,0,0,0,8,27,18,0,13,56,0,34,44,0,9,32,14,0,0,255,1
EMP001,2026-02-17,47,Tuesday,0,0,0,0,0,6,35,11,0,10,58,0,37,48,0,5,23,18,0,0,251,1
EMP001,2026-02-18,48,Wednesday,0,0,0,0,0,8,17,12,0,9,66,0,48,28,0,3,19,14,0,0,224,1
EMP001,2026-02-19,49,Thursday,0,0,0,0,0,16,26,12,0,10,62,0,36,50,0,4,22,31,0,0,269,1
EMP001,2026-02-20,50,Friday,0,0,1,0,0,0,0,0,0,0,3,0,2,1,0,0,1,1,0,0,8,1
EMP001,2026-02-21,51,Saturday,1,0,0,0,0,6,5,2,0,2,23,0,8,15,0,1,7,10,0,0,79,1
EMP001,2026-02-22,52,Sunday,1,0,0,0,0,0,0,0,0,0,0,0,0,0,0,0,0,0,0,0,0,1
EMP001,2026-02-23,53,Monday,0,0,0,0,0,7,24,8,0,6,41,0,40,25,0,5,37,21,0,0,214,1
EMP001,2026-02-24,54,Tuesday,0,0,0,0,0,6,27,48,0,7,68,0,58,51,0,3,34,15,0,0,317,1
EMP001,2026-02-25,55,Wednesday,0,0,0,0,0,6,12,2,0,1,26,0,18,11,0,1,10,9,0,0,96,1
EMP001,2026-02-26,56,Thursday,0,0,0,0,0,6,20,6,0,4,58,0,43,26,0,3,22,19,0,0,207,1
EMP001,2026-02-27,57,Friday,0,0,0,0,0,4,11,1,0,1,27,0,18,23,0,0,9,15,0,0,109,1
EMP001,2026-02-28,58,Saturday,1,0,0,0,0,5,5,1,0,0,17,0,20,7,0,0,14,11,0,0,80,1
EMP001,2026-03-01,59,Sunday,1,0,0,0,0,0,0,0,0,0,0,0,0,0,0,0,0,0,0,0,0,1
EMP001,2026-03-02,60,Monday,0,1,0,0,0,0,0,0,0,0,0,0,0,0,0,0,0,0,0,0,0,1
EMP001,2026-03-03,61,Tuesday,0,0,0,0,0,19,20,0,0,0,50,0,38,34,0,0,28,38,0,0,227,1
EMP001,2026-03-04,62,Wednesday,0,0,0,0,0,14,24,0,0,0,46,0,36,32,0,0,28,25,0,0,205,1
EMP001,2026-03-05,63,Thursday,0,0,0,0,0,6,9,0,0,0,32,0,16,15,0,0,7,9,0,0,94,1
EMP001,2026-03-06,64,Friday,0,0,0,0,0,12,25,0,0,0,67,0,26,26,0,0,21,13,0,0,190,1
EMP001,2026-03-07,65,Saturday,1,0,0,0,0,3,10,0,0,0,16,0,18,12,0,0,12,8,0,0,79,1
EMP001,2026-03-08,66,Sunday,1,0,0,0,0,0,0,0,0,0,0,0,0,0,0,0,0,0,0,0,0,1
EMP001,2026-03-09,67,Monday,0,0,0,0,0,16,15,0,0,0,46,0,31,22,0,0,34,15,0,0,179,1
EMP001,2026-03-10,68,Tuesday,0,0,0,0,0,7,26,0,0,0,75,0,58,40,0,0,23,27,0,0,256,1
EMP001,2026-03-11,69,Wednesday,0,0,0,0,0,14,26,0,0,0,72,0,27,20,0,0,29,14,0,0,202,1
EMP001,2026-03-12,70,Thursday,0,0,0,0,0,5,22,0,0,0,49,0,32,40,0,0,35,18,0,0,201,1
EMP001,2026-03-13,71,Friday,0,0,0,0,0,19,21,0,0,0,43,0,40,22,0,0,19,13,0,0,177,1
EMP001,2026-03-14,72,Saturday,1,0,0,0,0,4,5,0,0,0,20,0,17,17,0,0,7,4,0,0,74,1
EMP001,2026-03-15,73,Sunday,1,0,0,0,0,0,0,0,0,0,0,0,0,0,0,0,0,0,0,0,0,1
EMP001,2026-03-16,74,Monday,0,0,0,0,0,8,16,0,0,0,51,0,34,25,0,0,24,25,0,0,183,1
EMP001,2026-03-17,75,Tuesday,0,0,0,0,0,13,25,0,0,0,52,0,58,50,0,0,27,17,0,0,242,1
EMP001,2026-03-18,76,Wednesday,0,0,0,0,0,5,20,0,0,0,32,0,37,20,0,0,34,19,0,0,167,1
EMP001,2026-03-19,77,Thursday,0,0,0,0,0,9,12,0,0,0,38,0,59,22,0,0,20,27,0,0,187,1
EMP001,2026-03-20,78,Friday,0,0,0,0,0,10,22,0,0,0,49,0,35,32,0,0,36,29,0,0,213,1
EMP001,2026-03-21,79,Saturday,1,0,0,0,0,4,5,0,0,0,18,0,16,17,0,0,9,6,0,0,75,1
EMP001,2026-03-22,80,Sunday,1,0,0,0,0,0,0,0,0,0,0,0,0,0,0,0,0,0,0,0,0,1
EMP001,2026-03-23,81,Monday,0,0,0,0,0,11,31,0,0,0,56,0,51,25,0,0,27,27,0,0,228,1
EMP001,2026-03-24,82,Tuesday,0,0,0,0,0,9,13,0,0,0,64,0,63,39,0,0,31,25,0,0,244,1
EMP001,2026-03-25,83,Wednesday,0,0,0,0,0,9,12,0,0,0,30,0,20,14,0,0,12,14,0,0,111,1
EMP001,2026-03-26,84,Thursday,0,0,0,0,0,10,28,0,0,0,81,0,75,53,0,0,39,20,0,0,306,1
EMP001,2026-03-27,85,Friday,0,0,0,0,0,19,31,0,0,0,62,0,60,36,0,0,42,23,0,0,273,1
EMP001,2026-03-28,86,Saturday,1,0,0,0,0,7,14,0,0,0,28,0,32,11,0,0,16,6,0,0,114,1
EMP001,2026-03-29,87,Sunday,1,0,0,0,0,0,0,0,0,0,0,0,0,0,0,0,0,0,0,0,0,1
EMP001,2026-03-30,88,Monday,0,0,0,0,0,11,20,0,0,0,55,0,56,42,0,0,40,27,0,0,251,1
EMP001,2026-03-31,89,Tuesday,0,0,0,0,0,7,16,0,0,0,60,0,50,27,0,0,33,31,0,0,224,1
EMP002,2026-01-01,0,Thursday,0,1,0,0,0,0,0,0,0,0,0,0,0,0,0,0,0,0,0,0,0,0
EMP002,2026-01-02,1,Friday,0,0,0,0,0,0,0,35,0,17,116,0,118,79,0,13,0,0,0,0,378,0
EMP002,2026-01-03,2,Saturday,1,0,0,0,0,0,0,12,0,7,38,0,58,35,0,4,0,0,0,0,154,0
EMP002,2026-01-04,3,Sunday,1,0,0,0,0,0,0,0,0,0,0,0,0,0,0,0,0,0,0,0,0,0
EMP002,2026-01-05,4,Monday,0,0,0,0,0,0,0,31,0,16,91,0,150,72,0,14,0,0,0,0,374,0
EMP002,2026-01-06,5,Tuesday,0,0,0,0,0,0,0,17,0,12,121,0,140,85,0,12,0,0,0,0,387,0
EMP002,2026-01-07,6,Wednesday,0,0,0,0,0,0,0,18,0,16,110,0,129,80,0,13,0,0,0,0,366,0
EMP002,2026-01-08,7,Thursday,0,0,0,0,0,0,0,29,0,17,110,0,132,63,0,9,0,0,0,0,360,0
EMP002,2026-01-09,8,Friday,0,0,0,0,0,0,0,13,0,11,66,0,63,63,0,4,0,0,0,0,220,0
EMP002,2026-01-10,9,Saturday,1,0,0,0,0,0,0,8,0,7,40,0,50,22,0,4,0,0,0,0,131,0
EMP002,2026-01-11,10,Sunday,1,0,0,0,0,0,0,0,0,0,0,0,0,0,0,0,0,0,0,0,0,0
EMP002,2026-01-12,11,Monday,0,0,0,0,0,0,0,26,0,21,101,0,144,72,0,12,0,0,0,0,376,0
EMP002,2026-01-13,12,Tuesday,0,0,0,0,0,0,0,32,0,12,117,0,166,93,0,15,0,0,0,0,435,0
EMP002,2026-01-14,13,Wednesday,0,0,0,0,0,0,0,18,0,15,75,0,129,62,0,13,0,0,0,0,312,0
EMP002,2026-01-15,14,Thursday,0,0,0,0,0,0,0,26,0,15,95,0,100,75,0,12,0,0,0,0,323,0
EMP002,2026-01-16,15,Friday,0,0,0,0,0,0,0,25,0,14,86,0,117,66,0,14,0,0,0,0,322,0
EMP002,2026-01-17,16,Saturday,1,0,0,0,0,0,0,11,0,6,32,0,40,29,0,3,0,0,0,0,121,0
EMP002,2026-01-18,17,Sunday,1,0,0,0,0,0,0,0,0,0,0,0,0,0,0,0,0,0,0,0,0,0
EMP002,2026-01-19,18,Monday,0,0,0,0,0,0,0,24,0,19,107,0,133,72,0,12,0,0,0,0,367,0
EMP002,2026-01-20,19,Tuesday,0,0,0,0,0,0,0,23,0,13,92,0,154,83,0,11,0,0,0,0,376,0
EMP002,2026-01-21,20,Wednesday,0,0,0,0,0,0,0,17,0,19,88,0,124,70,0,8,0,0,0,0,326,0
EMP002,2026-01-22,21,Thursday,0,0,0,0,0,0,0,24,0,11,80,0,101,78,0,9,0,0,0,0,303,0
EMP002,2026-01-23,22,Friday,0,0,0,0,0,0,0,31,0,15,140,0,126,74,0,11,0,0,0,0,397,0
EMP002,2026-01-24,23,Saturday,1,0,0,0,0,0,0,7,0,8,36,0,46,24,0,5,0,0,0,0,126,0
EMP002,2026-01-25,24,Sunday,1,0,0,0,0,0,0,0,0,0,0,0,0,0,0,0,0,0,0,0,0,0
EMP002,2026-01-26,25,Monday,0,1,0,0,0,0,0,0,0,0,0,0,0,0,0,0,0,0,0,0,0,0
EMP002,2026-01-27,26,Tuesday,0,0,0,0,0,0,0,27,0,18,90,0,117,89,0,16,0,0,0,0,357,0
EMP002,2026-01-28,27,Wednesday,0,0,0,0,0,0,0,19,0,15,85,0,151,51,0,10,0,0,0,0,331,0
EMP002,2026-01-29,28,Thursday,0,0,0,0,0,0,0,34,0,20,127,0,178,77,0,15,0,0,0,0,451,0
EMP002,2026-01-30,29,Friday,0,0,0,0,0,0,0,30,0,20,91,0,164,79,0,11,0,0,0,0,395,0
EMP002,2026-01-31,30,Saturday,1,0,0,0,0,0,0,11,0,7,48,0,53,27,0,6,0,0,0,0,152,0
EMP002,2026-02-01,31,Sunday,1,0,0,0,0,0,0,0,0,0,0,0,0,0,0,0,0,0,0,0,0,0
EMP002,2026-02-02,32,Monday,0,0,0,0,0,0,0,39,0,26,102,0,170,99,0,17,0,0,0,0,453,0
EMP002,2026-02-03,33,Tuesday,0,0,0,0,0,0,0,22,0,15,89,0,138,104,0,16,0,0,0,0,384,0
EMP002,2026-02-04,34,Wednesday,0,0,0,0,0,0,0,27,0,18,75,0,110,78,0,10,0,0,0,0,318,0
EMP002,2026-02-05,35,Thursday,0,0,0,0,0,0,0,17,0,10,116,0,151,99,0,14,0,0,0,0,407,0
EMP002,2026-02-06,36,Friday,0,0,0,0,0,0,0,19,0,11,102,0,125,75,0,8,0,0,0,0,340,0
EMP002,2026-02-07,37,Saturday,1,0,1,0,0,0,0,0,0,0,1,0,3,1,0,0,0,0,0,0,5,0
EMP002,2026-02-08,38,Sunday,1,0,0,0,0,0,0,0,0,0,0,0,0,0,0,0,0,0,0,0,0,0
EMP002,2026-02-09,39,Monday,0,0,0,0,0,0,0,26,0,14,136,0,132,68,0,12,0,0,0,0,388,0
EMP002,2026-02-10,40,Tuesday,0,0,0,0,0,0,0,17,0,18,98,0,158,100,0,14,0,0,0,0,405,0
EMP002,2026-02-11,41,Wednesday,0,0,0,0,0,0,0,20,0,18,110,0,131,80,0,14,0,0,0,0,373,0
EMP002,2026-02-12,42,Thursday,0,0,0,0,0,0,0,15,0,17,93,0,102,61,0,11,0,0,0,0,299,0
EMP002,2026-02-13,43,Friday,0,0,0,0,0,0,0,28,0,13,77,0,126,89,0,8,0,0,0,0,341,0
EMP002,2026-02-14,44,Saturday,1,0,0,0,0,0,0,9,0,4,38,0,44,23,0,5,0,0,0,0,123,0
EMP002,2026-02-15,45,Sunday,1,0,0,0,1,0,0,0,0,0,0,0,0,0,0,0,0,0,0,0,0,0
EMP002,2026-02-16,46,Monday,0,0,0,0,0,0,0,22,0,9,73,0,81,63,0,9,0,0,0,0,257,0
EMP002,2026-02-17,47,Tuesday,0,0,0,0,0,0,0,23,0,17,124,0,138,98,0,13,0,0,0,0,413,0
EMP002,2026-02-18,48,Wednesday,0,0,0,0,0,0,0,22,0,12,115,0,121,84,0,8,0,0,0,0,362,0
EMP002,2026-02-19,49,Thursday,0,0,0,0,0,0,0,18,0,13,71,0,120,85,0,13,0,0,0,0,320,0
EMP002,2026-02-20,50,Friday,0,0,0,1,0,0,0,0,0,0,0,0,0,0,0,0,0,0,0,0,0,0
EMP002,2026-02-21,51,Saturday,1,0,0,0,0,0,0,7,0,2,23,0,34,22,0,2,0,0,0,0,90,0
EMP002,2026-02-22,52,Sunday,1,0,0,0,0,0,0,0,0,0,0,0,0,0,0,0,0,0,0,0,0,0
EMP002,2026-02-23,53,Monday,0,0,0,0,0,0,0,25,0,16,70,0,147,58,0,15,0,0,0,0,331,0
EMP002,2026-02-24,54,Tuesday,0,0,0,0,0,0,0,16,0,12,87,0,116,74,0,17,0,0,0,0,322,0
EMP002,2026-02-25,55,Wednesday,0,0,0,0,0,0,0,17,0,18,94,0,100,61,0,15,0,0,0,0,305,0
EMP002,2026-02-26,56,Thursday,0,0,0,0,0,0,0,28,0,13,118,0,123,101,0,16,0,0,0,0,399,0
EMP002,2026-02-27,57,Friday,0,0,0,0,0,0,0,26,0,11,123,0,154,99,0,10,0,0,0,0,423,0
EMP002,2026-02-28,58,Saturday,1,0,0,0,0,0,0,11,0,9,47,0,54,36,0,8,0,0,0,0,165,0
EMP002,2026-03-01,59,Sunday,1,0,0,0,0,0,0,0,0,0,0,0,0,0,0,0,0,0,0,0,0,0
EMP002,2026-03-02,60,Monday,0,1,0,0,0,0,0,0,0,0,0,0,0,0,0,0,0,0,0,0,0,0
EMP002,2026-03-03,61,Tuesday,0,0,0,0,0,0,0,31,0,15,143,0,200,111,0,13,0,0,0,0,513,0
EMP002,2026-03-04,62,Wednesday,0,0,0,0,0,0,0,19,0,11,91,0,118,75,0,15,0,0,0,0,329,0
EMP002,2026-03-05,63,Thursday,0,0,0,0,0,0,0,29,0,16,116,0,108,73,0,10,0,0,0,0,352,0
EMP002,2026-03-06,64,Friday,0,0,0,0,0,0,0,22,0,17,92,0,118,75,0,9,0,0,0,0,333,0
EMP002,2026-03-07,65,Saturday,1,0,0,0,0,0,0,6,0,6,39,0,45,24,0,5,0,0,0,0,125,0
EMP002,2026-03-08,66,Sunday,1,0,0,0,0,0,0,0,0,0,0,0,0,0,0,0,0,0,0,0,0,0
EMP002,2026-03-09,67,Monday,0,0,0,0,0,0,0,25,0,17,102,0,148,62,0,16,0,0,0,0,370,0
EMP002,2026-03-10,68,Tuesday,0,0,0,0,0,0,0,33,0,18,97,0,144,72,0,11,0,0,0,0,375,0
EMP002,2026-03-11,69,Wednesday,0,0,0,0,0,0,0,15,0,16,84,0,152,81,0,12,0,0,0,0,360,0
EMP002,2026-03-12,70,Thursday,0,0,0,0,0,0,0,26,0,14,63,0,105,84,0,13,0,0,0,0,305,0
EMP002,2026-03-13,71,Friday,0,0,0,0,0,0,0,22,0,20,97,0,123,96,0,8,0,0,0,0,366,0
EMP002,2026-03-14,72,Saturday,1,0,0,0,0,0,0,8,0,6,36,0,50,22,0,3,0,0,0,0,125,0
EMP002,2026-03-15,73,Sunday,1,0,0,0,0,0,0,0,0,0,0,0,0,0,0,0,0,0,0,0,0,0
EMP002,2026-03-16,74,Monday,0,0,0,0,0,0,0,25,0,13,78,0,99,62,0,16,0,0,0,0,293,0
EMP002,2026-03-17,75,Tuesday,0,0,0,0,0,0,0,23,0,11,108,0,108,59,0,11,0,0,0,0,320,0
EMP002,2026-03-18,76,Wednesday,0,0,0,0,0,0,0,28,0,20,91,0,104,79,0,15,0,0,0,0,337,0
EMP002,2026-03-19,77,Thursday,0,0,1,0,0,0,0,1,0,1,6,0,9,5,0,0,0,0,0,0,22,0
EMP002,2026-03-20,78,Friday,0,0,0,0,0,0,0,29,0,20,112,0,116,96,0,14,0,0,0,0,387,0
EMP002,2026-03-21,79,Saturday,1,0,0,0,0,0,0,9,0,4,39,0,58,32,0,5,0,0,0,0,147,0
EMP002,2026-03-22,80,Sunday,1,0,0,0,0,0,0,0,0,0,0,0,0,0,0,0,0,0,0,0,0,0
EMP002,2026-03-23,81,Monday,0,0,0,0,0,0,0,22,0,19,124,0,134,74,0,11,0,0,0,0,384,0
EMP002,2026-03-24,82,Tuesday,0,0,0,0,0,0,0,37,0,18,72,0,129,101,0,16,0,0,0,0,373,0
EMP002,2026-03-25,83,Wednesday,0,0,0,0,0,0,0,46,0,23,104,0,119,92,0,27,0,0,0,0,411,0
EMP002,2026-03-26,84,Thursday,0,0,1,0,0,0,0,3,0,2,7,0,8,6,0,1,0,0,0,0,27,0
EMP002,2026-03-27,85,Friday,0,0,0,0,0,0,0,47,0,27,108,0,135,114,0,25,0,0,0,0,456,0
EMP002,2026-03-28,86,Saturday,1,0,0,0,0,0,0,17,0,14,39,0,70,34,0,10,0,0,0,0,184,0
EMP002,2026-03-29,87,Sunday,1,0,0,0,0,0,0,0,0,0,0,0,0,0,0,0,0,0,0,0,0,0
EMP002,2026-03-30,88,Monday,0,0,0,0,0,0,0,56,0,20,136,0,148,75,0,18,0,0,0,0,453,0
EMP002,2026-03-31,89,Tuesday,0,0,0,0,0,0,0,45,0,37,125,0,142,89,0,17,0,0,0,0,455,0
EMP003,2026-01-01,0,Thursday,0,1,0,0,0,0,0,0,0,0,0,0,0,0,0,0,0,0,0,0,0,0
EMP003,2026-01-02,1,Friday,0,0,0,0,0,0,0,14,0,13,69,0,91,67,0,7,0,0,0,0,261,0
EMP003,2026-01-03,2,Saturday,1,0,0,0,0,0,0,8,0,5,26,0,38,24,0,4,0,0,0,0,105,0
EMP003,2026-01-04,3,Sunday,1,0,0,0,0,0,0,0,0,0,0,0,0,0,0,0,0,0,0,0,0,0
EMP003,2026-01-05,4,Monday,0,0,0,0,0,0,0,22,0,14,71,0,80,39,0,7,0,0,0,0,233,0
EMP003,2026-01-06,5,Tuesday,0,0,0,0,0,0,0,18,0,14,62,0,83,40,0,10,0,0,0,0,227,0
EMP003,2026-01-07,6,Wednesday,0,0,0,0,0,0,0,14,0,11,50,0,72,32,0,8,0,0,0,0,187,0
EMP003,2026-01-08,7,Thursday,0,0,0,0,0,0,0,13,0,10,52,0,85,57,0,9,0,0,0,0,226,0
EMP003,2026-01-09,8,Friday,0,0,0,0,0,0,0,14,0,12,49,0,72,54,0,7,0,0,0,0,208,0
EMP003,2026-01-10,9,Saturday,1,0,0,0,0,0,0,7,0,4,17,0,34,15,0,2,0,0,0,0,79,0
EMP003,2026-01-11,10,Sunday,1,0,0,0,0,0,0,0,0,0,0,0,0,0,0,0,0,0,0,0,0,0
EMP003,2026-01-12,11,Monday,0,0,0,0,0,0,0,15,0,8,83,0,73,48,0,9,0,0,0,0,236,0
EMP003,2026-01-13,12,Tuesday,0,0,0,0,0,0,0,12,0,13,54,0,78,57,0,9,0,0,0,0,223,0
EMP003,2026-01-14,13,Wednesday,0,0,0,0,0,0,0,19,0,7,68,0,62,45,0,7,0,0,0,0,208,0
EMP003,2026-01-15,14,Thursday,0,0,0,0,0,0,0,17,0,11,58,0,75,60,0,6,0,0,0,0,227,0
EMP003,2026-01-16,15,Friday,0,0,0,0,0,0,0,13,0,10,61,0,99,57,0,7,0,0,0,0,247,0
EMP003,2026-01-17,16,Saturday,1,0,0,0,0,0,0,5,0,3,30,0,30,27,0,2,0,0,0,0,97,0
EMP003,2026-01-18,17,Sunday,1,0,0,0,0,0,0,0,0,0,0,0,0,0,0,0,0,0,0,0,0,0
EMP003,2026-01-19,18,Monday,0,0,0,0,0,0,0,19,0,8,65,0,82,42,0,10,0,0,0,0,226,0
EMP003,2026-01-20,19,Tuesday,0,0,0,1,0,0,0,0,0,0,0,0,0,0,0,0,0,0,0,0,0,0
EMP003,2026-01-21,20,Wednesday,0,0,0,0,0,0,0,11,0,12,95,0,73,35,0,7,0,0,0,0,233,0
EMP003,2026-01-22,21,Thursday,0,0,0,0,0,0,0,11,0,9,54,0,86,48,0,7,0,0,0,0,215,0
EMP003,2026-01-23,22,Friday,0,0,0,0,0,0,0,20,0,11,72,0,67,49,0,7,0,0,0,0,226,0
EMP003,2026-01-24,23,Saturday,1,0,0,0,0,0,0,6,0,4,23,0,31,23,0,2,0,0,0,0,89,0
EMP003,2026-01-25,24,Sunday,1,0,0,0,0,0,0,0,0,0,0,0,0,0,0,0,0,0,0,0,0,0
EMP003,2026-01-26,25,Monday,0,1,0,0,0,0,0,0,0,0,0,0,0,0,0,0,0,0,0,0,0,0
EMP003,2026-01-27,26,Tuesday,0,0,1,0,0,0,0,1,0,0,4,0,6,6,0,0,0,0,0,0,17,0
EMP003,2026-01-28,27,Wednesday,0,0,0,0,0,0,0,17,0,8,56,0,75,59,0,12,0,0,0,0,227,0
EMP003,2026-01-29,28,Thursday,0,0,0,0,0,0,0,38,0,12,78,0,97,52,0,8,0,0,0,0,285,0
EMP003,2026-01-30,29,Friday,0,0,0,0,0,0,0,33,0,13,98,0,134,41,0,13,0,0,0,0,332,0
EMP003,2026-01-31,30,Saturday,1,0,0,0,0,0,0,6,0,4,27,0,40,23,0,4,0,0,0,0,104,0
EMP003,2026-02-01,31,Sunday,1,0,0,0,0,0,0,0,0,0,0,0,0,0,0,0,0,0,0,0,0,0
EMP003,2026-02-02,32,Monday,0,0,0,0,0,0,0,17,0,12,109,0,125,59,0,8,0,0,0,0,330,0
EMP003,2026-02-03,33,Tuesday,0,0,0,0,0,0,0,24,0,12,107,0,137,71,0,16,0,0,0,0,367,0
EMP003,2026-02-04,34,Wednesday,0,0,0,0,0,0,0,17,0,9,65,0,105,50,0,7,0,0,0,0,253,0
EMP003,2026-02-05,35,Thursday,0,0,0,0,0,0,0,15,0,9,60,0,97,54,0,9,0,0,0,0,244,0
EMP003,2026-02-06,36,Friday,0,0,0,0,0,0,0,24,0,9,88,0,130,60,0,11,0,0,0,0,322,0
EMP003,2026-02-07,37,Saturday,1,0,0,0,0,0,0,9,0,3,27,0,38,18,0,4,0,0,0,0,99,0
EMP003,2026-02-08,38,Sunday,1,0,0,0,0,0,0,0,0,0,0,0,0,0,0,0,0,0,0,0,0,0
EMP003,2026-02-09,39,Monday,0,0,0,0,0,0,0,22,0,14,114,0,117,51,0,11,0,0,0,0,329,0
EMP003,2026-02-10,40,Tuesday,0,0,0,0,0,0,0,25,0,21,66,0,113,76,0,8,0,0,0,0,309,0
EMP003,2026-02-11,41,Wednesday,0,0,0,0,0,0,0,20,0,14,67,0,92,42,0,8,0,0,0,0,243,0
EMP003,2026-02-12,42,Thursday,0,0,0,0,0,0,0,15,0,17,83,0,105,78,0,12,0,0,0,0,310,0
EMP003,2026-02-13,43,Friday,0,0,0,1,0,0,0,0,0,0,0,0,0,0,0,0,0,0,0,0,0,0
EMP003,2026-02-14,44,Saturday,1,0,0,0,0,0,0,5,0,4,26,0,33,27,0,3,0,0,0,0,98,0
EMP003,2026-02-15,45,Sunday,1,0,0,0,1,0,0,0,0,0,0,0,0,0,0,0,0,0,0,0,0,0
EMP003,2026-02-16,46,Monday,0,0,0,0,0,0,0,16,0,9,72,0,108,50,0,6,0,0,0,0,261,0
EMP003,2026-02-17,47,Tuesday,0,0,0,0,0,0,0,26,0,20,83,0,112,62,0,9,0,0,0,0,312,0
EMP003,2026-02-18,48,Wednesday,0,0,0,0,0,0,0,19,0,11,63,0,105,49,0,8,0,0,0,0,255,0
EMP003,2026-02-19,49,Thursday,0,0,0,0,0,0,0,20,0,14,107,0,94,46,0,8,0,0,0,0,289,0
EMP003,2026-02-20,50,Friday,0,0,0,0,0,0,0,22,0,15,89,0,95,83,0,8,0,0,0,0,312,0
EMP003,2026-02-21,51,Saturday,1,0,0,0,0,0,0,9,0,5,31,0,35,29,0,4,0,0,0,0,113,0
EMP003,2026-02-22,52,Sunday,1,0,0,0,0,0,0,0,0,0,0,0,0,0,0,0,0,0,0,0,0,0
EMP003,2026-02-23,53,Monday,0,0,0,0,0,0,0,22,0,9,66,0,115,80,0,9,0,0,0,0,301,0
EMP003,2026-02-24,54,Tuesday,0,0,0,0,0,0,0,27,0,8,73,0,120,62,0,13,0,0,0,0,303,0
EMP003,2026-02-25,55,Wednesday,0,0,0,0,0,0,0,17,0,16,94,0,78,69,0,6,0,0,0,0,280,0
EMP003,2026-02-26,56,Thursday,0,0,0,0,0,0,0,30,0,13,90,0,138,47,0,12,0,0,0,0,330,0
EMP003,2026-02-27,57,Friday,0,0,0,0,0,0,0,17,0,20,94,0,140,74,0,14,0,0,0,0,359,0
EMP003,2026-02-28,58,Saturday,1,0,0,0,0,0,0,10,0,8,33,0,52,25,0,5,0,0,0,0,133,0
EMP003,2026-03-01,59,Sunday,1,0,0,0,0,0,0,0,0,0,0,0,0,0,0,0,0,0,0,0,0,0
EMP003,2026-03-02,60,Monday,0,1,0,0,0,0,0,0,0,0,0,0,0,0,0,0,0,0,0,0,0,0
EMP003,2026-03-03,61,Tuesday,0,0,0,0,0,0,0,35,0,22,109,0,156,87,0,10,0,0,0,0,419,0
EMP003,2026-03-04,62,Wednesday,0,0,0,0,0,0,0,27,0,9,87,0,70,82,0,9,0,0,0,0,284,0
EMP003,2026-03-05,63,Thursday,0,0,0,0,0,0,0,20,0,14,84,0,96,59,0,7,0,0,0,0,280,0
EMP003,2026-03-06,64,Friday,0,0,0,0,0,0,0,26,0,10,82,0,116,63,0,8,0,0,0,0,305,0
EMP003,2026-03-07,65,Saturday,1,0,0,0,0,0,0,9,0,6,29,0,46,24,0,3,0,0,0,0,117,0
EMP003,2026-03-08,66,Sunday,1,0,0,0,0,0,0,0,0,0,0,0,0,0,0,0,0,0,0,0,0,0
EMP003,2026-03-09,67,Monday,0,0,0,0,0,0,0,12,0,5,39,0,74,46,0,6,0,0,0,0,182,0
EMP003,2026-03-10,68,Tuesday,0,0,0,0,0,0,0,31,0,14,82,0,107,69,0,8,0,0,0,0,311,0
EMP003,2026-03-11,69,Wednesday,0,0,0,1,0,0,0,0,0,0,0,0,0,0,0,0,0,0,0,0,0,0
EMP003,2026-03-12,70,Thursday,0,0,0,0,0,0,0,14,0,9,80,0,99,75,0,8,0,0,0,0,285,0
EMP003,2026-03-13,71,Friday,0,0,0,0,0,0,0,24,0,9,70,0,116,54,0,10,0,0,0,0,283,0
EMP003,2026-03-14,72,Saturday,1,0,0,0,0,0,0,9,0,4,24,0,36,16,0,4,0,0,0,0,93,0
EMP003,2026-03-15,73,Sunday,1,0,0,0,0,0,0,0,0,0,0,0,0,0,0,0,0,0,0,0,0,0
EMP003,2026-03-16,74,Monday,0,0,0,0,0,0,0,18,0,11,67,0,100,43,0,9,0,0,0,0,248,0
EMP003,2026-03-17,75,Tuesday,0,0,0,0,0,0,0,14,0,12,67,0,143,83,0,12,0,0,0,0,331,0
EMP003,2026-03-18,76,Wednesday,0,0,0,0,0,0,0,24,0,16,78,0,90,65,0,10,0,0,0,0,283,0
EMP003,2026-03-19,77,Thursday,0,0,0,0,0,0,0,23,0,12,63,0,114,84,0,11,0,0,0,0,307,0
EMP003,2026-03-20,78,Friday,0,0,0,0,0,0,0,12,0,17,82,0,123,64,0,12,0,0,0,0,310,0
EMP003,2026-03-21,79,Saturday,1,0,0,0,0,0,0,9,0,6,23,0,26,23,0,3,0,0,0,0,90,0
EMP003,2026-03-22,80,Sunday,1,0,0,0,0,0,0,0,0,0,0,0,0,0,0,0,0,0,0,0,0,0
EMP003,2026-03-23,81,Monday,0,0,1,0,0,0,0,2,0,1,7,0,9,7,0,1,0,0,0,0,27,0
EMP003,2026-03-24,82,Tuesday,0,0,0,0,0,0,0,16,0,17,101,0,107,46,0,13,0,0,0,0,300,0
EMP003,2026-03-25,83,Wednesday,0,0,0,0,0,0,0,55,0,19,88,0,155,58,0,16,0,0,0,0,391,0
EMP003,2026-03-26,84,Thursday,0,0,0,0,0,0,0,33,0,32,82,0,168,54,0,15,0,0,0,0,384,0
EMP003,2026-03-27,85,Friday,0,0,0,0,0,0,0,18,0,7,44,0,57,38,0,7,0,0,0,0,171,0
EMP003,2026-03-28,86,Saturday,1,0,0,0,0,0,0,16,0,7,44,0,50,26,0,7,0,0,0,0,150,0
EMP003,2026-03-29,87,Sunday,1,0,0,0,0,0,0,0,0,0,0,0,0,0,0,0,0,0,0,0,0,0
EMP003,2026-03-30,88,Monday,0,0,0,0,0,0,0,15,0,10,36,0,61,37,0,10,0,0,0,0,169,0
EMP003,2026-03-31,89,Tuesday,0,0,0,0,0,0,0,27,0,26,113,0,118,71,0,13,0,0,0,0,368,0
EMP004,2026-01-01,0,Thursday,0,1,0,0,0,0,0,0,0,0,0,0,0,0,0,0,0,0,0,0,0,0
EMP004,2026-01-02,1,Friday,0,0,0,0,0,0,0,33,0,14,84,0,128,68,0,13,0,0,0,0,340,0
EMP004,2026-01-03,2,Saturday,1,0,0,0,0,0,0,10,0,7,36,0,72,39,0,4,0,0,0,0,168,0
EMP004,2026-01-04,3,Sunday,1,0,0,0,0,0,0,0,0,0,0,0,0,0,0,0,0,0,0,0,0,0
EMP004,2026-01-05,4,Monday,0,0,0,0,0,0,0,30,0,15,94,0,104,97,0,12,0,0,0,0,352,0
EMP004,2026-01-06,5,Tuesday,0,0,0,0,0,0,0,20,0,12,86,0,149,69,0,10,0,0,0,0,346,0
EMP004,2026-01-07,6,Wednesday,0,0,0,0,0,0,0,16,0,13,91,0,90,90,0,15,0,0,0,0,315,0
EMP004,2026-01-08,7,Thursday,0,0,0,0,0,0,0,26,0,18,64,0,121,59,0,9,0,0,0,0,297,0
EMP004,2026-01-09,8,Friday,0,0,0,0,0,0,0,29,0,16,116,0,137,78,0,8,0,0,0,0,384,0
EMP004,2026-01-10,9,Saturday,1,0,0,0,0,0,0,11,0,4,30,0,47,32,0,3,0,0,0,0,127,0
EMP004,2026-01-11,10,Sunday,1,0,0,0,0,0,0,0,0,0,0,0,0,0,0,0,0,0,0,0,0,0
EMP004,2026-01-12,11,Monday,0,0,1,0,0,0,0,2,0,0,9,0,9,8,0,0,0,0,0,0,28,0
EMP004,2026-01-13,12,Tuesday,0,0,0,0,0,0,0,33,0,16,117,0,116,54,0,10,0,0,0,0,346,0
EMP004,2026-01-14,13,Wednesday,0,0,0,0,0,0,0,28,0,11,62,0,138,52,0,10,0,0,0,0,301,0
EMP004,2026-01-15,14,Thursday,0,0,0,0,0,0,0,28,0,16,94,0,122,74,0,14,0,0,0,0,348,0
EMP004,2026-01-16,15,Friday,0,0,0,0,0,0,0,17,0,21,98,0,136,86,0,11,0,0,0,0,369,0
EMP004,2026-01-17,16,Saturday,1,0,0,0,0,0,0,11,0,7,28,0,55,26,0,3,0,0,0,0,130,0
EMP004,2026-01-18,17,Sunday,1,0,0,0,0,0,0,0,0,0,0,0,0,0,0,0,0,0,0,0,0,0
EMP004,2026-01-19,18,Monday,0,0,0,0,0,0,0,19,0,11,121,0,134,69,0,15,0,0,0,0,369,0
EMP004,2026-01-20,19,Tuesday,0,0,0,0,0,0,0,28,0,12,112,0,161,63,0,10,0,0,0,0,386,0
EMP004,2026-01-21,20,Wednesday,0,0,0,0,0,0,0,16,0,20,104,0,115,58,0,15,0,0,0,0,328,0
EMP004,2026-01-22,21,Thursday,0,0,0,0,0,0,0,27,0,19,78,0,115,54,0,11,0,0,0,0,304,0
EMP004,2026-01-23,22,Friday,0,0,0,0,0,0,0,27,0,20,84,0,144,57,0,11,0,0,0,0,343,0
EMP004,2026-01-24,23,Saturday,1,0,0,0,0,0,0,10,0,4,27,0,54,21,0,5,0,0,0,0,121,0
EMP004,2026-01-25,24,Sunday,1,0,0,0,0,0,0,0,0,0,0,0,0,0,0,0,0,0,0,0,0,0
EMP004,2026-01-26,25,Monday,0,1,0,0,0,0,0,0,0,0,0,0,0,0,0,0,0,0,0,0,0,0
EMP004,2026-01-27,26,Tuesday,0,0,0,0,0,0,0,18,0,24,92,0,149,101,0,11,0,0,0,0,395,0
EMP004,2026-01-28,27,Wednesday,0,0,0,0,0,0,0,29,0,11,90,0,118,63,0,11,0,0,0,0,322,0
EMP004,2026-01-29,28,Thursday,0,0,0,0,0,0,0,45,0,24,112,0,152,67,0,13,0,0,0,0,413,0
EMP004,2026-01-30,29,Friday,0,0,0,0,0,0,0,39,0,13,99,0,174,98,0,11,0,0,0,0,434,0
EMP004,2026-01-31,30,Saturday,1,0,0,0,0,0,0,9,0,8,32,0,51,35,0,6,0,0,0,0,141,0
EMP004,2026-02-01,31,Sunday,1,0,0,0,0,0,0,0,0,0,0,0,0,0,0,0,0,0,0,0,0,0
EMP004,2026-02-02,32,Monday,0,0,0,0,0,0,0,29,0,22,147,0,168,69,0,11,0,0,0,0,446,0
EMP004,2026-02-03,33,Tuesday,0,0,0,0,0,0,0,35,0,13,138,0,133,74,0,19,0,0,0,0,412,0
EMP004,2026-02-04,34,Wednesday,0,0,0,0,0,0,0,15,0,11,116,0,121,91,0,11,0,0,0,0,365,0
EMP004,2026-02-05,35,Thursday,0,0,0,0,0,0,0,16,0,18,88,0,113,77,0,14,0,0,0,0,326,0
EMP004,2026-02-06,36,Friday,0,0,0,0,0,0,0,16,0,24,108,0,134,62,0,12,0,0,0,0,356,0
EMP004,2026-02-07,37,Saturday,1,0,0,0,0,0,0,11,0,6,37,0,52,21,0,4,0,0,0,0,131,0
EMP004,2026-02-08,38,Sunday,1,0,0,0,0,0,0,0,0,0,0,0,0,0,0,0,0,0,0,0,0,0
EMP004,2026-02-09,39,Monday,0,0,0,0,0,0,0,33,0,17,100,0,168,77,0,8,0,0,0,0,403,0
EMP004,2026-02-10,40,Tuesday,0,0,0,0,0,0,0,28,0,23,86,0,178,58,0,17,0,0,0,0,390,0
EMP004,2026-02-11,41,Wednesday,0,0,0,0,0,0,0,21,0,21,79,0,92,78,0,14,0,0,0,0,305,0
EMP004,2026-02-12,42,Thursday,0,0,0,0,0,0,0,16,0,13,74,0,90,56,0,13,0,0,0,0,262,0
EMP004,2026-02-13,43,Friday,0,0,0,1,0,0,0,0,0,0,0,0,0,0,0,0,0,0,0,0,0,0
EMP004,2026-02-14,44,Saturday,1,0,0,0,0,0,0,6,0,6,42,0,51,25,0,4,0,0,0,0,134,0
EMP004,2026-02-15,45,Sunday,1,0,0,0,1,0,0,0,0,0,0,0,0,0,0,0,0,0,0,0,0,0
EMP004,2026-02-16,46,Monday,0,0,0,0,0,0,0,25,0,11,112,0,133,68,0,11,0,0,0,0,360,0
EMP004,2026-02-17,47,Tuesday,0,0,0,0,0,0,0,28,0,18,135,0,139,63,0,12,0,0,0,0,395,0
EMP004,2026-02-18,48,Wednesday,0,0,0,0,0,0,0,24,0,17,97,0,126,75,0,9,0,0,0,0,348,0
EMP004,2026-02-19,49,Thursday,0,0,0,0,0,0,0,13,0,17,112,0,117,55,0,11,0,0,0,0,325,0
EMP004,2026-02-20,50,Friday,0,0,0,0,0,0,0,28,0,15,133,0,147,85,0,13,0,0,0,0,421,0
EMP004,2026-02-21,51,Saturday,1,0,0,0,0,0,0,7,0,7,40,0,48,18,0,4,0,0,0,0,124,0
EMP004,2026-02-22,52,Sunday,1,0,0,0,0,0,0,0,0,0,0,0,0,0,0,0,0,0,0,0,0,0
EMP004,2026-02-23,53,Monday,0,0,0,0,0,0,0,17,0,22,111,0,145,74,0,16,0,0,0,0,385,0
EMP004,2026-02-24,54,Tuesday,0,0,0,0,0,0,0,24,0,14,102,0,150,63,0,16,0,0,0,0,369,0
EMP004,2026-02-25,55,Wednesday,0,0,0,0,0,0,0,26,0,16,68,0,106,83,0,14,0,0,0,0,313,0
EMP004,2026-02-26,56,Thursday,0,0,1,0,0,0,0,2,0,1,8,0,14,5,0,0,0,0,0,0,30,0
EMP004,2026-02-27,57,Friday,0,0,0,0,0,0,0,35,0,12,112,0,166,91,0,12,0,0,0,0,428,0
EMP004,2026-02-28,58,Saturday,1,0,0,0,0,0,0,19,0,9,34,0,66,27,0,5,0,0,0,0,160,0
EMP004,2026-03-01,59,Sunday,1,0,0,0,0,0,0,0,0,0,0,0,0,0,0,0,0,0,0,0,0,0
EMP004,2026-03-02,60,Monday,0,1,0,0,0,0,0,0,0,0,0,0,0,0,0,0,0,0,0,0,0,0
EMP004,2026-03-03,61,Tuesday,0,0,0,0,0,0,0,27,0,26,147,0,120,82,0,16,0,0,0,0,418,0
EMP004,2026-03-04,62,Wednesday,0,0,0,0,0,0,0,15,0,11,71,0,132,63,0,14,0,0,0,0,306,0
EMP004,2026-03-05,63,Thursday,0,0,0,0,0,0,0,18,0,11,119,0,155,103,0,8,0,0,0,0,414,0
EMP004,2026-03-06,64,Friday,0,0,0,0,0,0,0,35,0,16,79,0,129,75,0,11,0,0,0,0,345,0
EMP004,2026-03-07,65,Saturday,1,0,0,0,0,0,0,8,0,5,30,0,44,25,0,3,0,0,0,0,115,0
EMP004,2026-03-08,66,Sunday,1,0,0,0,0,0,0,0,0,0,0,0,0,0,0,0,0,0,0,0,0,0
EMP004,2026-03-09,67,Monday,0,0,0,0,0,0,0,30,0,20,91,0,108,74,0,15,0,0,0,0,338,0
EMP004,2026-03-10,68,Tuesday,0,0,0,0,0,0,0,23,0,16,105,0,157,79,0,13,0,0,0,0,393,0
EMP004,2026-03-11,69,Wednesday,0,0,0,0,0,0,0,20,0,11,65,0,124,57,0,14,0,0,0,0,291,0
EMP004,2026-03-12,70,Thursday,0,0,0,0,0,0,0,16,0,10,70,0,133,73,0,8,0,0,0,0,310,0
EMP004,2026-03-13,71,Friday,0,0,0,0,0,0,0,15,0,12,105,0,110,73,0,11,0,0,0,0,326,0
EMP004,2026-03-14,72,Saturday,1,0,0,0,0,0,0,7,0,7,41,0,50,29,0,3,0,0,0,0,137,0
EMP004,2026-03-15,73,Sunday,1,0,0,0,0,0,0,0,0,0,0,0,0,0,0,0,0,0,0,0,0,0
EMP004,2026-03-16,74,Monday,0,0,0,0,0,0,0,15,0,11,96,0,124,75,0,13,0,0,0,0,334,0
EMP004,2026-03-17,75,Tuesday,0,0,0,0,0,0,0,32,0,20,136,0,138,81,0,13,0,0,0,0,420,0
EMP004,2026-03-18,76,Wednesday,0,0,0,0,0,0,0,29,0,18,85,0,114,86,0,13,0,0,0,0,345,0
EMP004,2026-03-19,77,Thursday,0,0,0,0,0,0,0,23,0,21,64,0,126,85,0,13,0,0,0,0,332,0
EMP004,2026-03-20,78,Friday,0,0,0,0,0,0,0,28,0,12,92,0,128,70,0,14,0,0,0,0,344,0
EMP004,2026-03-21,79,Saturday,1,0,0,0,0,0,0,8,0,5,38,0,53,32,0,4,0,0,0,0,140,0
EMP004,2026-03-22,80,Sunday,1,0,0,0,0,0,0,0,0,0,0,0,0,0,0,0,0,0,0,0,0,0
EMP004,2026-03-23,81,Monday,0,0,0,1,0,0,0,0,0,0,0,0,0,0,0,0,0,0,0,0,0,0
EMP004,2026-03-24,82,Tuesday,0,0,0,0,0,0,0,17,0,19,88,0,142,83,0,13,0,0,0,0,362,0
EMP004,2026-03-25,83,Wednesday,0,0,0,0,0,0,0,60,0,37,144,0,170,84,0,19,0,0,0,0,514,0
EMP004,2026-03-26,84,Thursday,0,0,0,0,0,0,0,34,0,28,88,0,141,66,0,22,0,0,0,0,379,0
EMP004,2026-03-27,85,Friday,0,0,0,0,0,0,0,64,0,32,155,0,161,107,0,32,0,0,0,0,551,0
EMP004,2026-03-28,86,Saturday,1,0,0,0,0,0,0,19,0,10,39,0,62,35,0,8,0,0,0,0,173,0
EMP004,2026-03-29,87,Sunday,1,0,0,0,0,0,0,0,0,0,0,0,0,0,0,0,0,0,0,0,0,0
EMP004,2026-03-30,88,Monday,0,0,0,0,0,0,0,56,0,26,150,0,131,98,0,17,0,0,0,0,478,0
EMP004,2026-03-31,89,Tuesday,0,0,0,0,0,0,0,47,0,29,138,0,165,130,0,23,0,0,0,0,532,0
EMP005,2026-01-01,0,Thursday,0,1,0,0,0,0,0,0,0,0,0,0,0,0,0,0,0,0,0,0,0,0
EMP005,2026-01-02,1,Friday,0,0,0,0,0,0,0,14,0,10,92,0,108,43,0,12,0,0,0,0,279,0
EMP005,2026-01-03,2,Saturday,1,0,0,0,0,0,0,5,0,5,24,0,38,22,0,4,0,0,0,0,98,0
EMP005,2026-01-04,3,Sunday,1,0,0,0,0,0,0,0,0,0,0,0,0,0,0,0,0,0,0,0,0,0
EMP005,2026-01-05,4,Monday,0,0,0,0,0,0,0,17,0,10,64,0,75,44,0,8,0,0,0,0,218,0
EMP005,2026-01-06,5,Tuesday,0,0,0,0,0,0,0,16,0,8,58,0,105,38,0,6,0,0,0,0,231,0
EMP005,2026-01-07,6,Wednesday,0,0,0,0,0,0,0,14,0,13,61,0,83,54,0,9,0,0,0,0,234,0
EMP005,2026-01-08,7,Thursday,0,0,0,0,0,0,0,11,0,12,50,0,80,39,0,11,0,0,0,0,203,0
EMP005,2026-01-09,8,Friday,0,0,0,0,0,0,0,22,0,12,55,0,108,65,0,9,0,0,0,0,271,0
EMP005,2026-01-10,9,Saturday,1,0,0,0,0,0,0,4,0,5,23,0,32,20,0,3,0,0,0,0,87,0
EMP005,2026-01-11,10,Sunday,1,0,0,0,0,0,0,0,0,0,0,0,0,0,0,0,0,0,0,0,0,0
EMP005,2026-01-12,11,Monday,0,0,1,0,0,0,0,0,0,0,3,0,8,4,0,0,0,0,0,0,15,0
EMP005,2026-01-13,12,Tuesday,0,0,0,0,0,0,0,18,0,14,66,0,85,50,0,7,0,0,0,0,240,0
EMP005,2026-01-14,13,Wednesday,0,0,0,0,0,0,0,20,0,11,48,0,96,43,0,10,0,0,0,0,228,0
EMP005,2026-01-15,14,Thursday,0,0,0,0,0,0,0,6,0,5,28,0,39,22,0,3,0,0,0,0,103,0
EMP005,2026-01-16,15,Friday,0,0,0,0,0,0,0,13,0,10,84,0,96,63,0,7,0,0,0,0,273,0
EMP005,2026-01-17,16,Saturday,1,0,1,0,0,0,0,0,0,0,1,0,2,1,0,0,0,0,0,0,4,0
EMP005,2026-01-18,17,Sunday,1,0,0,0,0,0,0,0,0,0,0,0,0,0,0,0,0,0,0,0,0,0
EMP005,2026-01-19,18,Monday,0,0,0,0,0,0,0,16,0,12,79,0,88,65,0,11,0,0,0,0,271,0
EMP005,2026-01-20,19,Tuesday,0,0,0,0,0,0,0,16,0,15,91,0,111,74,0,7,0,0,0,0,314,0
EMP005,2026-01-21,20,Wednesday,0,0,0,0,0,0,0,20,0,17,59,0,106,54,0,8,0,0,0,0,264,0
EMP005,2026-01-22,21,Thursday,0,0,0,0,0,0,0,17,0,8,96,0,97,65,0,8,0,0,0,0,291,0
EMP005,2026-01-23,22,Friday,0,0,0,0,0,0,0,18,0,16,82,0,88,78,0,12,0,0,0,0,294,0
EMP005,2026-01-24,23,Saturday,1,0,0,0,0,0,0,8,0,6,24,0,52,29,0,4,0,0,0,0,123,0
EMP005,2026-01-25,24,Sunday,1,0,0,0,0,0,0,0,0,0,0,0,0,0,0,0,0,0,0,0,0,0
EMP005,2026-01-26,25,Monday,0,1,0,0,0,0,0,0,0,0,0,0,0,0,0,0,0,0,0,0,0,0
EMP005,2026-01-27,26,Tuesday,0,0,0,0,0,0,0,28,0,12,108,0,100,67,0,10,0,0,0,0,325,0
EMP005,2026-01-28,27,Wednesday,0,0,0,0,0,0,0,17,0,11,71,0,103,75,0,13,0,0,0,0,290,0
EMP005,2026-01-29,28,Thursday,0,0,0,0,0,0,0,25,0,16,107,0,99,86,0,10,0,0,0,0,343,0
EMP005,2026-01-30,29,Friday,0,0,0,0,0,0,0,50,0,17,76,0,122,94,0,14,0,0,0,0,373,0
EMP005,2026-01-31,30,Saturday,1,0,0,0,0,0,0,12,0,5,35,0,46,40,0,4,0,0,0,0,142,0
EMP005,2026-02-01,31,Sunday,1,0,0,0,0,0,0,0,0,0,0,0,0,0,0,0,0,0,0,0,0,0
EMP005,2026-02-02,32,Monday,0,0,0,1,0,0,0,0,0,0,0,0,0,0,0,0,0,0,0,0,0,0
EMP005,2026-02-03,33,Tuesday,0,0,0,0,0,0,0,39,0,15,154,0,180,112,0,19,0,0,0,0,519,0
EMP005,2026-02-04,34,Wednesday,0,0,0,0,0,0,0,24,0,16,90,0,99,52,0,12,0,0,0,0,293,0
EMP005,2026-02-05,35,Thursday,0,0,0,0,0,0,0,30,0,10,110,0,135,67,0,7,0,0,0,0,359,0
EMP005,2026-02-06,36,Friday,0,0,0,0,0,0,0,26,0,19,94,0,166,91,0,11,0,0,0,0,407,0
EMP005,2026-02-07,37,Saturday,1,0,0,0,0,0,0,10,0,4,40,0,52,36,0,4,0,0,0,0,146,0
EMP005,2026-02-08,38,Sunday,1,0,0,0,0,0,0,0,0,0,0,0,0,0,0,0,0,0,0,0,0,0
EMP005,2026-02-09,39,Monday,0,0,0,1,0,0,0,0,0,0,0,0,0,0,0,0,0,0,0,0,0,0
EMP005,2026-02-10,40,Tuesday,0,0,0,0,0,0,0,32,0,13,126,0,151,66,0,13,0,0,0,0,401,0
EMP005,2026-02-11,41,Wednesday,0,0,0,0,0,0,0,28,0,10,98,0,120,105,0,10,0,0,0,0,371,0
EMP005,2026-02-12,42,Thursday,0,0,0,0,0,0,0,17,0,13,115,0,134,86,0,11,0,0,0,0,376,0
EMP005,2026-02-13,43,Friday,0,0,0,0,0,0,0,35,0,14,125,0,108,88,0,11,0,0,0,0,381,0
EMP005,2026-02-14,44,Saturday,1,0,0,0,0,0,0,12,0,6,48,0,60,28,0,3,0,0,0,0,157,0
EMP005,2026-02-15,45,Sunday,1,0,0,0,1,0,0,0,0,0,0,0,0,0,0,0,0,0,0,0,0,0
EMP005,2026-02-16,46,Monday,0,0,0,0,0,0,0,21,0,15,114,0,147,98,0,15,0,0,0,0,410,0
EMP005,2026-02-17,47,Tuesday,0,0,0,0,0,0,0,23,0,14,112,0,193,103,0,13,0,0,0,0,458,0
EMP005,2026-02-18,48,Wednesday,0,0,0,0,0,0,0,24,0,20,88,0,151,78,0,14,0,0,0,0,375,0
EMP005,2026-02-19,49,Thursday,0,0,0,0,0,0,0,19,0,16,82,0,167,80,0,14,0,0,0,0,378,0
EMP005,2026-02-20,50,Friday,0,0,0,0,0,7,22,39,0,32,64,0,51,26,0,27,29,15,0,0,312,0
EMP005,2026-02-21,51,Saturday,1,0,0,0,0,4,9,16,0,12,23,0,19,7,0,4,11,8,0,0,113,0
EMP005,2026-02-22,52,Sunday,1,0,0,0,0,0,0,0,0,0,0,0,0,0,0,0,0,0,0,0,0,0
EMP005,2026-02-23,53,Monday,0,0,0,0,0,17,15,37,0,29,63,0,61,21,0,17,26,30,0,0,316,0
EMP005,2026-02-24,54,Tuesday,0,0,0,0,0,9,37,38,0,30,72,0,30,26,0,19,26,18,0,0,305,0
EMP005,2026-02-25,55,Wednesday,0,0,0,0,0,8,16,41,0,27,70,0,47,29,0,21,17,19,0,0,295,0
EMP005,2026-02-26,56,Thursday,0,0,0,0,0,9,20,59,0,30,68,0,59,19,0,29,27,13,0,0,333,0
EMP005,2026-02-27,57,Friday,0,0,0,0,0,20,21,58,0,53,78,0,39,56,0,34,39,16,0,0,414,0
EMP005,2026-02-28,58,Saturday,1,0,0,0,0,4,8,20,0,17,20,0,26,11,0,5,12,5,0,0,128,0
EMP005,2026-03-01,59,Sunday,1,0,0,0,0,0,0,0,0,0,0,0,0,0,0,0,0,0,0,0,0,0
EMP005,2026-03-02,60,Monday,0,1,0,0,0,0,0,0,0,0,0,0,0,0,0,0,0,0,0,0,0,0
EMP005,2026-03-03,61,Tuesday,0,0,0,0,0,12,15,66,0,61,99,0,58,26,0,39,47,23,0,0,446,0
EMP005,2026-03-04,62,Wednesday,0,0,0,1,0,0,0,0,0,0,0,0,0,0,0,0,0,0,0,0,0,0
EMP005,2026-03-05,63,Thursday,0,0,0,0,0,14,13,51,0,49,43,0,50,33,0,26,22,13,0,0,314,0
EMP005,2026-03-06,64,Friday,0,0,0,0,0,6,32,44,0,25,49,0,30,46,0,29,37,34,0,0,332,0
EMP005,2026-03-07,65,Saturday,1,0,0,0,0,6,5,15,0,9,22,0,12,14,0,9,11,5,0,0,108,0
EMP005,2026-03-08,66,Sunday,1,0,0,0,0,0,0,0,0,0,0,0,0,0,0,0,0,0,0,0,0,0
EMP005,2026-03-09,67,Monday,0,0,0,0,0,12,13,48,0,35,45,0,54,45,0,26,35,13,0,0,326,0
EMP005,2026-03-10,68,Tuesday,0,0,0,0,0,11,33,40,0,55,48,0,43,39,0,15,35,27,0,0,346,0
EMP005,2026-03-11,69,Wednesday,0,0,0,0,0,3,8,25,0,14,25,0,22,16,0,4,12,9,0,0,138,0
EMP005,2026-03-12,70,Thursday,0,0,0,0,0,16,14,43,0,30,63,0,29,41,0,11,17,22,0,0,286,0
EMP005,2026-03-13,71,Friday,0,0,0,0,0,15,20,50,0,31,60,0,45,20,0,13,18,27,0,0,299,0
EMP005,2026-03-14,72,Saturday,1,0,0,0,0,2,8,19,0,13,14,0,13,14,0,8,13,7,0,0,111,0
EMP005,2026-03-15,73,Sunday,1,0,0,0,0,0,0,0,0,0,0,0,0,0,0,0,0,0,0,0,0,0
EMP005,2026-03-16,74,Monday,0,0,0,0,0,16,19,50,0,25,48,0,26,46,0,14,28,15,0,0,287,0
EMP005,2026-03-17,75,Tuesday,0,0,0,0,0,17,26,54,0,35,60,0,34,52,0,15,35,21,0,0,349,0
EMP005,2026-03-18,76,Wednesday,0,0,0,0,0,10,17,33,0,36,41,0,55,33,0,16,24,19,0,0,284,0
EMP005,2026-03-19,77,Thursday,0,0,0,0,0,15,18,32,0,27,44,0,39,19,0,26,33,19,0,0,272,0
EMP005,2026-03-20,78,Friday,0,0,0,0,0,17,31,31,0,44,64,0,60,49,0,30,30,25,0,0,381,0
EMP005,2026-03-21,79,Saturday,1,0,0,0,0,2,5,14,0,13,25,0,10,14,0,5,11,8,0,0,107,0
EMP005,2026-03-22,80,Sunday,1,0,0,0,0,0,0,0,0,0,0,0,0,0,0,0,0,0,0,0,0,0
EMP005,2026-03-23,81,Monday,0,0,0,0,0,10,27,36,0,37,50,0,34,41,0,31,25,31,0,0,322,0
EMP005,2026-03-24,82,Tuesday,0,0,0,0,0,7,23,40,0,56,59,0,62,40,0,31,29,11,0,0,358,0
EMP005,2026-03-25,83,Wednesday,0,0,0,0,0,7,34,78,0,56,79,0,50,49,0,40,20,20,0,0,433,0
EMP005,2026-03-26,84,Thursday,0,0,1,0,0,0,1,4,0,2,4,0,3,2,0,3,1,1,0,0,21,0
EMP005,2026-03-27,85,Friday,0,0,0,0,0,11,37,71,0,49,103,0,37,42,0,61,50,34,0,0,495,0
EMP005,2026-03-28,86,Saturday,1,0,0,0,0,5,10,40,0,16,23,0,20,16,0,14,10,12,0,0,166,0
EMP005,2026-03-29,87,Sunday,1,0,0,0,0,0,0,0,0,0,0,0,0,0,0,0,0,0,0,0,0,0
EMP005,2026-03-30,88,Monday,0,0,0,0,0,21,21,72,0,67,66,0,62,48,0,26,24,26,0,0,433,0
EMP005,2026-03-31,89,Tuesday,0,0,0,0,0,22,30,79,0,66,82,0,59,41,0,50,36,15,0,0,480,0
EMP006,2026-01-01,0,Thursday,0,1,0,0,0,0,0,0,0,0,0,0,0,0,0,0,0,0,0,0,0,0
EMP006,2026-01-02,1,Friday,0,0,0,0,0,0,0,25,0,26,118,0,182,128,0,15,0,0,0,0,494,0
EMP006,2026-01-03,2,Saturday,1,0,0,0,0,0,0,9,0,8,38,0,55,44,0,5,0,0,0,0,159,0
EMP006,2026-01-04,3,Sunday,1,0,0,0,0,0,0,0,0,0,0,0,0,0,0,0,0,0,0,0,0,0
EMP006,2026-01-05,4,Monday,0,0,0,1,0,0,0,0,0,0,0,0,0,0,0,0,0,0,0,0,0,0
EMP006,2026-01-06,5,Tuesday,0,0,0,0,0,0,0,21,0,19,82,0,113,97,0,14,0,0,0,0,346,0
EMP006,2026-01-07,6,Wednesday,0,0,0,0,0,0,0,18,0,10,101,0,128,76,0,12,0,0,0,0,345,0
EMP006,2026-01-08,7,Thursday,0,0,0,0,0,0,0,31,0,10,110,0,141,84,0,15,0,0,0,0,391,0
EMP006,2026-01-09,8,Friday,0,0,0,0,0,0,0,27,0,16,112,0,145,90,0,14,0,0,0,0,404,0
EMP006,2026-01-10,9,Saturday,1,0,0,0,0,0,0,3,0,2,14,0,18,15,0,1,0,0,0,0,53,0
EMP006,2026-01-11,10,Sunday,1,0,0,0,0,0,0,0,0,0,0,0,0,0,0,0,0,0,0,0,0,0
EMP006,2026-01-12,11,Monday,0,0,0,0,0,0,0,17,0,11,85,0,107,68,0,11,0,0,0,0,299,0
EMP006,2026-01-13,12,Tuesday,0,0,1,0,0,0,0,1,0,1,8,0,10,7,0,0,0,0,0,0,27,0
EMP006,2026-01-14,13,Wednesday,0,0,0,0,0,0,0,15,0,12,76,0,112,63,0,13,0,0,0,0,291,0
EMP006,2026-01-15,14,Thursday,0,0,0,0,0,0,0,18,0,11,83,0,116,80,0,8,0,0,0,0,316,0
EMP006,2026-01-16,15,Friday,0,0,0,0,0,0,0,31,0,12,111,0,123,68,0,8,0,0,0,0,353,0
EMP006,2026-01-17,16,Saturday,1,0,0,0,0,0,0,12,0,6,40,0,48,38,0,3,0,0,0,0,147,0
EMP006,2026-01-18,17,Sunday,1,0,0,0,0,0,0,0,0,0,0,0,0,0,0,0,0,0,0,0,0,0
EMP006,2026-01-19,18,Monday,0,0,0,0,0,0,0,27,0,16,118,0,100,52,0,9,0,0,0,0,322,0
EMP006,2026-01-20,19,Tuesday,0,0,0,0,0,0,0,31,0,23,104,0,149,71,0,11,0,0,0,0,389,0
EMP006,2026-01-21,20,Wednesday,0,0,0,1,0,0,0,0,0,0,0,0,0,0,0,0,0,0,0,0,0,0
EMP006,2026-01-22,21,Thursday,0,0,0,0,0,0,0,23,0,16,103,0,107,67,0,13,0,0,0,0,329,0
EMP006,2026-01-23,22,Friday,0,0,0,0,0,0,0,31,0,12,100,0,141,55,0,17,0,0,0,0,356,0
EMP006,2026-01-24,23,Saturday,1,0,0,0,0,0,0,5,0,7,32,0,56,20,0,4,0,0,0,0,124,0
EMP006,2026-01-25,24,Sunday,1,0,0,0,0,0,0,0,0,0,0,0,0,0,0,0,0,0,0,0,0,0
EMP006,2026-01-26,25,Monday,0,1,0,0,0,0,0,0,0,0,0,0,0,0,0,0,0,0,0,0,0,0
EMP006,2026-01-27,26,Tuesday,0,0,0,0,0,0,0,19,0,12,102,0,138,62,0,12,0,0,0,0,345,0
EMP006,2026-01-28,27,Wednesday,0,0,0,0,0,0,0,20,0,16,101,0,98,76,0,8,0,0,0,0,319,0
EMP006,2026-01-29,28,Thursday,0,0,0,0,0,0,0,48,0,15,118,0,154,70,0,10,0,0,0,0,415,0
EMP006,2026-01-30,29,Friday,0,0,0,0,0,0,0,32,0,24,82,0,159,102,0,18,0,0,0,0,417,0
EMP006,2026-01-31,30,Saturday,1,0,0,0,0,0,0,7,0,8,46,0,53,34,0,4,0,0,0,0,152,0
EMP006,2026-02-01,31,Sunday,1,0,0,0,0,0,0,0,0,0,0,0,0,0,0,0,0,0,0,0,0,0
EMP006,2026-02-02,32,Monday,0,0,0,0,0,0,0,25,0,23,112,0,157,87,0,15,0,0,0,0,419,0
EMP006,2026-02-03,33,Tuesday,0,0,0,0,0,0,0,37,0,23,107,0,187,81,0,11,0,0,0,0,446,0
EMP006,2026-02-04,34,Wednesday,0,0,0,0,0,0,0,14,0,11,98,0,121,93,0,9,0,0,0,0,346,0
EMP006,2026-02-05,35,Thursday,0,0,0,0,0,0,0,22,0,21,89,0,102,77,0,9,0,0,0,0,320,0
EMP006,2026-02-06,36,Friday,0,0,0,0,0,0,0,33,0,11,96,0,116,82,0,16,0,0,0,0,354,0
EMP006,2026-02-07,37,Saturday,1,0,0,0,0,0,0,7,0,4,48,0,53,30,0,4,0,0,0,0,146,0
EMP006,2026-02-08,38,Sunday,1,0,0,0,0,0,0,0,0,0,0,0,0,0,0,0,0,0,0,0,0,0
EMP006,2026-02-09,39,Monday,0,0,0,0,0,0,0,20,0,23,101,0,135,75,0,9,0,0,0,0,363,0
EMP006,2026-02-10,40,Tuesday,0,0,1,0,0,0,0,1,0,1,7,0,8,4,0,0,0,0,0,0,21,0
EMP006,2026-02-11,41,Wednesday,0,0,0,0,0,0,0,30,0,11,101,0,98,89,0,8,0,0,0,0,337,0
EMP006,2026-02-12,42,Thursday,0,0,0,0,0,0,0,29,0,19,86,0,130,63,0,7,0,0,0,0,334,0
EMP006,2026-02-13,43,Friday,0,0,0,0,0,0,0,28,0,22,83,0,136,64,0,14,0,0,0,0,347,0
EMP006,2026-02-14,44,Saturday,1,0,0,0,0,0,0,6,0,7,32,0,43,29,0,3,0,0,0,0,120,0
EMP006,2026-02-15,45,Sunday,1,0,0,0,1,0,0,0,0,0,0,0,0,0,0,0,0,0,0,0,0,0
EMP006,2026-02-16,46,Monday,0,0,0,0,0,0,0,19,0,20,95,0,131,78,0,11,0,0,0,0,354,0
EMP006,2026-02-17,47,Tuesday,0,0,0,0,0,0,0,24,0,17,118,0,139,108,0,16,0,0,0,0,422,0
EMP006,2026-02-18,48,Wednesday,0,0,0,0,0,0,0,23,0,16,108,0,98,86,0,9,0,0,0,0,340,0
EMP006,2026-02-19,49,Thursday,0,0,0,0,0,0,0,21,0,14,88,0,143,73,0,10,0,0,0,0,349,0
EMP006,2026-02-20,50,Friday,0,0,0,0,0,0,0,29,0,18,105,0,148,99,0,12,0,0,0,0,411,0
EMP006,2026-02-21,51,Saturday,1,0,0,0,0,0,0,9,0,6,33,0,47,27,0,5,0,0,0,0,127,0
EMP006,2026-02-22,52,Sunday,1,0,0,0,0,0,0,0,0,0,0,0,0,0,0,0,0,0,0,0,0,0
EMP006,2026-02-23,53,Monday,0,0,0,0,0,0,0,27,0,11,96,0,162,72,0,11,0,0,0,0,379,0
EMP006,2026-02-24,54,Tuesday,0,0,0,0,0,0,0,28,0,21,87,0,125,69,0,11,0,0,0,0,341,0
EMP006,2026-02-25,55,Wednesday,0,0,0,0,0,0,0,25,0,11,64,0,91,58,0,15,0,0,0,0,264,0
EMP006,2026-02-26,56,Thursday,0,0,0,0,0,0,0,39,0,18,123,0,161,92,0,12,0,0,0,0,445,0
EMP006,2026-02-27,57,Friday,0,0,0,0,0,0,0,31,0,11,130,0,159,69,0,20,0,0,0,0,420,0
EMP006,2026-02-28,58,Saturday,1,0,0,0,0,0,0,18,0,6,51,0,60,39,0,6,0,0,0,0,180,0
EMP006,2026-03-01,59,Sunday,1,0,0,0,0,0,0,0,0,0,0,0,0,0,0,0,0,0,0,0,0,0
EMP006,2026-03-02,60,Monday,0,1,0,0,0,0,0,0,0,0,0,0,0,0,0,0,0,0,0,0,0,0
EMP006,2026-03-03,61,Tuesday,0,0,0,0,0,0,0,22,0,27,138,0,155,89,0,19,0,0,0,0,450,0
EMP006,2026-03-04,62,Wednesday,0,0,0,0,0,0,0,29,0,16,89,0,132,79,0,14,0,0,0,0,359,0
EMP006,2026-03-05,63,Thursday,0,0,0,0,0,0,0,28,0,12,85,0,140,63,0,14,0,0,0,0,342,0
EMP006,2026-03-06,64,Friday,0,0,0,0,0,0,0,12,0,9,55,0,86,54,0,11,0,0,0,0,227,0
EMP006,2026-03-07,65,Saturday,1,0,0,0,0,0,0,9,0,6,43,0,53,25,0,6,0,0,0,0,142,0
EMP006,2026-03-08,66,Sunday,1,0,0,0,0,0,0,0,0,0,0,0,0,0,0,0,0,0,0,0,0,0
EMP006,2026-03-09,67,Monday,0,0,0,0,0,0,0,18,0,20,96,0,119,58,0,14,0,0,0,0,325,0
EMP006,2026-03-10,68,Tuesday,0,0,0,0,0,0,0,26,0,13,71,0,148,75,0,17,0,0,0,0,350,0
EMP006,2026-03-11,69,Wednesday,0,0,0,0,0,0,0,14,0,14,94,0,107,67,0,9,0,0,0,0,305,0
EMP006,2026-03-12,70,Thursday,0,0,0,0,0,0,0,24,0,13,81,0,141,81,0,7,0,0,0,0,347,0
EMP006,2026-03-13,71,Friday,0,0,0,0,0,0,0,27,0,12,106,0,127,66,0,11,0,0,0,0,349,0
EMP006,2026-03-14,72,Saturday,1,0,0,0,0,0,0,6,0,6,35,0,45,31,0,3,0,0,0,0,126,0
EMP006,2026-03-15,73,Sunday,1,0,0,0,0,0,0,0,0,0,0,0,0,0,0,0,0,0,0,0,0,0
EMP006,2026-03-16,74,Monday,0,0,0,0,0,0,0,25,0,12,88,0,126,87,0,9,0,0,0,0,347,0
EMP006,2026-03-17,75,Tuesday,0,0,0,0,0,0,0,8,0,5,38,0,53,30,0,6,0,0,0,0,140,0
EMP006,2026-03-18,76,Wednesday,0,0,0,0,0,0,0,18,0,11,82,0,123,57,0,11,0,0,0,0,302,0
EMP006,2026-03-19,77,Thursday,0,0,0,0,0,0,0,23,0,18,91,0,133,89,0,8,0,0,0,0,362,0
EMP006,2026-03-20,78,Friday,0,0,0,1,0,0,0,0,0,0,0,0,0,0,0,0,0,0,0,0,0,0
EMP006,2026-03-21,79,Saturday,1,0,0,0,0,0,0,8,0,7,41,0,46,20,0,4,0,0,0,0,126,0
EMP006,2026-03-22,80,Sunday,1,0,0,0,0,0,0,0,0,0,0,0,0,0,0,0,0,0,0,0,0,0
EMP006,2026-03-23,81,Monday,0,0,0,0,0,0,0,20,0,16,110,0,119,84,0,11,0,0,0,0,360,0
EMP006,2026-03-24,82,Tuesday,0,0,0,0,0,0,0,27,0,19,74,0,138,62,0,17,0,0,0,0,337,0
EMP006,2026-03-25,83,Wednesday,0,0,0,0,0,0,0,46,0,25,122,0,157,78,0,17,0,0,0,0,445,0
EMP006,2026-03-26,84,Thursday,0,0,0,0,0,0,0,38,0,28,105,0,178,94,0,28,0,0,0,0,471,0
EMP006,2026-03-27,85,Friday,0,0,0,0,0,0,0,42,0,45,158,0,197,95,0,30,0,0,0,0,567,0
EMP006,2026-03-28,86,Saturday,1,0,0,0,0,0,0,15,0,7,44,0,67,29,0,7,0,0,0,0,169,0
EMP006,2026-03-29,87,Sunday,1,0,0,0,0,0,0,0,0,0,0,0,0,0,0,0,0,0,0,0,0,0
EMP006,2026-03-30,88,Monday,0,0,0,0,0,0,0,34,0,37,112,0,136,72,0,24,0,0,0,0,415,0
EMP006,2026-03-31,89,Tuesday,0,0,0,0,0,0,0,31,0,31,120,0,162,91,0,29,0,0,0,0,464,0
EMP007,2026-01-01,0,Thursday,0,1,0,0,0,0,0,0,0,0,0,0,0,0,0,0,0,0,0,0,0,0
EMP007,2026-01-02,1,Friday,0,0,0,0,0,0,0,27,0,24,122,0,185,119,0,21,0,0,0,0,498,0
EMP007,2026-01-03,2,Saturday,1,0,0,0,0,0,0,11,0,10,55,0,54,43,0,7,0,0,0,0,180,0
EMP007,2026-01-04,3,Sunday,1,0,0,0,0,0,0,0,0,0,0,0,0,0,0,0,0,0,0,0,0,0
EMP007,2026-01-05,4,Monday,0,0,0,0,0,0,0,32,0,18,87,0,154,63,0,15,0,0,0,0,369,0
EMP007,2026-01-06,5,Tuesday,0,0,0,0,0,0,0,30,0,26,128,0,161,68,0,15,0,0,0,0,428,0
EMP007,2026-01-07,6,Wednesday,0,0,0,0,0,0,0,25,0,11,113,0,134,74,0,13,0,0,0,0,370,0
EMP007,2026-01-08,7,Thursday,0,0,0,0,0,0,0,35,0,21,125,0,148,66,0,10,0,0,0,0,405,0
EMP007,2026-01-09,8,Friday,0,0,0,0,0,0,0,27,0,21,137,0,163,70,0,18,0,0,0,0,436,0
EMP007,2026-01-10,9,Saturday,1,0,0,0,0,0,0,13,0,7,47,0,63,24,0,5,0,0,0,0,159,0
EMP007,2026-01-11,10,Sunday,1,0,0,0,0,0,0,0,0,0,0,0,0,0,0,0,0,0,0,0,0,0
EMP007,2026-01-12,11,Monday,0,0,0,0,0,0,0,36,0,24,102,0,130,84,0,9,0,0,0,0,385,0
EMP007,2026-01-13,12,Tuesday,0,0,0,0,0,0,0,38,0,23,96,0,178,97,0,13,0,0,0,0,445,0
EMP007,2026-01-14,13,Wednesday,0,0,0,0,0,0,0,19,0,21,109,0,119,73,0,13,0,0,0,0,354,0
EMP007,2026-01-15,14,Thursday,0,0,0,0,0,0,0,27,0,14,92,0,130,65,0,16,0,0,0,0,344,0
EMP007,2026-01-16,15,Friday,0,0,0,0,0,0,0,22,0,26,90,0,123,80,0,15,0,0,0,0,356,0
EMP007,2026-01-17,16,Saturday,1,0,0,0,0,0,0,11,0,6,48,0,48,34,0,5,0,0,0,0,152,0
EMP007,2026-01-18,17,Sunday,1,0,0,0,0,0,0,0,0,0,0,0,0,0,0,0,0,0,0,0,0,0
EMP007,2026-01-19,18,Monday,0,0,0,0,0,0,0,29,0,21,141,0,136,61,0,11,0,0,0,0,399,0
EMP007,2026-01-20,19,Tuesday,0,0,0,0,0,0,0,23,0,15,134,0,150,89,0,18,0,0,0,0,429,0
EMP007,2026-01-21,20,Wednesday,0,0,0,0,0,0,0,25,0,17,90,0,171,73,0,13,0,0,0,0,389,0
EMP007,2026-01-22,21,Thursday,0,0,0,0,0,0,0,18,0,24,129,0,148,66,0,15,0,0,0,0,400,0
EMP007,2026-01-23,22,Friday,0,0,0,0,0,0,0,32,0,17,122,0,170,86,0,15,0,0,0,0,442,0
EMP007,2026-01-24,23,Saturday,1,0,0,0,0,0,0,13,0,7,41,0,55,23,0,5,0,0,0,0,144,0
EMP007,2026-01-25,24,Sunday,1,0,0,0,0,0,0,0,0,0,0,0,0,0,0,0,0,0,0,0,0,0
EMP007,2026-01-26,25,Monday,0,1,0,0,0,0,0,0,0,0,0,0,0,0,0,0,0,0,0,0,0,0
EMP007,2026-01-27,26,Tuesday,0,0,0,0,0,0,0,35,0,22,120,0,146,67,0,11,0,0,0,0,401,0
EMP007,2026-01-28,27,Wednesday,0,0,0,0,0,0,0,25,0,20,102,0,129,78,0,10,0,0,0,0,364,0
EMP007,2026-01-29,28,Thursday,0,0,0,0,0,0,0,58,0,19,130,0,177,80,0,13,0,0,0,0,477,0
EMP007,2026-01-30,29,Friday,0,0,0,0,0,0,0,26,0,9,67,0,121,49,0,8,0,0,0,0,280,0
EMP007,2026-01-31,30,Saturday,1,0,0,0,0,0,0,14,0,8,50,0,73,32,0,5,0,0,0,0,182,0
EMP007,2026-02-01,31,Sunday,1,0,0,0,0,0,0,0,0,0,0,0,0,0,0,0,0,0,0,0,0,0
EMP007,2026-02-02,32,Monday,0,0,0,0,0,0,0,39,0,16,125,0,192,103,0,16,0,0,0,0,491,0
EMP007,2026-02-03,33,Tuesday,0,0,0,0,0,0,0,47,0,19,130,0,166,80,0,25,0,0,0,0,467,0
EMP007,2026-02-04,34,Wednesday,0,0,0,0,0,0,0,24,0,12,113,0,156,71,0,14,0,0,0,0,390,0
EMP007,2026-02-05,35,Thursday,0,0,0,0,0,0,0,32,0,18,112,0,191,67,0,12,0,0,0,0,432,0
EMP007,2026-02-06,36,Friday,0,0,0,0,0,0,0,36,0,16,102,0,178,97,0,17,0,0,0,0,446,0
EMP007,2026-02-07,37,Saturday,1,0,0,0,0,0,0,9,0,5,55,0,45,30,0,5,0,0,0,0,149,0
EMP007,2026-02-08,38,Sunday,1,0,0,0,0,0,0,0,0,0,0,0,0,0,0,0,0,0,0,0,0,0
EMP007,2026-02-09,39,Monday,0,0,0,0,0,0,0,16,0,5,58,0,80,29,0,5,0,0,0,0,193,0
EMP007,2026-02-10,40,Tuesday,0,0,0,0,0,0,0,42,0,19,146,0,129,54,0,13,0,0,0,0,403,0
EMP007,2026-02-11,41,Wednesday,0,0,0,0,0,0,0,23,0,21,97,0,121,97,0,11,0,0,0,0,370,0
EMP007,2026-02-12,42,Thursday,0,0,0,0,0,0,0,20,0,16,95,0,119,90,0,11,0,0,0,0,351,0
EMP007,2026-02-13,43,Friday,0,0,0,0,0,0,0,18,0,19,121,0,141,91,0,18,0,0,0,0,408,0
EMP007,2026-02-14,44,Saturday,1,0,0,0,0,0,0,10,0,4,42,0,65,31,0,6,0,0,0,0,158,0
EMP007,2026-02-15,45,Sunday,1,0,0,0,1,0,0,0,0,0,0,0,0,0,0,0,0,0,0,0,0,0
EMP007,2026-02-16,46,Monday,0,0,0,0,0,0,0,34,0,18,117,0,145,74,0,15,0,0,0,0,403,0
EMP007,2026-02-17,47,Tuesday,0,0,0,0,0,0,0,23,0,21,124,0,148,104,0,17,0,0,0,0,437,0
EMP007,2026-02-18,48,Wednesday,0,0,0,0,0,0,0,31,0,19,114,0,128,69,0,13,0,0,0,0,374,0
EMP007,2026-02-19,49,Thursday,0,0,0,0,0,0,0,25,0,20,91,0,135,68,0,10,0,0,0,0,349,0
EMP007,2026-02-20,50,Friday,0,0,0,0,0,0,0,26,0,18,101,0,177,94,0,10,0,0,0,0,426,0
EMP007,2026-02-21,51,Saturday,1,0,1,0,0,0,0,0,0,0,2,0,4,1,0,0,0,0,0,0,7,0
EMP007,2026-02-22,52,Sunday,1,0,0,0,0,0,0,0,0,0,0,0,0,0,0,0,0,0,0,0,0,0
EMP007,2026-02-23,53,Monday,0,0,0,0,0,0,0,31,0,26,117,0,132,83,0,10,0,0,0,0,399,0
EMP007,2026-02-24,54,Tuesday,0,0,0,0,0,0,0,33,0,29,134,0,137,116,0,15,0,0,0,0,464,0
EMP007,2026-02-25,55,Wednesday,0,0,0,0,0,0,0,21,0,23,81,0,128,73,0,13,0,0,0,0,339,0
EMP007,2026-02-26,56,Thursday,0,0,0,0,0,0,0,37,0,20,113,0,187,91,0,15,0,0,0,0,463,0
EMP007,2026-02-27,57,Friday,0,0,0,0,0,0,0,22,0,12,63,0,106,42,0,8,0,0,0,0,253,0
EMP007,2026-02-28,58,Saturday,1,0,0,0,0,0,0,20,0,10,50,0,63,33,0,7,0,0,0,0,183,0
EMP007,2026-03-01,59,Sunday,1,0,0,0,0,0,0,0,0,0,0,0,0,0,0,0,0,0,0,0,0,0
EMP007,2026-03-02,60,Monday,0,1,0,0,0,0,0,0,0,0,0,0,0,0,0,0,0,0,0,0,0,0
EMP007,2026-03-03,61,Tuesday,0,0,0,0,0,0,0,38,0,19,146,0,138,123,0,17,0,0,0,0,481,0
EMP007,2026-03-04,62,Wednesday,0,0,0,0,0,0,0,28,0,18,105,0,157,72,0,13,0,0,0,0,393,0
EMP007,2026-03-05,63,Thursday,0,0,0,0,0,0,0,37,0,13,86,0,126,99,0,15,0,0,0,0,376,0
EMP007,2026-03-06,64,Friday,0,0,0,0,0,0,0,20,0,13,104,0,102,82,0,13,0,0,0,0,334,0
EMP007,2026-03-07,65,Saturday,1,0,0,0,0,0,0,8,0,8,43,0,39,23,0,3,0,0,0,0,124,0
EMP007,2026-03-08,66,Sunday,1,0,0,0,0,0,0,0,0,0,0,0,0,0,0,0,0,0,0,0,0,0
EMP007,2026-03-09,67,Monday,0,0,0,0,0,0,0,21,0,22,78,0,170,72,0,11,0,0,0,0,374,0
EMP007,2026-03-10,68,Tuesday,0,0,0,0,0,0,0,25,0,25,136,0,167,91,0,13,0,0,0,0,457,0
EMP007,2026-03-11,69,Wednesday,0,0,0,0,0,0,0,26,0,20,79,0,166,77,0,16,0,0,0,0,384,0
EMP007,2026-03-12,70,Thursday,0,0,1,0,0,0,0,2,0,1,7,0,10,5,0,1,0,0,0,0,26,0
EMP007,2026-03-13,71,Friday,0,0,0,0,0,0,0,24,0,21,123,0,153,68,0,12,0,0,0,0,401,0
EMP007,2026-03-14,72,Saturday,1,0,0,0,0,0,0,10,0,6,43,0,54,25,0,5,0,0,0,0,143,0
EMP007,2026-03-15,73,Sunday,1,0,0,0,0,0,0,0,0,0,0,0,0,0,0,0,0,0,0,0,0,0
EMP007,2026-03-16,74,Monday,0,0,0,0,0,0,0,32,0,19,111,0,185,81,0,15,0,0,0,0,443,0
EMP007,2026-03-17,75,Tuesday,0,0,0,0,0,0,0,27,0,14,129,0,170,70,0,17,0,0,0,0,427,0
EMP007,2026-03-18,76,Wednesday,0,0,0,0,0,0,0,31,0,18,121,0,147,100,0,9,0,0,0,0,426,0
EMP007,2026-03-19,77,Thursday,0,0,0,1,0,0,0,0,0,0,0,0,0,0,0,0,0,0,0,0,0,0
EMP007,2026-03-20,78,Friday,0,0,0,0,0,0,0,18,0,21,88,0,139,65,0,13,0,0,0,0,344,0
EMP007,2026-03-21,79,Saturday,1,0,0,0,0,0,0,9,0,5,42,0,50,26,0,6,0,0,0,0,138,0
EMP007,2026-03-22,80,Sunday,1,0,0,0,0,0,0,0,0,0,0,0,0,0,0,0,0,0,0,0,0,0
EMP007,2026-03-23,81,Monday,0,0,0,0,0,0,0,39,0,16,82,0,134,79,0,17,0,0,0,0,367,0
EMP007,2026-03-24,82,Tuesday,0,0,0,0,0,0,0,31,0,21,119,0,179,88,0,13,0,0,0,0,451,0
EMP007,2026-03-25,83,Wednesday,0,0,0,0,0,0,0,33,0,26,167,0,209,83,0,20,0,0,0,0,538,0
EMP007,2026-03-26,84,Thursday,0,0,0,0,0,0,0,56,0,35,144,0,208,78,0,23,0,0,0,0,544,0
EMP007,2026-03-27,85,Friday,0,0,0,0,0,0,0,83,0,24,157,0,189,115,0,19,0,0,0,0,587,0
EMP007,2026-03-28,86,Saturday,1,0,0,0,0,0,0,17,0,9,58,0,78,38,0,13,0,0,0,0,213,0
EMP007,2026-03-29,87,Sunday,1,0,0,0,0,0,0,0,0,0,0,0,0,0,0,0,0,0,0,0,0,0
EMP007,2026-03-30,88,Monday,0,0,0,0,0,0,0,58,0,28,151,0,165,123,0,32,0,0,0,0,557,0
EMP007,2026-03-31,89,Tuesday,0,0,0,0,0,0,0,36,0,45,147,0,171,141,0,18,0,0,0,0,558,0
EMP008,2026-01-01,0,Thursday,0,1,0,0,0,0,0,0,0,0,0,0,0,0,0,0,0,0,0,0,0,0
EMP008,2026-01-02,1,Friday,0,0,0,0,0,0,0,18,0,18,100,0,180,71,0,19,0,0,0,0,406,0
EMP008,2026-01-03,2,Saturday,1,0,0,0,0,0,0,13,0,5,33,0,60,38,0,6,0,0,0,0,155,0
EMP008,2026-01-04,3,Sunday,1,0,0,0,0,0,0,0,0,0,0,0,0,0,0,0,0,0,0,0,0,0
EMP008,2026-01-05,4,Monday,0,0,0,0,0,0,0,18,0,13,89,0,117,77,0,11,0,0,0,0,325,0
EMP008,2026-01-06,5,Tuesday,0,0,0,0,0,0,0,28,0,14,113,0,144,87,0,10,0,0,0,0,396,0
EMP008,2026-01-07,6,Wednesday,0,0,0,0,0,0,0,17,0,15,91,0,115,82,0,14,0,0,0,0,334,0
EMP008,2026-01-08,7,Thursday,0,0,0,0,0,0,0,18,0,13,76,0,101,64,0,9,0,0,0,0,281,0
EMP008,2026-01-09,8,Friday,0,0,0,0,0,0,0,14,0,8,75,0,75,44,0,10,0,0,0,0,226,0
EMP008,2026-01-10,9,Saturday,1,0,1,0,0,0,0,0,0,0,3,0,5,2,0,0,0,0,0,0,10,0
EMP008,2026-01-11,10,Sunday,1,0,0,0,0,0,0,0,0,0,0,0,0,0,0,0,0,0,0,0,0,0
EMP008,2026-01-12,11,Monday,0,0,0,1,0,0,0,0,0,0,0,0,0,0,0,0,0,0,0,0,0,0
EMP008,2026-01-13,12,Tuesday,0,0,0,0,0,0,0,19,0,13,117,0,143,96,0,10,0,0,0,0,398,0
EMP008,2026-01-14,13,Wednesday,0,0,1,0,0,0,0,1,0,0,6,0,9,5,0,0,0,0,0,0,21,0
EMP008,2026-01-15,14,Thursday,0,0,0,0,0,0,0,14,0,19,89,0,126,49,0,15,0,0,0,0,312,0
EMP008,2026-01-16,15,Friday,0,0,0,0,0,0,0,30,0,24,82,0,159,100,0,16,0,0,0,0,411,0
EMP008,2026-01-17,16,Saturday,1,0,0,0,0,0,0,12,0,4,30,0,43,18,0,4,0,0,0,0,111,0
EMP008,2026-01-18,17,Sunday,1,0,0,0,0,0,0,0,0,0,0,0,0,0,0,0,0,0,0,0,0,0
EMP008,2026-01-19,18,Monday,0,0,0,0,0,0,0,21,0,11,95,0,97,53,0,8,0,0,0,0,285,0
EMP008,2026-01-20,19,Tuesday,0,0,0,0,0,0,0,23,0,11,133,0,141,85,0,11,0,0,0,0,404,0
EMP008,2026-01-21,20,Wednesday,0,0,0,0,0,0,0,23,0,19,76,0,149,62,0,14,0,0,0,0,343,0
EMP008,2026-01-22,21,Thursday,0,0,0,0,0,0,0,22,0,10,64,0,75,49,0,7,0,0,0,0,227,0
EMP008,2026-01-23,22,Friday,0,0,0,1,0,0,0,0,0,0,0,0,0,0,0,0,0,0,0,0,0,0
EMP008,2026-01-24,23,Saturday,1,0,0,0,0,0,0,6,0,5,32,0,53,30,0,3,0,0,0,0,129,0
EMP008,2026-01-25,24,Sunday,1,0,0,0,0,0,0,0,0,0,0,0,0,0,0,0,0,0,0,0,0,0
EMP008,2026-01-26,25,Monday,0,1,0,0,0,0,0,0,0,0,0,0,0,0,0,0,0,0,0,0,0,0
EMP008,2026-01-27,26,Tuesday,0,0,0,0,0,0,0,17,0,23,133,0,132,110,0,11,0,0,0,0,426,0
EMP008,2026-01-28,27,Wednesday,0,0,0,0,0,0,0,17,0,18,78,0,130,67,0,14,0,0,0,0,324,0
EMP008,2026-01-29,28,Thursday,0,0,0,0,0,0,0,32,0,12,111,0,148,91,0,14,0,0,0,0,408,0
EMP008,2026-01-30,29,Friday,0,0,0,0,0,0,0,36,0,24,139,0,177,65,0,10,0,0,0,0,451,0
EMP008,2026-01-31,30,Saturday,1,0,0,0,0,0,0,7,0,7,42,0,61,23,0,4,0,0,0,0,144,0
EMP008,2026-02-01,31,Sunday,1,0,0,0,0,0,0,0,0,0,0,0,0,0,0,0,0,0,0,0,0,0
EMP008,2026-02-02,32,Monday,0,0,0,0,0,0,0,35,0,19,97,0,178,120,0,13,0,0,0,0,462,0
EMP008,2026-02-03,33,Tuesday,0,0,0,0,0,0,0,33,0,27,136,0,149,126,0,13,0,0,0,0,484,0
EMP008,2026-02-04,34,Wednesday,0,0,0,0,0,0,0,16,0,12,74,0,133,75,0,8,0,0,0,0,318,0
EMP008,2026-02-05,35,Thursday,0,0,0,0,0,0,0,32,0,18,85,0,130,53,0,12,0,0,0,0,330,0
EMP008,2026-02-06,36,Friday,0,0,0,0,0,0,0,24,0,14,81,0,136,89,0,16,0,0,0,0,360,0
EMP008,2026-02-07,37,Saturday,1,0,0,0,0,0,0,6,0,4,35,0,49,24,0,4,0,0,0,0,122,0
EMP008,2026-02-08,38,Sunday,1,0,0,0,0,0,0,0,0,0,0,0,0,0,0,0,0,0,0,0,0,0
EMP008,2026-02-09,39,Monday,0,0,0,0,0,0,0,26,0,13,89,0,108,59,0,11,0,0,0,0,306,0
EMP008,2026-02-10,40,Tuesday,0,0,0,0,0,0,0,21,0,17,97,0,155,75,0,13,0,0,0,0,378,0
EMP008,2026-02-11,41,Wednesday,0,0,0,0,0,0,0,26,0,12,94,0,111,72,0,11,0,0,0,0,326,0
EMP008,2026-02-12,42,Thursday,0,0,0,0,0,0,0,15,0,16,87,0,98,78,0,11,0,0,0,0,305,0
EMP008,2026-02-13,43,Friday,0,0,0,0,0,0,0,26,0,13,100,0,125,67,0,8,0,0,0,0,339,0
EMP008,2026-02-14,44,Saturday,1,0,0,0,0,0,0,9,0,5,34,0,47,25,0,5,0,0,0,0,125,0
EMP008,2026-02-15,45,Sunday,1,0,0,0,1,0,0,0,0,0,0,0,0,0,0,0,0,0,0,0,0,0
EMP008,2026-02-16,46,Monday,0,0,0,0,0,0,0,34,0,13,123,0,122,56,0,14,0,0,0,0,362,0
EMP008,2026-02-17,47,Tuesday,0,0,0,0,0,0,0,18,0,18,88,0,141,73,0,17,0,0,0,0,355,0
EMP008,2026-02-18,48,Wednesday,0,0,0,0,0,0,0,23,0,23,93,0,119,80,0,12,0,0,0,0,350,0
EMP008,2026-02-19,49,Thursday,0,0,0,0,0,0,0,16,0,18,91,0,134,68,0,13,0,0,0,0,340,0
EMP008,2026-02-20,50,Friday,0,0,0,0,0,0,0,26,0,15,93,0,133,92,0,14,0,0,0,0,373,0
EMP008,2026-02-21,51,Saturday,1,0,0,0,0,0,0,8,0,6,40,0,54,24,0,6,0,0,0,0,138,0
EMP008,2026-02-22,52,Sunday,1,0,0,0,0,0,0,0,0,0,0,0,0,0,0,0,0,0,0,0,0,0
EMP008,2026-02-23,53,Monday,0,0,0,0,0,0,0,20,0,17,92,0,139,85,0,14,0,0,0,0,367,0
EMP008,2026-02-24,54,Tuesday,0,0,0,0,0,0,0,32,0,20,129,0,119,79,0,9,0,0,0,0,388,0
EMP008,2026-02-25,55,Wednesday,0,0,0,0,0,0,0,23,0,16,103,0,136,94,0,15,0,0,0,0,387,0
EMP008,2026-02-26,56,Thursday,0,0,0,0,0,0,0,24,0,12,155,0,115,85,0,9,0,0,0,0,400,0
EMP008,2026-02-27,57,Friday,0,0,0,0,0,0,0,39,0,12,101,0,139,79,0,16,0,0,0,0,386,0
EMP008,2026-02-28,58,Saturday,1,0,0,0,0,0,0,19,0,5,40,0,47,34,0,6,0,0,0,0,151,0
EMP008,2026-03-01,59,Sunday,1,0,0,0,0,0,0,0,0,0,0,0,0,0,0,0,0,0,0,0,0,0
EMP008,2026-03-02,60,Monday,0,1,0,0,0,0,0,0,0,0,0,0,0,0,0,0,0,0,0,0,0,0
EMP008,2026-03-03,61,Tuesday,0,0,0,0,0,0,0,44,0,20,132,0,189,124,0,24,0,0,0,0,533,0
EMP008,2026-03-04,62,Wednesday,0,0,0,0,0,0,0,16,0,11,88,0,120,91,0,17,0,0,0,0,343,0
EMP008,2026-03-05,63,Thursday,0,0,0,0,0,0,0,33,0,16,92,0,111,79,0,9,0,0,0,0,340,0
EMP008,2026-03-06,64,Friday,0,0,0,0,0,0,0,18,0,14,111,0,113,88,0,9,0,0,0,0,353,0
EMP008,2026-03-07,65,Saturday,1,0,0,0,0,0,0,6,0,7,32,0,41,28,0,6,0,0,0,0,120,0
EMP008,2026-03-08,66,Sunday,1,0,0,0,0,0,0,0,0,0,0,0,0,0,0,0,0,0,0,0,0,0
EMP008,2026-03-09,67,Monday,0,0,0,0,0,0,0,29,0,22,72,0,144,81,0,9,0,0,0,0,357,0
EMP008,2026-03-10,68,Tuesday,0,0,0,0,0,0,0,17,0,23,105,0,129,78,0,16,0,0,0,0,368,0
EMP008,2026-03-11,69,Wednesday,0,0,0,0,0,0,0,21,0,17,89,0,98,61,0,8,0,0,0,0,294,0
EMP008,2026-03-12,70,Thursday,0,0,0,0,0,0,0,21,0,12,74,0,106,74,0,7,0,0,0,0,294,0
EMP008,2026-03-13,71,Friday,0,0,0,0,0,0,0,20,0,13,68,0,132,68,0,13,0,0,0,0,314,0
EMP008,2026-03-14,72,Saturday,1,0,0,0,0,0,0,7,0,4,41,0,53,29,0,5,0,0,0,0,139,0
EMP008,2026-03-15,73,Sunday,1,0,0,0,0,0,0,0,0,0,0,0,0,0,0,0,0,0,0,0,0,0
EMP008,2026-03-16,74,Monday,0,0,0,0,0,0,0,16,0,12,81,0,98,66,0,16,0,0,0,0,289,0
EMP008,2026-03-17,75,Tuesday,0,0,0,1,0,0,0,0,0,0,0,0,0,0,0,0,0,0,0,0,0,0
EMP008,2026-03-18,76,Wednesday,0,0,0,0,0,0,0,25,0,20,92,0,103,60,0,9,0,0,0,0,309,0
EMP008,2026-03-19,77,Thursday,0,0,0,0,0,0,0,32,0,14,92,0,148,53,0,8,0,0,0,0,347,0
EMP008,2026-03-20,78,Friday,0,0,0,0,0,0,0,16,0,13,90,0,152,84,0,11,0,0,0,0,366,0
EMP008,2026-03-21,79,Saturday,1,0,0,0,0,0,0,6,0,7,44,0,40,29,0,4,0,0,0,0,130,0
EMP008,2026-03-22,80,Sunday,1,0,0,0,0,0,0,0,0,0,0,0,0,0,0,0,0,0,0,0,0,0
EMP008,2026-03-23,81,Monday,0,0,0,0,0,0,0,24,0,22,88,0,129,58,0,15,0,0,0,0,336,0
EMP008,2026-03-24,82,Tuesday,0,0,0,0,0,0,0,21,0,14,116,0,127,63,0,12,0,0,0,0,353,0
EMP008,2026-03-25,83,Wednesday,0,0,0,0,0,0,0,44,0,27,107,0,126,80,0,21,0,0,0,0,405,0
EMP008,2026-03-26,84,Thursday,0,0,0,0,0,0,0,61,0,24,141,0,210,105,0,14,0,0,0,0,555,0
EMP008,2026-03-27,85,Friday,0,0,0,0,0,0,0,42,0,30,114,0,195,114,0,25,0,0,0,0,520,0
EMP008,2026-03-28,86,Saturday,1,0,0,0,0,0,0,11,0,14,52,0,67,32,0,10,0,0,0,0,186,0
EMP008,2026-03-29,87,Sunday,1,0,0,0,0,0,0,0,0,0,0,0,0,0,0,0,0,0,0,0,0,0
EMP008,2026-03-30,88,Monday,0,0,0,0,0,0,0,49,0,18,126,0,169,82,0,18,0,0,0,0,462,0
EMP008,2026-03-31,89,Tuesday,0,0,0,0,0,0,0,47,0,17,117,0,189,105,0,19,0,0,0,0,494,0
EMP009,2026-01-01,0,Thursday,0,1,0,0,0,0,0,0,0,0,0,0,0,0,0,0,0,0,0,0,0,0
EMP009,2026-01-02,1,Friday,0,0,0,0,0,0,0,13,0,9,47,0,74,40,0,7,0,0,0,0,190,0
EMP009,2026-01-03,2,Saturday,1,0,0,0,0,0,0,7,0,6,31,0,45,37,0,5,0,0,0,0,131,0
EMP009,2026-01-04,3,Sunday,1,0,0,0,0,0,0,0,0,0,0,0,0,0,0,0,0,0,0,0,0,0
EMP009,2026-01-05,4,Monday,0,0,0,0,0,0,0,21,0,10,56,0,115,46,0,12,0,0,0,0,260,0
EMP009,2026-01-06,5,Tuesday,0,0,0,0,0,0,0,27,0,19,66,0,108,59,0,9,0,0,0,0,288,0
EMP009,2026-01-07,6,Wednesday,0,0,0,0,0,0,0,17,0,8,66,0,90,62,0,8,0,0,0,0,251,0
EMP009,2026-01-08,7,Thursday,0,0,0,0,0,0,0,24,0,9,69,0,92,81,0,9,0,0,0,0,284,0
EMP009,2026-01-09,8,Friday,0,0,0,0,0,0,0,19,0,16,63,0,102,79,0,10,0,0,0,0,289,0
EMP009,2026-01-10,9,Saturday,1,0,0,0,0,0,0,7,0,4,27,0,43,23,0,4,0,0,0,0,108,0
EMP009,2026-01-11,10,Sunday,1,0,0,0,0,0,0,0,0,0,0,0,0,0,0,0,0,0,0,0,0,0
EMP009,2026-01-12,11,Monday,0,0,0,0,0,0,0,15,0,7,54,0,116,71,0,9,0,0,0,0,272,0
EMP009,2026-01-13,12,Tuesday,0,0,1,0,0,0,0,1,0,0,8,0,8,6,0,0,0,0,0,0,23,0
EMP009,2026-01-14,13,Wednesday,0,0,0,0,0,0,0,26,0,17,82,0,84,38,0,10,0,0,0,0,257,0
EMP009,2026-01-15,14,Thursday,0,0,0,0,0,0,0,14,0,12,74,0,89,73,0,9,0,0,0,0,271,0
EMP009,2026-01-16,15,Friday,0,0,0,0,0,0,0,14,0,8,88,0,120,56,0,8,0,0,0,0,294,0
EMP009,2026-01-17,16,Saturday,1,0,0,0,0,0,0,4,0,6,25,0,44,19,0,5,0,0,0,0,103,0
EMP009,2026-01-18,17,Sunday,1,0,0,0,0,0,0,0,0,0,0,0,0,0,0,0,0,0,0,0,0,0
EMP009,2026-01-19,18,Monday,0,0,0,0,0,0,0,23,0,17,85,0,124,47,0,11,0,0,0,0,307,0
EMP009,2026-01-20,19,Tuesday,0,0,0,0,0,0,0,20,0,10,78,0,108,49,0,12,0,0,0,0,277,0
EMP009,2026-01-21,20,Wednesday,0,0,0,1,0,0,0,0,0,0,0,0,0,0,0,0,0,0,0,0,0,0
EMP009,2026-01-22,21,Thursday,0,0,0,0,0,0,0,26,0,13,87,0,118,74,0,7,0,0,0,0,325,0
EMP009,2026-01-23,22,Friday,0,0,0,0,0,0,0,20,0,10,62,0,122,79,0,10,0,0,0,0,303,0
EMP009,2026-01-24,23,Saturday,1,0,0,0,0,0,0,9,0,6,24,0,32,24,0,4,0,0,0,0,99,0
EMP009,2026-01-25,24,Sunday,1,0,0,0,0,0,0,0,0,0,0,0,0,0,0,0,0,0,0,0,0,0
EMP009,2026-01-26,25,Monday,0,1,0,0,0,0,0,0,0,0,0,0,0,0,0,0,0,0,0,0,0,0
EMP009,2026-01-27,26,Tuesday,0,0,0,0,0,0,0,27,0,15,87,0,123,56,0,10,0,0,0,0,318,0
EMP009,2026-01-28,27,Wednesday,0,0,0,0,0,0,0,19,0,11,87,0,105,59,0,11,0,0,0,0,292,0
EMP009,2026-01-29,28,Thursday,0,0,0,0,0,0,0,28,0,17,66,0,120,66,0,10,0,0,0,0,307,0
EMP009,2026-01-30,29,Friday,0,0,0,0,0,0,0,23,0,17,110,0,117,53,0,10,0,0,0,0,330,0
EMP009,2026-01-31,30,Saturday,1,0,0,0,0,0,0,10,0,4,29,0,38,24,0,3,0,0,0,0,108,0
EMP009,2026-02-01,31,Sunday,1,0,0,0,0,0,0,0,0,0,0,0,0,0,0,0,0,0,0,0,0,0
EMP009,2026-02-02,32,Monday,0,0,0,0,0,0,0,14,0,19,88,0,120,83,0,12,0,0,0,0,336,0
EMP009,2026-02-03,33,Tuesday,0,0,0,0,0,0,0,25,0,9,88,0,143,58,0,16,0,0,0,0,339,0
EMP009,2026-02-04,34,Wednesday,0,0,0,0,0,0,0,20,0,9,79,0,88,63,0,7,0,0,0,0,266,0
EMP009,2026-02-05,35,Thursday,0,0,1,0,0,0,0,1,0,1,7,0,8,6,0,0,0,0,0,0,23,0
EMP009,2026-02-06,36,Friday,0,0,0,0,0,0,0,18,0,9,82,0,109,56,0,7,0,0,0,0,281,0
EMP009,2026-02-07,37,Saturday,1,0,0,0,0,0,0,5,0,4,34,0,32,16,0,4,0,0,0,0,95,0
EMP009,2026-02-08,38,Sunday,1,0,0,0,0,0,0,0,0,0,0,0,0,0,0,0,0,0,0,0,0,0
EMP009,2026-02-09,39,Monday,0,0,0,0,0,0,0,16,0,10,87,0,123,93,0,7,0,0,0,0,336,0
EMP009,2026-02-10,40,Tuesday,0,0,0,1,0,0,0,0,0,0,0,0,0,0,0,0,0,0,0,0,0,0
EMP009,2026-02-11,41,Wednesday,0,0,0,0,0,0,0,19,0,9,62,0,102,66,0,9,0,0,0,0,267,0
EMP009,2026-02-12,42,Thursday,0,0,0,0,0,0,0,17,0,9,72,0,89,66,0,9,0,0,0,0,262,0
EMP009,2026-02-13,43,Friday,0,0,0,0,0,0,0,24,0,14,82,0,108,50,0,7,0,0,0,0,285,0
EMP009,2026-02-14,44,Saturday,1,0,0,0,0,0,0,3,0,2,12,0,23,10,0,2,0,0,0,0,52,0
EMP009,2026-02-15,45,Sunday,1,0,0,0,1,0,0,0,0,0,0,0,0,0,0,0,0,0,0,0,0,0
EMP009,2026-02-16,46,Monday,0,0,0,0,0,0,0,26,0,8,68,0,96,45,0,10,0,0,0,0,253,0
EMP009,2026-02-17,47,Tuesday,0,0,0,0,0,0,0,28,0,16,86,0,133,74,0,9,0,0,0,0,346,0
EMP009,2026-02-18,48,Wednesday,0,0,0,0,0,0,0,18,0,15,65,0,82,83,0,8,0,0,0,0,271,0
EMP009,2026-02-19,49,Thursday,0,0,0,0,0,0,0,19,0,12,69,0,108,59,0,10,0,0,0,0,277,0
EMP009,2026-02-20,50,Friday,0,0,0,0,0,0,0,14,0,10,62,0,115,61,0,12,0,0,0,0,274,0
EMP009,2026-02-21,51,Saturday,1,0,0,0,0,0,0,5,0,5,33,0,35,17,0,2,0,0,0,0,97,0
EMP009,2026-02-22,52,Sunday,1,0,0,0,0,0,0,0,0,0,0,0,0,0,0,0,0,0,0,0,0,0
EMP009,2026-02-23,53,Monday,0,0,0,0,0,0,0,18,0,20,88,0,122,86,0,10,0,0,0,0,344,0
EMP009,2026-02-24,54,Tuesday,0,0,0,0,0,0,0,17,0,14,64,0,123,70,0,8,0,0,0,0,296,0
EMP009,2026-02-25,55,Wednesday,0,0,0,0,0,0,0,14,0,15,95,0,107,61,0,6,0,0,0,0,298,0
EMP009,2026-02-26,56,Thursday,0,0,0,1,0,0,0,0,0,0,0,0,0,0,0,0,0,0,0,0,0,0
EMP009,2026-02-27,57,Friday,0,0,0,0,0,0,0,30,0,16,80,0,136,49,0,11,0,0,0,0,322,0
EMP009,2026-02-28,58,Saturday,1,0,0,0,0,0,0,13,0,6,37,0,53,20,0,5,0,0,0,0,134,0
EMP009,2026-03-01,59,Sunday,1,0,0,0,0,0,0,0,0,0,0,0,0,0,0,0,0,0,0,0,0,0
EMP009,2026-03-02,60,Monday,0,1,0,0,0,0,0,0,0,0,0,0,0,0,0,0,0,0,0,0,0,0
EMP009,2026-03-03,61,Tuesday,0,0,0,0,0,0,0,33,0,10,108,0,154,92,0,13,0,0,0,0,410,0
EMP009,2026-03-04,62,Wednesday,0,0,0,0,0,0,0,25,0,16,76,0,105,43,0,12,0,0,0,0,277,0
EMP009,2026-03-05,63,Thursday,0,0,0,0,0,0,0,20,0,10,92,0,88,70,0,6,0,0,0,0,286,0
EMP009,2026-03-06,64,Friday,0,0,0,0,0,0,0,13,0,13,77,0,96,47,0,8,0,0,0,0,254,0
EMP009,2026-03-07,65,Saturday,1,0,0,0,0,0,0,7,0,4,24,0,34,21,0,4,0,0,0,0,94,0
EMP009,2026-03-08,66,Sunday,1,0,0,0,0,0,0,0,0,0,0,0,0,0,0,0,0,0,0,0,0,0
EMP009,2026-03-09,67,Monday,0,0,0,1,0,0,0,0,0,0,0,0,0,0,0,0,0,0,0,0,0,0
EMP009,2026-03-10,68,Tuesday,0,0,0,0,0,0,0,18,0,12,70,0,98,64,0,11,0,0,0,0,273,0
EMP009,2026-03-11,69,Wednesday,0,0,0,0,0,0,0,19,0,10,64,0,82,41,0,12,0,0,0,0,228,0
EMP009,2026-03-12,70,Thursday,0,0,0,0,0,0,0,19,0,9,79,0,103,62,0,10,0,0,0,0,282,0
EMP009,2026-03-13,71,Friday,0,0,0,0,0,0,0,23,0,13,92,0,111,52,0,8,0,0,0,0,299,0
EMP009,2026-03-14,72,Saturday,1,0,0,0,0,0,0,5,0,2,20,0,26,15,0,1,0,0,0,0,69,0
EMP009,2026-03-15,73,Sunday,1,0,0,0,0,0,0,0,0,0,0,0,0,0,0,0,0,0,0,0,0,0
EMP009,2026-03-16,74,Monday,0,0,0,0,0,0,0,9,0,6,32,0,45,23,0,3,0,0,0,0,118,0
EMP009,2026-03-17,75,Tuesday,0,0,0,0,0,0,0,17,0,16,83,0,124,72,0,7,0,0,0,0,319,0
EMP009,2026-03-18,76,Wednesday,0,0,0,0,0,0,0,18,0,12,58,0,96,85,0,7,0,0,0,0,276,0
EMP009,2026-03-19,77,Thursday,0,0,0,0,0,0,0,18,0,16,89,0,103,76,0,13,0,0,0,0,315,0
EMP009,2026-03-20,78,Friday,0,0,0,0,0,0,0,14,0,16,92,0,120,58,0,9,0,0,0,0,309,0
EMP009,2026-03-21,79,Saturday,1,0,0,0,0,0,0,5,0,3,23,0,40,22,0,3,0,0,0,0,96,0
EMP009,2026-03-22,80,Sunday,1,0,0,0,0,0,0,0,0,0,0,0,0,0,0,0,0,0,0,0,0,0
EMP009,2026-03-23,81,Monday,0,0,0,0,0,0,0,13,0,13,103,0,123,62,0,10,0,0,0,0,324,0
EMP009,2026-03-24,82,Tuesday,0,0,0,0,0,0,0,20,0,18,97,0,76,52,0,13,0,0,0,0,276,0
EMP009,2026-03-25,83,Wednesday,0,0,0,0,0,0,0,46,0,24,113,0,129,56,0,25,0,0,0,0,393,0
EMP009,2026-03-26,84,Thursday,0,0,0,0,0,0,0,40,0,16,115,0,128,95,0,27,0,0,0,0,421,0
EMP009,2026-03-27,85,Friday,0,0,0,0,0,0,0,28,0,33,102,0,136,110,0,14,0,0,0,0,423,0
EMP009,2026-03-28,86,Saturday,1,0,0,0,0,0,0,16,0,8,30,0,52,24,0,5,0,0,0,0,135,0
EMP009,2026-03-29,87,Sunday,1,0,0,0,0,0,0,0,0,0,0,0,0,0,0,0,0,0,0,0,0,0
EMP009,2026-03-30,88,Monday,0,0,0,0,0,0,0,50,0,18,76,0,95,70,0,17,0,0,0,0,326,0
EMP009,2026-03-31,89,Tuesday,0,0,0,1,0,0,0,0,0,0,0,0,0,0,0,0,0,0,0,0,0,0
EMP010,2026-01-01,0,Thursday,0,1,0,0,0,0,0,0,0,0,0,0,0,0,0,0,0,0,0,0,0,1
EMP010,2026-01-02,1,Friday,0,0,0,0,0,12,34,63,0,54,78,0,31,24,0,16,39,18,0,0,369,1
EMP010,2026-01-03,2,Saturday,1,0,0,0,0,3,10,20,0,12,18,0,18,14,0,8,12,7,0,0,122,1
EMP010,2026-01-04,3,Sunday,1,0,0,0,0,0,0,0,0,0,0,0,0,0,0,0,0,0,0,0,0,1
EMP010,2026-01-05,4,Monday,0,0,0,0,0,13,31,32,0,51,51,0,48,48,0,30,29,17,0,0,350,1
EMP010,2026-01-06,5,Tuesday,0,0,0,0,0,17,30,59,0,43,52,0,48,52,0,25,27,31,0,0,384,1
EMP010,2026-01-07,6,Wednesday,0,0,0,0,0,8,21,28,0,29,59,0,42,19,0,14,24,26,0,0,270,1
EMP010,2026-01-08,7,Thursday,0,0,0,0,0,7,19,28,0,37,68,0,31,44,0,15,28,28,0,0,305,1
EMP010,2026-01-09,8,Friday,0,0,1,0,0,0,0,2,0,2,4,0,3,1,0,1,1,1,0,0,15,1
EMP010,2026-01-10,9,Saturday,1,0,0,0,0,3,10,17,0,8,25,0,14,17,0,6,7,8,0,0,115,1
EMP010,2026-01-11,10,Sunday,1,0,0,0,0,0,0,0,0,0,0,0,0,0,0,0,0,0,0,0,0,1
EMP010,2026-01-12,11,Monday,0,0,0,0,0,9,22,32,0,30,50,0,52,31,0,25,18,18,0,0,287,1
EMP010,2026-01-13,12,Tuesday,0,0,0,0,0,13,26,52,0,26,38,0,48,50,0,23,26,27,0,0,329,1
EMP010,2026-01-14,13,Wednesday,0,0,0,0,0,16,15,31,0,20,55,0,49,38,0,12,18,17,0,0,271,1
EMP010,2026-01-15,14,Thursday,0,0,0,0,0,5,21,51,0,43,61,0,61,32,0,16,30,17,0,0,337,1
EMP010,2026-01-16,15,Friday,0,0,0,0,0,12,19,56,0,25,54,0,50,19,0,18,21,30,0,0,304,1
EMP010,2026-01-17,16,Saturday,1,0,0,0,0,6,5,18,0,18,23,0,15,18,0,10,10,11,0,0,134,1
EMP010,2026-01-18,17,Sunday,1,0,0,0,0,0,0,0,0,0,0,0,0,0,0,0,0,0,0,0,0,1
EMP010,2026-01-19,18,Monday,0,0,0,0,0,15,27,50,0,25,74,0,50,20,0,27,21,31,0,0,340,1
EMP010,2026-01-20,19,Tuesday,0,0,0,0,0,17,34,44,0,26,46,0,54,35,0,40,25,21,0,0,342,1
EMP010,2026-01-21,20,Wednesday,0,0,0,0,0,12,17,48,0,33,40,0,24,43,0,27,19,28,0,0,291,1
EMP010,2026-01-22,21,Thursday,0,0,0,0,0,16,19,39,0,31,63,0,25,21,0,35,33,18,0,0,300,1
EMP010,2026-01-23,22,Friday,0,0,0,0,0,15,29,39,0,26,61,0,51,48,0,18,29,30,0,0,346,1
EMP010,2026-01-24,23,Saturday,1,0,0,0,0,6,8,14,0,14,27,0,18,9,0,9,6,9,0,0,120,1
EMP010,2026-01-25,24,Sunday,1,0,0,0,0,0,0,0,0,0,0,0,0,0,0,0,0,0,0,0,0,1
EMP010,2026-01-26,25,Monday,0,1,0,0,0,0,0,0,0,0,0,0,0,0,0,0,0,0,0,0,0,1
EMP010,2026-01-27,26,Tuesday,0,0,0,0,0,17,18,47,0,42,60,0,44,48,0,25,25,30,0,0,356,1
EMP010,2026-01-28,27,Wednesday,0,0,0,0,0,5,14,32,0,24,52,0,48,23,0,24,27,26,0,0,275,1
EMP010,2026-01-29,28,Thursday,0,0,0,0,0,20,22,77,0,54,45,0,33,41,0,12,30,36,0,0,370,1
EMP010,2026-01-30,29,Friday,0,0,0,0,0,7,32,93,0,56,46,0,29,21,0,34,43,23,0,0,384,1
EMP010,2026-01-31,30,Saturday,1,0,0,0,0,1,4,12,0,12,11,0,7,12,0,4,4,4,0,0,71,1
EMP010,2026-02-01,31,Sunday,1,0,0,0,0,0,0,0,0,0,0,0,0,0,0,0,0,0,0,0,0,1
EMP010,2026-02-02,32,Monday,0,0,0,0,0,15,25,53,0,60,98,0,30,57,0,23,34,21,0,0,416,1
EMP010,2026-02-03,33,Tuesday,0,0,0,0,0,9,33,46,0,46,90,0,36,47,0,17,47,38,0,0,409,1
EMP010,2026-02-04,34,Wednesday,0,0,0,0,0,16,24,33,0,27,36,0,58,27,0,11,18,16,0,0,266,1
EMP010,2026-02-05,35,Thursday,0,0,0,0,0,15,30,39,0,24,33,0,53,22,0,14,25,27,0,0,282,1
EMP010,2026-02-06,36,Friday,0,0,0,0,0,15,21,43,0,26,55,0,32,48,0,18,34,25,0,0,317,1
EMP010,2026-02-07,37,Saturday,1,0,0,0,0,5,7,16,0,12,22,0,14,13,0,5,11,9,0,0,114,1
EMP010,2026-02-08,38,Sunday,1,0,0,0,0,0,0,0,0,0,0,0,0,0,0,0,0,0,0,0,0,1
EMP010,2026-02-09,39,Monday,0,0,0,0,0,13,26,37,0,25,44,0,51,30,0,19,29,16,0,0,290,1
EMP010,2026-02-10,40,Tuesday,0,0,0,0,0,14,25,52,0,43,60,0,56,54,0,22,23,26,0,0,375,1
EMP010,2026-02-11,41,Wednesday,0,0,0,0,0,13,12,36,0,37,40,0,44,51,0,9,20,20,0,0,282,1
EMP010,2026-02-12,42,Thursday,0,0,0,0,0,5,14,39,0,35,61,0,51,28,0,10,22,26,0,0,291,1
EMP010,2026-02-13,43,Friday,0,0,0,0,0,14,14,31,0,33,39,0,42,44,0,8,26,24,0,0,275,1
EMP010,2026-02-14,44,Saturday,1,0,0,0,0,2,8,16,0,15,18,0,19,11,0,7,10,8,0,0,114,1
EMP010,2026-02-15,45,Sunday,1,0,0,0,1,0,0,0,0,0,0,0,0,0,0,0,0,0,0,0,0,1
EMP010,2026-02-16,46,Monday,0,0,0,0,0,16,18,46,0,25,68,0,62,25,0,19,30,27,0,0,336,1
EMP010,2026-02-17,47,Tuesday,0,0,0,0,0,15,18,60,0,47,62,0,35,33,0,8,25,18,0,0,321,1
EMP010,2026-02-18,48,Wednesday,0,0,0,0,0,10,26,32,0,44,63,0,40,39,0,9,32,27,0,0,322,1
EMP010,2026-02-19,49,Thursday,0,0,0,0,0,15,13,31,0,48,39,0,45,38,0,8,21,30,0,0,288,1
EMP010,2026-02-20,50,Friday,0,0,0,0,0,20,16,39,0,36,41,0,60,27,0,11,37,18,0,0,305,1
EMP010,2026-02-21,51,Saturday,1,0,0,0,0,5,6,18,0,15,24,0,22,13,0,4,12,11,0,0,130,1
EMP010,2026-02-22,52,Sunday,1,0,0,0,0,0,0,0,0,0,0,0,0,0,0,0,0,0,0,0,0,1
EMP010,2026-02-23,53,Monday,0,0,0,0,0,8,11,25,0,22,31,0,25,25,0,3,14,14,0,0,178,1
EMP010,2026-02-24,54,Tuesday,0,0,0,0,0,18,18,54,0,63,66,0,58,42,0,9,34,22,0,0,384,1
EMP010,2026-02-25,55,Wednesday,0,0,0,0,0,10,21,37,0,43,42,0,47,37,0,10,27,24,0,0,298,1
EMP010,2026-02-26,56,Thursday,0,0,0,0,0,12,24,33,0,49,43,0,70,55,0,7,40,15,0,0,348,1
EMP010,2026-02-27,57,Friday,0,0,0,0,0,10,21,37,0,30,52,0,33,43,0,10,26,29,0,0,291,1
EMP010,2026-02-28,58,Saturday,1,0,0,0,0,4,10,23,0,15,24,0,21,17,0,2,12,10,0,0,138,1
EMP010,2026-03-01,59,Sunday,1,0,0,0,0,0,0,0,0,0,0,0,0,0,0,0,0,0,0,0,0,1
EMP010,2026-03-02,60,Monday,0,1,1,0,0,0,0,0,0,0,0,0,0,0,0,0,0,0,0,0,0,1
EMP010,2026-03-03,61,Tuesday,0,0,0,0,0,17,31,66,0,38,55,0,57,28,0,8,38,15,0,0,353,1
EMP010,2026-03-04,62,Wednesday,0,0,0,0,0,14,26,37,0,25,50,0,57,27,0,4,33,20,0,0,293,1
EMP010,2026-03-05,63,Thursday,0,0,0,0,0,8,14,30,0,27,65,0,59,26,0,2,27,16,0,0,274,1
EMP010,2026-03-06,64,Friday,0,0,0,0,0,15,15,32,0,26,48,0,46,36,0,3,35,27,0,0,283,1
EMP010,2026-03-07,65,Saturday,1,0,0,0,0,6,8,18,0,9,17,0,14,11,0,1,9,5,0,0,98,1
EMP010,2026-03-08,66,Sunday,1,0,0,0,0,0,0,0,0,0,0,0,0,0,0,0,0,0,0,0,0,1
EMP010,2026-03-09,67,Monday,0,0,0,0,0,18,26,44,0,32,55,0,41,48,0,27,41,17,0,0,349,1
EMP010,2026-03-10,68,Tuesday,0,0,0,0,0,14,17,40,0,43,70,0,33,29,0,1,38,21,0,0,306,1
EMP010,2026-03-11,69,Wednesday,0,0,0,0,0,16,21,50,0,24,57,0,59,32,0,1,31,17,0,0,308,1
EMP010,2026-03-12,70,Thursday,0,0,0,0,0,10,26,28,0,26,66,0,44,28,0,1,22,27,0,0,278,1
EMP010,2026-03-13,71,Friday,0,0,0,1,0,0,0,0,0,0,0,0,0,0,0,0,0,0,0,0,0,1
EMP010,2026-03-14,72,Saturday,1,0,1,0,0,0,0,1,0,1,2,0,0,1,0,0,0,0,0,0,5,1
EMP010,2026-03-15,73,Sunday,1,0,0,0,0,0,0,0,0,0,0,0,0,0,0,0,0,0,0,0,0,1
EMP010,2026-03-16,74,Monday,0,0,0,0,0,12,18,39,0,27,66,0,52,28,0,1,30,16,0,0,289,1
EMP010,2026-03-17,75,Tuesday,0,0,0,0,0,13,26,47,0,30,54,0,29,48,0,26,22,25,0,0,320,1
EMP010,2026-03-18,76,Wednesday,0,0,0,0,0,11,12,52,0,23,55,0,48,34,0,0,19,24,0,0,278,1
EMP010,2026-03-19,77,Thursday,0,0,0,0,0,8,14,48,0,25,62,0,42,20,0,1,27,30,0,0,277,1
EMP010,2026-03-20,78,Friday,0,0,0,0,0,8,13,39,0,44,60,0,60,27,0,0,35,15,0,0,301,1
EMP010,2026-03-21,79,Saturday,1,0,0,0,0,3,5,16,0,12,23,0,12,8,0,0,7,6,0,0,92,1
EMP010,2026-03-22,80,Sunday,1,0,0,0,0,0,0,0,0,0,0,0,0,0,0,0,0,0,0,0,0,1
EMP010,2026-03-23,81,Monday,0,0,0,0,0,13,29,36,0,31,48,0,36,31,0,1,34,24,0,0,283,1
EMP010,2026-03-24,82,Tuesday,0,0,0,0,0,7,22,50,0,50,46,0,55,42,0,0,34,13,0,0,319,1
EMP010,2026-03-25,83,Wednesday,0,0,0,1,0,0,0,0,0,0,0,0,0,0,0,0,0,0,0,0,0,1
EMP010,2026-03-26,84,Thursday,0,0,0,0,0,17,29,77,0,63,72,0,81,31,0,1,47,23,0,0,441,1
EMP010,2026-03-27,85,Friday,0,0,0,0,0,16,32,108,0,83,82,0,60,64,0,1,26,29,0,0,501,1
EMP010,2026-03-28,86,Saturday,1,0,0,0,0,0,5,14,0,14,15,0,12,9,0,0,6,5,0,0,80,1
EMP010,2026-03-29,87,Sunday,1,0,0,0,0,0,0,0,0,0,0,0,0,0,0,0,0,0,0,0,0,1
EMP010,2026-03-30,88,Monday,0,0,0,0,0,14,34,91,0,69,52,0,58,55,0,2,42,32,0,0,449,1
EMP010,2026-03-31,89,Tuesday,0,0,0,0,0,12,22,75,0,63,103,0,60,41,0,2,27,34,0,0,439,1
EMP011,2026-01-01,0,Thursday,0,1,0,0,0,0,0,0,0,0,0,0,0,0,0,0,0,0,0,0,0,0
EMP011,2026-01-02,1,Friday,0,0,0,0,0,7,29,33,0,40,39,0,66,59,0,22,22,29,0,0,346,0
EMP011,2026-01-03,2,Saturday,1,0,0,0,0,2,12,18,0,16,22,0,24,12,0,10,9,6,0,0,131,0
EMP011,2026-01-04,3,Sunday,1,0,0,0,0,0,0,0,0,0,0,0,0,0,0,0,0,0,0,0,0,0
EMP011,2026-01-05,4,Monday,0,0,0,0,0,7,13,41,0,36,34,0,34,34,0,12,23,24,0,0,258,0
EMP011,2026-01-06,5,Tuesday,0,0,0,0,0,12,18,44,0,34,39,0,23,35,0,24,23,14,0,0,266,0
EMP011,2026-01-07,6,Wednesday,0,0,0,0,0,7,15,38,0,38,44,0,26,17,0,23,22,13,0,0,243,0
EMP011,2026-01-08,7,Thursday,0,0,0,0,0,9,25,49,0,33,57,0,24,24,0,14,31,11,0,0,277,0
EMP011,2026-01-09,8,Friday,0,0,0,0,0,12,23,36,0,36,30,0,20,37,0,19,19,23,0,0,255,0
EMP011,2026-01-10,9,Saturday,1,0,1,0,0,0,0,1,0,1,1,0,1,1,0,0,1,0,0,0,6,0
EMP011,2026-01-11,10,Sunday,1,0,0,0,0,0,0,0,0,0,0,0,0,0,0,0,0,0,0,0,0,0
EMP011,2026-01-12,11,Monday,0,0,0,0,0,8,16,42,0,34,34,0,22,31,0,16,27,20,0,0,250,0
EMP011,2026-01-13,12,Tuesday,0,0,0,0,0,9,10,24,0,27,27,0,25,20,0,10,16,11,0,0,179,0
EMP011,2026-01-14,13,Wednesday,0,0,0,0,0,5,23,28,0,32,27,0,49,29,0,12,19,12,0,0,236,0
EMP011,2026-01-15,14,Thursday,0,0,0,0,0,5,19,34,0,31,60,0,44,16,0,11,24,11,0,0,255,0
EMP011,2026-01-16,15,Friday,0,0,0,0,0,15,14,29,0,37,54,0,33,22,0,17,21,16,0,0,258,0
EMP011,2026-01-17,16,Saturday,1,0,0,0,0,4,7,15,0,14,12,0,12,12,0,7,10,7,0,0,100,0
EMP011,2026-01-18,17,Sunday,1,0,0,0,0,0,0,0,0,0,0,0,0,0,0,0,0,0,0,0,0,0
EMP011,2026-01-19,18,Monday,0,0,0,0,0,7,14,36,0,38,41,0,47,25,0,23,35,22,0,0,288,0
EMP011,2026-01-20,19,Tuesday,0,0,0,0,0,10,23,41,0,31,34,0,59,42,0,26,34,12,0,0,312,0
EMP011,2026-01-21,20,Wednesday,0,0,0,0,0,10,10,43,0,37,44,0,42,21,0,10,26,10,0,0,253,0
EMP011,2026-01-22,21,Thursday,0,0,0,0,0,5,17,37,0,27,33,0,46,30,0,16,16,11,0,0,238,0
EMP011,2026-01-23,22,Friday,0,0,0,0,0,12,14,41,0,39,47,0,46,26,0,20,18,15,0,0,278,0
EMP011,2026-01-24,23,Saturday,1,0,0,0,0,3,9,9,0,11,19,0,15,9,0,7,10,6,0,0,98,0
EMP011,2026-01-25,24,Sunday,1,0,0,0,0,0,0,0,0,0,0,0,0,0,0,0,0,0,0,0,0,0
EMP011,2026-01-26,25,Monday,0,1,0,0,0,0,0,0,0,0,0,0,0,0,0,0,0,0,0,0,0,0
EMP011,2026-01-27,26,Tuesday,0,0,1,0,0,1,1,2,0,3,5,0,4,4,0,2,1,2,0,0,25,0
EMP011,2026-01-28,27,Wednesday,0,0,0,0,0,14,20,29,0,21,34,0,38,31,0,18,29,16,0,0,250,0
EMP011,2026-01-29,28,Thursday,0,0,0,0,0,8,15,77,0,38,60,0,60,42,0,14,19,19,0,0,352,0
EMP011,2026-01-30,29,Friday,0,0,0,0,0,11,12,85,0,30,73,0,41,40,0,25,26,26,0,0,369,0
EMP011,2026-01-31,30,Saturday,1,0,0,0,0,5,6,17,0,17,17,0,12,17,0,9,6,11,0,0,117,0
EMP011,2026-02-01,31,Sunday,1,0,0,0,0,0,0,0,0,0,0,0,0,0,0,0,0,0,0,0,0,0
EMP011,2026-02-02,32,Monday,0,0,0,0,0,10,22,34,0,50,39,0,58,22,0,27,30,34,0,0,326,0
EMP011,2026-02-03,33,Tuesday,0,0,0,0,0,9,24,41,0,30,49,0,73,28,0,22,35,27,0,0,338,0
EMP011,2026-02-04,34,Wednesday,0,0,0,0,0,6,15,34,0,24,57,0,32,22,0,14,17,25,0,0,246,0
EMP011,2026-02-05,35,Thursday,0,0,0,0,0,9,18,45,0,31,40,0,31,30,0,13,21,24,0,0,262,0
EMP011,2026-02-06,36,Friday,0,0,0,0,0,8,16,39,0,37,40,0,33,38,0,24,26,12,0,0,273,0
EMP011,2026-02-07,37,Saturday,1,0,0,0,0,3,7,13,0,15,16,0,11,10,0,4,8,3,0,0,90,0
EMP011,2026-02-08,38,Sunday,1,0,0,0,0,0,0,0,0,0,0,0,0,0,0,0,0,0,0,0,0,0
EMP011,2026-02-09,39,Monday,0,0,0,0,0,7,15,55,0,40,58,0,37,34,0,11,16,12,0,0,285,0
EMP011,2026-02-10,40,Tuesday,0,0,0,0,0,11,18,50,0,21,60,0,42,27,0,25,18,12,0,0,284,0
EMP011,2026-02-11,41,Wednesday,0,0,0,0,0,10,19,44,0,26,56,0,27,17,0,10,26,23,0,0,258,0
EMP011,2026-02-12,42,Thursday,0,0,0,0,0,7,16,26,0,19,64,0,25,20,0,11,18,19,0,0,225,0
EMP011,2026-02-13,43,Friday,0,0,0,0,0,9,13,23,0,18,21,0,30,13,0,16,20,9,0,0,172,0
EMP011,2026-02-14,44,Saturday,1,0,1,0,0,0,0,0,0,0,0,0,0,0,0,0,0,0,0,0,0,0
EMP011,2026-02-15,45,Sunday,1,0,0,0,1,0,0,0,0,0,0,0,0,0,0,0,0,0,0,0,0,0
EMP011,2026-02-16,46,Monday,0,0,0,0,0,6,22,29,0,37,43,0,32,37,0,17,21,25,0,0,269,0
EMP011,2026-02-17,47,Tuesday,0,0,0,0,0,5,21,41,0,41,70,0,39,35,0,23,25,12,0,0,312,0
EMP011,2026-02-18,48,Wednesday,0,0,0,0,0,5,14,35,0,46,54,0,41,15,0,16,17,23,0,0,266,0
EMP011,2026-02-19,49,Thursday,0,0,0,0,0,6,22,33,0,24,33,0,27,21,0,14,29,16,0,0,225,0
EMP011,2026-02-20,50,Friday,0,0,0,0,0,11,24,37,0,25,52,0,30,45,0,20,29,9,0,0,282,0
EMP011,2026-02-21,51,Saturday,1,0,0,0,0,4,10,17,0,14,20,0,12,10,0,5,6,10,0,0,108,0
EMP011,2026-02-22,52,Sunday,1,0,0,0,0,0,0,0,0,0,0,0,0,0,0,0,0,0,0,0,0,0
EMP011,2026-02-23,53,Monday,0,0,0,0,0,17,13,33,0,33,38,0,25,26,0,23,29,22,0,0,259,0
EMP011,2026-02-24,54,Tuesday,0,0,0,0,0,11,24,29,0,29,49,0,42,42,0,14,29,26,0,0,295,0
EMP011,2026-02-25,55,Wednesday,0,0,0,0,0,6,24,32,0,24,42,0,20,27,0,24,30,21,0,0,250,0
EMP011,2026-02-26,56,Thursday,0,0,0,0,0,13,15,48,0,22,45,0,21,38,0,13,26,18,0,0,259,0
EMP011,2026-02-27,57,Friday,0,0,0,0,0,21,15,49,0,46,53,0,39,36,0,26,20,16,0,0,321,0
EMP011,2026-02-28,58,Saturday,1,0,0,0,0,5,5,31,0,10,23,0,8,9,0,5,10,11,0,0,117,0
EMP011,2026-03-01,59,Sunday,1,0,0,0,0,0,0,0,0,0,0,0,0,0,0,0,0,0,0,0,0,0
EMP011,2026-03-02,60,Monday,0,1,0,0,0,0,0,0,0,0,0,0,0,0,0,0,0,0,0,0,0,0
EMP011,2026-03-03,61,Tuesday,0,0,0,0,0,15,13,67,0,48,71,0,63,27,0,23,26,28,0,0,381,0
EMP011,2026-03-04,62,Wednesday,0,0,0,0,0,10,25,43,0,35,39,0,22,33,0,23,24,25,0,0,279,0
EMP011,2026-03-05,63,Thursday,0,0,0,1,0,0,0,0,0,0,0,0,0,0,0,0,0,0,0,0,0,0
EMP011,2026-03-06,64,Friday,0,0,0,0,0,7,7,27,0,13,29,0,28,17,0,12,15,15,0,0,170,0
EMP011,2026-03-07,65,Saturday,1,0,0,0,0,2,8,17,0,14,13,0,12,18,0,5,11,9,0,0,109,0
EMP011,2026-03-08,66,Sunday,1,0,0,0,0,0,0,0,0,0,0,0,0,0,0,0,0,0,0,0,0,0
EMP011,2026-03-09,67,Monday,0,0,0,0,0,8,20,44,0,42,38,0,27,31,0,15,27,26,0,0,278,0
EMP011,2026-03-10,68,Tuesday,0,0,0,0,0,9,26,28,0,34,66,0,44,28,0,26,20,13,0,0,294,0
EMP011,2026-03-11,69,Wednesday,0,0,0,0,0,10,16,29,0,34,53,0,39,23,0,22,23,18,0,0,267,0
EMP011,2026-03-12,70,Thursday,0,0,0,0,0,6,21,39,0,27,38,0,37,25,0,10,28,10,0,0,241,0
EMP011,2026-03-13,71,Friday,0,0,0,0,0,9,21,35,0,41,52,0,39,30,0,10,29,10,0,0,276,0
EMP011,2026-03-14,72,Saturday,1,0,0,0,0,3,7,12,0,14,21,0,12,10,0,5,11,4,0,0,99,0
EMP011,2026-03-15,73,Sunday,1,0,0,0,0,0,0,0,0,0,0,0,0,0,0,0,0,0,0,0,0,0
EMP011,2026-03-16,74,Monday,0,0,0,0,0,10,14,43,0,27,51,0,29,26,0,14,27,14,0,0,255,0
EMP011,2026-03-17,75,Tuesday,0,0,0,0,0,8,11,29,0,44,41,0,33,21,0,20,17,27,0,0,251,0
EMP011,2026-03-18,76,Wednesday,0,0,0,0,0,5,26,35,0,33,60,0,25,34,0,14,17,17,0,0,266,0
EMP011,2026-03-19,77,Thursday,0,0,0,0,0,15,16,50,0,22,52,0,36,21,0,15,19,18,0,0,264,0
EMP011,2026-03-20,78,Friday,0,0,0,0,0,5,18,36,0,29,53,0,23,47,0,20,25,17,0,0,273,0
EMP011,2026-03-21,79,Saturday,1,0,0,0,0,4,8,17,0,14,27,0,15,10,0,4,6,5,0,0,110,0
EMP011,2026-03-22,80,Sunday,1,0,0,0,0,0,0,0,0,0,0,0,0,0,0,0,0,0,0,0,0,0
EMP011,2026-03-23,81,Monday,0,0,0,0,0,9,11,45,0,45,38,0,22,30,0,29,31,26,0,0,286,0
EMP011,2026-03-24,82,Tuesday,0,0,0,0,0,14,33,51,0,33,66,0,41,24,0,17,33,26,0,0,338,0
EMP011,2026-03-25,83,Wednesday,0,0,0,0,0,18,33,54,0,52,45,0,50,45,0,40,27,19,0,0,383,0
EMP011,2026-03-26,84,Thursday,0,0,0,0,0,12,24,94,0,77,58,0,46,53,0,36,36,30,0,0,466,0
EMP011,2026-03-27,85,Friday,0,0,0,0,0,5,17,43,0,24,27,0,23,26,0,15,15,14,0,0,209,0
EMP011,2026-03-28,86,Saturday,1,0,0,0,0,7,15,28,0,17,21,0,14,20,0,19,13,10,0,0,164,0
EMP011,2026-03-29,87,Sunday,1,0,0,0,0,0,0,0,0,0,0,0,0,0,0,0,0,0,0,0,0,0
EMP011,2026-03-30,88,Monday,0,0,0,0,0,8,27,79,0,55,60,0,26,43,0,22,22,15,0,0,357,0
EMP011,2026-03-31,89,Tuesday,0,0,0,0,0,10,29,49,0,47,47,0,35,39,0,39,26,29,0,0,350,0
EMP012,2026-01-01,0,Thursday,0,1,0,0,0,0,0,0,0,0,0,0,0,0,0,0,0,0,0,0,0,0
EMP012,2026-01-02,1,Friday,0,0,0,0,0,7,16,68,0,44,81,0,59,59,0,16,50,30,0,0,430,0
EMP012,2026-01-03,2,Saturday,1,0,0,0,0,3,11,23,0,11,24,0,12,21,0,6,16,7,0,0,134,0
EMP012,2026-01-04,3,Sunday,1,0,0,0,0,0,0,0,0,0,0,0,0,0,0,0,0,0,0,0,0,0
EMP012,2026-01-05,4,Monday,0,0,0,0,0,8,12,43,0,24,41,0,46,39,0,27,30,24,0,0,294,0
EMP012,2026-01-06,5,Tuesday,0,0,0,0,0,6,21,52,0,31,62,0,44,37,0,25,21,26,0,0,325,0
EMP012,2026-01-07,6,Wednesday,0,0,0,0,0,13,14,35,0,41,67,0,34,21,0,27,23,26,0,0,301,0
EMP012,2026-01-08,7,Thursday,0,0,0,0,0,9,25,49,0,27,59,0,28,21,0,31,28,25,0,0,302,0
EMP012,2026-01-09,8,Friday,0,0,0,0,0,6,21,22,0,25,42,0,17,23,0,10,13,19,0,0,198,0
EMP012,2026-01-10,9,Saturday,1,0,0,0,0,6,5,18,0,11,23,0,10,10,0,5,10,6,0,0,104,0
EMP012,2026-01-11,10,Sunday,1,0,0,0,0,0,0,0,0,0,0,0,0,0,0,0,0,0,0,0,0,0
EMP012,2026-01-12,11,Monday,0,0,0,0,0,7,17,21,0,20,32,0,31,31,0,17,11,18,0,0,205,0
EMP012,2026-01-13,12,Tuesday,0,0,0,0,0,13,15,33,0,25,69,0,57,42,0,30,38,12,0,0,334,0
EMP012,2026-01-14,13,Wednesday,0,0,0,0,0,7,15,29,0,32,51,0,31,32,0,17,22,21,0,0,257,0
EMP012,2026-01-15,14,Thursday,0,0,0,0,0,8,16,42,0,40,58,0,28,42,0,20,18,11,0,0,283,0
EMP012,2026-01-16,15,Friday,0,0,0,0,0,16,25,32,0,39,45,0,55,48,0,19,27,21,0,0,327,0
EMP012,2026-01-17,16,Saturday,1,0,0,0,0,6,8,20,0,16,22,0,21,9,0,9,6,7,0,0,124,0
EMP012,2026-01-18,17,Sunday,1,0,0,0,0,0,0,0,0,0,0,0,0,0,0,0,0,0,0,0,0,0
EMP012,2026-01-19,18,Monday,0,0,0,0,0,15,29,46,0,48,75,0,37,24,0,18,27,12,0,0,331,0
EMP012,2026-01-20,19,Tuesday,0,0,0,0,0,21,29,51,0,37,66,0,34,46,0,19,30,17,0,0,350,0
EMP012,2026-01-21,20,Wednesday,0,0,1,0,0,1,1,4,0,3,4,0,5,2,0,2,2,1,0,0,25,0
EMP012,2026-01-22,21,Thursday,0,0,0,0,0,9,19,37,0,38,54,0,31,56,0,24,28,16,0,0,312,0
EMP012,2026-01-23,22,Friday,0,0,0,0,0,16,24,36,0,49,40,0,22,45,0,30,39,27,0,0,328,0
EMP012,2026-01-24,23,Saturday,1,0,0,0,0,6,8,20,0,12,29,0,22,11,0,10,11,12,0,0,141,0
EMP012,2026-01-25,24,Sunday,1,0,0,0,0,0,0,0,0,0,0,0,0,0,0,0,0,0,0,0,0,0
EMP012,2026-01-26,25,Monday,0,1,0,0,0,0,0,0,0,0,0,0,0,0,0,0,0,0,0,0,0,0
EMP012,2026-01-27,26,Tuesday,0,0,0,0,0,15,27,48,0,35,78,0,30,51,0,23,27,30,0,0,364,0
EMP012,2026-01-28,27,Wednesday,0,0,0,0,0,6,13,48,0,43,42,0,40,34,0,12,21,25,0,0,284,0
EMP012,2026-01-29,28,Thursday,0,0,0,1,0,0,0,0,0,0,0,0,0,0,0,0,0,0,0,0,0,0
EMP012,2026-01-30,29,Friday,0,0,0,0,0,20,33,80,0,46,80,0,45,53,0,32,33,18,0,0,440,0
EMP012,2026-01-31,30,Saturday,1,0,0,0,0,3,12,20,0,14,23,0,22,11,0,11,9,10,0,0,135,0
EMP012,2026-02-01,31,Sunday,1,0,0,0,0,0,0,0,0,0,0,0,0,0,0,0,0,0,0,0,0,0
EMP012,2026-02-02,32,Monday,0,0,0,0,0,9,30,63,0,56,75,0,78,47,0,22,40,24,0,0,444,0
EMP012,2026-02-03,33,Tuesday,0,0,0,0,0,15,30,41,0,39,57,0,53,41,0,30,26,34,0,0,366,0
EMP012,2026-02-04,34,Wednesday,0,0,0,0,0,8,27,39,0,43,39,0,33,21,0,19,27,19,0,0,275,0
EMP012,2026-02-05,35,Thursday,0,0,0,0,0,13,27,62,0,43,38,0,30,18,0,18,32,22,0,0,303,0
EMP012,2026-02-06,36,Friday,0,0,0,0,0,17,20,37,0,43,45,0,63,27,0,17,36,21,0,0,326,0
EMP012,2026-02-07,37,Saturday,1,0,0,0,0,5,5,11,0,14,22,0,17,9,0,10,13,9,0,0,115,0
EMP012,2026-02-08,38,Sunday,1,0,0,0,0,0,0,0,0,0,0,0,0,0,0,0,0,0,0,0,0,0
EMP012,2026-02-09,39,Monday,0,0,0,0,0,17,27,32,0,44,69,0,30,48,0,17,29,31,0,0,344,0
EMP012,2026-02-10,40,Tuesday,0,0,0,0,0,9,30,47,0,58,67,0,62,19,0,17,26,33,0,0,368,0
EMP012,2026-02-11,41,Wednesday,0,0,0,1,0,0,0,0,0,0,0,0,0,0,0,0,0,0,0,0,0,0
EMP012,2026-02-12,42,Thursday,0,0,0,0,0,12,17,43,0,36,52,0,47,44,0,22,25,25,0,0,323,0
EMP012,2026-02-13,43,Friday,0,0,0,0,0,18,16,27,0,50,54,0,36,34,0,25,19,12,0,0,291,0
EMP012,2026-02-14,44,Saturday,1,0,0,0,0,3,7,14,0,16,17,0,20,8,0,6,8,4,0,0,103,0
EMP012,2026-02-15,45,Sunday,1,0,0,0,1,0,0,0,0,0,0,0,0,0,0,0,0,0,0,0,0,0
EMP012,2026-02-16,46,Monday,0,0,0,0,0,10,15,36,0,38,81,0,51,28,0,30,37,26,0,0,352,0
EMP012,2026-02-17,47,Tuesday,0,0,0,0,0,15,34,54,0,34,84,0,42,29,0,14,23,26,0,0,355,0
EMP012,2026-02-18,48,Wednesday,0,0,0,0,0,5,25,40,0,26,50,0,35,42,0,26,36,26,0,0,311,0
EMP012,2026-02-19,49,Thursday,0,0,0,0,0,6,24,32,0,37,66,0,44,19,0,16,27,13,0,0,284,0
EMP012,2026-02-20,50,Friday,0,0,0,0,0,10,25,32,0,37,69,0,41,22,0,22,20,16,0,0,294,0
EMP012,2026-02-21,51,Saturday,1,0,0,0,0,4,5,14,0,15,14,0,21,13,0,6,12,7,0,0,111,0
EMP012,2026-02-22,52,Sunday,1,0,0,0,0,0,0,0,0,0,0,0,0,0,0,0,0,0,0,0,0,0
EMP012,2026-02-23,53,Monday,0,0,0,0,0,13,21,46,0,35,67,0,36,53,0,30,20,20,0,0,341,0
EMP012,2026-02-24,54,Tuesday,0,0,0,0,0,10,17,46,0,42,48,0,51,22,0,25,21,18,0,0,300,0
EMP012,2026-02-25,55,Wednesday,0,0,0,0,0,14,27,29,0,29,34,0,31,18,0,16,24,11,0,0,233,0
EMP012,2026-02-26,56,Thursday,0,0,0,0,0,15,16,63,0,29,90,0,43,27,0,26,43,23,0,0,375,0
EMP012,2026-02-27,57,Friday,0,0,0,0,0,8,29,56,0,48,55,0,72,39,0,21,32,16,0,0,376,0
EMP012,2026-02-28,58,Saturday,1,0,0,0,0,4,10,19,0,21,24,0,22,20,0,11,15,12,0,0,158,0
EMP012,2026-03-01,59,Sunday,1,0,0,0,0,0,0,0,0,0,0,0,0,0,0,0,0,0,0,0,0,0
EMP012,2026-03-02,60,Monday,0,1,0,0,0,0,0,0,0,0,0,0,0,0,0,0,0,0,0,0,0,0
EMP012,2026-03-03,61,Tuesday,0,0,0,0,0,7,15,50,0,58,96,0,52,36,0,33,39,28,0,0,414,0
EMP012,2026-03-04,62,Wednesday,0,0,0,0,0,14,23,46,0,41,40,0,54,29,0,23,24,20,0,0,314,0
EMP012,2026-03-05,63,Thursday,0,0,0,0,0,10,32,44,0,36,60,0,53,31,0,16,35,18,0,0,335,0
EMP012,2026-03-06,64,Friday,0,0,0,0,0,8,25,35,0,39,72,0,43,18,0,17,35,17,0,0,309,0
EMP012,2026-03-07,65,Saturday,1,0,1,0,0,0,0,0,0,0,1,0,1,1,0,0,0,0,0,0,3,0
EMP012,2026-03-08,66,Sunday,1,0,0,0,0,0,0,0,0,0,0,0,0,0,0,0,0,0,0,0,0,0
EMP012,2026-03-09,67,Monday,0,0,0,0,0,17,17,43,0,39,49,0,58,32,0,17,36,34,0,0,342,0
EMP012,2026-03-10,68,Tuesday,0,0,0,0,0,13,33,35,0,29,47,0,26,54,0,30,37,13,0,0,317,0
EMP012,2026-03-11,69,Wednesday,0,0,0,0,0,17,16,33,0,44,66,0,33,19,0,17,25,13,0,0,283,0
EMP012,2026-03-12,70,Thursday,0,0,0,0,0,17,28,37,0,24,56,0,43,34,0,11,25,25,0,0,300,0
EMP012,2026-03-13,71,Friday,0,0,0,0,0,13,26,36,0,51,45,0,36,46,0,22,19,25,0,0,319,0
EMP012,2026-03-14,72,Saturday,1,0,0,0,0,2,5,15,0,11,18,0,14,12,0,7,11,3,0,0,98,0
EMP012,2026-03-15,73,Sunday,1,0,0,0,0,0,0,0,0,0,0,0,0,0,0,0,0,0,0,0,0,0
EMP012,2026-03-16,74,Monday,0,0,0,0,0,8,25,39,0,26,66,0,28,33,0,12,33,15,0,0,285,0
EMP012,2026-03-17,75,Tuesday,0,0,0,0,0,18,14,39,0,23,40,0,54,22,0,21,26,33,0,0,290,0
EMP012,2026-03-18,76,Wednesday,0,0,0,0,0,8,14,31,0,29,35,0,43,17,0,18,28,24,0,0,247,0
EMP012,2026-03-19,77,Thursday,0,0,0,0,0,7,22,45,0,28,56,0,51,28,0,21,33,30,0,0,321,0
EMP012,2026-03-20,78,Friday,0,0,0,0,0,15,22,48,0,49,72,0,51,49,0,22,29,25,0,0,382,0
EMP012,2026-03-21,79,Saturday,1,0,0,0,0,3,11,18,0,15,25,0,10,16,0,9,8,4,0,0,119,0
EMP012,2026-03-22,80,Sunday,1,0,0,0,0,0,0,0,0,0,0,0,0,0,0,0,0,0,0,0,0,0
EMP012,2026-03-23,81,Monday,0,0,0,0,0,12,12,37,0,29,63,0,60,24,0,16,27,24,0,0,304,0
EMP012,2026-03-24,82,Tuesday,0,0,0,0,0,18,17,37,0,46,71,0,46,44,0,17,33,34,0,0,363,0
EMP012,2026-03-25,83,Wednesday,0,0,0,0,0,8,29,103,0,69,52,0,59,29,0,40,35,14,0,0,438,0
EMP012,2026-03-26,84,Thursday,0,0,0,0,0,21,28,96,0,82,67,0,78,39,0,44,34,25,0,0,514,0
EMP012,2026-03-27,85,Friday,0,0,0,0,0,14,18,88,0,51,77,0,75,29,0,44,29,44,0,0,469,0
EMP012,2026-03-28,86,Saturday,1,0,0,0,0,3,10,30,0,34,31,0,23,16,0,14,14,8,0,0,183,0
EMP012,2026-03-29,87,Sunday,1,0,0,0,0,0,0,0,0,0,0,0,0,0,0,0,0,0,0,0,0,0
EMP012,2026-03-30,88,Monday,0,0,0,0,0,10,16,72,0,56,65,0,53,53,0,50,39,33,0,0,447,0
EMP012,2026-03-31,89,Tuesday,0,0,0,0,0,15,28,95,0,54,53,0,39,54,0,25,38,30,0,0,431,0
EMP013,2026-01-01,0,Thursday,0,1,0,0,0,0,0,0,0,0,0,0,0,0,0,0,0,0,0,0,0,0
EMP013,2026-01-02,1,Friday,0,0,0,0,0,9,33,38,0,52,47,0,48,30,0,18,19,22,0,0,316,0
EMP013,2026-01-03,2,Saturday,1,0,0,0,0,3,6,18,0,9,20,0,15,12,0,10,14,9,0,0,116,0
EMP013,2026-01-04,3,Sunday,1,0,0,0,0,0,0,0,0,0,0,0,0,0,0,0,0,0,0,0,0,0
EMP013,2026-01-05,4,Monday,0,0,0,0,0,9,9,16,0,14,20,0,13,23,0,9,20,16,0,0,149,0
EMP013,2026-01-06,5,Tuesday,0,0,0,0,0,5,17,31,0,35,49,0,43,18,0,21,27,26,0,0,272,0
EMP013,2026-01-07,6,Wednesday,0,0,0,1,0,0,0,0,0,0,0,0,0,0,0,0,0,0,0,0,0,0
EMP013,2026-01-08,7,Thursday,0,0,0,0,0,6,16,45,0,28,37,0,26,27,0,23,22,21,0,0,251,0
EMP013,2026-01-09,8,Friday,0,0,0,0,0,7,11,35,0,46,57,0,35,26,0,16,28,28,0,0,289,0
EMP013,2026-01-10,9,Saturday,1,0,0,0,0,2,4,12,0,8,19,0,10,10,0,3,8,6,0,0,82,0
EMP013,2026-01-11,10,Sunday,1,0,0,0,0,0,0,0,0,0,0,0,0,0,0,0,0,0,0,0,0,0
EMP013,2026-01-12,11,Monday,0,0,0,0,0,8,20,39,0,47,42,0,35,39,0,13,20,10,0,0,273,0
EMP013,2026-01-13,12,Tuesday,0,0,0,0,0,6,13,53,0,40,64,0,24,41,0,27,29,27,0,0,324,0
EMP013,2026-01-14,13,Wednesday,0,0,0,0,0,6,9,26,0,27,34,0,39,14,0,17,19,9,0,0,200,0
EMP013,2026-01-15,14,Thursday,0,0,0,0,0,9,23,22,0,26,58,0,38,29,0,24,18,24,0,0,271,0
EMP013,2026-01-16,15,Friday,0,0,0,0,0,10,18,44,0,32,37,0,53,26,0,13,28,15,0,0,276,0
EMP013,2026-01-17,16,Saturday,1,0,0,0,0,2,9,11,0,16,13,0,16,7,0,6,6,7,0,0,93,0
EMP013,2026-01-18,17,Sunday,1,0,0,0,0,0,0,0,0,0,0,0,0,0,0,0,0,0,0,0,0,0
EMP013,2026-01-19,18,Monday,0,0,0,0,0,6,16,35,0,31,62,0,44,40,0,24,23,16,0,0,297,0
EMP013,2026-01-20,19,Tuesday,0,0,1,0,0,0,1,3,0,3,5,0,4,1,0,1,2,1,0,0,21,0
EMP013,2026-01-21,20,Wednesday,0,0,0,0,0,8,14,21,0,17,28,0,18,20,0,14,19,12,0,0,171,0
EMP013,2026-01-22,21,Thursday,0,0,0,0,0,6,11,38,0,38,61,0,40,17,0,26,23,12,0,0,272,0
EMP013,2026-01-23,22,Friday,0,0,0,1,0,0,0,0,0,0,0,0,0,0,0,0,0,0,0,0,0,0
EMP013,2026-01-24,23,Saturday,1,0,0,0,0,5,4,16,0,10,20,0,15,6,0,5,7,8,0,0,96,0
EMP013,2026-01-25,24,Sunday,1,0,0,0,0,0,0,0,0,0,0,0,0,0,0,0,0,0,0,0,0,0
EMP013,2026-01-26,25,Monday,0,1,0,0,0,0,0,0,0,0,0,0,0,0,0,0,0,0,0,0,0,0
EMP013,2026-01-27,26,Tuesday,0,0,0,0,0,6,26,41,0,33,54,0,43,20,0,23,23,25,0,0,294,0
EMP013,2026-01-28,27,Wednesday,0,0,0,0,0,7,7,25,0,19,30,0,17,8,0,7,7,12,0,0,139,0
EMP013,2026-01-29,28,Thursday,0,0,0,0,0,8,26,68,0,27,59,0,42,38,0,25,21,18,0,0,332,0
EMP013,2026-01-30,29,Friday,0,0,0,0,0,13,20,56,0,44,53,0,43,24,0,21,18,12,0,0,304,0
EMP013,2026-01-31,30,Saturday,1,0,0,0,0,6,7,20,0,11,23,0,14,20,0,12,7,6,0,0,126,0
EMP013,2026-02-01,31,Sunday,1,0,0,0,0,0,0,0,0,0,0,0,0,0,0,0,0,0,0,0,0,0
EMP013,2026-02-02,32,Monday,0,0,0,0,0,13,31,54,0,51,33,0,29,44,0,23,39,27,0,0,344,0
EMP013,2026-02-03,33,Tuesday,0,0,0,0,0,8,23,57,0,42,69,0,64,22,0,19,37,16,0,0,357,0
EMP013,2026-02-04,34,Wednesday,0,0,0,0,0,14,24,36,0,30,57,0,33,22,0,18,19,25,0,0,278,0
EMP013,2026-02-05,35,Thursday,0,0,0,0,0,9,16,37,0,38,44,0,29,36,0,21,22,23,0,0,275,0
EMP013,2026-02-06,36,Friday,0,0,0,0,0,7,17,37,0,28,48,0,50,38,0,20,19,16,0,0,280,0
EMP013,2026-02-07,37,Saturday,1,0,0,0,0,1,3,6,0,5,9,0,8,6,0,3,3,3,0,0,47,0
EMP013,2026-02-08,38,Sunday,1,0,0,0,0,0,0,0,0,0,0,0,0,0,0,0,0,0,0,0,0,0
EMP013,2026-02-09,39,Monday,0,0,0,0,0,12,26,46,0,36,64,0,58,34,0,25,27,23,0,0,351,0
EMP013,2026-02-10,40,Tuesday,0,0,0,0,0,11,12,32,0,39,35,0,26,35,0,13,26,20,0,0,249,0
EMP013,2026-02-11,41,Wednesday,0,0,0,0,0,9,11,38,0,26,42,0,36,33,0,15,31,23,0,0,264,0
EMP013,2026-02-12,42,Thursday,0,0,0,0,0,5,23,33,0,29,38,0,43,21,0,20,27,20,0,0,259,0
EMP013,2026-02-13,43,Friday,0,0,0,0,0,6,24,40,0,30,53,0,30,22,0,24,29,17,0,0,275,0
EMP013,2026-02-14,44,Saturday,1,0,0,0,0,4,3,10,0,14,15,0,20,7,0,9,5,8,0,0,95,0
EMP013,2026-02-15,45,Sunday,1,0,0,0,1,0,0,0,0,0,0,0,0,0,0,0,0,0,0,0,0,0
EMP013,2026-02-16,46,Monday,0,0,0,0,0,8,11,44,0,38,38,0,53,22,0,16,17,11,0,0,258,0
EMP013,2026-02-17,47,Tuesday,0,0,0,0,0,14,20,33,0,29,56,0,32,21,0,13,23,28,0,0,269,0
EMP013,2026-02-18,48,Wednesday,0,0,0,0,0,9,16,35,0,22,44,0,39,41,0,21,15,18,0,0,260,0
EMP013,2026-02-19,49,Thursday,0,0,0,0,0,6,25,32,0,30,26,0,33,19,0,16,24,12,0,0,223,0
EMP013,2026-02-20,50,Friday,0,0,0,0,0,11,23,46,0,40,47,0,40,38,0,23,24,27,0,0,319,0
EMP013,2026-02-21,51,Saturday,1,0,0,0,0,6,6,16,0,12,12,0,13,10,0,10,7,5,0,0,97,0
EMP013,2026-02-22,52,Sunday,1,0,0,0,0,0,0,0,0,0,0,0,0,0,0,0,0,0,0,0,0,0
EMP013,2026-02-23,53,Monday,0,0,0,0,0,9,29,39,0,37,41,0,53,25,0,16,23,18,0,0,290,0
EMP013,2026-02-24,54,Tuesday,0,0,0,0,0,14,13,48,0,35,43,0,46,33,0,28,23,20,0,0,303,0
EMP013,2026-02-25,55,Wednesday,0,0,0,0,0,11,14,42,0,30,46,0,21,26,0,11,16,11,0,0,228,0
EMP013,2026-02-26,56,Thursday,0,0,0,0,0,6,26,41,0,31,43,0,48,39,0,15,30,27,0,0,306,0
EMP013,2026-02-27,57,Friday,0,0,0,0,0,8,22,35,0,25,56,0,35,31,0,13,37,31,0,0,293,0
EMP013,2026-02-28,58,Saturday,1,0,0,0,0,6,8,22,0,15,19,0,18,19,0,8,11,6,0,0,132,0
EMP013,2026-03-01,59,Sunday,1,0,0,0,0,0,0,0,0,0,0,0,0,0,0,0,0,0,0,0,0,0
EMP013,2026-03-02,60,Monday,0,1,0,0,0,0,0,0,0,0,0,0,0,0,0,0,0,0,0,0,0,0
EMP013,2026-03-03,61,Tuesday,0,0,0,0,0,11,17,60,0,30,40,0,70,40,0,24,30,17,0,0,339,0
EMP013,2026-03-04,62,Wednesday,0,0,0,0,0,11,20,30,0,32,43,0,36,33,0,12,29,10,0,0,256,0
EMP013,2026-03-05,63,Thursday,0,0,0,0,0,15,15,31,0,32,44,0,51,33,0,17,28,12,0,0,278,0
EMP013,2026-03-06,64,Friday,0,0,0,0,0,12,13,47,0,26,34,0,56,20,0,16,28,16,0,0,268,0
EMP013,2026-03-07,65,Saturday,1,0,0,0,0,5,5,11,0,10,19,0,10,6,0,9,6,4,0,0,85,0
EMP013,2026-03-08,66,Sunday,1,0,0,0,0,0,0,0,0,0,0,0,0,0,0,0,0,0,0,0,0,0
EMP013,2026-03-09,67,Monday,0,0,0,0,0,14,27,39,0,22,62,0,50,36,0,16,26,26,0,0,318,0
EMP013,2026-03-10,68,Tuesday,0,0,0,0,0,8,16,34,0,27,69,0,40,41,0,14,19,24,0,0,292,0
EMP013,2026-03-11,69,Wednesday,0,0,0,0,0,10,11,39,0,30,48,0,49,33,0,25,19,18,0,0,282,0
EMP013,2026-03-12,70,Thursday,0,0,0,0,0,8,16,27,0,29,49,0,31,39,0,17,30,20,0,0,266,0
EMP013,2026-03-13,71,Friday,0,0,0,0,0,13,21,37,0,21,63,0,38,26,0,18,21,19,0,0,277,0
EMP013,2026-03-14,72,Saturday,1,0,0,0,0,4,9,11,0,14,19,0,18,13,0,7,5,9,0,0,109,0
EMP013,2026-03-15,73,Sunday,1,0,0,0,0,0,0,0,0,0,0,0,0,0,0,0,0,0,0,0,0,0
EMP013,2026-03-16,74,Monday,0,0,0,0,0,2,9,20,0,9,17,0,18,14,0,7,9,9,0,0,114,0
EMP013,2026-03-17,75,Tuesday,0,0,0,0,0,6,17,51,0,33,36,0,50,36,0,26,26,23,0,0,304,0
EMP013,2026-03-18,76,Wednesday,0,0,0,0,0,10,15,22,0,25,51,0,24,23,0,19,20,15,0,0,224,0
EMP013,2026-03-19,77,Thursday,0,0,0,0,0,8,12,30,0,24,59,0,37,37,0,17,22,13,0,0,259,0
EMP013,2026-03-20,78,Friday,0,0,0,0,0,5,17,28,0,34,61,0,23,33,0,23,18,22,0,0,264,0
EMP013,2026-03-21,79,Saturday,1,0,1,0,0,0,0,1,0,1,1,0,1,1,0,0,0,0,0,0,5,0
EMP013,2026-03-22,80,Sunday,1,0,0,0,0,0,0,0,0,0,0,0,0,0,0,0,0,0,0,0,0,0
EMP013,2026-03-23,81,Monday,0,0,1,0,0,0,1,2,0,1,3,0,1,1,0,1,2,1,0,0,13,0
EMP013,2026-03-24,82,Tuesday,0,0,0,0,0,10,21,32,0,44,39,0,49,42,0,27,21,14,0,0,299,0
EMP013,2026-03-25,83,Wednesday,0,0,0,0,0,14,19,68,0,78,72,0,46,35,0,39,23,23,0,0,417,0
EMP013,2026-03-26,84,Thursday,0,0,0,0,0,8,27,65,0,61,55,0,35,45,0,22,36,31,0,0,385,0
EMP013,2026-03-27,85,Friday,0,0,0,0,0,20,18,60,0,83,57,0,31,27,0,47,31,18,0,0,392,0
EMP013,2026-03-28,86,Saturday,1,0,0,0,0,5,8,27,0,21,14,0,12,10,0,14,10,9,0,0,130,0
EMP013,2026-03-29,87,Sunday,1,0,0,0,0,0,0,0,0,0,0,0,0,0,0,0,0,0,0,0,0,0
EMP013,2026-03-30,88,Monday,0,0,0,0,0,11,16,58,0,62,56,0,48,30,0,20,21,16,0,0,338,0
EMP013,2026-03-31,89,Tuesday,0,0,0,0,0,6,13,73,0,49,48,0,35,51,0,25,38,18,0,0,356,0
EMP014,2026-01-01,0,Thursday,0,1,0,0,0,0,0,0,0,0,0,0,0,0,0,0,0,0,0,0,0,0
EMP014,2026-01-02,1,Friday,0,0,0,0,0,6,6,15,0,14,22,0,11,11,0,5,7,10,0,0,107,0
EMP014,2026-01-03,2,Saturday,1,0,0,0,0,5,7,11,0,13,18,0,20,6,0,7,6,6,0,0,99,0
EMP014,2026-01-04,3,Sunday,1,0,0,0,0,0,0,0,0,0,0,0,0,0,0,0,0,0,0,0,0,0
EMP014,2026-01-05,4,Monday,0,0,0,0,0,13,20,38,0,22,52,0,41,24,0,22,18,17,0,0,267,0
EMP014,2026-01-06,5,Tuesday,0,0,0,0,0,4,12,26,0,26,38,0,25,36,0,16,19,21,0,0,223,0
EMP014,2026-01-07,6,Wednesday,0,0,1,0,0,0,0,1,0,1,1,0,1,1,0,0,1,1,0,0,7,0
EMP014,2026-01-08,7,Thursday,0,0,0,0,0,5,16,37,0,20,40,0,45,28,0,15,14,17,0,0,237,0
EMP014,2026-01-09,8,Friday,0,0,0,0,0,7,9,24,0,13,20,0,12,8,0,12,9,9,0,0,123,0
EMP014,2026-01-10,9,Saturday,1,0,0,0,0,3,6,9,0,10,16,0,15,5,0,5,9,4,0,0,82,0
EMP014,2026-01-11,10,Sunday,1,0,0,0,0,0,0,0,0,0,0,0,0,0,0,0,0,0,0,0,0,0
EMP014,2026-01-12,11,Monday,0,0,0,0,0,12,21,26,0,22,44,0,21,17,0,16,18,13,0,0,210,0
EMP014,2026-01-13,12,Tuesday,0,0,0,0,0,5,12,27,0,30,50,0,36,25,0,9,15,12,0,0,221,0
EMP014,2026-01-14,13,Wednesday,0,0,0,0,0,11,21,32,0,33,33,0,25,26,0,14,17,18,0,0,230,0
EMP014,2026-01-15,14,Thursday,0,0,0,0,0,4,10,27,0,26,27,0,33,33,0,9,18,9,0,0,196,0
EMP014,2026-01-16,15,Friday,0,0,0,0,0,11,14,27,0,20,39,0,35,16,0,10,14,13,0,0,199,0
EMP014,2026-01-17,16,Saturday,1,0,0,0,0,1,4,8,0,3,5,0,5,3,0,1,5,3,0,0,38,0
EMP014,2026-01-18,17,Sunday,1,0,0,0,0,0,0,0,0,0,0,0,0,0,0,0,0,0,0,0,0,0
EMP014,2026-01-19,18,Monday,0,0,0,0,0,11,22,27,0,35,54,0,18,36,0,14,25,9,0,0,251,0
EMP014,2026-01-20,19,Tuesday,0,0,0,0,0,5,15,28,0,26,38,0,46,27,0,24,19,11,0,0,239,0
EMP014,2026-01-21,20,Wednesday,0,0,0,0,0,5,17,27,0,20,39,0,16,13,0,9,22,19,0,0,187,0
EMP014,2026-01-22,21,Thursday,0,0,0,0,0,9,22,26,0,33,25,0,27,33,0,9,22,8,0,0,214,0
EMP014,2026-01-23,22,Friday,0,0,0,0,0,4,12,30,0,21,43,0,39,28,0,15,20,13,0,0,225,0
EMP014,2026-01-24,23,Saturday,1,0,0,0,0,4,3,14,0,13,12,0,11,6,0,4,7,5,0,0,79,0
EMP014,2026-01-25,24,Sunday,1,0,0,0,0,0,0,0,0,0,0,0,0,0,0,0,0,0,0,0,0,0
EMP014,2026-01-26,25,Monday,0,1,0,0,0,0,0,0,0,0,0,0,0,0,0,0,0,0,0,0,0,0
EMP014,2026-01-27,26,Tuesday,0,0,0,0,0,10,11,41,0,31,38,0,41,38,0,18,24,14,0,0,266,0
EMP014,2026-01-28,27,Wednesday,0,0,0,0,0,7,8,33,0,24,43,0,40,13,0,13,24,7,0,0,212,0
EMP014,2026-01-29,28,Thursday,0,0,0,0,0,5,22,49,0,30,55,0,43,27,0,11,24,18,0,0,284,0
EMP014,2026-01-30,29,Friday,0,0,0,0,0,11,13,64,0,29,53,0,32,33,0,11,17,16,0,0,279,0
EMP014,2026-01-31,30,Saturday,1,0,0,0,0,4,4,12,0,8,11,0,9,6,0,4,11,8,0,0,77,0
EMP014,2026-02-01,31,Sunday,1,0,0,0,0,0,0,0,0,0,0,0,0,0,0,0,0,0,0,0,0,0
EMP014,2026-02-02,32,Monday,0,0,0,0,0,14,14,24,0,27,61,0,40,46,0,10,20,10,0,0,266,0
EMP014,2026-02-03,33,Tuesday,0,0,0,0,0,11,17,43,0,29,45,0,43,26,0,11,21,13,0,0,259,0
EMP014,2026-02-04,34,Wednesday,0,0,0,0,0,5,19,30,0,25,41,0,24,14,0,11,16,9,0,0,194,0
EMP014,2026-02-05,35,Thursday,0,0,0,0,0,7,17,28,0,20,32,0,20,21,0,9,18,20,0,0,192,0
EMP014,2026-02-06,36,Friday,0,0,0,0,0,12,14,24,0,21,53,0,20,37,0,10,15,18,0,0,224,0
EMP014,2026-02-07,37,Saturday,1,0,0,0,0,3,7,10,0,9,16,0,9,6,0,5,9,4,0,0,78,0
EMP014,2026-02-08,38,Sunday,1,0,0,0,0,0,0,0,0,0,0,0,0,0,0,0,0,0,0,0,0,0
EMP014,2026-02-09,39,Monday,0,0,0,0,0,14,18,39,0,19,42,0,43,14,0,11,17,19,0,0,236,0
EMP014,2026-02-10,40,Tuesday,0,0,0,0,0,4,18,22,0,32,34,0,33,34,0,11,30,14,0,0,232,0
EMP014,2026-02-11,41,Wednesday,0,0,0,0,0,10,9,28,0,24,39,0,29,23,0,18,19,14,0,0,213,0
EMP014,2026-02-12,42,Thursday,0,0,0,0,0,8,15,24,0,20,39,0,29,17,0,14,18,9,0,0,193,0
EMP014,2026-02-13,43,Friday,0,0,0,1,0,0,0,0,0,0,0,0,0,0,0,0,0,0,0,0,0,0
EMP014,2026-02-14,44,Saturday,1,0,0,0,0,2,4,11,0,6,17,0,7,8,0,5,6,7,0,0,73,0
EMP014,2026-02-15,45,Sunday,1,0,0,0,1,0,0,0,0,0,0,0,0,0,0,0,0,0,0,0,0,0
EMP014,2026-02-16,46,Monday,0,0,0,0,0,9,13,25,0,19,52,0,41,27,0,10,24,12,0,0,232,0
EMP014,2026-02-17,47,Tuesday,0,0,0,0,0,10,16,40,0,34,47,0,34,34,0,11,16,12,0,0,254,0
EMP014,2026-02-18,48,Wednesday,0,0,0,0,0,4,14,29,0,25,41,0,40,35,0,15,15,8,0,0,226,0
EMP014,2026-02-19,49,Thursday,0,0,0,0,0,4,18,32,0,31,37,0,42,23,0,13,14,9,0,0,223,0
EMP014,2026-02-20,50,Friday,0,0,0,0,0,9,20,29,0,31,37,0,20,33,0,21,20,21,0,0,241,0
EMP014,2026-02-21,51,Saturday,1,0,0,0,0,3,8,11,0,7,16,0,14,10,0,3,5,3,0,0,80,0
EMP014,2026-02-22,52,Sunday,1,0,1,0,0,0,0,0,0,0,0,0,0,0,0,0,0,0,0,0,0,0
EMP014,2026-02-23,53,Monday,0,0,0,0,0,8,16,33,0,23,41,0,38,29,0,12,24,21,0,0,245,0
EMP014,2026-02-24,54,Tuesday,0,0,0,0,0,8,17,28,0,19,29,0,45,19,0,21,17,20,0,0,223,0
EMP014,2026-02-25,55,Wednesday,0,0,0,0,0,4,18,22,0,21,29,0,34,26,0,11,22,17,0,0,204,0
EMP014,2026-02-26,56,Thursday,0,0,0,0,0,6,12,40,0,35,51,0,36,33,0,15,32,15,0,0,275,0
EMP014,2026-02-27,57,Friday,0,0,0,0,0,7,18,40,0,36,37,0,40,19,0,17,25,25,0,0,264,0
EMP014,2026-02-28,58,Saturday,1,0,0,0,0,2,6,15,0,12,10,0,14,13,0,9,5,5,0,0,91,0
EMP014,2026-03-01,59,Sunday,1,0,0,0,0,0,0,0,0,0,0,0,0,0,0,0,0,0,0,0,0,0
EMP014,2026-03-02,60,Monday,0,1,0,0,0,0,0,0,0,0,0,0,0,0,0,0,0,0,0,0,0,0
EMP014,2026-03-03,61,Tuesday,0,0,0,0,0,8,14,41,0,37,65,0,36,28,0,27,17,17,0,0,290,0
EMP014,2026-03-04,62,Wednesday,0,0,0,0,0,4,15,35,0,30,42,0,29,32,0,18,15,16,0,0,236,0
EMP014,2026-03-05,63,Thursday,0,0,0,0,0,10,18,29,0,34,47,0,33,25,0,16,14,20,0,0,246,0
EMP014,2026-03-06,64,Friday,0,0,0,1,0,0,0,0,0,0,0,0,0,0,0,0,0,0,0,0,0,0
EMP014,2026-03-07,65,Saturday,1,0,0,0,0,4,6,11,0,8,13,0,16,5,0,8,7,5,0,0,83,0
EMP014,2026-03-08,66,Sunday,1,0,0,0,0,0,0,0,0,0,0,0,0,0,0,0,0,0,0,0,0,0
EMP014,2026-03-09,67,Monday,0,0,0,0,0,6,22,38,0,31,29,0,36,35,0,20,21,10,0,0,248,0
EMP014,2026-03-10,68,Tuesday,0,0,0,0,0,12,20,33,0,30,43,0,32,34,0,9,22,9,0,0,244,0
EMP014,2026-03-11,69,Wednesday,0,0,0,0,0,12,14,29,0,21,29,0,39,30,0,18,19,11,0,0,222,0
EMP014,2026-03-12,70,Thursday,0,0,1,0,0,0,1,3,0,1,4,0,3,1,0,0,1,1,0,0,15,0
EMP014,2026-03-13,71,Friday,0,0,0,0,0,6,9,16,0,9,13,0,20,15,0,6,10,8,0,0,112,0
EMP014,2026-03-14,72,Saturday,1,0,0,0,0,2,4,13,0,7,14,0,8,7,0,3,5,6,0,0,69,0
EMP014,2026-03-15,73,Sunday,1,0,0,0,0,0,0,0,0,0,0,0,0,0,0,0,0,0,0,0,0,0
EMP014,2026-03-16,74,Monday,0,0,0,0,0,12,11,29,0,32,32,0,26,18,0,14,18,10,0,0,202,0
EMP014,2026-03-17,75,Tuesday,0,0,0,0,0,10,10,48,0,21,39,0,19,32,0,12,17,9,0,0,217,0
EMP014,2026-03-18,76,Wednesday,0,0,0,0,0,9,12,37,0,31,48,0,24,23,0,12,24,19,0,0,239,0
EMP014,2026-03-19,77,Thursday,0,0,0,0,0,8,17,38,0,30,36,0,40,18,0,15,21,14,0,0,237,0
EMP014,2026-03-20,78,Friday,0,0,0,0,0,13,10,30,0,20,30,0,22,15,0,10,17,10,0,0,177,0
EMP014,2026-03-21,79,Saturday,1,0,0,0,0,2,5,7,0,8,10,0,13,5,0,3,5,7,0,0,65,0
EMP014,2026-03-22,80,Sunday,1,0,0,0,0,0,0,0,0,0,0,0,0,0,0,0,0,0,0,0,0,0
EMP014,2026-03-23,81,Monday,0,0,0,0,0,9,20,35,0,37,48,0,31,35,0,15,19,10,0,0,259,0
EMP014,2026-03-24,82,Tuesday,0,0,0,0,0,4,18,24,0,22,54,0,38,17,0,9,15,23,0,0,224,0
EMP014,2026-03-25,83,Wednesday,0,0,0,0,0,10,25,40,0,55,52,0,39,21,0,33,23,11,0,0,309,0
EMP014,2026-03-26,84,Thursday,0,0,0,0,0,7,29,66,0,45,62,0,56,40,0,23,19,27,0,0,374,0
EMP014,2026-03-27,85,Friday,0,0,0,0,0,11,30,60,0,46,64,0,48,27,0,30,28,21,0,0,365,0
EMP014,2026-03-28,86,Saturday,1,0,0,0,0,6,7,31,0,24,22,0,14,13,0,12,12,6,0,0,147,0
EMP014,2026-03-29,87,Sunday,1,0,0,0,0,0,0,0,0,0,0,0,0,0,0,0,0,0,0,0,0,0
EMP014,2026-03-30,88,Monday,0,0,0,0,0,12,27,66,0,61,43,0,47,26,0,37,17,26,0,0,362,0
EMP014,2026-03-31,89,Tuesday,0,0,0,0,0,6,16,69,0,65,62,0,38,42,0,23,20,12,0,0,353,0
EMP015,2026-01-01,0,Thursday,0,1,0,0,0,0,0,0,0,0,0,0,0,0,0,0,0,0,0,0,0,1
EMP015,2026-01-02,1,Friday,0,0,0,0,0,0,33,0,422,0,92,16,0,0,0,0,0,0,113,0,676,1
EMP015,2026-01-03,2,Saturday,1,0,0,0,0,0,11,0,185,0,30,6,0,0,0,0,0,0,28,0,260,1
EMP015,2026-01-04,3,Sunday,1,0,0,0,0,0,0,0,0,0,0,0,0,0,0,0,0,0,0,0,0,1
EMP015,2026-01-05,4,Monday,0,0,0,0,0,0,21,0,452,0,79,13,0,0,0,0,0,0,46,0,611,1
EMP015,2026-01-06,5,Tuesday,0,0,0,0,0,0,9,0,168,0,29,3,0,0,0,0,0,0,35,0,244,1
EMP015,2026-01-07,6,Wednesday,0,0,0,1,0,0,0,0,0,0,0,0,0,0,0,0,0,0,0,0,0,1
EMP015,2026-01-08,7,Thursday,0,0,0,0,0,0,19,0,425,0,73,14,0,0,0,0,0,0,107,0,638,1
EMP015,2026-01-09,8,Friday,0,0,0,0,0,0,29,0,375,0,80,18,0,0,0,0,0,0,107,0,609,1
EMP015,2026-01-10,9,Saturday,1,0,0,0,0,0,5,0,116,0,18,3,0,0,0,0,0,0,29,0,171,1
EMP015,2026-01-11,10,Sunday,1,0,0,0,0,0,0,0,0,0,0,0,0,0,0,0,0,0,0,0,0,1
EMP015,2026-01-12,11,Monday,0,0,0,0,0,0,14,0,419,0,52,7,0,0,0,0,0,0,70,0,562,1
EMP015,2026-01-13,12,Tuesday,0,0,0,0,0,0,32,0,361,0,56,8,0,0,0,0,0,0,65,0,522,1
EMP015,2026-01-14,13,Wednesday,0,0,0,0,0,0,18,0,335,0,85,12,0,0,0,0,0,0,77,0,527,1
EMP015,2026-01-15,14,Thursday,0,0,0,0,0,0,21,0,281,0,67,8,0,0,0,0,0,0,78,0,455,1
EMP015,2026-01-16,15,Friday,0,0,0,0,0,0,12,0,420,0,72,8,0,0,0,0,0,0,75,0,587,1
EMP015,2026-01-17,16,Saturday,1,0,0,0,0,0,9,0,130,0,23,5,0,0,0,0,0,0,35,0,202,1
EMP015,2026-01-18,17,Sunday,1,0,0,0,0,0,0,0,0,0,0,0,0,0,0,0,0,0,0,0,0,1
EMP015,2026-01-19,18,Monday,0,0,0,0,0,0,27,0,411,0,92,16,0,0,0,0,0,0,50,0,596,1
EMP015,2026-01-20,19,Tuesday,0,0,0,0,0,0,29,0,540,0,64,17,0,0,0,0,0,0,68,0,718,1
EMP015,2026-01-21,20,Wednesday,0,0,0,0,0,0,19,0,326,0,48,5,0,0,0,0,0,0,62,0,460,1
EMP015,2026-01-22,21,Thursday,0,0,0,0,0,0,13,0,333,0,85,14,0,0,0,0,0,0,85,0,530,1
EMP015,2026-01-23,22,Friday,0,0,0,0,0,0,16,0,328,0,74,8,0,0,0,0,0,0,50,0,476,1
EMP015,2026-01-24,23,Saturday,1,0,0,0,0,0,9,0,154,0,19,5,0,0,0,0,0,0,26,0,213,1
EMP015,2026-01-25,24,Sunday,1,0,0,0,0,0,0,0,0,0,0,0,0,0,0,0,0,0,0,0,0,1
EMP015,2026-01-26,25,Monday,0,1,0,0,0,0,0,0,0,0,0,0,0,0,0,0,0,0,0,0,0,1
EMP015,2026-01-27,26,Tuesday,0,0,0,0,0,0,15,0,395,0,111,13,0,0,0,0,0,0,74,0,608,1
EMP015,2026-01-28,27,Wednesday,0,0,0,0,0,0,20,0,386,0,81,13,0,0,0,0,0,0,54,0,554,1
EMP015,2026-01-29,28,Thursday,0,0,0,0,0,0,24,0,490,0,54,15,0,0,0,0,0,0,66,0,649,1
EMP015,2026-01-30,29,Friday,0,0,0,0,0,0,14,0,357,0,107,20,0,0,0,0,0,0,65,0,563,1
EMP015,2026-01-31,30,Saturday,1,0,0,0,0,0,10,0,149,0,22,4,0,0,0,0,0,0,22,0,207,1
EMP015,2026-02-01,31,Sunday,1,0,0,0,0,0,0,0,0,0,0,0,0,0,0,0,0,0,0,0,0,1
EMP015,2026-02-02,32,Monday,0,0,0,0,0,0,33,0,432,0,74,16,0,0,0,0,0,0,106,0,661,1
EMP015,2026-02-03,33,Tuesday,0,0,0,0,0,0,15,0,420,0,71,20,0,0,0,0,0,0,107,0,633,1
EMP015,2026-02-04,34,Wednesday,0,0,0,0,0,0,14,0,366,0,89,14,0,0,0,0,0,0,81,0,564,1
EMP015,2026-02-05,35,Thursday,0,0,0,0,0,0,22,0,421,0,80,12,0,0,0,0,0,0,61,0,596,1
EMP015,2026-02-06,36,Friday,0,0,0,0,0,0,13,0,323,0,59,6,0,0,0,0,0,0,70,0,471,1
EMP015,2026-02-07,37,Saturday,1,0,0,0,0,0,6,0,132,0,20,6,0,0,0,0,0,0,28,0,192,1
EMP015,2026-02-08,38,Sunday,1,0,1,0,0,0,0,0,0,0,0,0,0,0,0,0,0,0,0,0,0,1
EMP015,2026-02-09,39,Monday,0,0,0,0,0,0,16,0,402,0,97,17,0,0,0,0,0,0,72,0,604,1
EMP015,2026-02-10,40,Tuesday,0,0,0,0,0,0,26,0,317,0,58,18,0,0,0,0,0,0,105,0,524,1
EMP015,2026-02-11,41,Wednesday,0,0,0,0,0,0,28,0,299,0,87,17,0,0,0,0,0,0,85,0,516,1
EMP015,2026-02-12,42,Thursday,0,0,0,0,0,0,24,0,360,0,80,6,0,0,0,0,0,0,55,0,525,1
EMP015,2026-02-13,43,Friday,0,0,0,0,0,0,18,0,373,0,91,12,0,0,0,0,0,0,85,0,579,1
EMP015,2026-02-14,44,Saturday,1,0,0,0,0,0,10,0,140,0,19,3,0,0,0,0,0,0,31,0,203,1
EMP015,2026-02-15,45,Sunday,1,0,0,0,1,0,0,0,0,0,0,0,0,0,0,0,0,0,0,0,0,1
EMP015,2026-02-16,46,Monday,0,0,0,0,0,0,28,0,408,0,49,15,0,0,0,0,0,0,49,0,549,1
EMP015,2026-02-17,47,Tuesday,0,0,0,0,0,0,18,0,346,0,68,15,0,0,0,0,0,0,50,0,497,1
EMP015,2026-02-18,48,Wednesday,0,0,0,0,0,0,27,0,301,0,79,8,0,0,0,0,0,0,101,0,516,1
EMP015,2026-02-19,49,Thursday,0,0,0,0,0,0,12,0,298,0,70,14,0,0,0,0,0,0,80,0,474,1
EMP015,2026-02-20,50,Friday,0,0,0,0,0,0,21,0,352,0,98,20,0,0,0,0,0,0,60,0,551,1
EMP015,2026-02-21,51,Saturday,1,0,0,0,0,0,5,0,113,0,28,6,0,0,0,0,0,0,36,0,188,1
EMP015,2026-02-22,52,Sunday,1,0,0,0,0,0,0,0,0,0,0,0,0,0,0,0,0,0,0,0,0,1
EMP015,2026-02-23,53,Monday,0,0,0,0,0,0,15,0,359,0,73,8,0,0,0,0,0,0,54,0,509,1
EMP015,2026-02-24,54,Tuesday,0,0,0,0,0,0,17,0,374,0,91,18,0,0,0,0,0,0,62,0,562,1
EMP015,2026-02-25,55,Wednesday,0,0,0,0,0,0,20,0,416,0,49,6,0,0,0,0,0,0,88,0,579,1
EMP015,2026-02-26,56,Thursday,0,0,0,0,0,0,23,0,480,0,105,18,0,0,0,0,0,0,65,0,691,1
EMP015,2026-02-27,57,Friday,0,0,0,0,0,0,27,0,420,0,116,10,0,0,0,0,0,0,93,0,666,1
EMP015,2026-02-28,58,Saturday,1,0,0,0,0,0,4,0,87,0,19,2,0,0,0,0,0,0,21,0,133,1
EMP015,2026-03-01,59,Sunday,1,0,0,0,0,0,0,0,0,0,0,0,0,0,0,0,0,0,0,0,0,1
EMP015,2026-03-02,60,Monday,0,1,0,0,0,0,0,0,0,0,0,0,0,0,0,0,0,0,0,0,0,1
EMP015,2026-03-03,61,Tuesday,0,0,0,0,0,0,25,0,480,0,114,15,0,0,0,0,0,0,82,0,716,1
EMP015,2026-03-04,62,Wednesday,0,0,1,0,0,0,1,0,22,0,3,0,0,0,0,0,0,0,4,0,30,1
EMP015,2026-03-05,63,Thursday,0,0,0,0,0,0,28,0,317,0,60,15,0,0,0,0,0,0,66,0,486,1
EMP015,2026-03-06,64,Friday,0,0,0,0,0,0,20,0,314,0,61,18,0,0,0,0,0,0,56,0,469,1
EMP015,2026-03-07,65,Saturday,1,0,0,0,0,0,5,0,68,0,10,0,0,0,0,0,0,0,14,0,97,1
EMP015,2026-03-08,66,Sunday,1,0,0,0,0,0,0,0,0,0,0,0,0,0,0,0,0,0,0,0,0,1
EMP015,2026-03-09,67,Monday,0,0,0,0,0,0,17,0,481,0,53,12,0,0,0,0,0,0,96,0,659,1
EMP015,2026-03-10,68,Tuesday,0,0,0,0,0,0,22,0,383,0,59,6,0,0,0,0,0,0,80,0,550,1
EMP015,2026-03-11,69,Wednesday,0,0,0,0,0,0,16,0,327,0,46,14,0,0,0,0,0,0,92,0,495,1
EMP015,2026-03-12,70,Thursday,0,0,0,0,0,0,14,0,414,0,67,10,0,0,0,0,0,0,47,0,552,1
EMP015,2026-03-13,71,Friday,0,0,0,0,0,0,28,0,325,0,70,16,0,0,0,0,0,0,68,0,507,1
EMP015,2026-03-14,72,Saturday,1,0,0,0,0,0,7,0,146,0,27,5,0,0,0,0,0,0,31,0,216,1
EMP015,2026-03-15,73,Sunday,1,0,0,0,0,0,0,0,0,0,0,0,0,0,0,0,0,0,0,0,0,1
EMP015,2026-03-16,74,Monday,0,0,0,0,0,0,13,0,328,0,75,16,0,0,0,0,0,0,69,0,501,1
EMP015,2026-03-17,75,Tuesday,0,0,0,0,0,0,14,0,366,0,71,13,0,0,0,0,0,0,74,0,538,1
EMP015,2026-03-18,76,Wednesday,0,0,0,0,0,0,25,0,417,0,94,12,0,0,0,0,0,0,49,0,597,1
EMP015,2026-03-19,77,Thursday,0,0,0,0,0,0,30,0,427,0,71,6,0,0,0,0,0,0,71,0,605,1
EMP015,2026-03-20,78,Friday,0,0,0,1,0,0,0,0,0,0,0,0,0,0,0,0,0,0,0,0,0,1
EMP015,2026-03-21,79,Saturday,1,0,0,0,0,0,7,0,136,0,30,5,0,0,0,0,0,0,20,0,198,1
EMP015,2026-03-22,80,Sunday,1,0,0,0,0,0,0,0,0,0,0,0,0,0,0,0,0,0,0,0,0,1
EMP015,2026-03-23,81,Monday,0,0,0,0,0,0,8,0,235,0,58,7,0,0,0,0,0,0,52,0,360,1
EMP015,2026-03-24,82,Tuesday,0,0,0,0,0,0,26,0,359,0,92,15,0,0,0,0,0,0,74,0,566,1
EMP015,2026-03-25,83,Wednesday,0,0,0,0,0,0,20,0,441,0,107,11,0,0,0,0,0,0,62,0,641,1
EMP015,2026-03-26,84,Thursday,0,0,0,0,0,0,31,0,441,0,100,17,0,0,0,0,0,0,76,0,665,1
EMP015,2026-03-27,85,Friday,0,0,0,0,0,0,23,0,514,0,64,11,0,0,0,0,0,0,69,0,681,1
EMP015,2026-03-28,86,Saturday,1,0,0,0,0,0,10,0,213,0,44,8,0,0,0,0,0,0,34,0,309,1
EMP015,2026-03-29,87,Sunday,1,0,0,0,0,0,0,0,0,0,0,0,0,0,0,0,0,0,0,0,0,1
EMP015,2026-03-30,88,Monday,0,0,0,0,0,0,29,0,382,0,56,18,0,0,0,0,0,0,68,0,553,1
EMP015,2026-03-31,89,Tuesday,0,0,0,1,0,0,0,0,0,0,0,0,0,0,0,0,0,0,0,0,0,1
EMP016,2026-01-01,0,Thursday,0,1,0,0,0,0,0,0,0,0,0,0,0,0,0,0,0,0,0,0,0,0
EMP016,2026-01-02,1,Friday,0,0,0,0,0,0,26,0,294,0,96,17,0,0,0,0,0,0,105,0,538,0
EMP016,2026-01-03,2,Saturday,1,0,0,0,0,0,8,0,131,0,37,6,0,0,0,0,0,0,32,0,214,0
EMP016,2026-01-04,3,Sunday,1,0,0,0,0,0,0,0,0,0,0,0,0,0,0,0,0,0,0,0,0,0
EMP016,2026-01-05,4,Monday,0,0,0,0,0,0,17,0,325,0,50,8,0,0,0,0,0,0,88,0,488,0
EMP016,2026-01-06,5,Tuesday,0,0,0,0,0,0,26,0,341,0,78,13,0,0,0,0,0,0,94,0,552,0
EMP016,2026-01-07,6,Wednesday,0,0,0,0,0,0,15,0,316,0,77,10,0,0,0,0,0,0,73,0,491,0
EMP016,2026-01-08,7,Thursday,0,0,0,0,0,0,26,0,331,0,57,10,0,0,0,0,0,0,72,0,496,0
EMP016,2026-01-09,8,Friday,0,0,0,0,0,0,20,0,239,0,77,12,0,0,0,0,0,0,52,0,400,0
EMP016,2026-01-10,9,Saturday,1,0,0,0,0,0,6,0,128,0,28,3,0,0,0,0,0,0,21,0,186,0
EMP016,2026-01-11,10,Sunday,1,0,0,0,0,0,0,0,0,0,0,0,0,0,0,0,0,0,0,0,0,0
EMP016,2026-01-12,11,Monday,0,0,0,0,0,0,21,0,256,0,81,11,0,0,0,0,0,0,75,0,444,0
EMP016,2026-01-13,12,Tuesday,0,0,0,0,0,0,5,0,157,0,51,5,0,0,0,0,0,0,26,0,244,0
EMP016,2026-01-14,13,Wednesday,0,0,0,0,0,0,17,0,290,0,42,7,0,0,0,0,0,0,56,0,412,0
EMP016,2026-01-15,14,Thursday,0,0,1,0,0,0,1,0,17,0,2,0,0,0,0,0,0,0,3,0,23,0
EMP016,2026-01-16,15,Friday,0,0,0,0,0,0,18,0,358,0,68,13,0,0,0,0,0,0,53,0,510,0
EMP016,2026-01-17,16,Saturday,1,0,0,0,0,0,5,0,138,0,29,2,0,0,0,0,0,0,26,0,200,0
EMP016,2026-01-18,17,Sunday,1,0,0,0,0,0,0,0,0,0,0,0,0,0,0,0,0,0,0,0,0,0
EMP016,2026-01-19,18,Monday,0,0,0,0,0,0,28,0,343,0,59,9,0,0,0,0,0,0,66,0,505,0
EMP016,2026-01-20,19,Tuesday,0,0,0,0,0,0,16,0,363,0,83,19,0,0,0,0,0,0,94,0,575,0
EMP016,2026-01-21,20,Wednesday,0,0,0,0,0,0,14,0,354,0,66,6,0,0,0,0,0,0,48,0,488,0
EMP016,2026-01-22,21,Thursday,0,0,0,0,0,0,19,0,275,0,53,13,0,0,0,0,0,0,56,0,416,0
EMP016,2026-01-23,22,Friday,0,0,0,0,0,0,31,0,297,0,80,7,0,0,0,0,0,0,66,0,481,0
EMP016,2026-01-24,23,Saturday,1,0,0,0,0,0,6,0,130,0,16,2,0,0,0,0,0,0,30,0,184,0
EMP016,2026-01-25,24,Sunday,1,0,1,0,0,0,0,0,0,0,0,0,0,0,0,0,0,0,0,0,0,0
EMP016,2026-01-26,25,Monday,0,1,0,0,0,0,0,0,0,0,0,0,0,0,0,0,0,0,0,0,0,0
EMP016,2026-01-27,26,Tuesday,0,0,0,1,0,0,0,0,0,0,0,0,0,0,0,0,0,0,0,0,0,0
EMP016,2026-01-28,27,Wednesday,0,0,0,0,0,0,21,0,278,0,44,5,0,0,0,0,0,0,54,0,402,0
EMP016,2026-01-29,28,Thursday,0,0,0,0,0,0,14,0,402,0,84,10,0,0,0,0,0,0,83,0,593,0
EMP016,2026-01-30,29,Friday,0,0,0,1,0,0,0,0,0,0,0,0,0,0,0,0,0,0,0,0,0,0
EMP016,2026-01-31,30,Saturday,1,0,0,0,0,0,7,0,126,0,26,5,0,0,0,0,0,0,26,0,190,0
EMP016,2026-02-01,31,Sunday,1,0,0,0,0,0,0,0,0,0,0,0,0,0,0,0,0,0,0,0,0,0
EMP016,2026-02-02,32,Monday,0,0,0,0,0,0,27,0,423,0,64,19,0,0,0,0,0,0,99,0,632,0
EMP016,2026-02-03,33,Tuesday,0,0,0,0,0,0,12,0,470,0,71,15,0,0,0,0,0,0,49,0,617,0
EMP016,2026-02-04,34,Wednesday,0,0,0,0,0,0,23,0,290,0,41,15,0,0,0,0,0,0,67,0,436,0
EMP016,2026-02-05,35,Thursday,0,0,0,0,0,0,12,0,362,0,46,7,0,0,0,0,0,0,71,0,498,0
EMP016,2026-02-06,36,Friday,0,0,0,0,0,0,10,0,178,0,39,8,0,0,0,0,0,0,29,0,264,0
EMP016,2026-02-07,37,Saturday,1,0,0,0,0,0,5,0,141,0,24,6,0,0,0,0,0,0,19,0,195,0
EMP016,2026-02-08,38,Sunday,1,0,0,0,0,0,0,0,0,0,0,0,0,0,0,0,0,0,0,0,0,0
EMP016,2026-02-09,39,Monday,0,0,0,0,0,0,15,0,277,0,80,12,0,0,0,0,0,0,46,0,430,0
EMP016,2026-02-10,40,Tuesday,0,0,0,0,0,0,26,0,394,0,88,6,0,0,0,0,0,0,92,0,606,0
EMP016,2026-02-11,41,Wednesday,0,0,0,0,0,0,21,0,329,0,42,12,0,0,0,0,0,0,48,0,452,0
EMP016,2026-02-12,42,Thursday,0,0,0,0,0,0,9,0,247,0,75,10,0,0,0,0,0,0,77,0,418,0
EMP016,2026-02-13,43,Friday,0,0,0,1,0,0,0,0,0,0,0,0,0,0,0,0,0,0,0,0,0,0
EMP016,2026-02-14,44,Saturday,1,0,0,0,0,0,4,0,114,0,18,4,0,0,0,0,0,0,22,0,162,0
EMP016,2026-02-15,45,Sunday,1,0,0,0,1,0,0,0,0,0,0,0,0,0,0,0,0,0,0,0,0,0
EMP016,2026-02-16,46,Monday,0,0,0,0,0,0,13,0,361,0,53,16,0,0,0,0,0,0,47,0,490,0
EMP016,2026-02-17,47,Tuesday,0,0,0,0,0,0,16,0,362,0,52,16,0,0,0,0,0,0,79,0,525,0
EMP016,2026-02-18,48,Wednesday,0,0,0,0,0,0,21,0,300,0,48,13,0,0,0,0,0,0,45,0,427,0
EMP016,2026-02-19,49,Thursday,0,0,0,0,0,0,10,0,269,0,57,15,0,0,0,0,0,0,48,0,399,0
EMP016,2026-02-20,50,Friday,0,0,0,0,0,0,24,0,306,0,48,12,0,0,0,0,0,0,93,0,483,0
EMP016,2026-02-21,51,Saturday,1,0,0,0,0,0,5,0,97,0,23,5,0,0,0,0,0,0,19,0,149,0
EMP016,2026-02-22,52,Sunday,1,0,0,0,0,0,0,0,0,0,0,0,0,0,0,0,0,0,0,0,0,0
EMP016,2026-02-23,53,Monday,0,0,0,1,0,0,0,0,0,0,0,0,0,0,0,0,0,0,0,0,0,0
EMP016,2026-02-24,54,Tuesday,0,0,0,0,0,0,17,0,426,0,83,13,0,0,0,0,0,0,66,0,605,0
EMP016,2026-02-25,55,Wednesday,0,0,0,0,0,0,21,0,275,0,64,12,0,0,0,0,0,0,74,0,446,0
EMP016,2026-02-26,56,Thursday,0,0,0,0,0,0,28,0,286,0,61,18,0,0,0,0,0,0,91,0,484,0
EMP016,2026-02-27,57,Friday,0,0,0,0,0,0,18,0,163,0,43,3,0,0,0,0,0,0,29,0,256,0
EMP016,2026-02-28,58,Saturday,1,0,0,0,0,0,9,0,135,0,32,6,0,0,0,0,0,0,35,0,217,0
EMP016,2026-03-01,59,Sunday,1,0,0,0,0,0,0,0,0,0,0,0,0,0,0,0,0,0,0,0,0,0
EMP016,2026-03-02,60,Monday,0,1,1,0,0,0,0,0,0,0,0,0,0,0,0,0,0,0,0,0,0,0
EMP016,2026-03-03,61,Tuesday,0,0,0,0,0,0,35,0,407,0,80,15,0,0,0,0,0,0,81,0,618,0
EMP016,2026-03-04,62,Wednesday,0,0,0,0,0,0,12,0,285,0,73,14,0,0,0,0,0,0,64,0,448,0
EMP016,2026-03-05,63,Thursday,0,0,0,0,0,0,12,0,394,0,61,5,0,0,0,0,0,0,49,0,521,0
EMP016,2026-03-06,64,Friday,0,0,0,0,0,0,27,0,360,0,51,11,0,0,0,0,0,0,79,0,528,0
EMP016,2026-03-07,65,Saturday,1,0,0,0,0,0,7,0,128,0,19,4,0,0,0,0,0,0,20,0,178,0
EMP016,2026-03-08,66,Sunday,1,0,0,0,0,0,0,0,0,0,0,0,0,0,0,0,0,0,0,0,0,0
EMP016,2026-03-09,67,Monday,0,0,0,0,0,0,22,0,375,0,68,14,0,0,0,0,0,0,83,0,562,0
EMP016,2026-03-10,68,Tuesday,0,0,0,0,0,0,12,0,305,0,65,11,0,0,0,0,0,0,96,0,489,0
EMP016,2026-03-11,69,Wednesday,0,0,0,0,0,0,24,0,306,0,64,7,0,0,0,0,0,0,41,0,442,0
EMP016,2026-03-12,70,Thursday,0,0,0,0,0,0,18,0,272,0,84,5,0,0,0,0,0,0,41,0,420,0
EMP016,2026-03-13,71,Friday,0,0,0,0,0,0,12,0,271,0,48,11,0,0,0,0,0,0,84,0,426,0
EMP016,2026-03-14,72,Saturday,1,0,0,0,0,0,5,0,136,0,25,2,0,0,0,0,0,0,22,0,190,0
EMP016,2026-03-15,73,Sunday,1,0,0,0,0,0,0,0,0,0,0,0,0,0,0,0,0,0,0,0,0,0
EMP016,2026-03-16,74,Monday,0,0,0,0,0,0,17,0,274,0,39,15,0,0,0,0,0,0,66,0,411,0
EMP016,2026-03-17,75,Tuesday,0,0,0,0,0,0,17,0,390,0,72,12,0,0,0,0,0,0,80,0,571,0
EMP016,2026-03-18,76,Wednesday,0,0,0,0,0,0,23,0,255,0,57,15,0,0,0,0,0,0,44,0,394,0
EMP016,2026-03-19,77,Thursday,0,0,0,0,0,0,30,0,298,0,69,6,0,0,0,0,0,0,40,0,443,0
EMP016,2026-03-20,78,Friday,0,0,0,0,0,0,20,0,298,0,80,14,0,0,0,0,0,0,71,0,483,0
EMP016,2026-03-21,79,Saturday,1,0,0,0,0,0,2,0,63,0,16,1,0,0,0,0,0,0,12,0,94,0
EMP016,2026-03-22,80,Sunday,1,0,0,0,0,0,0,0,0,0,0,0,0,0,0,0,0,0,0,0,0,0
EMP016,2026-03-23,81,Monday,0,0,0,0,0,0,13,0,253,0,66,15,0,0,0,0,0,0,53,0,400,0
EMP016,2026-03-24,82,Tuesday,0,0,0,0,0,0,21,0,342,0,104,11,0,0,0,0,0,0,90,0,568,0
EMP016,2026-03-25,83,Wednesday,0,0,0,0,0,0,16,0,393,0,59,19,0,0,0,0,0,0,81,0,568,0
EMP016,2026-03-26,84,Thursday,0,0,0,0,0,0,32,0,326,0,111,16,0,0,0,0,0,0,85,0,570,0
EMP016,2026-03-27,85,Friday,0,0,0,0,0,0,22,0,506,0,84,20,0,0,0,0,0,0,102,0,734,0
EMP016,2026-03-28,86,Saturday,1,0,0,0,0,0,7,0,156,0,32,5,0,0,0,0,0,0,33,0,233,0
EMP016,2026-03-29,87,Sunday,1,0,0,0,0,0,0,0,0,0,0,0,0,0,0,0,0,0,0,0,0,0
EMP016,2026-03-30,88,Monday,0,0,0,0,0,0,22,0,332,0,75,11,0,0,0,0,0,0,43,0,483,0
EMP016,2026-03-31,89,Tuesday,0,0,0,0,0,0,17,0,419,0,64,10,0,0,0,0,0,0,116,0,626,0
EMP017,2026-01-01,0,Thursday,0,1,0,0,0,0,0,0,0,0,0,0,0,0,0,0,0,0,0,0,0,0
EMP017,2026-01-02,1,Friday,0,0,0,0,0,0,21,0,229,0,39,7,0,0,0,0,0,0,37,0,333,0
EMP017,2026-01-03,2,Saturday,1,0,0,0,0,0,7,0,162,0,35,3,0,0,0,0,0,0,30,0,237,0
EMP017,2026-01-04,3,Sunday,1,0,0,0,0,0,0,0,0,0,0,0,0,0,0,0,0,0,0,0,0,0
EMP017,2026-01-05,4,Monday,0,0,0,0,0,0,25,0,437,0,97,12,0,0,0,0,0,0,50,0,621,0
EMP017,2026-01-06,5,Tuesday,0,0,0,0,0,0,33,0,359,0,62,11,0,0,0,0,0,0,70,0,535,0
EMP017,2026-01-07,6,Wednesday,0,0,0,0,0,0,14,0,327,0,40,8,0,0,0,0,0,0,70,0,459,0
EMP017,2026-01-08,7,Thursday,0,0,0,0,0,0,14,0,434,0,62,12,0,0,0,0,0,0,92,0,614,0
EMP017,2026-01-09,8,Friday,0,0,0,0,0,0,16,0,302,0,69,17,0,0,0,0,0,0,67,0,471,0
EMP017,2026-01-10,9,Saturday,1,0,0,0,0,0,4,0,146,0,30,6,0,0,0,0,0,0,20,0,206,0
EMP017,2026-01-11,10,Sunday,1,0,0,0,0,0,0,0,0,0,0,0,0,0,0,0,0,0,0,0,0,0
EMP017,2026-01-12,11,Monday,0,0,0,0,0,0,14,0,325,0,75,14,0,0,0,0,0,0,79,0,507,0
EMP017,2026-01-13,12,Tuesday,0,0,0,0,0,0,13,0,444,0,79,12,0,0,0,0,0,0,57,0,605,0
EMP017,2026-01-14,13,Wednesday,0,0,0,1,0,0,0,0,0,0,0,0,0,0,0,0,0,0,0,0,0,0
EMP017,2026-01-15,14,Thursday,0,0,0,0,0,0,14,0,371,0,72,8,0,0,0,0,0,0,90,0,555,0
EMP017,2026-01-16,15,Friday,0,0,0,0,0,0,30,0,314,0,57,8,0,0,0,0,0,0,58,0,467,0
EMP017,2026-01-17,16,Saturday,1,0,0,0,0,0,6,0,132,0,28,4,0,0,0,0,0,0,38,0,208,0
EMP017,2026-01-18,17,Sunday,1,0,0,0,0,0,0,0,0,0,0,0,0,0,0,0,0,0,0,0,0,0
EMP017,2026-01-19,18,Monday,0,0,0,0,0,0,16,0,337,0,68,6,0,0,0,0,0,0,67,0,494,0
EMP017,2026-01-20,19,Tuesday,0,0,0,0,0,0,13,0,472,0,93,6,0,0,0,0,0,0,67,0,651,0
EMP017,2026-01-21,20,Wednesday,0,0,0,0,0,0,8,0,243,0,34,3,0,0,0,0,0,0,32,0,320,0
EMP017,2026-01-22,21,Thursday,0,0,0,0,0,0,27,0,361,0,53,18,0,0,0,0,0,0,91,0,550,0
EMP017,2026-01-23,22,Friday,0,0,0,0,0,0,16,0,299,0,80,17,0,0,0,0,0,0,75,0,487,0
EMP017,2026-01-24,23,Saturday,1,0,0,0,0,0,11,0,114,0,20,2,0,0,0,0,0,0,23,0,170,0
EMP017,2026-01-25,24,Sunday,1,0,0,0,0,0,0,0,0,0,0,0,0,0,0,0,0,0,0,0,0,0
EMP017,2026-01-26,25,Monday,0,1,0,0,0,0,0,0,0,0,0,0,0,0,0,0,0,0,0,0,0,0
EMP017,2026-01-27,26,Tuesday,0,0,0,0,0,0,22,0,296,0,62,17,0,0,0,0,0,0,63,0,460,0
EMP017,2026-01-28,27,Wednesday,0,0,0,0,0,0,14,0,302,0,56,5,0,0,0,0,0,0,49,0,426,0
EMP017,2026-01-29,28,Thursday,0,0,0,0,0,0,15,0,515,0,79,15,0,0,0,0,0,0,79,0,703,0
EMP017,2026-01-30,29,Friday,0,0,0,0,0,0,24,0,506,0,58,13,0,0,0,0,0,0,106,0,707,0
EMP017,2026-01-31,30,Saturday,1,0,0,0,0,0,8,0,123,0,30,7,0,0,0,0,0,0,28,0,196,0
EMP017,2026-02-01,31,Sunday,1,0,0,0,0,0,0,0,0,0,0,0,0,0,0,0,0,0,0,0,0,0
EMP017,2026-02-02,32,Monday,0,0,0,0,0,0,36,0,453,0,75,9,0,0,0,0,0,0,72,0,645,0
EMP017,2026-02-03,33,Tuesday,0,0,0,0,0,0,31,0,423,0,104,14,0,0,0,0,0,0,85,0,657,0
EMP017,2026-02-04,34,Wednesday,0,0,0,0,0,0,14,0,350,0,80,6,0,0,0,0,0,0,93,0,543,0
EMP017,2026-02-05,35,Thursday,0,0,0,0,0,0,20,0,390,0,88,8,0,0,0,0,0,0,61,0,567,0
EMP017,2026-02-06,36,Friday,0,0,0,1,0,0,0,0,0,0,0,0,0,0,0,0,0,0,0,0,0,0
EMP017,2026-02-07,37,Saturday,1,0,0,0,0,0,9,0,149,0,22,3,0,0,0,0,0,0,31,0,214,0
EMP017,2026-02-08,38,Sunday,1,0,0,0,0,0,0,0,0,0,0,0,0,0,0,0,0,0,0,0,0,0
EMP017,2026-02-09,39,Monday,0,0,0,0,0,0,27,0,423,0,77,17,0,0,0,0,0,0,50,0,594,0
EMP017,2026-02-10,40,Tuesday,0,0,1,0,0,0,1,0,33,0,8,1,0,0,0,0,0,0,7,0,50,0
EMP017,2026-02-11,41,Wednesday,0,0,0,0,0,0,19,0,400,0,74,12,0,0,0,0,0,0,87,0,592,0
EMP017,2026-02-12,42,Thursday,0,0,0,0,0,0,25,0,365,0,79,9,0,0,0,0,0,0,80,0,558,0
EMP017,2026-02-13,43,Friday,0,0,0,0,0,0,24,0,340,0,42,16,0,0,0,0,0,0,78,0,500,0
EMP017,2026-02-14,44,Saturday,1,0,0,0,0,0,8,0,124,0,23,5,0,0,0,0,0,0,22,0,182,0
EMP017,2026-02-15,45,Sunday,1,0,0,0,1,0,0,0,0,0,0,0,0,0,0,0,0,0,0,0,0,0
EMP017,2026-02-16,46,Monday,0,0,0,0,0,0,16,0,390,0,57,10,0,0,0,0,0,0,68,0,541,0
EMP017,2026-02-17,47,Tuesday,0,0,0,0,0,0,22,0,350,0,67,11,0,0,0,0,0,0,70,0,520,0
EMP017,2026-02-18,48,Wednesday,0,0,0,0,0,0,28,0,342,0,79,10,0,0,0,0,0,0,88,0,547,0
EMP017,2026-02-19,49,Thursday,0,0,0,0,0,0,25,0,336,0,77,7,0,0,0,0,0,0,83,0,528,0
EMP017,2026-02-20,50,Friday,0,0,0,0,0,0,22,0,419,0,70,7,0,0,0,0,0,0,94,0,612,0
EMP017,2026-02-21,51,Saturday,1,0,0,0,0,0,5,0,139,0,29,3,0,0,0,0,0,0,27,0,203,0
EMP017,2026-02-22,52,Sunday,1,0,0,0,0,0,0,0,0,0,0,0,0,0,0,0,0,0,0,0,0,0
EMP017,2026-02-23,53,Monday,0,0,0,0,0,0,32,0,465,0,61,8,0,0,0,0,0,0,77,0,643,0
EMP017,2026-02-24,54,Tuesday,0,0,0,0,0,0,15,0,349,0,56,13,0,0,0,0,0,0,67,0,500,0
EMP017,2026-02-25,55,Wednesday,0,0,0,0,0,0,11,0,361,0,64,5,0,0,0,0,0,0,72,0,513,0
EMP017,2026-02-26,56,Thursday,0,0,0,0,0,0,22,0,379,0,97,12,0,0,0,0,0,0,69,0,579,0
EMP017,2026-02-27,57,Friday,0,0,0,0,0,0,17,0,464,0,84,20,0,0,0,0,0,0,74,0,659,0
EMP017,2026-02-28,58,Saturday,1,0,0,0,0,0,12,0,144,0,24,7,0,0,0,0,0,0,32,0,219,0
EMP017,2026-03-01,59,Sunday,1,0,0,0,0,0,0,0,0,0,0,0,0,0,0,0,0,0,0,0,0,0
EMP017,2026-03-02,60,Monday,0,1,0,0,0,0,0,0,0,0,0,0,0,0,0,0,0,0,0,0,0,0
EMP017,2026-03-03,61,Tuesday,0,0,0,0,0,0,34,0,501,0,103,22,0,0,0,0,0,0,74,0,734,0
EMP017,2026-03-04,62,Wednesday,0,0,0,0,0,0,9,0,131,0,27,4,0,0,0,0,0,0,44,0,215,0
EMP017,2026-03-05,63,Thursday,0,0,0,0,0,0,28,0,355,0,74,6,0,0,0,0,0,0,56,0,519,0
EMP017,2026-03-06,64,Friday,0,0,0,0,0,0,17,0,327,0,88,7,0,0,0,0,0,0,50,0,489,0
EMP017,2026-03-07,65,Saturday,1,0,0,0,0,0,10,0,126,0,21,2,0,0,0,0,0,0,18,0,177,0
EMP017,2026-03-08,66,Sunday,1,0,0,0,0,0,0,0,0,0,0,0,0,0,0,0,0,0,0,0,0,0
EMP017,2026-03-09,67,Monday,0,0,0,0,0,0,18,0,454,0,89,12,0,0,0,0,0,0,73,0,646,0
EMP017,2026-03-10,68,Tuesday,0,0,0,0,0,0,30,0,387,0,105,10,0,0,0,0,0,0,76,0,608,0
EMP017,2026-03-11,69,Wednesday,0,0,0,0,0,0,18,0,355,0,55,17,0,0,0,0,0,0,73,0,518,0
EMP017,2026-03-12,70,Thursday,0,0,0,0,0,0,16,0,348,0,98,18,0,0,0,0,0,0,89,0,569,0
EMP017,2026-03-13,71,Friday,0,0,0,0,0,0,24,0,409,0,98,14,0,0,0,0,0,0,70,0,615,0
EMP017,2026-03-14,72,Saturday,1,0,0,0,0,0,4,0,147,0,19,3,0,0,0,0,0,0,22,0,195,0
EMP017,2026-03-15,73,Sunday,1,0,0,0,0,0,0,0,0,0,0,0,0,0,0,0,0,0,0,0,0,0
EMP017,2026-03-16,74,Monday,0,0,0,0,0,0,22,0,365,0,90,10,0,0,0,0,0,0,45,0,532,0
EMP017,2026-03-17,75,Tuesday,0,0,0,0,0,0,23,0,495,0,81,18,0,0,0,0,0,0,71,0,688,0
EMP017,2026-03-18,76,Wednesday,0,0,0,0,0,0,29,0,407,0,67,16,0,0,0,0,0,0,69,0,588,0
EMP017,2026-03-19,77,Thursday,0,0,0,0,0,0,14,0,363,0,48,7,0,0,0,0,0,0,73,0,505,0
EMP017,2026-03-20,78,Friday,0,0,0,0,0,0,26,0,356,0,56,12,0,0,0,0,0,0,84,0,534,0
EMP017,2026-03-21,79,Saturday,1,0,0,0,0,0,6,0,139,0,18,5,0,0,0,0,0,0,33,0,201,0
EMP017,2026-03-22,80,Sunday,1,0,0,0,0,0,0,0,0,0,0,0,0,0,0,0,0,0,0,0,0,0
EMP017,2026-03-23,81,Monday,0,0,0,0,0,0,17,0,414,0,60,20,0,0,0,0,0,0,98,0,609,0
EMP017,2026-03-24,82,Tuesday,0,0,0,0,0,0,29,0,372,0,81,6,0,0,0,0,0,0,92,0,580,0
EMP017,2026-03-25,83,Wednesday,0,0,0,1,0,0,0,0,0,0,0,0,0,0,0,0,0,0,0,0,0,0
EMP017,2026-03-26,84,Thursday,0,0,1,0,0,0,1,0,27,0,5,0,0,0,0,0,0,0,6,0,39,0
EMP017,2026-03-27,85,Friday,0,0,0,0,0,0,34,0,448,0,118,13,0,0,0,0,0,0,98,0,711,0
EMP017,2026-03-28,86,Saturday,1,0,0,0,0,0,9,0,169,0,32,6,0,0,0,0,0,0,49,0,265,0
EMP017,2026-03-29,87,Sunday,1,0,0,0,0,0,0,0,0,0,0,0,0,0,0,0,0,0,0,0,0,0
EMP017,2026-03-30,88,Monday,0,0,0,0,0,0,20,0,434,0,113,7,0,0,0,0,0,0,113,0,687,0
EMP017,2026-03-31,89,Tuesday,0,0,0,0,0,0,36,0,418,0,88,7,0,0,0,0,0,0,88,0,637,0
EMP018,2026-01-01,0,Thursday,0,1,0,0,0,0,0,0,0,0,0,0,0,0,0,0,0,0,0,0,0,0
EMP018,2026-01-02,1,Friday,0,0,0,0,0,0,33,0,373,0,83,14,0,0,0,0,0,0,105,0,608,0
EMP018,2026-01-03,2,Saturday,1,0,0,0,0,0,5,0,76,0,15,2,0,0,0,0,0,0,10,0,108,0
EMP018,2026-01-04,3,Sunday,1,0,0,0,0,0,0,0,0,0,0,0,0,0,0,0,0,0,0,0,0,0
EMP018,2026-01-05,4,Monday,0,0,0,1,0,0,0,0,0,0,0,0,0,0,0,0,0,0,0,0,0,0
EMP018,2026-01-06,5,Tuesday,0,0,0,0,0,0,20,0,332,0,46,16,0,0,0,0,0,0,62,0,476,0
EMP018,2026-01-07,6,Wednesday,0,0,0,0,0,0,14,0,265,0,58,10,0,0,0,0,0,0,50,0,397,0
EMP018,2026-01-08,7,Thursday,0,0,0,0,0,0,15,0,333,0,52,12,0,0,0,0,0,0,44,0,456,0
EMP018,2026-01-09,8,Friday,0,0,0,0,0,0,20,0,293,0,77,9,0,0,0,0,0,0,57,0,456,0
EMP018,2026-01-10,9,Saturday,1,0,0,0,0,0,6,0,122,0,23,2,0,0,0,0,0,0,27,0,180,0
EMP018,2026-01-11,10,Sunday,1,0,0,0,0,0,0,0,0,0,0,0,0,0,0,0,0,0,0,0,0,0
EMP018,2026-01-12,11,Monday,0,0,0,0,0,0,18,0,314,0,54,8,0,0,0,0,0,0,73,0,467,0
EMP018,2026-01-13,12,Tuesday,0,0,0,0,0,0,22,0,323,0,84,13,0,0,0,0,0,0,76,0,518,0
EMP018,2026-01-14,13,Wednesday,0,0,0,0,0,0,17,0,276,0,63,4,0,0,0,0,0,0,69,0,429,0
EMP018,2026-01-15,14,Thursday,0,0,0,0,0,0,22,0,333,0,50,9,0,0,0,0,0,0,50,0,464,0
EMP018,2026-01-16,15,Friday,0,0,0,0,0,0,10,0,137,0,23,2,0,0,0,0,0,0,33,0,205,0
EMP018,2026-01-17,16,Saturday,1,0,0,0,0,0,6,0,113,0,26,5,0,0,0,0,0,0,25,0,175,0
EMP018,2026-01-18,17,Sunday,1,0,0,0,0,0,0,0,0,0,0,0,0,0,0,0,0,0,0,0,0,0
EMP018,2026-01-19,18,Monday,0,0,0,0,0,0,24,0,325,0,78,13,0,0,0,0,0,0,51,0,491,0
EMP018,2026-01-20,19,Tuesday,0,0,0,0,0,0,26,0,357,0,87,6,0,0,0,0,0,0,100,0,576,0
EMP018,2026-01-21,20,Wednesday,0,0,0,0,0,0,22,0,269,0,59,8,0,0,0,0,0,0,60,0,418,0
EMP018,2026-01-22,21,Thursday,0,0,0,0,0,0,15,0,298,0,54,5,0,0,0,0,0,0,67,0,439,0
EMP018,2026-01-23,22,Friday,0,0,0,0,0,0,20,0,288,0,47,16,0,0,0,0,0,0,56,0,427,0
EMP018,2026-01-24,23,Saturday,1,0,0,0,0,0,8,0,130,0,29,2,0,0,0,0,0,0,22,0,191,0
EMP018,2026-01-25,24,Sunday,1,0,0,0,0,0,0,0,0,0,0,0,0,0,0,0,0,0,0,0,0,0
EMP018,2026-01-26,25,Monday,0,1,0,0,0,0,0,0,0,0,0,0,0,0,0,0,0,0,0,0,0,0
EMP018,2026-01-27,26,Tuesday,0,0,0,0,0,0,27,0,287,0,75,10,0,0,0,0,0,0,60,0,459,0
EMP018,2026-01-28,27,Wednesday,0,0,0,0,0,0,23,0,242,0,49,5,0,0,0,0,0,0,49,0,368,0
EMP018,2026-01-29,28,Thursday,0,0,0,0,0,0,18,0,386,0,74,8,0,0,0,0,0,0,78,0,564,0
EMP018,2026-01-30,29,Friday,0,0,0,0,0,0,20,0,357,0,79,6,0,0,0,0,0,0,77,0,539,0
EMP018,2026-01-31,30,Saturday,1,0,0,0,0,0,10,0,149,0,32,5,0,0,0,0,0,0,34,0,230,0
EMP018,2026-02-01,31,Sunday,1,0,1,0,0,0,0,0,0,0,0,0,0,0,0,0,0,0,0,0,0,0
EMP018,2026-02-02,32,Monday,0,0,0,0,0,0,21,0,359,0,79,11,0,0,0,0,0,0,73,0,543,0
EMP018,2026-02-03,33,Tuesday,0,0,0,0,0,0,34,0,360,0,70,12,0,0,0,0,0,0,74,0,550,0
EMP018,2026-02-04,34,Wednesday,0,0,0,0,0,0,10,0,291,0,49,6,0,0,0,0,0,0,70,0,426,0
EMP018,2026-02-05,35,Thursday,0,0,0,0,0,0,25,0,282,0,72,13,0,0,0,0,0,0,65,0,457,0
EMP018,2026-02-06,36,Friday,0,0,0,0,0,0,18,0,438,0,85,13,0,0,0,0,0,0,74,0,628,0
EMP018,2026-02-07,37,Saturday,1,0,0,0,0,0,6,0,118,0,30,2,0,0,0,0,0,0,24,0,180,0
EMP018,2026-02-08,38,Sunday,1,0,0,0,0,0,0,0,0,0,0,0,0,0,0,0,0,0,0,0,0,0
EMP018,2026-02-09,39,Monday,0,0,0,0,0,0,23,0,324,0,59,12,0,0,0,0,0,0,46,0,464,0
EMP018,2026-02-10,40,Tuesday,0,0,0,0,0,0,16,0,382,0,89,6,0,0,0,0,0,0,60,0,553,0
EMP018,2026-02-11,41,Wednesday,0,0,0,0,0,0,11,0,268,0,38,8,0,0,0,0,0,0,44,0,369,0
EMP018,2026-02-12,42,Thursday,0,0,0,0,0,0,25,0,270,0,45,10,0,0,0,0,0,0,91,0,441,0
EMP018,2026-02-13,43,Friday,0,0,0,0,0,0,19,0,279,0,48,10,0,0,0,0,0,0,67,0,423,0
EMP018,2026-02-14,44,Saturday,1,0,0,0,0,0,10,0,139,0,18,3,0,0,0,0,0,0,17,0,187,0
EMP018,2026-02-15,45,Sunday,1,0,0,0,1,0,0,0,0,0,0,0,0,0,0,0,0,0,0,0,0,0
EMP018,2026-02-16,46,Monday,0,0,0,0,0,0,24,0,323,0,53,15,0,0,0,0,0,0,60,0,475,0
EMP018,2026-02-17,47,Tuesday,0,0,0,0,0,0,11,0,431,0,57,8,0,0,0,0,0,0,74,0,581,0
EMP018,2026-02-18,48,Wednesday,0,0,0,0,0,0,20,0,272,0,54,5,0,0,0,0,0,0,47,0,398,0
EMP018,2026-02-19,49,Thursday,0,0,0,0,0,0,11,0,316,0,57,8,0,0,0,0,0,0,78,0,470,0
EMP018,2026-02-20,50,Friday,0,0,0,0,0,0,16,0,300,0,64,15,0,0,0,0,0,0,56,0,451,0
EMP018,2026-02-21,51,Saturday,1,0,0,0,0,0,8,0,112,0,20,2,0,0,0,0,0,0,24,0,166,0
EMP018,2026-02-22,52,Sunday,1,0,0,0,0,0,0,0,0,0,0,0,0,0,0,0,0,0,0,0,0,0
EMP018,2026-02-23,53,Monday,0,0,0,0,0,0,16,0,310,0,56,7,0,0,0,0,0,0,85,0,474,0
EMP018,2026-02-24,54,Tuesday,0,0,0,0,0,0,23,0,392,0,71,11,0,0,0,0,0,0,75,0,572,0
EMP018,2026-02-25,55,Wednesday,0,0,0,0,0,0,20,0,247,0,69,15,0,0,0,0,0,0,50,0,401,0
EMP018,2026-02-26,56,Thursday,0,0,0,0,0,0,24,0,298,0,45,7,0,0,0,0,0,0,70,0,444,0
EMP018,2026-02-27,57,Friday,0,0,0,0,0,0,18,0,402,0,82,7,0,0,0,0,0,0,70,0,579,0
EMP018,2026-02-28,58,Saturday,1,0,0,0,0,0,5,0,117,0,24,4,0,0,0,0,0,0,23,0,173,0
EMP018,2026-03-01,59,Sunday,1,0,0,0,0,0,0,0,0,0,0,0,0,0,0,0,0,0,0,0,0,0
EMP018,2026-03-02,60,Monday,0,1,0,0,0,0,0,0,0,0,0,0,0,0,0,0,0,0,0,0,0,0
EMP018,2026-03-03,61,Tuesday,0,0,0,0,0,0,27,0,404,0,63,12,0,0,0,0,0,0,55,0,561,0
EMP018,2026-03-04,62,Wednesday,0,0,0,0,0,0,23,0,287,0,38,13,0,0,0,0,0,0,50,0,411,0
EMP018,2026-03-05,63,Thursday,0,0,0,0,0,0,18,0,283,0,64,9,0,0,0,0,0,0,77,0,451,0
EMP018,2026-03-06,64,Friday,0,0,1,0,0,0,1,0,30,0,4,1,0,0,0,0,0,0,6,0,42,0
EMP018,2026-03-07,65,Saturday,1,0,0,0,0,0,7,0,113,0,18,5,0,0,0,0,0,0,24,0,167,0
EMP018,2026-03-08,66,Sunday,1,0,0,0,0,0,0,0,0,0,0,0,0,0,0,0,0,0,0,0,0,0
EMP018,2026-03-09,67,Monday,0,0,0,0,0,0,12,0,414,0,49,7,0,0,0,0,0,0,85,0,567,0
EMP018,2026-03-10,68,Tuesday,0,0,0,0,0,0,17,0,316,0,60,14,0,0,0,0,0,0,86,0,493,0
EMP018,2026-03-11,69,Wednesday,0,0,0,0,0,0,15,0,248,0,39,10,0,0,0,0,0,0,57,0,369,0
EMP018,2026-03-12,70,Thursday,0,0,0,0,0,0,19,0,357,0,64,16,0,0,0,0,0,0,77,0,533,0
EMP018,2026-03-13,71,Friday,0,0,0,0,0,0,17,0,344,0,64,14,0,0,0,0,0,0,57,0,496,0
EMP018,2026-03-14,72,Saturday,1,0,0,0,0,0,6,0,119,0,23,4,0,0,0,0,0,0,15,0,167,0
EMP018,2026-03-15,73,Sunday,1,0,0,0,0,0,0,0,0,0,0,0,0,0,0,0,0,0,0,0,0,0
EMP018,2026-03-16,74,Monday,0,0,0,0,0,0,21,0,231,0,75,7,0,0,0,0,0,0,82,0,416,0
EMP018,2026-03-17,75,Tuesday,0,0,0,1,0,0,0,0,0,0,0,0,0,0,0,0,0,0,0,0,0,0
EMP018,2026-03-18,76,Wednesday,0,0,0,0,0,0,20,0,277,0,55,7,0,0,0,0,0,0,77,0,436,0
EMP018,2026-03-19,77,Thursday,0,0,0,0,0,0,15,0,309,0,51,14,0,0,0,0,0,0,49,0,438,0
EMP018,2026-03-20,78,Friday,0,0,0,0,0,0,13,0,336,0,72,13,0,0,0,0,0,0,58,0,492,0
EMP018,2026-03-21,79,Saturday,1,0,0,0,0,0,8,0,138,0,30,6,0,0,0,0,0,0,14,0,196,0
EMP018,2026-03-22,80,Sunday,1,0,0,0,0,0,0,0,0,0,0,0,0,0,0,0,0,0,0,0,0,0
EMP018,2026-03-23,81,Monday,0,0,0,0,0,0,20,0,376,0,86,8,0,0,0,0,0,0,89,0,579,0
EMP018,2026-03-24,82,Tuesday,0,0,0,1,0,0,0,0,0,0,0,0,0,0,0,0,0,0,0,0,0,0
EMP018,2026-03-25,83,Wednesday,0,0,0,0,0,0,28,0,354,0,67,16,0,0,0,0,0,0,96,0,561,0
EMP018,2026-03-26,84,Thursday,0,0,0,0,0,0,19,0,424,0,69,15,0,0,0,0,0,0,91,0,618,0
EMP018,2026-03-27,85,Friday,0,0,0,0,0,0,18,0,493,0,80,12,0,0,0,0,0,0,91,0,694,0
EMP018,2026-03-28,86,Saturday,1,0,0,0,0,0,12,0,138,0,31,7,0,0,0,0,0,0,29,0,217,0
EMP018,2026-03-29,87,Sunday,1,0,0,0,0,0,0,0,0,0,0,0,0,0,0,0,0,0,0,0,0,0
EMP018,2026-03-30,88,Monday,0,0,0,0,0,0,32,0,303,0,72,13,0,0,0,0,0,0,97,0,517,0
EMP018,2026-03-31,89,Tuesday,0,0,0,0,0,0,31,0,409,0,78,11,0,0,0,0,0,0,107,0,636,0
EMP019,2026-01-01,0,Thursday,0,1,0,0,0,0,0,0,0,0,0,0,0,0,0,0,0,0,0,0,0,0
EMP019,2026-01-02,1,Friday,0,0,0,0,0,0,13,0,337,0,59,15,0,0,0,0,0,0,89,0,513,0
EMP019,2026-01-03,2,Saturday,1,0,0,0,0,0,6,0,122,0,24,4,0,0,0,0,0,0,24,0,180,0
EMP019,2026-01-04,3,Sunday,1,0,0,0,0,0,0,0,0,0,0,0,0,0,0,0,0,0,0,0,0,0
EMP019,2026-01-05,4,Monday,0,0,0,0,0,0,16,0,245,0,46,6,0,0,0,0,0,0,52,0,365,0
EMP019,2026-01-06,5,Tuesday,0,0,0,0,0,0,5,0,164,0,27,2,0,0,0,0,0,0,24,0,222,0
EMP019,2026-01-07,6,Wednesday,0,0,0,0,0,0,12,0,297,0,61,9,0,0,0,0,0,0,64,0,443,0
EMP019,2026-01-08,7,Thursday,0,0,0,0,0,0,9,0,308,0,56,7,0,0,0,0,0,0,70,0,450,0
EMP019,2026-01-09,8,Friday,0,0,0,0,0,0,17,0,258,0,40,4,0,0,0,0,0,0,67,0,386,0
EMP019,2026-01-10,9,Saturday,1,0,0,0,0,0,7,0,106,0,13,4,0,0,0,0,0,0,11,0,141,0
EMP019,2026-01-11,10,Sunday,1,0,0,0,0,0,0,0,0,0,0,0,0,0,0,0,0,0,0,0,0,0
EMP019,2026-01-12,11,Monday,0,0,0,0,0,0,19,0,299,0,53,13,0,0,0,0,0,0,53,0,437,0
EMP019,2026-01-13,12,Tuesday,0,0,0,0,0,0,22,0,309,0,59,4,0,0,0,0,0,0,52,0,446,0
EMP019,2026-01-14,13,Wednesday,0,0,0,0,0,0,17,0,241,0,42,3,0,0,0,0,0,0,36,0,339,0
EMP019,2026-01-15,14,Thursday,0,0,0,1,0,0,0,0,0,0,0,0,0,0,0,0,0,0,0,0,0,0
EMP019,2026-01-16,15,Friday,0,0,0,0,0,0,21,0,232,0,66,7,0,0,0,0,0,0,49,0,375,0
EMP019,2026-01-17,16,Saturday,1,0,0,0,0,0,4,0,83,0,24,3,0,0,0,0,0,0,22,0,136,0
EMP019,2026-01-18,17,Sunday,1,0,0,0,0,0,0,0,0,0,0,0,0,0,0,0,0,0,0,0,0,0
EMP019,2026-01-19,18,Monday,0,0,0,0,0,0,13,0,260,0,61,6,0,0,0,0,0,0,40,0,380,0
EMP019,2026-01-20,19,Tuesday,0,0,0,0,0,0,17,0,317,0,67,12,0,0,0,0,0,0,54,0,467,0
EMP019,2026-01-21,20,Wednesday,0,0,0,1,0,0,0,0,0,0,0,0,0,0,0,0,0,0,0,0,0,0
EMP019,2026-01-22,21,Thursday,0,0,0,0,0,0,14,0,290,0,57,11,0,0,0,0,0,0,74,0,446,0
EMP019,2026-01-23,22,Friday,0,0,0,0,0,0,13,0,245,0,43,10,0,0,0,0,0,0,51,0,362,0
EMP019,2026-01-24,23,Saturday,1,0,0,0,0,0,8,0,114,0,15,2,0,0,0,0,0,0,17,0,156,0
EMP019,2026-01-25,24,Sunday,1,0,0,0,0,0,0,0,0,0,0,0,0,0,0,0,0,0,0,0,0,0
EMP019,2026-01-26,25,Monday,0,1,0,0,0,0,0,0,0,0,0,0,0,0,0,0,0,0,0,0,0,0
EMP019,2026-01-27,26,Tuesday,0,0,0,0,0,0,15,0,279,0,78,13,0,0,0,0,0,0,72,0,457,0
EMP019,2026-01-28,27,Wednesday,0,0,0,1,0,0,0,0,0,0,0,0,0,0,0,0,0,0,0,0,0,0
EMP019,2026-01-29,28,Thursday,0,0,0,0,0,0,19,0,305,0,49,5,0,0,0,0,0,0,64,0,442,0
EMP019,2026-01-30,29,Friday,0,0,0,0,0,0,10,0,349,0,64,10,0,0,0,0,0,0,85,0,518,0
EMP019,2026-01-31,30,Saturday,1,0,0,0,0,0,6,0,99,0,26,3,0,0,0,0,0,0,23,0,157,0
EMP019,2026-02-01,31,Sunday,1,0,0,0,0,0,0,0,0,0,0,0,0,0,0,0,0,0,0,0,0,0
EMP019,2026-02-02,32,Monday,0,0,0,0,0,0,14,0,351,0,82,15,0,0,0,0,0,0,70,0,532,0
EMP019,2026-02-03,33,Tuesday,0,0,0,1,0,0,0,0,0,0,0,0,0,0,0,0,0,0,0,0,0,0
EMP019,2026-02-04,34,Wednesday,0,0,0,0,0,0,8,0,225,0,34,6,0,0,0,0,0,0,50,0,323,0
EMP019,2026-02-05,35,Thursday,0,0,0,0,0,0,13,0,332,0,60,10,0,0,0,0,0,0,38,0,453,0
EMP019,2026-02-06,36,Friday,0,0,0,0,0,0,9,0,257,0,42,8,0,0,0,0,0,0,52,0,368,0
EMP019,2026-02-07,37,Saturday,1,0,0,0,0,0,7,0,79,0,20,3,0,0,0,0,0,0,20,0,129,0
EMP019,2026-02-08,38,Sunday,1,0,0,0,0,0,0,0,0,0,0,0,0,0,0,0,0,0,0,0,0,0
EMP019,2026-02-09,39,Monday,0,0,0,0,0,0,19,0,298,0,35,10,0,0,0,0,0,0,34,0,396,0
EMP019,2026-02-10,40,Tuesday,0,0,0,0,0,0,13,0,271,0,63,5,0,0,0,0,0,0,72,0,424,0
EMP019,2026-02-11,41,Wednesday,0,0,0,0,0,0,18,0,234,0,55,7,0,0,0,0,0,0,68,0,382,0
EMP019,2026-02-12,42,Thursday,0,0,0,0,0,0,8,0,264,0,34,9,0,0,0,0,0,0,65,0,380,0
EMP019,2026-02-13,43,Friday,0,0,1,0,0,0,1,0,13,0,2,0,0,0,0,0,0,0,2,0,18,0
EMP019,2026-02-14,44,Saturday,1,0,0,0,0,0,5,0,88,0,27,4,0,0,0,0,0,0,19,0,143,0
EMP019,2026-02-15,45,Sunday,1,0,0,0,1,0,0,0,0,0,0,0,0,0,0,0,0,0,0,0,0,0
EMP019,2026-02-16,46,Monday,0,0,0,0,0,0,14,0,248,0,58,13,0,0,0,0,0,0,62,0,395,0
EMP019,2026-02-17,47,Tuesday,0,0,0,0,0,0,10,0,280,0,45,12,0,0,0,0,0,0,44,0,391,0
EMP019,2026-02-18,48,Wednesday,0,0,0,0,0,0,19,0,300,0,47,4,0,0,0,0,0,0,34,0,404,0
EMP019,2026-02-19,49,Thursday,0,0,0,0,0,0,11,0,287,0,52,6,0,0,0,0,0,0,54,0,410,0
EMP019,2026-02-20,50,Friday,0,0,0,0,0,0,14,0,337,0,68,14,0,0,0,0,0,0,55,0,488,0
EMP019,2026-02-21,51,Saturday,1,0,0,0,0,0,8,0,102,0,18,3,0,0,0,0,0,0,24,0,155,0
EMP019,2026-02-22,52,Sunday,1,0,0,0,0,0,0,0,0,0,0,0,0,0,0,0,0,0,0,0,0,0
EMP019,2026-02-23,53,Monday,0,0,0,0,0,0,20,0,228,0,78,10,0,0,0,0,0,0,62,0,398,0
EMP019,2026-02-24,54,Tuesday,0,0,0,0,0,0,11,0,280,0,59,11,0,0,0,0,0,0,61,0,422,0
EMP019,2026-02-25,55,Wednesday,0,0,0,0,0,0,9,0,209,0,51,4,0,0,0,0,0,0,30,0,303,0
EMP019,2026-02-26,56,Thursday,0,0,0,0,0,0,24,0,261,0,75,11,0,0,0,0,0,0,60,0,431,0
EMP019,2026-02-27,57,Friday,0,0,0,0,0,0,14,0,293,0,73,13,0,0,0,0,0,0,45,0,438,0
EMP019,2026-02-28,58,Saturday,1,0,0,0,0,0,4,0,99,0,26,4,0,0,0,0,0,0,22,0,155,0
EMP019,2026-03-01,59,Sunday,1,0,0,0,0,0,0,0,0,0,0,0,0,0,0,0,0,0,0,0,0,0
EMP019,2026-03-02,60,Monday,0,1,0,0,0,0,0,0,0,0,0,0,0,0,0,0,0,0,0,0,0,0
EMP019,2026-03-03,61,Tuesday,0,0,0,0,0,0,26,0,341,0,51,16,0,0,0,0,0,0,75,0,509,0
EMP019,2026-03-04,62,Wednesday,0,0,0,0,0,0,9,0,229,0,52,10,0,0,0,0,0,0,31,0,331,0
EMP019,2026-03-05,63,Thursday,0,0,0,0,0,0,17,0,206,0,44,8,0,0,0,0,0,0,48,0,323,0
EMP019,2026-03-06,64,Friday,0,0,0,0,0,0,15,0,247,0,42,4,0,0,0,0,0,0,64,0,372,0
EMP019,2026-03-07,65,Saturday,1,0,0,0,0,0,6,0,82,0,25,2,0,0,0,0,0,0,18,0,133,0
EMP019,2026-03-08,66,Sunday,1,0,0,0,0,0,0,0,0,0,0,0,0,0,0,0,0,0,0,0,0,0
EMP019,2026-03-09,67,Monday,0,0,1,0,0,0,1,0,16,0,4,0,0,0,0,0,0,0,3,0,24,0
EMP019,2026-03-10,68,Tuesday,0,0,0,0,0,0,10,0,337,0,47,7,0,0,0,0,0,0,51,0,452,0
EMP019,2026-03-11,69,Wednesday,0,0,0,0,0,0,20,0,209,0,47,4,0,0,0,0,0,0,33,0,313,0
EMP019,2026-03-12,70,Thursday,0,0,0,0,0,0,7,0,123,0,34,2,0,0,0,0,0,0,30,0,196,0
EMP019,2026-03-13,71,Friday,0,0,0,0,0,0,13,0,234,0,32,7,0,0,0,0,0,0,62,0,348,0
EMP019,2026-03-14,72,Saturday,1,0,0,0,0,0,6,0,93,0,21,4,0,0,0,0,0,0,19,0,143,0
EMP019,2026-03-15,73,Sunday,1,0,0,0,0,0,0,0,0,0,0,0,0,0,0,0,0,0,0,0,0,0
EMP019,2026-03-16,74,Monday,0,0,0,0,0,0,11,0,209,0,60,6,0,0,0,0,0,0,59,0,345,0
EMP019,2026-03-17,75,Tuesday,0,0,0,0,0,0,11,0,339,0,66,11,0,0,0,0,0,0,48,0,475,0
EMP019,2026-03-18,76,Wednesday,0,0,0,0,0,0,5,0,136,0,20,4,0,0,0,0,0,0,25,0,190,0
EMP019,2026-03-19,77,Thursday,0,0,0,0,0,0,20,0,237,0,43,4,0,0,0,0,0,0,61,0,365,0
EMP019,2026-03-20,78,Friday,0,0,0,0,0,0,13,0,267,0,39,5,0,0,0,0,0,0,52,0,376,0
EMP019,2026-03-21,79,Saturday,1,0,0,0,0,0,3,0,107,0,13,1,0,0,0,0,0,0,14,0,138,0
EMP019,2026-03-22,80,Sunday,1,0,0,0,0,0,0,0,0,0,0,0,0,0,0,0,0,0,0,0,0,0
EMP019,2026-03-23,81,Monday,0,0,0,0,0,0,20,0,283,0,52,11,0,0,0,0,0,0,53,0,419,0
EMP019,2026-03-24,82,Tuesday,0,0,0,0,0,0,13,0,223,0,51,8,0,0,0,0,0,0,51,0,346,0
EMP019,2026-03-25,83,Wednesday,0,0,0,0,0,0,24,0,362,0,61,6,0,0,0,0,0,0,71,0,524,0
EMP019,2026-03-26,84,Thursday,0,0,0,0,0,0,16,0,329,0,66,7,0,0,0,0,0,0,44,0,462,0
EMP019,2026-03-27,85,Friday,0,0,0,0,0,0,8,0,173,0,47,7,0,0,0,0,0,0,28,0,263,0
EMP019,2026-03-28,86,Saturday,1,0,0,0,0,0,7,0,130,0,18,4,0,0,0,0,0,0,20,0,179,0
EMP019,2026-03-29,87,Sunday,1,0,0,0,0,0,0,0,0,0,0,0,0,0,0,0,0,0,0,0,0,0
EMP019,2026-03-30,88,Monday,0,0,0,0,0,0,10,0,322,0,95,14,0,0,0,0,0,0,70,0,511,0
EMP019,2026-03-31,89,Tuesday,0,0,0,0,0,0,26,0,295,0,84,8,0,0,0,0,0,0,69,0,482,0
EMP020,2026-01-01,0,Thursday,0,1,0,0,0,0,0,0,0,0,0,0,0,0,0,0,0,0,0,0,0,0
EMP020,2026-01-02,1,Friday,0,0,0,0,0,0,30,0,377,0,81,18,0,0,0,0,0,0,104,0,610,0
EMP020,2026-01-03,2,Saturday,1,0,0,0,0,0,9,0,177,0,22,6,0,0,0,0,0,0,26,0,240,0
EMP020,2026-01-04,3,Sunday,1,0,0,0,0,0,0,0,0,0,0,0,0,0,0,0,0,0,0,0,0,0
EMP020,2026-01-05,4,Monday,0,0,0,0,0,0,12,0,246,0,72,13,0,0,0,0,0,0,101,0,444,0
EMP020,2026-01-06,5,Tuesday,0,0,0,0,0,0,29,0,375,0,63,6,0,0,0,0,0,0,68,0,541,0
EMP020,2026-01-07,6,Wednesday,0,0,0,0,0,0,20,0,339,0,51,14,0,0,0,0,0,0,55,0,479,0
EMP020,2026-01-08,7,Thursday,0,0,0,0,0,0,15,0,345,0,76,9,0,0,0,0,0,0,60,0,505,0
EMP020,2026-01-09,8,Friday,0,0,0,0,0,0,17,0,375,0,46,12,0,0,0,0,0,0,103,0,553,0
EMP020,2026-01-10,9,Saturday,1,0,0,0,0,0,5,0,137,0,20,3,0,0,0,0,0,0,21,0,186,0
EMP020,2026-01-11,10,Sunday,1,0,0,0,0,0,0,0,0,0,0,0,0,0,0,0,0,0,0,0,0,0
EMP020,2026-01-12,11,Monday,0,0,0,0,0,0,20,0,377,0,68,15,0,0,0,0,0,0,69,0,549,0
EMP020,2026-01-13,12,Tuesday,0,0,0,1,0,0,0,0,0,0,0,0,0,0,0,0,0,0,0,0,0,0
EMP020,2026-01-14,13,Wednesday,0,0,0,0,0,0,26,0,294,0,41,10,0,0,0,0,0,0,50,0,421,0
EMP020,2026-01-15,14,Thursday,0,0,0,0,0,0,11,0,390,0,52,16,0,0,0,0,0,0,104,0,573,0
EMP020,2026-01-16,15,Friday,0,0,0,0,0,0,19,0,364,0,98,12,0,0,0,0,0,0,92,0,585,0
EMP020,2026-01-17,16,Saturday,1,0,0,0,0,0,10,0,116,0,26,2,0,0,0,0,0,0,28,0,182,0
EMP020,2026-01-18,17,Sunday,1,0,0,0,0,0,0,0,0,0,0,0,0,0,0,0,0,0,0,0,0,0
EMP020,2026-01-19,18,Monday,0,0,0,0,0,0,12,0,345,0,75,8,0,0,0,0,0,0,99,0,539,0
EMP020,2026-01-20,19,Tuesday,0,0,0,0,0,0,13,0,420,0,76,6,0,0,0,0,0,0,67,0,582,0
EMP020,2026-01-21,20,Wednesday,0,0,0,0,0,0,11,0,269,0,67,5,0,0,0,0,0,0,65,0,417,0
EMP020,2026-01-22,21,Thursday,0,0,1,0,0,0,1,0,31,0,5,1,0,0,0,0,0,0,7,0,45,0
EMP020,2026-01-23,22,Friday,0,0,0,0,0,0,25,0,374,0,89,17,0,0,0,0,0,0,92,0,597,0
EMP020,2026-01-24,23,Saturday,1,0,0,0,0,0,4,0,54,0,8,1,0,0,0,0,0,0,9,0,76,0
EMP020,2026-01-25,24,Sunday,1,0,0,0,0,0,0,0,0,0,0,0,0,0,0,0,0,0,0,0,0,0
EMP020,2026-01-26,25,Monday,0,1,0,0,0,0,0,0,0,0,0,0,0,0,0,0,0,0,0,0,0,0
EMP020,2026-01-27,26,Tuesday,0,0,0,0,0,0,17,0,468,0,74,7,0,0,0,0,0,0,76,0,642,0
EMP020,2026-01-28,27,Wednesday,0,0,0,0,0,0,24,0,284,0,86,8,0,0,0,0,0,0,87,0,489,0
EMP020,2026-01-29,28,Thursday,0,0,0,0,0,0,15,0,404,0,80,13,0,0,0,0,0,0,111,0,623,0
EMP020,2026-01-30,29,Friday,0,0,0,0,0,0,26,0,496,0,112,14,0,0,0,0,0,0,55,0,703,0
EMP020,2026-01-31,30,Saturday,1,0,0,0,0,0,5,0,142,0,21,3,0,0,0,0,0,0,25,0,196,0
EMP020,2026-02-01,31,Sunday,1,0,0,0,0,0,0,0,0,0,0,0,0,0,0,0,0,0,0,0,0,0
EMP020,2026-02-02,32,Monday,0,0,0,0,0,0,33,0,431,0,103,7,0,0,0,0,0,0,81,0,655,0
EMP020,2026-02-03,33,Tuesday,0,0,0,0,0,0,22,0,504,0,61,19,0,0,0,0,0,0,122,0,728,0
EMP020,2026-02-04,34,Wednesday,0,0,0,0,0,0,24,0,369,0,72,10,0,0,0,0,0,0,71,0,546,0
EMP020,2026-02-05,35,Thursday,0,0,0,0,0,0,15,0,441,0,90,18,0,0,0,0,0,0,61,0,625,0
EMP020,2026-02-06,36,Friday,0,0,0,0,0,0,16,0,422,0,82,17,0,0,0,0,0,0,75,0,612,0
EMP020,2026-02-07,37,Saturday,1,0,0,0,0,0,6,0,117,0,21,5,0,0,0,0,0,0,21,0,170,0
EMP020,2026-02-08,38,Sunday,1,0,0,0,0,0,0,0,0,0,0,0,0,0,0,0,0,0,0,0,0,0
EMP020,2026-02-09,39,Monday,0,0,0,0,0,0,29,0,349,0,101,6,0,0,0,0,0,0,68,0,553,0
EMP020,2026-02-10,40,Tuesday,0,0,0,0,0,0,25,0,417,0,93,11,0,0,0,0,0,0,51,0,597,0
EMP020,2026-02-11,41,Wednesday,0,0,0,0,0,0,19,0,382,0,75,11,0,0,0,0,0,0,62,0,549,0
EMP020,2026-02-12,42,Thursday,0,0,0,0,0,0,11,0,362,0,50,10,0,0,0,0,0,0,52,0,485,0
EMP020,2026-02-13,43,Friday,0,0,0,0,0,0,24,0,331,0,66,14,0,0,0,0,0,0,68,0,503,0
EMP020,2026-02-14,44,Saturday,1,0,0,0,0,0,6,0,151,0,21,4,0,0,0,0,0,0,23,0,205,0
EMP020,2026-02-15,45,Sunday,1,0,0,0,1,0,0,0,0,0,0,0,0,0,0,0,0,0,0,0,0,0
EMP020,2026-02-16,46,Monday,0,0,0,0,0,0,16,0,364,0,73,7,0,0,0,0,0,0,88,0,548,0
EMP020,2026-02-17,47,Tuesday,0,0,0,0,0,0,25,0,486,0,84,18,0,0,0,0,0,0,78,0,691,0
EMP020,2026-02-18,48,Wednesday,0,0,0,0,0,0,11,0,336,0,46,16,0,0,0,0,0,0,92,0,501,0
EMP020,2026-02-19,49,Thursday,0,0,0,0,0,0,21,0,363,0,57,12,0,0,0,0,0,0,59,0,512,0
EMP020,2026-02-20,50,Friday,0,0,0,0,0,0,15,0,455,0,59,11,0,0,0,0,0,0,67,0,607,0
EMP020,2026-02-21,51,Saturday,1,0,0,0,0,0,8,0,151,0,25,4,0,0,0,0,0,0,36,0,224,0
EMP020,2026-02-22,52,Sunday,1,0,0,0,0,0,0,0,0,0,0,0,0,0,0,0,0,0,0,0,0,0
EMP020,2026-02-23,53,Monday,0,0,0,0,0,0,13,0,413,0,94,6,0,0,0,0,0,0,94,0,620,0
EMP020,2026-02-24,54,Tuesday,0,0,0,0,0,0,19,0,403,0,64,7,0,0,0,0,0,0,107,0,600,0
EMP020,2026-02-25,55,Wednesday,0,0,0,0,0,0,25,0,362,0,47,5,0,0,0,0,0,0,50,0,489,0
EMP020,2026-02-26,56,Thursday,0,0,0,0,0,0,24,0,386,0,87,6,0,0,0,0,0,0,68,0,571,0
EMP020,2026-02-27,57,Friday,0,0,0,0,0,0,37,0,528,0,84,23,0,0,0,0,0,0,93,0,765,0
EMP020,2026-02-28,58,Saturday,1,0,0,0,0,0,12,0,161,0,23,6,0,0,0,0,0,0,26,0,228,0
EMP020,2026-03-01,59,Sunday,1,0,0,0,0,0,0,0,0,0,0,0,0,0,0,0,0,0,0,0,0,0
EMP020,2026-03-02,60,Monday,0,1,0,0,0,0,0,0,0,0,0,0,0,0,0,0,0,0,0,0,0,0
EMP020,2026-03-03,61,Tuesday,0,0,0,0,0,0,25,0,366,0,65,11,0,0,0,0,0,0,74,0,541,0
EMP020,2026-03-04,62,Wednesday,0,0,0,0,0,0,11,0,379,0,79,6,0,0,0,0,0,0,78,0,553,0
EMP020,2026-03-05,63,Thursday,0,0,0,0,0,0,22,0,295,0,47,19,0,0,0,0,0,0,72,0,455,0
EMP020,2026-03-06,64,Friday,0,0,0,0,0,0,30,0,387,0,104,12,0,0,0,0,0,0,53,0,586,0
EMP020,2026-03-07,65,Saturday,1,0,0,0,0,0,4,0,126,0,29,6,0,0,0,0,0,0,34,0,199,0
EMP020,2026-03-08,66,Sunday,1,0,0,0,0,0,0,0,0,0,0,0,0,0,0,0,0,0,0,0,0,0
EMP020,2026-03-09,67,Monday,0,0,0,0,0,0,16,0,432,0,53,15,0,0,0,0,0,0,86,0,602,0
EMP020,2026-03-10,68,Tuesday,0,0,0,0,0,0,21,0,372,0,79,17,0,0,0,0,0,0,111,0,600,0
EMP020,2026-03-11,69,Wednesday,0,0,0,0,0,0,10,0,340,0,95,8,0,0,0,0,0,0,74,0,527,0
EMP020,2026-03-12,70,Thursday,0,0,0,0,0,0,13,0,354,0,86,17,0,0,0,0,0,0,82,0,552,0
EMP020,2026-03-13,71,Friday,0,0,0,0,0,0,28,0,332,0,64,20,0,0,0,0,0,0,75,0,519,0
EMP020,2026-03-14,72,Saturday,1,0,0,0,0,0,9,0,160,0,23,5,0,0,0,0,0,0,24,0,221,0
EMP020,2026-03-15,73,Sunday,1,0,0,0,0,0,0,0,0,0,0,0,0,0,0,0,0,0,0,0,0,0
EMP020,2026-03-16,74,Monday,0,0,0,0,0,0,22,0,390,0,52,8,0,0,0,0,0,0,58,0,530,0
EMP020,2026-03-17,75,Tuesday,0,0,0,0,0,0,23,0,275,0,34,8,0,0,0,0,0,0,54,0,394,0
EMP020,2026-03-18,76,Wednesday,0,0,0,0,0,0,13,0,359,0,71,16,0,0,0,0,0,0,57,0,516,0
EMP020,2026-03-19,77,Thursday,0,0,0,0,0,0,25,0,380,0,48,16,0,0,0,0,0,0,66,0,535,0
EMP020,2026-03-20,78,Friday,0,0,0,0,0,0,15,0,336,0,54,13,0,0,0,0,0,0,64,0,482,0
EMP020,2026-03-21,79,Saturday,1,0,1,0,0,0,0,0,4,0,0,0,0,0,0,0,0,0,0,0,4,0
EMP020,2026-03-22,80,Sunday,1,0,1,0,0,0,0,0,0,0,0,0,0,0,0,0,0,0,0,0,0,0
EMP020,2026-03-23,81,Monday,0,0,0,0,0,0,39,0,350,0,82,16,0,0,0,0,0,0,86,0,573,0
EMP020,2026-03-24,82,Tuesday,0,0,0,0,0,0,18,0,317,0,80,17,0,0,0,0,0,0,72,0,504,0
EMP020,2026-03-25,83,Wednesday,0,0,0,0,0,0,17,0,442,0,94,14,0,0,0,0,0,0,110,0,677,0
EMP020,2026-03-26,84,Thursday,0,0,0,0,0,0,23,0,536,0,92,10,0,0,0,0,0,0,65,0,726,0
EMP020,2026-03-27,85,Friday,0,0,0,0,0,0,10,0,191,0,40,3,0,0,0,0,0,0,49,0,293,0
EMP020,2026-03-28,86,Saturday,1,0,0,0,0,0,13,0,200,0,35,4,0,0,0,0,0,0,43,0,295,0
EMP020,2026-03-29,87,Sunday,1,0,0,0,0,0,0,0,0,0,0,0,0,0,0,0,0,0,0,0,0,0
EMP020,2026-03-30,88,Monday,0,0,0,0,0,0,21,0,513,0,93,17,0,0,0,0,0,0,87,0,731,0
EMP020,2026-03-31,89,Tuesday,0,0,0,0,0,0,21,0,454,0,71,18,0,0,0,0,0,0,101,0,665,0
EMP021,2026-01-01,0,Thursday,0,1,0,0,0,0,0,0,0,0,0,0,0,0,0,0,0,0,0,0,0,0
EMP021,2026-01-02,1,Friday,0,0,0,0,0,0,9,0,316,0,63,10,0,0,0,0,0,0,44,0,442,0
EMP021,2026-01-03,2,Saturday,1,0,0,0,0,0,11,0,169,0,33,6,0,0,0,0,0,0,32,0,251,0
EMP021,2026-01-04,3,Sunday,1,0,0,0,0,0,0,0,0,0,0,0,0,0,0,0,0,0,0,0,0,0
EMP021,2026-01-05,4,Monday,0,0,0,0,0,0,31,0,456,0,84,20,0,0,0,0,0,0,72,0,663,0
EMP021,2026-01-06,5,Tuesday,0,0,0,0,0,0,22,0,394,0,81,14,0,0,0,0,0,0,104,0,615,0
EMP021,2026-01-07,6,Wednesday,0,0,0,0,0,0,24,0,370,0,89,6,0,0,0,0,0,0,83,0,572,0
EMP021,2026-01-08,7,Thursday,0,0,0,0,0,0,25,0,361,0,67,15,0,0,0,0,0,0,67,0,535,0
EMP021,2026-01-09,8,Friday,0,0,0,0,0,0,12,0,363,0,61,10,0,0,0,0,0,0,70,0,516,0
EMP021,2026-01-10,9,Saturday,1,0,0,0,0,0,11,0,114,0,23,3,0,0,0,0,0,0,32,0,183,0
EMP021,2026-01-11,10,Sunday,1,0,0,0,0,0,0,0,0,0,0,0,0,0,0,0,0,0,0,0,0,0
EMP021,2026-01-12,11,Monday,0,0,0,0,0,0,27,0,407,0,86,12,0,0,0,0,0,0,54,0,586,0
EMP021,2026-01-13,12,Tuesday,0,0,0,0,0,0,27,0,296,0,89,16,0,0,0,0,0,0,54,0,482,0
EMP021,2026-01-14,13,Wednesday,0,0,0,0,0,0,16,0,351,0,73,7,0,0,0,0,0,0,53,0,500,0
EMP021,2026-01-15,14,Thursday,0,0,0,0,0,0,17,0,372,0,66,6,0,0,0,0,0,0,108,0,569,0
EMP021,2026-01-16,15,Friday,0,0,0,0,0,0,14,0,394,0,55,13,0,0,0,0,0,0,82,0,558,0
EMP021,2026-01-17,16,Saturday,1,0,0,0,0,0,7,0,129,0,23,3,0,0,0,0,0,0,19,0,181,0
EMP021,2026-01-18,17,Sunday,1,0,0,0,0,0,0,0,0,0,0,0,0,0,0,0,0,0,0,0,0,0
EMP021,2026-01-19,18,Monday,0,0,0,0,0,0,14,0,161,0,41,7,0,0,0,0,0,0,28,0,251,0
EMP021,2026-01-20,19,Tuesday,0,0,0,1,0,0,0,0,0,0,0,0,0,0,0,0,0,0,0,0,0,0
EMP021,2026-01-21,20,Wednesday,0,0,0,0,0,0,23,0,362,0,59,16,0,0,0,0,0,0,48,0,508,0
EMP021,2026-01-22,21,Thursday,0,0,0,0,0,0,19,0,364,0,95,14,0,0,0,0,0,0,71,0,563,0
EMP021,2026-01-23,22,Friday,0,0,0,0,0,0,25,0,466,0,51,13,0,0,0,0,0,0,60,0,615,0
EMP021,2026-01-24,23,Saturday,1,0,0,0,0,0,8,0,138,0,22,5,0,0,0,0,0,0,25,0,198,0
EMP021,2026-01-25,24,Sunday,1,0,0,0,0,0,0,0,0,0,0,0,0,0,0,0,0,0,0,0,0,0
EMP021,2026-01-26,25,Monday,0,1,0,0,0,0,0,0,0,0,0,0,0,0,0,0,0,0,0,0,0,0
EMP021,2026-01-27,26,Tuesday,0,0,0,0,0,0,30,0,449,0,52,15,0,0,0,0,0,0,104,0,650,0
EMP021,2026-01-28,27,Wednesday,0,0,0,0,0,0,14,0,343,0,43,18,0,0,0,0,0,0,62,0,480,0
EMP021,2026-01-29,28,Thursday,0,0,0,0,0,0,23,0,362,0,68,18,0,0,0,0,0,0,72,0,543,0
EMP021,2026-01-30,29,Friday,0,0,0,0,0,0,21,0,354,0,94,7,0,0,0,0,0,0,71,0,547,0
EMP021,2026-01-31,30,Saturday,1,0,0,0,0,0,6,0,140,0,30,4,0,0,0,0,0,0,37,0,217,0
EMP021,2026-02-01,31,Sunday,1,0,0,0,0,0,0,0,0,0,0,0,0,0,0,0,0,0,0,0,0,0
EMP021,2026-02-02,32,Monday,0,0,0,0,0,0,27,0,408,0,86,12,0,0,0,0,0,0,69,0,602,0
EMP021,2026-02-03,33,Tuesday,0,0,0,0,0,0,39,0,388,0,74,7,0,0,0,0,0,0,95,0,603,0
EMP021,2026-02-04,34,Wednesday,0,0,1,0,0,0,1,0,33,0,5,1,0,0,0,0,0,0,4,0,44,0
EMP021,2026-02-05,35,Thursday,0,0,0,0,0,0,16,0,345,0,49,9,0,0,0,0,0,0,80,0,499,0
EMP021,2026-02-06,36,Friday,0,0,0,0,0,0,22,0,379,0,58,18,0,0,0,0,0,0,67,0,544,0
EMP021,2026-02-07,37,Saturday,1,0,0,0,0,0,5,0,155,0,30,4,0,0,0,0,0,0,20,0,214,0
EMP021,2026-02-08,38,Sunday,1,0,0,0,0,0,0,0,0,0,0,0,0,0,0,0,0,0,0,0,0,0
EMP021,2026-02-09,39,Monday,0,0,0,0,0,0,30,0,402,0,84,10,0,0,0,0,0,0,75,0,601,0
EMP021,2026-02-10,40,Tuesday,0,0,0,0,0,0,14,0,371,0,74,19,0,0,0,0,0,0,96,0,574,0
EMP021,2026-02-11,41,Wednesday,0,0,1,0,0,0,1,0,24,0,4,0,0,0,0,0,0,0,3,0,32,0
EMP021,2026-02-12,42,Thursday,0,0,0,0,0,0,14,0,307,0,84,5,0,0,0,0,0,0,60,0,470,0
EMP021,2026-02-13,43,Friday,0,0,0,0,0,0,18,0,329,0,57,12,0,0,0,0,0,0,96,0,512,0
EMP021,2026-02-14,44,Saturday,1,0,0,0,0,0,8,0,107,0,24,2,0,0,0,0,0,0,27,0,168,0
EMP021,2026-02-15,45,Sunday,1,0,0,0,1,0,0,0,0,0,0,0,0,0,0,0,0,0,0,0,0,0
EMP021,2026-02-16,46,Monday,0,0,0,0,0,0,26,0,417,0,78,16,0,0,0,0,0,0,88,0,625,0
EMP021,2026-02-17,47,Tuesday,0,0,0,0,0,0,17,0,376,0,78,6,0,0,0,0,0,0,93,0,570,0
EMP021,2026-02-18,48,Wednesday,0,0,0,0,0,0,24,0,347,0,71,13,0,0,0,0,0,0,69,0,524,0
EMP021,2026-02-19,49,Thursday,0,0,1,0,0,0,1,0,33,0,7,1,0,0,0,0,0,0,7,0,49,0
EMP021,2026-02-20,50,Friday,0,0,0,0,0,0,24,0,406,0,70,12,0,0,0,0,0,0,73,0,585,0
EMP021,2026-02-21,51,Saturday,1,0,0,0,0,0,6,0,130,0,22,7,0,0,0,0,0,0,23,0,188,0
EMP021,2026-02-22,52,Sunday,1,0,0,0,0,0,0,0,0,0,0,0,0,0,0,0,0,0,0,0,0,0
EMP021,2026-02-23,53,Monday,0,0,0,0,0,0,24,0,459,0,87,8,0,0,0,0,0,0,61,0,639,0
EMP021,2026-02-24,54,Tuesday,0,0,0,0,0,0,18,0,347,0,99,17,0,0,0,0,0,0,74,0,555,0
EMP021,2026-02-25,55,Wednesday,0,0,0,0,0,0,21,0,307,0,50,11,0,0,0,0,0,0,85,0,474,0
EMP021,2026-02-26,56,Thursday,0,0,0,0,0,0,9,0,259,0,54,5,0,0,0,0,0,0,45,0,372,0
EMP021,2026-02-27,57,Friday,0,0,0,0,0,0,27,0,475,0,104,18,0,0,0,0,0,0,80,0,704,0
EMP021,2026-02-28,58,Saturday,1,0,0,0,0,0,6,0,146,0,38,5,0,0,0,0,0,0,22,0,217,0
EMP021,2026-03-01,59,Sunday,1,0,0,0,0,0,0,0,0,0,0,0,0,0,0,0,0,0,0,0,0,0
EMP021,2026-03-02,60,Monday,0,1,0,0,0,0,0,0,0,0,0,0,0,0,0,0,0,0,0,0,0,0
EMP021,2026-03-03,61,Tuesday,0,0,0,1,0,0,0,0,0,0,0,0,0,0,0,0,0,0,0,0,0,0
EMP021,2026-03-04,62,Wednesday,0,0,0,0,0,0,16,0,378,0,46,12,0,0,0,0,0,0,81,0,533,0
EMP021,2026-03-05,63,Thursday,0,0,0,0,0,0,18,0,399,0,83,14,0,0,0,0,0,0,50,0,564,0
EMP021,2026-03-06,64,Friday,0,0,0,0,0,0,29,0,436,0,77,8,0,0,0,0,0,0,61,0,611,0
EMP021,2026-03-07,65,Saturday,1,0,0,0,0,0,5,0,133,0,23,4,0,0,0,0,0,0,21,0,186,0
EMP021,2026-03-08,66,Sunday,1,0,0,0,0,0,0,0,0,0,0,0,0,0,0,0,0,0,0,0,0,0
EMP021,2026-03-09,67,Monday,0,0,0,0,0,0,29,0,442,0,74,6,0,0,0,0,0,0,92,0,643,0
EMP021,2026-03-10,68,Tuesday,0,0,0,0,0,0,30,0,456,0,89,13,0,0,0,0,0,0,83,0,671,0
EMP021,2026-03-11,69,Wednesday,0,0,0,1,0,0,0,0,0,0,0,0,0,0,0,0,0,0,0,0,0,0
EMP021,2026-03-12,70,Thursday,0,0,0,0,0,0,21,0,270,0,87,8,0,0,0,0,0,0,89,0,475,0
EMP021,2026-03-13,71,Friday,0,0,0,0,0,0,18,0,371,0,90,12,0,0,0,0,0,0,70,0,561,0
EMP021,2026-03-14,72,Saturday,1,0,0,0,0,0,9,0,143,0,33,3,0,0,0,0,0,0,27,0,215,0
EMP021,2026-03-15,73,Sunday,1,0,0,0,0,0,0,0,0,0,0,0,0,0,0,0,0,0,0,0,0,0
EMP021,2026-03-16,74,Monday,0,0,0,0,0,0,30,0,385,0,70,10,0,0,0,0,0,0,52,0,547,0
EMP021,2026-03-17,75,Tuesday,0,0,0,0,0,0,26,0,333,0,67,15,0,0,0,0,0,0,80,0,521,0
EMP021,2026-03-18,76,Wednesday,0,0,0,0,0,0,11,0,369,0,101,9,0,0,0,0,0,0,65,0,555,0
EMP021,2026-03-19,77,Thursday,0,0,0,0,0,0,14,0,311,0,90,10,0,0,0,0,0,0,76,0,501,0
EMP021,2026-03-20,78,Friday,0,0,0,0,0,0,13,0,390,0,82,18,0,0,0,0,0,0,72,0,575,0
EMP021,2026-03-21,79,Saturday,1,0,0,0,0,0,8,0,141,0,34,4,0,0,0,0,0,0,29,0,216,0
EMP021,2026-03-22,80,Sunday,1,0,0,0,0,0,0,0,0,0,0,0,0,0,0,0,0,0,0,0,0,0
EMP021,2026-03-23,81,Monday,0,0,0,0,0,0,11,0,129,0,20,6,0,0,0,0,0,0,30,0,196,0
EMP021,2026-03-24,82,Tuesday,0,0,0,0,0,0,26,0,357,0,67,6,0,0,0,0,0,0,101,0,557,0
EMP021,2026-03-25,83,Wednesday,0,0,0,0,0,0,38,0,399,0,103,11,0,0,0,0,0,0,61,0,612,0
EMP021,2026-03-26,84,Thursday,0,0,0,0,0,0,39,0,477,0,87,23,0,0,0,0,0,0,122,0,748,0
EMP021,2026-03-27,85,Friday,0,0,0,0,0,0,32,0,496,0,82,24,0,0,0,0,0,0,128,0,762,0
EMP021,2026-03-28,86,Saturday,1,0,0,0,0,0,11,0,211,0,37,4,0,0,0,0,0,0,43,0,306,0
EMP021,2026-03-29,87,Sunday,1,0,0,0,0,0,0,0,0,0,0,0,0,0,0,0,0,0,0,0,0,0
EMP021,2026-03-30,88,Monday,0,0,0,0,0,0,23,0,370,0,96,20,0,0,0,0,0,0,88,0,597,0
EMP021,2026-03-31,89,Tuesday,0,0,0,0,0,0,13,0,480,0,94,21,0,0,0,0,0,0,48,0,656,0
EMP022,2026-01-01,0,Thursday,0,1,0,0,0,0,0,0,0,0,0,0,0,0,0,0,0,0,0,0,0,0
EMP022,2026-01-02,1,Friday,0,0,0,0,0,0,30,0,323,0,102,15,0,0,0,0,0,0,100,0,570,0
EMP022,2026-01-03,2,Saturday,1,0,0,0,0,0,5,0,161,0,25,5,0,0,0,0,0,0,30,0,226,0
EMP022,2026-01-04,3,Sunday,1,0,0,0,0,0,0,0,0,0,0,0,0,0,0,0,0,0,0,0,0,0
EMP022,2026-01-05,4,Monday,0,0,0,0,0,0,16,0,247,0,95,14,0,0,0,0,0,0,80,0,452,0
EMP022,2026-01-06,5,Tuesday,0,0,0,0,0,0,23,0,397,0,50,9,0,0,0,0,0,0,69,0,548,0
EMP022,2026-01-07,6,Wednesday,0,0,0,0,0,0,11,0,200,0,35,4,0,0,0,0,0,0,21,0,271,0
EMP022,2026-01-08,7,Thursday,0,0,0,0,0,0,19,0,276,0,46,9,0,0,0,0,0,0,55,0,405,0
EMP022,2026-01-09,8,Friday,0,0,0,0,0,0,27,0,260,0,78,7,0,0,0,0,0,0,60,0,432,0
EMP022,2026-01-10,9,Saturday,1,0,1,0,0,0,0,0,8,0,1,0,0,0,0,0,0,0,1,0,10,0
EMP022,2026-01-11,10,Sunday,1,0,0,0,0,0,0,0,0,0,0,0,0,0,0,0,0,0,0,0,0,0
EMP022,2026-01-12,11,Monday,0,0,0,0,0,0,25,0,336,0,40,12,0,0,0,0,0,0,59,0,472,0
EMP022,2026-01-13,12,Tuesday,0,0,0,0,0,0,12,0,257,0,57,6,0,0,0,0,0,0,64,0,396,0
EMP022,2026-01-14,13,Wednesday,0,0,0,0,0,0,21,0,340,0,39,4,0,0,0,0,0,0,50,0,454,0
EMP022,2026-01-15,14,Thursday,0,0,0,0,0,0,5,0,181,0,45,4,0,0,0,0,0,0,35,0,270,0
EMP022,2026-01-16,15,Friday,0,0,0,0,0,0,21,0,274,0,53,9,0,0,0,0,0,0,73,0,430,0
EMP022,2026-01-17,16,Saturday,1,0,0,0,0,0,8,0,115,0,28,5,0,0,0,0,0,0,19,0,175,0
EMP022,2026-01-18,17,Sunday,1,0,0,0,0,0,0,0,0,0,0,0,0,0,0,0,0,0,0,0,0,0
EMP022,2026-01-19,18,Monday,0,0,0,0,0,0,14,0,316,0,84,11,0,0,0,0,0,0,48,0,473,0
EMP022,2026-01-20,19,Tuesday,0,0,0,0,0,0,11,0,318,0,42,9,0,0,0,0,0,0,51,0,431,0
EMP022,2026-01-21,20,Wednesday,0,0,0,0,0,0,18,0,256,0,65,14,0,0,0,0,0,0,69,0,422,0
EMP022,2026-01-22,21,Thursday,0,0,0,0,0,0,10,0,358,0,75,9,0,0,0,0,0,0,80,0,532,0
EMP022,2026-01-23,22,Friday,0,0,0,0,0,0,13,0,246,0,93,8,0,0,0,0,0,0,70,0,430,0
EMP022,2026-01-24,23,Saturday,1,0,0,0,0,0,4,0,123,0,26,3,0,0,0,0,0,0,22,0,178,0
EMP022,2026-01-25,24,Sunday,1,0,0,0,0,0,0,0,0,0,0,0,0,0,0,0,0,0,0,0,0,0
EMP022,2026-01-26,25,Monday,0,1,0,0,0,0,0,0,0,0,0,0,0,0,0,0,0,0,0,0,0,0
EMP022,2026-01-27,26,Tuesday,0,0,0,0,0,0,12,0,284,0,72,12,0,0,0,0,0,0,66,0,446,0
EMP022,2026-01-28,27,Wednesday,0,0,0,1,0,0,0,0,0,0,0,0,0,0,0,0,0,0,0,0,0,0
EMP022,2026-01-29,28,Thursday,0,0,0,0,0,0,12,0,454,0,76,9,0,0,0,0,0,0,85,0,636,0
EMP022,2026-01-30,29,Friday,0,0,0,0,0,0,31,0,356,0,101,12,0,0,0,0,0,0,97,0,597,0
EMP022,2026-01-31,30,Saturday,1,0,0,0,0,0,10,0,151,0,22,5,0,0,0,0,0,0,24,0,212,0
EMP022,2026-02-01,31,Sunday,1,0,0,0,0,0,0,0,0,0,0,0,0,0,0,0,0,0,0,0,0,0
EMP022,2026-02-02,32,Monday,0,0,0,0,0,0,36,0,352,0,80,19,0,0,0,0,0,0,108,0,595,0
EMP022,2026-02-03,33,Tuesday,0,0,0,0,0,0,31,0,368,0,103,19,0,0,0,0,0,0,56,0,577,0
EMP022,2026-02-04,34,Wednesday,0,0,0,0,0,0,15,0,257,0,64,14,0,0,0,0,0,0,75,0,425,0
EMP022,2026-02-05,35,Thursday,0,0,0,0,0,0,27,0,333,0,78,11,0,0,0,0,0,0,78,0,527,0
EMP022,2026-02-06,36,Friday,0,0,0,0,0,0,13,0,238,0,32,4,0,0,0,0,0,0,34,0,321,0
EMP022,2026-02-07,37,Saturday,1,0,0,0,0,0,6,0,125,0,24,6,0,0,0,0,0,0,16,0,177,0
EMP022,2026-02-08,38,Sunday,1,0,0,0,0,0,0,0,0,0,0,0,0,0,0,0,0,0,0,0,0,0
EMP022,2026-02-09,39,Monday,0,0,0,0,0,0,26,0,312,0,46,15,0,0,0,0,0,0,46,0,445,0
EMP022,2026-02-10,40,Tuesday,0,0,0,0,0,0,12,0,315,0,51,9,0,0,0,0,0,0,62,0,449,0
EMP022,2026-02-11,41,Wednesday,0,0,0,1,0,0,0,0,0,0,0,0,0,0,0,0,0,0,0,0,0,0
EMP022,2026-02-12,42,Thursday,0,0,1,0,0,0,1,0,23,0,5,0,0,0,0,0,0,0,4,0,33,0
EMP022,2026-02-13,43,Friday,0,0,0,0,0,0,14,0,338,0,63,5,0,0,0,0,0,0,51,0,471,0
EMP022,2026-02-14,44,Saturday,1,0,0,0,0,0,4,0,95,0,23,5,0,0,0,0,0,0,35,0,162,0
EMP022,2026-02-15,45,Sunday,1,0,0,0,1,0,0,0,0,0,0,0,0,0,0,0,0,0,0,0,0,0
EMP022,2026-02-16,46,Monday,0,0,0,0,0,0,20,0,382,0,40,13,0,0,0,0,0,0,73,0,528,0
EMP022,2026-02-17,47,Tuesday,0,0,0,0,0,0,23,0,341,0,90,13,0,0,0,0,0,0,63,0,530,0
EMP022,2026-02-18,48,Wednesday,0,0,0,0,0,0,21,0,335,0,38,12,0,0,0,0,0,0,64,0,470,0
EMP022,2026-02-19,49,Thursday,0,0,0,0,0,0,14,0,305,0,68,12,0,0,0,0,0,0,49,0,448,0
EMP022,2026-02-20,50,Friday,0,0,0,0,0,0,16,0,363,0,47,5,0,0,0,0,0,0,74,0,505,0
EMP022,2026-02-21,51,Saturday,1,0,0,0,0,0,10,0,136,0,26,3,0,0,0,0,0,0,30,0,205,0
EMP022,2026-02-22,52,Sunday,1,0,0,0,0,0,0,0,0,0,0,0,0,0,0,0,0,0,0,0,0,0
EMP022,2026-02-23,53,Monday,0,0,0,0,0,0,11,0,316,0,64,9,0,0,0,0,0,0,56,0,456,0
EMP022,2026-02-24,54,Tuesday,0,0,0,0,0,0,14,0,365,0,62,13,0,0,0,0,0,0,82,0,536,0
EMP022,2026-02-25,55,Wednesday,0,0,0,0,0,0,21,0,263,0,94,6,0,0,0,0,0,0,63,0,447,0
EMP022,2026-02-26,56,Thursday,0,0,0,0,0,0,19,0,385,0,80,7,0,0,0,0,0,0,90,0,581,0
EMP022,2026-02-27,57,Friday,0,0,0,0,0,0,22,0,346,0,56,15,0,0,0,0,0,0,93,0,532,0
EMP022,2026-02-28,58,Saturday,1,0,0,0,0,0,5,0,173,0,33,2,0,0,0,0,0,0,28,0,241,0
EMP022,2026-03-01,59,Sunday,1,0,0,0,0,0,0,0,0,0,0,0,0,0,0,0,0,0,0,0,0,0
EMP022,2026-03-02,60,Monday,0,1,0,0,0,0,0,0,0,0,0,0,0,0,0,0,0,0,0,0,0,0
EMP022,2026-03-03,61,Tuesday,0,0,0,0,0,0,26,0,296,0,80,6,0,0,0,0,0,0,51,0,459,0
EMP022,2026-03-04,62,Wednesday,0,0,0,0,0,0,10,0,341,0,75,10,0,0,0,0,0,0,75,0,511,0
EMP022,2026-03-05,63,Thursday,0,0,0,0,0,0,25,0,408,0,68,16,0,0,0,0,0,0,55,0,572,0
EMP022,2026-03-06,64,Friday,0,0,0,0,0,0,23,0,267,0,71,6,0,0,0,0,0,0,74,0,441,0
EMP022,2026-03-07,65,Saturday,1,0,0,0,0,0,7,0,117,0,22,4,0,0,0,0,0,0,33,0,183,0
EMP022,2026-03-08,66,Sunday,1,0,0,0,0,0,0,0,0,0,0,0,0,0,0,0,0,0,0,0,0,0
EMP022,2026-03-09,67,Monday,0,0,0,0,0,0,7,0,213,0,49,7,0,0,0,0,0,0,39,0,315,0
EMP022,2026-03-10,68,Tuesday,0,0,0,0,0,0,17,0,288,0,98,16,0,0,0,0,0,0,44,0,463,0
EMP022,2026-03-11,69,Wednesday,0,0,0,0,0,0,13,0,327,0,52,7,0,0,0,0,0,0,83,0,482,0
EMP022,2026-03-12,70,Thursday,0,0,0,0,0,0,14,0,314,0,74,10,0,0,0,0,0,0,58,0,470,0
EMP022,2026-03-13,71,Friday,0,0,0,0,0,0,14,0,387,0,54,12,0,0,0,0,0,0,84,0,551,0
EMP022,2026-03-14,72,Saturday,1,0,0,0,0,0,4,0,110,0,19,4,0,0,0,0,0,0,21,0,158,0
EMP022,2026-03-15,73,Sunday,1,0,0,0,0,0,0,0,0,0,0,0,0,0,0,0,0,0,0,0,0,0
EMP022,2026-03-16,74,Monday,0,0,0,0,0,0,22,0,309,0,63,12,0,0,0,0,0,0,60,0,466,0
EMP022,2026-03-17,75,Tuesday,0,0,0,0,0,0,26,0,300,0,75,8,0,0,0,0,0,0,79,0,488,0
EMP022,2026-03-18,76,Wednesday,0,0,0,0,0,0,12,0,281,0,64,7,0,0,0,0,0,0,63,0,427,0
EMP022,2026-03-19,77,Thursday,0,0,0,1,0,0,0,0,0,0,0,0,0,0,0,0,0,0,0,0,0,0
EMP022,2026-03-20,78,Friday,0,0,0,0,0,0,12,0,355,0,75,12,0,0,0,0,0,0,70,0,524,0
EMP022,2026-03-21,79,Saturday,1,0,0,0,0,0,9,0,108,0,18,5,0,0,0,0,0,0,28,0,168,0
EMP022,2026-03-22,80,Sunday,1,0,0,0,0,0,0,0,0,0,0,0,0,0,0,0,0,0,0,0,0,0
EMP022,2026-03-23,81,Monday,0,0,0,0,0,0,8,0,140,0,24,8,0,0,0,0,0,0,37,0,217,0
EMP022,2026-03-24,82,Tuesday,0,0,0,0,0,0,27,0,313,0,66,6,0,0,0,0,0,0,59,0,471,0
EMP022,2026-03-25,83,Wednesday,0,0,0,0,0,0,31,0,362,0,93,14,0,0,0,0,0,0,102,0,602,0
EMP022,2026-03-26,84,Thursday,0,0,0,0,0,0,19,0,412,0,116,17,0,0,0,0,0,0,81,0,645,0
EMP022,2026-03-27,85,Friday,0,0,0,0,0,0,18,0,383,0,111,18,0,0,0,0,0,0,64,0,594,0
EMP022,2026-03-28,86,Saturday,1,0,0,0,0,0,11,0,138,0,28,3,0,0,0,0,0,0,33,0,213,0
EMP022,2026-03-29,87,Sunday,1,0,0,0,0,0,0,0,0,0,0,0,0,0,0,0,0,0,0,0,0,0
EMP022,2026-03-30,88,Monday,0,0,0,0,0,0,27,0,414,0,99,6,0,0,0,0,0,0,102,0,648,0
EMP022,2026-03-31,89,Tuesday,0,0,0,0,0,0,13,0,458,0,96,10,0,0,0,0,0,0,62,0,639,0
EMP023,2026-01-01,0,Thursday,0,1,0,0,0,0,0,0,0,0,0,0,0,0,0,0,0,0,0,0,0,1
EMP023,2026-01-02,1,Friday,0,0,0,0,0,0,0,151,0,98,0,0,0,0,0,47,54,0,22,0,372,1
EMP023,2026-01-03,2,Saturday,1,0,0,0,0,0,0,41,0,28,0,0,0,0,0,17,27,0,12,0,125,1
EMP023,2026-01-04,3,Sunday,1,0,0,0,0,0,0,0,0,0,0,0,0,0,0,0,0,0,0,0,0,1
EMP023,2026-01-05,4,Monday,0,0,0,0,0,0,0,104,0,72,0,0,0,0,0,25,41,0,29,0,271,1
EMP023,2026-01-06,5,Tuesday,0,0,0,0,0,0,0,141,0,85,0,0,0,0,0,29,58,0,34,0,347,1
EMP023,2026-01-07,6,Wednesday,0,0,0,0,0,0,0,106,0,49,0,0,0,0,0,39,43,0,35,0,272,1
EMP023,2026-01-08,7,Thursday,0,0,0,0,0,0,0,114,0,73,0,0,0,0,0,30,61,0,18,0,296,1
EMP023,2026-01-09,8,Friday,0,0,0,0,0,0,0,116,0,49,0,0,0,0,0,32,45,0,26,0,268,1
EMP023,2026-01-10,9,Saturday,1,0,0,0,0,0,0,50,0,25,0,0,0,0,0,16,14,0,9,0,114,1
EMP023,2026-01-11,10,Sunday,1,0,0,0,0,0,0,0,0,0,0,0,0,0,0,0,0,0,0,0,0,1
EMP023,2026-01-12,11,Monday,0,0,0,0,0,0,0,146,0,82,0,0,0,0,0,37,50,0,20,0,335,1
EMP023,2026-01-13,12,Tuesday,0,0,0,0,0,0,0,153,0,56,0,0,0,0,0,32,46,0,22,0,309,1
EMP023,2026-01-14,13,Wednesday,0,0,0,0,0,0,0,84,0,53,0,0,0,0,0,26,42,0,31,0,236,1
EMP023,2026-01-15,14,Thursday,0,0,0,0,0,0,0,113,0,47,0,0,0,0,0,24,43,0,29,0,256,1
EMP023,2026-01-16,15,Friday,0,0,0,0,0,0,0,112,0,76,0,0,0,0,0,30,62,0,33,0,313,1
EMP023,2026-01-17,16,Saturday,1,0,0,0,0,0,0,28,0,20,0,0,0,0,0,10,19,0,9,0,86,1
EMP023,2026-01-18,17,Sunday,1,0,0,0,0,0,0,0,0,0,0,0,0,0,0,0,0,0,0,0,0,1
EMP023,2026-01-19,18,Monday,0,0,0,0,0,0,0,129,0,83,0,0,0,0,0,39,72,0,39,0,362,1
EMP023,2026-01-20,19,Tuesday,0,0,0,0,0,0,0,124,0,95,0,0,0,0,0,47,44,0,21,0,331,1
EMP023,2026-01-21,20,Wednesday,0,0,0,0,0,0,0,133,0,44,0,0,0,0,0,35,63,0,27,0,302,1
EMP023,2026-01-22,21,Thursday,0,0,0,0,0,0,0,112,0,78,0,0,0,0,0,28,37,0,39,0,294,1
EMP023,2026-01-23,22,Friday,0,0,0,0,0,0,0,106,0,79,0,0,0,0,0,39,54,0,29,0,307,1
EMP023,2026-01-24,23,Saturday,1,0,1,0,0,0,0,2,0,1,0,0,0,0,0,0,1,0,0,0,4,1
EMP023,2026-01-25,24,Sunday,1,0,0,0,0,0,0,0,0,0,0,0,0,0,0,0,0,0,0,0,0,1
EMP023,2026-01-26,25,Monday,0,1,0,0,0,0,0,0,0,0,0,0,0,0,0,0,0,0,0,0,0,1
EMP023,2026-01-27,26,Tuesday,0,0,0,0,0,0,0,149,0,83,0,0,0,0,0,39,68,0,29,0,368,1
EMP023,2026-01-28,27,Wednesday,0,0,0,0,0,0,0,106,0,57,0,0,0,0,0,34,39,0,37,0,273,1
EMP023,2026-01-29,28,Thursday,0,0,0,0,0,0,0,218,0,91,0,0,0,0,0,38,49,0,20,0,416,1
EMP023,2026-01-30,29,Friday,0,0,0,0,0,0,0,211,0,87,0,0,0,0,0,32,66,0,42,0,438,1
EMP023,2026-01-31,30,Saturday,1,0,0,0,0,0,0,60,0,30,0,0,0,0,0,20,18,0,10,0,138,1
EMP023,2026-02-01,31,Sunday,1,0,0,0,0,0,0,0,0,0,0,0,0,0,0,0,0,0,0,0,0,1
EMP023,2026-02-02,32,Monday,0,0,0,0,0,0,0,165,0,60,0,0,0,0,0,34,47,0,31,0,337,1
EMP023,2026-02-03,33,Tuesday,0,0,0,0,0,0,0,128,0,76,0,0,0,0,0,50,58,0,23,0,335,1
EMP023,2026-02-04,34,Wednesday,0,0,0,0,0,0,0,105,0,67,0,0,0,0,0,48,36,0,29,0,285,1
EMP023,2026-02-05,35,Thursday,0,0,0,0,0,0,0,114,0,67,0,0,0,0,0,27,41,0,31,0,280,1
EMP023,2026-02-06,36,Friday,0,0,0,0,0,0,0,164,0,65,0,0,0,0,0,44,48,0,41,0,362,1
EMP023,2026-02-07,37,Saturday,1,0,0,0,0,0,0,37,0,19,0,0,0,0,0,12,19,0,14,0,101,1
EMP023,2026-02-08,38,Sunday,1,0,0,0,0,0,0,0,0,0,0,0,0,0,0,0,0,0,0,0,0,1
EMP023,2026-02-09,39,Monday,0,0,0,0,0,0,0,89,0,57,0,0,0,0,0,28,49,0,46,0,269,1
EMP023,2026-02-10,40,Tuesday,0,0,0,0,0,0,0,132,0,76,0,0,0,0,0,38,63,0,30,0,339,1
EMP023,2026-02-11,41,Wednesday,0,0,0,0,0,0,0,117,0,33,0,0,0,0,0,21,44,0,23,0,238,1
EMP023,2026-02-12,42,Thursday,0,0,0,0,0,0,0,112,0,58,0,0,0,0,0,17,55,0,26,0,268,1
EMP023,2026-02-13,43,Friday,0,0,0,0,0,0,0,80,0,55,0,0,0,0,0,30,58,0,27,0,250,1
EMP023,2026-02-14,44,Saturday,1,0,0,0,0,0,0,33,0,17,0,0,0,0,0,8,19,0,8,0,85,1
EMP023,2026-02-15,45,Sunday,1,0,0,0,1,0,0,0,0,0,0,0,0,0,0,0,0,0,0,0,0,1
EMP023,2026-02-16,46,Monday,0,0,0,0,0,0,0,134,0,70,0,0,0,0,0,26,64,0,18,0,312,1
EMP023,2026-02-17,47,Tuesday,0,0,0,0,0,0,0,149,0,34,0,0,0,0,0,34,44,0,50,0,311,1
EMP023,2026-02-18,48,Wednesday,0,0,0,0,0,0,0,77,0,43,0,0,0,0,0,22,56,0,24,0,222,1
EMP023,2026-02-19,49,Thursday,0,0,0,0,0,0,0,97,0,50,0,0,0,0,0,24,59,0,31,0,261,1
EMP023,2026-02-20,50,Friday,0,0,0,0,0,0,0,127,0,52,0,0,0,0,0,29,49,0,24,0,281,1
EMP023,2026-02-21,51,Saturday,1,0,0,0,0,0,0,24,0,7,0,0,0,0,0,4,14,0,5,0,54,1
EMP023,2026-02-22,52,Sunday,1,0,0,0,0,0,0,0,0,0,0,0,0,0,0,0,0,0,0,0,0,1
EMP023,2026-02-23,53,Monday,0,0,1,0,0,0,0,11,0,3,0,0,0,0,0,1,5,0,3,0,23,1
EMP023,2026-02-24,54,Tuesday,0,0,0,0,0,0,0,89,0,42,0,0,0,0,0,29,72,0,44,0,276,1
EMP023,2026-02-25,55,Wednesday,0,0,0,0,0,0,0,112,0,35,0,0,0,0,0,20,52,0,41,0,260,1
EMP023,2026-02-26,56,Thursday,0,0,0,0,0,0,0,140,0,35,0,0,0,0,0,18,65,0,23,0,281,1
EMP023,2026-02-27,57,Friday,0,0,0,0,0,0,0,161,0,43,0,0,0,0,0,22,59,0,46,0,331,1
EMP023,2026-02-28,58,Saturday,1,0,0,0,0,0,0,55,0,13,0,0,0,0,0,16,27,0,14,0,125,1
EMP023,2026-03-01,59,Sunday,1,0,0,0,0,0,0,0,0,0,0,0,0,0,0,0,0,0,0,0,0,1
EMP023,2026-03-02,60,Monday,0,1,0,0,0,0,0,0,0,0,0,0,0,0,0,0,0,0,0,0,0,1
EMP023,2026-03-03,61,Tuesday,0,0,0,0,0,0,0,168,0,28,0,0,0,0,0,22,69,0,25,0,312,1
EMP023,2026-03-04,62,Wednesday,0,0,0,0,0,0,0,81,0,24,0,0,0,0,0,11,48,0,21,0,185,1
EMP023,2026-03-05,63,Thursday,0,0,0,0,0,0,0,132,0,65,0,0,0,0,0,8,60,0,26,0,291,1
EMP023,2026-03-06,64,Friday,0,0,0,0,0,0,0,146,0,22,0,0,0,0,0,16,60,0,45,0,289,1
EMP023,2026-03-07,65,Saturday,1,0,0,0,0,0,0,27,0,3,0,0,0,0,0,1,7,0,6,0,44,1
EMP023,2026-03-08,66,Sunday,1,0,0,0,0,0,0,0,0,0,0,0,0,0,0,0,0,0,0,0,0,1
EMP023,2026-03-09,67,Monday,0,0,0,0,0,0,0,146,0,9,0,0,0,0,0,5,43,0,39,0,242,1
EMP023,2026-03-10,68,Tuesday,0,0,0,0,0,0,0,108,0,12,0,0,0,0,0,9,74,0,26,0,229,1
EMP023,2026-03-11,69,Wednesday,0,0,0,0,0,0,0,78,0,11,0,0,0,0,0,7,35,0,27,0,158,1
EMP023,2026-03-12,70,Thursday,0,0,0,0,0,0,0,119,0,8,0,0,0,0,0,3,45,0,28,0,203,1
EMP023,2026-03-13,71,Friday,0,0,0,0,0,0,0,80,0,9,0,0,0,0,0,5,55,0,27,0,176,1
EMP023,2026-03-14,72,Saturday,1,0,0,0,0,0,0,48,0,20,0,0,0,0,0,1,22,0,8,0,99,1
EMP023,2026-03-15,73,Sunday,1,0,0,0,0,0,0,0,0,0,0,0,0,0,0,0,0,0,0,0,0,1
EMP023,2026-03-16,74,Monday,0,0,0,0,0,0,0,138,0,2,0,0,0,0,0,2,68,0,34,0,244,1
EMP023,2026-03-17,75,Tuesday,0,0,0,0,0,0,0,120,0,2,0,0,0,0,0,0,52,0,31,0,205,1
EMP023,2026-03-18,76,Wednesday,0,0,0,0,0,0,0,100,0,2,0,0,0,0,0,0,43,0,35,0,180,1
EMP023,2026-03-19,77,Thursday,0,0,0,0,0,0,0,96,0,2,0,0,0,0,0,1,44,0,35,0,178,1
EMP023,2026-03-20,78,Friday,0,0,0,0,0,0,0,158,0,2,0,0,0,0,0,1,74,0,26,0,261,1
EMP023,2026-03-21,79,Saturday,1,0,1,0,0,0,0,2,0,0,0,0,0,0,0,0,1,0,0,0,3,1
EMP023,2026-03-22,80,Sunday,1,0,0,0,0,0,0,0,0,0,0,0,0,0,0,0,0,0,0,0,0,1
EMP023,2026-03-23,81,Monday,0,0,0,1,0,0,0,0,0,0,0,0,0,0,0,0,0,0,0,0,0,1
EMP023,2026-03-24,82,Tuesday,0,0,0,0,0,0,0,117,0,1,0,0,0,0,0,1,51,0,37,0,207,1
EMP023,2026-03-25,83,Wednesday,0,0,0,0,0,0,0,235,0,2,0,0,0,0,0,2,65,0,50,0,354,1
EMP023,2026-03-26,84,Thursday,0,0,0,0,0,0,0,162,0,5,0,0,0,0,0,1,76,0,25,0,269,1
EMP023,2026-03-27,85,Friday,0,0,0,0,0,0,0,160,0,3,0,0,0,0,0,2,50,0,50,0,265,1
EMP023,2026-03-28,86,Saturday,1,0,0,0,0,0,0,92,0,1,0,0,0,0,0,1,20,0,25,0,139,1
EMP023,2026-03-29,87,Sunday,1,0,0,0,0,0,0,0,0,0,0,0,0,0,0,0,0,0,0,0,0,1
EMP023,2026-03-30,88,Monday,0,0,0,0,0,0,0,154,0,4,0,0,0,0,0,1,65,0,27,0,251,1
EMP023,2026-03-31,89,Tuesday,0,0,0,0,0,0,0,173,0,3,0,0,0,0,0,2,45,0,31,0,254,1
EMP024,2026-01-01,0,Thursday,0,1,0,0,0,0,0,0,0,0,0,0,0,0,0,0,0,0,0,0,0,0
EMP024,2026-01-02,1,Friday,0,0,0,0,0,0,0,114,0,63,0,0,0,0,0,26,73,0,29,0,305,0
EMP024,2026-01-03,2,Saturday,1,0,0,0,0,0,0,49,0,22,0,0,0,0,0,17,20,0,13,0,121,0
EMP024,2026-01-04,3,Sunday,1,0,0,0,0,0,0,0,0,0,0,0,0,0,0,0,0,0,0,0,0,0
EMP024,2026-01-05,4,Monday,0,0,0,0,0,0,0,53,0,30,0,0,0,0,0,13,18,0,11,0,125,0
EMP024,2026-01-06,5,Tuesday,0,0,0,0,0,0,0,98,0,58,0,0,0,0,0,36,42,0,29,0,263,0
EMP024,2026-01-07,6,Wednesday,0,0,0,0,0,0,0,85,0,54,0,0,0,0,0,25,42,0,28,0,234,0
EMP024,2026-01-08,7,Thursday,0,0,0,0,0,0,0,108,0,55,0,0,0,0,0,31,36,0,31,0,261,0
EMP024,2026-01-09,8,Friday,0,0,0,0,0,0,0,77,0,53,0,0,0,0,0,40,46,0,27,0,243,0
EMP024,2026-01-10,9,Saturday,1,0,0,0,0,0,0,46,0,26,0,0,0,0,0,11,12,0,12,0,107,0
EMP024,2026-01-11,10,Sunday,1,0,0,0,0,0,0,0,0,0,0,0,0,0,0,0,0,0,0,0,0,0
EMP024,2026-01-12,11,Monday,0,0,0,0,0,0,0,110,0,47,0,0,0,0,0,28,44,0,25,0,254,0
EMP024,2026-01-13,12,Tuesday,0,0,0,0,0,0,0,124,0,55,0,0,0,0,0,30,43,0,19,0,271,0
EMP024,2026-01-14,13,Wednesday,0,0,0,0,0,0,0,52,0,22,0,0,0,0,0,11,15,0,11,0,111,0
EMP024,2026-01-15,14,Thursday,0,0,0,0,0,0,0,75,0,54,0,0,0,0,0,22,45,0,25,0,221,0
EMP024,2026-01-16,15,Friday,0,0,0,0,0,0,0,108,0,58,0,0,0,0,0,27,51,0,17,0,261,0
EMP024,2026-01-17,16,Saturday,1,0,0,0,0,0,0,21,0,14,0,0,0,0,0,5,13,0,7,0,60,0
EMP024,2026-01-18,17,Sunday,1,0,0,0,0,0,0,0,0,0,0,0,0,0,0,0,0,0,0,0,0,0
EMP024,2026-01-19,18,Monday,0,0,0,0,0,0,0,125,0,60,0,0,0,0,0,34,58,0,38,0,315,0
EMP024,2026-01-20,19,Tuesday,0,0,0,0,0,0,0,83,0,70,0,0,0,0,0,29,41,0,31,0,254,0
EMP024,2026-01-21,20,Wednesday,0,0,0,0,0,0,0,69,0,54,0,0,0,0,0,21,37,0,25,0,206,0
EMP024,2026-01-22,21,Thursday,0,0,0,0,0,0,0,72,0,20,0,0,0,0,0,16,20,0,10,0,138,0
EMP024,2026-01-23,22,Friday,0,0,1,0,0,0,0,5,0,2,0,0,0,0,0,2,2,0,1,0,12,0
EMP024,2026-01-24,23,Saturday,1,0,0,0,0,0,0,35,0,19,0,0,0,0,0,9,12,0,6,0,81,0
EMP024,2026-01-25,24,Sunday,1,0,0,0,0,0,0,0,0,0,0,0,0,0,0,0,0,0,0,0,0,0
EMP024,2026-01-26,25,Monday,0,1,0,0,0,0,0,0,0,0,0,0,0,0,0,0,0,0,0,0,0,0
EMP024,2026-01-27,26,Tuesday,0,0,0,0,0,0,0,89,0,51,0,0,0,0,0,36,39,0,37,0,252,0
EMP024,2026-01-28,27,Wednesday,0,0,0,0,0,0,0,77,0,59,0,0,0,0,0,29,39,0,21,0,225,0
EMP024,2026-01-29,28,Thursday,0,0,0,0,0,0,0,132,0,78,0,0,0,0,0,49,42,0,32,0,333,0
EMP024,2026-01-30,29,Friday,0,0,0,0,0,0,0,153,0,67,0,0,0,0,0,35,36,0,25,0,316,0
EMP024,2026-01-31,30,Saturday,1,0,0,0,0,0,0,43,0,20,0,0,0,0,0,15,18,0,17,0,113,0
EMP024,2026-02-01,31,Sunday,1,0,0,0,0,0,0,0,0,0,0,0,0,0,0,0,0,0,0,0,0,0
EMP024,2026-02-02,32,Monday,0,0,0,0,0,0,0,162,0,58,0,0,0,0,0,44,44,0,43,0,351,0
EMP024,2026-02-03,33,Tuesday,0,0,0,0,0,0,0,165,0,56,0,0,0,0,0,45,55,0,23,0,344,0
EMP024,2026-02-04,34,Wednesday,0,0,0,0,0,0,0,137,0,45,0,0,0,0,0,28,46,0,28,0,284,0
EMP024,2026-02-05,35,Thursday,0,0,0,0,0,0,0,98,0,49,0,0,0,0,0,36,36,0,25,0,244,0
EMP024,2026-02-06,36,Friday,0,0,0,0,0,0,0,97,0,52,0,0,0,0,0,33,62,0,33,0,277,0
EMP024,2026-02-07,37,Saturday,1,0,0,0,0,0,0,45,0,26,0,0,0,0,0,12,15,0,10,0,108,0
EMP024,2026-02-08,38,Sunday,1,0,0,0,0,0,0,0,0,0,0,0,0,0,0,0,0,0,0,0,0,0
EMP024,2026-02-09,39,Monday,0,0,0,0,0,0,0,119,0,61,0,0,0,0,0,25,58,0,34,0,297,0
EMP024,2026-02-10,40,Tuesday,0,0,0,0,0,0,0,93,0,56,0,0,0,0,0,39,46,0,32,0,266,0
EMP024,2026-02-11,41,Wednesday,0,0,0,0,0,0,0,120,0,53,0,0,0,0,0,39,51,0,35,0,298,0
EMP024,2026-02-12,42,Thursday,0,0,0,0,0,0,0,114,0,62,0,0,0,0,0,28,35,0,16,0,255,0
EMP024,2026-02-13,43,Friday,0,0,0,0,0,0,0,119,0,56,0,0,0,0,0,22,57,0,20,0,274,0
EMP024,2026-02-14,44,Saturday,1,0,0,0,0,0,0,30,0,24,0,0,0,0,0,8,13,0,11,0,86,0
EMP024,2026-02-15,45,Sunday,1,0,0,0,1,0,0,0,0,0,0,0,0,0,0,0,0,0,0,0,0,0
EMP024,2026-02-16,46,Monday,0,0,0,0,0,0,0,140,0,55,0,0,0,0,0,28,34,0,24,0,281,0
EMP024,2026-02-17,47,Tuesday,0,0,0,0,0,0,0,141,0,70,0,0,0,0,0,46,46,0,36,0,339,0
EMP024,2026-02-18,48,Wednesday,0,0,0,0,0,0,0,110,0,51,0,0,0,0,0,25,51,0,35,0,272,0
EMP024,2026-02-19,49,Thursday,0,0,0,1,0,0,0,0,0,0,0,0,0,0,0,0,0,0,0,0,0,0
EMP024,2026-02-20,50,Friday,0,0,0,0,0,0,0,71,0,47,0,0,0,0,0,41,61,0,23,0,243,0
EMP024,2026-02-21,51,Saturday,1,0,0,0,0,0,0,50,0,22,0,0,0,0,0,14,21,0,5,0,112,0
EMP024,2026-02-22,52,Sunday,1,0,1,0,0,0,0,0,0,0,0,0,0,0,0,0,0,0,0,0,0,0
EMP024,2026-02-23,53,Monday,0,0,0,0,0,0,0,56,0,26,0,0,0,0,0,18,19,0,20,0,139,0
EMP024,2026-02-24,54,Tuesday,0,0,0,0,0,0,0,132,0,79,0,0,0,0,0,48,42,0,25,0,326,0
EMP024,2026-02-25,55,Wednesday,0,0,0,0,0,0,0,76,0,31,0,0,0,0,0,13,28,0,15,0,163,0
EMP024,2026-02-26,56,Thursday,0,0,0,0,0,0,0,136,0,94,0,0,0,0,0,27,41,0,19,0,317,0
EMP024,2026-02-27,57,Friday,0,0,0,0,0,0,0,48,0,34,0,0,0,0,0,24,29,0,8,0,143,0
EMP024,2026-02-28,58,Saturday,1,0,0,0,0,0,0,37,0,17,0,0,0,0,0,11,12,0,4,0,81,0
EMP024,2026-03-01,59,Sunday,1,0,0,0,0,0,0,0,0,0,0,0,0,0,0,0,0,0,0,0,0,0
EMP024,2026-03-02,60,Monday,0,1,0,0,0,0,0,0,0,0,0,0,0,0,0,0,0,0,0,0,0,0
EMP024,2026-03-03,61,Tuesday,0,0,0,0,0,0,0,158,0,85,0,0,0,0,0,31,75,0,37,0,386,0
EMP024,2026-03-04,62,Wednesday,0,0,0,0,0,0,0,103,0,39,0,0,0,0,0,30,56,0,27,0,255,0
EMP024,2026-03-05,63,Thursday,0,0,0,0,0,0,0,107,0,46,0,0,0,0,0,24,32,0,18,0,227,0
EMP024,2026-03-06,64,Friday,0,0,0,0,0,0,0,84,0,70,0,0,0,0,0,24,31,0,20,0,229,0
EMP024,2026-03-07,65,Saturday,1,0,0,0,0,0,0,34,0,24,0,0,0,0,0,8,16,0,12,0,94,0
EMP024,2026-03-08,66,Sunday,1,0,0,0,0,0,0,0,0,0,0,0,0,0,0,0,0,0,0,0,0,0
EMP024,2026-03-09,67,Monday,0,0,0,0,0,0,0,119,0,62,0,0,0,0,0,24,42,0,34,0,281,0
EMP024,2026-03-10,68,Tuesday,0,0,0,0,0,0,0,104,0,50,0,0,0,0,0,25,37,0,37,0,253,0
EMP024,2026-03-11,69,Wednesday,0,0,0,0,0,0,0,116,0,58,0,0,0,0,0,30,36,0,26,0,266,0
EMP024,2026-03-12,70,Thursday,0,0,1,0,0,0,0,5,0,2,0,0,0,0,0,1,2,0,1,0,11,0
EMP024,2026-03-13,71,Friday,0,0,0,0,0,0,0,82,0,57,0,0,0,0,0,39,33,0,15,0,226,0
EMP024,2026-03-14,72,Saturday,1,0,0,0,0,0,0,29,0,25,0,0,0,0,0,13,18,0,9,0,94,0
EMP024,2026-03-15,73,Sunday,1,0,0,0,0,0,0,0,0,0,0,0,0,0,0,0,0,0,0,0,0,0
EMP024,2026-03-16,74,Monday,0,0,0,0,0,0,0,110,0,80,0,0,0,0,0,40,43,0,17,0,290,0
EMP024,2026-03-17,75,Tuesday,0,0,0,0,0,0,0,105,0,58,0,0,0,0,0,40,37,0,29,0,269,0
EMP024,2026-03-18,76,Wednesday,0,0,0,0,0,0,0,72,0,56,0,0,0,0,0,24,51,0,26,0,229,0
EMP024,2026-03-19,77,Thursday,0,0,0,0,0,0,0,47,0,37,0,0,0,0,0,19,34,0,14,0,151,0
EMP024,2026-03-20,78,Friday,0,0,0,0,0,0,0,68,0,42,0,0,0,0,0,18,39,0,21,0,188,0
EMP024,2026-03-21,79,Saturday,1,0,0,0,0,0,0,37,0,20,0,0,0,0,0,11,22,0,12,0,102,0
EMP024,2026-03-22,80,Sunday,1,0,0,0,0,0,0,0,0,0,0,0,0,0,0,0,0,0,0,0,0,0
EMP024,2026-03-23,81,Monday,0,0,0,0,0,0,0,105,0,70,0,0,0,0,0,27,61,0,22,0,285,0
EMP024,2026-03-24,82,Tuesday,0,0,0,0,0,0,0,95,0,65,0,0,0,0,0,32,51,0,24,0,267,0
EMP024,2026-03-25,83,Wednesday,0,0,0,0,0,0,0,198,0,76,0,0,0,0,0,60,65,0,26,0,425,0
EMP024,2026-03-26,84,Thursday,0,0,0,0,0,0,0,255,0,83,0,0,0,0,0,53,79,0,34,0,504,0
EMP024,2026-03-27,85,Friday,0,0,0,0,0,0,0,298,0,92,0,0,0,0,0,83,42,0,40,0,555,0
EMP024,2026-03-28,86,Saturday,1,0,0,0,0,0,0,80,0,42,0,0,0,0,0,30,26,0,9,0,187,0
EMP024,2026-03-29,87,Sunday,1,0,0,0,0,0,0,0,0,0,0,0,0,0,0,0,0,0,0,0,0,0
EMP024,2026-03-30,88,Monday,0,0,0,0,0,0,0,134,0,92,0,0,0,0,0,39,58,0,31,0,354,0
EMP024,2026-03-31,89,Tuesday,0,0,0,0,0,0,0,240,0,87,0,0,0,0,0,41,66,0,39,0,473,0
EMP025,2026-01-01,0,Thursday,0,1,0,0,0,0,0,0,0,0,0,0,0,0,0,0,0,0,0,0,0,0
EMP025,2026-01-02,1,Friday,0,0,0,0,0,0,0,95,0,55,0,0,0,0,0,24,61,0,36,0,271,0
EMP025,2026-01-03,2,Saturday,1,0,0,0,0,0,0,46,0,16,0,0,0,0,0,15,23,0,8,0,108,0
EMP025,2026-01-04,3,Sunday,1,0,0,0,0,0,0,0,0,0,0,0,0,0,0,0,0,0,0,0,0,0
EMP025,2026-01-05,4,Monday,0,0,0,0,0,0,0,98,0,34,0,0,0,0,0,25,42,0,26,0,225,0
EMP025,2026-01-06,5,Tuesday,0,0,0,0,0,0,0,129,0,49,0,0,0,0,0,28,43,0,29,0,278,0
EMP025,2026-01-07,6,Wednesday,0,0,0,0,0,0,0,79,0,31,0,0,0,0,0,30,42,0,12,0,194,0
EMP025,2026-01-08,7,Thursday,0,0,0,0,0,0,0,87,0,34,0,0,0,0,0,20,37,0,13,0,191,0
EMP025,2026-01-09,8,Friday,0,0,1,0,0,0,0,7,0,3,0,0,0,0,0,2,2,0,1,0,15,0
EMP025,2026-01-10,9,Saturday,1,0,0,0,0,0,0,13,0,8,0,0,0,0,0,5,7,0,5,0,38,0
EMP025,2026-01-11,10,Sunday,1,0,0,0,0,0,0,0,0,0,0,0,0,0,0,0,0,0,0,0,0,0
EMP025,2026-01-12,11,Monday,0,0,0,0,0,0,0,85,0,35,0,0,0,0,0,32,32,0,18,0,202,0
EMP025,2026-01-13,12,Tuesday,0,0,0,1,0,0,0,0,0,0,0,0,0,0,0,0,0,0,0,0,0,0
EMP025,2026-01-14,13,Wednesday,0,0,0,0,0,0,0,66,0,41,0,0,0,0,0,25,29,0,14,0,175,0
EMP025,2026-01-15,14,Thursday,0,0,0,0,0,0,0,67,0,57,0,0,0,0,0,17,29,0,20,0,190,0
EMP025,2026-01-16,15,Friday,0,0,0,0,0,0,0,85,0,54,0,0,0,0,0,26,37,0,14,0,216,0
EMP025,2026-01-17,16,Saturday,1,0,0,0,0,0,0,31,0,14,0,0,0,0,0,9,12,0,6,0,72,0
EMP025,2026-01-18,17,Sunday,1,0,0,0,0,0,0,0,0,0,0,0,0,0,0,0,0,0,0,0,0,0
EMP025,2026-01-19,18,Monday,0,0,0,0,0,0,0,106,0,53,0,0,0,0,0,25,28,0,18,0,230,0
EMP025,2026-01-20,19,Tuesday,0,0,0,0,0,0,0,81,0,62,0,0,0,0,0,21,47,0,30,0,241,0
EMP025,2026-01-21,20,Wednesday,0,0,0,0,0,0,0,69,0,58,0,0,0,0,0,19,24,0,28,0,198,0
EMP025,2026-01-22,21,Thursday,0,0,0,0,0,0,0,34,0,18,0,0,0,0,0,15,20,0,6,0,93,0
EMP025,2026-01-23,22,Friday,0,0,0,0,0,0,0,40,0,33,0,0,0,0,0,12,17,0,14,0,116,0
EMP025,2026-01-24,23,Saturday,1,0,0,0,0,0,0,31,0,17,0,0,0,0,0,7,15,0,7,0,77,0
EMP025,2026-01-25,24,Sunday,1,0,0,0,0,0,0,0,0,0,0,0,0,0,0,0,0,0,0,0,0,0
EMP025,2026-01-26,25,Monday,0,1,0,0,0,0,0,0,0,0,0,0,0,0,0,0,0,0,0,0,0,0
EMP025,2026-01-27,26,Tuesday,0,0,0,0,0,0,0,92,0,50,0,0,0,0,0,19,29,0,30,0,220,0
EMP025,2026-01-28,27,Wednesday,0,0,0,0,0,0,0,83,0,55,0,0,0,0,0,23,34,0,27,0,222,0
EMP025,2026-01-29,28,Thursday,0,0,0,0,0,0,0,169,0,53,0,0,0,0,0,39,57,0,24,0,342,0
EMP025,2026-01-30,29,Friday,0,0,0,0,0,0,0,141,0,36,0,0,0,0,0,29,53,0,27,0,286,0
EMP025,2026-01-31,30,Saturday,1,0,0,0,0,0,0,34,0,17,0,0,0,0,0,11,12,0,6,0,80,0
EMP025,2026-02-01,31,Sunday,1,0,0,0,0,0,0,0,0,0,0,0,0,0,0,0,0,0,0,0,0,0
EMP025,2026-02-02,32,Monday,0,0,0,0,0,0,0,120,0,73,0,0,0,0,0,27,47,0,33,0,300,0
EMP025,2026-02-03,33,Tuesday,0,0,0,0,0,0,0,103,0,49,0,0,0,0,0,34,40,0,24,0,250,0
EMP025,2026-02-04,34,Wednesday,0,0,0,0,0,0,0,89,0,32,0,0,0,0,0,25,36,0,13,0,195,0
EMP025,2026-02-05,35,Thursday,0,0,0,0,0,0,0,86,0,44,0,0,0,0,0,27,23,0,33,0,213,0
EMP025,2026-02-06,36,Friday,0,0,0,0,0,0,0,83,0,57,0,0,0,0,0,32,31,0,15,0,218,0
EMP025,2026-02-07,37,Saturday,1,0,0,0,0,0,0,36,0,15,0,0,0,0,0,8,15,0,6,0,80,0
EMP025,2026-02-08,38,Sunday,1,0,0,0,0,0,0,0,0,0,0,0,0,0,0,0,0,0,0,0,0,0
EMP025,2026-02-09,39,Monday,0,0,0,0,0,0,0,75,0,57,0,0,0,0,0,23,33,0,30,0,218,0
EMP025,2026-02-10,40,Tuesday,0,0,0,0,0,0,0,73,0,58,0,0,0,0,0,25,39,0,32,0,227,0
EMP025,2026-02-11,41,Wednesday,0,0,0,0,0,0,0,76,0,44,0,0,0,0,0,30,41,0,27,0,218,0
EMP025,2026-02-12,42,Thursday,0,0,0,0,0,0,0,97,0,36,0,0,0,0,0,20,38,0,19,0,210,0
EMP025,2026-02-13,43,Friday,0,0,0,0,0,0,0,65,0,34,0,0,0,0,0,27,39,0,19,0,184,0
EMP025,2026-02-14,44,Saturday,1,0,0,0,0,0,0,30,0,15,0,0,0,0,0,9,13,0,9,0,76,0
EMP025,2026-02-15,45,Sunday,1,0,0,0,1,0,0,0,0,0,0,0,0,0,0,0,0,0,0,0,0,0
EMP025,2026-02-16,46,Monday,0,0,0,0,0,0,0,78,0,52,0,0,0,0,0,23,28,0,26,0,207,0
EMP025,2026-02-17,47,Tuesday,0,0,0,0,0,0,0,77,0,46,0,0,0,0,0,27,33,0,18,0,201,0
EMP025,2026-02-18,48,Wednesday,0,0,0,0,0,0,0,65,0,39,0,0,0,0,0,21,30,0,15,0,170,0
EMP025,2026-02-19,49,Thursday,0,0,0,0,0,0,0,67,0,51,0,0,0,0,0,30,29,0,21,0,198,0
EMP025,2026-02-20,50,Friday,0,0,0,0,0,0,0,86,0,45,0,0,0,0,0,25,42,0,16,0,214,0
EMP025,2026-02-21,51,Saturday,1,0,0,0,0,0,0,26,0,15,0,0,0,0,0,11,12,0,4,0,68,0
EMP025,2026-02-22,52,Sunday,1,0,0,0,0,0,0,0,0,0,0,0,0,0,0,0,0,0,0,0,0,0
EMP025,2026-02-23,53,Monday,0,0,0,0,0,0,0,94,0,48,0,0,0,0,0,20,39,0,31,0,232,0
EMP025,2026-02-24,54,Tuesday,0,0,0,0,0,0,0,104,0,55,0,0,0,0,0,36,53,0,15,0,263,0
EMP025,2026-02-25,55,Wednesday,0,0,0,0,0,0,0,60,0,37,0,0,0,0,0,19,29,0,24,0,169,0
EMP025,2026-02-26,56,Thursday,0,0,0,0,0,0,0,127,0,59,0,0,0,0,0,33,50,0,32,0,301,0
EMP025,2026-02-27,57,Friday,0,0,0,0,0,0,0,86,0,81,0,0,0,0,0,29,33,0,31,0,260,0
EMP025,2026-02-28,58,Saturday,1,0,0,0,0,0,0,57,0,26,0,0,0,0,0,9,20,0,14,0,126,0
EMP025,2026-03-01,59,Sunday,1,0,0,0,0,0,0,0,0,0,0,0,0,0,0,0,0,0,0,0,0,0
EMP025,2026-03-02,60,Monday,0,1,0,0,0,0,0,0,0,0,0,0,0,0,0,0,0,0,0,0,0,0
EMP025,2026-03-03,61,Tuesday,0,0,0,0,0,0,0,56,0,35,0,0,0,0,0,20,28,0,20,0,159,0
EMP025,2026-03-04,62,Wednesday,0,0,1,0,0,0,0,7,0,4,0,0,0,0,0,2,2,0,1,0,16,0
EMP025,2026-03-05,63,Thursday,0,0,0,0,0,0,0,101,0,39,0,0,0,0,0,20,29,0,30,0,219,0
EMP025,2026-03-06,64,Friday,0,0,0,1,0,0,0,0,0,0,0,0,0,0,0,0,0,0,0,0,0,0
EMP025,2026-03-07,65,Saturday,1,0,0,0,0,0,0,22,0,14,0,0,0,0,0,10,9,0,10,0,65,0
EMP025,2026-03-08,66,Sunday,1,0,0,0,0,0,0,0,0,0,0,0,0,0,0,0,0,0,0,0,0,0
EMP025,2026-03-09,67,Monday,0,0,0,0,0,0,0,98,0,34,0,0,0,0,0,26,42,0,31,0,231,0
EMP025,2026-03-10,68,Tuesday,0,0,0,0,0,0,0,91,0,41,0,0,0,0,0,25,29,0,30,0,216,0
EMP025,2026-03-11,69,Wednesday,0,0,0,0,0,0,0,94,0,48,0,0,0,0,0,32,39,0,16,0,229,0
EMP025,2026-03-12,70,Thursday,0,0,0,0,0,0,0,60,0,42,0,0,0,0,0,19,33,0,19,0,173,0
EMP025,2026-03-13,71,Friday,0,0,0,0,0,0,0,91,0,39,0,0,0,0,0,20,29,0,18,0,197,0
EMP025,2026-03-14,72,Saturday,1,0,0,0,0,0,0,27,0,19,0,0,0,0,0,11,16,0,9,0,82,0
EMP025,2026-03-15,73,Sunday,1,0,0,0,0,0,0,0,0,0,0,0,0,0,0,0,0,0,0,0,0,0
EMP025,2026-03-16,74,Monday,0,0,0,0,0,0,0,74,0,56,0,0,0,0,0,32,41,0,25,0,228,0
EMP025,2026-03-17,75,Tuesday,0,0,0,0,0,0,0,104,0,60,0,0,0,0,0,23,31,0,15,0,233,0
EMP025,2026-03-18,76,Wednesday,0,0,0,0,0,0,0,53,0,44,0,0,0,0,0,25,41,0,13,0,176,0
EMP025,2026-03-19,77,Thursday,0,0,0,1,0,0,0,0,0,0,0,0,0,0,0,0,0,0,0,0,0,0
EMP025,2026-03-20,78,Friday,0,0,0,0,0,0,0,69,0,50,0,0,0,0,0,25,31,0,27,0,202,0
EMP025,2026-03-21,79,Saturday,1,0,0,0,0,0,0,24,0,15,0,0,0,0,0,12,12,0,11,0,74,0
EMP025,2026-03-22,80,Sunday,1,0,0,0,0,0,0,0,0,0,0,0,0,0,0,0,0,0,0,0,0,0
EMP025,2026-03-23,81,Monday,0,0,0,0,0,0,0,51,0,36,0,0,0,0,0,22,23,0,12,0,144,0
EMP025,2026-03-24,82,Tuesday,0,0,0,0,0,0,0,90,0,59,0,0,0,0,0,22,45,0,30,0,246,0
EMP025,2026-03-25,83,Wednesday,0,0,0,0,0,0,0,169,0,85,0,0,0,0,0,37,45,0,26,0,362,0
EMP025,2026-03-26,84,Thursday,0,0,0,0,0,0,0,84,0,60,0,0,0,0,0,23,28,0,19,0,214,0
EMP025,2026-03-27,85,Friday,0,0,0,0,0,0,0,162,0,110,0,0,0,0,0,55,60,0,21,0,408,0
EMP025,2026-03-28,86,Saturday,1,0,0,0,0,0,0,73,0,28,0,0,0,0,0,20,13,0,6,0,140,0
EMP025,2026-03-29,87,Sunday,1,0,0,0,0,0,0,0,0,0,0,0,0,0,0,0,0,0,0,0,0,0
EMP025,2026-03-30,88,Monday,0,0,0,0,0,0,0,114,0,77,0,0,0,0,0,45,36,0,34,0,306,0
EMP025,2026-03-31,89,Tuesday,0,0,0,0,0,0,0,199,0,98,0,0,0,0,0,60,43,0,35,0,435,0
EMP026,2026-01-01,0,Thursday,0,1,0,0,0,0,0,0,0,0,0,0,0,0,0,0,0,0,0,0,0,0
EMP026,2026-01-02,1,Friday,0,0,0,0,0,0,0,161,0,87,0,0,0,0,0,50,62,0,34,0,394,0
EMP026,2026-01-03,2,Saturday,1,0,0,0,0,0,0,44,0,32,0,0,0,0,0,16,23,0,12,0,127,0
EMP026,2026-01-04,3,Sunday,1,0,0,0,0,0,0,0,0,0,0,0,0,0,0,0,0,0,0,0,0,0
EMP026,2026-01-05,4,Monday,0,0,0,0,0,0,0,95,0,49,0,0,0,0,0,26,42,0,19,0,231,0
EMP026,2026-01-06,5,Tuesday,0,0,0,0,0,0,0,105,0,69,0,0,0,0,0,34,35,0,23,0,266,0
EMP026,2026-01-07,6,Wednesday,0,0,0,0,0,0,0,78,0,58,0,0,0,0,0,29,51,0,31,0,247,0
EMP026,2026-01-08,7,Thursday,0,0,1,0,0,0,0,6,0,2,0,0,0,0,0,1,1,0,0,0,10,0
EMP026,2026-01-09,8,Friday,0,0,0,0,0,0,0,83,0,42,0,0,0,0,0,34,49,0,25,0,233,0
EMP026,2026-01-10,9,Saturday,1,0,0,0,0,0,0,32,0,25,0,0,0,0,0,10,19,0,7,0,93,0
EMP026,2026-01-11,10,Sunday,1,0,0,0,0,0,0,0,0,0,0,0,0,0,0,0,0,0,0,0,0,0
EMP026,2026-01-12,11,Monday,0,0,0,0,0,0,0,89,0,47,0,0,0,0,0,22,33,0,36,0,227,0
EMP026,2026-01-13,12,Tuesday,0,0,0,0,0,0,0,114,0,74,0,0,0,0,0,29,39,0,21,0,277,0
EMP026,2026-01-14,13,Wednesday,0,0,0,0,0,0,0,99,0,48,0,0,0,0,0,34,31,0,23,0,235,0
EMP026,2026-01-15,14,Thursday,0,0,0,0,0,0,0,61,0,23,0,0,0,0,0,11,14,0,9,0,118,0
EMP026,2026-01-16,15,Friday,0,0,1,0,0,0,0,11,0,3,0,0,0,0,0,3,4,0,1,0,22,0
EMP026,2026-01-17,16,Saturday,1,0,0,0,0,0,0,28,0,26,0,0,0,0,0,8,13,0,8,0,83,0
EMP026,2026-01-18,17,Sunday,1,0,0,0,0,0,0,0,0,0,0,0,0,0,0,0,0,0,0,0,0,0
EMP026,2026-01-19,18,Monday,0,0,1,0,0,0,0,7,0,4,0,0,0,0,0,1,2,0,1,0,15,0
EMP026,2026-01-20,19,Tuesday,0,0,0,0,0,0,0,68,0,23,0,0,0,0,0,22,18,0,15,0,146,0
EMP026,2026-01-21,20,Wednesday,0,0,0,0,0,0,0,78,0,49,0,0,0,0,0,29,50,0,19,0,225,0
EMP026,2026-01-22,21,Thursday,0,0,0,0,0,0,0,73,0,70,0,0,0,0,0,29,40,0,32,0,244,0
EMP026,2026-01-23,22,Friday,0,0,0,0,0,0,0,122,0,71,0,0,0,0,0,23,41,0,30,0,287,0
EMP026,2026-01-24,23,Saturday,1,0,0,0,0,0,0,40,0,20,0,0,0,0,0,11,12,0,12,0,95,0
EMP026,2026-01-25,24,Sunday,1,0,0,0,0,0,0,0,0,0,0,0,0,0,0,0,0,0,0,0,0,0
EMP026,2026-01-26,25,Monday,0,1,0,0,0,0,0,0,0,0,0,0,0,0,0,0,0,0,0,0,0,0
EMP026,2026-01-27,26,Tuesday,0,0,0,0,0,0,0,83,0,55,0,0,0,0,0,25,39,0,24,0,226,0
EMP026,2026-01-28,27,Wednesday,0,0,0,0,0,0,0,117,0,61,0,0,0,0,0,38,47,0,31,0,294,0
EMP026,2026-01-29,28,Thursday,0,0,0,0,0,0,0,144,0,73,0,0,0,0,0,51,42,0,31,0,341,0
EMP026,2026-01-30,29,Friday,0,0,0,0,0,0,0,222,0,64,0,0,0,0,0,35,58,0,32,0,411,0
EMP026,2026-01-31,30,Saturday,1,0,0,0,0,0,0,29,0,16,0,0,0,0,0,6,9,0,6,0,66,0
EMP026,2026-02-01,31,Sunday,1,0,0,0,0,0,0,0,0,0,0,0,0,0,0,0,0,0,0,0,0,0
EMP026,2026-02-02,32,Monday,0,0,0,0,0,0,0,137,0,54,0,0,0,0,0,46,46,0,25,0,308,0
EMP026,2026-02-03,33,Tuesday,0,0,0,0,0,0,0,162,0,85,0,0,0,0,0,35,60,0,37,0,379,0
EMP026,2026-02-04,34,Wednesday,0,0,0,0,0,0,0,94,0,65,0,0,0,0,0,37,44,0,14,0,254,0
EMP026,2026-02-05,35,Thursday,0,0,0,0,0,0,0,96,0,58,0,0,0,0,0,31,47,0,29,0,261,0
EMP026,2026-02-06,36,Friday,0,0,0,0,0,0,0,123,0,41,0,0,0,0,0,44,38,0,35,0,281,0
EMP026,2026-02-07,37,Saturday,1,0,0,0,0,0,0,46,0,28,0,0,0,0,0,13,14,0,9,0,110,0
EMP026,2026-02-08,38,Sunday,1,0,0,0,0,0,0,0,0,0,0,0,0,0,0,0,0,0,0,0,0,0
EMP026,2026-02-09,39,Monday,0,0,0,0,0,0,0,118,0,73,0,0,0,0,0,23,40,0,29,0,283,0
EMP026,2026-02-10,40,Tuesday,0,0,0,0,0,0,0,88,0,79,0,0,0,0,0,47,56,0,31,0,301,0
EMP026,2026-02-11,41,Wednesday,0,0,0,0,0,0,0,70,0,46,0,0,0,0,0,39,42,0,33,0,230,0
EMP026,2026-02-12,42,Thursday,0,0,0,0,0,0,0,67,0,59,0,0,0,0,0,23,47,0,18,0,214,0
EMP026,2026-02-13,43,Friday,0,0,0,0,0,0,0,79,0,71,0,0,0,0,0,43,50,0,14,0,257,0
EMP026,2026-02-14,44,Saturday,1,0,0,0,0,0,0,32,0,17,0,0,0,0,0,15,14,0,5,0,83,0
EMP026,2026-02-15,45,Sunday,1,0,0,0,1,0,0,0,0,0,0,0,0,0,0,0,0,0,0,0,0,0
EMP026,2026-02-16,46,Monday,0,0,0,0,0,0,0,89,0,63,0,0,0,0,0,28,39,0,21,0,240,0
EMP026,2026-02-17,47,Tuesday,0,0,0,0,0,0,0,93,0,72,0,0,0,0,0,28,57,0,26,0,276,0
EMP026,2026-02-18,48,Wednesday,0,0,0,0,0,0,0,117,0,60,0,0,0,0,0,23,35,0,32,0,267,0
EMP026,2026-02-19,49,Thursday,0,0,0,0,0,0,0,94,0,64,0,0,0,0,0,21,49,0,24,0,252,0
EMP026,2026-02-20,50,Friday,0,0,0,0,0,0,0,97,0,56,0,0,0,0,0,33,51,0,35,0,272,0
EMP026,2026-02-21,51,Saturday,1,0,0,0,0,0,0,33,0,22,0,0,0,0,0,10,18,0,9,0,92,0
EMP026,2026-02-22,52,Sunday,1,0,0,0,0,0,0,0,0,0,0,0,0,0,0,0,0,0,0,0,0,0
EMP026,2026-02-23,53,Monday,0,0,0,0,0,0,0,91,0,56,0,0,0,0,0,29,35,0,35,0,246,0
EMP026,2026-02-24,54,Tuesday,0,0,0,0,0,0,0,96,0,56,0,0,0,0,0,39,49,0,37,0,277,0
EMP026,2026-02-25,55,Wednesday,0,0,0,0,0,0,0,88,0,68,0,0,0,0,0,33,33,0,35,0,257,0
EMP026,2026-02-26,56,Thursday,0,0,0,0,0,0,0,123,0,67,0,0,0,0,0,21,55,0,28,0,294,0
EMP026,2026-02-27,57,Friday,0,0,0,0,0,0,0,86,0,80,0,0,0,0,0,30,44,0,18,0,258,0
EMP026,2026-02-28,58,Saturday,1,0,0,0,0,0,0,82,0,27,0,0,0,0,0,14,20,0,9,0,152,0
EMP026,2026-03-01,59,Sunday,1,0,0,0,0,0,0,0,0,0,0,0,0,0,0,0,0,0,0,0,0,0
EMP026,2026-03-02,60,Monday,0,1,0,0,0,0,0,0,0,0,0,0,0,0,0,0,0,0,0,0,0,0
EMP026,2026-03-03,61,Tuesday,0,0,0,0,0,0,0,142,0,104,0,0,0,0,0,38,34,0,30,0,348,0
EMP026,2026-03-04,62,Wednesday,0,0,0,0,0,0,0,91,0,59,0,0,0,0,0,21,55,0,16,0,242,0
EMP026,2026-03-05,63,Thursday,0,0,0,0,0,0,0,99,0,59,0,0,0,0,0,24,35,0,21,0,238,0
EMP026,2026-03-06,64,Friday,0,0,0,0,0,0,0,117,0,63,0,0,0,0,0,34,58,0,20,0,292,0
EMP026,2026-03-07,65,Saturday,1,0,0,0,0,0,0,46,0,17,0,0,0,0,0,10,14,0,8,0,95,0
EMP026,2026-03-08,66,Sunday,1,0,0,0,0,0,0,0,0,0,0,0,0,0,0,0,0,0,0,0,0,0
EMP026,2026-03-09,67,Monday,0,0,0,0,0,0,0,96,0,41,0,0,0,0,0,34,38,0,16,0,225,0
EMP026,2026-03-10,68,Tuesday,0,0,0,1,0,0,0,0,0,0,0,0,0,0,0,0,0,0,0,0,0,0
EMP026,2026-03-11,69,Wednesday,0,0,0,0,0,0,0,58,0,37,0,0,0,0,0,17,19,0,12,0,143,0
EMP026,2026-03-12,70,Thursday,0,0,0,0,0,0,0,103,0,39,0,0,0,0,0,21,40,0,21,0,224,0
EMP026,2026-03-13,71,Friday,0,0,0,0,0,0,0,94,0,53,0,0,0,0,0,22,45,0,20,0,234,0
EMP026,2026-03-14,72,Saturday,1,0,0,0,0,0,0,32,0,20,0,0,0,0,0,9,11,0,8,0,80,0
EMP026,2026-03-15,73,Sunday,1,0,0,0,0,0,0,0,0,0,0,0,0,0,0,0,0,0,0,0,0,0
EMP026,2026-03-16,74,Monday,0,0,0,0,0,0,0,118,0,39,0,0,0,0,0,34,57,0,30,0,278,0
EMP026,2026-03-17,75,Tuesday,0,0,0,0,0,0,0,139,0,66,0,0,0,0,0,43,59,0,25,0,332,0
EMP026,2026-03-18,76,Wednesday,0,0,0,0,0,0,0,48,0,26,0,0,0,0,0,16,19,0,15,0,124,0
EMP026,2026-03-19,77,Thursday,0,0,0,0,0,0,0,112,0,67,0,0,0,0,0,25,52,0,22,0,278,0
EMP026,2026-03-20,78,Friday,0,0,0,0,0,0,0,99,0,48,0,0,0,0,0,30,44,0,35,0,256,0
EMP026,2026-03-21,79,Saturday,1,0,0,0,0,0,0,30,0,24,0,0,0,0,0,10,16,0,9,0,89,0
EMP026,2026-03-22,80,Sunday,1,0,0,0,0,0,0,0,0,0,0,0,0,0,0,0,0,0,0,0,0,0
EMP026,2026-03-23,81,Monday,0,0,0,0,0,0,0,127,0,71,0,0,0,0,0,30,50,0,28,0,306,0
EMP026,2026-03-24,82,Tuesday,0,0,0,0,0,0,0,113,0,74,0,0,0,0,0,34,58,0,26,0,305,0
EMP026,2026-03-25,83,Wednesday,0,0,0,0,0,0,0,76,0,68,0,0,0,0,0,33,36,0,16,0,229,0
EMP026,2026-03-26,84,Thursday,0,0,0,0,0,0,0,161,0,135,0,0,0,0,0,47,66,0,36,0,445,0
EMP026,2026-03-27,85,Friday,0,0,0,0,0,0,0,248,0,124,0,0,0,0,0,92,62,0,24,0,550,0
EMP026,2026-03-28,86,Saturday,1,0,0,0,0,0,0,58,0,46,0,0,0,0,0,17,29,0,11,0,161,0
EMP026,2026-03-29,87,Sunday,1,0,0,0,0,0,0,0,0,0,0,0,0,0,0,0,0,0,0,0,0,0
EMP026,2026-03-30,88,Monday,0,0,0,0,0,0,0,157,0,96,0,0,0,0,0,60,50,0,36,0,399,0
EMP026,2026-03-31,89,Tuesday,0,0,0,0,0,0,0,164,0,130,0,0,0,0,0,71,67,0,46,0,478,0
EMP027,2026-01-01,0,Thursday,0,1,0,0,0,0,0,0,0,0,0,0,0,0,0,0,0,0,0,0,0,0
EMP027,2026-01-02,1,Friday,0,0,0,0,0,0,0,163,0,54,0,0,0,0,0,47,57,0,42,0,363,0
EMP027,2026-01-03,2,Saturday,1,0,0,0,0,0,0,44,0,32,0,0,0,0,0,18,18,0,8,0,120,0
EMP027,2026-01-04,3,Sunday,1,0,0,0,0,0,0,0,0,0,0,0,0,0,0,0,0,0,0,0,0,0
EMP027,2026-01-05,4,Monday,0,0,0,0,0,0,0,163,0,83,0,0,0,0,0,26,55,0,36,0,363,0
EMP027,2026-01-06,5,Tuesday,0,0,0,0,0,0,0,95,0,71,0,0,0,0,0,34,46,0,35,0,281,0
EMP027,2026-01-07,6,Wednesday,0,0,0,0,0,0,0,74,0,52,0,0,0,0,0,36,36,0,26,0,224,0
EMP027,2026-01-08,7,Thursday,0,0,0,0,0,0,0,80,0,50,0,0,0,0,0,31,44,0,38,0,243,0
EMP027,2026-01-09,8,Friday,0,0,0,0,0,0,0,104,0,77,0,0,0,0,0,49,49,0,20,0,299,0
EMP027,2026-01-10,9,Saturday,1,0,0,0,0,0,0,29,0,31,0,0,0,0,0,10,24,0,11,0,105,0
EMP027,2026-01-11,10,Sunday,1,0,0,0,0,0,0,0,0,0,0,0,0,0,0,0,0,0,0,0,0,0
EMP027,2026-01-12,11,Monday,0,0,0,0,0,0,0,91,0,72,0,0,0,0,0,25,40,0,31,0,259,0
EMP027,2026-01-13,12,Tuesday,0,0,0,0,0,0,0,136,0,59,0,0,0,0,0,30,41,0,21,0,287,0
EMP027,2026-01-14,13,Wednesday,0,0,0,0,0,0,0,127,0,60,0,0,0,0,0,20,41,0,31,0,279,0
EMP027,2026-01-15,14,Thursday,0,0,0,0,0,0,0,141,0,67,0,0,0,0,0,27,37,0,19,0,291,0
EMP027,2026-01-16,15,Friday,0,0,0,1,0,0,0,0,0,0,0,0,0,0,0,0,0,0,0,0,0,0
EMP027,2026-01-17,16,Saturday,1,0,0,0,0,0,0,53,0,22,0,0,0,0,0,18,19,0,12,0,124,0
EMP027,2026-01-18,17,Sunday,1,0,0,0,0,0,0,0,0,0,0,0,0,0,0,0,0,0,0,0,0,0
EMP027,2026-01-19,18,Monday,0,0,0,0,0,0,0,112,0,68,0,0,0,0,0,39,51,0,36,0,306,0
EMP027,2026-01-20,19,Tuesday,0,0,0,0,0,0,0,97,0,66,0,0,0,0,0,43,42,0,43,0,291,0
EMP027,2026-01-21,20,Wednesday,0,0,0,0,0,0,0,139,0,69,0,0,0,0,0,46,44,0,34,0,332,0
EMP027,2026-01-22,21,Thursday,0,0,0,0,0,0,0,95,0,77,0,0,0,0,0,42,32,0,24,0,270,0
EMP027,2026-01-23,22,Friday,0,0,0,0,0,0,0,137,0,89,0,0,0,0,0,27,49,0,36,0,338,0
EMP027,2026-01-24,23,Saturday,1,0,0,0,0,0,0,45,0,23,0,0,0,0,0,11,25,0,8,0,112,0
EMP027,2026-01-25,24,Sunday,1,0,0,0,0,0,0,0,0,0,0,0,0,0,0,0,0,0,0,0,0,0
EMP027,2026-01-26,25,Monday,0,1,0,0,0,0,0,0,0,0,0,0,0,0,0,0,0,0,0,0,0,0
EMP027,2026-01-27,26,Tuesday,0,0,1,0,0,0,0,7,0,5,0,0,0,0,0,3,4,0,2,0,21,0
EMP027,2026-01-28,27,Wednesday,0,0,0,0,0,0,0,85,0,56,0,0,0,0,0,44,52,0,35,0,272,0
EMP027,2026-01-29,28,Thursday,0,0,0,0,0,0,0,243,0,97,0,0,0,0,0,51,45,0,48,0,484,0
EMP027,2026-01-30,29,Friday,0,0,0,0,0,0,0,257,0,106,0,0,0,0,0,43,49,0,52,0,507,0
EMP027,2026-01-31,30,Saturday,1,0,0,0,0,0,0,41,0,26,0,0,0,0,0,12,16,0,10,0,105,0
EMP027,2026-02-01,31,Sunday,1,0,0,0,0,0,0,0,0,0,0,0,0,0,0,0,0,0,0,0,0,0
EMP027,2026-02-02,32,Monday,0,0,0,0,0,0,0,109,0,85,0,0,0,0,0,37,56,0,22,0,309,0
EMP027,2026-02-03,33,Tuesday,0,0,0,0,0,0,0,192,0,109,0,0,0,0,0,55,61,0,46,0,463,0
EMP027,2026-02-04,34,Wednesday,0,0,0,0,0,0,0,114,0,67,0,0,0,0,0,39,40,0,21,0,281,0
EMP027,2026-02-05,35,Thursday,0,0,0,0,0,0,0,118,0,76,0,0,0,0,0,45,68,0,22,0,329,0
EMP027,2026-02-06,36,Friday,0,0,0,0,0,0,0,82,0,78,0,0,0,0,0,36,55,0,26,0,277,0
EMP027,2026-02-07,37,Saturday,1,0,0,0,0,0,0,41,0,28,0,0,0,0,0,16,14,0,12,0,111,0
EMP027,2026-02-08,38,Sunday,1,0,0,0,0,0,0,0,0,0,0,0,0,0,0,0,0,0,0,0,0,0
EMP027,2026-02-09,39,Monday,0,0,0,0,0,0,0,129,0,83,0,0,0,0,0,29,60,0,40,0,341,0
EMP027,2026-02-10,40,Tuesday,0,0,0,0,0,0,0,100,0,92,0,0,0,0,0,54,37,0,39,0,322,0
EMP027,2026-02-11,41,Wednesday,0,0,0,0,0,0,0,135,0,57,0,0,0,0,0,32,44,0,20,0,288,0
EMP027,2026-02-12,42,Thursday,0,0,0,0,0,0,0,112,0,57,0,0,0,0,0,24,42,0,21,0,256,0
EMP027,2026-02-13,43,Friday,0,0,0,0,0,0,0,86,0,56,0,0,0,0,0,43,44,0,37,0,266,0
EMP027,2026-02-14,44,Saturday,1,0,0,0,0,0,0,43,0,27,0,0,0,0,0,9,13,0,9,0,101,0
EMP027,2026-02-15,45,Sunday,1,0,0,0,1,0,0,0,0,0,0,0,0,0,0,0,0,0,0,0,0,0
EMP027,2026-02-16,46,Monday,0,0,0,0,0,0,0,98,0,87,0,0,0,0,0,39,40,0,40,0,304,0
EMP027,2026-02-17,47,Tuesday,0,0,0,0,0,0,0,93,0,79,0,0,0,0,0,29,66,0,21,0,288,0
EMP027,2026-02-18,48,Wednesday,0,0,0,0,0,0,0,92,0,43,0,0,0,0,0,26,51,0,39,0,251,0
EMP027,2026-02-19,49,Thursday,0,0,0,0,0,0,0,148,0,72,0,0,0,0,0,27,43,0,44,0,334,0
EMP027,2026-02-20,50,Friday,0,0,0,0,0,0,0,155,0,64,0,0,0,0,0,37,56,0,37,0,349,0
EMP027,2026-02-21,51,Saturday,1,0,0,0,0,0,0,57,0,25,0,0,0,0,0,12,29,0,16,0,139,0
EMP027,2026-02-22,52,Sunday,1,0,0,0,0,0,0,0,0,0,0,0,0,0,0,0,0,0,0,0,0,0
EMP027,2026-02-23,53,Monday,0,0,1,0,0,0,0,5,0,5,0,0,0,0,0,1,2,0,2,0,15,0
EMP027,2026-02-24,54,Tuesday,0,0,0,0,0,0,0,111,0,89,0,0,0,0,0,42,64,0,23,0,329,0
EMP027,2026-02-25,55,Wednesday,0,0,0,0,0,0,0,92,0,57,0,0,0,0,0,28,63,0,23,0,263,0
EMP027,2026-02-26,56,Thursday,0,0,0,0,0,0,0,123,0,86,0,0,0,0,0,34,77,0,29,0,349,0
EMP027,2026-02-27,57,Friday,0,0,0,0,0,0,0,116,0,59,0,0,0,0,0,33,78,0,34,0,320,0
EMP027,2026-02-28,58,Saturday,1,0,0,0,0,0,0,49,0,20,0,0,0,0,0,5,10,0,7,0,91,0
EMP027,2026-03-01,59,Sunday,1,0,0,0,0,0,0,0,0,0,0,0,0,0,0,0,0,0,0,0,0,0
EMP027,2026-03-02,60,Monday,0,1,0,0,0,0,0,0,0,0,0,0,0,0,0,0,0,0,0,0,0,0
EMP027,2026-03-03,61,Tuesday,0,0,0,0,0,0,0,139,0,117,0,0,0,0,0,38,73,0,28,0,395,0
EMP027,2026-03-04,62,Wednesday,0,0,0,0,0,0,0,124,0,72,0,0,0,0,0,40,48,0,20,0,304,0
EMP027,2026-03-05,63,Thursday,0,0,0,0,0,0,0,126,0,73,0,0,0,0,0,28,41,0,39,0,307,0
EMP027,2026-03-06,64,Friday,0,0,0,0,0,0,0,111,0,97,0,0,0,0,0,29,36,0,30,0,303,0
EMP027,2026-03-07,65,Saturday,1,0,0,0,0,0,0,37,0,18,0,0,0,0,0,9,20,0,12,0,96,0
EMP027,2026-03-08,66,Sunday,1,0,0,0,0,0,0,0,0,0,0,0,0,0,0,0,0,0,0,0,0,0
EMP027,2026-03-09,67,Monday,0,0,0,0,0,0,0,112,0,75,0,0,0,0,0,40,46,0,44,0,317,0
EMP027,2026-03-10,68,Tuesday,0,0,0,0,0,0,0,91,0,79,0,0,0,0,0,34,64,0,29,0,297,0
EMP027,2026-03-11,69,Wednesday,0,0,0,0,0,0,0,118,0,77,0,0,0,0,0,37,60,0,28,0,320,0
EMP027,2026-03-12,70,Thursday,0,0,0,0,0,0,0,97,0,58,0,0,0,0,0,44,43,0,30,0,272,0
EMP027,2026-03-13,71,Friday,0,0,0,0,0,0,0,127,0,66,0,0,0,0,0,25,48,0,30,0,296,0
EMP027,2026-03-14,72,Saturday,1,0,0,0,0,0,0,37,0,29,0,0,0,0,0,18,17,0,6,0,107,0
EMP027,2026-03-15,73,Sunday,1,0,0,0,0,0,0,0,0,0,0,0,0,0,0,0,0,0,0,0,0,0
EMP027,2026-03-16,74,Monday,0,0,0,0,0,0,0,86,0,70,0,0,0,0,0,43,63,0,39,0,301,0
EMP027,2026-03-17,75,Tuesday,0,0,0,0,0,0,0,138,0,88,0,0,0,0,0,54,55,0,46,0,381,0
EMP027,2026-03-18,76,Wednesday,0,0,0,0,0,0,0,97,0,75,0,0,0,0,0,39,49,0,36,0,296,0
EMP027,2026-03-19,77,Thursday,0,0,0,0,0,0,0,92,0,71,0,0,0,0,0,36,57,0,30,0,286,0
EMP027,2026-03-20,78,Friday,0,0,0,0,0,0,0,125,0,72,0,0,0,0,0,43,49,0,43,0,332,0
EMP027,2026-03-21,79,Saturday,1,0,0,0,0,0,0,31,0,28,0,0,0,0,0,21,19,0,17,0,116,0
EMP027,2026-03-22,80,Sunday,1,0,0,0,0,0,0,0,0,0,0,0,0,0,0,0,0,0,0,0,0,0
EMP027,2026-03-23,81,Monday,0,0,0,0,0,0,0,98,0,59,0,0,0,0,0,45,50,0,30,0,282,0
EMP027,2026-03-24,82,Tuesday,0,0,0,0,0,0,0,116,0,70,0,0,0,0,0,42,62,0,40,0,330,0
EMP027,2026-03-25,83,Wednesday,0,0,0,0,0,0,0,226,0,134,0,0,0,0,0,60,53,0,40,0,513,0
EMP027,2026-03-26,84,Thursday,0,0,0,0,0,0,0,284,0,117,0,0,0,0,0,54,50,0,39,0,544,0
EMP027,2026-03-27,85,Friday,0,0,0,0,0,0,0,234,0,138,0,0,0,0,0,61,74,0,37,0,544,0
EMP027,2026-03-28,86,Saturday,1,0,0,0,0,0,0,104,0,59,0,0,0,0,0,28,30,0,19,0,240,0
EMP027,2026-03-29,87,Sunday,1,0,0,0,0,0,0,0,0,0,0,0,0,0,0,0,0,0,0,0,0,0
EMP027,2026-03-30,88,Monday,0,0,0,0,0,0,0,224,0,98,0,0,0,0,0,58,65,0,48,0,493,0
EMP027,2026-03-31,89,Tuesday,0,0,0,0,0,0,0,184,0,95,0,0,0,0,0,84,65,0,31,0,459,0
EMP028,2026-01-01,0,Thursday,0,1,0,0,0,0,0,0,0,0,0,0,0,0,0,0,0,0,0,0,0,0
EMP028,2026-01-02,1,Friday,0,0,0,0,0,0,0,128,0,63,0,0,0,0,0,31,38,0,16,0,276,0
EMP028,2026-01-03,2,Saturday,1,0,0,0,0,0,0,30,0,25,0,0,0,0,0,8,19,0,11,0,93,0
EMP028,2026-01-04,3,Sunday,1,0,0,0,0,0,0,0,0,0,0,0,0,0,0,0,0,0,0,0,0,0
EMP028,2026-01-05,4,Monday,0,0,0,0,0,0,0,68,0,55,0,0,0,0,0,32,34,0,25,0,214,0
EMP028,2026-01-06,5,Tuesday,0,0,0,0,0,0,0,92,0,68,0,0,0,0,0,23,30,0,20,0,233,0
EMP028,2026-01-07,6,Wednesday,0,0,0,0,0,0,0,69,0,37,0,0,0,0,0,29,40,0,17,0,192,0
EMP028,2026-01-08,7,Thursday,0,0,0,0,0,0,0,71,0,28,0,0,0,0,0,13,19,0,17,0,148,0
EMP028,2026-01-09,8,Friday,0,0,0,0,0,0,0,62,0,58,0,0,0,0,0,28,37,0,25,0,210,0
EMP028,2026-01-10,9,Saturday,1,0,0,0,0,0,0,31,0,20,0,0,0,0,0,9,14,0,10,0,84,0
EMP028,2026-01-11,10,Sunday,1,0,0,0,0,0,0,0,0,0,0,0,0,0,0,0,0,0,0,0,0,0
EMP028,2026-01-12,11,Monday,0,0,0,0,0,0,0,103,0,55,0,0,0,0,0,26,43,0,28,0,255,0
EMP028,2026-01-13,12,Tuesday,0,0,0,0,0,0,0,61,0,45,0,0,0,0,0,31,23,0,19,0,179,0
EMP028,2026-01-14,13,Wednesday,0,0,0,0,0,0,0,70,0,31,0,0,0,0,0,28,33,0,26,0,188,0
EMP028,2026-01-15,14,Thursday,0,0,0,0,0,0,0,41,0,32,0,0,0,0,0,17,15,0,7,0,112,0
EMP028,2026-01-16,15,Friday,0,0,0,0,0,0,0,90,0,58,0,0,0,0,0,28,32,0,17,0,225,0
EMP028,2026-01-17,16,Saturday,1,0,0,0,0,0,0,28,0,17,0,0,0,0,0,9,11,0,9,0,74,0
EMP028,2026-01-18,17,Sunday,1,0,0,0,0,0,0,0,0,0,0,0,0,0,0,0,0,0,0,0,0,0
EMP028,2026-01-19,18,Monday,0,0,0,0,0,0,0,68,0,52,0,0,0,0,0,40,51,0,13,0,224,0
EMP028,2026-01-20,19,Tuesday,0,0,0,0,0,0,0,68,0,56,0,0,0,0,0,22,39,0,34,0,219,0
EMP028,2026-01-21,20,Wednesday,0,0,0,0,0,0,0,61,0,31,0,0,0,0,0,28,37,0,19,0,176,0
EMP028,2026-01-22,21,Thursday,0,0,0,0,0,0,0,58,0,42,0,0,0,0,0,32,56,0,20,0,208,0
EMP028,2026-01-23,22,Friday,0,0,0,0,0,0,0,92,0,48,0,0,0,0,0,36,46,0,12,0,234,0
EMP028,2026-01-24,23,Saturday,1,0,0,0,0,0,0,32,0,18,0,0,0,0,0,14,13,0,6,0,83,0
EMP028,2026-01-25,24,Sunday,1,0,0,0,0,0,0,0,0,0,0,0,0,0,0,0,0,0,0,0,0,0
EMP028,2026-01-26,25,Monday,0,1,0,0,0,0,0,0,0,0,0,0,0,0,0,0,0,0,0,0,0,0
EMP028,2026-01-27,26,Tuesday,0,0,0,0,0,0,0,73,0,40,0,0,0,0,0,40,42,0,16,0,211,0
EMP028,2026-01-28,27,Wednesday,0,0,0,0,0,0,0,64,0,29,0,0,0,0,0,19,35,0,20,0,167,0
EMP028,2026-01-29,28,Thursday,0,0,0,0,0,0,0,160,0,45,0,0,0,0,0,23,32,0,22,0,282,0
EMP028,2026-01-30,29,Friday,0,0,0,0,0,0,0,162,0,57,0,0,0,0,0,29,49,0,35,0,332,0
EMP028,2026-01-31,30,Saturday,1,0,0,0,0,0,0,37,0,19,0,0,0,0,0,11,13,0,8,0,88,0
EMP028,2026-02-01,31,Sunday,1,0,0,0,0,0,0,0,0,0,0,0,0,0,0,0,0,0,0,0,0,0
EMP028,2026-02-02,32,Monday,0,0,0,0,0,0,0,86,0,63,0,0,0,0,0,28,49,0,30,0,256,0
EMP028,2026-02-03,33,Tuesday,0,0,0,0,0,0,0,105,0,79,0,0,0,0,0,33,46,0,38,0,301,0
EMP028,2026-02-04,34,Wednesday,0,0,0,0,0,0,0,66,0,68,0,0,0,0,0,28,25,0,15,0,202,0
EMP028,2026-02-05,35,Thursday,0,0,0,0,0,0,0,88,0,53,0,0,0,0,0,30,36,0,27,0,234,0
EMP028,2026-02-06,36,Friday,0,0,0,1,0,0,0,0,0,0,0,0,0,0,0,0,0,0,0,0,0,0
EMP028,2026-02-07,37,Saturday,1,0,0,0,0,0,0,25,0,17,0,0,0,0,0,9,17,0,5,0,73,0
EMP028,2026-02-08,38,Sunday,1,0,0,0,0,0,0,0,0,0,0,0,0,0,0,0,0,0,0,0,0,0
EMP028,2026-02-09,39,Monday,0,0,0,0,0,0,0,94,0,69,0,0,0,0,0,32,36,0,18,0,249,0
EMP028,2026-02-10,40,Tuesday,0,0,0,0,0,0,0,87,0,52,0,0,0,0,0,24,35,0,19,0,217,0
EMP028,2026-02-11,41,Wednesday,0,0,0,0,0,0,0,92,0,53,0,0,0,0,0,21,40,0,22,0,228,0
EMP028,2026-02-12,42,Thursday,0,0,0,0,0,0,0,60,0,29,0,0,0,0,0,24,40,0,19,0,172,0
EMP028,2026-02-13,43,Friday,0,0,0,0,0,0,0,96,0,63,0,0,0,0,0,19,32,0,26,0,236,0
EMP028,2026-02-14,44,Saturday,1,0,0,0,0,0,0,28,0,20,0,0,0,0,0,10,12,0,10,0,80,0
EMP028,2026-02-15,45,Sunday,1,0,0,0,1,0,0,0,0,0,0,0,0,0,0,0,0,0,0,0,0,0
EMP028,2026-02-16,46,Monday,0,0,0,0,0,0,0,66,0,43,0,0,0,0,0,26,36,0,14,0,185,0
EMP028,2026-02-17,47,Tuesday,0,0,1,0,0,0,0,3,0,2,0,0,0,0,0,1,2,0,1,0,9,0
EMP028,2026-02-18,48,Wednesday,0,0,0,0,0,0,0,86,0,39,0,0,0,0,0,23,27,0,14,0,189,0
EMP028,2026-02-19,49,Thursday,0,0,0,1,0,0,0,0,0,0,0,0,0,0,0,0,0,0,0,0,0,0
EMP028,2026-02-20,50,Friday,0,0,0,0,0,0,0,77,0,69,0,0,0,0,0,35,40,0,20,0,241,0
EMP028,2026-02-21,51,Saturday,1,0,0,0,0,0,0,20,0,12,0,0,0,0,0,10,15,0,5,0,62,0
EMP028,2026-02-22,52,Sunday,1,0,0,0,0,0,0,0,0,0,0,0,0,0,0,0,0,0,0,0,0,0
EMP028,2026-02-23,53,Monday,0,0,0,0,0,0,0,120,0,52,0,0,0,0,0,31,33,0,17,0,253,0
EMP028,2026-02-24,54,Tuesday,0,0,0,0,0,0,0,88,0,61,0,0,0,0,0,20,48,0,31,0,248,0
EMP028,2026-02-25,55,Wednesday,0,0,0,1,0,0,0,0,0,0,0,0,0,0,0,0,0,0,0,0,0,0
EMP028,2026-02-26,56,Thursday,0,0,0,0,0,0,0,114,0,50,0,0,0,0,0,32,36,0,35,0,267,0
EMP028,2026-02-27,57,Friday,0,0,0,0,0,0,0,86,0,70,0,0,0,0,0,28,33,0,33,0,250,0
EMP028,2026-02-28,58,Saturday,1,0,0,0,0,0,0,44,0,18,0,0,0,0,0,8,11,0,6,0,87,0
EMP028,2026-03-01,59,Sunday,1,0,0,0,0,0,0,0,0,0,0,0,0,0,0,0,0,0,0,0,0,0
EMP028,2026-03-02,60,Monday,0,1,0,0,0,0,0,0,0,0,0,0,0,0,0,0,0,0,0,0,0,0
EMP028,2026-03-03,61,Tuesday,0,0,0,0,0,0,0,97,0,62,0,0,0,0,0,28,44,0,19,0,250,0
EMP028,2026-03-04,62,Wednesday,0,0,0,0,0,0,0,80,0,58,0,0,0,0,0,15,55,0,34,0,242,0
EMP028,2026-03-05,63,Thursday,0,0,0,0,0,0,0,91,0,48,0,0,0,0,0,25,46,0,17,0,227,0
EMP028,2026-03-06,64,Friday,0,0,0,0,0,0,0,90,0,52,0,0,0,0,0,31,45,0,31,0,249,0
EMP028,2026-03-07,65,Saturday,1,0,0,0,0,0,0,28,0,23,0,0,0,0,0,12,14,0,7,0,84,0
EMP028,2026-03-08,66,Sunday,1,0,0,0,0,0,0,0,0,0,0,0,0,0,0,0,0,0,0,0,0,0
EMP028,2026-03-09,67,Monday,0,0,0,1,0,0,0,0,0,0,0,0,0,0,0,0,0,0,0,0,0,0
EMP028,2026-03-10,68,Tuesday,0,0,0,1,0,0,0,0,0,0,0,0,0,0,0,0,0,0,0,0,0,0
EMP028,2026-03-11,69,Wednesday,0,0,0,0,0,0,0,66,0,53,0,0,0,0,0,24,38,0,24,0,205,0
EMP028,2026-03-12,70,Thursday,0,0,0,0,0,0,0,96,0,52,0,0,0,0,0,33,40,0,22,0,243,0
EMP028,2026-03-13,71,Friday,0,0,0,0,0,0,0,61,0,60,0,0,0,0,0,20,27,0,15,0,183,0
EMP028,2026-03-14,72,Saturday,1,0,0,0,0,0,0,18,0,21,0,0,0,0,0,10,16,0,4,0,69,0
EMP028,2026-03-15,73,Sunday,1,0,0,0,0,0,0,0,0,0,0,0,0,0,0,0,0,0,0,0,0,0
EMP028,2026-03-16,74,Monday,0,0,1,0,0,0,0,5,0,3,0,0,0,0,0,2,3,0,1,0,14,0
EMP028,2026-03-17,75,Tuesday,0,0,0,1,0,0,0,0,0,0,0,0,0,0,0,0,0,0,0,0,0,0
EMP028,2026-03-18,76,Wednesday,0,0,0,0,0,0,0,79,0,39,0,0,0,0,0,20,29,0,13,0,180,0
EMP028,2026-03-19,77,Thursday,0,0,0,0,0,0,0,72,0,41,0,0,0,0,0,33,47,0,21,0,214,0
EMP028,2026-03-20,78,Friday,0,0,0,0,0,0,0,83,0,58,0,0,0,0,0,31,44,0,28,0,244,0
EMP028,2026-03-21,79,Saturday,1,0,0,0,0,0,0,32,0,19,0,0,0,0,0,11,16,0,6,0,84,0
EMP028,2026-03-22,80,Sunday,1,0,0,0,0,0,0,0,0,0,0,0,0,0,0,0,0,0,0,0,0,0
EMP028,2026-03-23,81,Monday,0,0,0,0,0,0,0,100,0,48,0,0,0,0,0,20,45,0,12,0,225,0
EMP028,2026-03-24,82,Tuesday,0,0,0,0,0,0,0,70,0,48,0,0,0,0,0,28,45,0,21,0,212,0
EMP028,2026-03-25,83,Wednesday,0,0,0,0,0,0,0,165,0,97,0,0,0,0,0,55,31,0,25,0,373,0
EMP028,2026-03-26,84,Thursday,0,0,0,0,0,0,0,134,0,81,0,0,0,0,0,62,48,0,22,0,347,0
EMP028,2026-03-27,85,Friday,0,0,0,0,0,0,0,183,0,96,0,0,0,0,0,49,51,0,35,0,414,0
EMP028,2026-03-28,86,Saturday,1,0,0,0,0,0,0,64,0,22,0,0,0,0,0,14,18,0,10,0,128,0
EMP028,2026-03-29,87,Sunday,1,0,0,0,0,0,0,0,0,0,0,0,0,0,0,0,0,0,0,0,0,0
EMP028,2026-03-30,88,Monday,0,0,0,0,0,0,0,122,0,78,0,0,0,0,0,53,34,0,26,0,313,0
EMP028,2026-03-31,89,Tuesday,0,0,0,0,0,0,0,138,0,115,0,0,0,0,0,52,55,0,30,0,390,0
EMP029,2026-01-01,0,Thursday,0,1,0,0,0,0,0,0,0,0,0,0,0,0,0,0,0,0,0,0,0,0
EMP029,2026-01-02,1,Friday,0,0,0,0,0,15,24,0,0,0,177,31,86,0,0,0,0,0,0,0,333,0
EMP029,2026-01-03,2,Saturday,1,0,0,0,0,4,15,0,0,0,46,12,18,0,0,0,0,0,0,0,95,0
EMP029,2026-01-04,3,Sunday,1,0,0,0,0,0,0,0,0,0,0,0,0,0,0,0,0,0,0,0,0,0
EMP029,2026-01-05,4,Monday,0,0,0,0,0,7,44,0,0,0,129,53,80,0,0,0,0,0,0,0,313,0
EMP029,2026-01-06,5,Tuesday,0,0,0,0,0,17,18,0,0,0,149,30,40,0,0,0,0,0,0,0,254,0
EMP029,2026-01-07,6,Wednesday,0,0,0,0,0,18,33,0,0,0,132,32,39,0,0,0,0,0,0,0,254,0
EMP029,2026-01-08,7,Thursday,0,0,0,0,0,8,24,0,0,0,83,22,40,0,0,0,0,0,0,0,177,0
EMP029,2026-01-09,8,Friday,0,0,0,0,0,7,43,0,0,0,129,39,67,0,0,0,0,0,0,0,285,0
EMP029,2026-01-10,9,Saturday,1,0,0,0,0,6,8,0,0,0,61,17,26,0,0,0,0,0,0,0,118,0
EMP029,2026-01-11,10,Sunday,1,0,1,0,0,0,0,0,0,0,0,0,0,0,0,0,0,0,0,0,0,0
EMP029,2026-01-12,11,Monday,0,0,0,0,0,13,34,0,0,0,114,26,74,0,0,0,0,0,0,0,261,0
EMP029,2026-01-13,12,Tuesday,0,0,0,0,0,12,37,0,0,0,97,51,59,0,0,0,0,0,0,0,256,0
EMP029,2026-01-14,13,Wednesday,0,0,0,0,0,5,31,0,0,0,116,44,63,0,0,0,0,0,0,0,259,0
EMP029,2026-01-15,14,Thursday,0,0,0,0,0,8,35,0,0,0,129,47,80,0,0,0,0,0,0,0,299,0
EMP029,2026-01-16,15,Friday,0,0,0,0,0,22,22,0,0,0,141,52,54,0,0,0,0,0,0,0,291,0
EMP029,2026-01-17,16,Saturday,1,0,0,0,0,9,14,0,0,0,49,16,20,0,0,0,0,0,0,0,108,0
EMP029,2026-01-18,17,Sunday,1,0,1,0,0,0,0,0,0,0,0,0,0,0,0,0,0,0,0,0,0,0
EMP029,2026-01-19,18,Monday,0,0,0,0,0,17,31,0,0,0,177,25,63,0,0,0,0,0,0,0,313,0
EMP029,2026-01-20,19,Tuesday,0,0,0,0,0,10,40,0,0,0,170,54,66,0,0,0,0,0,0,0,340,0
EMP029,2026-01-21,20,Wednesday,0,0,0,0,0,13,14,0,0,0,109,42,34,0,0,0,0,0,0,0,212,0
EMP029,2026-01-22,21,Thursday,0,0,0,0,0,9,19,0,0,0,101,41,74,0,0,0,0,0,0,0,244,0
EMP029,2026-01-23,22,Friday,0,0,0,0,0,15,26,0,0,0,144,31,55,0,0,0,0,0,0,0,271,0
EMP029,2026-01-24,23,Saturday,1,0,0,0,0,3,10,0,0,0,52,16,25,0,0,0,0,0,0,0,106,0
EMP029,2026-01-25,24,Sunday,1,0,0,0,0,0,0,0,0,0,0,0,0,0,0,0,0,0,0,0,0,0
EMP029,2026-01-26,25,Monday,0,1,0,0,0,0,0,0,0,0,0,0,0,0,0,0,0,0,0,0,0,0
EMP029,2026-01-27,26,Tuesday,0,0,0,0,0,19,44,0,0,0,167,42,79,0,0,0,0,0,0,0,351,0
EMP029,2026-01-28,27,Wednesday,0,0,0,0,0,17,37,0,0,0,81,48,57,0,0,0,0,0,0,0,240,0
EMP029,2026-01-29,28,Thursday,0,0,0,0,0,15,26,0,0,0,143,29,91,0,0,0,0,0,0,0,304,0
EMP029,2026-01-30,29,Friday,0,0,0,0,0,20,45,0,0,0,128,37,61,0,0,0,0,0,0,0,291,0
EMP029,2026-01-31,30,Saturday,1,0,0,0,0,10,18,0,0,0,51,13,31,0,0,0,0,0,0,0,123,0
EMP029,2026-02-01,31,Sunday,1,0,0,0,0,0,0,0,0,0,0,0,0,0,0,0,0,0,0,0,0,0
EMP029,2026-02-02,32,Monday,0,0,0,0,0,24,39,0,0,0,165,45,59,0,0,0,0,0,0,0,332,0
EMP029,2026-02-03,33,Tuesday,0,0,0,0,0,26,50,0,0,0,155,34,84,0,0,0,0,0,0,0,349,0
EMP029,2026-02-04,34,Wednesday,0,0,0,0,0,6,29,0,0,0,86,50,35,0,0,0,0,0,0,0,206,0
EMP029,2026-02-05,35,Thursday,0,0,0,0,0,19,42,0,0,0,113,50,86,0,0,0,0,0,0,0,310,0
EMP029,2026-02-06,36,Friday,0,0,0,0,0,20,39,0,0,0,137,48,65,0,0,0,0,0,0,0,309,0
EMP029,2026-02-07,37,Saturday,1,0,0,0,0,2,11,0,0,0,43,18,24,0,0,0,0,0,0,0,98,0
EMP029,2026-02-08,38,Sunday,1,0,0,0,0,0,0,0,0,0,0,0,0,0,0,0,0,0,0,0,0,0
EMP029,2026-02-09,39,Monday,0,0,0,0,0,20,22,0,0,0,146,36,58,0,0,0,0,0,0,0,282,0
EMP029,2026-02-10,40,Tuesday,0,0,0,0,0,15,25,0,0,0,97,40,63,0,0,0,0,0,0,0,240,0
EMP029,2026-02-11,41,Wednesday,0,0,0,0,0,14,19,0,0,0,149,33,73,0,0,0,0,0,0,0,288,0
EMP029,2026-02-12,42,Thursday,0,0,0,0,0,18,26,0,0,0,139,40,32,0,0,0,0,0,0,0,255,0
EMP029,2026-02-13,43,Friday,0,0,0,0,0,21,26,0,0,0,141,45,34,0,0,0,0,0,0,0,267,0
EMP029,2026-02-14,44,Saturday,1,0,0,0,0,3,11,0,0,0,47,20,15,0,0,0,0,0,0,0,96,0
EMP029,2026-02-15,45,Sunday,1,0,0,0,1,0,0,0,0,0,0,0,0,0,0,0,0,0,0,0,0,0
EMP029,2026-02-16,46,Monday,0,0,0,0,0,12,32,0,0,0,96,26,39,0,0,0,0,0,0,0,205,0
EMP029,2026-02-17,47,Tuesday,0,0,0,0,0,19,46,0,0,0,142,37,68,0,0,0,0,0,0,0,312,0
EMP029,2026-02-18,48,Wednesday,0,0,0,0,0,14,29,0,0,0,105,48,58,0,0,0,0,0,0,0,254,0
EMP029,2026-02-19,49,Thursday,0,0,0,0,0,22,31,0,0,0,160,45,72,0,0,0,0,0,0,0,330,0
EMP029,2026-02-20,50,Friday,0,0,0,0,0,11,21,0,0,0,101,48,53,0,0,0,0,0,0,0,234,0
EMP029,2026-02-21,51,Saturday,1,0,0,0,0,2,2,0,0,0,20,6,5,0,0,0,0,0,0,0,35,0
EMP029,2026-02-22,52,Sunday,1,0,0,0,0,0,0,0,0,0,0,0,0,0,0,0,0,0,0,0,0,0
EMP029,2026-02-23,53,Monday,0,0,0,0,0,12,22,0,0,0,146,40,63,0,0,0,0,0,0,0,283,0
EMP029,2026-02-24,54,Tuesday,0,0,0,1,0,0,0,0,0,0,0,0,0,0,0,0,0,0,0,0,0,0
EMP029,2026-02-25,55,Wednesday,0,0,0,0,0,13,18,0,0,0,53,28,29,0,0,0,0,0,0,0,141,0
EMP029,2026-02-26,56,Thursday,0,0,0,0,0,23,27,0,0,0,140,51,47,0,0,0,0,0,0,0,288,0
EMP029,2026-02-27,57,Friday,0,0,0,1,0,0,0,0,0,0,0,0,0,0,0,0,0,0,0,0,0,0
EMP029,2026-02-28,58,Saturday,1,0,0,0,0,8,10,0,0,0,44,20,30,0,0,0,0,0,0,0,112,0
EMP029,2026-03-01,59,Sunday,1,0,0,0,0,0,0,0,0,0,0,0,0,0,0,0,0,0,0,0,0,0
EMP029,2026-03-02,60,Monday,0,1,0,0,0,0,0,0,0,0,0,0,0,0,0,0,0,0,0,0,0,0
EMP029,2026-03-03,61,Tuesday,0,0,0,0,0,28,31,0,0,0,188,49,112,0,0,0,0,0,0,0,408,0
EMP029,2026-03-04,62,Wednesday,0,0,0,1,0,0,0,0,0,0,0,0,0,0,0,0,0,0,0,0,0,0
EMP029,2026-03-05,63,Thursday,0,0,0,0,0,14,41,0,0,0,105,47,78,0,0,0,0,0,0,0,285,0
EMP029,2026-03-06,64,Friday,0,0,0,0,0,6,37,0,0,0,89,29,92,0,0,0,0,0,0,0,253,0
EMP029,2026-03-07,65,Saturday,1,0,0,0,0,3,7,0,0,0,41,17,30,0,0,0,0,0,0,0,98,0
EMP029,2026-03-08,66,Sunday,1,0,0,0,0,0,0,0,0,0,0,0,0,0,0,0,0,0,0,0,0,0
EMP029,2026-03-09,67,Monday,0,0,0,0,0,15,31,0,0,0,150,43,39,0,0,0,0,0,0,0,278,0
EMP029,2026-03-10,68,Tuesday,0,0,0,0,0,10,35,0,0,0,170,31,50,0,0,0,0,0,0,0,296,0
EMP029,2026-03-11,69,Wednesday,0,0,0,0,0,11,17,0,0,0,148,37,71,0,0,0,0,0,0,0,284,0
EMP029,2026-03-12,70,Thursday,0,0,0,0,0,4,12,0,0,0,65,16,26,0,0,0,0,0,0,0,123,0
EMP029,2026-03-13,71,Friday,0,0,0,0,0,13,37,0,0,0,120,39,40,0,0,0,0,0,0,0,249,0
EMP029,2026-03-14,72,Saturday,1,0,0,0,0,4,7,0,0,0,34,22,14,0,0,0,0,0,0,0,81,0
EMP029,2026-03-15,73,Sunday,1,0,0,0,0,0,0,0,0,0,0,0,0,0,0,0,0,0,0,0,0,0
EMP029,2026-03-16,74,Monday,0,0,0,0,0,18,26,0,0,0,105,45,91,0,0,0,0,0,0,0,285,0
EMP029,2026-03-17,75,Tuesday,0,0,0,0,0,25,29,0,0,0,125,26,85,0,0,0,0,0,0,0,290,0
EMP029,2026-03-18,76,Wednesday,0,0,0,0,0,13,31,0,0,0,132,21,64,0,0,0,0,0,0,0,261,0
EMP029,2026-03-19,77,Thursday,0,0,0,0,0,22,33,0,0,0,100,27,49,0,0,0,0,0,0,0,231,0
EMP029,2026-03-20,78,Friday,0,0,0,0,0,22,46,0,0,0,150,35,68,0,0,0,0,0,0,0,321,0
EMP029,2026-03-21,79,Saturday,1,0,0,0,0,8,10,0,0,0,34,8,32,0,0,0,0,0,0,0,92,0
EMP029,2026-03-22,80,Sunday,1,0,0,0,0,0,0,0,0,0,0,0,0,0,0,0,0,0,0,0,0,0
EMP029,2026-03-23,81,Monday,0,0,0,0,0,15,18,0,0,0,158,37,72,0,0,0,0,0,0,0,300,0
EMP029,2026-03-24,82,Tuesday,0,0,0,0,0,19,29,0,0,0,148,44,60,0,0,0,0,0,0,0,300,0
EMP029,2026-03-25,83,Wednesday,0,0,0,0,0,20,35,0,0,0,153,44,47,0,0,0,0,0,0,0,299,0
EMP029,2026-03-26,84,Thursday,0,0,0,0,0,23,42,0,0,0,125,54,39,0,0,0,0,0,0,0,283,0
EMP029,2026-03-27,85,Friday,0,0,0,0,0,18,42,0,0,0,156,62,105,0,0,0,0,0,0,0,383,0
EMP029,2026-03-28,86,Saturday,1,0,0,0,0,10,18,0,0,0,78,20,18,0,0,0,0,0,0,0,144,0
EMP029,2026-03-29,87,Sunday,1,0,0,0,0,0,0,0,0,0,0,0,0,0,0,0,0,0,0,0,0,0
EMP029,2026-03-30,88,Monday,0,0,0,0,0,27,46,0,0,0,120,53,91,0,0,0,0,0,0,0,337,0
EMP029,2026-03-31,89,Tuesday,0,0,0,0,0,24,45,0,0,0,205,51,88,0,0,0,0,0,0,0,413,0
EMP030,2026-01-01,0,Thursday,0,1,0,0,0,0,0,0,0,0,0,0,0,0,0,0,0,0,0,0,0,0
EMP030,2026-01-02,1,Friday,0,0,0,0,0,14,46,0,0,0,159,30,68,0,0,0,0,0,0,0,317,0
EMP030,2026-01-03,2,Saturday,1,0,0,0,0,9,12,0,0,0,36,12,17,0,0,0,0,0,0,0,86,0
EMP030,2026-01-04,3,Sunday,1,0,0,0,0,0,0,0,0,0,0,0,0,0,0,0,0,0,0,0,0,0
EMP030,2026-01-05,4,Monday,0,0,0,0,0,6,25,0,0,0,136,31,40,0,0,0,0,0,0,0,238,0
EMP030,2026-01-06,5,Tuesday,0,0,0,0,0,17,18,0,0,0,102,36,52,0,0,0,0,0,0,0,225,0
EMP030,2026-01-07,6,Wednesday,0,0,0,0,0,13,20,0,0,0,93,30,27,0,0,0,0,0,0,0,183,0
EMP030,2026-01-08,7,Thursday,0,0,0,0,0,6,19,0,0,0,97,32,70,0,0,0,0,0,0,0,224,0
EMP030,2026-01-09,8,Friday,0,0,0,0,0,14,29,0,0,0,105,33,82,0,0,0,0,0,0,0,263,0
EMP030,2026-01-10,9,Saturday,1,0,0,0,0,2,12,0,0,0,57,12,25,0,0,0,0,0,0,0,108,0
EMP030,2026-01-11,10,Sunday,1,0,0,0,0,0,0,0,0,0,0,0,0,0,0,0,0,0,0,0,0,0
EMP030,2026-01-12,11,Monday,0,0,0,0,0,17,33,0,0,0,88,32,44,0,0,0,0,0,0,0,214,0
EMP030,2026-01-13,12,Tuesday,0,0,0,0,0,13,37,0,0,0,111,46,33,0,0,0,0,0,0,0,240,0
EMP030,2026-01-14,13,Wednesday,0,0,0,0,0,11,25,0,0,0,121,42,67,0,0,0,0,0,0,0,266,0
EMP030,2026-01-15,14,Thursday,0,0,0,0,0,6,26,0,0,0,109,23,52,0,0,0,0,0,0,0,216,0
EMP030,2026-01-16,15,Friday,0,0,0,1,0,0,0,0,0,0,0,0,0,0,0,0,0,0,0,0,0,0
EMP030,2026-01-17,16,Saturday,1,0,0,0,0,2,5,0,0,0,16,4,9,0,0,0,0,0,0,0,36,0
EMP030,2026-01-18,17,Sunday,1,0,0,0,0,0,0,0,0,0,0,0,0,0,0,0,0,0,0,0,0,0
EMP030,2026-01-19,18,Monday,0,0,0,0,0,12,16,0,0,0,103,22,70,0,0,0,0,0,0,0,223,0
EMP030,2026-01-20,19,Tuesday,0,0,0,0,0,5,35,0,0,0,112,26,35,0,0,0,0,0,0,0,213,0
EMP030,2026-01-21,20,Wednesday,0,0,0,0,0,7,37,0,0,0,111,35,49,0,0,0,0,0,0,0,239,0
EMP030,2026-01-22,21,Thursday,0,0,0,0,0,16,18,0,0,0,98,31,63,0,0,0,0,0,0,0,226,0
EMP030,2026-01-23,22,Friday,0,0,0,0,0,16,31,0,0,0,116,47,51,0,0,0,0,0,0,0,261,0
EMP030,2026-01-24,23,Saturday,1,0,0,0,0,3,11,0,0,0,51,7,16,0,0,0,0,0,0,0,88,0
EMP030,2026-01-25,24,Sunday,1,0,0,0,0,0,0,0,0,0,0,0,0,0,0,0,0,0,0,0,0,0
EMP030,2026-01-26,25,Monday,0,1,0,0,0,0,0,0,0,0,0,0,0,0,0,0,0,0,0,0,0,0
EMP030,2026-01-27,26,Tuesday,0,0,0,0,0,13,26,0,0,0,121,33,31,0,0,0,0,0,0,0,224,0
EMP030,2026-01-28,27,Wednesday,0,0,0,0,0,20,35,0,0,0,123,29,67,0,0,0,0,0,0,0,274,0
EMP030,2026-01-29,28,Thursday,0,0,0,0,0,8,22,0,0,0,140,42,54,0,0,0,0,0,0,0,266,0
EMP030,2026-01-30,29,Friday,0,0,0,0,0,5,12,0,0,0,53,25,41,0,0,0,0,0,0,0,136,0
EMP030,2026-01-31,30,Saturday,1,0,0,0,0,7,9,0,0,0,54,15,19,0,0,0,0,0,0,0,104,0
EMP030,2026-02-01,31,Sunday,1,0,1,0,0,0,0,0,0,0,0,0,0,0,0,0,0,0,0,0,0,0
EMP030,2026-02-02,32,Monday,0,0,0,0,0,6,26,0,0,0,129,50,95,0,0,0,0,0,0,0,306,0
EMP030,2026-02-03,33,Tuesday,0,0,0,0,0,26,34,0,0,0,143,60,67,0,0,0,0,0,0,0,330,0
EMP030,2026-02-04,34,Wednesday,0,0,0,0,0,7,23,0,0,0,110,45,54,0,0,0,0,0,0,0,239,0
EMP030,2026-02-05,35,Thursday,0,0,0,0,0,10,29,0,0,0,150,39,63,0,0,0,0,0,0,0,291,0
EMP030,2026-02-06,36,Friday,0,0,0,0,0,20,34,0,0,0,102,48,50,0,0,0,0,0,0,0,254,0
EMP030,2026-02-07,37,Saturday,1,0,0,0,0,2,9,0,0,0,41,12,20,0,0,0,0,0,0,0,84,0
EMP030,2026-02-08,38,Sunday,1,0,0,0,0,0,0,0,0,0,0,0,0,0,0,0,0,0,0,0,0,0
EMP030,2026-02-09,39,Monday,0,0,0,0,0,15,37,0,0,0,133,33,48,0,0,0,0,0,0,0,266,0
EMP030,2026-02-10,40,Tuesday,0,0,0,0,0,18,16,0,0,0,101,33,81,0,0,0,0,0,0,0,249,0
EMP030,2026-02-11,41,Wednesday,0,0,0,1,0,0,0,0,0,0,0,0,0,0,0,0,0,0,0,0,0,0
EMP030,2026-02-12,42,Thursday,0,0,0,0,0,8,19,0,0,0,103,28,40,0,0,0,0,0,0,0,198,0
EMP030,2026-02-13,43,Friday,0,0,0,0,0,6,17,0,0,0,105,38,58,0,0,0,0,0,0,0,224,0
EMP030,2026-02-14,44,Saturday,1,0,0,0,0,6,7,0,0,0,44,16,14,0,0,0,0,0,0,0,87,0
EMP030,2026-02-15,45,Sunday,1,0,0,0,1,0,0,0,0,0,0,0,0,0,0,0,0,0,0,0,0,0
EMP030,2026-02-16,46,Monday,0,0,0,1,0,0,0,0,0,0,0,0,0,0,0,0,0,0,0,0,0,0
EMP030,2026-02-17,47,Tuesday,0,0,0,0,0,13,42,0,0,0,118,21,56,0,0,0,0,0,0,0,250,0
EMP030,2026-02-18,48,Wednesday,0,0,0,0,0,13,32,0,0,0,84,34,41,0,0,0,0,0,0,0,204,0
EMP030,2026-02-19,49,Thursday,0,0,0,0,0,7,32,0,0,0,87,45,68,0,0,0,0,0,0,0,239,0
EMP030,2026-02-20,50,Friday,0,0,0,0,0,20,27,0,0,0,104,23,44,0,0,0,0,0,0,0,218,0
EMP030,2026-02-21,51,Saturday,1,0,0,0,0,6,6,0,0,0,31,16,17,0,0,0,0,0,0,0,76,0
EMP030,2026-02-22,52,Sunday,1,0,0,0,0,0,0,0,0,0,0,0,0,0,0,0,0,0,0,0,0,0
EMP030,2026-02-23,53,Monday,0,0,0,0,0,16,25,0,0,0,104,33,58,0,0,0,0,0,0,0,236,0
EMP030,2026-02-24,54,Tuesday,0,0,0,0,0,6,31,0,0,0,124,43,46,0,0,0,0,0,0,0,250,0
EMP030,2026-02-25,55,Wednesday,0,0,0,0,0,17,23,0,0,0,123,38,45,0,0,0,0,0,0,0,246,0
EMP030,2026-02-26,56,Thursday,0,0,0,0,0,14,32,0,0,0,148,45,88,0,0,0,0,0,0,0,327,0
EMP030,2026-02-27,57,Friday,0,0,0,0,0,15,36,0,0,0,116,30,88,0,0,0,0,0,0,0,285,0
EMP030,2026-02-28,58,Saturday,1,0,0,0,0,6,11,0,0,0,59,16,23,0,0,0,0,0,0,0,115,0
EMP030,2026-03-01,59,Sunday,1,0,0,0,0,0,0,0,0,0,0,0,0,0,0,0,0,0,0,0,0,0
EMP030,2026-03-02,60,Monday,0,1,0,0,0,0,0,0,0,0,0,0,0,0,0,0,0,0,0,0,0,0
EMP030,2026-03-03,61,Tuesday,0,0,0,0,0,16,20,0,0,0,144,35,73,0,0,0,0,0,0,0,288,0
EMP030,2026-03-04,62,Wednesday,0,0,0,0,0,7,18,0,0,0,107,33,36,0,0,0,0,0,0,0,201,0
EMP030,2026-03-05,63,Thursday,0,0,0,0,0,6,33,0,0,0,99,39,38,0,0,0,0,0,0,0,215,0
EMP030,2026-03-06,64,Friday,0,0,0,0,0,17,18,0,0,0,140,24,57,0,0,0,0,0,0,0,256,0
EMP030,2026-03-07,65,Saturday,1,0,0,0,0,4,6,0,0,0,34,14,13,0,0,0,0,0,0,0,71,0
EMP030,2026-03-08,66,Sunday,1,0,0,0,0,0,0,0,0,0,0,0,0,0,0,0,0,0,0,0,0,0
EMP030,2026-03-09,67,Monday,0,0,0,0,0,7,25,0,0,0,79,44,57,0,0,0,0,0,0,0,212,0
EMP030,2026-03-10,68,Tuesday,0,0,0,0,0,20,31,0,0,0,138,34,60,0,0,0,0,0,0,0,283,0
EMP030,2026-03-11,69,Wednesday,0,0,1,0,0,0,1,0,0,0,7,3,4,0,0,0,0,0,0,0,15,0
EMP030,2026-03-12,70,Thursday,0,0,0,0,0,8,6,0,0,0,45,11,21,0,0,0,0,0,0,0,91,0
EMP030,2026-03-13,71,Friday,0,0,0,0,0,18,26,0,0,0,105,45,66,0,0,0,0,0,0,0,260,0
EMP030,2026-03-14,72,Saturday,1,0,0,0,0,2,12,0,0,0,30,7,23,0,0,0,0,0,0,0,74,0
EMP030,2026-03-15,73,Sunday,1,0,0,0,0,0,0,0,0,0,0,0,0,0,0,0,0,0,0,0,0,0
EMP030,2026-03-16,74,Monday,0,0,0,0,0,8,20,0,0,0,135,38,58,0,0,0,0,0,0,0,259,0
EMP030,2026-03-17,75,Tuesday,0,0,0,0,0,9,40,0,0,0,120,52,64,0,0,0,0,0,0,0,285,0
EMP030,2026-03-18,76,Wednesday,0,0,0,0,0,16,28,0,0,0,132,33,58,0,0,0,0,0,0,0,267,0
EMP030,2026-03-19,77,Thursday,0,0,0,0,0,21,27,0,0,0,120,40,55,0,0,0,0,0,0,0,263,0
EMP030,2026-03-20,78,Friday,0,0,0,0,0,16,37,0,0,0,99,44,67,0,0,0,0,0,0,0,263,0
EMP030,2026-03-21,79,Saturday,1,0,0,0,0,4,6,0,0,0,48,12,23,0,0,0,0,0,0,0,93,0
EMP030,2026-03-22,80,Sunday,1,0,0,0,0,0,0,0,0,0,0,0,0,0,0,0,0,0,0,0,0,0
EMP030,2026-03-23,81,Monday,0,0,0,0,0,15,19,0,0,0,126,30,59,0,0,0,0,0,0,0,249,0
EMP030,2026-03-24,82,Tuesday,0,0,0,0,0,17,32,0,0,0,92,33,57,0,0,0,0,0,0,0,231,0
EMP030,2026-03-25,83,Wednesday,0,0,0,0,0,7,20,0,0,0,107,31,80,0,0,0,0,0,0,0,245,0
EMP030,2026-03-26,84,Thursday,0,0,0,0,0,8,47,0,0,0,166,39,50,0,0,0,0,0,0,0,310,0
EMP030,2026-03-27,85,Friday,0,0,0,0,0,15,32,0,0,0,120,50,44,0,0,0,0,0,0,0,261,0
EMP030,2026-03-28,86,Saturday,1,0,0,0,0,11,15,0,0,0,56,10,21,0,0,0,0,0,0,0,113,0
EMP030,2026-03-29,87,Sunday,1,0,0,0,0,0,0,0,0,0,0,0,0,0,0,0,0,0,0,0,0,0
EMP030,2026-03-30,88,Monday,0,0,0,0,0,7,18,0,0,0,117,32,65,0,0,0,0,0,0,0,239,0
EMP030,2026-03-31,89,Tuesday,0,0,0,0,0,3,14,0,0,0,81,13,37,0,0,0,0,0,0,0,148,0
EMP031,2026-01-01,0,Thursday,0,1,0,0,0,0,0,0,0,0,0,0,0,0,0,0,0,0,0,0,0,0
EMP031,2026-01-02,1,Friday,0,0,0,0,0,13,44,0,0,0,174,59,60,0,0,0,0,0,0,0,350,0
EMP031,2026-01-03,2,Saturday,1,0,0,0,0,2,8,0,0,0,47,13,26,0,0,0,0,0,0,0,96,0
EMP031,2026-01-04,3,Sunday,1,0,0,0,0,0,0,0,0,0,0,0,0,0,0,0,0,0,0,0,0,0
EMP031,2026-01-05,4,Monday,0,0,0,0,0,10,36,0,0,0,113,29,82,0,0,0,0,0,0,0,270,0
EMP031,2026-01-06,5,Tuesday,0,0,0,0,0,26,42,0,0,0,137,35,63,0,0,0,0,0,0,0,303,0
EMP031,2026-01-07,6,Wednesday,0,0,0,0,0,11,28,0,0,0,111,51,47,0,0,0,0,0,0,0,248,0
EMP031,2026-01-08,7,Thursday,0,0,0,0,0,9,37,0,0,0,109,24,63,0,0,0,0,0,0,0,242,0
EMP031,2026-01-09,8,Friday,0,0,0,0,0,6,46,0,0,0,150,44,40,0,0,0,0,0,0,0,286,0
EMP031,2026-01-10,9,Saturday,1,0,1,0,0,0,1,0,0,0,3,0,1,0,0,0,0,0,0,0,5,0
EMP031,2026-01-11,10,Sunday,1,0,0,0,0,0,0,0,0,0,0,0,0,0,0,0,0,0,0,0,0,0
EMP031,2026-01-12,11,Monday,0,0,0,0,0,18,31,0,0,0,128,26,75,0,0,0,0,0,0,0,278,0
EMP031,2026-01-13,12,Tuesday,0,0,0,0,0,11,38,0,0,0,121,31,50,0,0,0,0,0,0,0,251,0
EMP031,2026-01-14,13,Wednesday,0,0,0,0,0,7,18,0,0,0,150,40,37,0,0,0,0,0,0,0,252,0
EMP031,2026-01-15,14,Thursday,0,0,0,0,0,14,19,0,0,0,100,35,44,0,0,0,0,0,0,0,212,0
EMP031,2026-01-16,15,Friday,0,0,0,0,0,9,38,0,0,0,124,33,68,0,0,0,0,0,0,0,272,0
EMP031,2026-01-17,16,Saturday,1,0,0,0,0,6,8,0,0,0,55,16,20,0,0,0,0,0,0,0,105,0
EMP031,2026-01-18,17,Sunday,1,0,0,0,0,0,0,0,0,0,0,0,0,0,0,0,0,0,0,0,0,0
EMP031,2026-01-19,18,Monday,0,0,0,1,0,0,0,0,0,0,0,0,0,0,0,0,0,0,0,0,0,0
EMP031,2026-01-20,19,Tuesday,0,0,0,0,0,9,30,0,0,0,157,42,54,0,0,0,0,0,0,0,292,0
EMP031,2026-01-21,20,Wednesday,0,0,0,0,0,8,28,0,0,0,128,46,67,0,0,0,0,0,0,0,277,0
EMP031,2026-01-22,21,Thursday,0,0,0,0,0,13,16,0,0,0,62,19,46,0,0,0,0,0,0,0,156,0
EMP031,2026-01-23,22,Friday,0,0,0,0,0,24,41,0,0,0,211,46,73,0,0,0,0,0,0,0,395,0
EMP031,2026-01-24,23,Saturday,1,0,0,0,0,9,14,0,0,0,44,12,23,0,0,0,0,0,0,0,102,0
EMP031,2026-01-25,24,Sunday,1,0,0,0,0,0,0,0,0,0,0,0,0,0,0,0,0,0,0,0,0,0
EMP031,2026-01-26,25,Monday,0,1,0,0,0,0,0,0,0,0,0,0,0,0,0,0,0,0,0,0,0,0
EMP031,2026-01-27,26,Tuesday,0,0,0,0,0,17,39,0,0,0,129,56,72,0,0,0,0,0,0,0,313,0
EMP031,2026-01-28,27,Wednesday,0,0,0,0,0,16,40,0,0,0,143,31,79,0,0,0,0,0,0,0,309,0
EMP031,2026-01-29,28,Thursday,0,0,0,0,0,22,40,0,0,0,158,45,43,0,0,0,0,0,0,0,308,0
EMP031,2026-01-30,29,Friday,0,0,0,0,0,7,24,0,0,0,122,39,61,0,0,0,0,0,0,0,253,0
EMP031,2026-01-31,30,Saturday,1,0,0,0,0,3,14,0,0,0,58,24,30,0,0,0,0,0,0,0,129,0
EMP031,2026-02-01,31,Sunday,1,0,0,0,0,0,0,0,0,0,0,0,0,0,0,0,0,0,0,0,0,0
EMP031,2026-02-02,32,Monday,0,0,0,0,0,19,37,0,0,0,170,59,77,0,0,0,0,0,0,0,362,0
EMP031,2026-02-03,33,Tuesday,0,0,0,0,0,30,25,0,0,0,180,50,71,0,0,0,0,0,0,0,356,0
EMP031,2026-02-04,34,Wednesday,0,0,0,0,0,6,39,0,0,0,127,32,49,0,0,0,0,0,0,0,253,0
EMP031,2026-02-05,35,Thursday,0,0,0,0,0,7,19,0,0,0,115,25,77,0,0,0,0,0,0,0,243,0
EMP031,2026-02-06,36,Friday,0,0,0,0,0,25,31,0,0,0,123,67,58,0,0,0,0,0,0,0,304,0
EMP031,2026-02-07,37,Saturday,1,0,0,0,0,7,11,0,0,0,43,17,24,0,0,0,0,0,0,0,102,0
EMP031,2026-02-08,38,Sunday,1,0,1,0,0,0,0,0,0,0,0,0,0,0,0,0,0,0,0,0,0,0
EMP031,2026-02-09,39,Monday,0,0,0,0,0,7,31,0,0,0,136,35,40,0,0,0,0,0,0,0,249,0
EMP031,2026-02-10,40,Tuesday,0,0,0,0,0,10,37,0,0,0,167,50,64,0,0,0,0,0,0,0,328,0
EMP031,2026-02-11,41,Wednesday,0,0,0,0,0,9,27,0,0,0,121,46,55,0,0,0,0,0,0,0,258,0
EMP031,2026-02-12,42,Thursday,0,0,0,0,0,21,27,0,0,0,126,51,47,0,0,0,0,0,0,0,272,0
EMP031,2026-02-13,43,Friday,0,0,0,0,0,8,37,0,0,0,120,36,50,0,0,0,0,0,0,0,251,0
EMP031,2026-02-14,44,Saturday,1,0,0,0,0,2,12,0,0,0,41,17,16,0,0,0,0,0,0,0,88,0
EMP031,2026-02-15,45,Sunday,1,0,0,0,1,0,0,0,0,0,0,0,0,0,0,0,0,0,0,0,0,0
EMP031,2026-02-16,46,Monday,0,0,0,0,0,9,44,0,0,0,105,37,79,0,0,0,0,0,0,0,274,0
EMP031,2026-02-17,47,Tuesday,0,0,0,0,0,17,30,0,0,0,149,42,89,0,0,0,0,0,0,0,327,0
EMP031,2026-02-18,48,Wednesday,0,0,0,0,0,5,39,0,0,0,136,33,75,0,0,0,0,0,0,0,288,0
EMP031,2026-02-19,49,Thursday,0,0,0,0,0,19,31,0,0,0,108,39,44,0,0,0,0,0,0,0,241,0
EMP031,2026-02-20,50,Friday,0,0,1,0,0,0,0,0,0,0,4,1,3,0,0,0,0,0,0,0,8,0
EMP031,2026-02-21,51,Saturday,1,0,0,0,0,3,11,0,0,0,68,10,14,0,0,0,0,0,0,0,106,0
EMP031,2026-02-22,52,Sunday,1,0,0,0,0,0,0,0,0,0,0,0,0,0,0,0,0,0,0,0,0,0
EMP031,2026-02-23,53,Monday,0,0,0,0,0,9,27,0,0,0,92,29,38,0,0,0,0,0,0,0,195,0
EMP031,2026-02-24,54,Tuesday,0,0,0,0,0,7,33,0,0,0,134,50,55,0,0,0,0,0,0,0,279,0
EMP031,2026-02-25,55,Wednesday,0,0,0,0,0,14,25,0,0,0,126,28,78,0,0,0,0,0,0,0,271,0
EMP031,2026-02-26,56,Thursday,0,0,0,0,0,20,44,0,0,0,141,55,68,0,0,0,0,0,0,0,328,0
EMP031,2026-02-27,57,Friday,0,0,0,0,0,24,40,0,0,0,119,29,78,0,0,0,0,0,0,0,290,0
EMP031,2026-02-28,58,Saturday,1,0,0,0,0,4,7,0,0,0,44,22,37,0,0,0,0,0,0,0,114,0
EMP031,2026-03-01,59,Sunday,1,0,0,0,0,0,0,0,0,0,0,0,0,0,0,0,0,0,0,0,0,0
EMP031,2026-03-02,60,Monday,0,1,0,0,0,0,0,0,0,0,0,0,0,0,0,0,0,0,0,0,0,0
EMP031,2026-03-03,61,Tuesday,0,0,0,0,0,11,42,0,0,0,199,39,85,0,0,0,0,0,0,0,376,0
EMP031,2026-03-04,62,Wednesday,0,0,0,0,0,12,20,0,0,0,124,27,51,0,0,0,0,0,0,0,234,0
EMP031,2026-03-05,63,Thursday,0,0,0,0,0,14,36,0,0,0,112,36,50,0,0,0,0,0,0,0,248,0
EMP031,2026-03-06,64,Friday,0,0,0,0,0,22,43,0,0,0,111,32,59,0,0,0,0,0,0,0,267,0
EMP031,2026-03-07,65,Saturday,1,0,0,0,0,3,14,0,0,0,42,13,21,0,0,0,0,0,0,0,93,0
EMP031,2026-03-08,66,Sunday,1,0,0,0,0,0,0,0,0,0,0,0,0,0,0,0,0,0,0,0,0,0
EMP031,2026-03-09,67,Monday,0,0,0,0,0,17,18,0,0,0,173,39,72,0,0,0,0,0,0,0,319,0
EMP031,2026-03-10,68,Tuesday,0,0,0,1,0,0,0,0,0,0,0,0,0,0,0,0,0,0,0,0,0,0
EMP031,2026-03-11,69,Wednesday,0,0,0,0,0,10,18,0,0,0,111,46,54,0,0,0,0,0,0,0,239,0
EMP031,2026-03-12,70,Thursday,0,0,0,0,0,17,17,0,0,0,115,32,45,0,0,0,0,0,0,0,226,0
EMP031,2026-03-13,71,Friday,0,0,0,0,0,13,32,0,0,0,99,42,70,0,0,0,0,0,0,0,256,0
EMP031,2026-03-14,72,Saturday,1,0,0,0,0,8,15,0,0,0,48,16,18,0,0,0,0,0,0,0,105,0
EMP031,2026-03-15,73,Sunday,1,0,0,0,0,0,0,0,0,0,0,0,0,0,0,0,0,0,0,0,0,0
EMP031,2026-03-16,74,Monday,0,0,0,0,0,10,39,0,0,0,157,46,82,0,0,0,0,0,0,0,334,0
EMP031,2026-03-17,75,Tuesday,0,0,0,0,0,6,30,0,0,0,142,42,46,0,0,0,0,0,0,0,266,0
EMP031,2026-03-18,76,Wednesday,0,0,0,0,0,16,21,0,0,0,127,37,67,0,0,0,0,0,0,0,268,0
EMP031,2026-03-19,77,Thursday,0,0,0,0,0,7,26,0,0,0,108,47,36,0,0,0,0,0,0,0,224,0
EMP031,2026-03-20,78,Friday,0,0,0,0,0,12,31,0,0,0,103,32,88,0,0,0,0,0,0,0,266,0
EMP031,2026-03-21,79,Saturday,1,0,0,0,0,5,13,0,0,0,40,16,27,0,0,0,0,0,0,0,101,0
EMP031,2026-03-22,80,Sunday,1,0,0,0,0,0,0,0,0,0,0,0,0,0,0,0,0,0,0,0,0,0
EMP031,2026-03-23,81,Monday,0,0,0,0,0,6,26,0,0,0,97,45,79,0,0,0,0,0,0,0,253,0
EMP031,2026-03-24,82,Tuesday,0,0,0,0,0,23,43,0,0,0,109,43,44,0,0,0,0,0,0,0,262,0
EMP031,2026-03-25,83,Wednesday,0,0,0,0,0,7,40,0,0,0,119,43,55,0,0,0,0,0,0,0,264,0
EMP031,2026-03-26,84,Thursday,0,0,0,0,0,14,29,0,0,0,138,62,76,0,0,0,0,0,0,0,319,0
EMP031,2026-03-27,85,Friday,0,0,0,0,0,12,20,0,0,0,89,29,36,0,0,0,0,0,0,0,186,0
EMP031,2026-03-28,86,Saturday,1,0,0,0,0,5,13,0,0,0,72,16,43,0,0,0,0,0,0,0,149,0
EMP031,2026-03-29,87,Sunday,1,0,0,0,0,0,0,0,0,0,0,0,0,0,0,0,0,0,0,0,0,0
EMP031,2026-03-30,88,Monday,0,0,0,0,0,27,39,0,0,0,165,48,45,0,0,0,0,0,0,0,324,0
EMP031,2026-03-31,89,Tuesday,0,0,0,0,0,8,16,0,0,0,66,17,19,0,0,0,0,0,0,0,126,0
EMP032,2026-01-01,0,Thursday,0,1,0,0,0,0,0,0,0,0,0,0,0,0,0,0,0,0,0,0,0,0
EMP032,2026-01-02,1,Friday,0,0,0,0,0,22,40,0,0,0,137,54,60,0,0,0,0,0,0,0,313,0
EMP032,2026-01-03,2,Saturday,1,0,0,0,0,4,14,0,0,0,39,15,32,0,0,0,0,0,0,0,104,0
EMP032,2026-01-04,3,Sunday,1,0,0,0,0,0,0,0,0,0,0,0,0,0,0,0,0,0,0,0,0,0
EMP032,2026-01-05,4,Monday,0,0,0,0,0,19,39,0,0,0,95,44,64,0,0,0,0,0,0,0,261,0
EMP032,2026-01-06,5,Tuesday,0,0,0,0,0,11,25,0,0,0,144,48,44,0,0,0,0,0,0,0,272,0
EMP032,2026-01-07,6,Wednesday,0,0,1,0,0,0,1,0,0,0,6,1,3,0,0,0,0,0,0,0,11,0
EMP032,2026-01-08,7,Thursday,0,0,0,0,0,16,21,0,0,0,135,29,54,0,0,0,0,0,0,0,255,0
EMP032,2026-01-09,8,Friday,0,0,0,0,0,11,31,0,0,0,112,42,45,0,0,0,0,0,0,0,241,0
EMP032,2026-01-10,9,Saturday,1,0,0,0,0,6,9,0,0,0,40,16,26,0,0,0,0,0,0,0,97,0
EMP032,2026-01-11,10,Sunday,1,0,0,0,0,0,0,0,0,0,0,0,0,0,0,0,0,0,0,0,0,0
EMP032,2026-01-12,11,Monday,0,0,0,0,0,12,17,0,0,0,76,34,59,0,0,0,0,0,0,0,198,0
EMP032,2026-01-13,12,Tuesday,0,0,0,0,0,17,26,0,0,0,105,36,57,0,0,0,0,0,0,0,241,0
EMP032,2026-01-14,13,Wednesday,0,0,0,0,0,6,23,0,0,0,120,31,45,0,0,0,0,0,0,0,225,0
EMP032,2026-01-15,14,Thursday,0,0,0,0,0,18,24,0,0,0,95,27,49,0,0,0,0,0,0,0,213,0
EMP032,2026-01-16,15,Friday,0,0,0,0,0,19,39,0,0,0,106,39,39,0,0,0,0,0,0,0,242,0
EMP032,2026-01-17,16,Saturday,1,0,0,0,0,4,7,0,0,0,32,16,20,0,0,0,0,0,0,0,79,0
EMP032,2026-01-18,17,Sunday,1,0,0,0,0,0,0,0,0,0,0,0,0,0,0,0,0,0,0,0,0,0
EMP032,2026-01-19,18,Monday,0,0,0,0,0,9,28,0,0,0,127,30,39,0,0,0,0,0,0,0,233,0
EMP032,2026-01-20,19,Tuesday,0,0,0,0,0,14,37,0,0,0,126,49,75,0,0,0,0,0,0,0,301,0
EMP032,2026-01-21,20,Wednesday,0,0,0,0,0,15,34,0,0,0,97,36,61,0,0,0,0,0,0,0,243,0
EMP032,2026-01-22,21,Thursday,0,0,0,0,0,16,33,0,0,0,98,25,43,0,0,0,0,0,0,0,215,0
EMP032,2026-01-23,22,Friday,0,0,0,0,0,15,41,0,0,0,129,37,74,0,0,0,0,0,0,0,296,0
EMP032,2026-01-24,23,Saturday,1,0,0,0,0,2,13,0,0,0,40,18,13,0,0,0,0,0,0,0,86,0
EMP032,2026-01-25,24,Sunday,1,0,0,0,0,0,0,0,0,0,0,0,0,0,0,0,0,0,0,0,0,0
EMP032,2026-01-26,25,Monday,0,1,0,0,0,0,0,0,0,0,0,0,0,0,0,0,0,0,0,0,0,0
EMP032,2026-01-27,26,Tuesday,0,0,0,0,0,14,27,0,0,0,136,39,87,0,0,0,0,0,0,0,303,0
EMP032,2026-01-28,27,Wednesday,0,0,0,0,0,19,21,0,0,0,97,30,36,0,0,0,0,0,0,0,203,0
EMP032,2026-01-29,28,Thursday,0,0,0,1,0,0,0,0,0,0,0,0,0,0,0,0,0,0,0,0,0,0
EMP032,2026-01-30,29,Friday,0,0,0,0,0,16,44,0,0,0,134,41,54,0,0,0,0,0,0,0,289,0
EMP032,2026-01-31,30,Saturday,1,0,0,0,0,2,16,0,0,0,51,16,29,0,0,0,0,0,0,0,114,0
EMP032,2026-02-01,31,Sunday,1,0,0,0,0,0,0,0,0,0,0,0,0,0,0,0,0,0,0,0,0,0
EMP032,2026-02-02,32,Monday,0,0,0,0,0,23,30,0,0,0,143,47,66,0,0,0,0,0,0,0,309,0
EMP032,2026-02-03,33,Tuesday,0,0,0,0,0,15,41,0,0,0,171,40,69,0,0,0,0,0,0,0,336,0
EMP032,2026-02-04,34,Wednesday,0,0,0,0,0,5,36,0,0,0,126,41,55,0,0,0,0,0,0,0,263,0
EMP032,2026-02-05,35,Thursday,0,0,0,0,0,15,33,0,0,0,76,40,56,0,0,0,0,0,0,0,220,0
EMP032,2026-02-06,36,Friday,0,0,0,0,0,11,27,0,0,0,135,40,71,0,0,0,0,0,0,0,284,0
EMP032,2026-02-07,37,Saturday,1,0,0,0,0,6,10,0,0,0,53,12,22,0,0,0,0,0,0,0,103,0
EMP032,2026-02-08,38,Sunday,1,0,0,0,0,0,0,0,0,0,0,0,0,0,0,0,0,0,0,0,0,0
EMP032,2026-02-09,39,Monday,0,0,0,0,0,16,24,0,0,0,100,25,73,0,0,0,0,0,0,0,238,0
EMP032,2026-02-10,40,Tuesday,0,0,0,1,0,0,0,0,0,0,0,0,0,0,0,0,0,0,0,0,0,0
EMP032,2026-02-11,41,Wednesday,0,0,0,0,0,2,13,0,0,0,51,17,19,0,0,0,0,0,0,0,102,0
EMP032,2026-02-12,42,Thursday,0,0,0,0,0,16,22,0,0,0,93,32,35,0,0,0,0,0,0,0,198,0
EMP032,2026-02-13,43,Friday,0,0,0,0,0,18,15,0,0,0,101,22,75,0,0,0,0,0,0,0,231,0
EMP032,2026-02-14,44,Saturday,1,0,0,0,0,1,13,0,0,0,36,12,16,0,0,0,0,0,0,0,78,0
EMP032,2026-02-15,45,Sunday,1,0,0,0,1,0,0,0,0,0,0,0,0,0,0,0,0,0,0,0,0,0
EMP032,2026-02-16,46,Monday,0,0,0,0,0,15,22,0,0,0,100,26,59,0,0,0,0,0,0,0,222,0
EMP032,2026-02-17,47,Tuesday,0,0,0,0,0,16,34,0,0,0,111,34,46,0,0,0,0,0,0,0,241,0
EMP032,2026-02-18,48,Wednesday,0,0,0,0,0,19,22,0,0,0,93,24,58,0,0,0,0,0,0,0,216,0
EMP032,2026-02-19,49,Thursday,0,0,0,0,0,10,31,0,0,0,101,24,51,0,0,0,0,0,0,0,217,0
EMP032,2026-02-20,50,Friday,0,0,0,1,0,0,0,0,0,0,0,0,0,0,0,0,0,0,0,0,0,0
EMP032,2026-02-21,51,Saturday,1,0,0,0,0,2,10,0,0,0,38,11,22,0,0,0,0,0,0,0,83,0
EMP032,2026-02-22,52,Sunday,1,0,0,0,0,0,0,0,0,0,0,0,0,0,0,0,0,0,0,0,0,0
EMP032,2026-02-23,53,Monday,0,0,0,0,0,12,18,0,0,0,148,27,40,0,0,0,0,0,0,0,245,0
EMP032,2026-02-24,54,Tuesday,0,0,0,0,0,12,19,0,0,0,147,29,70,0,0,0,0,0,0,0,277,0
EMP032,2026-02-25,55,Wednesday,0,0,1,0,0,1,2,0,0,0,8,2,2,0,0,0,0,0,0,0,15,0
EMP032,2026-02-26,56,Thursday,0,0,0,0,0,9,20,0,0,0,137,27,68,0,0,0,0,0,0,0,261,0
EMP032,2026-02-27,57,Friday,0,0,0,0,0,24,40,0,0,0,122,36,50,0,0,0,0,0,0,0,272,0
EMP032,2026-02-28,58,Saturday,1,0,0,0,0,3,7,0,0,0,54,11,19,0,0,0,0,0,0,0,94,0
EMP032,2026-03-01,59,Sunday,1,0,0,0,0,0,0,0,0,0,0,0,0,0,0,0,0,0,0,0,0,0
EMP032,2026-03-02,60,Monday,0,1,0,0,0,0,0,0,0,0,0,0,0,0,0,0,0,0,0,0,0,0
EMP032,2026-03-03,61,Tuesday,0,0,0,0,0,12,37,0,0,0,158,56,46,0,0,0,0,0,0,0,309,0
EMP032,2026-03-04,62,Wednesday,0,0,0,0,0,20,31,0,0,0,96,35,66,0,0,0,0,0,0,0,248,0
EMP032,2026-03-05,63,Thursday,0,0,1,0,0,1,2,0,0,0,7,3,4,0,0,0,0,0,0,0,17,0
EMP032,2026-03-06,64,Friday,0,0,0,0,0,6,33,0,0,0,125,28,80,0,0,0,0,0,0,0,272,0
EMP032,2026-03-07,65,Saturday,1,0,0,0,0,2,12,0,0,0,44,8,21,0,0,0,0,0,0,0,87,0
EMP032,2026-03-08,66,Sunday,1,0,0,0,0,0,0,0,0,0,0,0,0,0,0,0,0,0,0,0,0,0
EMP032,2026-03-09,67,Monday,0,0,0,0,0,14,26,0,0,0,73,45,59,0,0,0,0,0,0,0,217,0
EMP032,2026-03-10,68,Tuesday,0,0,0,0,0,5,26,0,0,0,128,20,35,0,0,0,0,0,0,0,214,0
EMP032,2026-03-11,69,Wednesday,0,0,0,0,0,16,35,0,0,0,78,32,45,0,0,0,0,0,0,0,206,0
EMP032,2026-03-12,70,Thursday,0,0,0,0,0,15,17,0,0,0,88,25,39,0,0,0,0,0,0,0,184,0
EMP032,2026-03-13,71,Friday,0,0,0,0,0,7,21,0,0,0,65,13,20,0,0,0,0,0,0,0,126,0
EMP032,2026-03-14,72,Saturday,1,0,0,0,0,6,8,0,0,0,40,13,11,0,0,0,0,0,0,0,78,0
EMP032,2026-03-15,73,Sunday,1,0,0,0,0,0,0,0,0,0,0,0,0,0,0,0,0,0,0,0,0,0
EMP032,2026-03-16,74,Monday,0,0,0,0,0,11,22,0,0,0,110,36,34,0,0,0,0,0,0,0,213,0
EMP032,2026-03-17,75,Tuesday,0,0,0,0,0,17,25,0,0,0,128,49,71,0,0,0,0,0,0,0,290,0
EMP032,2026-03-18,76,Wednesday,0,0,0,0,0,19,18,0,0,0,97,21,30,0,0,0,0,0,0,0,185,0
EMP032,2026-03-19,77,Thursday,0,0,0,0,0,12,31,0,0,0,81,30,58,0,0,0,0,0,0,0,212,0
EMP032,2026-03-20,78,Friday,0,0,0,0,0,22,36,0,0,0,132,45,46,0,0,0,0,0,0,0,281,0
EMP032,2026-03-21,79,Saturday,1,0,0,0,0,7,9,0,0,0,52,11,18,0,0,0,0,0,0,0,97,0
EMP032,2026-03-22,80,Sunday,1,0,0,0,0,0,0,0,0,0,0,0,0,0,0,0,0,0,0,0,0,0
EMP032,2026-03-23,81,Monday,0,0,0,0,0,11,23,0,0,0,107,33,41,0,0,0,0,0,0,0,215,0
EMP032,2026-03-24,82,Tuesday,0,0,0,0,0,13,33,0,0,0,118,51,49,0,0,0,0,0,0,0,264,0
EMP032,2026-03-25,83,Wednesday,0,0,0,0,0,24,45,0,0,0,189,52,75,0,0,0,0,0,0,0,385,0
EMP032,2026-03-26,84,Thursday,0,0,0,0,0,8,23,0,0,0,144,45,42,0,0,0,0,0,0,0,262,0
EMP032,2026-03-27,85,Friday,0,0,0,0,0,8,50,0,0,0,155,54,100,0,0,0,0,0,0,0,367,0
EMP032,2026-03-28,86,Saturday,1,0,0,0,0,2,13,0,0,0,52,10,30,0,0,0,0,0,0,0,107,0
EMP032,2026-03-29,87,Sunday,1,0,0,0,0,0,0,0,0,0,0,0,0,0,0,0,0,0,0,0,0,0
EMP032,2026-03-30,88,Monday,0,0,0,0,0,10,34,0,0,0,140,39,58,0,0,0,0,0,0,0,281,0
EMP032,2026-03-31,89,Tuesday,0,0,0,0,0,21,42,0,0,0,111,30,76,0,0,0,0,0,0,0,280,0
EMP033,2026-01-01,0,Thursday,0,1,0,0,0,0,0,0,0,0,0,0,0,0,0,0,0,0,0,0,0,0
EMP033,2026-01-02,1,Friday,0,0,0,0,0,20,18,0,0,0,105,38,74,0,0,0,0,0,0,0,255,0
EMP033,2026-01-03,2,Saturday,1,0,0,0,0,3,7,0,0,0,43,9,11,0,0,0,0,0,0,0,73,0
EMP033,2026-01-04,3,Sunday,1,0,0,0,0,0,0,0,0,0,0,0,0,0,0,0,0,0,0,0,0,0
EMP033,2026-01-05,4,Monday,0,0,0,0,0,19,33,0,0,0,99,26,45,0,0,0,0,0,0,0,222,0
EMP033,2026-01-06,5,Tuesday,0,0,0,0,0,12,20,0,0,0,108,41,41,0,0,0,0,0,0,0,222,0
EMP033,2026-01-07,6,Wednesday,0,0,0,0,0,9,26,0,0,0,90,30,37,0,0,0,0,0,0,0,192,0
EMP033,2026-01-08,7,Thursday,0,0,0,0,0,13,19,0,0,0,58,31,37,0,0,0,0,0,0,0,158,0
EMP033,2026-01-09,8,Friday,0,0,0,0,0,16,30,0,0,0,110,28,51,0,0,0,0,0,0,0,235,0
EMP033,2026-01-10,9,Saturday,1,0,0,0,0,3,9,0,0,0,34,9,16,0,0,0,0,0,0,0,71,0
EMP033,2026-01-11,10,Sunday,1,0,0,0,0,0,0,0,0,0,0,0,0,0,0,0,0,0,0,0,0,0
EMP033,2026-01-12,11,Monday,0,0,0,0,0,18,16,0,0,0,86,45,30,0,0,0,0,0,0,0,195,0
EMP033,2026-01-13,12,Tuesday,0,0,0,0,0,11,16,0,0,0,106,39,53,0,0,0,0,0,0,0,225,0
EMP033,2026-01-14,13,Wednesday,0,0,0,1,0,0,0,0,0,0,0,0,0,0,0,0,0,0,0,0,0,0
EMP033,2026-01-15,14,Thursday,0,0,0,1,0,0,0,0,0,0,0,0,0,0,0,0,0,0,0,0,0,0
EMP033,2026-01-16,15,Friday,0,0,0,0,0,16,19,0,0,0,81,25,33,0,0,0,0,0,0,0,174,0
EMP033,2026-01-17,16,Saturday,1,0,0,0,0,2,8,0,0,0,32,11,20,0,0,0,0,0,0,0,73,0
EMP033,2026-01-18,17,Sunday,1,0,0,0,0,0,0,0,0,0,0,0,0,0,0,0,0,0,0,0,0,0
EMP033,2026-01-19,18,Monday,0,0,0,0,0,4,20,0,0,0,87,18,52,0,0,0,0,0,0,0,181,0
EMP033,2026-01-20,19,Tuesday,0,0,0,0,0,19,20,0,0,0,66,25,36,0,0,0,0,0,0,0,166,0
EMP033,2026-01-21,20,Wednesday,0,0,0,1,0,0,0,0,0,0,0,0,0,0,0,0,0,0,0,0,0,0
EMP033,2026-01-22,21,Thursday,0,0,0,0,0,12,17,0,0,0,83,17,44,0,0,0,0,0,0,0,173,0
EMP033,2026-01-23,22,Friday,0,0,0,0,0,20,15,0,0,0,96,35,31,0,0,0,0,0,0,0,197,0
EMP033,2026-01-24,23,Saturday,1,0,0,0,0,4,7,0,0,0,27,10,10,0,0,0,0,0,0,0,58,0
EMP033,2026-01-25,24,Sunday,1,0,0,0,0,0,0,0,0,0,0,0,0,0,0,0,0,0,0,0,0,0
EMP033,2026-01-26,25,Monday,0,1,0,0,0,0,0,0,0,0,0,0,0,0,0,0,0,0,0,0,0,0
EMP033,2026-01-27,26,Tuesday,0,0,0,0,0,9,16,0,0,0,93,28,41,0,0,0,0,0,0,0,187,0
EMP033,2026-01-28,27,Wednesday,0,0,0,0,0,12,13,0,0,0,80,32,48,0,0,0,0,0,0,0,185,0
EMP033,2026-01-29,28,Thursday,0,0,0,0,0,12,37,0,0,0,114,37,64,0,0,0,0,0,0,0,264,0
EMP033,2026-01-30,29,Friday,0,0,0,0,0,22,39,0,0,0,86,43,36,0,0,0,0,0,0,0,226,0
EMP033,2026-01-31,30,Saturday,1,0,0,0,0,3,8,0,0,0,37,12,15,0,0,0,0,0,0,0,75,0
EMP033,2026-02-01,31,Sunday,1,0,0,0,0,0,0,0,0,0,0,0,0,0,0,0,0,0,0,0,0,0
EMP033,2026-02-02,32,Monday,0,0,0,0,0,23,19,0,0,0,128,39,62,0,0,0,0,0,0,0,271,0
EMP033,2026-02-03,33,Tuesday,0,0,0,0,0,20,28,0,0,0,98,42,53,0,0,0,0,0,0,0,241,0
EMP033,2026-02-04,34,Wednesday,0,0,0,0,0,13,28,0,0,0,110,22,53,0,0,0,0,0,0,0,226,0
EMP033,2026-02-05,35,Thursday,0,0,0,0,0,18,17,0,0,0,92,28,43,0,0,0,0,0,0,0,198,0
EMP033,2026-02-06,36,Friday,0,0,1,0,0,0,1,0,0,0,6,2,4,0,0,0,0,0,0,0,13,0
EMP033,2026-02-07,37,Saturday,1,0,0,0,0,3,9,0,0,0,38,15,12,0,0,0,0,0,0,0,77,0
EMP033,2026-02-08,38,Sunday,1,0,0,0,0,0,0,0,0,0,0,0,0,0,0,0,0,0,0,0,0,0
EMP033,2026-02-09,39,Monday,0,0,0,0,0,11,31,0,0,0,75,25,37,0,0,0,0,0,0,0,179,0
EMP033,2026-02-10,40,Tuesday,0,0,0,1,0,0,0,0,0,0,0,0,0,0,0,0,0,0,0,0,0,0
EMP033,2026-02-11,41,Wednesday,0,0,0,0,0,13,21,0,0,0,89,29,26,0,0,0,0,0,0,0,178,0
EMP033,2026-02-12,42,Thursday,0,0,0,0,0,14,20,0,0,0,79,30,40,0,0,0,0,0,0,0,183,0
EMP033,2026-02-13,43,Friday,0,0,0,0,0,6,19,0,0,0,93,34,39,0,0,0,0,0,0,0,191,0
EMP033,2026-02-14,44,Saturday,1,0,0,0,0,1,4,0,0,0,27,10,17,0,0,0,0,0,0,0,59,0
EMP033,2026-02-15,45,Sunday,1,0,0,0,1,0,0,0,0,0,0,0,0,0,0,0,0,0,0,0,0,0
EMP033,2026-02-16,46,Monday,0,0,0,0,0,6,18,30,0,18,41,0,33,30,0,19,13,14,0,0,222,0
EMP033,2026-02-17,47,Tuesday,0,0,0,0,0,9,10,26,0,33,47,0,21,33,0,16,15,10,0,0,220,0
EMP033,2026-02-18,48,Wednesday,0,0,0,0,0,5,19,24,0,20,46,0,21,34,0,18,21,19,0,0,227,0
EMP033,2026-02-19,49,Thursday,0,0,0,0,0,12,14,27,0,26,39,0,37,25,0,19,15,21,0,0,235,0
EMP033,2026-02-20,50,Friday,0,0,0,0,0,6,17,39,0,28,57,0,41,20,0,12,26,13,0,0,259,0
EMP033,2026-02-21,51,Saturday,1,0,0,0,0,2,3,8,0,13,10,0,16,6,0,6,6,7,0,0,77,0
EMP033,2026-02-22,52,Sunday,1,0,0,0,0,0,0,0,0,0,0,0,0,0,0,0,0,0,0,0,0,0
EMP033,2026-02-23,53,Monday,0,0,0,0,0,8,15,26,0,28,36,0,26,29,0,16,18,15,0,0,217,0
EMP033,2026-02-24,54,Tuesday,0,0,0,1,0,0,0,0,0,0,0,0,0,0,0,0,0,0,0,0,0,0
EMP033,2026-02-25,55,Wednesday,0,0,0,0,0,8,13,24,0,29,46,0,38,13,0,8,13,8,0,0,200,0
EMP033,2026-02-26,56,Thursday,0,0,0,0,0,9,16,28,0,23,43,0,24,24,0,13,20,18,0,0,218,0
EMP033,2026-02-27,57,Friday,0,0,0,0,0,6,14,32,0,33,33,0,25,27,0,12,20,13,0,0,215,0
EMP033,2026-02-28,58,Saturday,1,0,0,0,0,5,4,26,0,14,12,0,8,9,0,3,10,5,0,0,96,0
EMP033,2026-03-01,59,Sunday,1,0,0,0,0,0,0,0,0,0,0,0,0,0,0,0,0,0,0,0,0,0
EMP033,2026-03-02,60,Monday,0,1,0,0,0,0,0,0,0,0,0,0,0,0,0,0,0,0,0,0,0,0
EMP033,2026-03-03,61,Tuesday,0,0,0,0,0,12,20,35,0,44,61,0,50,19,0,20,32,14,0,0,307,0
EMP033,2026-03-04,62,Wednesday,0,0,0,0,0,8,19,24,0,15,43,0,18,29,0,11,12,10,0,0,189,0
EMP033,2026-03-05,63,Thursday,0,0,0,0,0,9,20,27,0,29,48,0,44,34,0,10,26,18,0,0,265,0
EMP033,2026-03-06,64,Friday,0,0,0,0,0,5,10,28,0,23,43,0,31,24,0,24,12,18,0,0,218,0
EMP033,2026-03-07,65,Saturday,1,0,0,0,0,3,3,13,0,7,16,0,7,10,0,7,8,7,0,0,81,0
EMP033,2026-03-08,66,Sunday,1,0,0,0,0,0,0,0,0,0,0,0,0,0,0,0,0,0,0,0,0,0
EMP033,2026-03-09,67,Monday,0,0,0,1,0,0,0,0,0,0,0,0,0,0,0,0,0,0,0,0,0,0
EMP033,2026-03-10,68,Tuesday,0,0,0,0,0,8,10,41,0,36,49,0,25,15,0,9,19,16,0,0,228,0
EMP033,2026-03-11,69,Wednesday,0,0,0,0,0,9,13,32,0,34,48,0,31,34,0,12,27,13,0,0,253,0
EMP033,2026-03-12,70,Thursday,0,0,0,0,0,4,19,28,0,18,43,0,37,24,0,13,16,13,0,0,215,0
EMP033,2026-03-13,71,Friday,0,0,0,0,0,7,19,41,0,37,42,0,33,28,0,9,25,20,0,0,261,0
EMP033,2026-03-14,72,Saturday,1,0,0,0,0,4,4,12,0,9,13,0,15,6,0,5,5,5,0,0,78,0
EMP033,2026-03-15,73,Sunday,1,0,0,0,0,0,0,0,0,0,0,0,0,0,0,0,0,0,0,0,0,0
EMP033,2026-03-16,74,Monday,0,0,1,0,0,0,1,1,0,1,2,0,1,1,0,1,0,0,0,0,8,0
EMP033,2026-03-17,75,Tuesday,0,0,0,0,0,12,20,31,0,33,33,0,30,23,0,20,21,16,0,0,239,0
EMP033,2026-03-18,76,Wednesday,0,0,0,0,0,4,7,36,0,24,24,0,21,21,0,16,14,9,0,0,176,0
EMP033,2026-03-19,77,Thursday,0,0,0,0,0,6,19,33,0,22,28,0,31,21,0,12,23,9,0,0,204,0
EMP033,2026-03-20,78,Friday,0,0,0,0,0,11,9,22,0,18,39,0,20,20,0,20,20,9,0,0,188,0
EMP033,2026-03-21,79,Saturday,1,0,0,0,0,1,6,14,0,8,17,0,9,10,0,8,8,5,0,0,86,0
EMP033,2026-03-22,80,Sunday,1,0,0,0,0,0,0,0,0,0,0,0,0,0,0,0,0,0,0,0,0,0
EMP033,2026-03-23,81,Monday,0,0,0,0,0,4,9,38,0,25,41,0,26,34,0,21,17,21,0,0,236,0
EMP033,2026-03-24,82,Tuesday,0,0,0,0,0,3,8,12,0,13,23,0,11,7,0,5,11,4,0,0,97,0
EMP033,2026-03-25,83,Wednesday,0,0,0,0,0,5,18,69,0,59,29,0,30,19,0,38,22,22,0,0,311,0
EMP033,2026-03-26,84,Thursday,0,0,0,0,0,11,27,54,0,42,61,0,53,41,0,27,19,18,0,0,353,0
EMP033,2026-03-27,85,Friday,0,0,0,0,0,9,8,30,0,38,30,0,17,18,0,16,9,14,0,0,189,0
EMP033,2026-03-28,86,Saturday,1,0,0,0,0,2,6,23,0,27,14,0,9,10,0,9,9,6,0,0,115,0
EMP033,2026-03-29,87,Sunday,1,0,0,0,0,0,0,0,0,0,0,0,0,0,0,0,0,0,0,0,0,0
EMP033,2026-03-30,88,Monday,0,0,0,0,0,8,26,70,0,36,35,0,52,28,0,23,30,27,0,0,335,0
EMP033,2026-03-31,89,Tuesday,0,0,0,0,0,5,8,27,0,37,20,0,25,15,0,8,9,14,0,0,168,0
EMP034,2026-01-01,0,Thursday,0,1,0,0,0,0,0,0,0,0,0,0,0,0,0,0,0,0,0,0,0,0
EMP034,2026-01-02,1,Friday,0,0,0,0,0,12,25,0,0,0,64,25,27,0,0,0,0,0,0,0,153,0
EMP034,2026-01-03,2,Saturday,1,0,0,0,0,5,4,0,0,0,33,10,8,0,0,0,0,0,0,0,60,0
EMP034,2026-01-04,3,Sunday,1,0,0,0,0,0,0,0,0,0,0,0,0,0,0,0,0,0,0,0,0,0
EMP034,2026-01-05,4,Monday,0,0,0,0,0,10,8,0,0,0,48,21,36,0,0,0,0,0,0,0,123,0
EMP034,2026-01-06,5,Tuesday,0,0,0,0,0,7,10,0,0,0,80,17,37,0,0,0,0,0,0,0,151,0
EMP034,2026-01-07,6,Wednesday,0,0,0,0,0,10,16,0,0,0,74,19,30,0,0,0,0,0,0,0,149,0
EMP034,2026-01-08,7,Thursday,0,0,0,0,0,10,12,0,0,0,68,26,25,0,0,0,0,0,0,0,141,0
EMP034,2026-01-09,8,Friday,0,0,0,0,0,7,14,0,0,0,56,14,27,0,0,0,0,0,0,0,118,0
EMP034,2026-01-10,9,Saturday,1,0,0,0,0,3,4,0,0,0,20,10,9,0,0,0,0,0,0,0,46,0
EMP034,2026-01-11,10,Sunday,1,0,0,0,0,0,0,0,0,0,0,0,0,0,0,0,0,0,0,0,0,0
EMP034,2026-01-12,11,Monday,0,0,0,0,0,12,13,0,0,0,49,17,32,0,0,0,0,0,0,0,123,0
EMP034,2026-01-13,12,Tuesday,0,0,0,0,0,11,9,0,0,0,50,23,20,0,0,0,0,0,0,0,113,0
EMP034,2026-01-14,13,Wednesday,0,0,0,0,0,6,16,0,0,0,55,22,23,0,0,0,0,0,0,0,122,0
EMP034,2026-01-15,14,Thursday,0,0,0,0,0,11,11,0,0,0,62,28,19,0,0,0,0,0,0,0,131,0
EMP034,2026-01-16,15,Friday,0,0,0,0,0,11,16,0,0,0,56,18,30,0,0,0,0,0,0,0,131,0
EMP034,2026-01-17,16,Saturday,1,0,0,0,0,5,6,0,0,0,24,10,10,0,0,0,0,0,0,0,55,0
EMP034,2026-01-18,17,Sunday,1,0,0,0,0,0,0,0,0,0,0,0,0,0,0,0,0,0,0,0,0,0
EMP034,2026-01-19,18,Monday,0,0,0,0,0,2,13,0,0,0,41,20,18,0,0,0,0,0,0,0,94,0
EMP034,2026-01-20,19,Tuesday,0,0,0,0,0,8,17,0,0,0,83,21,26,0,0,0,0,0,0,0,155,0
EMP034,2026-01-21,20,Wednesday,0,0,0,0,0,5,23,0,0,0,98,18,44,0,0,0,0,0,0,0,188,0
EMP034,2026-01-22,21,Thursday,0,0,0,0,0,12,25,0,0,0,83,20,23,0,0,0,0,0,0,0,163,0
EMP034,2026-01-23,22,Friday,0,0,0,0,0,13,27,0,0,0,76,30,51,0,0,0,0,0,0,0,197,0
EMP034,2026-01-24,23,Saturday,1,0,0,0,0,5,6,0,0,0,38,10,15,0,0,0,0,0,0,0,74,0
EMP034,2026-01-25,24,Sunday,1,0,0,0,0,0,0,0,0,0,0,0,0,0,0,0,0,0,0,0,0,0
EMP034,2026-01-26,25,Monday,0,1,0,0,0,0,0,0,0,0,0,0,0,0,0,0,0,0,0,0,0,0
EMP034,2026-01-27,26,Tuesday,0,0,0,0,0,13,16,0,0,0,88,28,38,0,0,0,0,0,0,0,183,0
EMP034,2026-01-28,27,Wednesday,0,0,1,0,0,0,0,0,0,0,5,2,4,0,0,0,0,0,0,0,11,0
EMP034,2026-01-29,28,Thursday,0,0,0,0,0,15,26,0,0,0,112,19,65,0,0,0,0,0,0,0,237,0
EMP034,2026-01-30,29,Friday,0,0,0,0,0,9,15,0,0,0,120,49,56,0,0,0,0,0,0,0,249,0
EMP034,2026-01-31,30,Saturday,1,0,0,0,0,5,10,0,0,0,51,8,21,0,0,0,0,0,0,0,95,0
EMP034,2026-02-01,31,Sunday,1,0,0,0,0,0,0,0,0,0,0,0,0,0,0,0,0,0,0,0,0,0
EMP034,2026-02-02,32,Monday,0,0,0,0,0,18,20,0,0,0,131,41,76,0,0,0,0,0,0,0,286,0
EMP034,2026-02-03,33,Tuesday,0,0,0,0,0,19,32,0,0,0,108,44,72,0,0,0,0,0,0,0,275,0
EMP034,2026-02-04,34,Wednesday,0,0,0,0,0,10,17,0,0,0,92,18,46,0,0,0,0,0,0,0,183,0
EMP034,2026-02-05,35,Thursday,0,0,0,0,0,14,21,0,0,0,76,39,56,0,0,0,0,0,0,0,206,0
EMP034,2026-02-06,36,Friday,0,0,0,0,0,8,15,0,0,0,117,21,32,0,0,0,0,0,0,0,193,0
EMP034,2026-02-07,37,Saturday,1,0,0,0,0,6,9,0,0,0,30,10,20,0,0,0,0,0,0,0,75,0
EMP034,2026-02-08,38,Sunday,1,0,0,0,0,0,0,0,0,0,0,0,0,0,0,0,0,0,0,0,0,0
EMP034,2026-02-09,39,Monday,0,0,0,0,0,11,32,0,0,0,130,31,43,0,0,0,0,0,0,0,247,0
EMP034,2026-02-10,40,Tuesday,0,0,0,0,0,5,24,0,0,0,85,21,39,0,0,0,0,0,0,0,174,0
EMP034,2026-02-11,41,Wednesday,0,0,0,0,0,10,34,0,0,0,100,26,52,0,0,0,0,0,0,0,222,0
EMP034,2026-02-12,42,Thursday,0,0,0,0,0,4,15,0,0,0,107,49,53,0,0,0,0,0,0,0,228,0
EMP034,2026-02-13,43,Friday,0,0,0,1,0,0,0,0,0,0,0,0,0,0,0,0,0,0,0,0,0,0
EMP034,2026-02-14,44,Saturday,1,0,0,0,0,6,9,0,0,0,44,15,20,0,0,0,0,0,0,0,94,0
EMP034,2026-02-15,45,Sunday,1,0,0,0,1,0,0,0,0,0,0,0,0,0,0,0,0,0,0,0,0,0
EMP034,2026-02-16,46,Monday,0,0,0,0,0,11,31,0,0,0,95,28,67,0,0,0,0,0,0,0,232,0
EMP034,2026-02-17,47,Tuesday,0,0,0,0,0,17,28,0,0,0,144,25,57,0,0,0,0,0,0,0,271,0
EMP034,2026-02-18,48,Wednesday,0,0,0,0,0,12,27,0,0,0,98,42,49,0,0,0,0,0,0,0,228,0
EMP034,2026-02-19,49,Thursday,0,0,0,0,0,11,33,0,0,0,101,42,35,0,0,0,0,0,0,0,222,0
EMP034,2026-02-20,50,Friday,0,0,0,0,0,14,35,0,0,0,91,45,42,0,0,0,0,0,0,0,227,0
EMP034,2026-02-21,51,Saturday,1,0,0,0,0,6,8,0,0,0,49,11,17,0,0,0,0,0,0,0,91,0
EMP034,2026-02-22,52,Sunday,1,0,0,0,0,0,0,0,0,0,0,0,0,0,0,0,0,0,0,0,0,0
EMP034,2026-02-23,53,Monday,0,0,0,0,0,6,34,0,0,0,92,42,51,0,0,0,0,0,0,0,225,0
EMP034,2026-02-24,54,Tuesday,0,0,0,0,0,12,18,0,0,0,108,24,66,0,0,0,0,0,0,0,228,0
EMP034,2026-02-25,55,Wednesday,0,0,0,0,0,9,18,0,0,0,67,15,45,0,0,0,0,0,0,0,154,0
EMP034,2026-02-26,56,Thursday,0,0,0,0,0,5,23,0,0,0,86,22,36,0,0,0,0,0,0,0,172,0
EMP034,2026-02-27,57,Friday,0,0,0,0,0,24,24,0,0,0,108,35,45,0,0,0,0,0,0,0,236,0
EMP034,2026-02-28,58,Saturday,1,0,0,0,0,4,7,0,0,0,54,16,20,0,0,0,0,0,0,0,101,0
EMP034,2026-03-01,59,Sunday,1,0,0,0,0,0,0,0,0,0,0,0,0,0,0,0,0,0,0,0,0,0
EMP034,2026-03-02,60,Monday,0,1,0,0,0,0,0,0,0,0,0,0,0,0,0,0,0,0,0,0,0,0
EMP034,2026-03-03,61,Tuesday,0,0,0,0,0,22,23,0,0,0,166,27,107,0,0,0,0,0,0,0,345,0
EMP034,2026-03-04,62,Wednesday,0,0,0,1,0,0,0,0,0,0,0,0,0,0,0,0,0,0,0,0,0,0
EMP034,2026-03-05,63,Thursday,0,0,0,0,0,7,37,0,0,0,92,43,55,0,0,0,0,0,0,0,234,0
EMP034,2026-03-06,64,Friday,0,0,0,0,0,8,29,0,0,0,90,45,50,0,0,0,0,0,0,0,222,0
EMP034,2026-03-07,65,Saturday,1,0,1,0,0,0,0,0,0,0,1,0,0,0,0,0,0,0,0,0,1,0
EMP034,2026-03-08,66,Sunday,1,0,0,0,0,0,0,0,0,0,0,0,0,0,0,0,0,0,0,0,0,0
EMP034,2026-03-09,67,Monday,0,0,0,0,0,10,27,0,0,0,65,29,54,0,0,0,0,0,0,0,185,0
EMP034,2026-03-10,68,Tuesday,0,0,0,0,0,12,21,0,0,0,151,44,46,0,0,0,0,0,0,0,274,0
EMP034,2026-03-11,69,Wednesday,0,0,0,0,0,11,23,0,0,0,88,40,73,0,0,0,0,0,0,0,235,0
EMP034,2026-03-12,70,Thursday,0,0,0,0,0,18,18,0,0,0,142,28,64,0,0,0,0,0,0,0,270,0
EMP034,2026-03-13,71,Friday,0,0,0,0,0,6,19,0,0,0,87,41,47,0,0,0,0,0,0,0,200,0
EMP034,2026-03-14,72,Saturday,1,0,0,0,0,3,8,0,0,0,47,12,12,0,0,0,0,0,0,0,82,0
EMP034,2026-03-15,73,Sunday,1,0,0,0,0,0,0,0,0,0,0,0,0,0,0,0,0,0,0,0,0,0
EMP034,2026-03-16,74,Monday,0,0,0,0,0,11,20,0,0,0,91,44,68,0,0,0,0,0,0,0,234,0
EMP034,2026-03-17,75,Tuesday,0,0,0,0,0,19,37,0,0,0,150,24,41,0,0,0,0,0,0,0,271,0
EMP034,2026-03-18,76,Wednesday,0,0,0,0,0,8,23,0,0,0,119,46,39,0,0,0,0,0,0,0,235,0
EMP034,2026-03-19,77,Thursday,0,0,0,0,0,16,26,0,0,0,119,43,61,0,0,0,0,0,0,0,265,0
EMP034,2026-03-20,78,Friday,0,0,0,0,0,8,37,0,0,0,141,19,38,0,0,0,0,0,0,0,243,0
EMP034,2026-03-21,79,Saturday,1,0,0,0,0,8,12,0,0,0,46,8,21,0,0,0,0,0,0,0,95,0
EMP034,2026-03-22,80,Sunday,1,0,0,0,0,0,0,0,0,0,0,0,0,0,0,0,0,0,0,0,0,0
EMP034,2026-03-23,81,Monday,0,0,0,0,0,10,14,0,0,0,74,19,29,0,0,0,0,0,0,0,146,0
EMP034,2026-03-24,82,Tuesday,0,0,0,0,0,14,33,0,0,0,133,24,81,0,0,0,0,0,0,0,285,0
EMP034,2026-03-25,83,Wednesday,0,0,0,0,0,11,41,0,0,0,170,35,80,0,0,0,0,0,0,0,337,0
EMP034,2026-03-26,84,Thursday,0,0,0,0,0,25,39,0,0,0,136,61,95,0,0,0,0,0,0,0,356,0
EMP034,2026-03-27,85,Friday,0,0,0,0,0,21,34,0,0,0,171,62,91,0,0,0,0,0,0,0,379,0
EMP034,2026-03-28,86,Saturday,1,0,0,0,0,4,16,0,0,0,39,20,27,0,0,0,0,0,0,0,106,0
EMP034,2026-03-29,87,Sunday,1,0,0,0,0,0,0,0,0,0,0,0,0,0,0,0,0,0,0,0,0,0
EMP034,2026-03-30,88,Monday,0,0,0,0,0,22,36,0,0,0,144,56,63,0,0,0,0,0,0,0,321,0
EMP034,2026-03-31,89,Tuesday,0,0,0,0,0,11,33,0,0,0,163,37,85,0,0,0,0,0,0,0,329,0
EMP035,2026-01-01,0,Thursday,0,1,0,0,0,0,0,0,0,0,0,0,0,0,0,0,0,0,0,0,0,0
EMP035,2026-01-02,1,Friday,0,0,0,0,0,25,56,0,0,0,212,53,118,0,0,0,0,0,0,0,464,0
EMP035,2026-01-03,2,Saturday,1,0,0,0,0,4,18,0,0,0,61,12,22,0,0,0,0,0,0,0,117,0
EMP035,2026-01-04,3,Sunday,1,0,0,0,0,0,0,0,0,0,0,0,0,0,0,0,0,0,0,0,0,0
EMP035,2026-01-05,4,Monday,0,0,0,0,0,3,15,0,0,0,62,15,29,0,0,0,0,0,0,0,124,0
EMP035,2026-01-06,5,Tuesday,0,0,0,0,0,19,21,0,0,0,154,29,67,0,0,0,0,0,0,0,290,0
EMP035,2026-01-07,6,Wednesday,0,0,0,0,0,11,11,0,0,0,83,19,28,0,0,0,0,0,0,0,152,0
EMP035,2026-01-08,7,Thursday,0,0,0,0,0,6,22,0,0,0,144,31,60,0,0,0,0,0,0,0,263,0
EMP035,2026-01-09,8,Friday,0,0,0,0,0,8,22,0,0,0,134,31,67,0,0,0,0,0,0,0,262,0
EMP035,2026-01-10,9,Saturday,1,0,0,0,0,9,10,0,0,0,38,16,25,0,0,0,0,0,0,0,98,0
EMP035,2026-01-11,10,Sunday,1,0,0,0,0,0,0,0,0,0,0,0,0,0,0,0,0,0,0,0,0,0
EMP035,2026-01-12,11,Monday,0,0,0,0,0,8,34,0,0,0,100,27,61,0,0,0,0,0,0,0,230,0
EMP035,2026-01-13,12,Tuesday,0,0,0,0,0,21,20,0,0,0,170,25,75,0,0,0,0,0,0,0,311,0
EMP035,2026-01-14,13,Wednesday,0,0,0,0,0,16,31,0,0,0,116,49,57,0,0,0,0,0,0,0,269,0
EMP035,2026-01-15,14,Thursday,0,0,0,0,0,10,28,0,0,0,139,25,58,0,0,0,0,0,0,0,260,0
EMP035,2026-01-16,15,Friday,0,0,0,0,0,9,22,0,0,0,162,31,45,0,0,0,0,0,0,0,269,0
EMP035,2026-01-17,16,Saturday,1,0,0,0,0,5,10,0,0,0,55,17,18,0,0,0,0,0,0,0,105,0
EMP035,2026-01-18,17,Sunday,1,0,0,0,0,0,0,0,0,0,0,0,0,0,0,0,0,0,0,0,0,0
EMP035,2026-01-19,18,Monday,0,0,0,0,0,21,35,0,0,0,120,35,80,0,0,0,0,0,0,0,291,0
EMP035,2026-01-20,19,Tuesday,0,0,0,0,0,26,44,0,0,0,160,37,85,0,0,0,0,0,0,0,352,0
EMP035,2026-01-21,20,Wednesday,0,0,0,0,0,9,28,0,0,0,133,33,58,0,0,0,0,0,0,0,261,0
EMP035,2026-01-22,21,Thursday,0,0,0,0,0,8,27,0,0,0,152,47,41,0,0,0,0,0,0,0,275,0
EMP035,2026-01-23,22,Friday,0,0,0,1,0,0,0,0,0,0,0,0,0,0,0,0,0,0,0,0,0,0
EMP035,2026-01-24,23,Saturday,1,0,0,0,0,8,10,0,0,0,65,12,17,0,0,0,0,0,0,0,112,0
EMP035,2026-01-25,24,Sunday,1,0,0,0,0,0,0,0,0,0,0,0,0,0,0,0,0,0,0,0,0,0
EMP035,2026-01-26,25,Monday,0,1,0,0,0,0,0,0,0,0,0,0,0,0,0,0,0,0,0,0,0,0
EMP035,2026-01-27,26,Tuesday,0,0,0,0,0,10,40,0,0,0,133,38,54,0,0,0,0,0,0,0,275,0
EMP035,2026-01-28,27,Wednesday,0,0,0,0,0,7,8,0,0,0,39,14,22,0,0,0,0,0,0,0,90,0
EMP035,2026-01-29,28,Thursday,0,0,0,0,0,22,45,0,0,0,113,37,59,0,0,0,0,0,0,0,276,0
EMP035,2026-01-30,29,Friday,0,0,0,0,0,26,50,0,0,0,151,48,74,0,0,0,0,0,0,0,349,0
EMP035,2026-01-31,30,Saturday,1,0,0,0,0,6,16,0,0,0,75,11,20,0,0,0,0,0,0,0,128,0
EMP035,2026-02-01,31,Sunday,1,0,0,0,0,0,0,0,0,0,0,0,0,0,0,0,0,0,0,0,0,0
EMP035,2026-02-02,32,Monday,0,0,0,0,0,15,31,0,0,0,183,31,54,0,0,0,0,0,0,0,314,0
EMP035,2026-02-03,33,Tuesday,0,0,0,0,0,22,28,0,0,0,179,31,99,0,0,0,0,0,0,0,359,0
EMP035,2026-02-04,34,Wednesday,0,0,0,0,0,5,11,0,0,0,44,12,20,0,0,0,0,0,0,0,92,0
EMP035,2026-02-05,35,Thursday,0,0,0,0,0,20,35,0,0,0,112,42,68,0,0,0,0,0,0,0,277,0
EMP035,2026-02-06,36,Friday,0,0,0,0,0,13,43,0,0,0,144,64,55,0,0,0,0,0,0,0,319,0
EMP035,2026-02-07,37,Saturday,1,0,0,0,0,3,13,0,0,0,42,15,20,0,0,0,0,0,0,0,93,0
EMP035,2026-02-08,38,Sunday,1,0,0,0,0,0,0,0,0,0,0,0,0,0,0,0,0,0,0,0,0,0
EMP035,2026-02-09,39,Monday,0,0,1,0,0,0,1,0,0,0,6,2,3,0,0,0,0,0,0,0,12,0
EMP035,2026-02-10,40,Tuesday,0,0,0,0,0,14,26,0,0,0,133,47,58,0,0,0,0,0,0,0,278,0
EMP035,2026-02-11,41,Wednesday,0,0,0,0,0,16,20,0,0,0,135,40,73,0,0,0,0,0,0,0,284,0
EMP035,2026-02-12,42,Thursday,0,0,0,0,0,21,27,0,0,0,120,30,53,0,0,0,0,0,0,0,251,0
EMP035,2026-02-13,43,Friday,0,0,0,0,0,10,32,0,0,0,97,31,52,0,0,0,0,0,0,0,222,0
EMP035,2026-02-14,44,Saturday,1,0,0,0,0,6,15,0,0,0,45,20,20,0,0,0,0,0,0,0,106,0
EMP035,2026-02-15,45,Sunday,1,0,0,0,1,0,0,0,0,0,0,0,0,0,0,0,0,0,0,0,0,0
EMP035,2026-02-16,46,Monday,0,0,0,0,0,19,25,0,0,0,111,27,70,0,0,0,0,0,0,0,252,0
EMP035,2026-02-17,47,Tuesday,0,0,0,0,0,14,43,0,0,0,150,43,80,0,0,0,0,0,0,0,330,0
EMP035,2026-02-18,48,Wednesday,0,0,0,0,0,5,19,0,0,0,159,46,58,0,0,0,0,0,0,0,287,0
EMP035,2026-02-19,49,Thursday,0,0,0,0,0,6,25,0,0,0,137,53,67,0,0,0,0,0,0,0,288,0
EMP035,2026-02-20,50,Friday,0,0,0,0,0,6,44,0,0,0,120,34,39,0,0,0,0,0,0,0,243,0
EMP035,2026-02-21,51,Saturday,1,0,0,0,0,2,9,0,0,0,41,14,19,0,0,0,0,0,0,0,85,0
EMP035,2026-02-22,52,Sunday,1,0,1,0,0,0,0,0,0,0,0,0,0,0,0,0,0,0,0,0,0,0
EMP035,2026-02-23,53,Monday,0,0,0,0,0,8,36,0,0,0,142,32,45,0,0,0,0,0,0,0,263,0
EMP035,2026-02-24,54,Tuesday,0,0,0,0,0,25,37,0,0,0,148,35,44,0,0,0,0,0,0,0,289,0
EMP035,2026-02-25,55,Wednesday,0,0,0,0,0,19,23,0,0,0,88,50,75,0,0,0,0,0,0,0,255,0
EMP035,2026-02-26,56,Thursday,0,0,1,0,0,1,2,0,0,0,8,4,8,0,0,0,0,0,0,0,23,0
EMP035,2026-02-27,57,Friday,0,0,0,0,0,13,13,0,0,0,76,26,30,0,0,0,0,0,0,0,158,0
EMP035,2026-02-28,58,Saturday,1,0,0,0,0,11,10,0,0,0,51,19,34,0,0,0,0,0,0,0,125,0
EMP035,2026-03-01,59,Sunday,1,0,0,0,0,0,0,0,0,0,0,0,0,0,0,0,0,0,0,0,0,0
EMP035,2026-03-02,60,Monday,0,1,0,0,0,0,0,0,0,0,0,0,0,0,0,0,0,0,0,0,0,0
EMP035,2026-03-03,61,Tuesday,0,0,0,0,0,23,50,0,0,0,160,63,79,0,0,0,0,0,0,0,375,0
EMP035,2026-03-04,62,Wednesday,0,0,0,0,0,17,34,0,0,0,128,43,65,0,0,0,0,0,0,0,287,0
EMP035,2026-03-05,63,Thursday,0,0,0,0,0,25,32,0,0,0,106,32,56,0,0,0,0,0,0,0,251,0
EMP035,2026-03-06,64,Friday,0,0,0,0,0,20,36,0,0,0,173,53,54,0,0,0,0,0,0,0,336,0
EMP035,2026-03-07,65,Saturday,1,0,0,0,0,6,10,0,0,0,45,23,14,0,0,0,0,0,0,0,98,0
EMP035,2026-03-08,66,Sunday,1,0,0,0,0,0,0,0,0,0,0,0,0,0,0,0,0,0,0,0,0,0
EMP035,2026-03-09,67,Monday,0,0,0,0,0,12,36,0,0,0,169,25,59,0,0,0,0,0,0,0,301,0
EMP035,2026-03-10,68,Tuesday,0,0,0,0,0,6,44,0,0,0,162,34,79,0,0,0,0,0,0,0,325,0
EMP035,2026-03-11,69,Wednesday,0,0,0,0,0,13,29,0,0,0,113,55,42,0,0,0,0,0,0,0,252,0
EMP035,2026-03-12,70,Thursday,0,0,0,0,0,6,24,0,0,0,119,28,80,0,0,0,0,0,0,0,257,0
EMP035,2026-03-13,71,Friday,0,0,0,0,0,8,32,0,0,0,116,42,52,0,0,0,0,0,0,0,250,0
EMP035,2026-03-14,72,Saturday,1,0,0,0,0,8,7,0,0,0,43,8,20,0,0,0,0,0,0,0,86,0
EMP035,2026-03-15,73,Sunday,1,0,0,0,0,0,0,0,0,0,0,0,0,0,0,0,0,0,0,0,0,0
EMP035,2026-03-16,74,Monday,0,0,0,0,0,21,34,0,0,0,133,40,75,0,0,0,0,0,0,0,303,0
EMP035,2026-03-17,75,Tuesday,0,0,0,0,0,11,39,0,0,0,109,58,83,0,0,0,0,0,0,0,300,0
EMP035,2026-03-18,76,Wednesday,0,0,0,0,0,21,40,0,0,0,157,24,39,0,0,0,0,0,0,0,281,0
EMP035,2026-03-19,77,Thursday,0,0,0,0,0,24,26,0,0,0,153,45,79,0,0,0,0,0,0,0,327,0
EMP035,2026-03-20,78,Friday,0,0,0,0,0,24,31,0,0,0,134,43,39,0,0,0,0,0,0,0,271,0
EMP035,2026-03-21,79,Saturday,1,0,0,0,0,4,11,0,0,0,47,8,25,0,0,0,0,0,0,0,95,0
EMP035,2026-03-22,80,Sunday,1,0,0,0,0,0,0,0,0,0,0,0,0,0,0,0,0,0,0,0,0,0
EMP035,2026-03-23,81,Monday,0,0,0,0,0,7,37,0,0,0,115,41,68,0,0,0,0,0,0,0,268,0
EMP035,2026-03-24,82,Tuesday,0,0,0,0,0,10,39,0,0,0,152,34,52,0,0,0,0,0,0,0,287,0
EMP035,2026-03-25,83,Wednesday,0,0,0,0,0,16,26,0,0,0,153,64,101,0,0,0,0,0,0,0,360,0
EMP035,2026-03-26,84,Thursday,0,0,0,0,0,9,23,0,0,0,171,56,106,0,0,0,0,0,0,0,365,0
EMP035,2026-03-27,85,Friday,0,0,0,0,0,9,47,0,0,0,190,32,64,0,0,0,0,0,0,0,342,0
EMP035,2026-03-28,86,Saturday,1,0,0,0,0,9,12,0,0,0,72,22,26,0,0,0,0,0,0,0,141,0
EMP035,2026-03-29,87,Sunday,1,0,0,0,0,0,0,0,0,0,0,0,0,0,0,0,0,0,0,0,0,0
EMP035,2026-03-30,88,Monday,0,0,0,0,0,13,29,0,0,0,164,58,68,0,0,0,0,0,0,0,332,0
EMP035,2026-03-31,89,Tuesday,0,0,0,0,0,18,33,0,0,0,141,51,59,0,0,0,0,0,0,0,302,0
EMP036,2026-01-01,0,Thursday,0,1,0,0,0,0,0,0,0,0,0,0,0,0,0,0,0,0,0,0,0,0
EMP036,2026-01-02,1,Friday,0,0,0,0,0,18,27,0,0,0,99,51,68,0,0,0,0,0,0,0,263,0
EMP036,2026-01-03,2,Saturday,1,0,0,0,0,7,18,0,0,0,45,12,32,0,0,0,0,0,0,0,114,0
EMP036,2026-01-04,3,Sunday,1,0,0,0,0,0,0,0,0,0,0,0,0,0,0,0,0,0,0,0,0,0
EMP036,2026-01-05,4,Monday,0,0,0,0,0,4,11,0,0,0,61,18,32,0,0,0,0,0,0,0,126,0
EMP036,2026-01-06,5,Tuesday,0,0,0,1,0,0,0,0,0,0,0,0,0,0,0,0,0,0,0,0,0,0
EMP036,2026-01-07,6,Wednesday,0,0,0,0,0,12,34,0,0,0,138,20,67,0,0,0,0,0,0,0,271,0
EMP036,2026-01-08,7,Thursday,0,0,0,0,0,16,18,0,0,0,96,18,54,0,0,0,0,0,0,0,202,0
EMP036,2026-01-09,8,Friday,0,0,0,0,0,16,22,0,0,0,113,26,64,0,0,0,0,0,0,0,241,0
EMP036,2026-01-10,9,Saturday,1,0,0,0,0,3,12,0,0,0,49,11,12,0,0,0,0,0,0,0,87,0
EMP036,2026-01-11,10,Sunday,1,0,0,0,0,0,0,0,0,0,0,0,0,0,0,0,0,0,0,0,0,0
EMP036,2026-01-12,11,Monday,0,0,0,0,0,6,35,0,0,0,95,33,73,0,0,0,0,0,0,0,242,0
EMP036,2026-01-13,12,Tuesday,0,0,0,0,0,15,32,0,0,0,96,31,66,0,0,0,0,0,0,0,240,0
EMP036,2026-01-14,13,Wednesday,0,0,1,0,0,0,2,0,0,0,11,3,5,0,0,0,0,0,0,0,21,0
EMP036,2026-01-15,14,Thursday,0,0,0,0,0,7,22,0,0,0,77,42,41,0,0,0,0,0,0,0,189,0
EMP036,2026-01-16,15,Friday,0,0,0,0,0,7,29,0,0,0,97,34,44,0,0,0,0,0,0,0,211,0
EMP036,2026-01-17,16,Saturday,1,0,0,0,0,6,13,0,0,0,38,8,24,0,0,0,0,0,0,0,89,0
EMP036,2026-01-18,17,Sunday,1,0,0,0,0,0,0,0,0,0,0,0,0,0,0,0,0,0,0,0,0,0
EMP036,2026-01-19,18,Monday,0,0,0,0,0,8,25,0,0,0,108,44,38,0,0,0,0,0,0,0,223,0
EMP036,2026-01-20,19,Tuesday,0,0,0,0,0,6,28,0,0,0,114,46,40,0,0,0,0,0,0,0,234,0
EMP036,2026-01-21,20,Wednesday,0,0,0,0,0,10,33,0,0,0,113,31,72,0,0,0,0,0,0,0,259,0
EMP036,2026-01-22,21,Thursday,0,0,0,0,0,18,19,0,0,0,102,37,34,0,0,0,0,0,0,0,210,0
EMP036,2026-01-23,22,Friday,0,0,0,0,0,8,37,0,0,0,121,34,70,0,0,0,0,0,0,0,270,0
EMP036,2026-01-24,23,Saturday,1,0,0,0,0,2,11,0,0,0,38,18,28,0,0,0,0,0,0,0,97,0
EMP036,2026-01-25,24,Sunday,1,0,0,0,0,0,0,0,0,0,0,0,0,0,0,0,0,0,0,0,0,0
EMP036,2026-01-26,25,Monday,0,1,0,0,0,0,0,0,0,0,0,0,0,0,0,0,0,0,0,0,0,0
EMP036,2026-01-27,26,Tuesday,0,0,0,0,0,14,36,0,0,0,116,32,58,0,0,0,0,0,0,0,256,0
EMP036,2026-01-28,27,Wednesday,0,0,0,0,0,8,27,0,0,0,83,30,67,0,0,0,0,0,0,0,215,0
EMP036,2026-01-29,28,Thursday,0,0,0,0,0,16,41,0,0,0,103,31,48,0,0,0,0,0,0,0,239,0
EMP036,2026-01-30,29,Friday,0,0,0,0,0,8,25,0,0,0,134,30,68,0,0,0,0,0,0,0,265,0
EMP036,2026-01-31,30,Saturday,1,0,0,0,0,7,7,0,0,0,54,18,32,0,0,0,0,0,0,0,118,0
EMP036,2026-02-01,31,Sunday,1,0,0,0,0,0,0,0,0,0,0,0,0,0,0,0,0,0,0,0,0,0
EMP036,2026-02-02,32,Monday,0,0,0,0,0,13,35,0,0,0,126,40,85,0,0,0,0,0,0,0,299,0
EMP036,2026-02-03,33,Tuesday,0,0,0,0,0,22,40,0,0,0,165,63,60,0,0,0,0,0,0,0,350,0
EMP036,2026-02-04,34,Wednesday,0,0,0,0,0,7,33,0,0,0,73,54,50,0,0,0,0,0,0,0,217,0
EMP036,2026-02-05,35,Thursday,0,0,0,0,0,7,28,0,0,0,103,31,45,0,0,0,0,0,0,0,214,0
EMP036,2026-02-06,36,Friday,0,0,0,0,0,13,37,0,0,0,122,40,60,0,0,0,0,0,0,0,272,0
EMP036,2026-02-07,37,Saturday,1,0,0,0,0,1,6,0,0,0,20,7,15,0,0,0,0,0,0,0,49,0
EMP036,2026-02-08,38,Sunday,1,0,0,0,0,0,0,0,0,0,0,0,0,0,0,0,0,0,0,0,0,0
EMP036,2026-02-09,39,Monday,0,0,0,1,0,0,0,0,0,0,0,0,0,0,0,0,0,0,0,0,0,0
EMP036,2026-02-10,40,Tuesday,0,0,0,0,0,11,18,0,0,0,132,26,39,0,0,0,0,0,0,0,226,0
EMP036,2026-02-11,41,Wednesday,0,0,0,0,0,5,22,0,0,0,93,27,43,0,0,0,0,0,0,0,190,0
EMP036,2026-02-12,42,Thursday,0,0,0,0,0,10,15,0,0,0,84,30,61,0,0,0,0,0,0,0,200,0
EMP036,2026-02-13,43,Friday,0,0,0,0,0,13,26,0,0,0,117,33,37,0,0,0,0,0,0,0,226,0
EMP036,2026-02-14,44,Saturday,1,0,0,0,0,6,7,0,0,0,33,13,17,0,0,0,0,0,0,0,76,0
EMP036,2026-02-15,45,Sunday,1,0,1,0,1,0,0,0,0,0,0,0,0,0,0,0,0,0,0,0,0,0
EMP036,2026-02-16,46,Monday,0,0,0,0,0,10,32,0,0,0,113,35,51,0,0,0,0,0,0,0,241,0
EMP036,2026-02-17,47,Tuesday,0,0,0,0,0,20,18,0,0,0,140,44,62,0,0,0,0,0,0,0,284,0
EMP036,2026-02-18,48,Wednesday,0,0,0,0,0,20,16,0,0,0,122,44,39,0,0,0,0,0,0,0,241,0
EMP036,2026-02-19,49,Thursday,0,0,0,0,0,17,30,0,0,0,107,29,53,0,0,0,0,0,0,0,236,0
EMP036,2026-02-20,50,Friday,0,0,0,0,0,16,17,0,0,0,91,38,39,0,0,0,0,0,0,0,201,0
EMP036,2026-02-21,51,Saturday,1,0,0,0,0,4,12,0,0,0,44,8,26,0,0,0,0,0,0,0,94,0
EMP036,2026-02-22,52,Sunday,1,0,0,0,0,0,0,0,0,0,0,0,0,0,0,0,0,0,0,0,0,0
EMP036,2026-02-23,53,Monday,0,0,0,0,0,6,28,0,0,0,95,30,84,0,0,0,0,0,0,0,243,0
EMP036,2026-02-24,54,Tuesday,0,0,0,0,0,11,19,0,0,0,108,26,59,0,0,0,0,0,0,0,223,0
EMP036,2026-02-25,55,Wednesday,0,0,0,0,0,16,25,0,0,0,113,28,48,0,0,0,0,0,0,0,230,0
EMP036,2026-02-26,56,Thursday,0,0,0,0,0,7,18,0,0,0,123,50,57,0,0,0,0,0,0,0,255,0
EMP036,2026-02-27,57,Friday,0,0,0,0,0,15,26,0,0,0,106,39,65,0,0,0,0,0,0,0,251,0
EMP036,2026-02-28,58,Saturday,1,0,0,0,0,7,12,0,0,0,50,13,14,0,0,0,0,0,0,0,96,0
EMP036,2026-03-01,59,Sunday,1,0,0,0,0,0,0,0,0,0,0,0,0,0,0,0,0,0,0,0,0,0
EMP036,2026-03-02,60,Monday,0,1,0,0,0,0,0,0,0,0,0,0,0,0,0,0,0,0,0,0,0,0
EMP036,2026-03-03,61,Tuesday,0,0,0,0,0,11,41,0,0,0,118,57,45,0,0,0,0,0,0,0,272,0
EMP036,2026-03-04,62,Wednesday,0,0,0,0,0,5,29,0,0,0,93,44,71,0,0,0,0,0,0,0,242,0
EMP036,2026-03-05,63,Thursday,0,0,0,0,0,11,15,0,0,0,92,35,44,0,0,0,0,0,0,0,197,0
EMP036,2026-03-06,64,Friday,0,0,0,0,0,9,11,0,0,0,46,13,29,0,0,0,0,0,0,0,108,0
EMP036,2026-03-07,65,Saturday,1,0,0,0,0,4,6,0,0,0,16,4,8,0,0,0,0,0,0,0,38,0
EMP036,2026-03-08,66,Sunday,1,0,0,0,0,0,0,0,0,0,0,0,0,0,0,0,0,0,0,0,0,0
EMP036,2026-03-09,67,Monday,0,0,0,0,0,18,25,0,0,0,90,40,53,0,0,0,0,0,0,0,226,0
EMP036,2026-03-10,68,Tuesday,0,0,0,0,0,17,32,0,0,0,109,44,72,0,0,0,0,0,0,0,274,0
EMP036,2026-03-11,69,Wednesday,0,0,0,0,0,5,16,0,0,0,70,21,18,0,0,0,0,0,0,0,130,0
EMP036,2026-03-12,70,Thursday,0,0,0,0,0,18,24,0,0,0,94,29,32,0,0,0,0,0,0,0,197,0
EMP036,2026-03-13,71,Friday,0,0,0,0,0,14,33,0,0,0,113,30,37,0,0,0,0,0,0,0,227,0
EMP036,2026-03-14,72,Saturday,1,0,0,0,0,6,7,0,0,0,41,10,19,0,0,0,0,0,0,0,83,0
EMP036,2026-03-15,73,Sunday,1,0,0,0,0,0,0,0,0,0,0,0,0,0,0,0,0,0,0,0,0,0
EMP036,2026-03-16,74,Monday,0,0,0,0,0,9,31,0,0,0,81,31,62,0,0,0,0,0,0,0,214,0
EMP036,2026-03-17,75,Tuesday,0,0,0,0,0,20,20,0,0,0,117,28,40,0,0,0,0,0,0,0,225,0
EMP036,2026-03-18,76,Wednesday,0,0,0,0,0,7,14,0,0,0,82,22,59,0,0,0,0,0,0,0,184,0
EMP036,2026-03-19,77,Thursday,0,0,0,0,0,7,13,0,0,0,59,30,30,0,0,0,0,0,0,0,139,0
EMP036,2026-03-20,78,Friday,0,0,0,0,0,6,31,0,0,0,93,25,53,0,0,0,0,0,0,0,208,0
EMP036,2026-03-21,79,Saturday,1,0,1,0,0,0,1,0,0,0,4,0,2,0,0,0,0,0,0,0,7,0
EMP036,2026-03-22,80,Sunday,1,0,0,0,0,0,0,0,0,0,0,0,0,0,0,0,0,0,0,0,0,0
EMP036,2026-03-23,81,Monday,0,0,0,0,0,7,36,0,0,0,133,26,35,0,0,0,0,0,0,0,237,0
EMP036,2026-03-24,82,Tuesday,0,0,0,0,0,13,26,0,0,0,156,31,62,0,0,0,0,0,0,0,288,0
EMP036,2026-03-25,83,Wednesday,0,0,0,0,0,8,18,0,0,0,89,29,43,0,0,0,0,0,0,0,187,0
EMP036,2026-03-26,84,Thursday,0,0,0,0,0,12,39,0,0,0,137,40,40,0,0,0,0,0,0,0,268,0
EMP036,2026-03-27,85,Friday,0,0,0,0,0,12,37,0,0,0,187,54,67,0,0,0,0,0,0,0,357,0
EMP036,2026-03-28,86,Saturday,1,0,0,0,0,7,14,0,0,0,46,10,37,0,0,0,0,0,0,0,114,0
EMP036,2026-03-29,87,Sunday,1,0,0,0,0,0,0,0,0,0,0,0,0,0,0,0,0,0,0,0,0,0
EMP036,2026-03-30,88,Monday,0,0,0,0,0,16,27,0,0,0,98,26,68,0,0,0,0,0,0,0,235,0
EMP036,2026-03-31,89,Tuesday,0,0,0,0,0,13,22,0,0,0,165,42,67,0,0,0,0,0,0,0,309,0
EMP037,2026-01-01,0,Thursday,0,1,0,0,0,0,0,0,0,0,0,0,0,0,0,0,0,0,0,0,0,0
EMP037,2026-01-02,1,Friday,0,0,0,0,0,23,51,0,174,0,0,27,0,0,25,0,0,0,101,0,401,0
EMP037,2026-01-03,2,Saturday,1,0,0,0,0,9,12,0,55,0,0,10,0,0,7,0,0,0,30,0,123,0
EMP037,2026-01-04,3,Sunday,1,0,0,0,0,0,0,0,0,0,0,0,0,0,0,0,0,0,0,0,0,0
EMP037,2026-01-05,4,Monday,0,0,0,0,0,14,36,0,82,0,0,24,0,0,25,0,0,0,53,0,234,0
EMP037,2026-01-06,5,Tuesday,0,0,0,0,0,13,23,0,144,0,0,11,0,0,32,0,0,0,62,0,285,0
EMP037,2026-01-07,6,Wednesday,0,0,0,0,0,18,21,0,94,0,0,12,0,0,24,0,0,0,64,0,233,0
EMP037,2026-01-08,7,Thursday,0,0,0,0,0,10,34,0,91,0,0,28,0,0,25,0,0,0,60,0,248,0
EMP037,2026-01-09,8,Friday,0,0,0,0,0,20,42,0,132,0,0,14,0,0,19,0,0,0,53,0,280,0
EMP037,2026-01-10,9,Saturday,1,0,0,0,0,9,14,0,36,0,0,8,0,0,8,0,0,0,36,0,111,0
EMP037,2026-01-11,10,Sunday,1,0,0,0,0,0,0,0,0,0,0,0,0,0,0,0,0,0,0,0,0,0
EMP037,2026-01-12,11,Monday,0,0,0,0,0,16,25,0,132,0,0,26,0,0,15,0,0,0,89,0,303,0
EMP037,2026-01-13,12,Tuesday,0,0,0,0,0,24,25,0,122,0,0,25,0,0,24,0,0,0,65,0,285,0
EMP037,2026-01-14,13,Wednesday,0,0,0,0,0,23,34,0,85,0,0,22,0,0,11,0,0,0,56,0,231,0
EMP037,2026-01-15,14,Thursday,0,0,0,0,0,15,34,0,109,0,0,25,0,0,19,0,0,0,81,0,283,0
EMP037,2026-01-16,15,Friday,0,0,0,0,0,24,32,0,87,0,0,22,0,0,31,0,0,0,63,0,259,0
EMP037,2026-01-17,16,Saturday,1,0,1,0,0,0,0,0,1,0,0,0,0,0,0,0,0,0,1,0,2,0
EMP037,2026-01-18,17,Sunday,1,0,0,0,0,0,0,0,0,0,0,0,0,0,0,0,0,0,0,0,0,0
EMP037,2026-01-19,18,Monday,0,0,0,0,0,23,34,0,88,0,0,23,0,0,28,0,0,0,68,0,264,0
EMP037,2026-01-20,19,Tuesday,0,0,0,0,0,16,41,0,144,0,0,26,0,0,32,0,0,0,79,0,338,0
EMP037,2026-01-21,20,Wednesday,0,0,0,0,0,14,25,0,116,0,0,25,0,0,12,0,0,0,71,0,263,0
EMP037,2026-01-22,21,Thursday,0,0,0,0,0,23,44,0,99,0,0,12,0,0,17,0,0,0,55,0,250,0
EMP037,2026-01-23,22,Friday,0,0,0,1,0,0,0,0,0,0,0,0,0,0,0,0,0,0,0,0,0,0
EMP037,2026-01-24,23,Saturday,1,0,0,0,0,5,8,0,42,0,0,8,0,0,11,0,0,0,29,0,103,0
EMP037,2026-01-25,24,Sunday,1,0,0,0,0,0,0,0,0,0,0,0,0,0,0,0,0,0,0,0,0,0
EMP037,2026-01-26,25,Monday,0,1,0,0,0,0,0,0,0,0,0,0,0,0,0,0,0,0,0,0,0,0
EMP037,2026-01-27,26,Tuesday,0,0,0,0,0,17,43,0,96,0,0,12,0,0,23,0,0,0,62,0,253,0
EMP037,2026-01-28,27,Wednesday,0,0,0,0,0,22,38,0,127,0,0,18,0,0,28,0,0,0,76,0,309,0
EMP037,2026-01-29,28,Thursday,0,0,0,0,0,10,33,0,150,0,0,21,0,0,12,0,0,0,100,0,326,0
EMP037,2026-01-30,29,Friday,0,0,0,0,0,18,36,0,142,0,0,29,0,0,13,0,0,0,68,0,306,0
EMP037,2026-01-31,30,Saturday,1,0,0,0,0,5,16,0,38,0,0,10,0,0,5,0,0,0,30,0,104,0
EMP037,2026-02-01,31,Sunday,1,0,0,0,0,0,0,0,0,0,0,0,0,0,0,0,0,0,0,0,0,0
EMP037,2026-02-02,32,Monday,0,0,0,0,0,18,38,0,180,0,0,15,0,0,38,0,0,0,76,0,365,0
EMP037,2026-02-03,33,Tuesday,0,0,0,0,0,17,55,0,138,0,0,23,0,0,24,0,0,0,84,0,341,0
EMP037,2026-02-04,34,Wednesday,0,0,0,0,0,11,25,0,132,0,0,16,0,0,21,0,0,0,64,0,269,0
EMP037,2026-02-05,35,Thursday,0,0,0,0,0,26,19,0,102,0,0,25,0,0,14,0,0,0,56,0,242,0
EMP037,2026-02-06,36,Friday,0,0,0,0,0,26,29,0,108,0,0,11,0,0,35,0,0,0,62,0,271,0
EMP037,2026-02-07,37,Saturday,1,0,0,0,0,8,18,0,54,0,0,5,0,0,5,0,0,0,27,0,117,0
EMP037,2026-02-08,38,Sunday,1,0,0,0,0,0,0,0,0,0,0,0,0,0,0,0,0,0,0,0,0,0
EMP037,2026-02-09,39,Monday,0,0,0,0,0,13,42,0,132,0,0,24,0,0,11,0,0,0,64,0,286,0
EMP037,2026-02-10,40,Tuesday,0,0,0,0,0,14,27,0,147,0,0,28,0,0,29,0,0,0,60,0,305,0
EMP037,2026-02-11,41,Wednesday,0,0,0,0,0,19,33,0,127,0,0,13,0,0,29,0,0,0,69,0,290,0
EMP037,2026-02-12,42,Thursday,0,0,0,0,0,15,41,0,119,0,0,13,0,0,20,0,0,0,52,0,260,0
EMP037,2026-02-13,43,Friday,0,0,0,0,0,19,24,0,87,0,0,21,0,0,30,0,0,0,87,0,268,0
EMP037,2026-02-14,44,Saturday,1,0,0,0,0,5,11,0,43,0,0,5,0,0,4,0,0,0,31,0,99,0
EMP037,2026-02-15,45,Sunday,1,0,0,0,1,0,0,0,0,0,0,0,0,0,0,0,0,0,0,0,0,0
EMP037,2026-02-16,46,Monday,0,0,0,0,0,19,43,0,88,0,0,21,0,0,16,0,0,0,56,0,243,0
EMP037,2026-02-17,47,Tuesday,0,0,0,0,0,14,46,0,135,0,0,24,0,0,13,0,0,0,98,0,330,0
EMP037,2026-02-18,48,Wednesday,0,0,0,0,0,16,27,0,149,0,0,9,0,0,23,0,0,0,70,0,294,0
EMP037,2026-02-19,49,Thursday,0,0,0,0,0,15,39,0,93,0,0,15,0,0,17,0,0,0,66,0,245,0
EMP037,2026-02-20,50,Friday,0,0,0,0,0,24,27,0,152,0,0,13,0,0,16,0,0,0,63,0,295,0
EMP037,2026-02-21,51,Saturday,1,0,0,0,0,6,10,0,58,0,0,4,0,0,8,0,0,0,34,0,120,0
EMP037,2026-02-22,52,Sunday,1,0,0,0,0,0,0,0,0,0,0,0,0,0,0,0,0,0,0,0,0,0
EMP037,2026-02-23,53,Monday,0,0,0,0,0,25,42,0,115,0,0,22,0,0,33,0,0,0,66,0,303,0
EMP037,2026-02-24,54,Tuesday,0,0,0,0,0,27,24,0,155,0,0,21,0,0,27,0,0,0,96,0,350,0
EMP037,2026-02-25,55,Wednesday,0,0,0,0,0,26,41,0,95,0,0,24,0,0,21,0,0,0,53,0,260,0
EMP037,2026-02-26,56,Thursday,0,0,0,0,0,18,51,0,103,0,0,26,0,0,24,0,0,0,90,0,312,0
EMP037,2026-02-27,57,Friday,0,0,0,0,0,16,49,0,160,0,0,20,0,0,25,0,0,0,102,0,372,0
EMP037,2026-02-28,58,Saturday,1,0,0,0,0,12,9,0,57,0,0,5,0,0,10,0,0,0,30,0,123,0
EMP037,2026-03-01,59,Sunday,1,0,0,0,0,0,0,0,0,0,0,0,0,0,0,0,0,0,0,0,0,0
EMP037,2026-03-02,60,Monday,0,1,0,0,0,0,0,0,0,0,0,0,0,0,0,0,0,0,0,0,0,0
EMP037,2026-03-03,61,Tuesday,0,0,0,0,0,28,57,0,175,0,0,16,0,0,41,0,0,0,103,0,420,0
EMP037,2026-03-04,62,Wednesday,0,0,0,0,0,24,44,0,118,0,0,24,0,0,30,0,0,0,54,0,294,0
EMP037,2026-03-05,63,Thursday,0,0,0,0,0,18,29,0,138,0,0,21,0,0,25,0,0,0,52,0,283,0
EMP037,2026-03-06,64,Friday,0,0,0,0,0,23,20,0,102,0,0,19,0,0,15,0,0,0,84,0,263,0
EMP037,2026-03-07,65,Saturday,1,0,0,0,0,6,10,0,46,0,0,4,0,0,8,0,0,0,26,0,100,0
EMP037,2026-03-08,66,Sunday,1,0,0,0,0,0,0,0,0,0,0,0,0,0,0,0,0,0,0,0,0,0
EMP037,2026-03-09,67,Monday,0,0,0,0,0,11,24,0,90,0,0,20,0,0,15,0,0,0,78,0,238,0
EMP037,2026-03-10,68,Tuesday,0,0,0,0,0,11,46,0,123,0,0,11,0,0,18,0,0,0,87,0,296,0
EMP037,2026-03-11,69,Wednesday,0,0,1,0,0,1,3,0,9,0,0,1,0,0,1,0,0,0,3,0,18,0
EMP037,2026-03-12,70,Thursday,0,0,0,0,0,10,22,0,85,0,0,17,0,0,14,0,0,0,60,0,208,0
EMP037,2026-03-13,71,Friday,0,0,0,0,0,25,26,0,136,0,0,19,0,0,14,0,0,0,78,0,298,0
EMP037,2026-03-14,72,Saturday,1,0,0,0,0,6,11,0,43,0,0,3,0,0,4,0,0,0,20,0,87,0
EMP037,2026-03-15,73,Sunday,1,0,0,0,0,0,0,0,0,0,0,0,0,0,0,0,0,0,0,0,0,0
EMP037,2026-03-16,74,Monday,0,0,0,0,0,18,37,0,97,0,0,17,0,0,24,0,0,0,61,0,254,0
EMP037,2026-03-17,75,Tuesday,0,0,0,0,0,13,56,0,146,0,0,13,0,0,25,0,0,0,80,0,333,0
EMP037,2026-03-18,76,Wednesday,0,0,0,0,0,18,36,0,86,0,0,25,0,0,27,0,0,0,57,0,249,0
EMP037,2026-03-19,77,Thursday,0,0,0,0,0,15,21,0,128,0,0,15,0,0,18,0,0,0,54,0,251,0
EMP037,2026-03-20,78,Friday,0,0,0,0,0,23,37,0,105,0,0,11,0,0,20,0,0,0,66,0,262,0
EMP037,2026-03-21,79,Saturday,1,0,0,0,0,8,12,0,42,0,0,7,0,0,5,0,0,0,27,0,101,0
EMP037,2026-03-22,80,Sunday,1,0,0,0,0,0,0,0,0,0,0,0,0,0,0,0,0,0,0,0,0,0
EMP037,2026-03-23,81,Monday,0,0,0,0,0,25,30,0,108,0,0,19,0,0,15,0,0,0,67,0,264,0
EMP037,2026-03-24,82,Tuesday,0,0,0,0,0,28,46,0,83,0,0,23,0,0,29,0,0,0,62,0,271,0
EMP037,2026-03-25,83,Wednesday,0,0,0,0,0,18,28,0,141,0,0,14,0,0,19,0,0,0,58,0,278,0
EMP037,2026-03-26,84,Thursday,0,0,0,0,0,15,36,0,159,0,0,24,0,0,21,0,0,0,132,0,387,0
EMP037,2026-03-27,85,Friday,0,0,0,0,0,24,57,0,148,0,0,14,0,0,42,0,0,0,78,0,363,0
EMP037,2026-03-28,86,Saturday,1,0,0,0,0,13,14,0,56,0,0,7,0,0,8,0,0,0,23,0,121,0
EMP037,2026-03-29,87,Sunday,1,0,0,0,0,0,0,0,0,0,0,0,0,0,0,0,0,0,0,0,0,0
EMP037,2026-03-30,88,Monday,0,0,0,0,0,29,24,0,108,0,0,18,0,0,20,0,0,0,80,0,279,0
EMP037,2026-03-31,89,Tuesday,0,0,0,0,0,27,42,0,156,0,0,11,0,0,26,0,0,0,116,0,378,0
EMP038,2026-01-01,0,Thursday,0,1,0,0,0,0,0,0,0,0,0,0,0,0,0,0,0,0,0,0,0,0
EMP038,2026-01-02,1,Friday,0,0,0,0,0,25,45,0,124,0,0,33,0,0,31,0,0,0,65,0,323,0
EMP038,2026-01-03,2,Saturday,1,0,0,0,0,13,12,0,55,0,0,10,0,0,9,0,0,0,33,0,132,0
EMP038,2026-01-04,3,Sunday,1,0,0,0,0,0,0,0,0,0,0,0,0,0,0,0,0,0,0,0,0,0
EMP038,2026-01-05,4,Monday,0,0,0,0,0,18,53,0,180,0,0,13,0,0,36,0,0,0,103,0,403,0
EMP038,2026-01-06,5,Tuesday,0,0,0,0,0,33,38,0,146,0,0,17,0,0,26,0,0,0,59,0,319,0
EMP038,2026-01-07,6,Wednesday,0,0,0,0,0,14,32,0,102,0,0,21,0,0,28,0,0,0,89,0,286,0
EMP038,2026-01-08,7,Thursday,0,0,0,0,0,21,56,0,115,0,0,35,0,0,21,0,0,0,79,0,327,0
EMP038,2026-01-09,8,Friday,0,0,0,0,0,30,36,0,112,0,0,21,0,0,16,0,0,0,68,0,283,0
EMP038,2026-01-10,9,Saturday,1,0,0,0,0,6,12,0,51,0,0,11,0,0,7,0,0,0,27,0,114,0
EMP038,2026-01-11,10,Sunday,1,0,0,0,0,0,0,0,0,0,0,0,0,0,0,0,0,0,0,0,0,0
EMP038,2026-01-12,11,Monday,0,0,0,0,0,19,48,0,161,0,0,20,0,0,36,0,0,0,79,0,363,0
EMP038,2026-01-13,12,Tuesday,0,0,0,0,0,17,21,0,72,0,0,19,0,0,22,0,0,0,66,0,217,0
EMP038,2026-01-14,13,Wednesday,0,0,0,0,0,18,32,0,108,0,0,19,0,0,12,0,0,0,75,0,264,0
EMP038,2026-01-15,14,Thursday,0,0,0,0,0,29,26,0,135,0,0,19,0,0,14,0,0,0,98,0,321,0
EMP038,2026-01-16,15,Friday,0,0,0,0,0,25,38,0,129,0,0,24,0,0,27,0,0,0,79,0,322,0
EMP038,2026-01-17,16,Saturday,1,0,0,0,0,5,13,0,38,0,0,4,0,0,7,0,0,0,30,0,97,0
EMP038,2026-01-18,17,Sunday,1,0,1,0,0,0,0,0,0,0,0,0,0,0,0,0,0,0,0,0,0,0
EMP038,2026-01-19,18,Monday,0,0,0,0,0,13,55,0,96,0,0,15,0,0,27,0,0,0,87,0,293,0
EMP038,2026-01-20,19,Tuesday,0,0,0,0,0,27,48,0,129,0,0,17,0,0,29,0,0,0,112,0,362,0
EMP038,2026-01-21,20,Wednesday,0,0,0,0,0,21,43,0,135,0,0,13,0,0,21,0,0,0,70,0,303,0
EMP038,2026-01-22,21,Thursday,0,0,0,0,0,16,43,0,166,0,0,12,0,0,24,0,0,0,89,0,350,0
EMP038,2026-01-23,22,Friday,0,0,0,0,0,24,34,0,130,0,0,26,0,0,13,0,0,0,80,0,307,0
EMP038,2026-01-24,23,Saturday,1,0,0,0,0,4,16,0,58,0,0,12,0,0,9,0,0,0,46,0,145,0
EMP038,2026-01-25,24,Sunday,1,0,0,0,0,0,0,0,0,0,0,0,0,0,0,0,0,0,0,0,0,0
EMP038,2026-01-26,25,Monday,0,1,0,0,0,0,0,0,0,0,0,0,0,0,0,0,0,0,0,0,0,0
EMP038,2026-01-27,26,Tuesday,0,0,0,0,0,19,38,0,158,0,0,27,0,0,35,0,0,0,72,0,349,0
EMP038,2026-01-28,27,Wednesday,0,0,0,0,0,10,26,0,64,0,0,10,0,0,14,0,0,0,53,0,177,0
EMP038,2026-01-29,28,Thursday,0,0,0,0,0,30,33,0,195,0,0,34,0,0,36,0,0,0,105,0,433,0
EMP038,2026-01-30,29,Friday,0,0,0,0,0,14,19,0,66,0,0,12,0,0,10,0,0,0,49,0,170,0
EMP038,2026-01-31,30,Saturday,1,0,0,0,0,11,24,0,52,0,0,5,0,0,12,0,0,0,27,0,131,0
EMP038,2026-02-01,31,Sunday,1,0,0,0,0,0,0,0,0,0,0,0,0,0,0,0,0,0,0,0,0,0
EMP038,2026-02-02,32,Monday,0,0,0,0,0,39,45,0,185,0,0,33,0,0,27,0,0,0,142,0,471,0
EMP038,2026-02-03,33,Tuesday,0,0,0,0,0,17,52,0,150,0,0,28,0,0,39,0,0,0,76,0,362,0
EMP038,2026-02-04,34,Wednesday,0,0,0,0,0,14,32,0,143,0,0,16,0,0,31,0,0,0,97,0,333,0
EMP038,2026-02-05,35,Thursday,0,0,0,0,0,20,49,0,101,0,0,27,0,0,36,0,0,0,103,0,336,0
EMP038,2026-02-06,36,Friday,0,0,0,0,0,31,29,0,137,0,0,17,0,0,18,0,0,0,64,0,296,0
EMP038,2026-02-07,37,Saturday,1,0,0,0,0,6,17,0,38,0,0,6,0,0,8,0,0,0,27,0,102,0
EMP038,2026-02-08,38,Sunday,1,0,1,0,0,0,0,0,0,0,0,0,0,0,0,0,0,0,0,0,0,0
EMP038,2026-02-09,39,Monday,0,0,0,0,0,22,25,0,91,0,0,25,0,0,12,0,0,0,87,0,262,0
EMP038,2026-02-10,40,Tuesday,0,0,0,0,0,17,31,0,113,0,0,14,0,0,17,0,0,0,71,0,263,0
EMP038,2026-02-11,41,Wednesday,0,0,0,1,0,0,0,0,0,0,0,0,0,0,0,0,0,0,0,0,0,0
EMP038,2026-02-12,42,Thursday,0,0,0,0,0,13,48,0,135,0,0,27,0,0,25,0,0,0,110,0,358,0
EMP038,2026-02-13,43,Friday,0,0,0,0,0,21,50,0,155,0,0,22,0,0,24,0,0,0,79,0,351,0
EMP038,2026-02-14,44,Saturday,1,0,0,0,0,2,5,0,30,0,0,2,0,0,5,0,0,0,14,0,58,0
EMP038,2026-02-15,45,Sunday,1,0,0,0,1,0,0,0,0,0,0,0,0,0,0,0,0,0,0,0,0,0
EMP038,2026-02-16,46,Monday,0,0,0,0,0,28,48,0,128,0,0,26,0,0,20,0,0,0,80,0,330,0
EMP038,2026-02-17,47,Tuesday,0,0,0,0,0,17,37,0,187,0,0,13,0,0,15,0,0,0,103,0,372,0
EMP038,2026-02-18,48,Wednesday,0,0,0,0,0,12,33,0,136,0,0,19,0,0,11,0,0,0,80,0,291,0
EMP038,2026-02-19,49,Thursday,0,0,0,0,0,14,33,0,165,0,0,12,0,0,33,0,0,0,67,0,324,0
EMP038,2026-02-20,50,Friday,0,0,0,0,0,16,22,0,173,0,0,12,0,0,32,0,0,0,101,0,356,0
EMP038,2026-02-21,51,Saturday,1,0,0,0,0,5,20,0,51,0,0,8,0,0,11,0,0,0,41,0,136,0
EMP038,2026-02-22,52,Sunday,1,0,0,0,0,0,0,0,0,0,0,0,0,0,0,0,0,0,0,0,0,0
EMP038,2026-02-23,53,Monday,0,0,0,0,0,21,34,0,110,0,0,30,0,0,35,0,0,0,83,0,313,0
EMP038,2026-02-24,54,Tuesday,0,0,0,0,0,14,50,0,105,0,0,22,0,0,13,0,0,0,119,0,323,0
EMP038,2026-02-25,55,Wednesday,0,0,0,0,0,25,23,0,123,0,0,28,0,0,17,0,0,0,79,0,295,0
EMP038,2026-02-26,56,Thursday,0,0,0,0,0,15,36,0,89,0,0,15,0,0,19,0,0,0,52,0,226,0
EMP038,2026-02-27,57,Friday,0,0,0,0,0,34,32,0,170,0,0,30,0,0,32,0,0,0,114,0,412,0
EMP038,2026-02-28,58,Saturday,1,0,0,0,0,9,16,0,79,0,0,5,0,0,5,0,0,0,33,0,147,0
EMP038,2026-03-01,59,Sunday,1,0,0,0,0,0,0,0,0,0,0,0,0,0,0,0,0,0,0,0,0,0
EMP038,2026-03-02,60,Monday,0,1,0,0,0,0,0,0,0,0,0,0,0,0,0,0,0,0,0,0,0,0
EMP038,2026-03-03,61,Tuesday,0,0,0,0,0,30,39,0,196,0,0,30,0,0,41,0,0,0,95,0,431,0
EMP038,2026-03-04,62,Wednesday,0,0,0,0,0,24,42,0,170,0,0,23,0,0,27,0,0,0,74,0,360,0
EMP038,2026-03-05,63,Thursday,0,0,1,0,0,1,2,0,11,0,0,1,0,0,1,0,0,0,4,0,20,0
EMP038,2026-03-06,64,Friday,0,0,0,0,0,13,43,0,151,0,0,20,0,0,37,0,0,0,116,0,380,0
EMP038,2026-03-07,65,Saturday,1,0,0,0,0,8,12,0,38,0,0,4,0,0,13,0,0,0,41,0,116,0
EMP038,2026-03-08,66,Sunday,1,0,0,0,0,0,0,0,0,0,0,0,0,0,0,0,0,0,0,0,0,0
EMP038,2026-03-09,67,Monday,0,0,0,0,0,27,45,0,99,0,0,20,0,0,20,0,0,0,118,0,329,0
EMP038,2026-03-10,68,Tuesday,0,0,0,0,0,38,27,0,175,0,0,31,0,0,21,0,0,0,63,0,355,0
EMP038,2026-03-11,69,Wednesday,0,0,0,0,0,21,23,0,110,0,0,24,0,0,13,0,0,0,73,0,264,0
EMP038,2026-03-12,70,Thursday,0,0,0,0,0,10,24,0,97,0,0,11,0,0,17,0,0,0,81,0,240,0
EMP038,2026-03-13,71,Friday,0,0,0,0,0,12,31,0,135,0,0,16,0,0,27,0,0,0,70,0,291,0
EMP038,2026-03-14,72,Saturday,1,0,0,0,0,7,18,0,42,0,0,10,0,0,6,0,0,0,25,0,108,0
EMP038,2026-03-15,73,Sunday,1,0,0,0,0,0,0,0,0,0,0,0,0,0,0,0,0,0,0,0,0,0
EMP038,2026-03-16,74,Monday,0,0,0,0,0,27,33,0,127,0,0,20,0,0,13,0,0,0,104,0,324,0
EMP038,2026-03-17,75,Tuesday,0,0,0,0,0,25,48,0,145,0,0,29,0,0,40,0,0,0,88,0,375,0
EMP038,2026-03-18,76,Wednesday,0,0,0,0,0,18,37,0,92,0,0,25,0,0,17,0,0,0,77,0,266,0
EMP038,2026-03-19,77,Thursday,0,0,0,0,0,27,39,0,158,0,0,30,0,0,24,0,0,0,84,0,362,0
EMP038,2026-03-20,78,Friday,0,0,0,1,0,0,0,0,0,0,0,0,0,0,0,0,0,0,0,0,0,0
EMP038,2026-03-21,79,Saturday,1,0,0,0,0,11,19,0,46,0,0,8,0,0,14,0,0,0,31,0,129,0
EMP038,2026-03-22,80,Sunday,1,0,0,0,0,0,0,0,0,0,0,0,0,0,0,0,0,0,0,0,0,0
EMP038,2026-03-23,81,Monday,0,0,0,0,0,12,32,0,71,0,0,7,0,0,12,0,0,0,48,0,182,0
EMP038,2026-03-24,82,Tuesday,0,0,0,0,0,23,30,0,120,0,0,35,0,0,25,0,0,0,79,0,312,0
EMP038,2026-03-25,83,Wednesday,0,0,0,0,0,28,40,0,203,0,0,25,0,0,44,0,0,0,112,0,452,0
EMP038,2026-03-26,84,Thursday,0,0,0,0,0,37,72,0,235,0,0,31,0,0,31,0,0,0,114,0,520,0
EMP038,2026-03-27,85,Friday,0,0,0,0,0,24,50,0,192,0,0,32,0,0,41,0,0,0,111,0,450,0
EMP038,2026-03-28,86,Saturday,1,0,0,0,0,13,17,0,49,0,0,14,0,0,9,0,0,0,40,0,142,0
EMP038,2026-03-29,87,Sunday,1,0,0,0,0,0,0,0,0,0,0,0,0,0,0,0,0,0,0,0,0,0
EMP038,2026-03-30,88,Monday,0,0,0,1,0,0,0,0,0,0,0,0,0,0,0,0,0,0,0,0,0,0
EMP038,2026-03-31,89,Tuesday,0,0,0,0,0,31,63,0,152,0,0,21,0,0,22,0,0,0,97,0,386,0
EMP039,2026-01-01,0,Thursday,0,1,0,0,0,0,0,0,0,0,0,0,0,0,0,0,0,0,0,0,0,0
EMP039,2026-01-02,1,Friday,0,0,0,0,0,12,11,0,56,0,0,12,0,0,12,0,0,0,47,0,150,0
EMP039,2026-01-03,2,Saturday,1,0,0,0,0,3,4,0,22,0,0,3,0,0,2,0,0,0,12,0,46,0
EMP039,2026-01-04,3,Sunday,1,0,0,0,0,0,0,0,0,0,0,0,0,0,0,0,0,0,0,0,0,0
EMP039,2026-01-05,4,Monday,0,0,0,0,0,8,15,0,41,0,0,12,0,0,12,0,0,0,27,0,115,0
EMP039,2026-01-06,5,Tuesday,0,0,0,0,0,10,13,0,45,0,0,10,0,0,11,0,0,0,42,0,131,0
EMP039,2026-01-07,6,Wednesday,0,0,0,0,0,11,16,0,53,0,0,7,0,0,13,0,0,0,37,0,137,0
EMP039,2026-01-08,7,Thursday,0,0,0,0,0,10,18,0,61,0,0,10,0,0,8,0,0,0,37,0,144,0
EMP039,2026-01-09,8,Friday,0,0,0,1,0,0,0,0,0,0,0,0,0,0,0,0,0,0,0,0,0,0
EMP039,2026-01-10,9,Saturday,1,0,0,0,0,2,4,0,15,0,0,2,0,0,4,0,0,0,11,0,38,0
EMP039,2026-01-11,10,Sunday,1,0,0,0,0,0,0,0,0,0,0,0,0,0,0,0,0,0,0,0,0,0
EMP039,2026-01-12,11,Monday,0,0,0,0,0,7,24,0,74,0,0,10,0,0,15,0,0,0,39,0,169,0
EMP039,2026-01-13,12,Tuesday,0,0,0,0,0,6,21,0,70,0,0,8,0,0,14,0,0,0,41,0,160,0
EMP039,2026-01-14,13,Wednesday,0,0,0,0,0,10,17,0,73,0,0,6,0,0,14,0,0,0,25,0,145,0
EMP039,2026-01-15,14,Thursday,0,0,0,0,0,10,24,0,44,0,0,9,0,0,7,0,0,0,32,0,126,0
EMP039,2026-01-16,15,Friday,0,0,0,0,0,7,12,0,73,0,0,9,0,0,10,0,0,0,38,0,149,0
EMP039,2026-01-17,16,Saturday,1,0,0,0,0,3,9,0,17,0,0,2,0,0,2,0,0,0,14,0,47,0
EMP039,2026-01-18,17,Sunday,1,0,0,0,0,0,0,0,0,0,0,0,0,0,0,0,0,0,0,0,0,0
EMP039,2026-01-19,18,Monday,0,0,0,0,0,12,22,0,51,0,0,9,0,0,14,0,0,0,49,0,157,0
EMP039,2026-01-20,19,Tuesday,0,0,0,0,0,10,29,0,91,0,0,10,0,0,7,0,0,0,51,0,198,0
EMP039,2026-01-21,20,Wednesday,0,0,0,0,0,12,16,0,67,0,0,9,0,0,17,0,0,0,46,0,167,0
EMP039,2026-01-22,21,Thursday,0,0,0,0,0,10,29,0,82,0,0,15,0,0,17,0,0,0,33,0,186,0
EMP039,2026-01-23,22,Friday,0,0,0,0,0,14,16,0,82,0,0,15,0,0,12,0,0,0,51,0,190,0
EMP039,2026-01-24,23,Saturday,1,0,0,0,0,5,5,0,30,0,0,4,0,0,4,0,0,0,13,0,61,0
EMP039,2026-01-25,24,Sunday,1,0,0,0,0,0,0,0,0,0,0,0,0,0,0,0,0,0,0,0,0,0
EMP039,2026-01-26,25,Monday,0,1,0,0,0,0,0,0,0,0,0,0,0,0,0,0,0,0,0,0,0,0
EMP039,2026-01-27,26,Tuesday,0,0,0,0,0,8,18,0,87,0,0,10,0,0,11,0,0,0,48,0,182,0
EMP039,2026-01-28,27,Wednesday,0,0,0,0,0,11,25,0,65,0,0,15,0,0,19,0,0,0,41,0,176,0
EMP039,2026-01-29,28,Thursday,0,0,0,0,0,13,16,0,73,0,0,10,0,0,10,0,0,0,38,0,160,0
EMP039,2026-01-30,29,Friday,0,0,0,0,0,13,25,0,90,0,0,20,0,0,14,0,0,0,65,0,227,0
EMP039,2026-01-31,30,Saturday,1,0,0,0,0,3,6,0,29,0,0,5,0,0,9,0,0,0,23,0,75,0
EMP039,2026-02-01,31,Sunday,1,0,0,0,0,0,0,0,0,0,0,0,0,0,0,0,0,0,0,0,0,0
EMP039,2026-02-02,32,Monday,0,0,0,1,0,0,0,0,0,0,0,0,0,0,0,0,0,0,0,0,0,0
EMP039,2026-02-03,33,Tuesday,0,0,0,0,0,21,45,0,100,0,0,14,0,0,17,0,0,0,64,0,261,0
EMP039,2026-02-04,34,Wednesday,0,0,0,0,0,16,27,0,98,0,0,10,0,0,24,0,0,0,51,0,226,0
EMP039,2026-02-05,35,Thursday,0,0,0,0,0,4,7,0,27,0,0,5,0,0,8,0,0,0,22,0,73,0
EMP039,2026-02-06,36,Friday,0,0,0,0,0,18,35,0,73,0,0,18,0,0,26,0,0,0,48,0,218,0
EMP039,2026-02-07,37,Saturday,1,0,0,0,0,3,11,0,27,0,0,7,0,0,7,0,0,0,18,0,73,0
EMP039,2026-02-08,38,Sunday,1,0,0,0,0,0,0,0,0,0,0,0,0,0,0,0,0,0,0,0,0,0
EMP039,2026-02-09,39,Monday,0,0,0,0,0,20,28,0,81,0,0,10,0,0,16,0,0,0,66,0,221,0
EMP039,2026-02-10,40,Tuesday,0,0,1,0,0,0,4,0,10,0,0,0,0,0,2,0,0,0,5,0,21,0
EMP039,2026-02-11,41,Wednesday,0,0,0,0,0,18,27,0,113,0,0,8,0,0,16,0,0,0,58,0,240,0
EMP039,2026-02-12,42,Thursday,0,0,0,0,0,17,20,0,110,0,0,10,0,0,12,0,0,0,47,0,216,0
EMP039,2026-02-13,43,Friday,0,0,0,0,0,22,27,0,109,0,0,13,0,0,17,0,0,0,57,0,245,0
EMP039,2026-02-14,44,Saturday,1,0,0,0,0,2,4,0,11,0,0,3,0,0,2,0,0,0,7,0,29,0
EMP039,2026-02-15,45,Sunday,1,0,0,0,1,0,0,0,0,0,0,0,0,0,0,0,0,0,0,0,0,0
EMP039,2026-02-16,46,Monday,0,0,0,0,0,18,24,0,107,0,0,13,0,0,13,0,0,0,73,0,248,0
EMP039,2026-02-17,47,Tuesday,0,0,0,0,0,19,33,0,81,0,0,19,0,0,16,0,0,0,50,0,218,0
EMP039,2026-02-18,48,Wednesday,0,0,0,0,0,9,31,0,73,0,0,11,0,0,15,0,0,0,50,0,189,0
EMP039,2026-02-19,49,Thursday,0,0,0,0,0,8,33,0,85,0,0,15,0,0,16,0,0,0,78,0,235,0
EMP039,2026-02-20,50,Friday,0,0,1,0,0,1,2,0,6,0,0,1,0,0,1,0,0,0,3,0,14,0
EMP039,2026-02-21,51,Saturday,1,0,0,0,0,5,11,0,38,0,0,7,0,0,5,0,0,0,18,0,84,0
EMP039,2026-02-22,52,Sunday,1,0,0,0,0,0,0,0,0,0,0,0,0,0,0,0,0,0,0,0,0,0
EMP039,2026-02-23,53,Monday,0,0,0,0,0,14,21,0,117,0,0,14,0,0,10,0,0,0,64,0,240,0
EMP039,2026-02-24,54,Tuesday,0,0,1,0,0,1,3,0,9,0,0,1,0,0,1,0,0,0,6,0,21,0
EMP039,2026-02-25,55,Wednesday,0,0,0,0,0,12,26,0,92,0,0,15,0,0,20,0,0,0,68,0,233,0
EMP039,2026-02-26,56,Thursday,0,0,0,0,0,20,42,0,128,0,0,19,0,0,24,0,0,0,105,0,338,0
EMP039,2026-02-27,57,Friday,0,0,0,0,0,22,24,0,128,0,0,26,0,0,12,0,0,0,66,0,278,0
EMP039,2026-02-28,58,Saturday,1,0,0,0,0,6,16,0,33,0,0,3,0,0,10,0,0,0,21,0,89,0
EMP039,2026-03-01,59,Sunday,1,0,0,0,0,0,0,0,0,0,0,0,0,0,0,0,0,0,0,0,0,0
EMP039,2026-03-02,60,Monday,0,1,0,0,0,0,0,0,0,0,0,0,0,0,0,0,0,0,0,0,0,0
EMP039,2026-03-03,61,Tuesday,0,0,0,0,0,24,51,0,145,0,0,16,0,0,13,0,0,0,57,0,306,0
EMP039,2026-03-04,62,Wednesday,0,0,0,0,0,13,34,0,68,0,0,8,0,0,14,0,0,0,53,0,190,0
EMP039,2026-03-05,63,Thursday,0,0,0,0,0,22,30,0,85,0,0,14,0,0,15,0,0,0,54,0,220,0
EMP039,2026-03-06,64,Friday,0,0,0,0,0,6,13,0,49,0,0,3,0,0,4,0,0,0,24,0,99,0
EMP039,2026-03-07,65,Saturday,1,0,0,0,0,5,8,0,26,0,0,5,0,0,7,0,0,0,16,0,67,0
EMP039,2026-03-08,66,Sunday,1,0,0,0,0,0,0,0,0,0,0,0,0,0,0,0,0,0,0,0,0,0
EMP039,2026-03-09,67,Monday,0,0,0,0,0,22,26,0,85,0,0,12,0,0,11,0,0,0,66,0,222,0
EMP039,2026-03-10,68,Tuesday,0,0,0,0,0,7,16,0,59,0,0,4,0,0,11,0,0,0,39,0,136,0
EMP039,2026-03-11,69,Wednesday,0,0,0,0,0,10,36,0,104,0,0,10,0,0,13,0,0,0,69,0,242,0
EMP039,2026-03-12,70,Thursday,0,0,0,1,0,0,0,0,0,0,0,0,0,0,0,0,0,0,0,0,0,0
EMP039,2026-03-13,71,Friday,0,0,0,0,0,15,35,0,114,0,0,19,0,0,13,0,0,0,76,0,272,0
EMP039,2026-03-14,72,Saturday,1,0,0,0,0,6,10,0,32,0,0,4,0,0,4,0,0,0,17,0,73,0
EMP039,2026-03-15,73,Sunday,1,0,0,0,0,0,0,0,0,0,0,0,0,0,0,0,0,0,0,0,0,0
EMP039,2026-03-16,74,Monday,0,0,0,0,0,10,37,0,118,0,0,11,0,0,21,0,0,0,61,0,258,0
EMP039,2026-03-17,75,Tuesday,0,0,0,0,0,14,16,0,113,0,0,21,0,0,21,0,0,0,82,0,267,0
EMP039,2026-03-18,76,Wednesday,0,0,0,0,0,9,25,0,110,0,0,16,0,0,12,0,0,0,44,0,216,0
EMP039,2026-03-19,77,Thursday,0,0,0,1,0,0,0,0,0,0,0,0,0,0,0,0,0,0,0,0,0,0
EMP039,2026-03-20,78,Friday,0,0,0,0,0,7,15,0,72,0,0,8,0,0,9,0,0,0,22,0,133,0
EMP039,2026-03-21,79,Saturday,1,0,0,0,0,8,11,0,35,0,0,5,0,0,4,0,0,0,23,0,86,0
EMP039,2026-03-22,80,Sunday,1,0,0,0,0,0,0,0,0,0,0,0,0,0,0,0,0,0,0,0,0,0
EMP039,2026-03-23,81,Monday,0,0,0,0,0,20,27,0,94,0,0,10,0,0,26,0,0,0,77,0,254,0
EMP039,2026-03-24,82,Tuesday,0,0,0,0,0,20,23,0,106,0,0,14,0,0,11,0,0,0,50,0,224,0
EMP039,2026-03-25,83,Wednesday,0,0,0,0,0,14,33,0,86,0,0,17,0,0,29,0,0,0,60,0,239,0
EMP039,2026-03-26,84,Thursday,0,0,0,0,0,24,24,0,135,0,0,24,0,0,11,0,0,0,87,0,305,0
EMP039,2026-03-27,85,Friday,0,0,0,0,0,13,35,0,94,0,0,23,0,0,30,0,0,0,72,0,267,0
EMP039,2026-03-28,86,Saturday,1,0,0,0,0,5,18,0,53,0,0,9,0,0,11,0,0,0,36,0,132,0
EMP039,2026-03-29,87,Sunday,1,0,0,0,0,0,0,0,0,0,0,0,0,0,0,0,0,0,0,0,0,0
EMP039,2026-03-30,88,Monday,0,0,0,0,0,11,31,0,113,0,0,12,0,0,30,0,0,0,65,0,262,0
EMP039,2026-03-31,89,Tuesday,0,0,0,0,0,26,37,0,165,0,0,21,0,0,23,0,0,0,69,0,341,0
EMP040,2026-01-01,0,Thursday,0,1,0,0,0,0,0,0,0,0,0,0,0,0,0,0,0,0,0,0,0,0
EMP040,2026-01-02,1,Friday,0,0,0,0,0,30,43,0,151,0,0,33,0,0,13,0,0,0,105,0,375,0
EMP040,2026-01-03,2,Saturday,1,0,0,0,0,8,14,0,52,0,0,7,0,0,7,0,0,0,27,0,115,0
EMP040,2026-01-04,3,Sunday,1,0,0,0,0,0,0,0,0,0,0,0,0,0,0,0,0,0,0,0,0,0
EMP040,2026-01-05,4,Monday,0,0,0,0,0,15,40,0,147,0,0,27,0,0,12,0,0,0,72,0,313,0
EMP040,2026-01-06,5,Tuesday,0,0,0,0,0,18,27,0,116,0,0,27,0,0,16,0,0,0,82,0,286,0
EMP040,2026-01-07,6,Wednesday,0,0,0,0,0,22,36,0,134,0,0,19,0,0,10,0,0,0,66,0,287,0
EMP040,2026-01-08,7,Thursday,0,0,0,0,0,23,44,0,96,0,0,16,0,0,17,0,0,0,81,0,277,0
EMP040,2026-01-09,8,Friday,0,0,1,0,0,1,2,0,9,0,0,1,0,0,1,0,0,0,5,0,19,0
EMP040,2026-01-10,9,Saturday,1,0,0,0,0,5,11,0,34,0,0,6,0,0,6,0,0,0,23,0,85,0
EMP040,2026-01-11,10,Sunday,1,0,0,0,0,0,0,0,0,0,0,0,0,0,0,0,0,0,0,0,0,0
EMP040,2026-01-12,11,Monday,0,0,0,0,0,24,40,0,135,0,0,22,0,0,15,0,0,0,79,0,315,0
EMP040,2026-01-13,12,Tuesday,0,0,0,1,0,0,0,0,0,0,0,0,0,0,0,0,0,0,0,0,0,0
EMP040,2026-01-14,13,Wednesday,0,0,0,0,0,13,27,0,92,0,0,19,0,0,29,0,0,0,57,0,237,0
EMP040,2026-01-15,14,Thursday,0,0,0,0,0,18,21,0,113,0,0,19,0,0,24,0,0,0,87,0,282,0
EMP040,2026-01-16,15,Friday,0,0,0,0,0,18,38,0,123,0,0,14,0,0,34,0,0,0,64,0,291,0
EMP040,2026-01-17,16,Saturday,1,0,0,0,0,6,13,0,47,0,0,10,0,0,10,0,0,0,36,0,122,0
EMP040,2026-01-18,17,Sunday,1,0,0,0,0,0,0,0,0,0,0,0,0,0,0,0,0,0,0,0,0,0
EMP040,2026-01-19,18,Monday,0,0,0,0,0,17,25,0,128,0,0,14,0,0,11,0,0,0,70,0,265,0
EMP040,2026-01-20,19,Tuesday,0,0,0,0,0,25,23,0,113,0,0,17,0,0,19,0,0,0,92,0,289,0
EMP040,2026-01-21,20,Wednesday,0,0,0,0,0,17,30,0,128,0,0,20,0,0,12,0,0,0,84,0,291,0
EMP040,2026-01-22,21,Thursday,0,0,0,0,0,22,19,0,103,0,0,24,0,0,13,0,0,0,96,0,277,0
EMP040,2026-01-23,22,Friday,0,0,0,0,0,14,34,0,79,0,0,13,0,0,25,0,0,0,110,0,275,0
EMP040,2026-01-24,23,Saturday,1,0,0,0,0,6,18,0,40,0,0,4,0,0,8,0,0,0,19,0,95,0
EMP040,2026-01-25,24,Sunday,1,0,0,0,0,0,0,0,0,0,0,0,0,0,0,0,0,0,0,0,0,0
EMP040,2026-01-26,25,Monday,0,1,0,0,0,0,0,0,0,0,0,0,0,0,0,0,0,0,0,0,0,0
EMP040,2026-01-27,26,Tuesday,0,0,0,0,0,12,32,0,157,0,0,20,0,0,13,0,0,0,71,0,305,0
EMP040,2026-01-28,27,Wednesday,0,0,0,0,0,10,25,0,124,0,0,17,0,0,17,0,0,0,78,0,271,0
EMP040,2026-01-29,28,Thursday,0,0,0,0,0,27,43,0,137,0,0,13,0,0,26,0,0,0,62,0,308,0
EMP040,2026-01-30,29,Friday,0,0,0,0,0,21,44,0,156,0,0,29,0,0,17,0,0,0,84,0,351,0
EMP040,2026-01-31,30,Saturday,1,0,0,0,0,8,14,0,45,0,0,6,0,0,13,0,0,0,31,0,117,0
EMP040,2026-02-01,31,Sunday,1,0,0,0,0,0,0,0,0,0,0,0,0,0,0,0,0,0,0,0,0,0
EMP040,2026-02-02,32,Monday,0,0,0,0,0,30,39,0,157,0,0,21,0,0,19,0,0,0,108,0,374,0
EMP040,2026-02-03,33,Tuesday,0,0,0,0,0,11,26,0,76,0,0,12,0,0,9,0,0,0,60,0,194,0
EMP040,2026-02-04,34,Wednesday,0,0,0,0,0,13,20,0,134,0,0,23,0,0,21,0,0,0,66,0,277,0
EMP040,2026-02-05,35,Thursday,0,0,0,0,0,25,37,0,108,0,0,12,0,0,24,0,0,0,93,0,299,0
EMP040,2026-02-06,36,Friday,0,0,0,0,0,22,33,0,101,0,0,15,0,0,24,0,0,0,64,0,259,0
EMP040,2026-02-07,37,Saturday,1,0,0,0,0,6,12,0,40,0,0,7,0,0,11,0,0,0,28,0,104,0
EMP040,2026-02-08,38,Sunday,1,0,0,0,0,0,0,0,0,0,0,0,0,0,0,0,0,0,0,0,0,0
EMP040,2026-02-09,39,Monday,0,0,0,0,0,23,33,0,121,0,0,17,0,0,12,0,0,0,63,0,269,0
EMP040,2026-02-10,40,Tuesday,0,0,0,0,0,19,35,0,155,0,0,12,0,0,16,0,0,0,94,0,331,0
EMP040,2026-02-11,41,Wednesday,0,0,0,0,0,16,24,0,116,0,0,22,0,0,23,0,0,0,53,0,254,0
EMP040,2026-02-12,42,Thursday,0,0,0,0,0,11,34,0,91,0,0,21,0,0,17,0,0,0,88,0,262,0
EMP040,2026-02-13,43,Friday,0,0,0,0,0,20,25,0,124,0,0,21,0,0,20,0,0,0,57,0,267,0
EMP040,2026-02-14,44,Saturday,1,0,0,0,0,9,14,0,38,0,0,5,0,0,4,0,0,0,30,0,100,0
EMP040,2026-02-15,45,Sunday,1,0,0,0,1,0,0,0,0,0,0,0,0,0,0,0,0,0,0,0,0,0
EMP040,2026-02-16,46,Monday,0,0,0,0,0,15,32,0,114,0,0,16,0,0,15,0,0,0,81,0,273,0
EMP040,2026-02-17,47,Tuesday,0,0,0,0,0,16,41,0,132,0,0,16,0,0,27,0,0,0,96,0,328,0
EMP040,2026-02-18,48,Wednesday,0,0,0,0,0,23,45,0,116,0,0,17,0,0,11,0,0,0,89,0,301,0
EMP040,2026-02-19,49,Thursday,0,0,0,0,0,25,50,0,132,0,0,10,0,0,31,0,0,0,90,0,338,0
EMP040,2026-02-20,50,Friday,0,0,0,0,0,11,24,0,154,0,0,25,0,0,30,0,0,0,97,0,341,0
EMP040,2026-02-21,51,Saturday,1,0,0,0,0,9,12,0,54,0,0,7,0,0,8,0,0,0,30,0,120,0
EMP040,2026-02-22,52,Sunday,1,0,0,0,0,0,0,0,0,0,0,0,0,0,0,0,0,0,0,0,0,0
EMP040,2026-02-23,53,Monday,0,0,0,0,0,19,42,0,157,0,0,15,0,0,13,0,0,0,91,0,337,0
EMP040,2026-02-24,54,Tuesday,0,0,0,0,0,16,24,0,101,0,0,13,0,0,23,0,0,0,106,0,283,0
EMP040,2026-02-25,55,Wednesday,0,0,0,0,0,10,38,0,123,0,0,24,0,0,19,0,0,0,81,0,295,0
EMP040,2026-02-26,56,Thursday,0,0,1,0,0,2,3,0,8,0,0,1,0,0,2,0,0,0,6,0,22,0
EMP040,2026-02-27,57,Friday,0,0,0,0,0,15,35,0,187,0,0,31,0,0,37,0,0,0,82,0,387,0
EMP040,2026-02-28,58,Saturday,1,0,0,0,0,6,12,0,40,0,0,9,0,0,9,0,0,0,39,0,115,0
EMP040,2026-03-01,59,Sunday,1,0,0,0,0,0,0,0,0,0,0,0,0,0,0,0,0,0,0,0,0,0
EMP040,2026-03-02,60,Monday,0,1,0,0,0,0,0,0,0,0,0,0,0,0,0,0,0,0,0,0,0,0
EMP040,2026-03-03,61,Tuesday,0,0,0,0,0,15,48,0,111,0,0,24,0,0,27,0,0,0,85,0,310,0
EMP040,2026-03-04,62,Wednesday,0,0,0,0,0,17,40,0,109,0,0,21,0,0,26,0,0,0,70,0,283,0
EMP040,2026-03-05,63,Thursday,0,0,0,0,0,15,32,0,112,0,0,23,0,0,30,0,0,0,72,0,284,0
EMP040,2026-03-06,64,Friday,0,0,0,0,0,23,38,0,108,0,0,20,0,0,12,0,0,0,59,0,260,0
EMP040,2026-03-07,65,Saturday,1,0,0,0,0,4,12,0,66,0,0,3,0,0,8,0,0,0,26,0,119,0
EMP040,2026-03-08,66,Sunday,1,0,0,0,0,0,0,0,0,0,0,0,0,0,0,0,0,0,0,0,0,0
EMP040,2026-03-09,67,Monday,0,0,0,0,0,26,28,0,135,0,0,25,0,0,12,0,0,0,90,0,316,0
EMP040,2026-03-10,68,Tuesday,0,0,0,0,0,26,26,0,135,0,0,23,0,0,35,0,0,0,112,0,357,0
EMP040,2026-03-11,69,Wednesday,0,0,0,1,0,0,0,0,0,0,0,0,0,0,0,0,0,0,0,0,0,0
EMP040,2026-03-12,70,Thursday,0,0,0,0,0,18,39,0,103,0,0,19,0,0,16,0,0,0,88,0,283,0
EMP040,2026-03-13,71,Friday,0,0,0,0,0,26,32,0,103,0,0,25,0,0,27,0,0,0,73,0,286,0
EMP040,2026-03-14,72,Saturday,1,0,0,0,0,6,12,0,33,0,0,3,0,0,7,0,0,0,31,0,92,0
EMP040,2026-03-15,73,Sunday,1,0,0,0,0,0,0,0,0,0,0,0,0,0,0,0,0,0,0,0,0,0
EMP040,2026-03-16,74,Monday,0,0,0,0,0,20,27,0,138,0,0,14,0,0,13,0,0,0,81,0,293,0
EMP040,2026-03-17,75,Tuesday,0,0,0,0,0,14,27,0,127,0,0,26,0,0,25,0,0,0,81,0,300,0
EMP040,2026-03-18,76,Wednesday,0,0,0,0,0,22,35,0,118,0,0,22,0,0,21,0,0,0,74,0,292,0
EMP040,2026-03-19,77,Thursday,0,0,0,0,0,15,31,0,74,0,0,16,0,0,23,0,0,0,51,0,210,0
EMP040,2026-03-20,78,Friday,0,0,0,0,0,14,25,0,117,0,0,11,0,0,19,0,0,0,74,0,260,0
EMP040,2026-03-21,79,Saturday,1,0,0,0,0,6,12,0,42,0,0,4,0,0,4,0,0,0,36,0,104,0
EMP040,2026-03-22,80,Sunday,1,0,0,0,0,0,0,0,0,0,0,0,0,0,0,0,0,0,0,0,0,0
EMP040,2026-03-23,81,Monday,0,0,0,0,0,11,28,0,111,0,0,27,0,0,11,0,0,0,78,0,266,0
EMP040,2026-03-24,82,Tuesday,0,0,0,0,0,21,43,0,139,0,0,21,0,0,33,0,0,0,92,0,349,0
EMP040,2026-03-25,83,Wednesday,0,0,0,0,0,24,32,0,175,0,0,29,0,0,32,0,0,0,78,0,370,0
EMP040,2026-03-26,84,Thursday,0,0,0,0,0,16,18,0,83,0,0,8,0,0,8,0,0,0,44,0,177,0
EMP040,2026-03-27,85,Friday,0,0,0,0,0,17,34,0,187,0,0,17,0,0,22,0,0,0,124,0,401,0
EMP040,2026-03-28,86,Saturday,1,0,0,0,0,8,23,0,43,0,0,10,0,0,11,0,0,0,27,0,122,0
EMP040,2026-03-29,87,Sunday,1,0,0,0,0,0,0,0,0,0,0,0,0,0,0,0,0,0,0,0,0,0
EMP040,2026-03-30,88,Monday,0,0,0,1,0,0,0,0,0,0,0,0,0,0,0,0,0,0,0,0,0,0
EMP040,2026-03-31,89,Tuesday,0,0,0,0,0,31,33,0,157,0,0,23,0,0,18,0,0,0,95,0,357,0
EMP041,2026-01-01,0,Thursday,0,1,0,0,0,0,0,0,0,0,0,0,0,0,0,0,0,0,0,0,0,0
EMP041,2026-01-02,1,Friday,0,0,0,0,0,14,28,0,78,0,0,14,0,0,9,0,0,0,81,0,224,0
EMP041,2026-01-03,2,Saturday,1,0,0,0,0,4,9,0,26,0,0,5,0,0,4,0,0,0,18,0,66,0
EMP041,2026-01-04,3,Sunday,1,0,0,0,0,0,0,0,0,0,0,0,0,0,0,0,0,0,0,0,0,0
EMP041,2026-01-05,4,Monday,0,0,0,0,0,7,23,0,102,0,0,15,0,0,12,0,0,0,39,0,198,0
EMP041,2026-01-06,5,Tuesday,0,0,0,0,0,11,34,0,77,0,0,7,0,0,22,0,0,0,57,0,208,0
EMP041,2026-01-07,6,Wednesday,0,0,0,0,0,11,14,0,53,0,0,13,0,0,14,0,0,0,53,0,158,0
EMP041,2026-01-08,7,Thursday,0,0,0,0,0,8,19,0,86,0,0,11,0,0,9,0,0,0,44,0,177,0
EMP041,2026-01-09,8,Friday,0,0,0,0,0,14,31,0,83,0,0,14,0,0,19,0,0,0,42,0,203,0
EMP041,2026-01-10,9,Saturday,1,0,0,0,0,6,10,0,22,0,0,2,0,0,6,0,0,0,20,0,66,0
EMP041,2026-01-11,10,Sunday,1,0,0,0,0,0,0,0,0,0,0,0,0,0,0,0,0,0,0,0,0,0
EMP041,2026-01-12,11,Monday,0,0,0,0,0,11,22,0,87,0,0,14,0,0,14,0,0,0,56,0,204,0
EMP041,2026-01-13,12,Tuesday,0,0,0,0,0,18,17,0,91,0,0,14,0,0,9,0,0,0,36,0,185,0
EMP041,2026-01-14,13,Wednesday,0,0,0,0,0,10,12,0,75,0,0,11,0,0,7,0,0,0,55,0,170,0
EMP041,2026-01-15,14,Thursday,0,0,0,0,0,15,28,0,89,0,0,11,0,0,8,0,0,0,45,0,196,0
EMP041,2026-01-16,15,Friday,0,0,0,0,0,15,21,0,112,0,0,9,0,0,13,0,0,0,46,0,216,0
EMP041,2026-01-17,16,Saturday,1,0,0,0,0,6,6,0,37,0,0,5,0,0,7,0,0,0,19,0,80,0
EMP041,2026-01-18,17,Sunday,1,0,0,0,0,0,0,0,0,0,0,0,0,0,0,0,0,0,0,0,0,0
EMP041,2026-01-19,18,Monday,0,0,0,0,0,15,33,0,84,0,0,20,0,0,13,0,0,0,61,0,226,0
EMP041,2026-01-20,19,Tuesday,0,0,0,0,0,8,18,0,77,0,0,10,0,0,22,0,0,0,57,0,192,0
EMP041,2026-01-21,20,Wednesday,0,0,0,0,0,7,37,0,85,0,0,7,0,0,9,0,0,0,50,0,195,0
EMP041,2026-01-22,21,Thursday,0,0,0,0,0,7,30,0,106,0,0,8,0,0,14,0,0,0,44,0,209,0
EMP041,2026-01-23,22,Friday,0,0,1,0,0,1,3,0,8,0,0,1,0,0,1,0,0,0,5,0,19,0
EMP041,2026-01-24,23,Saturday,1,0,0,0,0,3,8,0,30,0,0,6,0,0,9,0,0,0,23,0,79,0
EMP041,2026-01-25,24,Sunday,1,0,0,0,0,0,0,0,0,0,0,0,0,0,0,0,0,0,0,0,0,0
EMP041,2026-01-26,25,Monday,0,1,0,0,0,0,0,0,0,0,0,0,0,0,0,0,0,0,0,0,0,0
EMP041,2026-01-27,26,Tuesday,0,0,0,0,0,12,24,0,80,0,0,15,0,0,11,0,0,0,50,0,192,0
EMP041,2026-01-28,27,Wednesday,0,0,0,0,0,11,15,0,97,0,0,6,0,0,9,0,0,0,45,0,183,0
EMP041,2026-01-29,28,Thursday,0,0,0,0,0,9,38,0,78,0,0,12,0,0,16,0,0,0,52,0,205,0
EMP041,2026-01-30,29,Friday,0,0,1,0,0,1,1,0,7,0,0,1,0,0,1,0,0,0,4,0,15,0
EMP041,2026-01-31,30,Saturday,1,0,0,0,0,3,3,0,18,0,0,2,0,0,4,0,0,0,14,0,44,0
EMP041,2026-02-01,31,Sunday,1,0,0,0,0,0,0,0,0,0,0,0,0,0,0,0,0,0,0,0,0,0
EMP041,2026-02-02,32,Monday,0,0,0,0,0,10,30,0,90,0,0,19,0,0,15,0,0,0,89,0,253,0
EMP041,2026-02-03,33,Tuesday,0,0,0,0,0,18,28,0,150,0,0,26,0,0,29,0,0,0,73,0,324,0
EMP041,2026-02-04,34,Wednesday,0,0,0,0,0,10,32,0,60,0,0,7,0,0,17,0,0,0,65,0,191,0
EMP041,2026-02-05,35,Thursday,0,0,0,0,0,12,33,0,115,0,0,14,0,0,19,0,0,0,55,0,248,0
EMP041,2026-02-06,36,Friday,0,0,0,0,0,21,37,0,82,0,0,17,0,0,25,0,0,0,51,0,233,0
EMP041,2026-02-07,37,Saturday,1,0,0,0,0,7,8,0,41,0,0,6,0,0,5,0,0,0,23,0,90,0
EMP041,2026-02-08,38,Sunday,1,0,0,0,0,0,0,0,0,0,0,0,0,0,0,0,0,0,0,0,0,0
EMP041,2026-02-09,39,Monday,0,0,0,0,0,12,26,0,90,0,0,20,0,0,15,0,0,0,56,0,219,0
EMP041,2026-02-10,40,Tuesday,0,0,0,0,0,12,21,0,108,0,0,16,0,0,24,0,0,0,46,0,227,0
EMP041,2026-02-11,41,Wednesday,0,0,0,0,0,17,17,0,94,0,0,8,0,0,18,0,0,0,63,0,217,0
EMP041,2026-02-12,42,Thursday,0,0,0,0,0,8,36,0,96,0,0,19,0,0,22,0,0,0,48,0,229,0
EMP041,2026-02-13,43,Friday,0,0,0,1,0,0,0,0,0,0,0,0,0,0,0,0,0,0,0,0,0,0
EMP041,2026-02-14,44,Saturday,1,0,0,0,0,4,8,0,39,0,0,7,0,0,6,0,0,0,20,0,84,0
EMP041,2026-02-15,45,Sunday,1,0,0,0,1,0,0,0,0,0,0,0,0,0,0,0,0,0,0,0,0,0
EMP041,2026-02-16,46,Monday,0,0,0,1,0,0,0,0,0,0,0,0,0,0,0,0,0,0,0,0,0,0
EMP041,2026-02-17,47,Tuesday,0,0,0,1,0,0,0,0,0,0,0,0,0,0,0,0,0,0,0,0,0,0
EMP041,2026-02-18,48,Wednesday,0,0,0,0,0,22,31,0,106,0,0,9,0,0,18,0,0,0,45,0,231,0
EMP041,2026-02-19,49,Thursday,0,0,0,0,0,11,35,0,85,0,0,19,0,0,15,0,0,0,52,0,217,0
EMP041,2026-02-20,50,Friday,0,0,0,0,0,14,38,0,123,0,0,13,0,0,19,0,0,0,79,0,286,0
EMP041,2026-02-21,51,Saturday,1,0,0,0,0,7,11,0,30,0,0,6,0,0,6,0,0,0,27,0,87,0
EMP041,2026-02-22,52,Sunday,1,0,0,0,0,0,0,0,0,0,0,0,0,0,0,0,0,0,0,0,0,0
EMP041,2026-02-23,53,Monday,0,0,0,1,0,0,0,0,0,0,0,0,0,0,0,0,0,0,0,0,0,0
EMP041,2026-02-24,54,Tuesday,0,0,0,0,0,11,28,0,116,0,0,13,0,0,29,0,0,0,54,0,251,0
EMP041,2026-02-25,55,Wednesday,0,0,0,0,0,14,33,0,104,0,0,17,0,0,18,0,0,0,44,0,230,0
EMP041,2026-02-26,56,Thursday,0,0,0,0,0,12,31,0,101,0,0,17,0,0,14,0,0,0,102,0,277,0
EMP041,2026-02-27,57,Friday,0,0,0,0,0,19,33,0,115,0,0,25,0,0,28,0,0,0,64,0,284,0
EMP041,2026-02-28,58,Saturday,1,0,0,0,0,8,15,0,45,0,0,5,0,0,4,0,0,0,29,0,106,0
EMP041,2026-03-01,59,Sunday,1,0,0,0,0,0,0,0,0,0,0,0,0,0,0,0,0,0,0,0,0,0
EMP041,2026-03-02,60,Monday,0,1,0,0,0,0,0,0,0,0,0,0,0,0,0,0,0,0,0,0,0,0
EMP041,2026-03-03,61,Tuesday,0,0,0,1,0,0,0,0,0,0,0,0,0,0,0,0,0,0,0,0,0,0
EMP041,2026-03-04,62,Wednesday,0,0,0,0,0,16,27,0,101,0,0,19,0,0,20,0,0,0,53,0,236,0
EMP041,2026-03-05,63,Thursday,0,0,0,0,0,21,29,0,101,0,0,17,0,0,13,0,0,0,63,0,244,0
EMP041,2026-03-06,64,Friday,0,0,0,0,0,17,34,0,131,0,0,13,0,0,10,0,0,0,55,0,260,0
EMP041,2026-03-07,65,Saturday,1,0,0,0,0,3,11,0,48,0,0,8,0,0,5,0,0,0,23,0,98,0
EMP041,2026-03-08,66,Sunday,1,0,0,0,0,0,0,0,0,0,0,0,0,0,0,0,0,0,0,0,0,0
EMP041,2026-03-09,67,Monday,0,0,0,0,0,10,33,0,73,0,0,11,0,0,17,0,0,0,55,0,199,0
EMP041,2026-03-10,68,Tuesday,0,0,0,0,0,11,31,0,90,0,0,19,0,0,24,0,0,0,52,0,227,0
EMP041,2026-03-11,69,Wednesday,0,0,0,0,0,10,34,0,134,0,0,18,0,0,12,0,0,0,44,0,252,0
EMP041,2026-03-12,70,Thursday,0,0,0,0,0,15,17,0,85,0,0,10,0,0,9,0,0,0,37,0,173,0
EMP041,2026-03-13,71,Friday,0,0,0,0,0,12,29,0,100,0,0,8,0,0,27,0,0,0,74,0,250,0
EMP041,2026-03-14,72,Saturday,1,0,0,0,0,3,7,0,34,0,0,4,0,0,7,0,0,0,22,0,77,0
EMP041,2026-03-15,73,Sunday,1,0,0,0,0,0,0,0,0,0,0,0,0,0,0,0,0,0,0,0,0,0
EMP041,2026-03-16,74,Monday,0,0,0,0,0,7,25,0,86,0,0,8,0,0,24,0,0,0,74,0,224,0
EMP041,2026-03-17,75,Tuesday,0,0,0,0,0,9,32,0,126,0,0,12,0,0,14,0,0,0,52,0,245,0
EMP041,2026-03-18,76,Wednesday,0,0,0,0,0,15,28,0,83,0,0,10,0,0,10,0,0,0,53,0,199,0
EMP041,2026-03-19,77,Thursday,0,0,0,0,0,8,20,0,123,0,0,10,0,0,16,0,0,0,47,0,224,0
EMP041,2026-03-20,78,Friday,0,0,0,0,0,10,30,0,114,0,0,22,0,0,12,0,0,0,71,0,259,0
EMP041,2026-03-21,79,Saturday,1,0,0,0,0,4,13,0,29,0,0,4,0,0,3,0,0,0,23,0,76,0
EMP041,2026-03-22,80,Sunday,1,0,0,0,0,0,0,0,0,0,0,0,0,0,0,0,0,0,0,0,0,0
EMP041,2026-03-23,81,Monday,0,0,0,0,0,14,32,0,107,0,0,14,0,0,20,0,0,0,55,0,242,0
EMP041,2026-03-24,82,Tuesday,0,0,0,0,0,18,23,0,113,0,0,21,0,0,22,0,0,0,60,0,257,0
EMP041,2026-03-25,83,Wednesday,0,0,0,0,0,23,28,0,93,0,0,10,0,0,22,0,0,0,107,0,283,0
EMP041,2026-03-26,84,Thursday,0,0,0,0,0,11,31,0,180,0,0,15,0,0,30,0,0,0,77,0,344,0
EMP041,2026-03-27,85,Friday,0,0,0,0,0,18,41,0,124,0,0,28,0,0,13,0,0,0,105,0,329,0
EMP041,2026-03-28,86,Saturday,1,0,0,0,0,8,14,0,60,0,0,8,0,0,6,0,0,0,24,0,120,0
EMP041,2026-03-29,87,Sunday,1,0,0,0,0,0,0,0,0,0,0,0,0,0,0,0,0,0,0,0,0,0
EMP041,2026-03-30,88,Monday,0,0,0,1,0,0,0,0,0,0,0,0,0,0,0,0,0,0,0,0,0,0
EMP041,2026-03-31,89,Tuesday,0,0,0,0,0,27,23,0,121,0,0,12,0,0,30,0,0,0,66,0,279,0
EMP042,2026-01-01,0,Thursday,0,1,0,0,0,0,0,0,0,0,0,0,0,0,0,0,0,0,0,0,0,0
EMP042,2026-01-02,1,Friday,0,0,0,0,0,22,30,0,215,0,0,21,0,0,21,0,0,0,80,0,389,0
EMP042,2026-01-03,2,Saturday,1,0,0,0,0,9,22,0,78,0,0,5,0,0,16,0,0,0,51,0,181,0
EMP042,2026-01-04,3,Sunday,1,0,0,0,0,0,0,0,0,0,0,0,0,0,0,0,0,0,0,0,0,0
EMP042,2026-01-05,4,Monday,0,0,0,0,0,27,46,0,150,0,0,20,0,0,29,0,0,0,92,0,364,0
EMP042,2026-01-06,5,Tuesday,0,0,0,0,0,15,52,0,105,0,0,30,0,0,15,0,0,0,112,0,329,0
EMP042,2026-01-07,6,Wednesday,0,0,0,0,0,14,16,0,53,0,0,15,0,0,11,0,0,0,50,0,159,0
EMP042,2026-01-08,7,Thursday,0,0,0,0,0,15,24,0,127,0,0,31,0,0,30,0,0,0,112,0,339,0
EMP042,2026-01-09,8,Friday,0,0,0,0,0,13,39,0,117,0,0,15,0,0,20,0,0,0,103,0,307,0
EMP042,2026-01-10,9,Saturday,1,0,0,0,0,11,12,0,47,0,0,10,0,0,9,0,0,0,31,0,120,0
EMP042,2026-01-11,10,Sunday,1,0,0,0,0,0,0,0,0,0,0,0,0,0,0,0,0,0,0,0,0,0
EMP042,2026-01-12,11,Monday,0,0,0,0,0,16,39,0,175,0,0,12,0,0,12,0,0,0,79,0,333,0
EMP042,2026-01-13,12,Tuesday,0,0,1,0,0,1,1,0,7,0,0,0,0,0,1,0,0,0,5,0,15,0
EMP042,2026-01-14,13,Wednesday,0,0,0,0,0,14,39,0,116,0,0,16,0,0,13,0,0,0,79,0,277,0
EMP042,2026-01-15,14,Thursday,0,0,0,0,0,22,42,0,107,0,0,16,0,0,19,0,0,0,60,0,266,0
EMP042,2026-01-16,15,Friday,0,0,0,0,0,15,44,0,150,0,0,26,0,0,37,0,0,0,64,0,336,0
EMP042,2026-01-17,16,Saturday,1,0,0,0,0,9,17,0,41,0,0,9,0,0,5,0,0,0,47,0,128,0
EMP042,2026-01-18,17,Sunday,1,0,0,0,0,0,0,0,0,0,0,0,0,0,0,0,0,0,0,0,0,0
EMP042,2026-01-19,18,Monday,0,0,0,0,0,15,18,0,71,0,0,20,0,0,11,0,0,0,54,0,189,0
EMP042,2026-01-20,19,Tuesday,0,0,0,0,0,13,16,0,75,0,0,12,0,0,18,0,0,0,39,0,173,0
EMP042,2026-01-21,20,Wednesday,0,0,0,0,0,10,47,0,128,0,0,31,0,0,12,0,0,0,65,0,293,0
EMP042,2026-01-22,21,Thursday,0,0,0,0,0,24,51,0,123,0,0,24,0,0,31,0,0,0,102,0,355,0
EMP042,2026-01-23,22,Friday,0,0,0,0,0,30,54,0,145,0,0,25,0,0,17,0,0,0,101,0,372,0
EMP042,2026-01-24,23,Saturday,1,0,0,0,0,8,16,0,61,0,0,5,0,0,12,0,0,0,35,0,137,0
EMP042,2026-01-25,24,Sunday,1,0,0,0,0,0,0,0,0,0,0,0,0,0,0,0,0,0,0,0,0,0
EMP042,2026-01-26,25,Monday,0,1,0,0,0,0,0,0,0,0,0,0,0,0,0,0,0,0,0,0,0,0
EMP042,2026-01-27,26,Tuesday,0,0,0,0,0,30,30,0,173,0,0,15,0,0,17,0,0,0,109,0,374,0
EMP042,2026-01-28,27,Wednesday,0,0,0,0,0,11,49,0,105,0,0,20,0,0,12,0,0,0,103,0,300,0
EMP042,2026-01-29,28,Thursday,0,0,0,0,0,31,49,0,191,0,0,13,0,0,18,0,0,0,87,0,389,0
EMP042,2026-01-30,29,Friday,0,0,0,0,0,13,43,0,138,0,0,29,0,0,18,0,0,0,107,0,348,0
EMP042,2026-01-31,30,Saturday,1,0,0,0,0,6,19,0,59,0,0,12,0,0,5,0,0,0,47,0,148,0
EMP042,2026-02-01,31,Sunday,1,0,0,0,0,0,0,0,0,0,0,0,0,0,0,0,0,0,0,0,0,0
EMP042,2026-02-02,32,Monday,0,0,1,0,0,2,5,0,13,0,0,2,0,0,2,0,0,0,8,0,32,0
EMP042,2026-02-03,33,Tuesday,0,0,0,1,0,0,0,0,0,0,0,0,0,0,0,0,0,0,0,0,0,0
EMP042,2026-02-04,34,Wednesday,0,0,0,0,0,17,36,0,114,0,0,18,0,0,12,0,0,0,85,0,282,0
EMP042,2026-02-05,35,Thursday,0,0,0,0,0,14,38,0,85,0,0,30,0,0,28,0,0,0,92,0,287,0
EMP042,2026-02-06,36,Friday,0,0,0,0,0,24,39,0,185,0,0,18,0,0,27,0,0,0,73,0,366,0
EMP042,2026-02-07,37,Saturday,1,0,0,0,0,7,20,0,57,0,0,10,0,0,12,0,0,0,34,0,140,0
EMP042,2026-02-08,38,Sunday,1,0,0,0,0,0,0,0,0,0,0,0,0,0,0,0,0,0,0,0,0,0
EMP042,2026-02-09,39,Monday,0,0,0,0,0,25,31,0,136,0,0,21,0,0,15,0,0,0,107,0,335,0
EMP042,2026-02-10,40,Tuesday,0,0,0,0,0,18,43,0,157,0,0,13,0,0,29,0,0,0,116,0,376,0
EMP042,2026-02-11,41,Wednesday,0,0,0,0,0,25,50,0,140,0,0,28,0,0,10,0,0,0,98,0,351,0
EMP042,2026-02-12,42,Thursday,0,0,0,0,0,24,47,0,111,0,0,19,0,0,24,0,0,0,73,0,298,0
EMP042,2026-02-13,43,Friday,0,0,0,0,0,24,30,0,147,0,0,14,0,0,28,0,0,0,88,0,331,0
EMP042,2026-02-14,44,Saturday,1,0,0,0,0,7,15,0,64,0,0,6,0,0,9,0,0,0,32,0,133,0
EMP042,2026-02-15,45,Sunday,1,0,0,0,1,0,0,0,0,0,0,0,0,0,0,0,0,0,0,0,0,0
EMP042,2026-02-16,46,Monday,0,0,0,0,0,28,43,0,109,0,0,19,0,0,30,0,0,0,98,0,327,0
EMP042,2026-02-17,47,Tuesday,0,0,0,0,0,30,68,0,140,0,0,18,0,0,15,0,0,0,91,0,362,0
EMP042,2026-02-18,48,Wednesday,0,0,0,0,0,14,21,0,147,0,0,18,0,0,12,0,0,0,74,0,286,0
EMP042,2026-02-19,49,Thursday,0,0,0,0,0,21,44,0,141,0,0,25,0,0,13,0,0,0,84,0,328,0
EMP042,2026-02-20,50,Friday,0,0,0,0,0,21,41,0,177,0,0,12,0,0,18,0,0,0,68,0,337,0
EMP042,2026-02-21,51,Saturday,1,0,0,0,0,5,14,0,54,0,0,7,0,0,10,0,0,0,20,0,110,0
EMP042,2026-02-22,52,Sunday,1,0,0,0,0,0,0,0,0,0,0,0,0,0,0,0,0,0,0,0,0,0
EMP042,2026-02-23,53,Monday,0,0,0,1,0,0,0,0,0,0,0,0,0,0,0,0,0,0,0,0,0,0
EMP042,2026-02-24,54,Tuesday,0,0,0,0,0,13,55,0,170,0,0,26,0,0,35,0,0,0,64,0,363,0
EMP042,2026-02-25,55,Wednesday,0,0,0,0,0,19,25,0,119,0,0,26,0,0,29,0,0,0,87,0,305,0
EMP042,2026-02-26,56,Thursday,0,0,0,0,0,36,45,0,152,0,0,24,0,0,18,0,0,0,124,0,399,0
EMP042,2026-02-27,57,Friday,0,0,0,0,0,24,64,0,135,0,0,26,0,0,39,0,0,0,114,0,402,0
EMP042,2026-02-28,58,Saturday,1,0,0,0,0,5,15,0,60,0,0,8,0,0,9,0,0,0,43,0,140,0
EMP042,2026-03-01,59,Sunday,1,0,0,0,0,0,0,0,0,0,0,0,0,0,0,0,0,0,0,0,0,0
EMP042,2026-03-02,60,Monday,0,1,0,0,0,0,0,0,0,0,0,0,0,0,0,0,0,0,0,0,0,0
EMP042,2026-03-03,61,Tuesday,0,0,0,0,0,20,66,0,214,0,0,38,0,0,38,0,0,0,103,0,479,0
EMP042,2026-03-04,62,Wednesday,0,0,0,0,0,21,24,0,154,0,0,27,0,0,24,0,0,0,58,0,308,0
EMP042,2026-03-05,63,Thursday,0,0,0,0,0,25,49,0,97,0,0,19,0,0,27,0,0,0,103,0,320,0
EMP042,2026-03-06,64,Friday,0,0,0,0,0,16,29,0,98,0,0,27,0,0,35,0,0,0,84,0,289,0
EMP042,2026-03-07,65,Saturday,1,0,0,0,0,9,9,0,64,0,0,7,0,0,11,0,0,0,29,0,129,0
EMP042,2026-03-08,66,Sunday,1,0,0,0,0,0,0,0,0,0,0,0,0,0,0,0,0,0,0,0,0,0
EMP042,2026-03-09,67,Monday,0,0,0,0,0,22,40,0,96,0,0,16,0,0,24,0,0,0,113,0,311,0
EMP042,2026-03-10,68,Tuesday,0,0,0,0,0,31,54,0,99,0,0,25,0,0,38,0,0,0,100,0,347,0
EMP042,2026-03-11,69,Wednesday,0,0,0,0,0,13,32,0,101,0,0,24,0,0,17,0,0,0,69,0,256,0
EMP042,2026-03-12,70,Thursday,0,0,0,0,0,11,26,0,158,0,0,13,0,0,18,0,0,0,59,0,285,0
EMP042,2026-03-13,71,Friday,0,0,0,0,0,22,55,0,88,0,0,26,0,0,12,0,0,0,91,0,294,0
EMP042,2026-03-14,72,Saturday,1,0,0,0,0,6,11,0,48,0,0,5,0,0,7,0,0,0,32,0,109,0
EMP042,2026-03-15,73,Sunday,1,0,0,0,0,0,0,0,0,0,0,0,0,0,0,0,0,0,0,0,0,0
EMP042,2026-03-16,74,Monday,0,0,0,0,0,31,34,0,136,0,0,30,0,0,30,0,0,0,85,0,346,0
EMP042,2026-03-17,75,Tuesday,0,0,0,0,0,21,26,0,116,0,0,31,0,0,15,0,0,0,64,0,273,0
EMP042,2026-03-18,76,Wednesday,0,0,0,0,0,24,44,0,93,0,0,21,0,0,25,0,0,0,104,0,311,0
EMP042,2026-03-19,77,Thursday,0,0,1,0,0,1,3,0,9,0,0,1,0,0,1,0,0,0,5,0,20,0
EMP042,2026-03-20,78,Friday,0,0,0,0,0,16,27,0,135,0,0,24,0,0,31,0,0,0,69,0,302,0
EMP042,2026-03-21,79,Saturday,1,0,0,0,0,10,19,0,37,0,0,8,0,0,7,0,0,0,40,0,121,0
EMP042,2026-03-22,80,Sunday,1,0,0,0,0,0,0,0,0,0,0,0,0,0,0,0,0,0,0,0,0,0
EMP042,2026-03-23,81,Monday,0,0,0,0,0,20,58,0,185,0,0,25,0,0,29,0,0,0,86,0,403,0
EMP042,2026-03-24,82,Tuesday,0,0,0,0,0,15,33,0,156,0,0,30,0,0,37,0,0,0,87,0,358,0
EMP042,2026-03-25,83,Wednesday,0,0,0,0,0,31,50,0,136,0,0,34,0,0,44,0,0,0,107,0,402,0
EMP042,2026-03-26,84,Thursday,0,0,0,0,0,34,75,0,166,0,0,18,0,0,42,0,0,0,97,0,432,0
EMP042,2026-03-27,85,Friday,0,0,0,1,0,0,0,0,0,0,0,0,0,0,0,0,0,0,0,0,0,0
EMP042,2026-03-28,86,Saturday,1,0,0,0,0,10,14,0,65,0,0,13,0,0,17,0,0,0,40,0,159,0
EMP042,2026-03-29,87,Sunday,1,0,0,0,0,0,0,0,0,0,0,0,0,0,0,0,0,0,0,0,0,0
EMP042,2026-03-30,88,Monday,0,0,0,0,0,34,61,0,189,0,0,33,0,0,33,0,0,0,146,0,496,0
EMP042,2026-03-31,89,Tuesday,0,0,0,0,0,15,34,0,197,0,0,27,0,0,16,0,0,0,98,0,387,0
EMP043,2026-01-01,0,Thursday,0,1,0,0,0,0,0,0,0,0,0,0,0,0,0,0,0,0,0,0,0,0
EMP043,2026-01-02,1,Friday,0,0,0,0,0,0,0,31,0,0,0,0,0,0,0,0,45,30,0,189,295,0
EMP043,2026-01-03,2,Saturday,1,0,0,0,0,0,0,7,0,0,0,0,0,0,0,0,26,8,0,51,92,0
EMP043,2026-01-04,3,Sunday,1,0,0,0,0,0,0,0,0,0,0,0,0,0,0,0,0,0,0,0,0,0
EMP043,2026-01-05,4,Monday,0,0,0,0,0,0,0,30,0,0,0,0,0,0,0,0,53,27,0,102,212,0
EMP043,2026-01-06,5,Tuesday,0,0,0,0,0,0,0,34,0,0,0,0,0,0,0,0,55,43,0,154,286,0
EMP043,2026-01-07,6,Wednesday,0,0,0,0,0,0,0,27,0,0,0,0,0,0,0,0,27,19,0,98,171,0
EMP043,2026-01-08,7,Thursday,0,0,0,0,0,0,0,21,0,0,0,0,0,0,0,0,31,43,0,173,268,0
EMP043,2026-01-09,8,Friday,0,0,0,0,0,0,0,29,0,0,0,0,0,0,0,0,49,31,0,127,236,0
EMP043,2026-01-10,9,Saturday,1,0,0,0,0,0,0,10,0,0,0,0,0,0,0,0,10,12,0,57,89,0
EMP043,2026-01-11,10,Sunday,1,0,0,0,0,0,0,0,0,0,0,0,0,0,0,0,0,0,0,0,0,0
EMP043,2026-01-12,11,Monday,0,0,0,0,0,0,0,13,0,0,0,0,0,0,0,0,33,25,0,85,156,0
EMP043,2026-01-13,12,Tuesday,0,0,0,0,0,0,0,15,0,0,0,0,0,0,0,0,28,43,0,103,189,0
EMP043,2026-01-14,13,Wednesday,0,0,0,0,0,0,0,24,0,0,0,0,0,0,0,0,34,33,0,86,177,0
EMP043,2026-01-15,14,Thursday,0,0,0,0,0,0,0,17,0,0,0,0,0,0,0,0,49,17,0,113,196,0
EMP043,2026-01-16,15,Friday,0,0,0,0,0,0,0,16,0,0,0,0,0,0,0,0,51,26,0,123,216,0
EMP043,2026-01-17,16,Saturday,1,0,0,0,0,0,0,7,0,0,0,0,0,0,0,0,19,11,0,39,76,0
EMP043,2026-01-18,17,Sunday,1,0,0,0,0,0,0,0,0,0,0,0,0,0,0,0,0,0,0,0,0,0
EMP043,2026-01-19,18,Monday,0,0,0,0,0,0,0,13,0,0,0,0,0,0,0,0,25,41,0,151,230,0
EMP043,2026-01-20,19,Tuesday,0,0,0,0,0,0,0,21,0,0,0,0,0,0,0,0,51,33,0,128,233,0
EMP043,2026-01-21,20,Wednesday,0,0,0,0,0,0,0,18,0,0,0,0,0,0,0,0,20,23,0,152,213,0
EMP043,2026-01-22,21,Thursday,0,0,0,0,0,0,0,22,0,0,0,0,0,0,0,0,31,33,0,142,228,0
EMP043,2026-01-23,22,Friday,0,0,0,0,0,0,0,22,0,0,0,0,0,0,0,0,49,26,0,103,200,0
EMP043,2026-01-24,23,Saturday,1,0,0,0,0,0,0,5,0,0,0,0,0,0,0,0,10,8,0,39,62,0
EMP043,2026-01-25,24,Sunday,1,0,0,0,0,0,0,0,0,0,0,0,0,0,0,0,0,0,0,0,0,0
EMP043,2026-01-26,25,Monday,0,1,0,0,0,0,0,0,0,0,0,0,0,0,0,0,0,0,0,0,0,0
EMP043,2026-01-27,26,Tuesday,0,0,0,0,0,0,0,17,0,0,0,0,0,0,0,0,58,48,0,105,228,0
EMP043,2026-01-28,27,Wednesday,0,0,0,0,0,0,0,14,0,0,0,0,0,0,0,0,25,34,0,147,220,0
EMP043,2026-01-29,28,Thursday,0,0,0,0,0,0,0,41,0,0,0,0,0,0,0,0,54,27,0,188,310,0
EMP043,2026-01-30,29,Friday,0,0,0,0,0,0,0,24,0,0,0,0,0,0,0,0,40,40,0,199,303,0
EMP043,2026-01-31,30,Saturday,1,0,0,0,0,0,0,8,0,0,0,0,0,0,0,0,14,17,0,51,90,0
EMP043,2026-02-01,31,Sunday,1,0,0,0,0,0,0,0,0,0,0,0,0,0,0,0,0,0,0,0,0,0
EMP043,2026-02-02,32,Monday,0,0,0,0,0,0,0,25,0,0,0,0,0,0,0,0,59,22,0,241,347,0
EMP043,2026-02-03,33,Tuesday,0,0,0,0,0,0,0,17,0,0,0,0,0,0,0,0,24,22,0,61,124,0
EMP043,2026-02-04,34,Wednesday,0,0,0,1,0,0,0,0,0,0,0,0,0,0,0,0,0,0,0,0,0,0
EMP043,2026-02-05,35,Thursday,0,0,0,0,0,0,0,16,0,0,0,0,0,0,0,0,30,20,0,164,230,0
EMP043,2026-02-06,36,Friday,0,0,0,0,0,0,0,27,0,0,0,0,0,0,0,0,50,40,0,106,223,0
EMP043,2026-02-07,37,Saturday,1,0,1,0,0,0,0,0,0,0,0,0,0,0,0,0,1,0,0,4,5,0
EMP043,2026-02-08,38,Sunday,1,0,0,0,0,0,0,0,0,0,0,0,0,0,0,0,0,0,0,0,0,0
EMP043,2026-02-09,39,Monday,0,0,0,0,0,0,0,29,0,0,0,0,0,0,0,0,35,40,0,173,277,0
EMP043,2026-02-10,40,Tuesday,0,0,0,0,0,0,0,22,0,0,0,0,0,0,0,0,50,26,0,132,230,0
EMP043,2026-02-11,41,Wednesday,0,0,0,0,0,0,0,19,0,0,0,0,0,0,0,0,44,37,0,103,203,0
EMP043,2026-02-12,42,Thursday,0,0,0,0,0,0,0,25,0,0,0,0,0,0,0,0,44,33,0,143,245,0
EMP043,2026-02-13,43,Friday,0,0,0,0,0,0,0,12,0,0,0,0,0,0,0,0,38,22,0,134,206,0
EMP043,2026-02-14,44,Saturday,1,0,0,0,0,0,0,10,0,0,0,0,0,0,0,0,18,6,0,49,83,0
EMP043,2026-02-15,45,Sunday,1,0,0,0,1,0,0,0,0,0,0,0,0,0,0,0,0,0,0,0,0,0
EMP043,2026-02-16,46,Monday,0,0,0,0,0,0,0,15,0,0,0,0,0,0,0,0,44,18,0,153,230,0
EMP043,2026-02-17,47,Tuesday,0,0,0,1,0,0,0,0,0,0,0,0,0,0,0,0,0,0,0,0,0,0
EMP043,2026-02-18,48,Wednesday,0,0,0,0,0,0,0,26,0,0,0,0,0,0,0,0,42,36,0,133,237,0
EMP043,2026-02-19,49,Thursday,0,0,0,0,0,0,0,27,0,0,0,0,0,0,0,0,39,35,0,173,274,0
EMP043,2026-02-20,50,Friday,0,0,0,0,0,0,0,25,0,0,0,0,0,0,0,0,53,31,0,164,273,0
EMP043,2026-02-21,51,Saturday,1,0,0,0,0,0,0,6,0,0,0,0,0,0,0,0,13,10,0,61,90,0
EMP043,2026-02-22,52,Sunday,1,0,0,0,0,0,0,0,0,0,0,0,0,0,0,0,0,0,0,0,0,0
EMP043,2026-02-23,53,Monday,0,0,0,0,0,0,0,18,0,0,0,0,0,0,0,0,29,45,0,177,269,0
EMP043,2026-02-24,54,Tuesday,0,0,0,0,0,0,0,27,0,0,0,0,0,0,0,0,52,29,0,161,269,0
EMP043,2026-02-25,55,Wednesday,0,0,0,0,0,0,0,14,0,0,0,0,0,0,0,0,24,9,0,58,105,0
EMP043,2026-02-26,56,Thursday,0,0,0,0,0,0,0,31,0,0,0,0,0,0,0,0,43,44,0,188,306,0
EMP043,2026-02-27,57,Friday,0,0,0,0,0,0,0,27,0,0,0,0,0,0,0,0,45,26,0,215,313,0
EMP043,2026-02-28,58,Saturday,1,0,0,0,0,0,0,18,0,0,0,0,0,0,0,0,21,14,0,54,107,0
EMP043,2026-03-01,59,Sunday,1,0,0,0,0,0,0,0,0,0,0,0,0,0,0,0,0,0,0,0,0,0
EMP043,2026-03-02,60,Monday,0,1,0,0,0,0,0,0,0,0,0,0,0,0,0,0,0,0,0,0,0,0
EMP043,2026-03-03,61,Tuesday,0,0,0,0,0,0,0,25,0,0,0,0,0,0,0,0,44,58,0,228,355,0
EMP043,2026-03-04,62,Wednesday,0,0,0,0,0,0,0,26,0,0,0,0,0,0,0,0,54,39,0,170,289,0
EMP043,2026-03-05,63,Thursday,0,0,0,0,0,0,0,18,0,0,0,0,0,0,0,0,44,35,0,149,246,0
EMP043,2026-03-06,64,Friday,0,0,0,0,0,0,0,16,0,0,0,0,0,0,0,0,43,30,0,123,212,0
EMP043,2026-03-07,65,Saturday,1,0,1,0,0,0,0,0,0,0,0,0,0,0,0,0,1,1,0,5,7,0
EMP043,2026-03-08,66,Sunday,1,0,0,0,0,0,0,0,0,0,0,0,0,0,0,0,0,0,0,0,0,0
EMP043,2026-03-09,67,Monday,0,0,0,0,0,0,0,26,0,0,0,0,0,0,0,0,26,30,0,106,188,0
EMP043,2026-03-10,68,Tuesday,0,0,0,0,0,0,0,15,0,0,0,0,0,0,0,0,43,35,0,181,274,0
EMP043,2026-03-11,69,Wednesday,0,0,0,0,0,0,0,26,0,0,0,0,0,0,0,0,39,23,0,131,219,0
EMP043,2026-03-12,70,Thursday,0,0,0,0,0,0,0,18,0,0,0,0,0,0,0,0,25,32,0,113,188,0
EMP043,2026-03-13,71,Friday,0,0,0,0,0,0,0,18,0,0,0,0,0,0,0,0,43,40,0,143,244,0
EMP043,2026-03-14,72,Saturday,1,0,0,0,0,0,0,8,0,0,0,0,0,0,0,0,14,11,0,35,68,0
EMP043,2026-03-15,73,Sunday,1,0,0,0,0,0,0,0,0,0,0,0,0,0,0,0,0,0,0,0,0,0
EMP043,2026-03-16,74,Monday,0,0,0,0,0,0,0,27,0,0,0,0,0,0,0,0,49,38,0,163,277,0
EMP043,2026-03-17,75,Tuesday,0,0,0,0,0,0,0,14,0,0,0,0,0,0,0,0,26,17,0,91,148,0
EMP043,2026-03-18,76,Wednesday,0,0,0,0,0,0,0,19,0,0,0,0,0,0,0,0,34,17,0,152,222,0
EMP043,2026-03-19,77,Thursday,0,0,0,0,0,0,0,13,0,0,0,0,0,0,0,0,27,35,0,146,221,0
EMP043,2026-03-20,78,Friday,0,0,0,0,0,0,0,26,0,0,0,0,0,0,0,0,51,25,0,113,215,0
EMP043,2026-03-21,79,Saturday,1,0,0,0,0,0,0,5,0,0,0,0,0,0,0,0,12,6,0,69,92,0
EMP043,2026-03-22,80,Sunday,1,0,0,0,0,0,0,0,0,0,0,0,0,0,0,0,0,0,0,0,0,0
EMP043,2026-03-23,81,Monday,0,0,0,1,0,0,0,0,0,0,0,0,0,0,0,0,0,0,0,0,0,0
EMP043,2026-03-24,82,Tuesday,0,0,0,0,0,0,0,34,0,0,0,0,0,0,0,0,44,33,0,171,282,0
EMP043,2026-03-25,83,Wednesday,0,0,1,0,0,0,0,1,0,0,0,0,0,0,0,0,1,1,0,6,9,0
EMP043,2026-03-26,84,Thursday,0,0,0,0,0,0,0,49,0,0,0,0,0,0,0,0,62,21,0,189,321,0
EMP043,2026-03-27,85,Friday,0,0,0,0,0,0,0,24,0,0,0,0,0,0,0,0,67,46,0,245,382,0
EMP043,2026-03-28,86,Saturday,1,0,0,0,0,0,0,12,0,0,0,0,0,0,0,0,18,17,0,65,112,0
EMP043,2026-03-29,87,Sunday,1,0,0,0,0,0,0,0,0,0,0,0,0,0,0,0,0,0,0,0,0,0
EMP043,2026-03-30,88,Monday,0,0,0,0,0,0,0,43,0,0,0,0,0,0,0,0,30,24,0,218,315,0
EMP043,2026-03-31,89,Tuesday,0,0,0,0,0,0,0,57,0,0,0,0,0,0,0,0,74,50,0,174,355,0
EMP044,2026-01-01,0,Thursday,0,1,0,0,0,0,0,0,0,0,0,0,0,0,0,0,0,0,0,0,0,0
EMP044,2026-01-02,1,Friday,0,0,0,0,0,0,0,26,0,0,0,0,0,0,0,0,55,25,0,168,274,0
EMP044,2026-01-03,2,Saturday,1,0,0,0,0,0,0,6,0,0,0,0,0,0,0,0,17,10,0,38,71,0
EMP044,2026-01-04,3,Sunday,1,0,0,0,0,0,0,0,0,0,0,0,0,0,0,0,0,0,0,0,0,0
EMP044,2026-01-05,4,Monday,0,0,0,0,0,0,0,27,0,0,0,0,0,0,0,0,35,33,0,112,207,0
EMP044,2026-01-06,5,Tuesday,0,0,0,0,0,0,0,25,0,0,0,0,0,0,0,0,31,28,0,132,216,0
EMP044,2026-01-07,6,Wednesday,0,0,0,0,0,0,0,6,0,0,0,0,0,0,0,0,17,8,0,68,99,0
EMP044,2026-01-08,7,Thursday,0,0,0,0,0,0,0,23,0,0,0,0,0,0,0,0,23,21,0,130,197,0
EMP044,2026-01-09,8,Friday,0,0,0,0,0,0,0,23,0,0,0,0,0,0,0,0,31,20,0,110,184,0
EMP044,2026-01-10,9,Saturday,1,0,0,0,0,0,0,4,0,0,0,0,0,0,0,0,9,13,0,54,80,0
EMP044,2026-01-11,10,Sunday,1,0,1,0,0,0,0,0,0,0,0,0,0,0,0,0,0,0,0,0,0,0
EMP044,2026-01-12,11,Monday,0,0,0,0,0,0,0,24,0,0,0,0,0,0,0,0,25,17,0,88,154,0
EMP044,2026-01-13,12,Tuesday,0,0,0,0,0,0,0,7,0,0,0,0,0,0,0,0,31,14,0,65,117,0
EMP044,2026-01-14,13,Wednesday,0,0,0,0,0,0,0,15,0,0,0,0,0,0,0,0,25,19,0,72,131,0
EMP044,2026-01-15,14,Thursday,0,0,0,0,0,0,0,19,0,0,0,0,0,0,0,0,37,22,0,88,166,0
EMP044,2026-01-16,15,Friday,0,0,0,0,0,0,0,24,0,0,0,0,0,0,0,0,27,34,0,175,260,0
EMP044,2026-01-17,16,Saturday,1,0,0,0,0,0,0,4,0,0,0,0,0,0,0,0,11,12,0,40,67,0
EMP044,2026-01-18,17,Sunday,1,0,0,0,0,0,0,0,0,0,0,0,0,0,0,0,0,0,0,0,0,0
EMP044,2026-01-19,18,Monday,0,0,0,0,0,0,0,18,0,0,0,0,0,0,0,0,49,27,0,118,212,0
EMP044,2026-01-20,19,Tuesday,0,0,0,0,0,0,0,18,0,0,0,0,0,0,0,0,46,18,0,144,226,0
EMP044,2026-01-21,20,Wednesday,0,0,0,0,0,0,0,22,0,0,0,0,0,0,0,0,43,34,0,168,267,0
EMP044,2026-01-22,21,Thursday,0,0,0,0,0,0,0,12,0,0,0,0,0,0,0,0,21,31,0,108,172,0
EMP044,2026-01-23,22,Friday,0,0,0,0,0,0,0,14,0,0,0,0,0,0,0,0,38,17,0,166,235,0
EMP044,2026-01-24,23,Saturday,1,0,0,0,0,0,0,7,0,0,0,0,0,0,0,0,8,8,0,61,84,0
EMP044,2026-01-25,24,Sunday,1,0,0,0,0,0,0,0,0,0,0,0,0,0,0,0,0,0,0,0,0,0
EMP044,2026-01-26,25,Monday,0,1,0,0,0,0,0,0,0,0,0,0,0,0,0,0,0,0,0,0,0,0
EMP044,2026-01-27,26,Tuesday,0,0,0,0,0,0,0,20,0,0,0,0,0,0,0,0,33,18,0,102,173,0
EMP044,2026-01-28,27,Wednesday,0,0,0,0,0,0,0,24,0,0,0,0,0,0,0,0,27,18,0,138,207,0
EMP044,2026-01-29,28,Thursday,0,0,0,0,0,0,0,38,0,0,0,0,0,0,0,0,39,24,0,152,253,0
EMP044,2026-01-30,29,Friday,0,0,0,0,0,0,0,41,0,0,0,0,0,0,0,0,46,18,0,139,244,0
EMP044,2026-01-31,30,Saturday,1,0,0,0,0,0,0,8,0,0,0,0,0,0,0,0,13,14,0,49,84,0
EMP044,2026-02-01,31,Sunday,1,0,0,0,0,0,0,0,0,0,0,0,0,0,0,0,0,0,0,0,0,0
EMP044,2026-02-02,32,Monday,0,0,0,0,0,0,0,14,0,0,0,0,0,0,0,0,42,40,0,117,213,0
EMP044,2026-02-03,33,Tuesday,0,0,0,0,0,0,0,20,0,0,0,0,0,0,0,0,42,31,0,155,248,0
EMP044,2026-02-04,34,Wednesday,0,0,0,0,0,0,0,13,0,0,0,0,0,0,0,0,29,25,0,133,200,0
EMP044,2026-02-05,35,Thursday,0,0,0,0,0,0,0,16,0,0,0,0,0,0,0,0,37,31,0,138,222,0
EMP044,2026-02-06,36,Friday,0,0,0,0,0,0,0,28,0,0,0,0,0,0,0,0,34,22,0,103,187,0
EMP044,2026-02-07,37,Saturday,1,0,0,0,0,0,0,3,0,0,0,0,0,0,0,0,6,3,0,13,25,0
EMP044,2026-02-08,38,Sunday,1,0,0,0,0,0,0,0,0,0,0,0,0,0,0,0,0,0,0,0,0,0
EMP044,2026-02-09,39,Monday,0,0,0,0,0,0,0,18,0,0,0,0,0,0,0,0,27,26,0,105,176,0
EMP044,2026-02-10,40,Tuesday,0,0,0,0,0,0,0,24,0,0,0,0,0,0,0,0,26,36,0,151,237,0
EMP044,2026-02-11,41,Wednesday,0,0,0,1,0,0,0,0,0,0,0,0,0,0,0,0,0,0,0,0,0,0
EMP044,2026-02-12,42,Thursday,0,0,1,0,0,0,0,0,0,0,0,0,0,0,0,0,1,1,0,5,7,0
EMP044,2026-02-13,43,Friday,0,0,0,0,0,0,0,9,0,0,0,0,0,0,0,0,29,40,0,151,229,0
EMP044,2026-02-14,44,Saturday,1,0,0,0,0,0,0,6,0,0,0,0,0,0,0,0,9,9,0,57,81,0
EMP044,2026-02-15,45,Sunday,1,0,0,0,1,0,0,0,0,0,0,0,0,0,0,0,0,0,0,0,0,0
EMP044,2026-02-16,46,Monday,0,0,0,0,0,0,0,14,0,0,0,0,0,0,0,0,33,31,0,97,175,0
EMP044,2026-02-17,47,Tuesday,0,0,0,0,0,0,0,26,0,0,0,0,0,0,0,0,39,32,0,92,189,0
EMP044,2026-02-18,48,Wednesday,0,0,0,0,0,0,0,24,0,0,0,0,0,0,0,0,27,25,0,154,230,0
EMP044,2026-02-19,49,Thursday,0,0,0,0,0,0,0,24,0,0,0,0,0,0,0,0,40,35,0,110,209,0
EMP044,2026-02-20,50,Friday,0,0,0,0,0,0,0,11,0,0,0,0,0,0,0,0,52,28,0,170,261,0
EMP044,2026-02-21,51,Saturday,1,0,0,0,0,0,0,4,0,0,0,0,0,0,0,0,14,12,0,49,79,0
EMP044,2026-02-22,52,Sunday,1,0,0,0,0,0,0,0,0,0,0,0,0,0,0,0,0,0,0,0,0,0
EMP044,2026-02-23,53,Monday,0,0,0,0,0,0,0,11,0,0,0,0,0,0,0,0,51,24,0,155,241,0
EMP044,2026-02-24,54,Tuesday,0,0,0,0,0,0,0,24,0,0,0,0,0,0,0,0,47,36,0,142,249,0
EMP044,2026-02-25,55,Wednesday,0,0,0,0,0,0,0,17,0,0,0,0,0,0,0,0,32,23,0,89,161,0
EMP044,2026-02-26,56,Thursday,0,0,0,0,0,0,0,25,0,0,0,0,0,0,0,0,47,22,0,184,278,0
EMP044,2026-02-27,57,Friday,0,0,0,0,0,0,0,16,0,0,0,0,0,0,0,0,53,25,0,117,211,0
EMP044,2026-02-28,58,Saturday,1,0,0,0,0,0,0,15,0,0,0,0,0,0,0,0,14,15,0,51,95,0
EMP044,2026-03-01,59,Sunday,1,0,0,0,0,0,0,0,0,0,0,0,0,0,0,0,0,0,0,0,0,0
EMP044,2026-03-02,60,Monday,0,1,0,0,0,0,0,0,0,0,0,0,0,0,0,0,0,0,0,0,0,0
EMP044,2026-03-03,61,Tuesday,0,0,0,0,0,0,0,15,0,0,0,0,0,0,0,0,37,35,0,95,182,0
EMP044,2026-03-04,62,Wednesday,0,0,0,0,0,0,0,16,0,0,0,0,0,0,0,0,43,18,0,145,222,0
EMP044,2026-03-05,63,Thursday,0,0,0,0,0,0,0,12,0,0,0,0,0,0,0,0,47,22,0,142,223,0
EMP044,2026-03-06,64,Friday,0,0,0,0,0,0,0,13,0,0,0,0,0,0,0,0,30,19,0,110,172,0
EMP044,2026-03-07,65,Saturday,1,0,0,0,0,0,0,2,0,0,0,0,0,0,0,0,8,9,0,42,61,0
EMP044,2026-03-08,66,Sunday,1,0,0,0,0,0,0,0,0,0,0,0,0,0,0,0,0,0,0,0,0,0
EMP044,2026-03-09,67,Monday,0,0,0,0,0,0,0,13,0,0,0,0,0,0,0,0,35,29,0,150,227,0
EMP044,2026-03-10,68,Tuesday,0,0,0,0,0,0,0,17,0,0,0,0,0,0,0,0,36,40,0,119,212,0
EMP044,2026-03-11,69,Wednesday,0,0,0,0,0,0,0,12,0,0,0,0,0,0,0,0,26,13,0,81,132,0
EMP044,2026-03-12,70,Thursday,0,0,0,0,0,0,0,10,0,0,0,0,0,0,0,0,19,34,0,100,163,0
EMP044,2026-03-13,71,Friday,0,0,0,0,0,0,0,16,0,0,0,0,0,0,0,0,40,13,0,144,213,0
EMP044,2026-03-14,72,Saturday,1,0,0,0,0,0,0,5,0,0,0,0,0,0,0,0,11,11,0,59,86,0
EMP044,2026-03-15,73,Sunday,1,0,0,0,0,0,0,0,0,0,0,0,0,0,0,0,0,0,0,0,0,0
EMP044,2026-03-16,74,Monday,0,0,0,0,0,0,0,17,0,0,0,0,0,0,0,0,31,21,0,96,165,0
EMP044,2026-03-17,75,Tuesday,0,0,0,0,0,0,0,19,0,0,0,0,0,0,0,0,49,28,0,155,251,0
EMP044,2026-03-18,76,Wednesday,0,0,0,0,0,0,0,21,0,0,0,0,0,0,0,0,29,21,0,98,169,0
EMP044,2026-03-19,77,Thursday,0,0,0,0,0,0,0,15,0,0,0,0,0,0,0,0,21,15,0,123,174,0
EMP044,2026-03-20,78,Friday,0,0,0,0,0,0,0,22,0,0,0,0,0,0,0,0,35,38,0,125,220,0
EMP044,2026-03-21,79,Saturday,1,0,0,0,0,0,0,2,0,0,0,0,0,0,0,0,6,7,0,29,44,0
EMP044,2026-03-22,80,Sunday,1,0,0,0,0,0,0,0,0,0,0,0,0,0,0,0,0,0,0,0,0,0
EMP044,2026-03-23,81,Monday,0,0,0,0,0,0,0,15,0,0,0,0,0,0,0,0,23,25,0,169,232,0
EMP044,2026-03-24,82,Tuesday,0,0,0,0,0,0,0,19,0,0,0,0,0,0,0,0,39,36,0,105,199,0
EMP044,2026-03-25,83,Wednesday,0,0,0,0,0,0,0,27,0,0,0,0,0,0,0,0,21,12,0,104,164,0
EMP044,2026-03-26,84,Thursday,0,0,0,0,0,0,0,30,0,0,0,0,0,0,0,0,40,31,0,167,268,0
EMP044,2026-03-27,85,Friday,0,0,0,0,0,0,0,47,0,0,0,0,0,0,0,0,31,38,0,201,317,0
EMP044,2026-03-28,86,Saturday,1,0,0,0,0,0,0,11,0,0,0,0,0,0,0,0,16,9,0,57,93,0
EMP044,2026-03-29,87,Sunday,1,0,0,0,0,0,0,0,0,0,0,0,0,0,0,0,0,0,0,0,0,0
EMP044,2026-03-30,88,Monday,0,0,0,0,0,0,0,43,0,0,0,0,0,0,0,0,29,43,0,98,213,0
EMP044,2026-03-31,89,Tuesday,0,0,0,0,0,0,0,23,0,0,0,0,0,0,0,0,52,46,0,166,287,0
EMP045,2026-01-01,0,Thursday,0,1,0,0,0,0,0,0,0,0,0,0,0,0,0,0,0,0,0,0,0,0
EMP045,2026-01-02,1,Friday,0,0,0,0,0,0,0,22,0,0,0,0,0,0,0,0,45,42,0,141,250,0
EMP045,2026-01-03,2,Saturday,1,0,0,0,0,0,0,13,0,0,0,0,0,0,0,0,12,17,0,60,102,0
EMP045,2026-01-04,3,Sunday,1,0,0,0,0,0,0,0,0,0,0,0,0,0,0,0,0,0,0,0,0,0
EMP045,2026-01-05,4,Monday,0,0,0,0,0,0,0,24,0,0,0,0,0,0,0,0,26,24,0,130,204,0
EMP045,2026-01-06,5,Tuesday,0,0,0,0,0,0,0,19,0,0,0,0,0,0,0,0,58,38,0,130,245,0
EMP045,2026-01-07,6,Wednesday,0,0,0,0,0,0,0,23,0,0,0,0,0,0,0,0,32,19,0,154,228,0
EMP045,2026-01-08,7,Thursday,0,0,0,1,0,0,0,0,0,0,0,0,0,0,0,0,0,0,0,0,0,0
EMP045,2026-01-09,8,Friday,0,0,0,0,0,0,0,29,0,0,0,0,0,0,0,0,54,40,0,177,300,0
EMP045,2026-01-10,9,Saturday,1,0,0,0,0,0,0,5,0,0,0,0,0,0,0,0,16,11,0,63,95,0
EMP045,2026-01-11,10,Sunday,1,0,0,0,0,0,0,0,0,0,0,0,0,0,0,0,0,0,0,0,0,0
EMP045,2026-01-12,11,Monday,0,0,0,0,0,0,0,14,0,0,0,0,0,0,0,0,27,30,0,183,254,0
EMP045,2026-01-13,12,Tuesday,0,0,0,0,0,0,0,25,0,0,0,0,0,0,0,0,57,38,0,148,268,0
EMP045,2026-01-14,13,Wednesday,0,0,0,0,0,0,0,20,0,0,0,0,0,0,0,0,32,34,0,154,240,0
EMP045,2026-01-15,14,Thursday,0,0,0,0,0,0,0,12,0,0,0,0,0,0,0,0,32,28,0,89,161,0
EMP045,2026-01-16,15,Friday,0,0,0,0,0,0,0,14,0,0,0,0,0,0,0,0,33,19,0,168,234,0
EMP045,2026-01-17,16,Saturday,1,0,0,0,0,0,0,5,0,0,0,0,0,0,0,0,9,13,0,61,88,0
EMP045,2026-01-18,17,Sunday,1,0,0,0,0,0,0,0,0,0,0,0,0,0,0,0,0,0,0,0,0,0
EMP045,2026-01-19,18,Monday,0,0,0,0,0,0,0,27,0,0,0,0,0,0,0,0,27,36,0,110,200,0
EMP045,2026-01-20,19,Tuesday,0,0,0,0,0,0,0,7,0,0,0,0,0,0,0,0,23,21,0,90,141,0
EMP045,2026-01-21,20,Wednesday,0,0,0,0,0,0,0,13,0,0,0,0,0,0,0,0,37,18,0,136,204,0
EMP045,2026-01-22,21,Thursday,0,0,0,0,0,0,0,14,0,0,0,0,0,0,0,0,33,27,0,119,193,0
EMP045,2026-01-23,22,Friday,0,0,0,0,0,0,0,17,0,0,0,0,0,0,0,0,35,35,0,150,237,0
EMP045,2026-01-24,23,Saturday,1,0,0,0,0,0,0,9,0,0,0,0,0,0,0,0,11,8,0,35,63,0
EMP045,2026-01-25,24,Sunday,1,0,0,0,0,0,0,0,0,0,0,0,0,0,0,0,0,0,0,0,0,0
EMP045,2026-01-26,25,Monday,0,1,0,0,0,0,0,0,0,0,0,0,0,0,0,0,0,0,0,0,0,0
EMP045,2026-01-27,26,Tuesday,0,0,0,0,0,0,0,26,0,0,0,0,0,0,0,0,60,44,0,142,272,0
EMP045,2026-01-28,27,Wednesday,0,0,1,0,0,0,0,1,0,0,0,0,0,0,0,0,3,2,0,9,15,0
EMP045,2026-01-29,28,Thursday,0,0,0,0,0,0,0,22,0,0,0,0,0,0,0,0,40,45,0,161,268,0
EMP045,2026-01-30,29,Friday,0,0,0,0,0,0,0,28,0,0,0,0,0,0,0,0,39,50,0,184,301,0
EMP045,2026-01-31,30,Saturday,1,0,0,0,0,0,0,5,0,0,0,0,0,0,0,0,21,11,0,57,94,0
EMP045,2026-02-01,31,Sunday,1,0,0,0,0,0,0,0,0,0,0,0,0,0,0,0,0,0,0,0,0,0
EMP045,2026-02-02,32,Monday,0,0,0,0,0,0,0,30,0,0,0,0,0,0,0,0,57,40,0,204,331,0
EMP045,2026-02-03,33,Tuesday,0,0,0,0,0,0,0,20,0,0,0,0,0,0,0,0,71,49,0,222,362,0
EMP045,2026-02-04,34,Wednesday,0,0,0,0,0,0,0,19,0,0,0,0,0,0,0,0,39,24,0,120,202,0
EMP045,2026-02-05,35,Thursday,0,0,0,0,0,0,0,17,0,0,0,0,0,0,0,0,30,22,0,71,140,0
EMP045,2026-02-06,36,Friday,0,0,0,0,0,0,0,32,0,0,0,0,0,0,0,0,37,30,0,182,281,0
EMP045,2026-02-07,37,Saturday,1,0,0,0,0,0,0,5,0,0,0,0,0,0,0,0,22,15,0,67,109,0
EMP045,2026-02-08,38,Sunday,1,0,0,0,0,0,0,0,0,0,0,0,0,0,0,0,0,0,0,0,0,0
EMP045,2026-02-09,39,Monday,0,0,0,0,0,0,0,18,0,0,0,0,0,0,0,0,34,48,0,145,245,0
EMP045,2026-02-10,40,Tuesday,0,0,0,0,0,0,0,18,0,0,0,0,0,0,0,0,37,19,0,157,231,0
EMP045,2026-02-11,41,Wednesday,0,0,0,0,0,0,0,18,0,0,0,0,0,0,0,0,41,28,0,166,253,0
EMP045,2026-02-12,42,Thursday,0,0,0,0,0,0,0,12,0,0,0,0,0,0,0,0,29,12,0,69,122,0
EMP045,2026-02-13,43,Friday,0,0,0,1,0,0,0,0,0,0,0,0,0,0,0,0,0,0,0,0,0,0
EMP045,2026-02-14,44,Saturday,1,0,0,0,0,0,0,4,0,0,0,0,0,0,0,0,18,17,0,58,97,0
EMP045,2026-02-15,45,Sunday,1,0,0,0,1,0,0,0,0,0,0,0,0,0,0,0,0,0,0,0,0,0
EMP045,2026-02-16,46,Monday,0,0,0,0,0,0,0,16,0,0,0,0,0,0,0,0,49,20,0,129,214,0
EMP045,2026-02-17,47,Tuesday,0,0,0,0,0,0,0,29,0,0,0,0,0,0,0,0,29,30,0,133,221,0
EMP045,2026-02-18,48,Wednesday,0,0,1,0,0,0,0,1,0,0,0,0,0,0,0,0,1,2,0,5,9,0
EMP045,2026-02-19,49,Thursday,0,0,0,0,0,0,0,33,0,0,0,0,0,0,0,0,30,20,0,118,201,0
EMP045,2026-02-20,50,Friday,0,0,0,0,0,0,0,24,0,0,0,0,0,0,0,0,51,37,0,183,295,0
EMP045,2026-02-21,51,Saturday,1,0,0,0,0,0,0,11,0,0,0,0,0,0,0,0,10,6,0,41,68,0
EMP045,2026-02-22,52,Sunday,1,0,0,0,0,0,0,0,0,0,0,0,0,0,0,0,0,0,0,0,0,0
EMP045,2026-02-23,53,Monday,0,0,0,0,0,0,0,24,0,0,0,0,0,0,0,0,48,40,0,178,290,0
EMP045,2026-02-24,54,Tuesday,0,0,0,0,0,0,0,23,0,0,0,0,0,0,0,0,50,23,0,126,222,0
EMP045,2026-02-25,55,Wednesday,0,0,0,0,0,0,0,19,0,0,0,0,0,0,0,0,33,33,0,97,182,0
EMP045,2026-02-26,56,Thursday,0,0,0,0,0,0,0,19,0,0,0,0,0,0,0,0,43,41,0,130,233,0
EMP045,2026-02-27,57,Friday,0,0,0,1,0,0,0,0,0,0,0,0,0,0,0,0,0,0,0,0,0,0
EMP045,2026-02-28,58,Saturday,1,0,0,0,0,0,0,9,0,0,0,0,0,0,0,0,14,14,0,48,85,0
EMP045,2026-03-01,59,Sunday,1,0,0,0,0,0,0,0,0,0,0,0,0,0,0,0,0,0,0,0,0,0
EMP045,2026-03-02,60,Monday,0,1,0,0,0,0,0,0,0,0,0,0,0,0,0,0,0,0,0,0,0,0
EMP045,2026-03-03,61,Tuesday,0,0,0,0,0,0,0,19,0,0,0,0,0,0,0,0,47,31,0,169,266,0
EMP045,2026-03-04,62,Wednesday,0,0,0,0,0,0,0,14,0,0,0,0,0,0,0,0,43,27,0,119,203,0
EMP045,2026-03-05,63,Thursday,0,0,0,0,0,0,0,24,0,0,0,0,0,0,0,0,28,37,0,123,212,0
EMP045,2026-03-06,64,Friday,0,0,0,0,0,0,0,17,0,0,0,0,0,0,0,0,58,40,0,198,313,0
EMP045,2026-03-07,65,Saturday,1,0,0,0,0,0,0,6,0,0,0,0,0,0,0,0,17,13,0,45,81,0
EMP045,2026-03-08,66,Sunday,1,0,0,0,0,0,0,0,0,0,0,0,0,0,0,0,0,0,0,0,0,0
EMP045,2026-03-09,67,Monday,0,0,0,0,0,0,0,12,0,0,0,0,0,0,0,0,50,26,0,98,186,0
EMP045,2026-03-10,68,Tuesday,0,0,0,0,0,0,0,25,0,0,0,0,0,0,0,0,51,30,0,130,236,0
EMP045,2026-03-11,69,Wednesday,0,0,0,0,0,0,0,20,0,0,0,0,0,0,0,0,29,39,0,149,237,0
EMP045,2026-03-12,70,Thursday,0,0,0,0,0,0,0,28,0,0,0,0,0,0,0,0,39,22,0,172,261,0
EMP045,2026-03-13,71,Friday,0,0,0,0,0,0,0,30,0,0,0,0,0,0,0,0,33,31,0,124,218,0
EMP045,2026-03-14,72,Saturday,1,0,0,0,0,0,0,5,0,0,0,0,0,0,0,0,13,10,0,41,69,0
EMP045,2026-03-15,73,Sunday,1,0,0,0,0,0,0,0,0,0,0,0,0,0,0,0,0,0,0,0,0,0
EMP045,2026-03-16,74,Monday,0,0,0,0,0,0,0,18,0,0,0,0,0,0,0,0,27,40,0,132,217,0
EMP045,2026-03-17,75,Tuesday,0,0,0,0,0,0,0,30,0,0,0,0,0,0,0,0,59,25,0,134,248,0
EMP045,2026-03-18,76,Wednesday,0,0,0,0,0,0,0,13,0,0,0,0,0,0,0,0,33,34,0,174,254,0
EMP045,2026-03-19,77,Thursday,0,0,0,0,0,0,0,12,0,0,0,0,0,0,0,0,53,26,0,161,252,0
EMP045,2026-03-20,78,Friday,0,0,0,0,0,0,0,17,0,0,0,0,0,0,0,0,46,35,0,161,259,0
EMP045,2026-03-21,79,Saturday,1,0,0,0,0,0,0,5,0,0,0,0,0,0,0,0,9,14,0,39,67,0
EMP045,2026-03-22,80,Sunday,1,0,1,0,0,0,0,0,0,0,0,0,0,0,0,0,0,0,0,0,0,0
EMP045,2026-03-23,81,Monday,0,0,0,0,0,0,0,30,0,0,0,0,0,0,0,0,32,29,0,180,271,0
EMP045,2026-03-24,82,Tuesday,0,0,0,0,0,0,0,30,0,0,0,0,0,0,0,0,46,42,0,218,336,0
EMP045,2026-03-25,83,Wednesday,0,0,0,0,0,0,0,13,0,0,0,0,0,0,0,0,12,16,0,83,124,0
EMP045,2026-03-26,84,Thursday,0,0,0,0,0,0,0,44,0,0,0,0,0,0,0,0,58,39,0,128,269,0
EMP045,2026-03-27,85,Friday,0,0,0,0,0,0,0,29,0,0,0,0,0,0,0,0,54,26,0,198,307,0
EMP045,2026-03-28,86,Saturday,1,0,0,0,0,0,0,8,0,0,0,0,0,0,0,0,21,17,0,45,91,0
EMP045,2026-03-29,87,Sunday,1,0,0,0,0,0,0,0,0,0,0,0,0,0,0,0,0,0,0,0,0,0
EMP045,2026-03-30,88,Monday,0,0,0,0,0,0,0,21,0,0,0,0,0,0,0,0,29,48,0,161,259,0
EMP045,2026-03-31,89,Tuesday,0,0,0,0,0,0,0,54,0,0,0,0,0,0,0,0,27,51,0,174,306,0
EMP046,2026-01-01,0,Thursday,0,1,0,0,0,0,0,0,0,0,0,0,0,0,0,0,0,0,0,0,0,0
EMP046,2026-01-02,1,Friday,0,0,0,0,0,0,0,15,0,0,0,0,0,0,0,0,59,42,0,147,263,0
EMP046,2026-01-03,2,Saturday,1,0,0,0,0,0,0,11,0,0,0,0,0,0,0,0,12,12,0,64,99,0
EMP046,2026-01-04,3,Sunday,1,0,0,0,0,0,0,0,0,0,0,0,0,0,0,0,0,0,0,0,0,0
EMP046,2026-01-05,4,Monday,0,0,0,0,0,0,0,9,0,0,0,0,0,0,0,0,21,20,0,95,145,0
EMP046,2026-01-06,5,Tuesday,0,0,0,0,0,0,0,13,0,0,0,0,0,0,0,0,40,29,0,169,251,0
EMP046,2026-01-07,6,Wednesday,0,0,0,0,0,0,0,20,0,0,0,0,0,0,0,0,21,26,0,114,181,0
EMP046,2026-01-08,7,Thursday,0,0,0,0,0,0,0,7,0,0,0,0,0,0,0,0,18,10,0,30,65,0
EMP046,2026-01-09,8,Friday,0,0,0,0,0,0,0,27,0,0,0,0,0,0,0,0,31,30,0,94,182,0
EMP046,2026-01-10,9,Saturday,1,0,0,0,0,0,0,4,0,0,0,0,0,0,0,0,21,11,0,40,76,0
EMP046,2026-01-11,10,Sunday,1,0,0,0,0,0,0,0,0,0,0,0,0,0,0,0,0,0,0,0,0,0
EMP046,2026-01-12,11,Monday,0,0,0,0,0,0,0,24,0,0,0,0,0,0,0,0,30,27,0,151,232,0
EMP046,2026-01-13,12,Tuesday,0,0,0,0,0,0,0,14,0,0,0,0,0,0,0,0,42,27,0,100,183,0
EMP046,2026-01-14,13,Wednesday,0,0,0,0,0,0,0,19,0,0,0,0,0,0,0,0,22,26,0,89,156,0
EMP046,2026-01-15,14,Thursday,0,0,0,0,0,0,0,10,0,0,0,0,0,0,0,0,19,31,0,80,140,0
EMP046,2026-01-16,15,Friday,0,0,0,0,0,0,0,22,0,0,0,0,0,0,0,0,30,33,0,125,210,0
EMP046,2026-01-17,16,Saturday,1,0,0,0,0,0,0,9,0,0,0,0,0,0,0,0,10,8,0,34,61,0
EMP046,2026-01-18,17,Sunday,1,0,0,0,0,0,0,0,0,0,0,0,0,0,0,0,0,0,0,0,0,0
EMP046,2026-01-19,18,Monday,0,0,0,0,0,0,0,20,0,0,0,0,0,0,0,0,36,19,0,99,174,0
EMP046,2026-01-20,19,Tuesday,0,0,0,0,0,0,0,19,0,0,0,0,0,0,0,0,51,32,0,149,251,0
EMP046,2026-01-21,20,Wednesday,0,0,0,0,0,0,0,12,0,0,0,0,0,0,0,0,25,31,0,98,166,0
EMP046,2026-01-22,21,Thursday,0,0,0,0,0,0,0,13,0,0,0,0,0,0,0,0,27,24,0,123,187,0
EMP046,2026-01-23,22,Friday,0,0,0,0,0,0,0,19,0,0,0,0,0,0,0,0,39,18,0,151,227,0
EMP046,2026-01-24,23,Saturday,1,0,0,0,0,0,0,7,0,0,0,0,0,0,0,0,16,8,0,47,78,0
EMP046,2026-01-25,24,Sunday,1,0,0,0,0,0,0,0,0,0,0,0,0,0,0,0,0,0,0,0,0,0
EMP046,2026-01-26,25,Monday,0,1,0,0,0,0,0,0,0,0,0,0,0,0,0,0,0,0,0,0,0,0
EMP046,2026-01-27,26,Tuesday,0,0,0,0,0,0,0,26,0,0,0,0,0,0,0,0,25,40,0,139,230,0
EMP046,2026-01-28,27,Wednesday,0,0,0,0,0,0,0,17,0,0,0,0,0,0,0,0,38,34,0,141,230,0
EMP046,2026-01-29,28,Thursday,0,0,0,0,0,0,0,43,0,0,0,0,0,0,0,0,25,30,0,181,279,0
EMP046,2026-01-30,29,Friday,0,0,1,0,0,0,0,2,0,0,0,0,0,0,0,0,2,2,0,9,15,0
EMP046,2026-01-31,30,Saturday,1,0,0,0,0,0,0,9,0,0,0,0,0,0,0,0,9,15,0,60,93,0
EMP046,2026-02-01,31,Sunday,1,0,0,0,0,0,0,0,0,0,0,0,0,0,0,0,0,0,0,0,0,0
EMP046,2026-02-02,32,Monday,0,0,0,0,0,0,0,35,0,0,0,0,0,0,0,0,55,44,0,158,292,0
EMP046,2026-02-03,33,Tuesday,0,0,0,0,0,0,0,28,0,0,0,0,0,0,0,0,60,40,0,104,232,0
EMP046,2026-02-04,34,Wednesday,0,0,0,0,0,0,0,21,0,0,0,0,0,0,0,0,41,31,0,135,228,0
EMP046,2026-02-05,35,Thursday,0,0,0,0,0,0,0,10,0,0,0,0,0,0,0,0,21,23,0,85,139,0
EMP046,2026-02-06,36,Friday,0,0,1,0,0,0,0,1,0,0,0,0,0,0,0,0,3,1,0,14,19,0
EMP046,2026-02-07,37,Saturday,1,0,0,0,0,0,0,8,0,0,0,0,0,0,0,0,16,14,0,53,91,0
EMP046,2026-02-08,38,Sunday,1,0,0,0,0,0,0,0,0,0,0,0,0,0,0,0,0,0,0,0,0,0
EMP046,2026-02-09,39,Monday,0,0,0,0,0,0,0,23,0,0,0,0,0,0,0,0,30,27,0,149,229,0
EMP046,2026-02-10,40,Tuesday,0,0,0,0,0,0,0,23,0,0,0,0,0,0,0,0,33,33,0,138,227,0
EMP046,2026-02-11,41,Wednesday,0,0,0,0,0,0,0,9,0,0,0,0,0,0,0,0,16,38,0,76,139,0
EMP046,2026-02-12,42,Thursday,0,0,0,0,0,0,0,12,0,0,0,0,0,0,0,0,23,28,0,87,150,0
EMP046,2026-02-13,43,Friday,0,0,0,0,0,0,0,18,0,0,0,0,0,0,0,0,31,17,0,117,183,0
EMP046,2026-02-14,44,Saturday,1,0,0,0,0,0,0,8,0,0,0,0,0,0,0,0,11,11,0,37,67,0
EMP046,2026-02-15,45,Sunday,1,0,0,0,1,0,0,0,0,0,0,0,0,0,0,0,0,0,0,0,0,0
EMP046,2026-02-16,46,Monday,0,0,0,0,0,0,0,19,0,0,0,0,0,0,0,0,45,26,0,172,262,0
EMP046,2026-02-17,47,Tuesday,0,0,0,0,0,0,0,14,0,0,0,0,0,0,0,0,25,33,0,135,207,0
EMP046,2026-02-18,48,Wednesday,0,0,0,0,0,0,0,13,0,0,0,0,0,0,0,0,34,31,0,91,169,0
EMP046,2026-02-19,49,Thursday,0,0,0,0,0,0,0,14,0,0,0,0,0,0,0,0,15,18,0,76,123,0
EMP046,2026-02-20,50,Friday,0,0,0,0,0,0,0,13,0,0,0,0,0,0,0,0,26,30,0,157,226,0
EMP046,2026-02-21,51,Saturday,1,0,1,0,0,0,0,0,0,0,0,0,0,0,0,0,0,0,0,5,5,0
EMP046,2026-02-22,52,Sunday,1,0,0,0,0,0,0,0,0,0,0,0,0,0,0,0,0,0,0,0,0,0
EMP046,2026-02-23,53,Monday,0,0,0,0,0,0,0,27,0,0,0,0,0,0,0,0,36,37,0,118,218,0
EMP046,2026-02-24,54,Tuesday,0,0,0,0,0,0,0,20,0,0,0,0,0,0,0,0,44,23,0,121,208,0
EMP046,2026-02-25,55,Wednesday,0,0,0,0,0,0,0,14,0,0,0,0,0,0,0,0,39,33,0,85,171,0
EMP046,2026-02-26,56,Thursday,0,0,0,0,0,0,0,20,0,0,0,0,0,0,0,0,33,19,0,115,187,0
EMP046,2026-02-27,57,Friday,0,0,0,0,0,0,0,7,0,0,0,0,0,0,0,0,25,14,0,52,98,0
EMP046,2026-02-28,58,Saturday,1,0,0,0,0,0,0,15,0,0,0,0,0,0,0,0,9,11,0,42,77,0
EMP046,2026-03-01,59,Sunday,1,0,0,0,0,0,0,0,0,0,0,0,0,0,0,0,0,0,0,0,0,0
EMP046,2026-03-02,60,Monday,0,1,0,0,0,0,0,0,0,0,0,0,0,0,0,0,0,0,0,0,0,0
EMP046,2026-03-03,61,Tuesday,0,0,0,0,0,0,0,34,0,0,0,0,0,0,0,0,42,27,0,162,265,0
EMP046,2026-03-04,62,Wednesday,0,0,0,0,0,0,0,19,0,0,0,0,0,0,0,0,28,27,0,124,198,0
EMP046,2026-03-05,63,Thursday,0,0,0,0,0,0,0,15,0,0,0,0,0,0,0,0,43,27,0,150,235,0
EMP046,2026-03-06,64,Friday,0,0,0,0,0,0,0,23,0,0,0,0,0,0,0,0,22,28,0,158,231,0
EMP046,2026-03-07,65,Saturday,1,0,0,0,0,0,0,5,0,0,0,0,0,0,0,0,10,7,0,36,58,0
EMP046,2026-03-08,66,Sunday,1,0,0,0,0,0,0,0,0,0,0,0,0,0,0,0,0,0,0,0,0,0
EMP046,2026-03-09,67,Monday,0,0,0,0,0,0,0,29,0,0,0,0,0,0,0,0,26,35,0,124,214,0
EMP046,2026-03-10,68,Tuesday,0,0,0,0,0,0,0,13,0,0,0,0,0,0,0,0,40,34,0,155,242,0
EMP046,2026-03-11,69,Wednesday,0,0,0,0,0,0,0,22,0,0,0,0,0,0,0,0,36,28,0,159,245,0
EMP046,2026-03-12,70,Thursday,0,0,0,0,0,0,0,19,0,0,0,0,0,0,0,0,31,17,0,90,157,0
EMP046,2026-03-13,71,Friday,0,0,0,0,0,0,0,10,0,0,0,0,0,0,0,0,29,17,0,127,183,0
EMP046,2026-03-14,72,Saturday,1,0,0,0,0,0,0,6,0,0,0,0,0,0,0,0,13,6,0,49,74,0
EMP046,2026-03-15,73,Sunday,1,0,0,0,0,0,0,0,0,0,0,0,0,0,0,0,0,0,0,0,0,0
EMP046,2026-03-16,74,Monday,0,0,0,0,0,0,0,13,0,0,0,0,0,0,0,0,27,28,0,89,157,0
EMP046,2026-03-17,75,Tuesday,0,0,0,0,0,0,0,13,0,0,0,0,0,0,0,0,24,18,0,150,205,0
EMP046,2026-03-18,76,Wednesday,0,0,0,0,0,0,0,18,0,0,0,0,0,0,0,0,33,23,0,90,164,0
EMP046,2026-03-19,77,Thursday,0,0,0,0,0,0,0,22,0,0,0,0,0,0,0,0,40,16,0,98,176,0
EMP046,2026-03-20,78,Friday,0,0,0,1,0,0,0,0,0,0,0,0,0,0,0,0,0,0,0,0,0,0
EMP046,2026-03-21,79,Saturday,1,0,0,0,0,0,0,4,0,0,0,0,0,0,0,0,8,8,0,32,52,0
EMP046,2026-03-22,80,Sunday,1,0,0,0,0,0,0,0,0,0,0,0,0,0,0,0,0,0,0,0,0,0
EMP046,2026-03-23,81,Monday,0,0,0,0,0,0,0,12,0,0,0,0,0,0,0,0,45,34,0,150,241,0
EMP046,2026-03-24,82,Tuesday,0,0,0,0,0,0,0,17,0,0,0,0,0,0,0,0,35,37,0,103,192,0
EMP046,2026-03-25,83,Wednesday,0,0,0,0,0,0,0,31,0,0,0,0,0,0,0,0,35,20,0,144,230,0
EMP046,2026-03-26,84,Thursday,0,0,0,0,0,0,0,42,0,0,0,0,0,0,0,0,50,42,0,165,299,0
EMP046,2026-03-27,85,Friday,0,0,0,0,0,0,0,21,0,0,0,0,0,0,0,0,32,32,0,163,248,0
EMP046,2026-03-28,86,Saturday,1,0,0,0,0,0,0,8,0,0,0,0,0,0,0,0,11,13,0,46,78,0
EMP046,2026-03-29,87,Sunday,1,0,0,0,0,0,0,0,0,0,0,0,0,0,0,0,0,0,0,0,0,0
EMP046,2026-03-30,88,Monday,0,0,0,0,0,0,0,49,0,0,0,0,0,0,0,0,45,41,0,132,267,0
EMP046,2026-03-31,89,Tuesday,0,0,0,0,0,0,0,22,0,0,0,0,0,0,0,0,16,21,0,70,129,0
EMP047,2026-01-01,0,Thursday,0,1,0,0,0,0,0,0,0,0,0,0,0,0,0,0,0,0,0,0,0,0
EMP047,2026-01-02,1,Friday,0,0,0,0,0,0,0,48,0,45,0,0,0,0,0,0,50,160,37,0,340,0
EMP047,2026-01-03,2,Saturday,1,0,0,0,0,0,0,22,0,23,0,0,0,0,0,0,22,43,24,0,134,0
EMP047,2026-01-04,3,Sunday,1,0,0,0,0,0,0,0,0,0,0,0,0,0,0,0,0,0,0,0,0,0
EMP047,2026-01-05,4,Monday,0,0,0,0,0,0,0,43,0,49,0,0,0,0,0,0,50,123,29,0,294,0
EMP047,2026-01-06,5,Tuesday,0,0,0,0,0,0,0,42,0,50,0,0,0,0,0,0,35,149,52,0,328,0
EMP047,2026-01-07,6,Wednesday,0,0,0,0,0,0,0,57,0,26,0,0,0,0,0,0,44,98,35,0,260,0
EMP047,2026-01-08,7,Thursday,0,0,0,0,0,0,0,65,0,62,0,0,0,0,0,0,31,86,47,0,291,0
EMP047,2026-01-09,8,Friday,0,0,0,0,0,0,0,58,0,49,0,0,0,0,0,0,32,107,27,0,273,0
EMP047,2026-01-10,9,Saturday,1,0,0,0,0,0,0,8,0,4,0,0,0,0,0,0,6,21,6,0,45,0
EMP047,2026-01-11,10,Sunday,1,0,0,0,0,0,0,0,0,0,0,0,0,0,0,0,0,0,0,0,0,0
EMP047,2026-01-12,11,Monday,0,0,0,0,0,0,0,57,0,26,0,0,0,0,0,0,33,81,44,0,241,0
EMP047,2026-01-13,12,Tuesday,0,0,0,0,0,0,0,40,0,35,0,0,0,0,0,0,36,138,31,0,280,0
EMP047,2026-01-14,13,Wednesday,0,0,0,0,0,0,0,45,0,33,0,0,0,0,0,0,28,83,32,0,221,0
EMP047,2026-01-15,14,Thursday,0,0,0,1,0,0,0,0,0,0,0,0,0,0,0,0,0,0,0,0,0,0
EMP047,2026-01-16,15,Friday,0,0,0,0,0,0,0,39,0,24,0,0,0,0,0,0,31,124,32,0,250,0
EMP047,2026-01-17,16,Saturday,1,0,0,0,0,0,0,12,0,10,0,0,0,0,0,0,17,34,12,0,85,0
EMP047,2026-01-18,17,Sunday,1,0,0,0,0,0,0,0,0,0,0,0,0,0,0,0,0,0,0,0,0,0
EMP047,2026-01-19,18,Monday,0,0,0,0,0,0,0,58,0,46,0,0,0,0,0,0,51,131,41,0,327,0
EMP047,2026-01-20,19,Tuesday,0,0,0,0,0,0,0,72,0,31,0,0,0,0,0,0,56,96,30,0,285,0
EMP047,2026-01-21,20,Wednesday,0,0,0,0,0,0,0,40,0,28,0,0,0,0,0,0,52,139,32,0,291,0
EMP047,2026-01-22,21,Thursday,0,0,0,0,0,0,0,61,0,27,0,0,0,0,0,0,31,125,30,0,274,0
EMP047,2026-01-23,22,Friday,0,0,0,0,0,0,0,30,0,26,0,0,0,0,0,0,18,48,19,0,141,0
EMP047,2026-01-24,23,Saturday,1,0,0,0,0,0,0,14,0,5,0,0,0,0,0,0,6,29,10,0,64,0
EMP047,2026-01-25,24,Sunday,1,0,0,0,0,0,0,0,0,0,0,0,0,0,0,0,0,0,0,0,0,0
EMP047,2026-01-26,25,Monday,0,1,1,0,0,0,0,0,0,0,0,0,0,0,0,0,0,0,0,0,0,0
EMP047,2026-01-27,26,Tuesday,0,0,0,0,0,0,0,42,0,44,0,0,0,0,0,0,39,149,37,0,311,0
EMP047,2026-01-28,27,Wednesday,0,0,0,0,0,0,0,71,0,31,0,0,0,0,0,0,46,131,26,0,305,0
EMP047,2026-01-29,28,Thursday,0,0,0,0,0,0,0,62,0,54,0,0,0,0,0,0,58,174,44,0,392,0
EMP047,2026-01-30,29,Friday,0,0,0,0,0,0,0,76,0,34,0,0,0,0,0,0,50,178,43,0,381,0
EMP047,2026-01-31,30,Saturday,1,0,0,0,0,0,0,19,0,18,0,0,0,0,0,0,14,58,8,0,117,0
EMP047,2026-02-01,31,Sunday,1,0,0,0,0,0,0,0,0,0,0,0,0,0,0,0,0,0,0,0,0,0
EMP047,2026-02-02,32,Monday,0,0,0,0,0,0,0,83,0,54,0,0,0,0,0,0,59,142,54,0,392,0
EMP047,2026-02-03,33,Tuesday,0,0,0,1,0,0,0,0,0,0,0,0,0,0,0,0,0,0,0,0,0,0
EMP047,2026-02-04,34,Wednesday,0,0,0,0,0,0,0,64,0,46,0,0,0,0,0,0,32,94,37,0,273,0
EMP047,2026-02-05,35,Thursday,0,0,0,0,0,0,0,40,0,18,0,0,0,0,0,0,28,65,23,0,174,0
EMP047,2026-02-06,36,Friday,0,0,0,0,0,0,0,69,0,46,0,0,0,0,0,0,51,107,53,0,326,0
EMP047,2026-02-07,37,Saturday,1,0,0,0,0,0,0,17,0,18,0,0,0,0,0,0,17,49,14,0,115,0
EMP047,2026-02-08,38,Sunday,1,0,0,0,0,0,0,0,0,0,0,0,0,0,0,0,0,0,0,0,0,0
EMP047,2026-02-09,39,Monday,0,0,0,0,0,0,0,19,0,25,0,0,0,0,0,0,28,74,24,0,170,0
EMP047,2026-02-10,40,Tuesday,0,0,0,0,0,0,0,58,0,43,0,0,0,0,0,0,42,130,25,0,298,0
EMP047,2026-02-11,41,Wednesday,0,0,0,0,0,0,0,72,0,46,0,0,0,0,0,0,50,111,39,0,318,0
EMP047,2026-02-12,42,Thursday,0,0,0,0,0,0,0,67,0,22,0,0,0,0,0,0,39,117,21,0,266,0
EMP047,2026-02-13,43,Friday,0,0,0,0,0,0,0,33,0,32,0,0,0,0,0,0,39,152,44,0,300,0
EMP047,2026-02-14,44,Saturday,1,0,1,0,0,0,0,1,0,0,0,0,0,0,0,0,1,2,0,0,4,0
EMP047,2026-02-15,45,Sunday,1,0,0,0,1,0,0,0,0,0,0,0,0,0,0,0,0,0,0,0,0,0
EMP047,2026-02-16,46,Monday,0,0,0,0,0,0,0,52,0,31,0,0,0,0,0,0,52,139,42,0,316,0
EMP047,2026-02-17,47,Tuesday,0,0,0,0,0,0,0,20,0,18,0,0,0,0,0,0,29,44,11,0,122,0
EMP047,2026-02-18,48,Wednesday,0,0,0,0,0,0,0,35,0,32,0,0,0,0,0,0,35,106,36,0,244,0
EMP047,2026-02-19,49,Thursday,0,0,0,0,0,0,0,54,0,45,0,0,0,0,0,0,49,96,48,0,292,0
EMP047,2026-02-20,50,Friday,0,0,0,0,0,0,0,19,0,15,0,0,0,0,0,0,13,54,24,0,125,0
EMP047,2026-02-21,51,Saturday,1,0,0,0,0,0,0,14,0,16,0,0,0,0,0,0,23,43,10,0,106,0
EMP047,2026-02-22,52,Sunday,1,0,0,0,0,0,0,0,0,0,0,0,0,0,0,0,0,0,0,0,0,0
EMP047,2026-02-23,53,Monday,0,0,0,0,0,0,0,60,0,51,0,0,0,0,0,0,44,97,31,0,283,0
EMP047,2026-02-24,54,Tuesday,0,0,0,0,0,0,0,64,0,43,0,0,0,0,0,0,55,119,54,0,335,0
EMP047,2026-02-25,55,Wednesday,0,0,0,0,0,0,0,62,0,42,0,0,0,0,0,0,49,119,34,0,306,0
EMP047,2026-02-26,56,Thursday,0,0,0,0,0,0,0,38,0,47,0,0,0,0,0,0,56,120,45,0,306,0
EMP047,2026-02-27,57,Friday,0,0,0,0,0,0,0,49,0,68,0,0,0,0,0,0,45,98,55,0,315,0
EMP047,2026-02-28,58,Saturday,1,0,0,0,0,0,0,14,0,4,0,0,0,0,0,0,8,24,8,0,58,0
EMP047,2026-03-01,59,Sunday,1,0,0,0,0,0,0,0,0,0,0,0,0,0,0,0,0,0,0,0,0,0
EMP047,2026-03-02,60,Monday,0,1,0,0,0,0,0,0,0,0,0,0,0,0,0,0,0,0,0,0,0,0
EMP047,2026-03-03,61,Tuesday,0,0,0,0,0,0,0,61,0,60,0,0,0,0,0,0,55,180,33,0,389,0
EMP047,2026-03-04,62,Wednesday,0,0,0,0,0,0,0,40,0,37,0,0,0,0,0,0,56,128,39,0,300,0
EMP047,2026-03-05,63,Thursday,0,0,1,0,0,0,0,2,0,3,0,0,0,0,0,0,3,8,2,0,18,0
EMP047,2026-03-06,64,Friday,0,0,0,0,0,0,0,61,0,61,0,0,0,0,0,0,43,89,39,0,293,0
EMP047,2026-03-07,65,Saturday,1,0,0,0,0,0,0,20,0,10,0,0,0,0,0,0,10,34,19,0,93,0
EMP047,2026-03-08,66,Sunday,1,0,0,0,0,0,0,0,0,0,0,0,0,0,0,0,0,0,0,0,0,0
EMP047,2026-03-09,67,Monday,0,0,0,0,0,0,0,27,0,27,0,0,0,0,0,0,18,64,19,0,155,0
EMP047,2026-03-10,68,Tuesday,0,0,0,0,0,0,0,46,0,25,0,0,0,0,0,0,21,75,29,0,196,0
EMP047,2026-03-11,69,Wednesday,0,0,0,0,0,0,0,46,0,34,0,0,0,0,0,0,50,86,42,0,258,0
EMP047,2026-03-12,70,Thursday,0,0,0,0,0,0,0,56,0,49,0,0,0,0,0,0,51,81,22,0,259,0
EMP047,2026-03-13,71,Friday,0,0,0,0,0,0,0,44,0,44,0,0,0,0,0,0,39,79,51,0,257,0
EMP047,2026-03-14,72,Saturday,1,0,0,0,0,0,0,23,0,12,0,0,0,0,0,0,18,53,20,0,126,0
EMP047,2026-03-15,73,Sunday,1,0,0,0,0,0,0,0,0,0,0,0,0,0,0,0,0,0,0,0,0,0
EMP047,2026-03-16,74,Monday,0,0,0,0,0,0,0,61,0,48,0,0,0,0,0,0,33,121,38,0,301,0
EMP047,2026-03-17,75,Tuesday,0,0,0,0,0,0,0,62,0,39,0,0,0,0,0,0,33,141,54,0,329,0
EMP047,2026-03-18,76,Wednesday,0,0,0,0,0,0,0,57,0,40,0,0,0,0,0,0,54,125,28,0,304,0
EMP047,2026-03-19,77,Thursday,0,0,0,0,0,0,0,47,0,35,0,0,0,0,0,0,36,144,47,0,309,0
EMP047,2026-03-20,78,Friday,0,0,0,0,0,0,0,58,0,60,0,0,0,0,0,0,55,87,29,0,289,0
EMP047,2026-03-21,79,Saturday,1,0,0,0,0,0,0,19,0,8,0,0,0,0,0,0,17,38,10,0,92,0
EMP047,2026-03-22,80,Sunday,1,0,0,0,0,0,0,0,0,0,0,0,0,0,0,0,0,0,0,0,0,0
EMP047,2026-03-23,81,Monday,0,0,0,0,0,0,0,25,0,20,0,0,0,0,0,0,32,68,16,0,161,0
EMP047,2026-03-24,82,Tuesday,0,0,0,0,0,0,0,58,0,47,0,0,0,0,0,0,47,149,38,0,339,0
EMP047,2026-03-25,83,Wednesday,0,0,0,0,0,0,0,67,0,103,0,0,0,0,0,0,52,180,50,0,452,0
EMP047,2026-03-26,84,Thursday,0,0,0,0,0,0,0,98,0,77,0,0,0,0,0,0,53,178,45,0,451,0
EMP047,2026-03-27,85,Friday,0,0,0,0,0,0,0,143,0,78,0,0,0,0,0,0,49,151,50,0,471,0
EMP047,2026-03-28,86,Saturday,1,0,0,0,0,0,0,36,0,29,0,0,0,0,0,0,29,58,26,0,178,0
EMP047,2026-03-29,87,Sunday,1,0,0,0,0,0,0,0,0,0,0,0,0,0,0,0,0,0,0,0,0,0
EMP047,2026-03-30,88,Monday,0,0,0,0,0,0,0,128,0,52,0,0,0,0,0,0,58,112,40,0,390,0
EMP047,2026-03-31,89,Tuesday,0,0,0,0,0,0,0,116,0,50,0,0,0,0,0,0,39,158,56,0,419,0
EMP048,2026-01-01,0,Thursday,0,1,0,0,0,0,0,0,0,0,0,0,0,0,0,0,0,0,0,0,0,0
EMP048,2026-01-02,1,Friday,0,0,0,0,0,0,0,79,0,43,0,0,0,0,0,0,47,141,40,0,350,0
EMP048,2026-01-03,2,Saturday,1,0,0,0,0,0,0,27,0,11,0,0,0,0,0,0,21,52,13,0,124,0
EMP048,2026-01-04,3,Sunday,1,0,0,0,0,0,0,0,0,0,0,0,0,0,0,0,0,0,0,0,0,0
EMP048,2026-01-05,4,Monday,0,0,0,0,0,0,0,58,0,39,0,0,0,0,0,0,31,110,35,0,273,0
EMP048,2026-01-06,5,Tuesday,0,0,0,0,0,0,0,31,0,24,0,0,0,0,0,0,38,49,14,0,156,0
EMP048,2026-01-07,6,Wednesday,0,0,0,0,0,0,0,52,0,28,0,0,0,0,0,0,56,86,27,0,249,0
EMP048,2026-01-08,7,Thursday,0,0,0,0,0,0,0,54,0,38,0,0,0,0,0,0,49,91,49,0,281,0
EMP048,2026-01-09,8,Friday,0,0,0,0,0,0,0,59,0,49,0,0,0,0,0,0,49,81,35,0,273,0
EMP048,2026-01-10,9,Saturday,1,0,0,0,0,0,0,10,0,10,0,0,0,0,0,0,10,32,18,0,80,0
EMP048,2026-01-11,10,Sunday,1,0,0,0,0,0,0,0,0,0,0,0,0,0,0,0,0,0,0,0,0,0
EMP048,2026-01-12,11,Monday,0,0,0,0,0,0,0,45,0,20,0,0,0,0,0,0,35,111,51,0,262,0
EMP048,2026-01-13,12,Tuesday,0,0,0,0,0,0,0,38,0,41,0,0,0,0,0,0,28,75,41,0,223,0
EMP048,2026-01-14,13,Wednesday,0,0,0,1,0,0,0,0,0,0,0,0,0,0,0,0,0,0,0,0,0,0
EMP048,2026-01-15,14,Thursday,0,0,0,0,0,0,0,56,0,44,0,0,0,0,0,0,44,98,38,0,280,0
EMP048,2026-01-16,15,Friday,0,0,0,0,0,0,0,52,0,29,0,0,0,0,0,0,31,111,49,0,272,0
EMP048,2026-01-17,16,Saturday,1,0,0,0,0,0,0,14,0,13,0,0,0,0,0,0,15,32,10,0,84,0
EMP048,2026-01-18,17,Sunday,1,0,0,0,0,0,0,0,0,0,0,0,0,0,0,0,0,0,0,0,0,0
EMP048,2026-01-19,18,Monday,0,0,0,0,0,0,0,55,0,44,0,0,0,0,0,0,44,89,47,0,279,0
EMP048,2026-01-20,19,Tuesday,0,0,0,0,0,0,0,59,0,36,0,0,0,0,0,0,51,97,50,0,293,0
EMP048,2026-01-21,20,Wednesday,0,0,0,0,0,0,0,57,0,27,0,0,0,0,0,0,49,61,31,0,225,0
EMP048,2026-01-22,21,Thursday,0,0,0,0,0,0,0,52,0,28,0,0,0,0,0,0,37,76,28,0,221,0
EMP048,2026-01-23,22,Friday,0,0,0,0,0,0,0,44,0,35,0,0,0,0,0,0,50,77,44,0,250,0
EMP048,2026-01-24,23,Saturday,1,0,0,0,0,0,0,20,0,16,0,0,0,0,0,0,15,41,15,0,107,0
EMP048,2026-01-25,24,Sunday,1,0,0,0,0,0,0,0,0,0,0,0,0,0,0,0,0,0,0,0,0,0
EMP048,2026-01-26,25,Monday,0,1,0,0,0,0,0,0,0,0,0,0,0,0,0,0,0,0,0,0,0,0
EMP048,2026-01-27,26,Tuesday,0,0,0,0,0,0,0,40,0,41,0,0,0,0,0,0,62,132,51,0,326,0
EMP048,2026-01-28,27,Wednesday,0,0,0,0,0,0,0,44,0,35,0,0,0,0,0,0,53,81,37,0,250,0
EMP048,2026-01-29,28,Thursday,0,0,0,0,0,0,0,70,0,28,0,0,0,0,0,0,44,143,49,0,334,0
EMP048,2026-01-30,29,Friday,0,0,0,0,0,0,0,108,0,31,0,0,0,0,0,0,34,175,36,0,384,0
EMP048,2026-01-31,30,Saturday,1,0,0,0,0,0,0,18,0,17,0,0,0,0,0,0,15,32,15,0,97,0
EMP048,2026-02-01,31,Sunday,1,0,0,0,0,0,0,0,0,0,0,0,0,0,0,0,0,0,0,0,0,0
EMP048,2026-02-02,32,Monday,0,0,0,0,0,0,0,43,0,21,0,0,0,0,0,0,31,84,17,0,196,0
EMP048,2026-02-03,33,Tuesday,0,0,0,0,0,0,0,77,0,57,0,0,0,0,0,0,41,121,38,0,334,0
EMP048,2026-02-04,34,Wednesday,0,0,0,0,0,0,0,57,0,29,0,0,0,0,0,0,44,85,36,0,251,0
EMP048,2026-02-05,35,Thursday,0,0,0,0,0,0,0,50,0,51,0,0,0,0,0,0,28,92,26,0,247,0
EMP048,2026-02-06,36,Friday,0,0,1,0,0,0,0,4,0,3,0,0,0,0,0,0,3,6,3,0,19,0
EMP048,2026-02-07,37,Saturday,1,0,0,0,0,0,0,18,0,16,0,0,0,0,0,0,20,28,9,0,91,0
EMP048,2026-02-08,38,Sunday,1,0,0,0,0,0,0,0,0,0,0,0,0,0,0,0,0,0,0,0,0,0
EMP048,2026-02-09,39,Monday,0,0,0,0,0,0,0,43,0,18,0,0,0,0,0,0,18,58,15,0,152,0
EMP048,2026-02-10,40,Tuesday,0,0,0,0,0,0,0,58,0,24,0,0,0,0,0,0,33,128,48,0,291,0
EMP048,2026-02-11,41,Wednesday,0,0,0,0,0,0,0,47,0,35,0,0,0,0,0,0,44,71,24,0,221,0
EMP048,2026-02-12,42,Thursday,0,0,0,0,0,0,0,40,0,35,0,0,0,0,0,0,32,75,41,0,223,0
EMP048,2026-02-13,43,Friday,0,0,0,0,0,0,0,50,0,29,0,0,0,0,0,0,45,98,24,0,246,0
EMP048,2026-02-14,44,Saturday,1,0,0,0,0,0,0,12,0,12,0,0,0,0,0,0,10,40,12,0,86,0
EMP048,2026-02-15,45,Sunday,1,0,0,0,1,0,0,0,0,0,0,0,0,0,0,0,0,0,0,0,0,0
EMP048,2026-02-16,46,Monday,0,0,0,0,0,0,0,60,0,53,0,0,0,0,0,0,37,80,40,0,270,0
EMP048,2026-02-17,47,Tuesday,0,0,0,0,0,0,0,48,0,32,0,0,0,0,0,0,31,88,32,0,231,0
EMP048,2026-02-18,48,Wednesday,0,0,0,0,0,0,0,45,0,33,0,0,0,0,0,0,32,102,31,0,243,0
EMP048,2026-02-19,49,Thursday,0,0,0,0,0,0,0,61,0,34,0,0,0,0,0,0,33,72,29,0,229,0
EMP048,2026-02-20,50,Friday,0,0,0,0,0,0,0,57,0,37,0,0,0,0,0,0,30,106,46,0,276,0
EMP048,2026-02-21,51,Saturday,1,0,0,0,0,0,0,13,0,9,0,0,0,0,0,0,11,46,10,0,89,0
EMP048,2026-02-22,52,Sunday,1,0,0,0,0,0,0,0,0,0,0,0,0,0,0,0,0,0,0,0,0,0
EMP048,2026-02-23,53,Monday,0,0,0,1,0,0,0,0,0,0,0,0,0,0,0,0,0,0,0,0,0,0
EMP048,2026-02-24,54,Tuesday,0,0,0,0,0,0,0,60,0,39,0,0,0,0,0,0,52,113,27,0,291,0
EMP048,2026-02-25,55,Wednesday,0,0,0,0,0,0,0,58,0,22,0,0,0,0,0,0,40,94,33,0,247,0
EMP048,2026-02-26,56,Thursday,0,0,0,0,0,0,0,44,0,49,0,0,0,0,0,0,56,102,44,0,295,0
EMP048,2026-02-27,57,Friday,0,0,0,0,0,0,0,61,0,51,0,0,0,0,0,0,43,134,61,0,350,0
EMP048,2026-02-28,58,Saturday,1,0,1,0,0,0,0,1,0,0,0,0,0,0,0,0,1,2,0,0,4,0
EMP048,2026-03-01,59,Sunday,1,0,0,0,0,0,0,0,0,0,0,0,0,0,0,0,0,0,0,0,0,0
EMP048,2026-03-02,60,Monday,0,1,0,0,0,0,0,0,0,0,0,0,0,0,0,0,0,0,0,0,0,0
EMP048,2026-03-03,61,Tuesday,0,0,0,0,0,0,0,56,0,57,0,0,0,0,0,0,40,154,52,0,359,0
EMP048,2026-03-04,62,Wednesday,0,0,0,0,0,0,0,53,0,38,0,0,0,0,0,0,46,77,37,0,251,0
EMP048,2026-03-05,63,Thursday,0,0,0,0,0,0,0,49,0,51,0,0,0,0,0,0,26,86,38,0,250,0
EMP048,2026-03-06,64,Friday,0,0,0,0,0,0,0,52,0,25,0,0,0,0,0,0,45,93,30,0,245,0
EMP048,2026-03-07,65,Saturday,1,0,0,0,0,0,0,20,0,8,0,0,0,0,0,0,10,40,11,0,89,0
EMP048,2026-03-08,66,Sunday,1,0,0,0,0,0,0,0,0,0,0,0,0,0,0,0,0,0,0,0,0,0
EMP048,2026-03-09,67,Monday,0,0,0,0,0,0,0,38,0,34,0,0,0,0,0,0,38,77,45,0,232,0
EMP048,2026-03-10,68,Tuesday,0,0,0,0,0,0,0,67,0,37,0,0,0,0,0,0,35,146,36,0,321,0
EMP048,2026-03-11,69,Wednesday,0,0,0,0,0,0,0,30,0,30,0,0,0,0,0,0,50,91,44,0,245,0
EMP048,2026-03-12,70,Thursday,0,0,0,0,0,0,0,52,0,49,0,0,0,0,0,0,47,104,36,0,288,0
EMP048,2026-03-13,71,Friday,0,0,0,0,0,0,0,55,0,31,0,0,0,0,0,0,45,107,29,0,267,0
EMP048,2026-03-14,72,Saturday,1,0,0,0,0,0,0,22,0,14,0,0,0,0,0,0,10,39,8,0,93,0
EMP048,2026-03-15,73,Sunday,1,0,0,0,0,0,0,0,0,0,0,0,0,0,0,0,0,0,0,0,0,0
EMP048,2026-03-16,74,Monday,0,0,0,0,0,0,0,63,0,39,0,0,0,0,0,0,35,103,18,0,258,0
EMP048,2026-03-17,75,Tuesday,0,0,0,0,0,0,0,37,0,37,0,0,0,0,0,0,48,110,33,0,265,0
EMP048,2026-03-18,76,Wednesday,0,0,0,0,0,0,0,53,0,37,0,0,0,0,0,0,46,94,28,0,258,0
EMP048,2026-03-19,77,Thursday,0,0,0,0,0,0,0,29,0,42,0,0,0,0,0,0,26,109,34,0,240,0
EMP048,2026-03-20,78,Friday,0,0,0,1,0,0,0,0,0,0,0,0,0,0,0,0,0,0,0,0,0,0
EMP048,2026-03-21,79,Saturday,1,0,0,0,0,0,0,20,0,12,0,0,0,0,0,0,16,34,13,0,95,0
EMP048,2026-03-22,80,Sunday,1,0,0,0,0,0,0,0,0,0,0,0,0,0,0,0,0,0,0,0,0,0
EMP048,2026-03-23,81,Monday,0,0,0,0,0,0,0,47,0,30,0,0,0,0,0,0,53,115,37,0,282,0
EMP048,2026-03-24,82,Tuesday,0,0,0,0,0,0,0,42,0,46,0,0,0,0,0,0,34,121,48,0,291,0
EMP048,2026-03-25,83,Wednesday,0,0,0,0,0,0,0,54,0,36,0,0,0,0,0,0,34,102,23,0,249,0
EMP048,2026-03-26,84,Thursday,0,0,0,0,0,0,0,65,0,63,0,0,0,0,0,0,62,121,31,0,342,0
EMP048,2026-03-27,85,Friday,0,0,0,0,0,0,0,102,0,79,0,0,0,0,0,0,44,170,41,0,436,0
EMP048,2026-03-28,86,Saturday,1,0,0,0,0,0,0,47,0,35,0,0,0,0,0,0,16,47,19,0,164,0
EMP048,2026-03-29,87,Sunday,1,0,0,0,0,0,0,0,0,0,0,0,0,0,0,0,0,0,0,0,0,0
EMP048,2026-03-30,88,Monday,0,0,0,0,0,0,0,91,0,77,0,0,0,0,0,0,37,116,45,0,366,0
EMP048,2026-03-31,89,Tuesday,0,0,0,0,0,0,0,111,0,57,0,0,0,0,0,0,62,101,27,0,358,0
EMP049,2026-01-01,0,Thursday,0,1,0,0,0,0,0,0,0,0,0,0,0,0,0,0,0,0,0,0,0,0
EMP049,2026-01-02,1,Friday,0,0,0,0,0,0,0,66,0,27,0,0,0,0,0,0,53,138,42,0,326,0
EMP049,2026-01-03,2,Saturday,1,0,0,0,0,0,0,31,0,16,0,0,0,0,0,0,17,48,12,0,124,0
EMP049,2026-01-04,3,Sunday,1,0,0,0,0,0,0,0,0,0,0,0,0,0,0,0,0,0,0,0,0,0
EMP049,2026-01-05,4,Monday,0,0,0,0,0,0,0,49,0,50,0,0,0,0,0,0,61,97,51,0,308,0
EMP049,2026-01-06,5,Tuesday,0,0,0,0,0,0,0,37,0,39,0,0,0,0,0,0,60,167,26,0,329,0
EMP049,2026-01-07,6,Wednesday,0,0,0,0,0,0,0,47,0,43,0,0,0,0,0,0,46,89,25,0,250,0
EMP049,2026-01-08,7,Thursday,0,0,0,0,0,0,0,39,0,32,0,0,0,0,0,0,48,113,25,0,257,0
EMP049,2026-01-09,8,Friday,0,0,0,1,0,0,0,0,0,0,0,0,0,0,0,0,0,0,0,0,0,0
EMP049,2026-01-10,9,Saturday,1,0,0,0,0,0,0,17,0,18,0,0,0,0,0,0,11,53,17,0,116,0
EMP049,2026-01-11,10,Sunday,1,0,0,0,0,0,0,0,0,0,0,0,0,0,0,0,0,0,0,0,0,0
EMP049,2026-01-12,11,Monday,0,0,0,0,0,0,0,54,0,30,0,0,0,0,0,0,38,136,25,0,283,0
EMP049,2026-01-13,12,Tuesday,0,0,0,0,0,0,0,66,0,48,0,0,0,0,0,0,51,138,30,0,333,0
EMP049,2026-01-14,13,Wednesday,0,0,0,0,0,0,0,54,0,30,0,0,0,0,0,0,36,112,43,0,275,0
EMP049,2026-01-15,14,Thursday,0,0,0,0,0,0,0,41,0,43,0,0,0,0,0,0,29,94,51,0,258,0
EMP049,2026-01-16,15,Friday,0,0,0,0,0,0,0,44,0,25,0,0,0,0,0,0,58,99,48,0,274,0
EMP049,2026-01-17,16,Saturday,1,0,0,0,0,0,0,15,0,17,0,0,0,0,0,0,21,52,11,0,116,0
EMP049,2026-01-18,17,Sunday,1,0,0,0,0,0,0,0,0,0,0,0,0,0,0,0,0,0,0,0,0,0
EMP049,2026-01-19,18,Monday,0,0,0,0,0,0,0,45,0,34,0,0,0,0,0,0,35,110,36,0,260,0
EMP049,2026-01-20,19,Tuesday,0,0,0,0,0,0,0,83,0,33,0,0,0,0,0,0,37,108,38,0,299,0
EMP049,2026-01-21,20,Wednesday,0,0,0,0,0,0,0,59,0,40,0,0,0,0,0,0,50,106,40,0,295,0
EMP049,2026-01-22,21,Thursday,0,0,0,0,0,0,0,39,0,26,0,0,0,0,0,0,39,118,30,0,252,0
EMP049,2026-01-23,22,Friday,0,0,0,0,0,0,0,75,0,50,0,0,0,0,0,0,46,123,29,0,323,0
EMP049,2026-01-24,23,Saturday,1,0,0,0,0,0,0,15,0,19,0,0,0,0,0,0,16,41,8,0,99,0
EMP049,2026-01-25,24,Sunday,1,0,0,0,0,0,0,0,0,0,0,0,0,0,0,0,0,0,0,0,0,0
EMP049,2026-01-26,25,Monday,0,1,0,0,0,0,0,0,0,0,0,0,0,0,0,0,0,0,0,0,0,0
EMP049,2026-01-27,26,Tuesday,0,0,0,0,0,0,0,74,0,43,0,0,0,0,0,0,56,117,31,0,321,0
EMP049,2026-01-28,27,Wednesday,0,0,0,0,0,0,0,50,0,44,0,0,0,0,0,0,48,118,51,0,311,0
EMP049,2026-01-29,28,Thursday,0,0,0,0,0,0,0,97,0,59,0,0,0,0,0,0,36,144,43,0,379,0
EMP049,2026-01-30,29,Friday,0,0,0,0,0,0,0,74,0,49,0,0,0,0,0,0,48,144,43,0,358,0
EMP049,2026-01-31,30,Saturday,1,0,0,0,0,0,0,17,0,23,0,0,0,0,0,0,24,40,14,0,118,0
EMP049,2026-02-01,31,Sunday,1,0,0,0,0,0,0,0,0,0,0,0,0,0,0,0,0,0,0,0,0,0
EMP049,2026-02-02,32,Monday,0,0,0,0,0,0,0,97,0,45,0,0,0,0,0,0,68,118,59,0,387,0
EMP049,2026-02-03,33,Tuesday,0,0,0,0,0,0,0,63,0,58,0,0,0,0,0,0,63,155,26,0,365,0
EMP049,2026-02-04,34,Wednesday,0,0,0,0,0,0,0,39,0,43,0,0,0,0,0,0,48,102,28,0,260,0
EMP049,2026-02-05,35,Thursday,0,0,0,0,0,0,0,59,0,42,0,0,0,0,0,0,50,135,50,0,336,0
EMP049,2026-02-06,36,Friday,0,0,0,0,0,0,0,69,0,35,0,0,0,0,0,0,46,108,43,0,301,0
EMP049,2026-02-07,37,Saturday,1,0,0,0,0,0,0,28,0,18,0,0,0,0,0,0,18,38,12,0,114,0
EMP049,2026-02-08,38,Sunday,1,0,0,0,0,0,0,0,0,0,0,0,0,0,0,0,0,0,0,0,0,0
EMP049,2026-02-09,39,Monday,0,0,0,0,0,0,0,39,0,27,0,0,0,0,0,0,18,72,25,0,181,0
EMP049,2026-02-10,40,Tuesday,0,0,0,0,0,0,0,60,0,51,0,0,0,0,0,0,50,126,55,0,342,0
EMP049,2026-02-11,41,Wednesday,0,0,0,0,0,0,0,40,0,43,0,0,0,0,0,0,50,120,33,0,286,0
EMP049,2026-02-12,42,Thursday,0,0,0,0,0,0,0,63,0,51,0,0,0,0,0,0,43,102,45,0,304,0
EMP049,2026-02-13,43,Friday,0,0,0,0,0,0,0,67,0,30,0,0,0,0,0,0,39,110,36,0,282,0
EMP049,2026-02-14,44,Saturday,1,0,0,0,0,0,0,21,0,14,0,0,0,0,0,0,21,33,8,0,97,0
EMP049,2026-02-15,45,Sunday,1,0,0,0,1,0,0,0,0,0,0,0,0,0,0,0,0,0,0,0,0,0
EMP049,2026-02-16,46,Monday,0,0,0,0,0,0,0,60,0,24,0,0,0,0,0,0,56,117,25,0,282,0
EMP049,2026-02-17,47,Tuesday,0,0,1,0,0,0,0,5,0,3,0,0,0,0,0,0,3,10,3,0,24,0
EMP049,2026-02-18,48,Wednesday,0,0,0,0,0,0,0,51,0,35,0,0,0,0,0,0,35,131,47,0,299,0
EMP049,2026-02-19,49,Thursday,0,0,0,0,0,0,0,71,0,47,0,0,0,0,0,0,45,105,33,0,301,0
EMP049,2026-02-20,50,Friday,0,0,0,0,0,0,0,59,0,43,0,0,0,0,0,0,32,84,35,0,253,0
EMP049,2026-02-21,51,Saturday,1,0,0,0,0,0,0,17,0,15,0,0,0,0,0,0,20,34,19,0,105,0
EMP049,2026-02-22,52,Sunday,1,0,0,0,0,0,0,0,0,0,0,0,0,0,0,0,0,0,0,0,0,0
EMP049,2026-02-23,53,Monday,0,0,0,0,0,0,0,69,0,45,0,0,0,0,0,0,55,126,49,0,344,0
EMP049,2026-02-24,54,Tuesday,0,0,0,0,0,0,0,46,0,39,0,0,0,0,0,0,48,154,42,0,329,0
EMP049,2026-02-25,55,Wednesday,0,0,0,0,0,0,0,41,0,40,0,0,0,0,0,0,57,87,46,0,271,0
EMP049,2026-02-26,56,Thursday,0,0,0,0,0,0,0,65,0,52,0,0,0,0,0,0,48,101,54,0,320,0
EMP049,2026-02-27,57,Friday,0,0,0,0,0,0,0,46,0,49,0,0,0,0,0,0,43,123,55,0,316,0
EMP049,2026-02-28,58,Saturday,1,0,0,0,0,0,0,24,0,11,0,0,0,0,0,0,20,55,20,0,130,0
EMP049,2026-03-01,59,Sunday,1,0,0,0,0,0,0,0,0,0,0,0,0,0,0,0,0,0,0,0,0,0
EMP049,2026-03-02,60,Monday,0,1,0,0,0,0,0,0,0,0,0,0,0,0,0,0,0,0,0,0,0,0
EMP049,2026-03-03,61,Tuesday,0,0,1,0,0,0,0,3,0,2,0,0,0,0,0,0,2,10,2,0,19,0
EMP049,2026-03-04,62,Wednesday,0,0,0,0,0,0,0,60,0,25,0,0,0,0,0,0,29,114,50,0,278,0
EMP049,2026-03-05,63,Thursday,0,0,0,0,0,0,0,44,0,41,0,0,0,0,0,0,50,153,26,0,314,0
EMP049,2026-03-06,64,Friday,0,0,0,0,0,0,0,65,0,51,0,0,0,0,0,0,39,102,50,0,307,0
EMP049,2026-03-07,65,Saturday,1,0,0,0,0,0,0,14,0,12,0,0,0,0,0,0,8,20,6,0,60,0
EMP049,2026-03-08,66,Sunday,1,0,0,0,0,0,0,0,0,0,0,0,0,0,0,0,0,0,0,0,0,0
EMP049,2026-03-09,67,Monday,0,0,1,0,0,0,0,1,0,1,0,0,0,0,0,0,1,5,1,0,9,0
EMP049,2026-03-10,68,Tuesday,0,0,0,0,0,0,0,44,0,51,0,0,0,0,0,0,38,120,38,0,291,0
EMP049,2026-03-11,69,Wednesday,0,0,0,0,0,0,0,54,0,36,0,0,0,0,0,0,31,89,31,0,241,0
EMP049,2026-03-12,70,Thursday,0,0,0,0,0,0,0,32,0,17,0,0,0,0,0,0,30,63,32,0,174,0
EMP049,2026-03-13,71,Friday,0,0,0,0,0,0,0,51,0,42,0,0,0,0,0,0,40,110,36,0,279,0
EMP049,2026-03-14,72,Saturday,1,0,0,0,0,0,0,14,0,11,0,0,0,0,0,0,18,40,14,0,97,0
EMP049,2026-03-15,73,Sunday,1,0,0,0,0,0,0,0,0,0,0,0,0,0,0,0,0,0,0,0,0,0
EMP049,2026-03-16,74,Monday,0,0,0,0,0,0,0,62,0,32,0,0,0,0,0,0,57,98,32,0,281,0
EMP049,2026-03-17,75,Tuesday,0,0,0,0,0,0,0,39,0,30,0,0,0,0,0,0,50,146,47,0,312,0
EMP049,2026-03-18,76,Wednesday,0,0,0,0,0,0,0,64,0,47,0,0,0,0,0,0,43,140,23,0,317,0
EMP049,2026-03-19,77,Thursday,0,0,0,0,0,0,0,61,0,39,0,0,0,0,0,0,44,143,30,0,317,0
EMP049,2026-03-20,78,Friday,0,0,0,0,0,0,0,59,0,54,0,0,0,0,0,0,40,112,32,0,297,0
EMP049,2026-03-21,79,Saturday,1,0,0,0,0,0,0,26,0,17,0,0,0,0,0,0,16,42,9,0,110,0
EMP049,2026-03-22,80,Sunday,1,0,0,0,0,0,0,0,0,0,0,0,0,0,0,0,0,0,0,0,0,0
EMP049,2026-03-23,81,Monday,0,0,0,0,0,0,0,70,0,44,0,0,0,0,0,0,40,88,40,0,282,0
EMP049,2026-03-24,82,Tuesday,0,0,0,0,0,0,0,71,0,62,0,0,0,0,0,0,38,116,50,0,337,0
EMP049,2026-03-25,83,Wednesday,0,0,0,0,0,0,0,121,0,65,0,0,0,0,0,0,50,194,43,0,473,0
EMP049,2026-03-26,84,Thursday,0,0,0,0,0,0,0,77,0,49,0,0,0,0,0,0,59,111,51,0,347,0
EMP049,2026-03-27,85,Friday,0,0,0,0,0,0,0,88,0,108,0,0,0,0,0,0,54,124,42,0,416,0
EMP049,2026-03-28,86,Saturday,1,0,0,0,0,0,0,22,0,23,0,0,0,0,0,0,22,66,16,0,149,0
EMP049,2026-03-29,87,Sunday,1,0,0,0,0,0,0,0,0,0,0,0,0,0,0,0,0,0,0,0,0,0
EMP049,2026-03-30,88,Monday,0,0,0,0,0,0,0,124,0,54,0,0,0,0,0,0,42,162,53,0,435,0
EMP049,2026-03-31,89,Tuesday,0,0,0,0,0,0,0,73,0,66,0,0,0,0,0,0,68,144,63,0,414,0
EMP050,2026-01-01,0,Thursday,0,1,0,0,0,0,0,0,0,0,0,0,0,0,0,0,0,0,0,0,0,0
EMP050,2026-01-02,1,Friday,0,0,0,0,0,0,0,40,0,46,0,0,0,0,0,0,60,128,40,0,314,0
EMP050,2026-01-03,2,Saturday,1,0,0,0,0,0,0,26,0,13,0,0,0,0,0,0,20,47,12,0,118,0
EMP050,2026-01-04,3,Sunday,1,0,0,0,0,0,0,0,0,0,0,0,0,0,0,0,0,0,0,0,0,0
EMP050,2026-01-05,4,Monday,0,0,0,0,0,0,0,41,0,42,0,0,0,0,0,0,52,91,51,0,277,0
EMP050,2026-01-06,5,Tuesday,0,0,0,0,0,0,0,56,0,25,0,0,0,0,0,0,34,104,32,0,251,0
EMP050,2026-01-07,6,Wednesday,0,0,0,0,0,0,0,39,0,32,0,0,0,0,0,0,39,85,34,0,229,0
EMP050,2026-01-08,7,Thursday,0,0,0,0,0,0,0,32,0,30,0,0,0,0,0,0,34,110,34,0,240,0
EMP050,2026-01-09,8,Friday,0,0,0,0,0,0,0,71,0,40,0,0,0,0,0,0,41,78,27,0,257,0
EMP050,2026-01-10,9,Saturday,1,0,0,0,0,0,0,23,0,16,0,0,0,0,0,0,11,47,8,0,105,0
EMP050,2026-01-11,10,Sunday,1,0,0,0,0,0,0,0,0,0,0,0,0,0,0,0,0,0,0,0,0,0
EMP050,2026-01-12,11,Monday,0,0,0,0,0,0,0,41,0,31,0,0,0,0,0,0,50,125,25,0,272,0
EMP050,2026-01-13,12,Tuesday,0,0,0,0,0,0,0,55,0,30,0,0,0,0,0,0,41,73,18,0,217,0
EMP050,2026-01-14,13,Wednesday,0,0,0,0,0,0,0,50,0,27,0,0,0,0,0,0,37,92,25,0,231,0
EMP050,2026-01-15,14,Thursday,0,0,0,0,0,0,0,31,0,35,0,0,0,0,0,0,39,83,37,0,225,0
EMP050,2026-01-16,15,Friday,0,0,0,0,0,0,0,52,0,19,0,0,0,0,0,0,32,70,36,0,209,0
EMP050,2026-01-17,16,Saturday,1,0,0,0,0,0,0,23,0,15,0,0,0,0,0,0,14,36,9,0,97,0
EMP050,2026-01-18,17,Sunday,1,0,0,0,0,0,0,0,0,0,0,0,0,0,0,0,0,0,0,0,0,0
EMP050,2026-01-19,18,Monday,0,0,0,0,0,0,0,49,0,27,0,0,0,0,0,0,30,80,47,0,233,0
EMP050,2026-01-20,19,Tuesday,0,0,0,0,0,0,0,44,0,44,0,0,0,0,0,0,42,96,27,0,253,0
EMP050,2026-01-21,20,Wednesday,0,0,0,0,0,0,0,37,0,30,0,0,0,0,0,0,26,87,25,0,205,0
EMP050,2026-01-22,21,Thursday,0,0,0,0,0,0,0,31,0,33,0,0,0,0,0,0,48,106,28,0,246,0
EMP050,2026-01-23,22,Friday,0,0,0,0,0,0,0,48,0,29,0,0,0,0,0,0,31,92,41,0,241,0
EMP050,2026-01-24,23,Saturday,1,0,0,0,0,0,0,12,0,7,0,0,0,0,0,0,14,38,14,0,85,0
EMP050,2026-01-25,24,Sunday,1,0,0,0,0,0,0,0,0,0,0,0,0,0,0,0,0,0,0,0,0,0
EMP050,2026-01-26,25,Monday,0,1,0,0,0,0,0,0,0,0,0,0,0,0,0,0,0,0,0,0,0,0
EMP050,2026-01-27,26,Tuesday,0,0,0,0,0,0,0,40,0,29,0,0,0,0,0,0,37,154,47,0,307,0
EMP050,2026-01-28,27,Wednesday,0,0,0,0,0,0,0,39,0,28,0,0,0,0,0,0,31,69,43,0,210,0
EMP050,2026-01-29,28,Thursday,0,0,0,1,0,0,0,0,0,0,0,0,0,0,0,0,0,0,0,0,0,0
EMP050,2026-01-30,29,Friday,0,0,0,0,0,0,0,25,0,18,0,0,0,0,0,0,19,46,17,0,125,0
EMP050,2026-01-31,30,Saturday,1,0,0,0,0,0,0,18,0,12,0,0,0,0,0,0,21,50,14,0,115,0
EMP050,2026-02-01,31,Sunday,1,0,0,0,0,0,0,0,0,0,0,0,0,0,0,0,0,0,0,0,0,0
EMP050,2026-02-02,32,Monday,0,0,1,0,0,0,0,6,0,3,0,0,0,0,0,0,4,11,3,0,27,0
EMP050,2026-02-03,33,Tuesday,0,0,1,0,0,0,0,4,0,3,0,0,0,0,0,0,3,9,3,0,22,0
EMP050,2026-02-04,34,Wednesday,0,0,0,0,0,0,0,50,0,36,0,0,0,0,0,0,31,75,31,0,223,0
EMP050,2026-02-05,35,Thursday,0,0,0,0,0,0,0,56,0,19,0,0,0,0,0,0,43,76,43,0,237,0
EMP050,2026-02-06,36,Friday,0,0,0,0,0,0,0,25,0,26,0,0,0,0,0,0,19,74,25,0,169,0
EMP050,2026-02-07,37,Saturday,1,0,0,0,0,0,0,18,0,11,0,0,0,0,0,0,10,46,9,0,94,0
EMP050,2026-02-08,38,Sunday,1,0,0,0,0,0,0,0,0,0,0,0,0,0,0,0,0,0,0,0,0,0
EMP050,2026-02-09,39,Monday,0,0,0,0,0,0,0,24,0,27,0,0,0,0,0,0,16,57,20,0,144,0
EMP050,2026-02-10,40,Tuesday,0,0,0,0,0,0,0,63,0,25,0,0,0,0,0,0,54,129,39,0,310,0
EMP050,2026-02-11,41,Wednesday,0,0,0,0,0,0,0,50,0,32,0,0,0,0,0,0,32,81,42,0,237,0
EMP050,2026-02-12,42,Thursday,0,0,0,0,0,0,0,46,0,20,0,0,0,0,0,0,43,109,25,0,243,0
EMP050,2026-02-13,43,Friday,0,0,0,0,0,0,0,40,0,21,0,0,0,0,0,0,38,79,36,0,214,0
EMP050,2026-02-14,44,Saturday,1,0,0,0,0,0,0,16,0,17,0,0,0,0,0,0,15,39,13,0,100,0
EMP050,2026-02-15,45,Sunday,1,0,0,0,1,0,0,0,0,0,0,0,0,0,0,0,0,0,0,0,0,0
EMP050,2026-02-16,46,Monday,0,0,0,0,0,0,0,44,0,42,0,0,0,0,0,0,26,122,20,0,254,0
EMP050,2026-02-17,47,Tuesday,0,0,0,0,0,0,0,49,0,41,0,0,0,0,0,0,52,111,33,0,286,0
EMP050,2026-02-18,48,Wednesday,0,0,0,0,0,0,0,40,0,50,0,0,0,0,0,0,29,99,46,0,264,0
EMP050,2026-02-19,49,Thursday,0,0,0,0,0,0,0,37,0,40,0,0,0,0,0,0,36,86,45,0,244,0
EMP050,2026-02-20,50,Friday,0,0,0,0,0,0,0,46,0,20,0,0,0,0,0,0,46,86,39,0,237,0
EMP050,2026-02-21,51,Saturday,1,0,0,0,0,0,0,13,0,5,0,0,0,0,0,0,6,28,8,0,60,0
EMP050,2026-02-22,52,Sunday,1,0,0,0,0,0,0,0,0,0,0,0,0,0,0,0,0,0,0,0,0,0
EMP050,2026-02-23,53,Monday,0,0,0,0,0,0,0,35,0,30,0,0,0,0,0,0,31,94,40,0,230,0
EMP050,2026-02-24,54,Tuesday,0,0,0,0,0,0,0,66,0,42,0,0,0,0,0,0,35,87,41,0,271,0
EMP050,2026-02-25,55,Wednesday,0,0,0,0,0,0,0,58,0,27,0,0,0,0,0,0,36,100,48,0,269,0
EMP050,2026-02-26,56,Thursday,0,0,0,0,0,0,0,53,0,25,0,0,0,0,0,0,50,101,49,0,278,0
EMP050,2026-02-27,57,Friday,0,0,0,0,0,0,0,46,0,36,0,0,0,0,0,0,31,141,40,0,294,0
EMP050,2026-02-28,58,Saturday,1,0,0,0,0,0,0,29,0,14,0,0,0,0,0,0,17,46,12,0,118,0
EMP050,2026-03-01,59,Sunday,1,0,0,0,0,0,0,0,0,0,0,0,0,0,0,0,0,0,0,0,0,0
EMP050,2026-03-02,60,Monday,0,1,0,0,0,0,0,0,0,0,0,0,0,0,0,0,0,0,0,0,0,0
EMP050,2026-03-03,61,Tuesday,0,0,0,0,0,0,0,78,0,49,0,0,0,0,0,0,57,125,42,0,351,0
EMP050,2026-03-04,62,Wednesday,0,0,0,0,0,0,0,34,0,29,0,0,0,0,0,0,41,107,42,0,253,0
EMP050,2026-03-05,63,Thursday,0,0,0,0,0,0,0,39,0,28,0,0,0,0,0,0,31,111,27,0,236,0
EMP050,2026-03-06,64,Friday,0,0,0,0,0,0,0,37,0,28,0,0,0,0,0,0,40,81,41,0,227,0
EMP050,2026-03-07,65,Saturday,1,0,0,0,0,0,0,14,0,14,0,0,0,0,0,0,19,35,16,0,98,0
EMP050,2026-03-08,66,Sunday,1,0,0,0,0,0,0,0,0,0,0,0,0,0,0,0,0,0,0,0,0,0
EMP050,2026-03-09,67,Monday,0,0,0,0,0,0,0,35,0,36,0,0,0,0,0,0,34,116,19,0,240,0
EMP050,2026-03-10,68,Tuesday,0,0,0,0,0,0,0,69,0,23,0,0,0,0,0,0,33,118,48,0,291,0
EMP050,2026-03-11,69,Wednesday,0,0,0,0,0,0,0,46,0,22,0,0,0,0,0,0,22,76,23,0,189,0
EMP050,2026-03-12,70,Thursday,0,0,0,0,0,0,0,58,0,36,0,0,0,0,0,0,27,83,39,0,243,0
EMP050,2026-03-13,71,Friday,0,0,0,0,0,0,0,44,0,48,0,0,0,0,0,0,36,101,21,0,250,0
EMP050,2026-03-14,72,Saturday,1,0,0,0,0,0,0,15,0,13,0,0,0,0,0,0,18,34,7,0,87,0
EMP050,2026-03-15,73,Sunday,1,0,0,0,0,0,0,0,0,0,0,0,0,0,0,0,0,0,0,0,0,0
EMP050,2026-03-16,74,Monday,0,0,0,0,0,0,0,44,0,41,0,0,0,0,0,0,32,108,33,0,258,0
EMP050,2026-03-17,75,Tuesday,0,0,0,0,0,0,0,69,0,35,0,0,0,0,0,0,29,118,54,0,305,0
EMP050,2026-03-18,76,Wednesday,0,0,0,0,0,0,0,47,0,20,0,0,0,0,0,0,41,78,40,0,226,0
EMP050,2026-03-19,77,Thursday,0,0,0,0,0,0,0,39,0,40,0,0,0,0,0,0,52,75,40,0,246,0
EMP050,2026-03-20,78,Friday,0,0,0,0,0,0,0,63,0,39,0,0,0,0,0,0,41,132,51,0,326,0
EMP050,2026-03-21,79,Saturday,1,0,0,0,0,0,0,13,0,11,0,0,0,0,0,0,9,38,12,0,83,0
EMP050,2026-03-22,80,Sunday,1,0,0,0,0,0,0,0,0,0,0,0,0,0,0,0,0,0,0,0,0,0
EMP050,2026-03-23,81,Monday,0,0,0,0,0,0,0,39,0,34,0,0,0,0,0,0,42,138,42,0,295,0
EMP050,2026-03-24,82,Tuesday,0,0,0,0,0,0,0,49,0,49,0,0,0,0,0,0,42,134,26,0,300,0
EMP050,2026-03-25,83,Wednesday,0,0,1,0,0,0,0,5,0,2,0,0,0,0,0,0,3,7,2,0,19,0
EMP050,2026-03-26,84,Thursday,0,0,0,0,0,0,0,65,0,81,0,0,0,0,0,0,31,118,51,0,346,0
EMP050,2026-03-27,85,Friday,0,0,0,0,0,0,0,115,0,66,0,0,0,0,0,0,62,101,62,0,406,0
EMP050,2026-03-28,86,Saturday,1,0,0,0,0,0,0,30,0,22,0,0,0,0,0,0,27,39,16,0,134,0
EMP050,2026-03-29,87,Sunday,1,0,0,0,0,0,0,0,0,0,0,0,0,0,0,0,0,0,0,0,0,0
EMP050,2026-03-30,88,Monday,0,0,0,0,0,0,0,72,0,68,0,0,0,0,0,0,39,141,51,0,371,0
EMP050,2026-03-31,89,Tuesday,0,0,0,0,0,0,0,83,0,57,0,0,0,0,0,0,55,163,48,0,406,0
