employee_id,date,day_index,role,branch,cohort_id,is_suspicious,loan_access_count,customer_search_count,audit_access_count,compliance_access_count,override_access_count,total_daily_accesses,days_since_last_audit,days_since_last_compliance,days_since_last_override,rolling_7_day_audit_average,rolling_30_day_audit_average,audit_drop_percentage,compliance_drop_percentage,override_drop_percentage,audit_to_loan_ratio,compliance_to_loan_ratio,critical_module_missing_percentage,expected_modules_accessed,expected_modules_missing,peer_average_difference,peer_standard_deviation
EMP001,2026-01-01,0,Branch Manager,Mumbai,COHORT001,1,148,70,28,10,14,326,1,1,1,0.0,0.0,0.0,0.0,0.0,0.1892,0.0676,40.0,6,4,17.07,11.05
EMP001,2026-01-02,1,Branch Manager,Mumbai,COHORT001,1,130,83,27,12,8,334,1,1,1,28.0,28.0,3.57,0.0,42.86,0.2077,0.0923,40.0,6,4,16.07,11.05
EMP001,2026-01-03,2,Branch Manager,Mumbai,COHORT001,1,20,10,2,1,1,44,1,1,1,27.5,27.5,92.73,90.91,90.91,0.1,0.05,40.0,6,4,-8.93,11.05
EMP001,2026-01-04,3,Branch Manager,Mumbai,COHORT001,1,1,1,0,0,0,3,1,1,1,19.0,19.0,100.0,100.0,100.0,0.0,0.0,70.0,3,7,-10.93,11.05
EMP001,2026-01-05,4,Branch Manager,Mumbai,COHORT001,1,120,95,25,17,10,327,2,2,2,14.25,14.25,0.0,0.0,0.0,0.2083,0.1417,40.0,6,4,14.07,11.05
EMP001,2026-01-06,5,Branch Manager,Mumbai,COHORT001,1,73,81,19,16,12,251,1,1,1,16.4,16.4,0.0,0.0,0.0,0.2603,0.2192,40.0,6,4,8.07,11.05
EMP001,2026-01-07,6,Branch Manager,Mumbai,COHORT001,1,127,100,15,20,9,372,1,1,1,16.83,16.83,10.87,0.0,0.0,0.1181,0.1575,40.0,6,4,4.07,11.05
EMP001,2026-01-08,7,Branch Manager,Mumbai,COHORT001,1,107,122,27,13,13,341,1,1,1,16.57,16.57,0.0,0.0,0.0,0.2523,0.1215,40.0,6,4,16.07,11.05
EMP001,2026-01-09,8,Branch Manager,Mumbai,COHORT001,1,130,69,15,15,11,325,1,1,1,16.43,17.88,16.11,0.0,0.0,0.1154,0.1154,40.0,6,4,4.07,11.05
EMP001,2026-01-10,9,Branch Manager,Mumbai,COHORT001,1,4,2,0,0,0,8,1,1,1,14.71,17.56,100.0,100.0,100.0,0.0,0.0,70.0,3,7,-10.93,11.05
EMP001,2026-01-11,10,Branch Manager,Mumbai,COHORT001,1,10,8,2,1,1,29,2,2,2,14.43,15.8,87.34,90.38,87.18,0.2,0.1,40.0,6,4,-8.93,11.05
EMP001,2026-01-12,11,Branch Manager,Mumbai,COHORT001,1,139,70,28,10,16,331,1,1,1,14.71,14.55,0.0,0.0,0.0,0.2014,0.0719,40.0,6,4,17.07,11.05
EMP001,2026-01-13,12,Branch Manager,Mumbai,COHORT001,1,114,86,20,13,12,327,1,1,1,15.14,15.67,0.0,0.0,0.0,0.1754,0.114,40.0,6,4,9.07,11.05
EMP001,2026-01-14,13,Branch Manager,Mumbai,COHORT001,1,116,106,23,15,13,344,1,1,1,15.29,16.0,0.0,0.0,0.0,0.1983,0.1293,40.0,6,4,12.07,11.05
EMP001,2026-01-15,14,Branch Manager,Mumbai,COHORT001,1,117,92,18,17,13,349,1,1,1,16.43,16.5,0.0,0.0,0.0,0.1538,0.1453,40.0,6,4,7.07,11.05
EMP001,2026-01-16,15,Branch Manager,Mumbai,COHORT001,1,118,89,28,9,11,341,1,1,1,15.14,16.6,0.0,15.65,0.0,0.2373,0.0763,40.0,6,4,17.07,11.05
EMP001,2026-01-17,16,Branch Manager,Mumbai,COHORT001,1,11,9,2,1,1,30,1,1,1,17.0,17.31,88.45,90.53,88.89,0.1818,0.0909,40.0,6,4,-8.93,11.05
EMP001,2026-01-18,17,Branch Manager,Mumbai,COHORT001,1,24,17,2,2,2,57,1,1,1,17.29,16.41,87.81,80.0,76.55,0.0833,0.0833,40.0,6,4,-8.93,11.05
EMP001,2026-01-19,18,Branch Manager,Mumbai,COHORT001,1,115,106,17,21,13,356,1,1,1,17.29,15.61,0.0,0.0,0.0,0.1478,0.1826,40.0,6,4,6.07,11.05
EMP001,2026-01-20,19,Branch Manager,Mumbai,COHORT001,1,110,79,16,14,9,293,1,1,1,15.71,15.68,0.0,0.0,0.0,0.1455,0.1273,40.0,6,4,5.07,11.05
EMP001,2026-01-21,20,Branch Manager,Mumbai,COHORT001,1,117,86,15,11,15,314,1,1,1,15.14,15.7,4.46,0.0,0.0,0.1282,0.094,40.0,6,4,4.07,11.05
EMP001,2026-01-22,21,Branch Manager,Mumbai,COHORT001,1,86,73,26,16,13,297,1,1,1,14.0,15.67,0.0,0.0,0.0,0.3023,0.186,40.0,6,4,15.07,11.05
EMP001,2026-01-23,22,Branch Manager,Mumbai,COHORT001,1,130,101,24,17,15,365,1,1,1,15.14,16.14,0.0,0.0,0.0,0.1846,0.1308,40.0,6,4,13.07,11.05
EMP001,2026-01-24,23,Branch Manager,Mumbai,COHORT001,1,2,2,0,0,0,5,1,1,1,14.57,16.48,100.0,100.0,100.0,0.0,0.0,70.0,3,7,-10.93,11.05
EMP001,2026-01-25,24,Branch Manager,Mumbai,COHORT001,1,12,10,2,1,1,31,2,2,2,14.29,15.79,87.33,90.44,88.67,0.1667,0.0833,40.0,6,4,-8.93,11.05
EMP001,2026-01-26,25,Branch Manager,Mumbai,COHORT001,1,111,105,30,10,15,331,1,1,1,14.29,15.24,0.0,0.79,0.0,0.2703,0.0901,40.0,6,4,19.07,11.05
EMP001,2026-01-27,26,Branch Manager,Mumbai,COHORT001,1,120,93,15,11,15,344,1,1,1,16.14,15.81,5.12,0.0,0.0,0.125,0.0917,40.0,6,4,4.07,11.05
EMP001,2026-01-28,27,Branch Manager,Mumbai,COHORT001,1,119,85,30,14,11,334,1,1,1,16.0,15.78,0.0,0.0,0.0,0.2521,0.1176,40.0,6,4,19.07,11.05
EMP001,2026-01-29,28,Branch Manager,Mumbai,COHORT001,1,92,74,16,10,8,272,1,1,1,18.14,16.29,1.78,2.44,11.8,0.1739,0.1087,40.0,6,4,5.07,11.05
EMP001,2026-01-30,29,Branch Manager,Mumbai,COHORT001,1,142,79,23,15,9,361,1,1,1,16.71,16.28,0.0,0.0,0.33,0.162,0.1056,40.0,6,4,12.07,11.05
EMP001,2026-01-31,30,Branch Manager,Mumbai,COHORT001,1,22,13,4,3,2,55,1,1,1,16.57,16.5,75.76,71.15,77.85,0.1818,0.1364,40.0,6,4,-6.93,11.05
EMP001,2026-02-01,31,Branch Manager,Mumbai,COHORT001,1,3,1,0,0,0,6,1,1,1,17.14,15.7,100.0,100.0,100.0,0.0,0.0,70.0,3,7,-10.93,11.05
EMP001,2026-02-02,32,Branch Manager,Mumbai,COHORT001,1,108,67,29,11,12,312,2,2,2,16.86,14.8,0.0,0.0,0.0,0.2685,0.1019,40.0,6,4,18.07,11.05
EMP001,2026-02-03,33,Branch Manager,Mumbai,COHORT001,1,143,91,24,16,8,352,1,1,1,16.71,15.7,0.0,0.0,8.36,0.1678,0.1119,40.0,6,4,13.07,11.05
EMP001,2026-02-04,34,Branch Manager,Mumbai,COHORT001,1,122,95,15,17,11,341,1,1,1,18.0,16.5,9.09,0.0,0.0,0.123,0.1393,40.0,6,4,4.07,11.05
EMP001,2026-02-05,35,Branch Manager,Mumbai,COHORT001,1,124,101,21,11,11,329,1,1,1,15.86,16.17,0.0,0.0,0.0,0.1694,0.0887,40.0,6,4,10.07,11.05
EMP001,2026-02-06,36,Branch Manager,Mumbai,COHORT001,1,123,66,23,14,13,293,1,1,1,16.57,16.23,0.0,0.0,0.0,0.187,0.1138,40.0,6,4,12.07,11.05
EMP001,2026-02-07,37,Branch Manager,Mumbai,COHORT001,1,13,10,2,1,1,34,1,1,1,16.57,16.5,87.88,90.26,89.05,0.1538,0.0769,40.0,6,4,-8.93,11.05
EMP001,2026-02-08,38,Branch Manager,Mumbai,COHORT001,1,6,5,1,0,0,16,1,1,1,16.29,15.67,93.62,100.0,100.0,0.1667,0.0,60.0,4,6,-9.93,11.05
EMP001,2026-02-09,39,Branch Manager,Mumbai,COHORT001,1,136,74,35,11,14,351,1,2,2,16.43,15.2,0.0,0.0,0.0,0.2574,0.0809,40.0,6,4,24.07,11.05
EMP001,2026-02-10,40,Branch Manager,Mumbai,COHORT001,1,124,74,17,15,8,309,1,1,1,17.29,16.37,0.0,0.0,9.4,0.1371,0.121,40.0,6,4,6.07,11.05
EMP001,2026-02-11,41,Branch Manager,Mumbai,COHORT001,1,115,96,28,18,14,328,1,1,1,16.29,16.87,0.0,0.0,0.0,0.2435,0.1565,40.0,6,4,17.07,11.05
EMP001,2026-02-12,42,Branch Manager,Mumbai,COHORT001,1,135,104,19,13,9,355,1,1,1,18.14,16.87,0.0,0.0,0.0,0.1407,0.0963,40.0,6,4,8.07,11.05
EMP001,2026-02-13,43,Branch Manager,Mumbai,COHORT001,1,110,88,31,14,12,300,1,1,1,17.86,16.83,0.0,0.0,0.0,0.2818,0.1273,40.0,6,4,20.07,11.05
EMP001,2026-02-14,44,Branch Manager,Mumbai,COHORT001,1,23,15,3,2,1,58,1,1,1,19.0,17.1,82.46,80.82,88.73,0.1304,0.087,40.0,6,4,-7.93,11.05
EMP001,2026-02-15,45,Branch Manager,Mumbai,COHORT001,1,25,20,4,4,3,75,1,1,1,19.14,16.6,75.9,59.72,64.58,0.16,0.16,40.0,6,4,-6.93,11.05
EMP001,2026-02-16,46,Branch Manager,Mumbai,COHORT001,1,107,75,25,19,8,329,1,1,1,19.57,15.8,0.0,0.0,2.44,0.2336,0.1776,40.0,6,4,14.07,11.05
EMP001,2026-02-17,47,Branch Manager,Mumbai,COHORT001,1,103,76,23,13,15,304,1,1,1,18.14,16.57,0.0,0.0,0.0,0.2233,0.1262,40.0,6,4,12.07,11.05
EMP001,2026-02-18,48,Branch Manager,Mumbai,COHORT001,1,97,91,29,14,8,297,1,1,1,19.0,17.27,0.0,0.0,9.81,0.299,0.1443,40.0,6,4,18.07,11.05
EMP001,2026-02-19,49,Branch Manager,Mumbai,COHORT001,1,135,79,14,21,8,339,1,1,1,19.14,17.67,20.77,0.0,8.05,0.1037,0.1556,40.0,6,4,3.07,11.05
EMP001,2026-02-20,50,Branch Manager,Mumbai,COHORT001,1,100,100,16,15,14,333,1,1,1,18.43,17.6,9.09,0.0,0.0,0.16,0.15,40.0,6,4,5.07,11.05
EMP001,2026-02-21,51,Branch Manager,Mumbai,COHORT001,1,4,2,0,0,0,7,1,1,1,16.29,17.63,100.0,100.0,100.0,0.0,0.0,70.0,3,7,-10.93,11.05
EMP001,2026-02-22,52,Branch Manager,Mumbai,COHORT001,1,22,24,4,2,1,67,2,2,2,15.86,16.77,76.15,80.64,87.8,0.1818,0.0909,40.0,6,4,-6.93,11.05
EMP001,2026-02-23,53,Branch Manager,Mumbai,COHORT001,1,116,74,18,12,8,296,1,1,1,15.86,16.1,0.0,0.0,0.0,0.1552,0.1034,40.0,6,4,7.07,11.05
EMP001,2026-02-24,54,Branch Manager,Mumbai,COHORT001,1,123,75,17,14,8,310,1,1,1,14.86,16.7,0.0,0.0,0.0,0.1382,0.1138,40.0,6,4,6.07,11.05
EMP001,2026-02-25,55,Branch Manager,Mumbai,COHORT001,1,121,106,20,9,7,314,1,1,1,14.0,17.2,0.0,15.65,14.95,0.1653,0.0744,40.0,6,4,9.07,11.05
EMP001,2026-02-26,56,Branch Manager,Mumbai,COHORT001,1,136,107,13,6,6,346,1,1,1,12.71,16.87,22.94,43.56,24.72,0.0956,0.0441,40.0,6,4,2.07,11.05
EMP001,2026-02-27,57,Branch Manager,Mumbai,COHORT001,1,144,63,16,9,8,320,1,1,1,12.57,16.8,4.76,14.04,0.0,0.1111,0.0625,40.0,6,4,5.07,11.05
EMP001,2026-02-28,58,Branch Manager,Mumbai,COHORT001,1,32,21,2,1,0,67,1,1,1,12.57,16.33,87.75,90.29,100.0,0.0625,0.0312,50.0,5,5,-8.93,11.05
EMP001,2026-03-01,59,Branch Manager,Mumbai,COHORT001,1,17,14,1,0,0,41,1,1,2,12.86,15.87,93.7,100.0,100.0,0.0588,0.0,60.0,4,6,-9.93,11.05
EMP001,2026-03-02,60,Branch Manager,Mumbai,COHORT001,1,134,78,7,6,6,283,1,2,3,12.43,15.13,53.73,36.84,14.29,0.0522,0.0448,40.0,6,4,-3.93,11.05
EMP001,2026-03-03,61,Branch Manager,Mumbai,COHORT001,1,140,74,6,4,4,314,1,1,1,10.86,15.23,60.6,58.33,43.9,0.0429,0.0286,40.0,6,4,-4.93,11.05
EMP001,2026-03-04,62,Branch Manager,Mumbai,COHORT001,1,156,97,9,3,4,339,1,1,1,9.29,15.43,41.67,69.17,44.98,0.0577,0.0192,40.0,6,4,-1.93,11.05
EMP001,2026-03-05,63,Branch Manager,Mumbai,COHORT001,1,135,96,4,6,3,321,1,1,1,7.71,14.77,72.92,36.64,57.14,0.0296,0.0444,40.0,6,4,-6.93,11.05
EMP001,2026-03-06,64,Branch Manager,Mumbai,COHORT001,1,108,105,5,5,1,281,1,1,1,6.43,14.1,64.54,45.24,85.36,0.0463,0.0463,40.0,6,4,-5.93,11.05
EMP001,2026-03-07,65,Branch Manager,Mumbai,COHORT001,1,10,6,0,0,0,20,1,1,1,4.86,13.77,100.0,100.0,100.0,0.0,0.0,70.0,3,7,-10.93,11.05
EMP001,2026-03-08,66,Branch Manager,Mumbai,COHORT001,1,15,12,0,0,0,36,2,2,2,4.57,13.07,100.0,100.0,100.0,0.0,0.0,70.0,3,7,-10.93,11.05
EMP001,2026-03-09,67,Branch Manager,Mumbai,COHORT001,1,142,91,2,2,1,293,3,3,3,4.43,12.3,83.74,74.68,82.46,0.0141,0.0141,40.0,6,4,-8.93,11.05
EMP001,2026-03-10,68,Branch Manager,Mumbai,COHORT001,1,126,100,2,1,1,284,1,1,1,3.71,12.3,83.74,87.39,82.46,0.0159,0.0079,40.0,6,4,-8.93,11.05
EMP001,2026-03-11,69,Branch Manager,Mumbai,COHORT001,1,117,70,0,0,0,238,1,1,1,3.14,12.33,100.0,100.0,100.0,0.0,0.0,70.0,3,7,-10.93,11.05
EMP001,2026-03-12,70,Branch Manager,Mumbai,COHORT001,1,116,92,0,0,0,276,2,2,2,1.86,11.17,100.0,100.0,100.0,0.0,0.0,70.0,3,7,-10.93,11.05
EMP001,2026-03-13,71,Branch Manager,Mumbai,COHORT001,1,125,99,0,0,0,313,3,3,3,1.29,10.6,100.0,100.0,100.0,0.0,0.0,70.0,3,7,-10.93,11.05
EMP001,2026-03-14,72,Branch Manager,Mumbai,COHORT001,1,1,1,0,0,0,2,4,4,4,0.57,9.67,100.0,100.0,100.0,0.0,0.0,80.0,2,8,-10.93,11.05
EMP001,2026-03-15,73,Branch Manager,Mumbai,COHORT001,1,24,17,0,0,0,58,5,5,5,0.57,9.03,100.0,100.0,100.0,0.0,0.0,70.0,3,7,-10.93,11.05
EMP001,2026-03-16,74,Branch Manager,Mumbai,COHORT001,1,119,81,0,0,0,257,6,6,6,0.57,8.0,100.0,100.0,100.0,0.0,0.0,70.0,3,7,-10.93,11.05
EMP001,2026-03-17,75,Branch Manager,Mumbai,COHORT001,1,102,98,0,0,0,284,7,7,7,0.29,7.9,100.0,100.0,100.0,0.0,0.0,70.0,3,7,-10.93,11.05
EMP001,2026-03-18,76,Branch Manager,Mumbai,COHORT001,1,157,106,0,0,0,319,8,8,8,0.0,7.77,100.0,100.0,100.0,0.0,0.0,70.0,3,7,-10.93,11.05
EMP001,2026-03-19,77,Branch Manager,Mumbai,COHORT001,1,129,69,0,0,0,267,9,9,9,0.0,6.93,100.0,100.0,100.0,0.0,0.0,70.0,3,7,-10.93,11.05
EMP001,2026-03-20,78,Branch Manager,Mumbai,COHORT001,1,136,99,0,0,0,315,10,10,10,0.0,6.17,100.0,100.0,100.0,0.0,0.0,70.0,3,7,-10.93,11.05
EMP001,2026-03-21,79,Branch Manager,Mumbai,COHORT001,1,10,10,0,0,0,28,11,11,11,0.0,5.2,100.0,100.0,100.0,0.0,0.0,70.0,3,7,-10.93,11.05
EMP001,2026-03-22,80,Branch Manager,Mumbai,COHORT001,1,1,1,0,0,0,2,12,12,12,0.0,4.73,100.0,100.0,100.0,0.0,0.0,80.0,2,8,-10.93,11.05
EMP001,2026-03-23,81,Branch Manager,Mumbai,COHORT001,1,113,91,0,0,0,258,13,13,13,0.0,4.2,100.0,100.0,100.0,0.0,0.0,70.0,3,7,-10.93,11.05
EMP001,2026-03-24,82,Branch Manager,Mumbai,COHORT001,1,107,87,0,0,0,291,14,14,14,0.0,4.2,100.0,100.0,100.0,0.0,0.0,70.0,3,7,-10.93,11.05
EMP001,2026-03-25,83,Branch Manager,Mumbai,COHORT001,1,106,99,0,0,0,274,15,15,15,0.0,4.07,100.0,100.0,100.0,0.0,0.0,70.0,3,7,-10.93,11.05
EMP001,2026-03-26,84,Branch Manager,Mumbai,COHORT001,1,105,91,0,0,0,272,16,16,16,0.0,3.47,100.0,100.0,100.0,0.0,0.0,70.0,3,7,-10.93,11.05
EMP001,2026-03-27,85,Branch Manager,Mumbai,COHORT001,1,110,74,0,0,0,246,17,17,17,0.0,2.9,100.0,100.0,100.0,0.0,0.0,70.0,3,7,-10.93,11.05
EMP001,2026-03-28,86,Branch Manager,Mumbai,COHORT001,1,9,9,0,0,0,25,18,18,18,0.0,2.23,100.0,100.0,100.0,0.0,0.0,70.0,3,7,-10.93,11.05
EMP001,2026-03-29,87,Branch Manager,Mumbai,COHORT001,1,22,19,0,0,0,56,19,19,19,0.0,1.8,100.0,100.0,100.0,0.0,0.0,70.0,3,7,-10.93,11.05
EMP001,2026-03-30,88,Branch Manager,Mumbai,COHORT001,1,94,104,0,0,0,248,20,20,20,0.0,1.27,100.0,100.0,100.0,0.0,0.0,70.0,3,7,-10.93,11.05
EMP001,2026-03-31,89,Branch Manager,Mumbai,COHORT001,1,119,90,0,0,0,271,21,21,21,0.0,1.2,100.0,100.0,100.0,0.0,0.0,70.0,3,7,-10.93,11.05
EMP002,2026-01-01,0,Loan Officer,Surat,COHORT002,0,134,90,19,17,11,343,1,1,1,0.0,0.0,0.0,0.0,0.0,0.1418,0.1269,0.0,6,0,1.84,10.31
EMP002,2026-01-02,1,Loan Officer,Surat,COHORT002,0,108,91,20,20,9,316,1,1,1,19.0,19.0,0.0,0.0,18.18,0.1852,0.1852,0.0,6,0,2.84,10.31
EMP002,2026-01-03,2,Loan Officer,Surat,COHORT002,0,5,4,0,0,0,12,1,1,1,19.5,19.5,100.0,100.0,100.0,0.0,0.0,50.0,3,3,-17.16,10.31
EMP002,2026-01-04,3,Loan Officer,Surat,COHORT002,0,13,9,1,1,0,33,2,2,2,13.0,13.0,92.31,91.89,100.0,0.0769,0.0769,16.67,5,1,-16.16,10.31
EMP002,2026-01-05,4,Loan Officer,Surat,COHORT002,0,130,103,16,18,11,373,1,1,3,10.0,10.0,0.0,0.0,0.0,0.1231,0.1385,0.0,6,0,-1.16,10.31
EMP002,2026-01-06,5,Loan Officer,Surat,COHORT002,0,112,69,27,11,11,318,1,1,1,11.2,11.2,0.0,1.79,0.0,0.2411,0.0982,0.0,6,0,9.84,10.31
EMP002,2026-01-07,6,Loan Officer,Surat,COHORT002,0,140,109,30,16,8,356,1,1,1,13.83,13.83,0.0,0.0,0.0,0.2143,0.1143,0.0,6,0,12.84,10.31
EMP002,2026-01-08,7,Loan Officer,Surat,COHORT002,0,138,75,18,16,13,343,1,1,1,16.14,16.14,0.0,0.0,0.0,0.1304,0.1159,0.0,6,0,0.84,10.31
EMP002,2026-01-09,8,Loan Officer,Surat,COHORT002,0,133,93,22,17,10,324,1,1,1,16.0,16.38,0.0,0.0,0.0,0.1654,0.1278,0.0,6,0,4.84,10.31
EMP002,2026-01-10,9,Loan Officer,Surat,COHORT002,0,24,18,3,2,1,60,1,1,1,16.29,17.0,82.35,84.48,87.67,0.125,0.0833,0.0,6,0,-14.16,10.31
EMP002,2026-01-11,10,Loan Officer,Surat,COHORT002,0,30,20,3,4,2,79,1,1,1,16.71,15.6,80.77,66.1,72.97,0.1,0.1333,0.0,6,0,-14.16,10.31
EMP002,2026-01-12,11,Loan Officer,Surat,COHORT002,0,134,112,26,20,10,362,1,1,1,17.0,14.45,0.0,0.0,0.0,0.194,0.1493,0.0,6,0,8.84,10.31
EMP002,2026-01-13,12,Loan Officer,Surat,COHORT002,0,128,105,33,17,13,350,1,1,1,18.43,15.42,0.0,0.0,0.0,0.2578,0.1328,0.0,6,0,15.84,10.31
EMP002,2026-01-14,13,Loan Officer,Surat,COHORT002,0,116,68,26,20,9,310,1,1,1,19.29,16.77,0.0,0.0,0.0,0.2241,0.1724,0.0,6,0,8.84,10.31
EMP002,2026-01-15,14,Loan Officer,Surat,COHORT002,0,122,100,23,19,13,363,1,1,1,18.71,17.43,0.0,0.0,0.0,0.1885,0.1557,0.0,6,0,5.84,10.31
EMP002,2026-01-16,15,Loan Officer,Surat,COHORT002,0,97,98,18,20,8,296,1,1,1,19.43,17.8,0.0,0.0,0.87,0.1856,0.2062,0.0,6,0,0.84,10.31
EMP002,2026-01-17,16,Loan Officer,Surat,COHORT002,0,9,6,1,1,1,22,1,1,1,18.86,17.81,94.39,92.66,87.59,0.1111,0.1111,0.0,6,0,-16.16,10.31
EMP002,2026-01-18,17,Loan Officer,Surat,COHORT002,0,3,2,0,0,0,6,1,1,1,18.57,16.82,100.0,100.0,100.0,0.0,0.0,50.0,3,3,-17.16,10.31
EMP002,2026-01-19,18,Loan Officer,Surat,COHORT002,0,132,79,23,18,9,323,2,2,2,18.14,15.89,0.0,0.0,0.0,0.1742,0.1364,0.0,6,0,5.84,10.31
EMP002,2026-01-20,19,Loan Officer,Surat,COHORT002,0,136,103,15,16,14,348,1,1,1,17.71,16.26,7.75,0.0,0.0,0.1103,0.1176,0.0,6,0,-2.16,10.31
EMP002,2026-01-21,20,Loan Officer,Surat,COHORT002,0,123,75,20,19,8,317,1,1,1,15.14,16.2,0.0,0.0,0.0,0.1626,0.1545,0.0,6,0,2.84,10.31
EMP002,2026-01-22,21,Loan Officer,Surat,COHORT002,0,105,78,20,13,15,317,1,1,1,14.29,16.38,0.0,0.0,0.0,0.1905,0.1238,0.0,6,0,2.84,10.31
EMP002,2026-01-23,22,Loan Officer,Surat,COHORT002,0,102,83,28,18,11,293,1,1,1,13.86,16.55,0.0,0.0,0.0,0.2745,0.1765,0.0,6,0,10.84,10.31
EMP002,2026-01-24,23,Loan Officer,Surat,COHORT002,0,7,5,2,1,1,20,1,1,1,15.29,17.04,88.26,92.41,87.7,0.2857,0.1429,0.0,6,0,-15.16,10.31
EMP002,2026-01-25,24,Loan Officer,Surat,COHORT002,0,12,9,2,1,1,28,1,1,1,15.43,16.42,87.82,92.11,87.23,0.1667,0.0833,0.0,6,0,-15.16,10.31
EMP002,2026-01-26,25,Loan Officer,Surat,COHORT002,0,114,106,15,15,8,317,1,1,1,15.71,15.84,5.3,0.0,0.0,0.1316,0.1316,0.0,6,0,-2.16,10.31
EMP002,2026-01-27,26,Loan Officer,Surat,COHORT002,0,100,95,29,10,13,309,1,1,1,14.57,15.81,0.0,18.77,0.0,0.29,0.1,0.0,6,0,11.84,10.31
EMP002,2026-01-28,27,Loan Officer,Surat,COHORT002,0,114,115,22,17,12,335,1,1,1,16.57,16.3,0.0,0.0,0.0,0.193,0.1491,0.0,6,0,4.84,10.31
EMP002,2026-01-29,28,Loan Officer,Surat,COHORT002,0,122,81,25,19,16,314,1,1,1,16.86,16.5,0.0,0.0,0.0,0.2049,0.1557,0.0,6,0,7.84,10.31
EMP002,2026-01-30,29,Loan Officer,Surat,COHORT002,0,120,101,32,12,9,342,1,1,1,17.57,16.79,0.0,4.91,0.0,0.2667,0.1,0.0,6,0,14.84,10.31
EMP002,2026-01-31,30,Loan Officer,Surat,COHORT002,0,22,19,4,4,2,67,1,1,1,18.14,17.3,76.88,68.25,75.7,0.1818,0.1818,0.0,6,0,-13.16,10.31
EMP002,2026-02-01,31,Loan Officer,Surat,COHORT002,0,3,2,0,0,0,6,1,1,1,18.43,16.8,100.0,100.0,100.0,0.0,0.0,50.0,3,3,-17.16,10.31
EMP002,2026-02-02,32,Loan Officer,Surat,COHORT002,0,107,107,17,13,15,337,2,2,2,18.14,16.13,0.0,0.0,0.0,0.1589,0.1215,0.0,6,0,-0.16,10.31
EMP002,2026-02-03,33,Loan Officer,Surat,COHORT002,0,125,99,18,14,9,345,1,1,1,18.43,16.7,0.0,0.0,0.0,0.144,0.112,0.0,6,0,0.84,10.31
EMP002,2026-02-04,34,Loan Officer,Surat,COHORT002,0,136,93,27,11,13,338,1,1,1,16.86,17.27,0.0,11.08,0.0,0.1985,0.0809,0.0,6,0,9.84,10.31
EMP002,2026-02-05,35,Loan Officer,Surat,COHORT002,0,100,70,18,12,12,289,1,1,1,17.57,17.63,0.0,1.07,0.0,0.18,0.12,0.0,6,0,0.84,10.31
EMP002,2026-02-06,36,Loan Officer,Surat,COHORT002,0,157,78,22,20,8,343,1,1,1,16.57,17.33,0.0,0.0,6.21,0.1401,0.1274,0.0,6,0,4.84,10.31
EMP002,2026-02-07,37,Loan Officer,Surat,COHORT002,0,15,10,3,1,1,39,1,1,1,15.14,17.07,82.43,91.87,88.28,0.2,0.0667,0.0,6,0,-14.16,10.31
EMP002,2026-02-08,38,Loan Officer,Surat,COHORT002,0,13,8,2,1,0,32,1,1,1,15.0,16.57,87.93,91.53,100.0,0.1538,0.0769,16.67,5,1,-15.16,10.31
EMP002,2026-02-09,39,Loan Officer,Surat,COHORT002,0,120,102,27,16,11,342,1,1,2,15.29,15.9,0.0,0.0,0.0,0.225,0.1333,0.0,6,0,9.84,10.31
EMP002,2026-02-10,40,Loan Officer,Surat,COHORT002,0,134,78,30,14,14,325,1,1,1,16.71,16.7,0.0,0.0,0.0,0.2239,0.1045,0.0,6,0,12.84,10.31
EMP002,2026-02-11,41,Loan Officer,Surat,COHORT002,0,125,108,30,12,14,365,1,1,1,18.43,17.6,0.0,0.58,0.0,0.24,0.096,0.0,6,0,12.84,10.31
EMP002,2026-02-12,42,Loan Officer,Surat,COHORT002,0,118,87,21,15,15,330,1,1,1,18.86,17.73,0.0,0.0,0.0,0.178,0.1271,0.0,6,0,3.84,10.31
EMP002,2026-02-13,43,Loan Officer,Surat,COHORT002,0,129,134,26,14,10,371,1,1,1,19.29,17.33,0.0,0.0,0.0,0.2016,0.1085,0.0,6,0,8.84,10.31
EMP002,2026-02-14,44,Loan Officer,Surat,COHORT002,0,6,3,1,0,0,12,1,1,1,19.86,17.33,94.23,100.0,100.0,0.1667,0.0,33.33,4,2,-16.16,10.31
EMP002,2026-02-15,45,Loan Officer,Surat,COHORT002,0,31,24,7,4,3,87,1,2,2,19.57,16.6,57.83,63.3,63.99,0.2258,0.129,0.0,6,0,-10.16,10.31
EMP002,2026-02-16,46,Loan Officer,Surat,COHORT002,0,109,86,14,16,11,307,1,1,1,20.29,16.23,13.74,0.0,0.0,0.1284,0.1468,0.0,6,0,-3.16,10.31
EMP002,2026-02-17,47,Loan Officer,Surat,COHORT002,0,99,108,21,9,11,338,1,1,1,18.43,16.67,0.0,17.2,0.0,0.2121,0.0909,0.0,6,0,3.84,10.31
EMP002,2026-02-18,48,Loan Officer,Surat,COHORT002,0,94,98,32,10,12,302,1,1,1,17.14,17.37,0.0,10.47,0.0,0.3404,0.1064,0.0,6,0,14.84,10.31
EMP002,2026-02-19,49,Loan Officer,Surat,COHORT002,0,122,81,26,20,11,343,1,1,1,17.43,17.67,0.0,0.0,0.0,0.2131,0.1639,0.0,6,0,8.84,10.31
EMP002,2026-02-20,50,Loan Officer,Surat,COHORT002,0,112,88,28,14,14,337,1,1,1,18.14,18.03,0.0,0.0,0.0,0.25,0.125,0.0,6,0,10.84,10.31
EMP002,2026-02-21,51,Loan Officer,Surat,COHORT002,0,8,6,2,1,0,22,1,1,1,18.43,18.3,89.07,90.8,100.0,0.25,0.125,16.67,5,1,-15.16,10.31
EMP002,2026-02-22,52,Loan Officer,Surat,COHORT002,0,8,7,1,1,0,21,1,1,2,18.57,17.7,94.35,90.45,100.0,0.125,0.125,16.67,5,1,-16.16,10.31
EMP002,2026-02-23,53,Loan Officer,Surat,COHORT002,0,133,88,25,18,8,362,1,1,3,17.71,16.8,0.0,0.0,2.44,0.188,0.1353,0.0,6,0,7.84,10.31
EMP002,2026-02-24,54,Loan Officer,Surat,COHORT002,0,141,100,22,15,9,361,1,1,1,19.29,17.57,0.0,0.0,0.0,0.156,0.1064,0.0,6,0,4.84,10.31
EMP002,2026-02-25,55,Loan Officer,Surat,COHORT002,0,137,81,17,16,12,316,1,1,1,19.43,18.23,6.75,0.0,0.0,0.1241,0.1168,0.0,6,0,-0.16,10.31
EMP002,2026-02-26,56,Loan Officer,Surat,COHORT002,0,112,76,37,12,11,316,1,1,1,17.29,18.3,0.0,0.0,0.0,0.3304,0.1071,0.0,6,0,19.84,10.31
EMP002,2026-02-27,57,Loan Officer,Surat,COHORT002,0,101,95,24,19,14,318,1,1,1,18.86,18.57,0.0,0.0,0.0,0.2376,0.1881,0.0,6,0,6.84,10.31
EMP002,2026-02-28,58,Loan Officer,Surat,COHORT002,0,26,16,4,2,2,63,1,1,1,18.29,18.63,78.53,81.98,77.35,0.1538,0.0769,0.0,6,0,-13.16,10.31
EMP002,2026-03-01,59,Loan Officer,Surat,COHORT002,0,25,19,4,4,2,71,1,1,1,18.57,17.93,77.69,62.01,76.11,0.16,0.16,0.0,6,0,-13.16,10.31
EMP002,2026-03-02,60,Loan Officer,Surat,COHORT002,0,94,80,35,10,13,324,1,1,1,19.0,17.0,0.0,2.63,0.0,0.3723,0.1064,0.0,6,0,17.84,10.31
EMP002,2026-03-03,61,Loan Officer,Surat,COHORT002,0,120,87,15,16,9,310,1,1,1,20.43,18.03,16.81,0.0,0.0,0.125,0.1333,0.0,6,0,-2.16,10.31
EMP002,2026-03-04,62,Loan Officer,Surat,COHORT002,0,151,111,25,16,15,378,1,1,1,19.43,18.53,0.0,0.0,0.0,0.1656,0.106,0.0,6,0,7.84,10.31
EMP002,2026-03-05,63,Loan Officer,Surat,COHORT002,0,112,70,16,16,8,305,1,1,1,20.57,18.8,14.89,0.0,9.09,0.1429,0.1429,0.0,6,0,-1.16,10.31
EMP002,2026-03-06,64,Loan Officer,Surat,COHORT002,0,125,83,17,21,9,348,1,1,1,17.57,18.73,9.24,0.0,0.0,0.136,0.168,0.0,6,0,-0.16,10.31
EMP002,2026-03-07,65,Loan Officer,Surat,COHORT002,0,34,19,7,3,2,81,1,1,1,16.57,18.4,61.96,73.91,76.83,0.2059,0.0882,0.0,6,0,-10.16,10.31
EMP002,2026-03-08,66,Loan Officer,Surat,COHORT002,0,23,18,2,1,2,61,1,1,1,17.0,18.03,88.91,91.07,75.9,0.087,0.0435,0.0,6,0,-15.16,10.31
EMP002,2026-03-09,67,Loan Officer,Surat,COHORT002,0,129,102,18,10,8,341,1,1,1,16.71,17.37,0.0,5.39,1.23,0.1395,0.0775,0.0,6,0,0.84,10.31
EMP002,2026-03-10,68,Loan Officer,Surat,COHORT002,0,116,74,15,13,11,300,1,1,1,14.29,17.87,16.06,0.0,0.0,0.1293,0.1121,0.0,6,0,-2.16,10.31
EMP002,2026-03-11,69,Loan Officer,Surat,COHORT002,0,138,84,25,18,13,333,1,1,1,14.29,18.3,0.0,0.0,0.0,0.1812,0.1304,0.0,6,0,7.84,10.31
EMP002,2026-03-12,70,Loan Officer,Surat,COHORT002,0,114,107,20,20,8,330,1,1,1,14.29,18.23,0.0,0.0,8.78,0.1754,0.1754,0.0,6,0,2.84,10.31
EMP002,2026-03-13,71,Loan Officer,Surat,COHORT002,0,135,99,23,16,12,354,1,1,1,14.86,17.9,0.0,0.0,0.0,0.1704,0.1185,0.0,6,0,5.84,10.31
EMP002,2026-03-14,72,Loan Officer,Surat,COHORT002,0,25,20,3,3,1,61,1,1,1,15.71,17.67,83.02,74.29,88.24,0.12,0.12,0.0,6,0,-14.16,10.31
EMP002,2026-03-15,73,Loan Officer,Surat,COHORT002,0,31,20,3,2,2,70,1,1,1,15.14,17.07,82.43,82.25,75.09,0.0968,0.0645,0.0,6,0,-14.16,10.31
EMP002,2026-03-16,74,Loan Officer,Surat,COHORT002,0,135,104,18,18,11,336,1,1,1,15.29,16.3,0.0,0.0,0.0,0.1333,0.1333,0.0,6,0,0.84,10.31
EMP002,2026-03-17,75,Loan Officer,Surat,COHORT002,0,135,84,24,13,16,338,1,1,1,15.29,16.87,0.0,0.0,0.0,0.1778,0.0963,0.0,6,0,6.84,10.31
EMP002,2026-03-18,76,Loan Officer,Surat,COHORT002,0,110,80,23,13,14,300,1,1,1,16.57,17.43,0.0,0.0,0.0,0.2091,0.1182,0.0,6,0,5.84,10.31
EMP002,2026-03-19,77,Loan Officer,Surat,COHORT002,0,122,99,23,14,14,362,1,1,1,16.29,17.73,0.0,0.0,0.0,0.1885,0.1148,0.0,6,0,5.84,10.31
EMP002,2026-03-20,78,Loan Officer,Surat,COHORT002,0,138,89,15,20,8,328,1,1,1,16.71,17.8,15.73,0.0,8.78,0.1087,0.1449,0.0,6,0,-2.16,10.31
EMP002,2026-03-21,79,Loan Officer,Surat,COHORT002,0,25,15,4,1,2,59,1,1,1,15.57,17.23,76.78,91.78,76.83,0.16,0.04,0.0,6,0,-13.16,10.31
EMP002,2026-03-22,80,Loan Officer,Surat,COHORT002,0,18,11,3,1,2,42,1,1,1,15.71,16.5,81.82,91.33,75.99,0.1667,0.0556,0.0,6,0,-14.16,10.31
EMP002,2026-03-23,81,Loan Officer,Surat,COHORT002,0,114,80,28,14,14,317,1,1,1,15.71,15.67,0.0,0.0,0.0,0.2456,0.1228,0.0,6,0,10.84,10.31
EMP002,2026-03-24,82,Loan Officer,Surat,COHORT002,0,101,76,14,11,15,282,1,1,1,17.14,16.53,15.31,4.6,0.0,0.1386,0.1089,0.0,6,0,-3.16,10.31
EMP002,2026-03-25,83,Loan Officer,Surat,COHORT002,0,95,68,23,23,8,303,1,1,1,15.71,16.97,0.0,0.0,10.11,0.2421,0.2421,0.0,6,0,5.84,10.31
EMP002,2026-03-26,84,Loan Officer,Surat,COHORT002,0,118,122,27,18,13,377,1,1,1,15.71,16.9,0.0,0.0,0.0,0.2288,0.1525,0.0,6,0,9.84,10.31
EMP002,2026-03-27,85,Loan Officer,Surat,COHORT002,0,111,93,29,21,10,317,1,1,1,16.29,17.07,0.0,0.0,0.0,0.2613,0.1892,0.0,6,0,11.84,10.31
EMP002,2026-03-28,86,Loan Officer,Surat,COHORT002,0,16,14,5,3,2,49,1,1,1,18.29,17.47,71.38,75.61,77.7,0.3125,0.1875,0.0,6,0,-12.16,10.31
EMP002,2026-03-29,87,Loan Officer,Surat,COHORT002,0,30,23,7,3,3,85,1,1,1,18.43,16.4,57.32,75.0,65.4,0.2333,0.1,0.0,6,0,-10.16,10.31
EMP002,2026-03-30,88,Loan Officer,Surat,COHORT002,0,105,80,19,16,8,284,1,1,1,19.0,15.83,0.0,0.0,3.61,0.181,0.1524,0.0,6,0,1.84,10.31
EMP002,2026-03-31,89,Loan Officer,Surat,COHORT002,0,104,79,29,11,9,294,1,1,1,17.71,16.33,0.0,7.8,0.0,0.2788,0.1058,0.0,6,0,11.84,10.31
EMP003,2026-01-01,0,Loan Officer,Delhi,COHORT003,0,131,91,18,21,9,319,1,1,1,0.0,0.0,0.0,0.0,0.0,0.1374,0.1603,0.0,6,0,1.28,10.02
EMP003,2026-01-02,1,Loan Officer,Delhi,COHORT003,0,127,91,23,16,14,354,1,1,1,18.0,18.0,0.0,23.81,0.0,0.1811,0.126,0.0,6,0,6.28,10.02
EMP003,2026-01-03,2,Loan Officer,Delhi,COHORT003,0,7,6,0,1,0,17,1,1,1,20.5,20.5,100.0,94.59,100.0,0.0,0.1429,33.33,4,2,-16.72,10.02
EMP003,2026-01-04,3,Loan Officer,Delhi,COHORT003,0,14,10,2,1,1,34,2,1,2,13.67,13.67,85.37,92.11,86.96,0.1429,0.0714,0.0,6,0,-14.72,10.02
EMP003,2026-01-05,4,Loan Officer,Delhi,COHORT003,0,117,95,28,16,10,330,1,1,1,10.75,10.75,0.0,0.0,0.0,0.2393,0.1368,0.0,6,0,11.28,10.02
EMP003,2026-01-06,5,Loan Officer,Delhi,COHORT003,0,152,84,15,16,12,360,1,1,1,14.2,14.2,0.0,0.0,0.0,0.0987,0.1053,0.0,6,0,-1.72,10.02
EMP003,2026-01-07,6,Loan Officer,Delhi,COHORT003,0,115,101,33,18,14,371,1,1,1,14.33,14.33,0.0,0.0,0.0,0.287,0.1565,0.0,6,0,16.28,10.02
EMP003,2026-01-08,7,Loan Officer,Delhi,COHORT003,0,161,109,22,20,8,407,1,1,1,17.0,17.0,0.0,0.0,6.65,0.1366,0.1242,0.0,6,0,5.28,10.02
EMP003,2026-01-09,8,Loan Officer,Delhi,COHORT003,0,152,94,15,11,12,360,1,1,1,17.57,17.62,14.87,19.24,0.0,0.0987,0.0724,0.0,6,0,-1.72,10.02
EMP003,2026-01-10,9,Loan Officer,Delhi,COHORT003,0,12,11,2,1,1,33,1,1,1,16.43,17.33,88.46,92.5,88.75,0.1667,0.0833,0.0,6,0,-14.72,10.02
EMP003,2026-01-11,10,Loan Officer,Delhi,COHORT003,0,21,18,6,3,1,64,1,1,1,16.71,15.8,62.03,75.21,87.65,0.2857,0.1429,0.0,6,0,-10.72,10.02
EMP003,2026-01-12,11,Loan Officer,Delhi,COHORT003,0,107,73,25,17,14,295,1,1,1,17.29,14.91,0.0,0.0,0.0,0.2336,0.1589,0.0,6,0,8.28,10.02
EMP003,2026-01-13,12,Loan Officer,Delhi,COHORT003,0,146,107,21,16,11,384,1,1,1,16.86,15.75,0.0,0.0,0.0,0.1438,0.1096,0.0,6,0,4.28,10.02
EMP003,2026-01-14,13,Loan Officer,Delhi,COHORT003,0,111,83,21,15,12,339,1,1,1,17.71,16.15,0.0,0.0,0.0,0.1892,0.1351,0.0,6,0,4.28,10.02
EMP003,2026-01-15,14,Loan Officer,Delhi,COHORT003,0,117,106,25,15,11,342,1,1,1,16.0,16.5,0.0,0.0,0.0,0.2137,0.1282,0.0,6,0,8.28,10.02
EMP003,2026-01-16,15,Loan Officer,Delhi,COHORT003,0,125,85,27,12,10,316,1,1,1,16.43,17.07,0.0,3.77,0.0,0.216,0.096,0.0,6,0,10.28,10.02
EMP003,2026-01-17,16,Loan Officer,Delhi,COHORT003,0,18,12,3,2,1,48,1,1,1,18.14,17.69,83.04,83.92,88.57,0.1667,0.1111,0.0,6,0,-13.72,10.02
EMP003,2026-01-18,17,Loan Officer,Delhi,COHORT003,0,34,27,6,3,2,90,1,1,1,18.29,16.82,64.33,74.62,75.87,0.1765,0.0882,0.0,6,0,-10.72,10.02
EMP003,2026-01-19,18,Loan Officer,Delhi,COHORT003,0,92,80,24,12,14,293,1,1,1,18.29,16.22,0.0,0.0,0.0,0.2609,0.1304,0.0,6,0,7.28,10.02
EMP003,2026-01-20,19,Loan Officer,Delhi,COHORT003,0,121,87,15,14,9,332,1,1,1,18.14,16.63,9.8,0.0,0.0,0.124,0.1157,0.0,6,0,-1.72,10.02
EMP003,2026-01-21,20,Loan Officer,Delhi,COHORT003,0,105,126,32,11,13,348,1,1,1,17.29,16.55,0.0,4.35,0.0,0.3048,0.1048,0.0,6,0,15.28,10.02
EMP003,2026-01-22,21,Loan Officer,Delhi,COHORT003,0,135,76,23,18,14,332,1,1,1,18.86,17.29,0.0,0.0,0.0,0.1704,0.1333,0.0,6,0,6.28,10.02
EMP003,2026-01-23,22,Loan Officer,Delhi,COHORT003,0,117,108,30,11,10,336,1,1,1,18.57,17.55,0.0,6.54,0.0,0.2564,0.094,0.0,6,0,13.28,10.02
EMP003,2026-01-24,23,Loan Officer,Delhi,COHORT003,0,18,16,4,3,1,53,1,1,1,19.0,18.09,77.89,74.45,88.67,0.2222,0.1667,0.0,6,0,-12.72,10.02
EMP003,2026-01-25,24,Loan Officer,Delhi,COHORT003,0,11,8,1,1,0,29,1,1,1,19.14,17.5,94.29,91.21,100.0,0.0909,0.0909,16.67,5,1,-15.72,10.02
EMP003,2026-01-26,25,Loan Officer,Delhi,COHORT003,0,112,93,28,17,15,345,1,1,2,18.43,16.84,0.0,0.0,0.0,0.25,0.1518,0.0,6,0,11.28,10.02
EMP003,2026-01-27,26,Loan Officer,Delhi,COHORT003,0,133,66,14,11,15,290,1,1,1,19.0,17.27,18.93,1.7,0.0,0.1053,0.0827,0.0,6,0,-2.72,10.02
EMP003,2026-01-28,27,Loan Officer,Delhi,COHORT003,0,108,78,26,11,13,311,1,1,1,18.86,17.15,0.0,1.7,0.0,0.2407,0.1019,0.0,6,0,9.28,10.02
EMP003,2026-01-29,28,Loan Officer,Delhi,COHORT003,0,121,87,14,13,11,318,1,1,1,18.0,17.46,19.82,0.0,0.0,0.1157,0.1074,0.0,6,0,-2.72,10.02
EMP003,2026-01-30,29,Loan Officer,Delhi,COHORT003,0,133,91,19,18,9,331,1,1,1,16.71,17.34,0.0,0.0,0.0,0.1429,0.1353,0.0,6,0,2.28,10.02
EMP003,2026-01-31,30,Loan Officer,Delhi,COHORT003,0,3,1,0,0,0,5,1,1,1,15.14,17.4,100.0,100.0,100.0,0.0,0.0,50.0,3,3,-16.72,10.02
EMP003,2026-02-01,31,Loan Officer,Delhi,COHORT003,0,30,14,6,3,2,68,2,2,2,14.57,16.8,64.29,72.14,76.74,0.2,0.1,0.0,6,0,-10.72,10.02
EMP003,2026-02-02,32,Loan Officer,Delhi,COHORT003,0,115,108,15,20,11,350,1,1,1,15.29,16.23,7.58,0.0,0.0,0.1304,0.1739,0.0,6,0,-1.72,10.02
EMP003,2026-02-03,33,Loan Officer,Delhi,COHORT003,0,125,87,17,18,13,338,1,1,1,13.43,16.73,0.0,0.0,0.0,0.136,0.144,0.0,6,0,0.28,10.02
EMP003,2026-02-04,34,Loan Officer,Delhi,COHORT003,0,132,118,32,11,12,375,1,1,1,13.86,17.23,0.0,4.6,0.0,0.2424,0.0833,0.0,6,0,15.28,10.02
EMP003,2026-02-05,35,Loan Officer,Delhi,COHORT003,0,116,95,31,16,10,348,1,1,1,14.71,17.37,0.0,0.0,0.0,0.2672,0.1379,0.0,6,0,14.28,10.02
EMP003,2026-02-06,36,Loan Officer,Delhi,COHORT003,0,120,84,17,14,10,300,1,1,1,17.14,17.9,5.03,0.0,0.0,0.1417,0.1167,0.0,6,0,0.28,10.02
EMP003,2026-02-07,37,Loan Officer,Delhi,COHORT003,0,1,1,0,0,0,3,1,1,1,16.86,17.37,100.0,100.0,100.0,0.0,0.0,50.0,3,3,-16.72,10.02
EMP003,2026-02-08,38,Loan Officer,Delhi,COHORT003,0,4,3,1,0,0,10,2,2,2,16.86,16.63,93.99,100.0,100.0,0.25,0.0,33.33,4,2,-15.72,10.02
EMP003,2026-02-09,39,Loan Officer,Delhi,COHORT003,0,110,106,27,9,13,362,1,3,3,16.14,16.17,0.0,11.76,0.0,0.2455,0.0818,0.0,6,0,10.28,10.02
EMP003,2026-02-10,40,Loan Officer,Delhi,COHORT003,0,110,109,17,10,15,318,1,1,1,17.86,17.0,0.0,4.49,0.0,0.1545,0.0909,0.0,6,0,0.28,10.02
EMP003,2026-02-11,41,Loan Officer,Delhi,COHORT003,0,118,85,25,13,13,342,1,1,1,17.86,17.37,0.0,0.0,0.0,0.2119,0.1102,0.0,6,0,8.28,10.02
EMP003,2026-02-12,42,Loan Officer,Delhi,COHORT003,0,122,70,22,21,9,326,1,1,1,16.86,17.37,0.0,0.0,0.0,0.1803,0.1721,0.0,6,0,5.28,10.02
EMP003,2026-02-13,43,Loan Officer,Delhi,COHORT003,0,140,80,27,13,12,347,1,1,1,15.57,17.4,0.0,0.0,0.0,0.1929,0.0929,0.0,6,0,10.28,10.02
EMP003,2026-02-14,44,Loan Officer,Delhi,COHORT003,0,20,9,1,1,0,40,1,1,1,17.0,17.6,94.32,90.63,100.0,0.05,0.05,16.67,5,1,-15.72,10.02
EMP003,2026-02-15,45,Loan Officer,Delhi,COHORT003,0,23,19,8,4,2,70,1,1,2,17.14,16.8,52.38,60.78,76.66,0.3478,0.1739,0.0,6,0,-8.72,10.02
EMP003,2026-02-16,46,Loan Officer,Delhi,COHORT003,0,134,113,16,19,14,371,1,1,1,18.14,16.17,1.05,0.0,0.0,0.1194,0.1418,0.0,6,0,-0.72,10.02
EMP003,2026-02-17,47,Loan Officer,Delhi,COHORT003,0,102,77,31,15,9,297,1,1,1,16.57,16.6,0.0,0.0,0.0,0.3039,0.1471,0.0,6,0,14.28,10.02
EMP003,2026-02-18,48,Loan Officer,Delhi,COHORT003,0,122,83,26,16,11,321,1,1,1,18.57,17.43,0.0,0.0,0.0,0.2131,0.1311,0.0,6,0,9.28,10.02
EMP003,2026-02-19,49,Loan Officer,Delhi,COHORT003,0,126,81,17,13,9,304,1,1,1,18.71,17.5,2.86,0.0,0.0,0.1349,0.1032,0.0,6,0,0.28,10.02
EMP003,2026-02-20,50,Loan Officer,Delhi,COHORT003,0,124,72,18,16,11,309,1,1,1,18.0,17.57,0.0,0.0,0.0,0.1452,0.129,0.0,6,0,1.28,10.02
EMP003,2026-02-21,51,Loan Officer,Delhi,COHORT003,0,2,1,0,0,0,4,1,1,1,16.71,17.1,100.0,100.0,100.0,0.0,0.0,50.0,3,3,-16.72,10.02
EMP003,2026-02-22,52,Loan Officer,Delhi,COHORT003,0,17,10,2,1,1,40,2,2,2,16.57,16.33,87.75,90.54,88.0,0.1176,0.0588,0.0,6,0,-14.72,10.02
EMP003,2026-02-23,53,Loan Officer,Delhi,COHORT003,0,116,81,31,10,13,327,1,1,1,15.71,15.4,0.0,2.25,0.0,0.2672,0.0862,0.0,6,0,14.28,10.02
EMP003,2026-02-24,54,Loan Officer,Delhi,COHORT003,0,119,95,22,20,16,337,1,1,1,17.86,16.3,0.0,0.0,0.0,0.1849,0.1681,0.0,6,0,5.28,10.02
EMP003,2026-02-25,55,Loan Officer,Delhi,COHORT003,0,109,99,20,22,8,315,1,1,1,16.57,17.0,0.0,0.0,10.81,0.1835,0.2018,0.0,6,0,3.28,10.02
EMP003,2026-02-26,56,Loan Officer,Delhi,COHORT003,0,125,97,27,16,11,353,1,1,1,15.71,16.73,0.0,0.0,0.0,0.216,0.128,0.0,6,0,10.28,10.02
EMP003,2026-02-27,57,Loan Officer,Delhi,COHORT003,0,112,67,22,13,12,296,1,1,1,17.14,17.17,0.0,0.0,0.0,0.1964,0.1161,0.0,6,0,5.28,10.02
EMP003,2026-02-28,58,Loan Officer,Delhi,COHORT003,0,13,11,2,1,1,37,1,1,1,17.71,17.03,88.26,91.3,88.33,0.1538,0.0769,0.0,6,0,-14.72,10.02
EMP003,2026-03-01,59,Loan Officer,Delhi,COHORT003,0,22,22,7,4,2,78,1,1,1,18.0,16.63,57.91,63.96,75.7,0.3182,0.1818,0.0,6,0,-9.72,10.02
EMP003,2026-03-02,60,Loan Officer,Delhi,COHORT003,0,103,108,21,12,13,351,1,1,1,18.71,16.23,0.0,0.0,0.0,0.2039,0.1165,0.0,6,0,4.28,10.02
EMP003,2026-03-03,61,Loan Officer,Delhi,COHORT003,0,113,80,15,15,8,293,1,1,1,17.29,16.93,11.4,0.0,5.1,0.1327,0.1327,0.0,6,0,-1.72,10.02
EMP003,2026-03-04,62,Loan Officer,Delhi,COHORT003,0,120,83,21,12,12,329,1,1,1,16.29,17.23,0.0,0.0,0.0,0.175,0.1,0.0,6,0,4.28,10.02
EMP003,2026-03-05,63,Loan Officer,Delhi,COHORT003,0,106,83,19,11,14,302,1,1,1,16.43,17.43,0.0,1.52,0.0,0.1792,0.1038,0.0,6,0,2.28,10.02
EMP003,2026-03-06,64,Loan Officer,Delhi,COHORT003,0,150,111,30,12,13,379,1,1,1,15.29,17.5,0.0,0.0,0.0,0.2,0.08,0.0,6,0,13.28,10.02
EMP003,2026-03-07,65,Loan Officer,Delhi,COHORT003,0,23,22,5,2,1,69,1,1,1,16.43,17.43,71.31,81.77,88.55,0.2174,0.087,0.0,6,0,-11.72,10.02
EMP003,2026-03-08,66,Loan Officer,Delhi,COHORT003,0,1,0,0,0,0,2,1,1,1,16.86,16.57,100.0,100.0,100.0,0.0,0.0,66.67,2,4,-16.72,10.02
EMP003,2026-03-09,67,Loan Officer,Delhi,COHORT003,0,95,75,18,10,11,281,2,2,2,15.86,16.0,0.0,0.3,0.0,0.1895,0.1053,0.0,6,0,1.28,10.02
EMP003,2026-03-10,68,Loan Officer,Delhi,COHORT003,0,87,72,29,9,14,276,1,1,1,15.43,16.6,0.0,13.21,0.0,0.3333,0.1034,0.0,6,0,12.28,10.02
EMP003,2026-03-11,69,Loan Officer,Delhi,COHORT003,0,117,83,21,20,8,322,1,1,1,17.43,17.53,0.0,0.0,10.41,0.1795,0.1709,0.0,6,0,4.28,10.02
EMP003,2026-03-12,70,Loan Officer,Delhi,COHORT003,0,108,74,25,19,9,286,1,1,1,17.43,17.33,0.0,0.0,0.0,0.2315,0.1759,0.0,6,0,8.28,10.02
EMP003,2026-03-13,71,Loan Officer,Delhi,COHORT003,0,104,83,26,16,9,321,1,1,1,18.29,17.6,0.0,0.0,0.0,0.25,0.1538,0.0,6,0,9.28,10.02
EMP003,2026-03-14,72,Loan Officer,Delhi,COHORT003,0,21,17,4,2,1,54,1,1,1,17.71,17.63,77.31,82.5,88.14,0.1905,0.0952,0.0,6,0,-12.72,10.02
EMP003,2026-03-15,73,Loan Officer,Delhi,COHORT003,0,4,4,0,0,0,11,1,1,1,17.57,17.03,100.0,100.0,100.0,0.0,0.0,50.0,3,3,-16.72,10.02
EMP003,2026-03-16,74,Loan Officer,Delhi,COHORT003,0,145,71,18,11,10,337,2,2,2,17.57,16.13,0.0,0.0,0.0,0.1241,0.0759,0.0,6,0,1.28,10.02
EMP003,2026-03-17,75,Loan Officer,Delhi,COHORT003,0,114,94,19,19,10,315,1,1,1,17.57,16.7,0.0,0.0,0.0,0.1667,0.1667,0.0,6,0,2.28,10.02
EMP003,2026-03-18,76,Loan Officer,Delhi,COHORT003,0,99,94,15,17,9,290,1,1,1,16.14,17.07,12.13,0.0,0.0,0.1515,0.1717,0.0,6,0,-1.72,10.02
EMP003,2026-03-19,77,Loan Officer,Delhi,COHORT003,0,133,115,18,15,13,355,1,1,1,15.29,17.03,0.0,0.0,0.0,0.1353,0.1128,0.0,6,0,1.28,10.02
EMP003,2026-03-20,78,Loan Officer,Delhi,COHORT003,0,109,114,19,18,8,352,1,1,1,14.29,16.6,0.0,0.0,3.96,0.1743,0.1651,0.0,6,0,2.28,10.02
EMP003,2026-03-21,79,Loan Officer,Delhi,COHORT003,0,11,9,2,1,0,29,1,1,1,13.29,16.37,87.78,91.07,100.0,0.1818,0.0909,16.67,5,1,-14.72,10.02
EMP003,2026-03-22,80,Loan Officer,Delhi,COHORT003,0,31,27,4,2,3,84,1,1,2,13.0,15.87,74.8,81.48,62.17,0.129,0.0645,0.0,6,0,-12.72,10.02
EMP003,2026-03-23,81,Loan Officer,Delhi,COHORT003,0,132,62,27,12,8,323,1,1,1,13.57,15.4,0.0,0.0,0.0,0.2045,0.0909,0.0,6,0,10.28,10.02
EMP003,2026-03-24,82,Loan Officer,Delhi,COHORT003,0,116,83,26,13,16,320,1,1,1,14.86,16.3,0.0,0.0,0.0,0.2241,0.1121,0.0,6,0,9.28,10.02
EMP003,2026-03-25,83,Loan Officer,Delhi,COHORT003,0,154,81,30,18,12,362,1,1,1,15.86,17.1,0.0,0.0,0.0,0.1948,0.1169,0.0,6,0,13.28,10.02
EMP003,2026-03-26,84,Loan Officer,Delhi,COHORT003,0,104,86,21,20,14,331,1,1,1,18.0,17.07,0.0,0.0,0.0,0.2019,0.1923,0.0,6,0,4.28,10.02
EMP003,2026-03-27,85,Loan Officer,Delhi,COHORT003,0,150,71,15,13,13,349,1,1,1,18.43,17.03,11.92,0.0,0.0,0.1,0.0867,0.0,6,0,-1.72,10.02
EMP003,2026-03-28,86,Loan Officer,Delhi,COHORT003,0,19,16,5,3,2,59,1,1,1,17.86,16.87,70.36,72.97,76.47,0.2632,0.1579,0.0,6,0,-11.72,10.02
EMP003,2026-03-29,87,Loan Officer,Delhi,COHORT003,0,18,10,3,1,1,46,1,1,1,18.29,16.13,81.4,90.63,87.8,0.1667,0.0556,0.0,6,0,-13.72,10.02
EMP003,2026-03-30,88,Loan Officer,Delhi,COHORT003,0,120,81,19,9,10,322,1,1,1,18.14,15.5,0.0,12.37,0.0,0.1583,0.075,0.0,6,0,2.28,10.02
EMP003,2026-03-31,89,Loan Officer,Delhi,COHORT003,0,113,114,21,18,13,367,1,1,1,17.0,16.07,0.0,0.0,0.0,0.1858,0.1593,0.0,6,0,4.28,10.02
EMP004,2026-01-01,0,Loan Officer,Mumbai,COHORT004,0,131,109,24,18,13,355,1,1,1,0.0,0.0,0.0,0.0,0.0,0.1832,0.1374,0.0,6,0,7.03,10.17
EMP004,2026-01-02,1,Loan Officer,Mumbai,COHORT004,0,106,93,22,19,17,334,1,1,1,24.0,24.0,8.33,0.0,0.0,0.2075,0.1792,0.0,6,0,5.03,10.17
EMP004,2026-01-03,2,Loan Officer,Mumbai,COHORT004,0,1,0,0,0,0,2,1,1,1,23.0,23.0,100.0,100.0,100.0,0.0,0.0,66.67,2,4,-16.97,10.17
EMP004,2026-01-04,3,Loan Officer,Mumbai,COHORT004,0,3,4,0,0,0,8,2,2,2,15.33,15.33,100.0,100.0,100.0,0.0,0.0,50.0,3,3,-16.97,10.17
EMP004,2026-01-05,4,Loan Officer,Mumbai,COHORT004,0,151,85,17,11,13,335,3,3,3,11.5,11.5,0.0,0.0,0.0,0.1126,0.0728,0.0,6,0,0.03,10.17
EMP004,2026-01-06,5,Loan Officer,Mumbai,COHORT004,0,136,71,16,15,8,332,1,1,1,12.6,12.6,0.0,0.0,6.98,0.1176,0.1103,0.0,6,0,-0.97,10.17
EMP004,2026-01-07,6,Loan Officer,Mumbai,COHORT004,0,96,89,25,12,12,306,1,1,1,13.17,13.17,0.0,0.0,0.0,0.2604,0.125,0.0,6,0,8.03,10.17
EMP004,2026-01-08,7,Loan Officer,Mumbai,COHORT004,0,128,82,21,17,14,354,1,1,1,14.86,14.86,0.0,0.0,0.0,0.1641,0.1328,0.0,6,0,4.03,10.17
EMP004,2026-01-09,8,Loan Officer,Mumbai,COHORT004,0,102,87,18,11,8,289,1,1,1,14.43,15.62,0.0,4.35,16.84,0.1765,0.1078,0.0,6,0,1.03,10.17
EMP004,2026-01-10,9,Loan Officer,Mumbai,COHORT004,0,13,7,1,0,1,31,1,1,1,13.86,15.89,93.71,100.0,89.41,0.0769,0.0,16.67,5,1,-15.97,10.17
EMP004,2026-01-11,10,Loan Officer,Mumbai,COHORT004,0,3,3,0,0,0,7,1,2,1,14.0,14.4,100.0,100.0,100.0,0.0,0.0,50.0,3,3,-16.97,10.17
EMP004,2026-01-12,11,Loan Officer,Mumbai,COHORT004,0,131,74,23,19,14,311,2,3,2,14.0,13.09,0.0,0.0,0.0,0.1756,0.145,0.0,6,0,6.03,10.17
EMP004,2026-01-13,12,Loan Officer,Mumbai,COHORT004,0,124,90,17,11,9,331,1,1,1,14.86,13.92,0.0,0.0,0.0,0.1371,0.0887,0.0,6,0,0.03,10.17
EMP004,2026-01-14,13,Loan Officer,Mumbai,COHORT004,0,105,74,23,14,10,289,1,1,1,15.0,14.15,0.0,0.0,0.0,0.219,0.1333,0.0,6,0,6.03,10.17
EMP004,2026-01-15,14,Loan Officer,Mumbai,COHORT004,0,106,85,16,10,10,304,1,1,1,14.71,14.79,0.0,4.76,0.0,0.1509,0.0943,0.0,6,0,-0.97,10.17
EMP004,2026-01-16,15,Loan Officer,Mumbai,COHORT004,0,115,116,25,12,15,351,1,1,1,14.0,14.87,0.0,0.0,0.0,0.2174,0.1043,0.0,6,0,8.03,10.17
EMP004,2026-01-17,16,Loan Officer,Mumbai,COHORT004,0,8,5,1,0,1,19,1,1,1,15.0,15.5,93.55,100.0,88.89,0.125,0.0,16.67,5,1,-15.97,10.17
EMP004,2026-01-18,17,Loan Officer,Mumbai,COHORT004,0,26,19,3,3,2,72,1,2,1,15.0,14.65,79.52,69.82,76.55,0.1154,0.1154,0.0,6,0,-13.97,10.17
EMP004,2026-01-19,18,Loan Officer,Mumbai,COHORT004,0,135,91,20,21,9,325,1,1,1,15.43,14.0,0.0,0.0,0.0,0.1481,0.1556,0.0,6,0,3.03,10.17
EMP004,2026-01-20,19,Loan Officer,Mumbai,COHORT004,0,123,88,17,10,15,333,1,1,1,15.0,14.32,0.0,1.57,0.0,0.1382,0.0813,0.0,6,0,0.03,10.17
EMP004,2026-01-21,20,Loan Officer,Mumbai,COHORT004,0,133,99,19,18,15,354,1,1,1,15.0,14.45,0.0,0.0,0.0,0.1429,0.1353,0.0,6,0,2.03,10.17
EMP004,2026-01-22,21,Loan Officer,Mumbai,COHORT004,0,123,110,26,12,8,363,1,1,1,14.43,14.67,0.0,0.0,9.71,0.2114,0.0976,0.0,6,0,9.03,10.17
EMP004,2026-01-23,22,Loan Officer,Mumbai,COHORT004,0,105,106,21,17,15,317,1,1,1,15.86,15.18,0.0,0.0,0.0,0.2,0.1619,0.0,6,0,4.03,10.17
EMP004,2026-01-24,23,Loan Officer,Mumbai,COHORT004,0,31,20,6,4,2,78,1,1,1,15.29,15.43,61.11,63.2,78.0,0.1935,0.129,0.0,6,0,-10.97,10.17
EMP004,2026-01-25,24,Loan Officer,Mumbai,COHORT004,0,23,20,3,1,2,60,1,1,1,16.0,15.04,80.05,90.55,77.25,0.1304,0.0435,0.0,6,0,-13.97,10.17
EMP004,2026-01-26,25,Loan Officer,Mumbai,COHORT004,0,106,81,24,15,9,312,1,1,1,16.0,14.56,0.0,0.0,0.0,0.2264,0.1415,0.0,6,0,7.03,10.17
EMP004,2026-01-27,26,Loan Officer,Mumbai,COHORT004,0,115,104,16,20,15,328,1,1,1,16.57,14.92,0.0,0.0,0.0,0.1391,0.1739,0.0,6,0,-0.97,10.17
EMP004,2026-01-28,27,Loan Officer,Mumbai,COHORT004,0,136,89,26,18,13,343,1,1,1,16.43,14.96,0.0,0.0,0.0,0.1912,0.1324,0.0,6,0,9.03,10.17
EMP004,2026-01-29,28,Loan Officer,Mumbai,COHORT004,0,148,84,25,17,12,350,1,1,1,17.43,15.36,0.0,0.0,0.0,0.1689,0.1149,0.0,6,0,8.03,10.17
EMP004,2026-01-30,29,Loan Officer,Mumbai,COHORT004,0,145,95,25,19,10,385,1,1,1,17.29,15.69,0.0,0.0,0.0,0.1724,0.131,0.0,6,0,8.03,10.17
EMP004,2026-01-31,30,Loan Officer,Mumbai,COHORT004,0,17,11,3,2,1,43,1,1,1,17.86,16.0,81.25,82.56,88.97,0.1765,0.1176,0.0,6,0,-13.97,10.17
EMP004,2026-02-01,31,Loan Officer,Mumbai,COHORT004,0,28,14,4,3,2,68,1,1,1,17.43,15.3,73.86,72.55,76.93,0.1429,0.1071,0.0,6,0,-12.97,10.17
EMP004,2026-02-02,32,Loan Officer,Mumbai,COHORT004,0,118,90,29,11,11,322,1,1,1,17.57,14.7,0.0,0.0,0.0,0.2458,0.0932,0.0,6,0,12.03,10.17
EMP004,2026-02-03,33,Loan Officer,Mumbai,COHORT004,0,126,93,25,20,11,331,1,1,1,18.29,15.67,0.0,0.0,0.0,0.1984,0.1587,0.0,6,0,8.03,10.17
EMP004,2026-02-04,34,Loan Officer,Mumbai,COHORT004,0,153,87,25,18,11,364,1,1,1,19.57,16.5,0.0,0.0,0.0,0.1634,0.1176,0.0,6,0,8.03,10.17
EMP004,2026-02-05,35,Loan Officer,Mumbai,COHORT004,0,93,79,18,17,12,287,1,1,1,19.43,16.77,0.0,0.0,0.0,0.1935,0.1828,0.0,6,0,1.03,10.17
EMP004,2026-02-06,36,Loan Officer,Mumbai,COHORT004,0,116,79,16,13,12,294,1,1,1,18.43,16.83,4.93,0.0,0.0,0.1379,0.1121,0.0,6,0,-0.97,10.17
EMP004,2026-02-07,37,Loan Officer,Mumbai,COHORT004,0,16,11,2,2,1,42,1,1,1,17.14,16.53,87.9,83.01,88.85,0.125,0.125,0.0,6,0,-14.97,10.17
EMP004,2026-02-08,38,Loan Officer,Mumbai,COHORT004,0,2,1,0,0,0,4,1,1,1,17.0,15.9,100.0,100.0,100.0,0.0,0.0,50.0,3,3,-16.97,10.17
EMP004,2026-02-09,39,Loan Officer,Mumbai,COHORT004,0,103,101,25,18,13,349,2,2,2,16.43,15.3,0.0,0.0,0.0,0.2427,0.1748,0.0,6,0,8.03,10.17
EMP004,2026-02-10,40,Loan Officer,Mumbai,COHORT004,0,109,102,30,10,14,332,1,1,1,15.86,16.1,0.0,13.04,0.0,0.2752,0.0917,0.0,6,0,13.03,10.17
EMP004,2026-02-11,41,Loan Officer,Mumbai,COHORT004,0,136,105,21,20,14,382,1,1,1,16.57,17.1,0.0,0.0,0.0,0.1544,0.1471,0.0,6,0,4.03,10.17
EMP004,2026-02-12,42,Loan Officer,Mumbai,COHORT004,0,104,95,20,13,11,316,1,1,1,16.0,17.03,0.0,0.0,0.0,0.1923,0.125,0.0,6,0,3.03,10.17
EMP004,2026-02-13,43,Loan Officer,Mumbai,COHORT004,0,108,99,19,20,9,330,1,1,1,16.29,17.13,0.0,0.0,2.17,0.1759,0.1852,0.0,6,0,2.03,10.17
EMP004,2026-02-14,44,Loan Officer,Mumbai,COHORT004,0,29,18,4,3,3,74,1,1,1,16.71,17.0,76.47,75.27,67.28,0.1379,0.1034,0.0,6,0,-12.97,10.17
EMP004,2026-02-15,45,Loan Officer,Mumbai,COHORT004,0,8,7,2,2,1,27,1,1,1,17.0,16.6,87.95,83.19,88.8,0.25,0.25,0.0,6,0,-14.97,10.17
EMP004,2026-02-16,46,Loan Officer,Mumbai,COHORT004,0,91,75,17,14,14,268,1,1,1,17.29,15.83,0.0,0.0,0.0,0.1868,0.1538,0.0,6,0,0.03,10.17
EMP004,2026-02-17,47,Loan Officer,Mumbai,COHORT004,0,102,108,24,14,8,316,1,1,1,16.14,16.37,0.0,0.0,10.11,0.2353,0.1373,0.0,6,0,7.03,10.17
EMP004,2026-02-18,48,Loan Officer,Mumbai,COHORT004,0,122,90,31,14,12,323,1,1,1,15.29,17.07,0.0,0.0,0.0,0.2541,0.1148,0.0,6,0,14.03,10.17
EMP004,2026-02-19,49,Loan Officer,Mumbai,COHORT004,0,106,84,24,20,14,314,1,1,1,16.71,17.43,0.0,0.0,0.0,0.2264,0.1887,0.0,6,0,7.03,10.17
EMP004,2026-02-20,50,Loan Officer,Mumbai,COHORT004,0,131,89,26,16,12,351,1,1,1,17.29,17.67,0.0,0.0,0.0,0.1985,0.1221,0.0,6,0,9.03,10.17
EMP004,2026-02-21,51,Loan Officer,Mumbai,COHORT004,0,13,11,2,1,0,34,1,1,1,18.29,17.9,88.83,91.95,100.0,0.1538,0.0769,16.67,5,1,-14.97,10.17
EMP004,2026-02-22,52,Loan Officer,Mumbai,COHORT004,0,25,15,7,4,2,70,1,1,2,18.0,17.1,59.06,66.86,77.27,0.28,0.16,0.0,6,0,-9.97,10.17
EMP004,2026-02-23,53,Loan Officer,Mumbai,COHORT004,0,137,93,15,20,12,353,1,1,1,18.71,16.63,9.8,0.0,0.0,0.1095,0.146,0.0,6,0,-1.97,10.17
EMP004,2026-02-24,54,Loan Officer,Mumbai,COHORT004,0,135,109,25,16,11,373,1,1,1,18.43,16.93,0.0,0.0,0.0,0.1852,0.1185,0.0,6,0,8.03,10.17
EMP004,2026-02-25,55,Loan Officer,Mumbai,COHORT004,0,104,87,29,17,13,338,1,1,1,18.57,17.67,0.0,0.0,0.0,0.2788,0.1635,0.0,6,0,12.03,10.17
EMP004,2026-02-26,56,Loan Officer,Mumbai,COHORT004,0,104,79,26,19,9,297,1,1,1,18.29,17.83,0.0,0.0,1.42,0.25,0.1827,0.0,6,0,9.03,10.17
EMP004,2026-02-27,57,Loan Officer,Mumbai,COHORT004,0,133,102,28,17,7,360,1,1,1,18.57,18.17,0.0,0.0,21.61,0.2105,0.1278,0.0,6,0,11.03,10.17
EMP004,2026-02-28,58,Loan Officer,Mumbai,COHORT004,0,12,13,3,2,1,39,1,1,1,18.86,18.23,83.54,84.21,88.55,0.25,0.1667,0.0,6,0,-13.97,10.17
EMP004,2026-03-01,59,Loan Officer,Mumbai,COHORT004,0,12,9,3,1,1,34,1,1,1,19.0,17.5,82.86,91.78,88.05,0.25,0.0833,0.0,6,0,-13.97,10.17
EMP004,2026-03-02,60,Loan Officer,Mumbai,COHORT004,0,107,105,20,19,8,321,1,1,1,18.43,16.77,0.0,0.0,0.87,0.1869,0.1776,0.0,6,0,3.03,10.17
EMP004,2026-03-03,61,Loan Officer,Mumbai,COHORT004,0,124,107,27,20,10,370,1,1,1,19.14,17.33,0.0,0.0,0.0,0.2177,0.1613,0.0,6,0,10.03,10.17
EMP004,2026-03-04,62,Loan Officer,Mumbai,COHORT004,0,135,87,27,16,14,357,1,1,1,19.43,18.1,0.0,0.0,0.0,0.2,0.1185,0.0,6,0,10.03,10.17
EMP004,2026-03-05,63,Loan Officer,Mumbai,COHORT004,0,105,106,18,11,8,347,1,1,1,19.14,18.03,0.17,14.53,7.73,0.1714,0.1048,0.0,6,0,1.03,10.17
EMP004,2026-03-06,64,Loan Officer,Mumbai,COHORT004,0,118,72,32,15,10,316,1,1,1,18.0,17.8,0.0,0.0,0.0,0.2712,0.1271,0.0,6,0,15.03,10.17
EMP004,2026-03-07,65,Loan Officer,Mumbai,COHORT004,0,11,7,2,1,0,27,1,1,1,18.57,18.03,88.91,91.98,100.0,0.1818,0.0909,16.67,5,1,-14.97,10.17
EMP004,2026-03-08,66,Loan Officer,Mumbai,COHORT004,0,14,11,4,2,2,42,1,1,2,18.43,17.5,77.14,83.24,75.4,0.2857,0.1429,0.0,6,0,-12.97,10.17
EMP004,2026-03-09,67,Loan Officer,Mumbai,COHORT004,0,131,99,32,12,12,342,1,1,1,18.57,17.1,0.0,0.0,0.0,0.2443,0.0916,0.0,6,0,15.03,10.17
EMP004,2026-03-10,68,Loan Officer,Mumbai,COHORT004,0,105,89,20,17,8,301,1,1,1,20.29,18.1,0.0,0.0,2.08,0.1905,0.1619,0.0,6,0,3.03,10.17
EMP004,2026-03-11,69,Loan Officer,Mumbai,COHORT004,0,98,105,18,16,9,332,1,1,1,19.29,18.77,4.1,0.0,0.0,0.1837,0.1633,0.0,6,0,1.03,10.17
EMP004,2026-03-12,70,Loan Officer,Mumbai,COHORT004,0,98,76,17,17,12,274,1,1,1,18.0,18.53,8.26,0.0,0.0,0.1735,0.1735,0.0,6,0,0.03,10.17
EMP004,2026-03-13,71,Loan Officer,Mumbai,COHORT004,0,155,84,24,14,11,377,1,1,1,17.86,18.1,0.0,0.0,0.0,0.1548,0.0903,0.0,6,0,7.03,10.17
EMP004,2026-03-14,72,Loan Officer,Mumbai,COHORT004,0,14,13,3,2,1,42,1,1,1,16.71,18.2,83.52,83.91,87.7,0.2143,0.1429,0.0,6,0,-13.97,10.17
EMP004,2026-03-15,73,Loan Officer,Mumbai,COHORT004,0,20,18,4,2,2,60,1,1,1,16.86,17.63,77.31,83.43,74.36,0.2,0.1,0.0,6,0,-12.97,10.17
EMP004,2026-03-16,74,Loan Officer,Mumbai,COHORT004,0,142,102,25,11,10,342,1,1,1,16.86,17.13,0.0,4.1,0.0,0.1761,0.0775,0.0,6,0,8.03,10.17
EMP004,2026-03-17,75,Loan Officer,Mumbai,COHORT004,0,140,84,29,20,12,362,1,1,1,15.86,17.83,0.0,0.0,0.0,0.2071,0.1429,0.0,6,0,12.03,10.17
EMP004,2026-03-18,76,Loan Officer,Mumbai,COHORT004,0,94,91,24,16,12,302,1,1,1,17.14,18.73,0.0,0.0,0.0,0.2553,0.1702,0.0,6,0,7.03,10.17
EMP004,2026-03-19,77,Loan Officer,Mumbai,COHORT004,0,113,98,25,15,11,314,1,1,1,18.0,18.97,0.0,0.0,0.0,0.2212,0.1327,0.0,6,0,8.03,10.17
EMP004,2026-03-20,78,Loan Officer,Mumbai,COHORT004,0,107,85,23,18,9,308,1,1,1,19.14,19.0,0.0,0.0,0.0,0.215,0.1682,0.0,6,0,6.03,10.17
EMP004,2026-03-21,79,Loan Officer,Mumbai,COHORT004,0,27,21,5,4,2,71,1,1,1,19.0,18.73,73.3,68.18,75.31,0.1852,0.1481,0.0,6,0,-11.97,10.17
EMP004,2026-03-22,80,Loan Officer,Mumbai,COHORT004,0,16,13,3,2,1,42,1,1,1,19.29,18.1,83.43,83.37,87.01,0.1875,0.125,0.0,6,0,-13.97,10.17
EMP004,2026-03-23,81,Loan Officer,Mumbai,COHORT004,0,144,98,21,16,12,361,1,1,1,19.14,17.33,0.0,0.0,0.0,0.1458,0.1111,0.0,6,0,4.03,10.17
EMP004,2026-03-24,82,Loan Officer,Mumbai,COHORT004,0,105,99,29,12,13,345,1,1,1,18.57,17.97,0.0,0.58,0.0,0.2762,0.1143,0.0,6,0,12.03,10.17
EMP004,2026-03-25,83,Loan Officer,Mumbai,COHORT004,0,124,81,20,12,11,330,1,1,1,18.57,18.7,0.0,2.68,0.0,0.1613,0.0968,0.0,6,0,3.03,10.17
EMP004,2026-03-26,84,Loan Officer,Mumbai,COHORT004,0,113,88,27,17,8,305,1,1,1,18.0,18.87,0.0,0.0,0.87,0.2389,0.1504,0.0,6,0,10.03,10.17
EMP004,2026-03-27,85,Loan Officer,Mumbai,COHORT004,0,129,85,29,15,12,329,1,1,1,18.29,18.93,0.0,0.0,0.0,0.2248,0.1163,0.0,6,0,12.03,10.17
EMP004,2026-03-28,86,Loan Officer,Mumbai,COHORT004,0,12,10,1,1,1,29,1,1,1,19.14,18.93,94.72,91.69,87.39,0.0833,0.0833,0.0,6,0,-15.97,10.17
EMP004,2026-03-29,87,Loan Officer,Mumbai,COHORT004,0,26,16,3,3,2,64,1,1,1,18.57,18.1,83.43,73.75,73.92,0.1154,0.1154,0.0,6,0,-13.97,10.17
EMP004,2026-03-30,88,Loan Officer,Mumbai,COHORT004,0,110,93,25,15,12,320,1,1,1,18.57,17.27,0.0,0.0,0.0,0.2273,0.1364,0.0,6,0,8.03,10.17
EMP004,2026-03-31,89,Loan Officer,Mumbai,COHORT004,0,126,80,22,20,10,320,1,1,1,19.14,18.0,0.0,0.0,0.0,0.1746,0.1587,0.0,6,0,5.03,10.17
EMP005,2026-01-01,0,Loan Officer,Mumbai,COHORT004,0,115,76,27,18,12,327,1,1,1,0.0,0.0,0.0,0.0,0.0,0.2348,0.1565,0.0,6,0,10.03,10.17
EMP005,2026-01-02,1,Loan Officer,Mumbai,COHORT004,0,148,103,32,21,10,384,1,1,1,27.0,27.0,0.0,0.0,16.67,0.2162,0.1419,0.0,6,0,15.03,10.17
EMP005,2026-01-03,2,Loan Officer,Mumbai,COHORT004,0,0,0,0,0,0,0,1,1,1,29.5,29.5,100.0,100.0,100.0,0.0,0.0,100.0,0,6,-16.97,10.17
EMP005,2026-01-04,3,Loan Officer,Mumbai,COHORT004,0,17,14,3,2,1,47,2,2,2,19.67,19.67,84.75,84.62,86.36,0.1765,0.1176,0.0,6,0,-13.97,10.17
EMP005,2026-01-05,4,Loan Officer,Mumbai,COHORT004,0,125,85,19,15,16,335,1,1,1,15.5,15.5,0.0,0.0,0.0,0.152,0.12,0.0,6,0,2.03,10.17
EMP005,2026-01-06,5,Loan Officer,Mumbai,COHORT004,0,125,99,26,12,14,364,1,1,1,16.2,16.2,0.0,0.0,0.0,0.208,0.096,0.0,6,0,9.03,10.17
EMP005,2026-01-07,6,Loan Officer,Mumbai,COHORT004,0,122,104,22,18,10,350,1,1,1,17.83,17.83,0.0,0.0,0.0,0.1803,0.1475,0.0,6,0,5.03,10.17
EMP005,2026-01-08,7,Loan Officer,Mumbai,COHORT004,0,112,81,19,14,15,317,1,1,1,18.43,18.43,0.0,0.0,0.0,0.1696,0.125,0.0,6,0,2.03,10.17
EMP005,2026-01-09,8,Loan Officer,Mumbai,COHORT004,0,114,83,17,12,10,293,1,1,1,17.29,18.5,8.11,4.0,0.0,0.1491,0.1053,0.0,6,0,0.03,10.17
EMP005,2026-01-10,9,Loan Officer,Mumbai,COHORT004,0,17,18,5,2,2,54,1,1,1,15.14,18.33,72.72,83.92,79.55,0.2941,0.1176,0.0,6,0,-11.97,10.17
EMP005,2026-01-11,10,Loan Officer,Mumbai,COHORT004,0,2,1,0,0,0,4,1,1,1,15.86,17.0,100.0,100.0,100.0,0.0,0.0,50.0,3,3,-16.97,10.17
EMP005,2026-01-12,11,Loan Officer,Mumbai,COHORT004,0,125,66,21,15,14,295,2,2,2,15.43,15.45,0.0,0.0,0.0,0.168,0.12,0.0,6,0,4.03,10.17
EMP005,2026-01-13,12,Loan Officer,Mumbai,COHORT004,0,109,104,25,13,11,350,1,1,1,15.71,15.92,0.0,0.0,0.0,0.2294,0.1193,0.0,6,0,8.03,10.17
EMP005,2026-01-14,13,Loan Officer,Mumbai,COHORT004,0,107,75,25,13,15,296,1,1,1,15.57,16.62,0.0,0.0,0.0,0.2336,0.1215,0.0,6,0,8.03,10.17
EMP005,2026-01-15,14,Loan Officer,Mumbai,COHORT004,0,148,94,25,21,10,351,1,1,1,16.0,17.21,0.0,0.0,0.0,0.1689,0.1419,0.0,6,0,8.03,10.17
EMP005,2026-01-16,15,Loan Officer,Mumbai,COHORT004,0,135,81,26,17,14,352,1,1,1,16.86,17.73,0.0,0.0,0.0,0.1926,0.1259,0.0,6,0,9.03,10.17
EMP005,2026-01-17,16,Loan Officer,Mumbai,COHORT004,0,9,8,2,1,1,28,1,1,1,18.14,18.25,89.04,91.71,89.6,0.2222,0.1111,0.0,6,0,-14.97,10.17
EMP005,2026-01-18,17,Loan Officer,Mumbai,COHORT004,0,10,4,1,1,0,21,1,1,1,17.71,17.29,94.22,91.24,100.0,0.1,0.1,16.67,5,1,-15.97,10.17
EMP005,2026-01-19,18,Loan Officer,Mumbai,COHORT004,0,120,87,30,12,10,348,1,1,2,17.86,16.39,0.0,0.0,0.0,0.25,0.1,0.0,6,0,13.03,10.17
EMP005,2026-01-20,19,Loan Officer,Mumbai,COHORT004,0,137,97,17,12,9,334,1,1,1,19.14,17.11,0.64,0.0,0.0,0.1241,0.0876,0.0,6,0,0.03,10.17
EMP005,2026-01-21,20,Loan Officer,Mumbai,COHORT004,0,131,95,23,10,9,340,1,1,1,18.0,17.1,0.0,8.68,0.0,0.1756,0.0763,0.0,6,0,6.03,10.17
EMP005,2026-01-22,21,Loan Officer,Mumbai,COHORT004,0,104,99,26,18,11,307,1,1,1,17.71,17.38,0.0,0.0,0.0,0.25,0.1731,0.0,6,0,9.03,10.17
EMP005,2026-01-23,22,Loan Officer,Mumbai,COHORT004,0,105,68,21,19,15,282,1,1,1,17.86,17.77,0.0,0.0,0.0,0.2,0.181,0.0,6,0,4.03,10.17
EMP005,2026-01-24,23,Loan Officer,Mumbai,COHORT004,0,5,3,0,0,0,12,1,1,1,17.14,17.91,100.0,100.0,100.0,0.0,0.0,50.0,3,3,-16.97,10.17
EMP005,2026-01-25,24,Loan Officer,Mumbai,COHORT004,0,24,20,5,3,2,69,2,2,2,16.86,17.17,70.88,72.92,77.04,0.2083,0.125,0.0,6,0,-11.97,10.17
EMP005,2026-01-26,25,Loan Officer,Mumbai,COHORT004,0,112,95,29,18,15,357,1,1,1,17.43,16.68,0.0,0.0,0.0,0.2589,0.1607,0.0,6,0,12.03,10.17
EMP005,2026-01-27,26,Loan Officer,Mumbai,COHORT004,0,128,72,23,10,13,309,1,1,1,17.29,17.15,0.0,9.42,0.0,0.1797,0.0781,0.0,6,0,6.03,10.17
EMP005,2026-01-28,27,Loan Officer,Mumbai,COHORT004,0,103,71,19,11,10,291,1,1,1,18.14,17.37,0.0,0.0,0.0,0.1845,0.1068,0.0,6,0,2.03,10.17
EMP005,2026-01-29,28,Loan Officer,Mumbai,COHORT004,0,108,90,27,21,13,325,1,1,1,17.57,17.43,0.0,0.0,0.0,0.25,0.1944,0.0,6,0,10.03,10.17
EMP005,2026-01-30,29,Loan Officer,Mumbai,COHORT004,0,139,120,26,11,11,360,1,1,1,17.71,17.76,0.0,3.0,0.0,0.1871,0.0791,0.0,6,0,9.03,10.17
EMP005,2026-01-31,30,Loan Officer,Mumbai,COHORT004,0,9,7,2,0,0,26,1,1,1,18.43,18.03,88.91,100.0,100.0,0.2222,0.0,33.33,4,2,-14.97,10.17
EMP005,2026-02-01,31,Loan Officer,Mumbai,COHORT004,0,9,8,1,0,0,24,1,2,2,18.71,17.2,94.19,100.0,100.0,0.1111,0.0,33.33,4,2,-15.97,10.17
EMP005,2026-02-02,32,Loan Officer,Mumbai,COHORT004,0,103,78,28,12,10,314,1,3,3,18.14,16.17,0.0,0.0,0.0,0.2718,0.1165,0.0,6,0,11.03,10.17
EMP005,2026-02-03,33,Loan Officer,Mumbai,COHORT004,0,121,111,22,11,9,371,1,1,1,18.0,17.1,0.0,0.0,0.0,0.1818,0.0909,0.0,6,0,5.03,10.17
EMP005,2026-02-04,34,Loan Officer,Mumbai,COHORT004,0,103,86,16,14,15,294,1,1,1,17.86,17.73,9.76,0.0,0.0,0.1553,0.1359,0.0,6,0,-0.97,10.17
EMP005,2026-02-05,35,Loan Officer,Mumbai,COHORT004,0,141,85,17,11,10,325,1,1,1,17.43,17.63,3.57,0.0,0.0,0.1206,0.078,0.0,6,0,0.03,10.17
EMP005,2026-02-06,36,Loan Officer,Mumbai,COHORT004,0,132,77,21,18,13,329,1,1,1,16.0,17.33,0.0,0.0,0.0,0.1591,0.1364,0.0,6,0,4.03,10.17
EMP005,2026-02-07,37,Loan Officer,Mumbai,COHORT004,0,19,9,2,1,1,41,1,1,1,15.29,17.3,88.44,90.63,88.76,0.1053,0.0526,0.0,6,0,-14.97,10.17
EMP005,2026-02-08,38,Loan Officer,Mumbai,COHORT004,0,1,1,0,0,0,2,1,1,1,15.29,16.73,100.0,100.0,100.0,0.0,0.0,66.67,2,4,-16.97,10.17
EMP005,2026-02-09,39,Loan Officer,Mumbai,COHORT004,0,108,75,17,10,14,289,2,2,2,15.14,16.17,0.0,0.0,0.0,0.1574,0.0926,0.0,6,0,0.03,10.17
EMP005,2026-02-10,40,Loan Officer,Mumbai,COHORT004,0,127,94,24,9,8,331,1,1,1,13.57,16.57,0.0,10.89,5.88,0.189,0.0709,0.0,6,0,7.03,10.17
EMP005,2026-02-11,41,Loan Officer,Mumbai,COHORT004,0,142,90,27,19,11,363,1,1,1,13.86,17.37,0.0,0.0,0.0,0.1901,0.1338,0.0,6,0,10.03,10.17
EMP005,2026-02-12,42,Loan Officer,Mumbai,COHORT004,0,126,93,22,21,11,357,1,1,1,15.43,17.57,0.0,0.0,0.0,0.1746,0.1667,0.0,6,0,5.03,10.17
EMP005,2026-02-13,43,Loan Officer,Mumbai,COHORT004,0,104,115,20,23,13,324,1,1,1,16.14,17.47,0.0,0.0,0.0,0.1923,0.2212,0.0,6,0,3.03,10.17
EMP005,2026-02-14,44,Loan Officer,Mumbai,COHORT004,0,2,1,0,0,0,3,1,1,1,16.0,17.3,100.0,100.0,100.0,0.0,0.0,66.67,2,4,-16.97,10.17
EMP005,2026-02-15,45,Loan Officer,Mumbai,COHORT004,0,4,4,0,0,0,11,2,2,2,15.71,16.47,100.0,100.0,100.0,0.0,0.0,50.0,3,3,-16.97,10.17
EMP005,2026-02-16,46,Loan Officer,Mumbai,COHORT004,0,102,94,20,16,11,322,3,3,3,15.71,15.6,0.0,0.0,0.0,0.1961,0.1569,0.0,6,0,3.03,10.17
EMP005,2026-02-17,47,Loan Officer,Mumbai,COHORT004,0,129,71,21,15,16,322,1,1,1,16.14,16.2,0.0,0.0,0.0,0.1628,0.1163,0.0,6,0,4.03,10.17
EMP005,2026-02-18,48,Loan Officer,Mumbai,COHORT004,0,130,99,28,13,8,335,1,1,1,15.71,16.87,0.0,0.0,7.73,0.2154,0.1,0.0,6,0,11.03,10.17
EMP005,2026-02-19,49,Loan Officer,Mumbai,COHORT004,0,142,76,16,17,8,319,1,1,1,15.86,16.8,4.76,0.0,6.98,0.1127,0.1197,0.0,6,0,-0.97,10.17
EMP005,2026-02-20,50,Loan Officer,Mumbai,COHORT004,0,110,95,16,19,15,318,1,1,1,15.0,16.77,4.59,0.0,0.0,0.1455,0.1727,0.0,6,0,-0.97,10.17
EMP005,2026-02-21,51,Loan Officer,Mumbai,COHORT004,0,3,2,0,0,0,6,1,1,1,14.43,16.53,100.0,100.0,100.0,0.0,0.0,50.0,3,3,-16.97,10.17
EMP005,2026-02-22,52,Loan Officer,Mumbai,COHORT004,0,23,19,5,2,2,64,2,2,2,14.43,15.67,68.09,81.36,76.19,0.2174,0.087,0.0,6,0,-11.97,10.17
EMP005,2026-02-23,53,Loan Officer,Mumbai,COHORT004,0,122,80,19,12,8,305,1,1,1,15.14,15.13,0.0,0.0,0.0,0.1557,0.0984,0.0,6,0,2.03,10.17
EMP005,2026-02-24,54,Loan Officer,Mumbai,COHORT004,0,121,109,19,14,8,338,1,1,1,15.0,15.77,0.0,0.0,2.79,0.157,0.1157,0.0,6,0,2.03,10.17
EMP005,2026-02-25,55,Loan Officer,Mumbai,COHORT004,0,117,70,29,17,8,332,1,1,1,14.71,16.23,0.0,0.0,5.1,0.2479,0.1453,0.0,6,0,12.03,10.17
EMP005,2026-02-26,56,Loan Officer,Mumbai,COHORT004,0,120,106,20,12,10,354,1,1,1,14.86,16.23,0.0,0.0,0.0,0.1667,0.1,0.0,6,0,3.03,10.17
EMP005,2026-02-27,57,Loan Officer,Mumbai,COHORT004,0,95,78,28,12,10,295,1,1,1,15.43,16.13,0.0,0.0,0.0,0.2947,0.1263,0.0,6,0,11.03,10.17
EMP005,2026-02-28,58,Loan Officer,Mumbai,COHORT004,0,32,21,4,3,3,79,1,1,1,17.14,16.43,75.65,72.73,62.96,0.125,0.0938,0.0,6,0,-12.97,10.17
EMP005,2026-03-01,59,Loan Officer,Mumbai,COHORT004,0,3,2,0,0,0,7,1,1,1,17.71,15.67,100.0,100.0,100.0,0.0,0.0,50.0,3,3,-16.97,10.17
EMP005,2026-03-02,60,Loan Officer,Mumbai,COHORT004,0,121,99,19,18,15,364,2,2,2,17.0,14.8,0.0,0.0,0.0,0.157,0.1488,0.0,6,0,2.03,10.17
EMP005,2026-03-03,61,Loan Officer,Mumbai,COHORT004,0,138,71,15,17,11,320,1,1,1,17.0,15.37,2.41,0.0,0.0,0.1087,0.1232,0.0,6,0,-1.97,10.17
EMP005,2026-03-04,62,Loan Officer,Mumbai,COHORT004,0,150,91,15,20,9,350,1,1,1,16.43,15.83,5.24,0.0,0.0,0.1,0.1333,0.0,6,0,-1.97,10.17
EMP005,2026-03-05,63,Loan Officer,Mumbai,COHORT004,0,116,76,14,12,17,291,1,1,1,14.43,15.4,9.09,0.0,0.0,0.1207,0.1034,0.0,6,0,-2.97,10.17
EMP005,2026-03-06,64,Loan Officer,Mumbai,COHORT004,0,134,89,22,17,8,323,1,1,1,13.57,15.13,0.0,0.0,5.88,0.1642,0.1269,0.0,6,0,5.03,10.17
EMP005,2026-03-07,65,Loan Officer,Mumbai,COHORT004,0,22,20,5,3,1,70,1,1,1,12.71,15.33,67.38,74.14,87.91,0.2273,0.1364,0.0,6,0,-11.97,10.17
EMP005,2026-03-08,66,Loan Officer,Mumbai,COHORT004,0,9,8,2,1,0,26,1,1,1,12.86,14.93,86.6,91.17,100.0,0.2222,0.1111,16.67,5,1,-14.97,10.17
EMP005,2026-03-09,67,Loan Officer,Mumbai,COHORT004,0,138,85,26,10,13,332,1,1,2,13.14,14.3,0.0,7.15,0.0,0.1884,0.0725,0.0,6,0,9.03,10.17
EMP005,2026-03-10,68,Loan Officer,Mumbai,COHORT004,0,143,103,28,16,11,363,1,1,1,14.14,15.1,0.0,0.0,0.0,0.1958,0.1119,0.0,6,0,11.03,10.17
EMP005,2026-03-11,69,Loan Officer,Mumbai,COHORT004,0,112,94,17,15,12,317,1,1,1,16.0,16.03,0.0,0.0,0.0,0.1518,0.1339,0.0,6,0,0.03,10.17
EMP005,2026-03-12,70,Loan Officer,Mumbai,COHORT004,0,95,81,26,17,10,300,1,1,1,16.29,16.03,0.0,0.0,0.0,0.2737,0.1789,0.0,6,0,9.03,10.17
EMP005,2026-03-13,71,Loan Officer,Mumbai,COHORT004,0,134,118,26,15,13,394,1,1,1,18.0,16.1,0.0,0.0,0.0,0.194,0.1119,0.0,6,0,9.03,10.17
EMP005,2026-03-14,72,Loan Officer,Mumbai,COHORT004,0,17,13,4,3,1,49,1,1,1,18.57,16.07,75.11,74.79,88.05,0.2353,0.1765,0.0,6,0,-12.97,10.17
EMP005,2026-03-15,73,Loan Officer,Mumbai,COHORT004,0,11,9,2,2,1,32,1,1,1,18.43,15.47,87.07,82.3,87.55,0.1818,0.1818,0.0,6,0,-14.97,10.17
EMP005,2026-03-16,74,Loan Officer,Mumbai,COHORT004,0,149,109,29,17,12,366,1,1,1,18.43,14.87,0.0,0.0,0.0,0.1946,0.1141,0.0,6,0,12.03,10.17
EMP005,2026-03-17,75,Loan Officer,Mumbai,COHORT004,0,112,98,30,11,10,330,1,1,1,18.86,15.83,0.0,1.52,0.0,0.2679,0.0982,0.0,6,0,13.03,10.17
EMP005,2026-03-18,76,Loan Officer,Mumbai,COHORT004,0,119,70,19,15,12,326,1,1,1,19.14,16.83,0.0,0.0,0.0,0.1597,0.1261,0.0,6,0,2.03,10.17
EMP005,2026-03-19,77,Loan Officer,Mumbai,COHORT004,0,121,87,31,16,14,358,1,1,1,19.43,16.8,0.0,0.0,0.0,0.2562,0.1322,0.0,6,0,14.03,10.17
EMP005,2026-03-20,78,Loan Officer,Mumbai,COHORT004,0,119,83,30,11,9,312,1,1,1,20.14,17.13,0.0,4.6,0.0,0.2521,0.0924,0.0,6,0,13.03,10.17
EMP005,2026-03-21,79,Loan Officer,Mumbai,COHORT004,0,22,23,5,2,1,64,1,1,1,20.71,17.2,70.93,82.56,88.05,0.2273,0.0909,0.0,6,0,-11.97,10.17
EMP005,2026-03-22,80,Loan Officer,Mumbai,COHORT004,0,6,5,1,0,0,14,1,1,1,20.86,16.83,94.06,100.0,100.0,0.1667,0.0,33.33,4,2,-15.97,10.17
EMP005,2026-03-23,81,Loan Officer,Mumbai,COHORT004,0,117,103,25,16,14,363,1,2,2,20.71,16.33,0.0,0.0,0.0,0.2137,0.1368,0.0,6,0,8.03,10.17
EMP005,2026-03-24,82,Loan Officer,Mumbai,COHORT004,0,109,103,26,12,10,318,1,1,1,20.14,17.17,0.0,0.0,0.0,0.2385,0.1101,0.0,6,0,9.03,10.17
EMP005,2026-03-25,83,Loan Officer,Mumbai,COHORT004,0,124,84,21,20,14,332,1,1,1,19.57,17.87,0.0,0.0,0.0,0.1694,0.1613,0.0,6,0,4.03,10.17
EMP005,2026-03-26,84,Loan Officer,Mumbai,COHORT004,0,126,75,19,15,9,308,1,1,1,19.86,17.93,0.0,0.0,0.0,0.1508,0.119,0.0,6,0,2.03,10.17
EMP005,2026-03-27,85,Loan Officer,Mumbai,COHORT004,0,114,109,28,16,14,377,1,1,1,18.14,17.93,0.0,0.0,0.0,0.2456,0.1404,0.0,6,0,11.03,10.17
EMP005,2026-03-28,86,Loan Officer,Mumbai,COHORT004,0,9,8,2,0,1,25,1,1,1,17.86,17.9,88.83,100.0,88.64,0.2222,0.0,16.67,5,1,-14.97,10.17
EMP005,2026-03-29,87,Loan Officer,Mumbai,COHORT004,0,3,2,0,0,0,6,1,2,1,17.43,17.3,100.0,100.0,100.0,0.0,0.0,50.0,3,3,-16.97,10.17
EMP005,2026-03-30,88,Loan Officer,Mumbai,COHORT004,0,126,107,15,15,13,333,2,3,2,17.29,16.37,8.37,0.0,0.0,0.119,0.119,0.0,6,0,-1.97,10.17
EMP005,2026-03-31,89,Loan Officer,Mumbai,COHORT004,0,110,103,26,19,11,341,1,1,1,15.86,16.73,0.0,0.0,0.0,0.2364,0.1727,0.0,6,0,9.03,10.17
EMP006,2026-01-01,0,Loan Officer,Ahmedabad,COHORT005,0,167,117,17,14,13,379,1,1,1,0.0,0.0,0.0,0.0,0.0,0.1018,0.0838,0.0,6,0,0.36,10.08
EMP006,2026-01-02,1,Loan Officer,Ahmedabad,COHORT005,0,120,81,23,12,16,339,1,1,1,17.0,17.0,0.0,14.29,0.0,0.1917,0.1,0.0,6,0,6.36,10.08
EMP006,2026-01-03,2,Loan Officer,Ahmedabad,COHORT005,0,6,3,1,0,0,12,1,1,1,20.0,20.0,95.0,100.0,100.0,0.1667,0.0,33.33,4,2,-15.64,10.08
EMP006,2026-01-04,3,Loan Officer,Ahmedabad,COHORT005,0,20,18,3,1,2,52,1,2,2,13.67,13.67,78.05,88.47,79.32,0.15,0.05,0.0,6,0,-13.64,10.08
EMP006,2026-01-05,4,Loan Officer,Ahmedabad,COHORT005,0,130,91,32,15,9,336,1,1,1,11.0,11.0,0.0,0.0,0.0,0.2462,0.1154,0.0,6,0,15.36,10.08
EMP006,2026-01-06,5,Loan Officer,Ahmedabad,COHORT005,0,127,87,26,15,12,350,1,1,1,15.2,15.2,0.0,0.0,0.0,0.2047,0.1181,0.0,6,0,9.36,10.08
EMP006,2026-01-07,6,Loan Officer,Ahmedabad,COHORT005,0,119,98,23,20,13,351,1,1,1,17.0,17.0,0.0,0.0,0.0,0.1933,0.1681,0.0,6,0,6.36,10.08
EMP006,2026-01-08,7,Loan Officer,Ahmedabad,COHORT005,0,111,70,18,19,12,285,1,1,1,17.86,17.86,0.0,0.0,0.0,0.1622,0.1712,0.0,6,0,1.36,10.08
EMP006,2026-01-09,8,Loan Officer,Ahmedabad,COHORT005,0,116,76,21,18,9,298,1,1,1,18.0,17.88,0.0,0.0,6.44,0.181,0.1552,0.0,6,0,4.36,10.08
EMP006,2026-01-10,9,Loan Officer,Ahmedabad,COHORT005,0,3,2,0,0,0,6,1,1,1,17.71,18.22,100.0,100.0,100.0,0.0,0.0,50.0,3,3,-16.64,10.08
EMP006,2026-01-11,10,Loan Officer,Ahmedabad,COHORT005,0,27,18,3,2,3,68,2,2,2,17.57,16.4,81.71,82.46,65.12,0.1111,0.0741,0.0,6,0,-13.64,10.08
EMP006,2026-01-12,11,Loan Officer,Ahmedabad,COHORT005,0,117,84,19,12,9,322,1,1,1,17.57,15.18,0.0,0.0,0.0,0.1624,0.1026,0.0,6,0,2.36,10.08
EMP006,2026-01-13,12,Loan Officer,Ahmedabad,COHORT005,0,127,72,29,10,8,298,1,1,1,15.71,15.5,0.0,6.28,2.08,0.2283,0.0787,0.0,6,0,12.36,10.08
EMP006,2026-01-14,13,Loan Officer,Ahmedabad,COHORT005,0,99,87,29,15,9,308,1,1,1,16.14,16.54,0.0,0.0,0.0,0.2929,0.1515,0.0,6,0,12.36,10.08
EMP006,2026-01-15,14,Loan Officer,Ahmedabad,COHORT005,0,135,107,25,15,9,339,1,1,1,17.0,17.43,0.0,0.0,0.0,0.1852,0.1111,0.0,6,0,8.36,10.08
EMP006,2026-01-16,15,Loan Officer,Ahmedabad,COHORT005,0,99,72,20,10,11,291,1,1,1,18.0,17.93,0.0,10.71,0.0,0.202,0.101,0.0,6,0,3.36,10.08
EMP006,2026-01-17,16,Loan Officer,Ahmedabad,COHORT005,0,10,6,1,0,0,23,1,1,1,17.86,18.06,94.46,100.0,100.0,0.1,0.0,33.33,4,2,-15.64,10.08
EMP006,2026-01-18,17,Loan Officer,Ahmedabad,COHORT005,0,13,11,1,1,0,37,1,2,2,18.0,17.06,94.14,90.45,100.0,0.0769,0.0769,16.67,5,1,-15.64,10.08
EMP006,2026-01-19,18,Loan Officer,Ahmedabad,COHORT005,0,138,113,18,19,10,388,1,1,3,17.71,16.17,0.0,0.0,0.0,0.1304,0.1377,0.0,6,0,1.36,10.08
EMP006,2026-01-20,19,Loan Officer,Ahmedabad,COHORT005,0,125,101,16,11,8,313,1,1,1,17.57,16.26,1.6,0.0,0.0,0.128,0.088,0.0,6,0,-0.64,10.08
EMP006,2026-01-21,20,Loan Officer,Ahmedabad,COHORT005,0,114,67,23,11,13,288,1,1,1,15.71,16.25,0.0,0.0,0.0,0.2018,0.0965,0.0,6,0,6.36,10.08
EMP006,2026-01-22,21,Loan Officer,Ahmedabad,COHORT005,0,130,112,24,10,9,338,1,1,1,14.86,16.57,0.0,4.58,0.0,0.1846,0.0769,0.0,6,0,7.36,10.08
EMP006,2026-01-23,22,Loan Officer,Ahmedabad,COHORT005,0,123,98,16,13,15,352,1,1,1,14.71,16.91,5.38,0.0,0.0,0.1301,0.1057,0.0,6,0,-0.64,10.08
EMP006,2026-01-24,23,Loan Officer,Ahmedabad,COHORT005,0,20,13,4,3,2,55,1,1,1,14.14,16.87,76.29,71.62,75.79,0.2,0.15,0.0,6,0,-12.64,10.08
EMP006,2026-01-25,24,Loan Officer,Ahmedabad,COHORT005,0,20,17,2,3,1,56,1,1,1,14.57,16.33,87.75,70.73,87.5,0.1,0.15,0.0,6,0,-14.64,10.08
EMP006,2026-01-26,25,Loan Officer,Ahmedabad,COHORT005,0,144,91,18,18,12,331,1,1,1,14.71,15.76,0.0,0.0,0.0,0.125,0.125,0.0,6,0,1.36,10.08
EMP006,2026-01-27,26,Loan Officer,Ahmedabad,COHORT005,0,130,77,34,17,8,321,1,1,1,14.71,15.85,0.0,0.0,0.0,0.2615,0.1308,0.0,6,0,17.36,10.08
EMP006,2026-01-28,27,Loan Officer,Ahmedabad,COHORT005,0,99,92,32,10,10,305,1,1,1,17.29,16.52,0.0,4.94,0.0,0.3232,0.101,0.0,6,0,15.36,10.08
EMP006,2026-01-29,28,Loan Officer,Ahmedabad,COHORT005,0,112,71,24,16,14,296,1,1,1,18.57,17.07,0.0,0.0,0.0,0.2143,0.1429,0.0,6,0,7.36,10.08
EMP006,2026-01-30,29,Loan Officer,Ahmedabad,COHORT005,0,115,71,23,14,8,296,1,1,1,18.57,17.31,0.0,0.0,2.08,0.2,0.1217,0.0,6,0,6.36,10.08
EMP006,2026-01-31,30,Loan Officer,Ahmedabad,COHORT005,0,24,19,4,4,2,68,1,1,1,19.57,17.5,77.14,62.96,75.52,0.1667,0.1667,0.0,6,0,-12.64,10.08
EMP006,2026-02-01,31,Loan Officer,Ahmedabad,COHORT005,0,4,3,0,0,0,9,1,1,1,19.57,17.07,100.0,100.0,100.0,0.0,0.0,50.0,3,3,-16.64,10.08
EMP006,2026-02-02,32,Loan Officer,Ahmedabad,COHORT005,0,157,73,20,18,8,356,2,2,2,19.29,16.3,0.0,0.0,0.0,0.1274,0.1146,0.0,6,0,3.36,10.08
EMP006,2026-02-03,33,Loan Officer,Ahmedabad,COHORT005,0,127,85,18,20,8,324,1,1,1,19.57,16.93,0.0,0.0,0.0,0.1417,0.1575,0.0,6,0,1.36,10.08
EMP006,2026-02-04,34,Loan Officer,Ahmedabad,COHORT005,0,115,102,18,17,8,309,1,1,1,17.29,17.43,0.0,0.0,0.0,0.1565,0.1478,0.0,6,0,1.36,10.08
EMP006,2026-02-05,35,Loan Officer,Ahmedabad,COHORT005,0,131,87,30,20,8,340,1,1,1,15.29,16.97,0.0,0.0,0.0,0.229,0.1527,0.0,6,0,13.36,10.08
EMP006,2026-02-06,36,Loan Officer,Ahmedabad,COHORT005,0,124,95,27,22,14,344,1,1,1,16.14,17.1,0.0,0.0,0.0,0.2177,0.1774,0.0,6,0,10.36,10.08
EMP006,2026-02-07,37,Loan Officer,Ahmedabad,COHORT005,0,25,19,3,4,1,69,1,1,1,16.71,17.23,82.59,65.52,86.84,0.12,0.16,0.0,6,0,-13.64,10.08
EMP006,2026-02-08,38,Loan Officer,Ahmedabad,COHORT005,0,16,11,2,2,1,41,1,1,1,16.57,16.73,88.05,81.98,86.17,0.125,0.125,0.0,6,0,-14.64,10.08
EMP006,2026-02-09,39,Loan Officer,Ahmedabad,COHORT005,0,114,77,19,13,16,319,1,1,1,16.86,16.1,0.0,0.0,0.0,0.1667,0.114,0.0,6,0,2.36,10.08
EMP006,2026-02-10,40,Loan Officer,Ahmedabad,COHORT005,0,125,100,30,18,11,353,1,1,1,16.71,16.73,0.0,0.0,0.0,0.24,0.144,0.0,6,0,13.36,10.08
EMP006,2026-02-11,41,Loan Officer,Ahmedabad,COHORT005,0,115,67,17,16,9,290,1,1,1,18.43,17.63,3.57,0.0,0.0,0.1478,0.1391,0.0,6,0,0.36,10.08
EMP006,2026-02-12,42,Loan Officer,Ahmedabad,COHORT005,0,108,81,15,13,10,310,1,1,1,18.29,17.57,14.63,0.0,0.0,0.1389,0.1204,0.0,6,0,-1.64,10.08
EMP006,2026-02-13,43,Loan Officer,Ahmedabad,COHORT005,0,124,76,22,18,13,321,1,1,1,16.14,17.1,0.0,0.0,0.0,0.1774,0.1452,0.0,6,0,5.36,10.08
EMP006,2026-02-14,44,Loan Officer,Ahmedabad,COHORT005,0,17,17,3,2,2,54,1,1,1,15.43,16.87,82.22,83.15,74.91,0.1765,0.1176,0.0,6,0,-13.64,10.08
EMP006,2026-02-15,45,Loan Officer,Ahmedabad,COHORT005,0,10,8,1,1,1,27,1,1,1,15.43,16.13,93.8,91.25,87.06,0.1,0.1,0.0,6,0,-15.64,10.08
EMP006,2026-02-16,46,Loan Officer,Ahmedabad,COHORT005,0,110,92,20,13,13,337,1,1,1,15.29,15.5,0.0,0.0,0.0,0.1818,0.1182,0.0,6,0,3.36,10.08
EMP006,2026-02-17,47,Loan Officer,Ahmedabad,COHORT005,0,128,85,31,17,11,352,1,1,1,15.43,16.13,0.0,0.0,0.0,0.2422,0.1328,0.0,6,0,14.36,10.08
EMP006,2026-02-18,48,Loan Officer,Ahmedabad,COHORT005,0,123,102,23,18,14,349,1,1,1,15.57,17.13,0.0,0.0,0.0,0.187,0.1463,0.0,6,0,6.36,10.08
EMP006,2026-02-19,49,Loan Officer,Ahmedabad,COHORT005,0,116,64,15,16,13,281,1,1,1,16.43,17.3,13.29,0.0,0.0,0.1293,0.1379,0.0,6,0,-1.64,10.08
EMP006,2026-02-20,50,Loan Officer,Ahmedabad,COHORT005,0,100,89,23,14,15,317,1,1,1,16.43,17.27,0.0,0.0,0.0,0.23,0.14,0.0,6,0,6.36,10.08
EMP006,2026-02-21,51,Loan Officer,Ahmedabad,COHORT005,0,19,16,2,3,2,53,1,1,1,16.57,17.27,88.42,75.67,76.66,0.1053,0.1579,0.0,6,0,-14.64,10.08
EMP006,2026-02-22,52,Loan Officer,Ahmedabad,COHORT005,0,12,8,2,1,1,31,1,1,1,16.43,16.53,87.9,91.74,88.0,0.1667,0.0833,0.0,6,0,-14.64,10.08
EMP006,2026-02-23,53,Loan Officer,Ahmedabad,COHORT005,0,134,81,27,12,14,328,1,1,1,16.57,16.07,0.0,0.0,0.0,0.2015,0.0896,0.0,6,0,10.36,10.08
EMP006,2026-02-24,54,Loan Officer,Ahmedabad,COHORT005,0,116,87,20,13,16,331,1,1,1,17.57,16.83,0.0,0.0,0.0,0.1724,0.1121,0.0,6,0,3.36,10.08
EMP006,2026-02-25,55,Loan Officer,Ahmedabad,COHORT005,0,105,101,22,10,12,310,1,1,1,16.0,17.43,0.0,18.9,0.0,0.2095,0.0952,0.0,6,0,5.36,10.08
EMP006,2026-02-26,56,Loan Officer,Ahmedabad,COHORT005,0,146,82,25,10,9,353,1,1,1,15.86,17.57,0.0,17.15,0.0,0.1712,0.0685,0.0,6,0,8.36,10.08
EMP006,2026-02-27,57,Loan Officer,Ahmedabad,COHORT005,0,138,95,28,11,8,362,1,1,1,17.29,17.27,0.0,7.02,9.09,0.2029,0.0797,0.0,6,0,11.36,10.08
EMP006,2026-02-28,58,Loan Officer,Ahmedabad,COHORT005,0,22,20,5,2,1,62,1,1,1,18.0,17.13,70.81,83.15,88.55,0.2273,0.0909,0.0,6,0,-11.64,10.08
EMP006,2026-03-01,59,Loan Officer,Ahmedabad,COHORT005,0,9,5,1,1,0,22,1,1,1,18.43,16.5,93.94,91.23,100.0,0.1111,0.1111,16.67,5,1,-15.64,10.08
EMP006,2026-03-02,60,Loan Officer,Ahmedabad,COHORT005,0,112,68,14,12,15,295,1,1,2,18.29,15.77,11.22,0.0,0.0,0.125,0.1071,0.0,6,0,-2.64,10.08
EMP006,2026-03-03,61,Loan Officer,Ahmedabad,COHORT005,0,115,87,21,16,9,313,1,1,1,16.43,16.1,0.0,0.0,0.0,0.1826,0.1391,0.0,6,0,4.36,10.08
EMP006,2026-03-04,62,Loan Officer,Ahmedabad,COHORT005,0,123,78,26,12,12,299,1,1,1,16.57,16.8,0.0,0.0,0.0,0.2114,0.0976,0.0,6,0,9.36,10.08
EMP006,2026-03-05,63,Loan Officer,Ahmedabad,COHORT005,0,111,76,23,14,9,302,1,1,1,17.14,17.0,0.0,0.0,0.0,0.2072,0.1261,0.0,6,0,6.36,10.08
EMP006,2026-03-06,64,Loan Officer,Ahmedabad,COHORT005,0,121,65,14,14,8,274,1,1,1,16.86,17.17,18.46,0.0,10.41,0.1157,0.1157,0.0,6,0,-2.64,10.08
EMP006,2026-03-07,65,Loan Officer,Ahmedabad,COHORT005,0,14,8,2,2,1,33,1,1,1,14.86,17.03,88.26,82.25,88.8,0.1429,0.1429,0.0,6,0,-14.64,10.08
EMP006,2026-03-08,66,Loan Officer,Ahmedabad,COHORT005,0,0,0,0,0,0,0,1,1,1,14.43,16.1,100.0,100.0,100.0,0.0,0.0,100.0,0,6,-16.64,10.08
EMP006,2026-03-09,67,Loan Officer,Ahmedabad,COHORT005,0,134,92,17,14,14,335,2,2,2,14.29,15.2,0.0,0.0,0.0,0.1269,0.1045,0.0,6,0,0.36,10.08
EMP006,2026-03-10,68,Loan Officer,Ahmedabad,COHORT005,0,121,73,23,12,13,309,1,1,1,14.71,15.67,0.0,0.0,0.0,0.1901,0.0992,0.0,6,0,6.36,10.08
EMP006,2026-03-11,69,Loan Officer,Ahmedabad,COHORT005,0,97,103,15,11,12,309,1,1,1,15.0,16.37,8.37,0.0,0.0,0.1546,0.1134,0.0,6,0,-1.64,10.08
EMP006,2026-03-12,70,Loan Officer,Ahmedabad,COHORT005,0,122,95,28,14,14,333,1,1,1,13.43,16.23,0.0,0.0,0.0,0.2295,0.1148,0.0,6,0,11.36,10.08
EMP006,2026-03-13,71,Loan Officer,Ahmedabad,COHORT005,0,138,127,18,11,9,355,1,1,1,14.14,16.17,0.0,0.0,0.33,0.1304,0.0797,0.0,6,0,1.36,10.08
EMP006,2026-03-14,72,Loan Officer,Ahmedabad,COHORT005,0,24,18,2,2,2,57,1,1,1,14.71,16.2,87.65,80.45,77.85,0.0833,0.0833,0.0,6,0,-14.64,10.08
EMP006,2026-03-15,73,Loan Officer,Ahmedabad,COHORT005,0,23,16,5,3,2,61,1,1,1,14.71,15.77,68.29,69.6,77.19,0.2174,0.1304,0.0,6,0,-11.64,10.08
EMP006,2026-03-16,74,Loan Officer,Ahmedabad,COHORT005,0,113,89,16,11,10,330,1,1,1,15.43,15.2,0.0,0.0,0.0,0.1416,0.0973,0.0,6,0,-0.64,10.08
EMP006,2026-03-17,75,Loan Officer,Ahmedabad,COHORT005,0,118,86,28,17,16,346,1,1,1,15.29,15.63,0.0,0.0,0.0,0.2373,0.1441,0.0,6,0,11.36,10.08
EMP006,2026-03-18,76,Loan Officer,Ahmedabad,COHORT005,0,132,111,28,11,14,391,1,1,1,16.0,16.53,0.0,0.0,0.0,0.2121,0.0833,0.0,6,0,11.36,10.08
EMP006,2026-03-19,77,Loan Officer,Ahmedabad,COHORT005,0,126,105,28,12,9,351,1,1,1,17.86,16.8,0.0,0.0,2.17,0.2222,0.0952,0.0,6,0,11.36,10.08
EMP006,2026-03-20,78,Loan Officer,Ahmedabad,COHORT005,0,129,94,20,19,14,354,1,1,1,17.86,16.7,0.0,0.0,0.0,0.155,0.1473,0.0,6,0,3.36,10.08
EMP006,2026-03-21,79,Loan Officer,Ahmedabad,COHORT005,0,18,10,4,2,1,42,1,1,1,18.14,16.6,75.9,80.0,89.05,0.2222,0.1111,0.0,6,0,-12.64,10.08
EMP006,2026-03-22,80,Loan Officer,Ahmedabad,COHORT005,0,11,9,2,1,1,28,1,1,1,18.43,16.23,87.68,89.51,88.55,0.1818,0.0909,0.0,6,0,-14.64,10.08
EMP006,2026-03-23,81,Loan Officer,Ahmedabad,COHORT005,0,107,91,29,15,8,294,1,1,1,18.0,15.53,0.0,0.0,3.26,0.271,0.1402,0.0,6,0,12.36,10.08
EMP006,2026-03-24,82,Loan Officer,Ahmedabad,COHORT005,0,114,111,21,13,13,328,1,1,1,19.86,16.43,0.0,0.0,0.0,0.1842,0.114,0.0,6,0,4.36,10.08
EMP006,2026-03-25,83,Loan Officer,Ahmedabad,COHORT005,0,104,93,17,18,12,297,1,1,1,18.86,17.07,0.41,0.0,0.0,0.1635,0.1731,0.0,6,0,0.36,10.08
EMP006,2026-03-26,84,Loan Officer,Ahmedabad,COHORT005,0,130,77,17,19,11,346,1,1,1,17.29,16.73,0.0,0.0,0.0,0.1308,0.1462,0.0,6,0,0.36,10.08
EMP006,2026-03-27,85,Loan Officer,Ahmedabad,COHORT005,0,126,80,23,13,15,341,1,1,1,15.71,16.63,0.0,0.0,0.0,0.1825,0.1032,0.0,6,0,6.36,10.08
EMP006,2026-03-28,86,Loan Officer,Ahmedabad,COHORT005,0,22,17,4,2,2,56,1,1,1,16.14,16.67,76.0,80.77,77.09,0.1818,0.0909,0.0,6,0,-12.64,10.08
EMP006,2026-03-29,87,Loan Officer,Ahmedabad,COHORT005,0,34,23,6,3,2,81,1,1,1,16.14,15.97,62.43,70.38,76.47,0.1765,0.0882,0.0,6,0,-10.64,10.08
EMP006,2026-03-30,88,Loan Officer,Ahmedabad,COHORT005,0,143,94,29,13,11,350,1,1,1,16.71,15.23,0.0,0.0,0.0,0.2028,0.0909,0.0,6,0,12.36,10.08
EMP006,2026-03-31,89,Loan Officer,Ahmedabad,COHORT005,0,108,99,20,14,12,329,1,1,1,16.71,16.03,0.0,0.0,0.0,0.1852,0.1296,0.0,6,0,3.36,10.08
EMP007,2026-01-01,0,Loan Officer,Mumbai,COHORT006,0,144,115,26,19,14,377,1,1,1,0.0,0.0,0.0,0.0,0.0,0.1806,0.1319,0.0,6,0,9.33,10.22
EMP007,2026-01-02,1,Loan Officer,Mumbai,COHORT006,0,114,82,19,18,11,302,1,1,1,26.0,26.0,26.92,5.26,21.43,0.1667,0.1579,0.0,6,0,2.33,10.22
EMP007,2026-01-03,2,Loan Officer,Mumbai,COHORT006,0,13,11,2,1,1,37,1,1,1,22.5,22.5,91.11,94.59,92.0,0.1538,0.0769,0.0,6,0,-14.67,10.22
EMP007,2026-01-04,3,Loan Officer,Mumbai,COHORT006,0,26,19,4,3,2,71,1,1,1,15.67,15.67,74.47,76.32,76.93,0.1538,0.1154,0.0,6,0,-12.67,10.22
EMP007,2026-01-05,4,Loan Officer,Mumbai,COHORT006,0,132,81,13,22,8,334,1,1,1,12.75,12.75,0.0,0.0,0.0,0.0985,0.1667,0.0,6,0,-3.67,10.22
EMP007,2026-01-06,5,Loan Officer,Mumbai,COHORT006,0,115,118,21,15,15,364,1,1,1,12.8,12.8,0.0,0.0,0.0,0.1826,0.1304,0.0,6,0,4.33,10.22
EMP007,2026-01-07,6,Loan Officer,Mumbai,COHORT006,0,110,100,33,19,15,348,1,1,1,14.17,14.17,0.0,0.0,0.0,0.3,0.1727,0.0,6,0,16.33,10.22
EMP007,2026-01-08,7,Loan Officer,Mumbai,COHORT006,0,102,104,21,17,9,332,1,1,1,16.86,16.86,0.0,0.0,4.56,0.2059,0.1667,0.0,6,0,4.33,10.22
EMP007,2026-01-09,8,Loan Officer,Mumbai,COHORT006,0,108,108,14,10,15,340,1,1,1,16.14,17.38,19.45,29.82,0.0,0.1296,0.0926,0.0,6,0,-2.67,10.22
EMP007,2026-01-10,9,Loan Officer,Mumbai,COHORT006,0,22,17,4,3,1,60,1,1,1,15.43,17.0,76.47,78.23,90.0,0.1818,0.1364,0.0,6,0,-12.67,10.22
EMP007,2026-01-11,10,Loan Officer,Mumbai,COHORT006,0,27,19,5,2,2,67,1,1,1,15.71,15.7,68.15,84.25,78.02,0.1852,0.0741,0.0,6,0,-11.67,10.22
EMP007,2026-01-12,11,Loan Officer,Mumbai,COHORT006,0,142,92,22,11,10,342,1,1,1,15.86,14.73,0.0,6.22,0.0,0.1549,0.0775,0.0,6,0,5.33,10.22
EMP007,2026-01-13,12,Loan Officer,Mumbai,COHORT006,0,96,90,18,10,14,290,1,1,1,17.14,15.33,0.0,14.31,0.0,0.1875,0.1042,0.0,6,0,1.33,10.22
EMP007,2026-01-14,13,Loan Officer,Mumbai,COHORT006,0,143,89,20,17,11,346,1,1,1,16.71,15.54,0.0,0.0,0.0,0.1399,0.1189,0.0,6,0,3.33,10.22
EMP007,2026-01-15,14,Loan Officer,Mumbai,COHORT006,0,105,82,30,12,16,296,1,1,1,14.86,15.86,0.0,0.0,0.0,0.2857,0.1143,0.0,6,0,13.33,10.22
EMP007,2026-01-16,15,Loan Officer,Mumbai,COHORT006,0,109,90,25,19,8,323,1,1,1,16.14,16.8,0.0,0.0,16.67,0.2294,0.1743,0.0,6,0,8.33,10.22
EMP007,2026-01-17,16,Loan Officer,Mumbai,COHORT006,0,1,1,0,0,0,3,1,1,1,17.71,17.31,100.0,100.0,100.0,0.0,0.0,50.0,3,3,-16.67,10.22
EMP007,2026-01-18,17,Loan Officer,Mumbai,COHORT006,0,19,17,4,2,2,54,2,2,2,17.14,16.29,75.45,82.83,77.63,0.2105,0.1053,0.0,6,0,-12.67,10.22
EMP007,2026-01-19,18,Loan Officer,Mumbai,COHORT006,0,109,83,24,16,13,334,1,1,1,17.0,15.61,0.0,0.0,0.0,0.2202,0.1468,0.0,6,0,7.33,10.22
EMP007,2026-01-20,19,Loan Officer,Mumbai,COHORT006,0,125,104,28,10,10,358,1,1,1,17.29,16.05,0.0,12.05,0.0,0.224,0.08,0.0,6,0,11.33,10.22
EMP007,2026-01-21,20,Loan Officer,Mumbai,COHORT006,0,98,99,33,8,16,340,1,1,1,18.71,16.65,0.0,29.2,0.0,0.3367,0.0816,0.0,6,0,16.33,10.22
EMP007,2026-01-22,21,Loan Officer,Mumbai,COHORT006,0,110,79,25,12,11,293,1,1,1,20.57,17.43,0.0,0.0,0.0,0.2273,0.1091,0.0,6,0,8.33,10.22
EMP007,2026-01-23,22,Loan Officer,Mumbai,COHORT006,0,147,100,28,11,9,340,1,1,1,19.86,17.77,0.0,1.61,2.91,0.1905,0.0748,0.0,6,0,11.33,10.22
EMP007,2026-01-24,23,Loan Officer,Mumbai,COHORT006,0,21,20,4,3,3,65,1,1,1,20.29,18.22,78.05,73.14,67.6,0.1905,0.1429,0.0,6,0,-12.67,10.22
EMP007,2026-01-25,24,Loan Officer,Mumbai,COHORT006,0,13,8,2,1,1,35,1,1,1,20.86,17.62,88.65,90.77,88.89,0.1538,0.0769,0.0,6,0,-14.67,10.22
EMP007,2026-01-26,25,Loan Officer,Mumbai,COHORT006,0,124,92,21,15,9,344,1,1,1,20.57,17.0,0.0,0.0,0.0,0.1694,0.121,0.0,6,0,4.33,10.22
EMP007,2026-01-27,26,Loan Officer,Mumbai,COHORT006,0,103,92,16,11,13,295,1,1,1,20.14,17.15,6.71,0.0,0.0,0.1553,0.1068,0.0,6,0,-0.67,10.22
EMP007,2026-01-28,27,Loan Officer,Mumbai,COHORT006,0,149,101,29,17,9,389,1,1,1,18.43,17.11,0.0,0.0,0.0,0.1946,0.1141,0.0,6,0,12.33,10.22
EMP007,2026-01-29,28,Loan Officer,Mumbai,COHORT006,0,132,88,25,17,9,360,1,1,1,17.86,17.54,0.0,0.0,0.0,0.1894,0.1288,0.0,6,0,8.33,10.22
EMP007,2026-01-30,29,Loan Officer,Mumbai,COHORT006,0,117,74,30,14,12,313,1,1,1,17.86,17.79,0.0,0.0,0.0,0.2564,0.1197,0.0,6,0,13.33,10.22
EMP007,2026-01-31,30,Loan Officer,Mumbai,COHORT006,0,25,22,5,3,2,69,1,1,1,18.14,18.2,72.53,73.14,77.7,0.2,0.12,0.0,6,0,-11.67,10.22
EMP007,2026-02-01,31,Loan Officer,Mumbai,COHORT006,0,13,7,2,0,1,30,1,1,1,18.29,17.5,88.57,100.0,88.33,0.1538,0.0,16.67,5,1,-14.67,10.22
EMP007,2026-02-02,32,Loan Officer,Mumbai,COHORT006,0,111,94,19,13,13,341,1,2,1,18.29,16.93,0.0,0.0,0.0,0.1712,0.1171,0.0,6,0,2.33,10.22
EMP007,2026-02-03,33,Loan Officer,Mumbai,COHORT006,0,105,95,29,18,13,323,1,1,1,18.0,17.5,0.0,0.0,0.0,0.2762,0.1714,0.0,6,0,12.33,10.22
EMP007,2026-02-04,34,Loan Officer,Mumbai,COHORT006,0,101,80,19,10,12,297,1,1,1,19.86,18.33,0.0,8.51,0.0,0.1881,0.099,0.0,6,0,2.33,10.22
EMP007,2026-02-05,35,Loan Officer,Mumbai,COHORT006,0,103,94,19,11,16,326,1,1,1,18.43,18.53,0.0,0.0,0.0,0.1845,0.1068,0.0,6,0,2.33,10.22
EMP007,2026-02-06,36,Loan Officer,Mumbai,COHORT006,0,133,79,29,19,14,358,1,1,1,17.57,18.47,0.0,0.0,0.0,0.218,0.1429,0.0,6,0,12.33,10.22
EMP007,2026-02-07,37,Loan Officer,Mumbai,COHORT006,0,1,1,0,0,0,3,1,1,1,17.43,18.33,100.0,100.0,100.0,0.0,0.0,50.0,3,3,-16.67,10.22
EMP007,2026-02-08,38,Loan Officer,Mumbai,COHORT006,0,5,5,1,1,0,17,2,2,2,16.71,17.63,94.33,89.83,100.0,0.2,0.2,16.67,5,1,-15.67,10.22
EMP007,2026-02-09,39,Loan Officer,Mumbai,COHORT006,0,128,87,22,20,15,329,1,1,3,16.57,17.2,0.0,0.0,0.0,0.1719,0.1562,0.0,6,0,5.33,10.22
EMP007,2026-02-10,40,Loan Officer,Mumbai,COHORT006,0,118,86,24,17,10,335,1,1,1,17.0,17.8,0.0,0.0,0.0,0.2034,0.1441,0.0,6,0,7.33,10.22
EMP007,2026-02-11,41,Loan Officer,Mumbai,COHORT006,0,117,97,31,11,13,328,1,1,1,16.29,18.43,0.0,0.0,0.0,0.265,0.094,0.0,6,0,14.33,10.22
EMP007,2026-02-12,42,Loan Officer,Mumbai,COHORT006,0,120,78,19,12,7,311,1,1,1,18.0,18.73,0.0,0.0,23.66,0.1583,0.1,0.0,6,0,2.33,10.22
EMP007,2026-02-13,43,Loan Officer,Mumbai,COHORT006,0,102,86,25,15,11,292,1,1,1,18.0,18.77,0.0,0.0,0.0,0.2451,0.1471,0.0,6,0,8.33,10.22
EMP007,2026-02-14,44,Loan Officer,Mumbai,COHORT006,0,28,16,3,2,2,69,1,1,1,17.43,18.93,84.15,81.13,77.6,0.1071,0.0714,0.0,6,0,-13.67,10.22
EMP007,2026-02-15,45,Loan Officer,Mumbai,COHORT006,0,20,15,4,3,1,56,1,1,1,17.86,18.03,77.81,70.79,88.19,0.2,0.15,0.0,6,0,-12.67,10.22
EMP007,2026-02-16,46,Loan Officer,Mumbai,COHORT006,0,105,74,27,10,14,289,1,1,1,18.29,17.33,0.0,0.0,0.0,0.2571,0.0952,0.0,6,0,10.33,10.22
EMP007,2026-02-17,47,Loan Officer,Mumbai,COHORT006,0,115,93,20,18,14,331,1,1,1,19.0,18.23,0.0,0.0,0.0,0.1739,0.1565,0.0,6,0,3.33,10.22
EMP007,2026-02-18,48,Loan Officer,Mumbai,COHORT006,0,144,95,15,18,13,363,1,1,1,18.43,18.77,20.09,0.0,0.0,0.1042,0.125,0.0,6,0,-1.67,10.22
EMP007,2026-02-19,49,Loan Officer,Mumbai,COHORT006,0,130,73,17,21,12,328,1,1,1,16.14,18.47,7.96,0.0,0.0,0.1308,0.1615,0.0,6,0,0.33,10.22
EMP007,2026-02-20,50,Loan Officer,Mumbai,COHORT006,0,114,112,25,10,9,339,1,1,1,15.86,18.1,0.0,9.34,1.85,0.2193,0.0877,0.0,6,0,8.33,10.22
EMP007,2026-02-21,51,Loan Officer,Mumbai,COHORT006,0,20,16,4,2,2,58,1,1,1,15.86,17.83,77.57,81.98,77.6,0.2,0.1,0.0,6,0,-12.67,10.22
EMP007,2026-02-22,52,Loan Officer,Mumbai,COHORT006,0,9,7,2,1,1,25,1,1,1,16.0,17.13,88.32,90.71,88.41,0.2222,0.1111,0.0,6,0,-14.67,10.22
EMP007,2026-02-23,53,Loan Officer,Mumbai,COHORT006,0,118,92,26,14,8,341,1,1,1,15.71,16.27,0.0,0.0,4.42,0.2203,0.1186,0.0,6,0,9.33,10.22
EMP007,2026-02-24,54,Loan Officer,Mumbai,COHORT006,0,97,72,23,15,11,295,1,1,1,15.57,17.0,0.0,0.0,0.0,0.2371,0.1546,0.0,6,0,6.33,10.22
EMP007,2026-02-25,55,Loan Officer,Mumbai,COHORT006,0,117,90,25,18,15,338,1,1,1,16.0,17.7,0.0,0.0,0.0,0.2137,0.1538,0.0,6,0,8.33,10.22
EMP007,2026-02-26,56,Loan Officer,Mumbai,COHORT006,0,112,81,27,17,12,329,1,1,1,17.43,17.83,0.0,0.0,0.0,0.2411,0.1518,0.0,6,0,10.33,10.22
EMP007,2026-02-27,57,Loan Officer,Mumbai,COHORT006,0,126,98,19,11,15,350,1,1,1,18.86,18.2,0.0,4.93,0.0,0.1508,0.0873,0.0,6,0,2.33,10.22
EMP007,2026-02-28,58,Loan Officer,Mumbai,COHORT006,0,4,2,0,0,0,8,1,1,1,18.0,17.87,100.0,100.0,100.0,0.0,0.0,50.0,3,3,-16.67,10.22
EMP007,2026-03-01,59,Loan Officer,Mumbai,COHORT006,0,11,8,2,0,1,28,2,2,2,17.43,17.03,88.26,100.0,88.8,0.1818,0.0,16.67,5,1,-14.67,10.22
EMP007,2026-03-02,60,Loan Officer,Mumbai,COHORT006,0,109,86,16,11,8,296,1,3,1,17.43,16.1,0.62,0.0,6.65,0.1468,0.1009,0.0,6,0,-0.67,10.22
EMP007,2026-03-03,61,Loan Officer,Mumbai,COHORT006,0,118,98,18,11,15,332,1,1,1,16.0,16.47,0.0,0.0,0.0,0.1525,0.0932,0.0,6,0,1.33,10.22
EMP007,2026-03-04,62,Loan Officer,Mumbai,COHORT006,0,137,82,21,16,15,357,1,1,1,15.29,17.0,0.0,0.0,0.0,0.1533,0.1168,0.0,6,0,4.33,10.22
EMP007,2026-03-05,63,Loan Officer,Mumbai,COHORT006,0,106,62,22,17,9,294,1,1,1,14.71,17.07,0.0,0.0,3.23,0.2075,0.1604,0.0,6,0,5.33,10.22
EMP007,2026-03-06,64,Loan Officer,Mumbai,COHORT006,0,122,71,15,11,8,302,1,1,1,14.0,16.83,10.87,0.27,12.76,0.123,0.0902,0.0,6,0,-1.67,10.22
EMP007,2026-03-07,65,Loan Officer,Mumbai,COHORT006,0,7,8,1,1,0,22,1,1,1,13.43,16.7,94.01,90.97,100.0,0.1429,0.1429,16.67,5,1,-15.67,10.22
EMP007,2026-03-08,66,Loan Officer,Mumbai,COHORT006,0,8,8,1,1,1,25,1,1,2,13.57,16.1,93.79,90.68,88.24,0.125,0.125,0.0,6,0,-15.67,10.22
EMP007,2026-03-09,67,Loan Officer,Mumbai,COHORT006,0,116,93,15,10,10,295,1,1,1,13.43,15.17,1.12,1.28,0.0,0.1293,0.0862,0.0,6,0,-1.67,10.22
EMP007,2026-03-10,68,Loan Officer,Mumbai,COHORT006,0,132,75,24,16,9,311,1,1,1,13.29,15.67,0.0,0.0,0.0,0.1818,0.1212,0.0,6,0,7.33,10.22
EMP007,2026-03-11,69,Loan Officer,Mumbai,COHORT006,0,126,99,22,10,10,317,1,1,1,14.14,16.43,0.0,8.84,0.0,0.1746,0.0794,0.0,6,0,5.33,10.22
EMP007,2026-03-12,70,Loan Officer,Mumbai,COHORT006,0,116,69,21,11,12,293,1,1,1,14.29,16.43,0.0,0.0,0.0,0.181,0.0948,0.0,6,0,4.33,10.22
EMP007,2026-03-13,71,Loan Officer,Mumbai,COHORT006,0,160,99,24,20,15,407,1,1,1,14.14,16.33,0.0,0.0,0.0,0.15,0.125,0.0,6,0,7.33,10.22
EMP007,2026-03-14,72,Loan Officer,Mumbai,COHORT006,0,8,5,1,0,0,20,1,1,1,15.43,16.1,93.79,100.0,100.0,0.125,0.0,33.33,4,2,-15.67,10.22
EMP007,2026-03-15,73,Loan Officer,Mumbai,COHORT006,0,9,6,1,1,1,23,1,2,2,15.43,15.5,93.55,90.32,88.14,0.1111,0.1111,0.0,6,0,-15.67,10.22
EMP007,2026-03-16,74,Loan Officer,Mumbai,COHORT006,0,117,111,15,12,15,327,1,1,1,15.43,14.7,0.0,0.0,0.0,0.1282,0.1026,0.0,6,0,-1.67,10.22
EMP007,2026-03-17,75,Loan Officer,Mumbai,COHORT006,0,109,90,25,20,9,346,1,1,1,15.43,15.1,0.0,0.0,0.0,0.2294,0.1835,0.0,6,0,8.33,10.22
EMP007,2026-03-18,76,Loan Officer,Mumbai,COHORT006,0,153,100,29,16,8,358,1,1,1,15.57,15.8,0.0,0.0,9.09,0.1895,0.1046,0.0,6,0,12.33,10.22
EMP007,2026-03-19,77,Loan Officer,Mumbai,COHORT006,0,88,102,23,21,9,293,1,1,1,16.57,15.87,0.0,0.0,0.0,0.2614,0.2386,0.0,6,0,6.33,10.22
EMP007,2026-03-20,78,Loan Officer,Mumbai,COHORT006,0,125,76,16,13,11,318,1,1,1,16.86,15.97,0.0,0.0,0.0,0.128,0.104,0.0,6,0,-0.67,10.22
EMP007,2026-03-21,79,Loan Officer,Mumbai,COHORT006,0,0,0,0,0,0,0,1,1,1,15.71,16.0,100.0,100.0,100.0,0.0,0.0,100.0,0,6,-16.67,10.22
EMP007,2026-03-22,80,Loan Officer,Mumbai,COHORT006,0,9,4,1,1,0,19,2,2,2,15.57,15.43,93.52,90.2,100.0,0.1111,0.1111,16.67,5,1,-15.67,10.22
EMP007,2026-03-23,81,Loan Officer,Mumbai,COHORT006,0,107,91,32,15,11,327,1,1,3,15.57,14.63,0.0,0.0,0.0,0.2991,0.1402,0.0,6,0,15.33,10.22
EMP007,2026-03-24,82,Loan Officer,Mumbai,COHORT006,0,102,106,17,20,9,327,1,1,1,18.0,15.57,0.0,0.0,0.0,0.1667,0.1961,0.0,6,0,0.33,10.22
EMP007,2026-03-25,83,Loan Officer,Mumbai,COHORT006,0,148,79,18,9,13,327,1,1,1,16.86,16.07,0.0,17.96,0.0,0.1216,0.0608,0.0,6,0,1.33,10.22
EMP007,2026-03-26,84,Loan Officer,Mumbai,COHORT006,0,116,99,21,11,9,311,1,1,1,15.29,15.8,0.0,0.0,0.0,0.181,0.0948,0.0,6,0,4.33,10.22
EMP007,2026-03-27,85,Loan Officer,Mumbai,COHORT006,0,135,73,18,13,8,293,1,1,1,15.0,15.73,0.0,0.0,3.96,0.1333,0.0963,0.0,6,0,1.33,10.22
EMP007,2026-03-28,86,Loan Officer,Mumbai,COHORT006,0,10,5,2,0,0,24,1,1,1,15.29,15.5,87.1,100.0,100.0,0.2,0.0,33.33,4,2,-14.67,10.22
EMP007,2026-03-29,87,Loan Officer,Mumbai,COHORT006,0,15,10,1,1,1,33,1,2,2,15.57,14.67,93.18,89.93,87.01,0.0667,0.0667,0.0,6,0,-15.67,10.22
EMP007,2026-03-30,88,Loan Officer,Mumbai,COHORT006,0,119,108,23,14,15,343,1,1,1,15.57,14.07,0.0,0.0,0.0,0.1933,0.1176,0.0,6,0,6.33,10.22
EMP007,2026-03-31,89,Loan Officer,Mumbai,COHORT006,0,111,83,28,13,10,302,1,1,1,14.29,14.83,0.0,0.0,0.0,0.2523,0.1171,0.0,6,0,11.33,10.22
EMP008,2026-01-01,0,Loan Officer,Mumbai,COHORT007,0,98,89,19,10,9,304,1,1,1,0.0,0.0,0.0,0.0,0.0,0.1939,0.102,0.0,6,0,2.46,10.15
EMP008,2026-01-02,1,Loan Officer,Mumbai,COHORT007,0,112,130,28,17,13,362,1,1,1,19.0,19.0,0.0,0.0,0.0,0.25,0.1518,0.0,6,0,11.46,10.15
EMP008,2026-01-03,2,Loan Officer,Mumbai,COHORT007,0,19,11,3,2,2,49,1,1,1,23.5,23.5,87.23,85.19,81.82,0.1579,0.1053,0.0,6,0,-13.54,10.15
EMP008,2026-01-04,3,Loan Officer,Mumbai,COHORT007,0,22,16,2,2,1,54,1,1,1,16.67,16.67,88.0,79.32,87.5,0.0909,0.0909,0.0,6,0,-14.54,10.15
EMP008,2026-01-05,4,Loan Officer,Mumbai,COHORT007,0,106,96,24,12,10,302,1,1,1,13.0,13.0,0.0,0.0,0.0,0.2264,0.1132,0.0,6,0,7.46,10.15
EMP008,2026-01-06,5,Loan Officer,Mumbai,COHORT007,0,125,78,19,10,9,293,1,1,1,15.2,15.2,0.0,0.0,0.0,0.152,0.08,0.0,6,0,2.46,10.15
EMP008,2026-01-07,6,Loan Officer,Mumbai,COHORT007,0,128,83,25,12,11,335,1,1,1,15.83,15.83,0.0,0.0,0.0,0.1953,0.0938,0.0,6,0,8.46,10.15
EMP008,2026-01-08,7,Loan Officer,Mumbai,COHORT007,0,115,99,20,10,11,313,1,1,1,17.14,17.14,0.0,0.0,0.0,0.1739,0.087,0.0,6,0,3.46,10.15
EMP008,2026-01-09,8,Loan Officer,Mumbai,COHORT007,0,108,89,25,13,8,308,1,1,1,17.29,17.5,0.0,0.0,3.03,0.2315,0.1204,0.0,6,0,8.46,10.15
EMP008,2026-01-10,9,Loan Officer,Mumbai,COHORT007,0,5,3,1,0,0,11,1,1,1,16.86,18.33,94.54,100.0,100.0,0.2,0.0,33.33,4,2,-15.54,10.15
EMP008,2026-01-11,10,Loan Officer,Mumbai,COHORT007,0,13,13,3,1,1,37,1,2,2,16.57,16.6,81.93,88.64,86.49,0.2308,0.0769,0.0,6,0,-13.54,10.15
EMP008,2026-01-12,11,Loan Officer,Mumbai,COHORT007,0,147,97,25,17,8,388,1,1,1,16.71,15.36,0.0,0.0,0.0,0.1701,0.1156,0.0,6,0,8.46,10.15
EMP008,2026-01-13,12,Loan Officer,Mumbai,COHORT007,0,120,98,30,15,15,352,1,1,1,16.86,16.17,0.0,0.0,0.0,0.25,0.125,0.0,6,0,13.46,10.15
EMP008,2026-01-14,13,Loan Officer,Mumbai,COHORT007,0,114,77,16,14,9,301,1,1,1,18.43,17.23,7.14,0.0,0.0,0.1404,0.1228,0.0,6,0,-0.54,10.15
EMP008,2026-01-15,14,Loan Officer,Mumbai,COHORT007,0,129,83,26,12,9,330,1,1,1,17.14,17.14,0.0,0.0,0.0,0.2016,0.093,0.0,6,0,9.46,10.15
EMP008,2026-01-16,15,Loan Officer,Mumbai,COHORT007,0,100,87,15,15,9,311,1,1,1,18.0,17.73,15.4,0.0,0.0,0.15,0.15,0.0,6,0,-1.54,10.15
EMP008,2026-01-17,16,Loan Officer,Mumbai,COHORT007,0,25,24,6,3,2,72,1,1,1,16.57,17.56,65.83,70.36,74.39,0.24,0.12,0.0,6,0,-10.54,10.15
EMP008,2026-01-18,17,Loan Officer,Mumbai,COHORT007,0,13,12,2,1,1,34,1,1,1,17.29,16.88,88.15,89.7,86.61,0.1538,0.0769,0.0,6,0,-14.54,10.15
EMP008,2026-01-19,18,Loan Officer,Mumbai,COHORT007,0,122,102,17,13,15,351,1,1,1,17.14,16.06,0.0,0.0,0.0,0.1393,0.1066,0.0,6,0,0.46,10.15
EMP008,2026-01-20,19,Loan Officer,Mumbai,COHORT007,0,126,100,18,17,15,374,1,1,1,16.0,16.11,0.0,0.0,0.0,0.1429,0.1349,0.0,6,0,1.46,10.15
EMP008,2026-01-21,20,Loan Officer,Mumbai,COHORT007,0,96,129,20,10,8,334,1,1,1,14.29,16.2,0.0,0.0,0.0,0.2083,0.1042,0.0,6,0,3.46,10.15
EMP008,2026-01-22,21,Loan Officer,Mumbai,COHORT007,0,117,109,18,18,10,341,1,1,1,14.86,16.38,0.0,0.0,0.0,0.1538,0.1538,0.0,6,0,1.46,10.15
EMP008,2026-01-23,22,Loan Officer,Mumbai,COHORT007,0,126,75,18,18,10,307,1,1,1,13.71,16.45,0.0,0.0,0.0,0.1429,0.1429,0.0,6,0,1.46,10.15
EMP008,2026-01-24,23,Loan Officer,Mumbai,COHORT007,0,23,22,4,3,2,65,1,1,1,14.14,16.52,75.79,71.48,75.28,0.1739,0.1304,0.0,6,0,-12.54,10.15
EMP008,2026-01-25,24,Loan Officer,Mumbai,COHORT007,0,0,0,0,0,0,0,1,1,1,13.86,16.0,100.0,100.0,100.0,0.0,0.0,100.0,0,6,-16.54,10.15
EMP008,2026-01-26,25,Loan Officer,Mumbai,COHORT007,0,106,79,21,16,16,300,2,2,2,13.57,15.36,0.0,0.0,0.0,0.1981,0.1509,0.0,6,0,4.46,10.15
EMP008,2026-01-27,26,Loan Officer,Mumbai,COHORT007,0,118,114,24,12,13,329,1,1,1,14.14,15.58,0.0,0.0,0.0,0.2034,0.1017,0.0,6,0,7.46,10.15
EMP008,2026-01-28,27,Loan Officer,Mumbai,COHORT007,0,100,73,19,15,13,292,1,1,1,15.0,15.89,0.0,0.0,0.0,0.19,0.15,0.0,6,0,2.46,10.15
EMP008,2026-01-29,28,Loan Officer,Mumbai,COHORT007,0,119,103,29,16,11,329,1,1,1,14.86,16.0,0.0,0.0,0.0,0.2437,0.1345,0.0,6,0,12.46,10.15
EMP008,2026-01-30,29,Loan Officer,Mumbai,COHORT007,0,132,79,27,12,15,332,1,1,1,16.43,16.45,0.0,0.0,0.0,0.2045,0.0909,0.0,6,0,10.46,10.15
EMP008,2026-01-31,30,Loan Officer,Mumbai,COHORT007,0,4,2,0,0,0,9,1,1,1,17.71,16.8,100.0,100.0,100.0,0.0,0.0,50.0,3,3,-16.54,10.15
EMP008,2026-02-01,31,Loan Officer,Mumbai,COHORT007,0,4,4,0,0,0,10,2,2,2,17.14,16.17,100.0,100.0,100.0,0.0,0.0,50.0,3,3,-16.54,10.15
EMP008,2026-02-02,32,Loan Officer,Mumbai,COHORT007,0,104,74,15,16,11,296,3,3,3,17.14,15.23,1.51,0.0,0.0,0.1442,0.1538,0.0,6,0,-1.54,10.15
EMP008,2026-02-03,33,Loan Officer,Mumbai,COHORT007,0,107,93,25,15,11,316,1,1,1,16.29,15.63,0.0,0.0,0.0,0.2336,0.1402,0.0,6,0,8.46,10.15
EMP008,2026-02-04,34,Loan Officer,Mumbai,COHORT007,0,126,88,15,16,11,322,1,1,1,16.43,16.4,8.54,0.0,0.0,0.119,0.127,0.0,6,0,-1.54,10.15
EMP008,2026-02-05,35,Loan Officer,Mumbai,COHORT007,0,131,97,21,16,9,362,1,1,1,15.86,16.1,0.0,0.0,0.0,0.1603,0.1221,0.0,6,0,4.46,10.15
EMP008,2026-02-06,36,Loan Officer,Mumbai,COHORT007,0,140,88,25,20,9,342,1,1,1,14.71,16.17,0.0,0.0,0.0,0.1786,0.1429,0.0,6,0,8.46,10.15
EMP008,2026-02-07,37,Loan Officer,Mumbai,COHORT007,0,11,7,2,1,0,25,1,1,1,14.43,16.17,87.63,91.02,100.0,0.1818,0.0909,16.67,5,1,-14.54,10.15
EMP008,2026-02-08,38,Loan Officer,Mumbai,COHORT007,0,8,4,0,0,0,16,1,1,2,14.71,15.57,100.0,100.0,100.0,0.0,0.0,50.0,3,3,-16.54,10.15
EMP008,2026-02-09,39,Loan Officer,Mumbai,COHORT007,0,124,110,22,14,13,361,2,2,3,14.71,14.73,0.0,0.0,0.0,0.1774,0.1129,0.0,6,0,5.46,10.15
EMP008,2026-02-10,40,Loan Officer,Mumbai,COHORT007,0,118,86,24,20,14,333,1,1,1,15.71,15.43,0.0,0.0,0.0,0.2034,0.1695,0.0,6,0,7.46,10.15
EMP008,2026-02-11,41,Loan Officer,Mumbai,COHORT007,0,128,75,21,10,11,300,1,1,1,15.57,16.13,0.0,13.04,0.0,0.1641,0.0781,0.0,6,0,4.46,10.15
EMP008,2026-02-12,42,Loan Officer,Mumbai,COHORT007,0,117,87,29,14,14,321,1,1,1,16.43,16.0,0.0,0.0,0.0,0.2479,0.1197,0.0,6,0,12.46,10.15
EMP008,2026-02-13,43,Loan Officer,Mumbai,COHORT007,0,106,102,30,11,14,345,1,1,1,17.57,15.97,0.0,2.05,0.0,0.283,0.1038,0.0,6,0,13.46,10.15
EMP008,2026-02-14,44,Loan Officer,Mumbai,COHORT007,0,4,4,0,0,0,10,1,1,1,18.29,16.43,100.0,100.0,100.0,0.0,0.0,50.0,3,3,-16.54,10.15
EMP008,2026-02-15,45,Loan Officer,Mumbai,COHORT007,0,15,13,4,1,1,45,2,2,2,18.0,15.57,74.31,90.68,88.33,0.2667,0.0667,0.0,6,0,-12.54,10.15
EMP008,2026-02-16,46,Loan Officer,Mumbai,COHORT007,0,109,102,27,15,9,322,1,1,1,18.57,15.2,0.0,0.0,0.0,0.2477,0.1376,0.0,6,0,10.46,10.15
EMP008,2026-02-17,47,Loan Officer,Mumbai,COHORT007,0,149,65,28,14,12,345,1,1,1,19.29,15.9,0.0,0.0,0.0,0.1879,0.094,0.0,6,0,11.46,10.15
EMP008,2026-02-18,48,Loan Officer,Mumbai,COHORT007,0,129,83,19,11,13,303,1,1,1,19.86,16.77,0.0,0.9,0.0,0.1473,0.0853,0.0,6,0,2.46,10.15
EMP008,2026-02-19,49,Loan Officer,Mumbai,COHORT007,0,140,78,17,14,11,316,1,1,1,19.57,16.83,0.0,0.0,0.0,0.1214,0.1,0.0,6,0,0.46,10.15
EMP008,2026-02-20,50,Loan Officer,Mumbai,COHORT007,0,102,96,14,20,10,313,1,1,1,17.86,16.8,16.67,0.0,0.0,0.1373,0.1961,0.0,6,0,-2.54,10.15
EMP008,2026-02-21,51,Loan Officer,Mumbai,COHORT007,0,23,19,3,2,2,62,1,1,1,15.57,16.6,81.93,82.25,77.19,0.1304,0.087,0.0,6,0,-13.54,10.15
EMP008,2026-02-22,52,Loan Officer,Mumbai,COHORT007,0,23,15,6,2,3,63,1,1,1,16.0,16.1,62.73,81.36,64.71,0.2609,0.087,0.0,6,0,-10.54,10.15
EMP008,2026-02-23,53,Loan Officer,Mumbai,COHORT007,0,126,100,19,12,9,327,1,1,1,16.29,15.7,0.0,0.0,0.0,0.1508,0.0952,0.0,6,0,2.46,10.15
EMP008,2026-02-24,54,Loan Officer,Mumbai,COHORT007,0,122,81,18,16,15,305,1,1,1,15.14,16.2,0.0,0.0,0.0,0.1475,0.1311,0.0,6,0,1.46,10.15
EMP008,2026-02-25,55,Loan Officer,Mumbai,COHORT007,0,144,108,18,14,11,356,1,1,1,13.71,16.8,0.0,0.0,0.0,0.125,0.0972,0.0,6,0,1.46,10.15
EMP008,2026-02-26,56,Loan Officer,Mumbai,COHORT007,0,113,70,19,11,15,280,1,1,1,13.57,16.7,0.0,0.0,0.0,0.1681,0.0973,0.0,6,0,2.46,10.15
EMP008,2026-02-27,57,Loan Officer,Mumbai,COHORT007,0,110,85,28,14,14,327,1,1,1,13.86,16.53,0.0,0.0,0.0,0.2545,0.1273,0.0,6,0,11.46,10.15
EMP008,2026-02-28,58,Loan Officer,Mumbai,COHORT007,0,24,14,2,3,2,61,1,1,1,15.86,16.83,88.12,72.48,77.6,0.0833,0.125,0.0,6,0,-14.54,10.15
EMP008,2026-03-01,59,Loan Officer,Mumbai,COHORT007,0,0,0,0,0,0,0,1,1,1,15.71,15.93,100.0,100.0,100.0,0.0,0.0,100.0,0,6,-16.54,10.15
EMP008,2026-03-02,60,Loan Officer,Mumbai,COHORT007,0,91,80,18,13,16,296,2,2,2,14.86,15.03,0.0,0.0,0.0,0.1978,0.1429,0.0,6,0,1.46,10.15
EMP008,2026-03-03,61,Loan Officer,Mumbai,COHORT007,0,106,77,15,12,15,290,1,1,1,14.71,15.63,4.03,0.0,0.0,0.1415,0.1132,0.0,6,0,-1.54,10.15
EMP008,2026-03-04,62,Loan Officer,Mumbai,COHORT007,0,127,88,17,10,10,336,1,1,1,14.29,16.13,0.0,8.26,0.0,0.1339,0.0787,0.0,6,0,0.46,10.15
EMP008,2026-03-05,63,Loan Officer,Mumbai,COHORT007,0,133,78,15,21,16,323,1,1,1,14.14,16.2,7.41,0.0,0.0,0.1128,0.1579,0.0,6,0,-1.54,10.15
EMP008,2026-03-06,64,Loan Officer,Mumbai,COHORT007,0,107,79,23,17,14,326,1,1,1,13.57,15.87,0.0,0.0,0.0,0.215,0.1589,0.0,6,0,6.46,10.15
EMP008,2026-03-07,65,Loan Officer,Mumbai,COHORT007,0,23,13,3,1,1,51,1,1,1,12.86,16.13,81.4,90.85,89.36,0.1304,0.0435,0.0,6,0,-13.54,10.15
EMP008,2026-03-08,66,Loan Officer,Mumbai,COHORT007,0,19,16,2,3,2,55,1,1,1,13.0,15.53,87.12,71.24,78.09,0.1053,0.1579,0.0,6,0,-14.54,10.15
EMP008,2026-03-09,67,Loan Officer,Mumbai,COHORT007,0,122,67,17,18,13,316,1,1,1,13.29,14.77,0.0,0.0,0.0,0.1393,0.1475,0.0,6,0,0.46,10.15
EMP008,2026-03-10,68,Loan Officer,Mumbai,COHORT007,0,111,79,24,12,7,313,1,1,1,13.14,15.27,0.0,0.0,24.97,0.2162,0.1081,0.0,6,0,7.46,10.15
EMP008,2026-03-11,69,Loan Officer,Mumbai,COHORT007,0,133,83,30,20,13,354,1,1,1,14.43,16.07,0.0,0.0,0.0,0.2256,0.1504,0.0,6,0,13.46,10.15
EMP008,2026-03-12,70,Loan Officer,Mumbai,COHORT007,0,110,83,20,17,10,304,1,1,1,16.29,16.33,0.0,0.0,0.0,0.1818,0.1545,0.0,6,0,3.46,10.15
EMP008,2026-03-13,71,Loan Officer,Mumbai,COHORT007,0,94,98,23,14,14,315,1,1,1,17.0,16.2,0.0,0.0,0.0,0.2447,0.1489,0.0,6,0,6.46,10.15
EMP008,2026-03-14,72,Loan Officer,Mumbai,COHORT007,0,2,1,0,0,0,4,1,1,1,17.0,16.27,100.0,100.0,100.0,0.0,0.0,50.0,3,3,-16.54,10.15
EMP008,2026-03-15,73,Loan Officer,Mumbai,COHORT007,0,5,5,0,0,0,12,2,2,2,16.57,15.3,100.0,100.0,100.0,0.0,0.0,50.0,3,3,-16.54,10.15
EMP008,2026-03-16,74,Loan Officer,Mumbai,COHORT007,0,121,90,26,19,14,326,3,3,3,16.29,14.3,0.0,0.0,0.0,0.2149,0.157,0.0,6,0,9.46,10.15
EMP008,2026-03-17,75,Loan Officer,Mumbai,COHORT007,0,121,102,23,19,13,342,1,1,1,17.57,15.17,0.0,0.0,0.0,0.1901,0.157,0.0,6,0,6.46,10.15
EMP008,2026-03-18,76,Loan Officer,Mumbai,COHORT007,0,111,66,22,8,14,279,1,1,1,17.43,15.8,0.0,30.25,0.0,0.1982,0.0721,0.0,6,0,5.46,10.15
EMP008,2026-03-19,77,Loan Officer,Mumbai,COHORT007,0,116,104,34,14,9,322,1,1,1,16.29,15.63,0.0,0.0,6.54,0.2931,0.1207,0.0,6,0,17.46,10.15
EMP008,2026-03-20,78,Loan Officer,Mumbai,COHORT007,0,141,80,29,10,9,338,1,1,1,18.29,15.83,0.0,10.95,5.56,0.2057,0.0709,0.0,6,0,12.46,10.15
EMP008,2026-03-21,79,Loan Officer,Mumbai,COHORT007,0,24,14,5,2,2,63,1,1,1,19.14,16.17,69.08,82.14,78.72,0.2083,0.0833,0.0,6,0,-11.54,10.15
EMP008,2026-03-22,80,Loan Officer,Mumbai,COHORT007,0,14,11,4,3,1,42,1,1,1,19.86,15.77,74.64,72.22,89.01,0.2857,0.2143,0.0,6,0,-12.54,10.15
EMP008,2026-03-23,81,Loan Officer,Mumbai,COHORT007,0,109,121,28,12,13,348,1,1,1,20.43,15.43,0.0,0.0,0.0,0.2569,0.1101,0.0,6,0,11.46,10.15
EMP008,2026-03-24,82,Loan Officer,Mumbai,COHORT007,0,131,76,25,14,11,309,1,1,1,20.71,16.27,0.0,0.0,0.0,0.1908,0.1069,0.0,6,0,8.46,10.15
EMP008,2026-03-25,83,Loan Officer,Mumbai,COHORT007,0,134,112,27,21,9,384,1,1,1,21.0,16.9,0.0,0.0,4.56,0.2015,0.1567,0.0,6,0,10.46,10.15
EMP008,2026-03-26,84,Loan Officer,Mumbai,COHORT007,0,107,66,25,20,13,317,1,1,1,21.71,17.17,0.0,0.0,0.0,0.2336,0.1869,0.0,6,0,8.46,10.15
EMP008,2026-03-27,85,Loan Officer,Mumbai,COHORT007,0,125,95,28,17,9,332,1,1,1,20.43,17.4,0.0,0.0,3.95,0.224,0.136,0.0,6,0,11.46,10.15
EMP008,2026-03-28,86,Loan Officer,Mumbai,COHORT007,0,9,5,1,1,0,20,1,1,1,20.29,17.73,94.36,91.3,100.0,0.1111,0.1111,16.67,5,1,-15.54,10.15
EMP008,2026-03-29,87,Loan Officer,Mumbai,COHORT007,0,0,0,0,0,0,0,1,1,2,19.71,17.13,100.0,100.0,100.0,0.0,0.0,100.0,0,6,-16.54,10.15
EMP008,2026-03-30,88,Loan Officer,Mumbai,COHORT007,0,145,100,27,12,15,357,2,2,3,19.14,16.2,0.0,0.0,0.0,0.1862,0.0828,0.0,6,0,10.46,10.15
EMP008,2026-03-31,89,Loan Officer,Mumbai,COHORT007,0,124,99,23,10,13,327,1,1,1,19.0,17.03,0.0,9.09,0.0,0.1855,0.0806,0.0,6,0,6.46,10.15
EMP009,2026-01-01,0,Loan Officer,Surat,COHORT008,0,111,92,29,18,13,320,1,1,1,0.0,0.0,0.0,0.0,0.0,0.2613,0.1622,0.0,6,0,13.04,9.79
EMP009,2026-01-02,1,Loan Officer,Surat,COHORT008,0,117,87,15,11,9,316,1,1,1,29.0,29.0,48.28,38.89,30.77,0.1282,0.094,0.0,6,0,-0.96,9.79
EMP009,2026-01-03,2,Loan Officer,Surat,COHORT008,0,15,13,2,2,1,40,1,1,1,22.0,22.0,90.91,86.21,90.91,0.1333,0.1333,0.0,6,0,-13.96,9.79
EMP009,2026-01-04,3,Loan Officer,Surat,COHORT008,0,14,8,2,2,0,33,1,1,1,15.33,15.33,86.95,80.64,100.0,0.1429,0.1429,16.67,5,1,-13.96,9.79
EMP009,2026-01-05,4,Loan Officer,Surat,COHORT008,0,132,104,20,18,15,355,1,1,2,12.0,12.0,0.0,0.0,0.0,0.1515,0.1364,0.0,6,0,4.04,9.79
EMP009,2026-01-06,5,Loan Officer,Surat,COHORT008,0,136,107,16,14,11,353,1,1,1,13.6,13.6,0.0,0.0,0.0,0.1176,0.1029,0.0,6,0,0.04,9.79
EMP009,2026-01-07,6,Loan Officer,Surat,COHORT008,0,100,75,15,19,8,298,1,1,1,14.0,14.0,0.0,0.0,2.08,0.15,0.19,0.0,6,0,-0.96,9.79
EMP009,2026-01-08,7,Loan Officer,Surat,COHORT008,0,132,89,20,16,15,348,1,1,1,14.14,14.14,0.0,0.0,0.0,0.1515,0.1212,0.0,6,0,4.04,9.79
EMP009,2026-01-09,8,Loan Officer,Surat,COHORT008,0,121,82,20,20,14,338,1,1,1,12.86,14.88,0.0,0.0,0.0,0.1653,0.1653,0.0,6,0,4.04,9.79
EMP009,2026-01-10,9,Loan Officer,Surat,COHORT008,0,10,6,2,0,0,22,1,1,1,13.57,15.44,87.05,100.0,100.0,0.2,0.0,33.33,4,2,-13.96,9.79
EMP009,2026-01-11,10,Loan Officer,Surat,COHORT008,0,10,7,1,0,0,24,1,2,2,13.57,14.1,92.91,100.0,100.0,0.1,0.0,33.33,4,2,-14.96,9.79
EMP009,2026-01-12,11,Loan Officer,Surat,COHORT008,0,98,81,24,18,13,304,1,3,3,13.43,12.91,0.0,0.0,0.0,0.2449,0.1837,0.0,6,0,8.04,9.79
EMP009,2026-01-13,12,Loan Officer,Surat,COHORT008,0,111,72,23,10,8,285,1,1,1,14.0,13.83,0.0,13.04,3.03,0.2072,0.0901,0.0,6,0,7.04,9.79
EMP009,2026-01-14,13,Loan Officer,Surat,COHORT008,0,119,75,20,13,12,316,1,1,1,15.0,14.54,0.0,0.0,0.0,0.1681,0.1092,0.0,6,0,4.04,9.79
EMP009,2026-01-15,14,Loan Officer,Surat,COHORT008,0,111,93,19,14,10,302,1,1,1,15.71,14.93,0.0,0.0,0.0,0.1712,0.1261,0.0,6,0,3.04,9.79
EMP009,2026-01-16,15,Loan Officer,Surat,COHORT008,0,120,91,21,11,12,321,1,1,1,15.57,15.2,0.0,5.74,0.0,0.175,0.0917,0.0,6,0,5.04,9.79
EMP009,2026-01-17,16,Loan Officer,Surat,COHORT008,0,20,13,3,2,2,54,1,1,1,15.71,15.56,80.72,82.79,77.3,0.15,0.1,0.0,6,0,-12.96,9.79
EMP009,2026-01-18,17,Loan Officer,Surat,COHORT008,0,6,5,1,1,0,16,1,1,1,15.86,14.82,93.25,90.96,100.0,0.1667,0.1667,16.67,5,1,-14.96,9.79
EMP009,2026-01-19,18,Loan Officer,Surat,COHORT008,0,120,72,25,15,12,329,1,1,2,15.86,14.06,0.0,0.0,0.0,0.2083,0.125,0.0,6,0,9.04,9.79
EMP009,2026-01-20,19,Loan Officer,Surat,COHORT008,0,112,90,18,9,10,295,1,1,1,16.0,14.63,0.0,16.2,0.0,0.1607,0.0804,0.0,6,0,2.04,9.79
EMP009,2026-01-21,20,Loan Officer,Surat,COHORT008,0,107,62,29,13,10,301,1,1,1,15.29,14.8,0.0,0.0,0.0,0.271,0.1215,0.0,6,0,13.04,9.79
EMP009,2026-01-22,21,Loan Officer,Surat,COHORT008,0,100,111,18,17,8,330,1,1,1,16.57,15.48,0.0,0.0,3.96,0.18,0.17,0.0,6,0,2.04,9.79
EMP009,2026-01-23,22,Loan Officer,Surat,COHORT008,0,99,73,21,15,9,291,1,1,1,16.43,15.59,0.0,0.0,0.0,0.2121,0.1515,0.0,6,0,5.04,9.79
EMP009,2026-01-24,23,Loan Officer,Surat,COHORT008,0,4,4,0,0,0,11,1,1,1,16.43,15.83,100.0,100.0,100.0,0.0,0.0,50.0,3,3,-15.96,9.79
EMP009,2026-01-25,24,Loan Officer,Surat,COHORT008,0,16,12,2,2,1,41,2,2,2,16.0,15.17,86.82,81.4,87.5,0.125,0.125,0.0,6,0,-13.96,9.79
EMP009,2026-01-26,25,Loan Officer,Surat,COHORT008,0,123,71,18,10,12,302,1,1,1,16.14,14.64,0.0,3.85,0.0,0.1463,0.0813,0.0,6,0,2.04,9.79
EMP009,2026-01-27,26,Loan Officer,Surat,COHORT008,0,133,111,23,16,8,357,1,1,1,15.14,14.77,0.0,0.0,0.0,0.1729,0.1203,0.0,6,0,7.04,9.79
EMP009,2026-01-28,27,Loan Officer,Surat,COHORT008,0,126,97,18,16,11,340,1,1,1,15.86,15.07,0.0,0.0,0.0,0.1429,0.127,0.0,6,0,2.04,9.79
EMP009,2026-01-29,28,Loan Officer,Surat,COHORT008,0,129,113,17,17,14,384,1,1,1,14.29,15.18,0.0,0.0,0.0,0.1318,0.1318,0.0,6,0,1.04,9.79
EMP009,2026-01-30,29,Loan Officer,Surat,COHORT008,0,112,80,24,17,12,328,1,1,1,14.14,15.24,0.0,0.0,0.0,0.2143,0.1518,0.0,6,0,8.04,9.79
EMP009,2026-01-31,30,Loan Officer,Surat,COHORT008,0,0,0,0,0,0,0,1,1,1,14.57,15.53,100.0,100.0,100.0,0.0,0.0,100.0,0,6,-15.96,9.79
EMP009,2026-02-01,31,Loan Officer,Surat,COHORT008,0,19,16,2,3,1,51,2,2,2,14.57,14.57,86.27,71.7,87.34,0.1053,0.1579,0.0,6,0,-13.96,9.79
EMP009,2026-02-02,32,Loan Officer,Surat,COHORT008,0,125,76,25,11,16,304,1,1,1,14.57,14.13,0.0,0.0,0.0,0.2,0.088,0.0,6,0,9.04,9.79
EMP009,2026-02-03,33,Loan Officer,Surat,COHORT008,0,107,92,18,10,12,289,1,1,1,15.57,14.9,0.0,5.93,0.0,0.1682,0.0935,0.0,6,0,2.04,9.79
EMP009,2026-02-04,34,Loan Officer,Surat,COHORT008,0,90,79,28,17,12,276,1,1,1,14.86,15.43,0.0,0.0,0.0,0.3111,0.1889,0.0,6,0,12.04,9.79
EMP009,2026-02-05,35,Loan Officer,Surat,COHORT008,0,118,69,18,14,9,310,1,1,1,16.29,15.7,0.0,0.0,0.0,0.1525,0.1186,0.0,6,0,2.04,9.79
EMP009,2026-02-06,36,Loan Officer,Surat,COHORT008,0,142,67,26,19,12,358,1,1,1,16.43,15.77,0.0,0.0,0.0,0.1831,0.1338,0.0,6,0,10.04,9.79
EMP009,2026-02-07,37,Loan Officer,Surat,COHORT008,0,18,16,2,1,1,50,1,1,1,16.71,16.13,87.6,90.8,88.24,0.1111,0.0556,0.0,6,0,-13.96,9.79
EMP009,2026-02-08,38,Loan Officer,Surat,COHORT008,0,8,8,1,1,0,22,1,1,1,17.0,15.53,93.56,90.36,100.0,0.125,0.125,16.67,5,1,-14.96,9.79
EMP009,2026-02-09,39,Loan Officer,Surat,COHORT008,0,118,107,18,21,15,349,1,1,2,16.86,14.9,0.0,0.0,0.0,0.1525,0.178,0.0,6,0,2.04,9.79
EMP009,2026-02-10,40,Loan Officer,Surat,COHORT008,0,122,83,23,11,8,329,1,1,1,15.86,15.43,0.0,0.0,0.87,0.1885,0.0902,0.0,6,0,7.04,9.79
EMP009,2026-02-11,41,Loan Officer,Surat,COHORT008,0,100,72,19,12,14,273,1,1,1,16.57,16.17,0.0,0.0,0.0,0.19,0.12,0.0,6,0,3.04,9.79
EMP009,2026-02-12,42,Loan Officer,Surat,COHORT008,0,116,82,27,10,8,306,1,1,1,15.29,16.0,0.0,5.66,4.42,0.2328,0.0862,0.0,6,0,11.04,9.79
EMP009,2026-02-13,43,Loan Officer,Surat,COHORT008,0,105,106,17,14,14,320,1,1,1,16.57,16.13,0.0,0.0,0.0,0.1619,0.1333,0.0,6,0,1.04,9.79
EMP009,2026-02-14,44,Loan Officer,Surat,COHORT008,0,4,3,1,0,0,10,1,1,1,15.29,16.03,93.76,100.0,100.0,0.25,0.0,33.33,4,2,-14.96,9.79
EMP009,2026-02-15,45,Loan Officer,Surat,COHORT008,0,1,1,0,0,0,2,1,2,2,15.14,15.43,100.0,100.0,100.0,0.0,0.0,66.67,2,4,-15.96,9.79
EMP009,2026-02-16,46,Loan Officer,Surat,COHORT008,0,110,76,23,16,10,307,2,3,3,15.0,14.73,0.0,0.0,0.0,0.2091,0.1455,0.0,6,0,7.04,9.79
EMP009,2026-02-17,47,Loan Officer,Surat,COHORT008,0,132,98,29,12,14,362,1,1,1,15.71,15.4,0.0,0.0,0.0,0.2197,0.0909,0.0,6,0,13.04,9.79
EMP009,2026-02-18,48,Loan Officer,Surat,COHORT008,0,112,96,21,14,11,343,1,1,1,16.57,16.33,0.0,0.0,0.0,0.1875,0.125,0.0,6,0,5.04,9.79
EMP009,2026-02-19,49,Loan Officer,Surat,COHORT008,0,162,82,25,15,8,381,1,1,1,16.86,16.2,0.0,0.0,4.76,0.1543,0.0926,0.0,6,0,9.04,9.79
EMP009,2026-02-20,50,Loan Officer,Surat,COHORT008,0,148,73,26,15,13,349,1,1,1,16.57,16.43,0.0,0.0,0.0,0.1757,0.1014,0.0,6,0,10.04,9.79
EMP009,2026-02-21,51,Loan Officer,Surat,COHORT008,0,25,14,3,3,2,59,1,1,1,17.86,16.33,81.63,72.4,76.28,0.12,0.12,0.0,6,0,-12.96,9.79
EMP009,2026-02-22,52,Loan Officer,Surat,COHORT008,0,12,12,2,1,1,34,1,1,1,18.14,15.83,87.37,90.38,87.85,0.1667,0.0833,0.0,6,0,-13.96,9.79
EMP009,2026-02-23,53,Loan Officer,Surat,COHORT008,0,116,102,24,13,7,331,1,1,1,18.43,15.2,0.0,0.0,12.17,0.2069,0.1121,0.0,6,0,8.04,9.79
EMP009,2026-02-24,54,Loan Officer,Surat,COHORT008,0,126,137,30,11,12,375,1,1,1,18.57,16.0,0.0,0.0,0.0,0.2381,0.0873,0.0,6,0,14.04,9.79
EMP009,2026-02-25,55,Loan Officer,Surat,COHORT008,0,147,68,24,13,13,350,1,1,1,18.71,16.93,0.0,0.0,0.0,0.1633,0.0884,0.0,6,0,8.04,9.79
EMP009,2026-02-26,56,Loan Officer,Surat,COHORT008,0,116,104,29,23,14,366,1,1,1,19.14,17.13,0.0,0.0,0.0,0.25,0.1983,0.0,6,0,13.04,9.79
EMP009,2026-02-27,57,Loan Officer,Surat,COHORT008,0,98,100,26,19,11,346,1,1,1,19.71,17.33,0.0,0.0,0.0,0.2653,0.1939,0.0,6,0,10.04,9.79
EMP009,2026-02-28,58,Loan Officer,Surat,COHORT008,0,2,1,0,0,0,4,1,1,1,19.71,17.6,100.0,100.0,100.0,0.0,0.0,50.0,3,3,-15.96,9.79
EMP009,2026-03-01,59,Loan Officer,Surat,COHORT008,0,12,8,2,1,0,30,2,2,2,19.29,17.03,88.26,90.5,100.0,0.1667,0.0833,16.67,5,1,-13.96,9.79
EMP009,2026-03-02,60,Loan Officer,Surat,COHORT008,0,106,98,26,16,15,339,1,1,3,19.29,16.3,0.0,0.0,0.0,0.2453,0.1509,0.0,6,0,10.04,9.79
EMP009,2026-03-03,61,Loan Officer,Surat,COHORT008,0,107,80,16,19,13,317,1,1,1,19.57,17.17,6.81,0.0,0.0,0.1495,0.1776,0.0,6,0,0.04,9.79
EMP009,2026-03-04,62,Loan Officer,Surat,COHORT008,0,133,83,23,14,9,318,1,1,1,17.57,17.63,0.0,0.0,0.0,0.1729,0.1053,0.0,6,0,7.04,9.79
EMP009,2026-03-05,63,Loan Officer,Surat,COHORT008,0,111,101,23,12,14,329,1,1,1,17.43,17.57,0.0,0.0,0.0,0.2072,0.1081,0.0,6,0,7.04,9.79
EMP009,2026-03-06,64,Loan Officer,Surat,COHORT008,0,128,81,20,15,15,337,1,1,1,16.57,17.73,0.0,0.0,0.0,0.1562,0.1172,0.0,6,0,4.04,9.79
EMP009,2026-03-07,65,Loan Officer,Surat,COHORT008,0,28,13,4,2,2,66,1,1,1,15.71,17.47,77.1,82.09,77.19,0.1429,0.0714,0.0,6,0,-11.96,9.79
EMP009,2026-03-08,66,Loan Officer,Surat,COHORT008,0,17,13,3,1,1,43,1,1,1,16.29,17.0,82.35,90.71,88.28,0.1765,0.0588,0.0,6,0,-12.96,9.79
EMP009,2026-03-09,67,Loan Officer,Surat,COHORT008,0,106,116,19,15,8,349,1,1,1,16.43,16.23,0.0,0.0,2.08,0.1792,0.1415,0.0,6,0,3.04,9.79
EMP009,2026-03-10,68,Loan Officer,Surat,COHORT008,0,123,88,29,21,13,357,1,1,1,15.43,16.8,0.0,0.0,0.0,0.2358,0.1707,0.0,6,0,13.04,9.79
EMP009,2026-03-11,69,Loan Officer,Surat,COHORT008,0,126,85,25,12,14,323,1,1,1,17.29,17.73,0.0,0.0,0.0,0.1984,0.0952,0.0,6,0,9.04,9.79
EMP009,2026-03-12,70,Loan Officer,Surat,COHORT008,0,121,108,19,11,8,355,1,1,1,17.57,17.97,0.0,0.0,9.09,0.157,0.0909,0.0,6,0,3.04,9.79
EMP009,2026-03-13,71,Loan Officer,Surat,COHORT008,0,143,108,16,20,11,387,1,1,1,17.0,17.83,10.26,0.0,0.0,0.1119,0.1399,0.0,6,0,0.04,9.79
EMP009,2026-03-14,72,Loan Officer,Surat,COHORT008,0,25,20,6,3,2,66,1,1,1,16.43,17.73,66.16,73.38,77.01,0.24,0.12,0.0,6,0,-9.96,9.79
EMP009,2026-03-15,73,Loan Officer,Surat,COHORT008,0,0,0,0,0,0,0,1,1,1,16.71,17.03,100.0,100.0,100.0,0.0,0.0,100.0,0,6,-15.96,9.79
EMP009,2026-03-16,74,Loan Officer,Surat,COHORT008,0,106,93,23,14,11,333,2,2,2,16.29,16.47,0.0,0.0,0.0,0.217,0.1321,0.0,6,0,7.04,9.79
EMP009,2026-03-17,75,Loan Officer,Surat,COHORT008,0,141,95,18,19,15,342,1,1,1,16.86,17.2,0.0,0.0,0.0,0.1277,0.1348,0.0,6,0,2.04,9.79
EMP009,2026-03-18,76,Loan Officer,Surat,COHORT008,0,110,76,27,22,10,297,1,1,1,15.29,17.8,0.0,0.0,0.0,0.2455,0.2,0.0,6,0,11.04,9.79
EMP009,2026-03-19,77,Loan Officer,Surat,COHORT008,0,121,100,14,19,8,309,1,1,1,15.57,17.93,21.92,0.0,10.11,0.1157,0.157,0.0,6,0,-1.96,9.79
EMP009,2026-03-20,78,Loan Officer,Surat,COHORT008,0,123,84,18,13,11,321,1,1,1,14.86,17.43,0.0,0.0,0.0,0.1463,0.1057,0.0,6,0,2.04,9.79
EMP009,2026-03-21,79,Loan Officer,Surat,COHORT008,0,15,10,2,3,1,39,1,1,1,15.14,17.33,88.46,75.14,88.51,0.1333,0.2,0.0,6,0,-13.96,9.79
EMP009,2026-03-22,80,Loan Officer,Surat,COHORT008,0,3,2,0,0,0,6,1,1,1,14.57,16.57,100.0,100.0,100.0,0.0,0.0,50.0,3,3,-15.96,9.79
EMP009,2026-03-23,81,Loan Officer,Surat,COHORT008,0,148,80,24,22,10,346,2,2,2,14.57,15.7,0.0,0.0,0.0,0.1622,0.1486,0.0,6,0,8.04,9.79
EMP009,2026-03-24,82,Loan Officer,Surat,COHORT008,0,124,106,25,14,8,366,1,1,1,14.71,16.4,0.0,0.0,3.61,0.2016,0.1129,0.0,6,0,9.04,9.79
EMP009,2026-03-25,83,Loan Officer,Surat,COHORT008,0,104,77,18,13,11,281,1,1,1,15.71,17.17,0.0,0.0,0.0,0.1731,0.125,0.0,6,0,2.04,9.79
EMP009,2026-03-26,84,Loan Officer,Surat,COHORT008,0,99,81,17,15,14,293,1,1,1,14.43,16.97,0.0,0.0,0.0,0.1717,0.1515,0.0,6,0,1.04,9.79
EMP009,2026-03-27,85,Loan Officer,Surat,COHORT008,0,108,88,25,17,13,320,1,1,1,14.86,16.53,0.0,0.0,0.0,0.2315,0.1574,0.0,6,0,9.04,9.79
EMP009,2026-03-28,86,Loan Officer,Surat,COHORT008,0,5,3,1,0,0,12,1,1,1,15.86,16.57,93.96,100.0,100.0,0.2,0.0,33.33,4,2,-14.96,9.79
EMP009,2026-03-29,87,Loan Officer,Surat,COHORT008,0,19,12,2,2,1,45,1,2,2,15.71,15.63,87.2,82.95,87.91,0.1053,0.1053,0.0,6,0,-13.96,9.79
EMP009,2026-03-30,88,Loan Officer,Surat,COHORT008,0,131,90,16,13,13,341,1,1,1,16.0,14.83,0.0,0.0,0.0,0.1221,0.0992,0.0,6,0,0.04,9.79
EMP009,2026-03-31,89,Loan Officer,Surat,COHORT008,0,120,91,22,19,11,318,1,1,1,14.86,15.37,0.0,0.0,0.0,0.1833,0.1583,0.0,6,0,6.04,9.79
EMP010,2026-01-01,0,Branch Manager,Surat,COHORT009,1,46,46,26,40,22,289,1,1,1,0.0,0.0,0.0,0.0,0.0,0.5652,0.8696,0.0,10,0,8.07,16.42
EMP010,2026-01-02,1,Branch Manager,Surat,COHORT009,1,31,34,36,19,9,224,1,1,1,26.0,26.0,0.0,52.5,59.09,1.1613,0.6129,0.0,10,0,18.07,16.42
EMP010,2026-01-03,2,Branch Manager,Surat,COHORT009,1,3,2,2,2,2,16,1,1,1,31.0,31.0,93.55,93.22,87.1,0.6667,0.6667,20.0,8,2,-15.93,16.42
EMP010,2026-01-04,3,Branch Manager,Surat,COHORT009,1,4,12,9,5,4,45,1,1,1,21.33,21.33,57.81,75.41,63.64,2.25,1.25,0.0,10,0,-8.93,16.42
EMP010,2026-01-05,4,Branch Manager,Surat,COHORT009,1,49,36,30,37,14,265,1,1,1,18.25,18.25,0.0,0.0,0.0,0.6122,0.7551,0.0,10,0,12.07,16.42
EMP010,2026-01-06,5,Branch Manager,Surat,COHORT009,1,20,40,32,38,16,225,1,1,1,20.6,20.6,0.0,0.0,0.0,1.6,1.9,0.0,10,0,14.07,16.42
EMP010,2026-01-07,6,Branch Manager,Surat,COHORT009,1,46,34,32,29,12,251,1,1,1,22.5,22.5,0.0,0.0,0.0,0.6957,0.6304,0.0,10,0,14.07,16.42
EMP010,2026-01-08,7,Branch Manager,Surat,COHORT009,1,49,44,27,23,17,265,1,1,1,23.86,23.86,0.0,5.31,0.0,0.551,0.4694,0.0,10,0,9.07,16.42
EMP010,2026-01-09,8,Branch Manager,Surat,COHORT009,1,36,40,33,33,24,269,1,1,1,24.0,24.25,0.0,0.0,0.0,0.9167,0.9167,0.0,10,0,15.07,16.42
EMP010,2026-01-10,9,Branch Manager,Surat,COHORT009,1,0,0,0,0,0,0,1,1,1,23.57,25.22,100.0,100.0,100.0,0.0,0.0,100.0,0,10,-17.93,16.42
EMP010,2026-01-11,10,Branch Manager,Surat,COHORT009,1,3,7,6,4,2,35,2,2,2,23.29,22.7,73.57,82.3,83.33,2.0,1.3333,0.0,10,0,-11.93,16.42
EMP010,2026-01-12,11,Branch Manager,Surat,COHORT009,1,29,42,27,37,10,222,1,1,1,22.86,21.18,0.0,0.0,9.83,0.931,1.2759,0.0,10,0,9.07,16.42
EMP010,2026-01-13,12,Branch Manager,Surat,COHORT009,1,44,40,37,32,18,270,1,1,1,22.43,21.67,0.0,0.0,0.0,0.8409,0.7273,0.0,10,0,19.07,16.42
EMP010,2026-01-14,13,Branch Manager,Surat,COHORT009,1,43,33,34,24,23,248,1,1,1,23.14,22.85,0.0,0.0,0.0,0.7907,0.5581,0.0,10,0,16.07,16.42
EMP010,2026-01-15,14,Branch Manager,Surat,COHORT009,1,48,62,45,34,16,302,1,1,1,23.43,23.64,0.0,0.0,0.0,0.9375,0.7083,0.0,10,0,27.07,16.42
EMP010,2026-01-16,15,Branch Manager,Surat,COHORT009,1,49,39,44,27,18,288,1,1,1,26.0,25.07,0.0,0.0,0.0,0.898,0.551,0.0,10,0,26.07,16.42
EMP010,2026-01-17,16,Branch Manager,Surat,COHORT009,1,0,0,0,0,0,0,1,1,1,27.57,26.25,100.0,100.0,100.0,0.0,0.0,100.0,0,10,-17.93,16.42
EMP010,2026-01-18,17,Branch Manager,Surat,COHORT009,1,0,0,0,0,0,0,2,2,2,27.57,24.71,100.0,100.0,100.0,0.0,0.0,100.0,0,10,-17.93,16.42
EMP010,2026-01-19,18,Branch Manager,Surat,COHORT009,1,22,41,41,23,25,244,3,3,3,26.71,23.33,0.0,0.0,0.0,1.8636,1.0455,0.0,10,0,23.07,16.42
EMP010,2026-01-20,19,Branch Manager,Surat,COHORT009,1,37,60,29,43,20,263,1,1,1,28.71,24.26,0.0,0.0,0.0,0.7838,1.1622,0.0,10,0,11.07,16.42
EMP010,2026-01-21,20,Branch Manager,Surat,COHORT009,1,47,58,26,29,18,260,1,1,1,27.57,24.5,0.0,0.0,0.0,0.5532,0.617,0.0,10,0,8.07,16.42
EMP010,2026-01-22,21,Branch Manager,Surat,COHORT009,1,44,52,50,24,10,274,1,1,1,26.43,24.57,0.0,0.0,22.24,1.1364,0.5455,0.0,10,0,32.07,16.42
EMP010,2026-01-23,22,Branch Manager,Surat,COHORT009,1,49,37,28,24,19,252,1,1,1,27.14,25.73,0.0,0.0,0.0,0.5714,0.4898,0.0,10,0,10.07,16.42
EMP010,2026-01-24,23,Branch Manager,Surat,COHORT009,1,1,1,1,0,0,4,1,1,1,24.86,25.83,96.13,100.0,100.0,1.0,0.0,60.0,4,6,-16.93,16.42
EMP010,2026-01-25,24,Branch Manager,Surat,COHORT009,1,2,2,2,2,0,12,1,2,2,25.0,24.79,91.93,90.89,100.0,1.0,1.0,20.0,8,2,-15.93,16.42
EMP010,2026-01-26,25,Branch Manager,Surat,COHORT009,1,34,44,46,36,15,259,1,1,3,25.29,23.88,0.0,0.0,0.0,1.3529,1.0588,0.0,10,0,28.07,16.42
EMP010,2026-01-27,26,Branch Manager,Surat,COHORT009,1,38,54,39,29,22,299,1,1,1,26.0,24.73,0.0,0.0,0.0,1.0263,0.7632,0.0,10,0,21.07,16.42
EMP010,2026-01-28,27,Branch Manager,Surat,COHORT009,1,35,40,29,32,11,240,1,1,1,27.43,25.26,0.0,0.0,11.58,0.8286,0.9143,0.0,10,0,11.07,16.42
EMP010,2026-01-29,28,Branch Manager,Surat,COHORT009,1,35,60,45,26,20,279,1,1,1,27.86,25.39,0.0,0.0,0.0,1.2857,0.7429,0.0,10,0,27.07,16.42
EMP010,2026-01-30,29,Branch Manager,Surat,COHORT009,1,20,37,25,31,27,232,1,1,1,27.14,26.07,4.1,0.0,0.0,1.25,1.55,0.0,10,0,7.07,16.42
EMP010,2026-01-31,30,Branch Manager,Surat,COHORT009,1,4,8,7,4,4,46,1,1,1,26.71,26.03,73.11,82.43,69.54,1.75,1.0,0.0,10,0,-10.93,16.42
EMP010,2026-02-01,31,Branch Manager,Surat,COHORT009,1,8,7,6,8,6,55,1,1,1,27.57,25.4,76.38,62.91,52.11,0.75,1.0,0.0,10,0,-11.93,16.42
EMP010,2026-02-02,32,Branch Manager,Surat,COHORT009,1,34,35,28,41,11,256,1,1,1,28.14,24.4,0.0,0.0,11.5,0.8235,1.2059,0.0,10,0,10.07,16.42
EMP010,2026-02-03,33,Branch Manager,Surat,COHORT009,1,34,38,42,29,15,256,1,1,1,25.57,25.27,0.0,0.0,0.0,1.2353,0.8529,0.0,10,0,24.07,16.42
EMP010,2026-02-04,34,Branch Manager,Surat,COHORT009,1,25,30,26,36,22,233,1,1,1,26.0,26.37,1.4,0.0,0.0,1.04,1.44,0.0,10,0,8.07,16.42
EMP010,2026-02-05,35,Branch Manager,Surat,COHORT009,1,38,43,23,27,14,248,1,1,1,25.57,26.23,12.31,0.0,0.0,0.6053,0.7105,0.0,10,0,5.07,16.42
EMP010,2026-02-06,36,Branch Manager,Surat,COHORT009,1,20,43,36,26,21,234,1,1,1,22.43,25.93,0.0,0.0,0.0,1.8,1.3,0.0,10,0,18.07,16.42
EMP010,2026-02-07,37,Branch Manager,Surat,COHORT009,1,2,3,3,2,1,15,1,1,1,24.0,26.07,88.49,91.23,92.65,1.5,1.0,10.0,9,1,-14.93,16.42
EMP010,2026-02-08,38,Branch Manager,Surat,COHORT009,1,6,7,6,5,6,50,1,1,1,23.43,25.27,76.26,77.38,54.09,1.0,0.8333,0.0,10,0,-11.93,16.42
EMP010,2026-02-09,39,Branch Manager,Surat,COHORT009,1,37,50,44,34,15,280,1,1,1,23.43,24.37,0.0,0.0,0.0,1.1892,0.9189,0.0,10,0,26.07,16.42
EMP010,2026-02-10,40,Branch Manager,Surat,COHORT009,1,45,58,52,31,19,301,1,1,1,25.71,25.83,0.0,0.0,0.0,1.1556,0.6889,0.0,10,0,34.07,16.42
EMP010,2026-02-11,41,Branch Manager,Surat,COHORT009,1,29,36,33,31,10,216,1,1,1,27.14,27.37,0.0,0.0,26.09,1.1379,1.069,0.0,10,0,15.07,16.42
EMP010,2026-02-12,42,Branch Manager,Surat,COHORT009,1,40,47,27,30,12,261,1,1,1,28.14,27.57,2.07,0.0,11.31,0.675,0.75,0.0,10,0,9.07,16.42
EMP010,2026-02-13,43,Branch Manager,Surat,COHORT009,1,25,36,40,34,17,225,1,1,1,28.71,27.23,0.0,0.0,0.0,1.6,1.36,0.0,10,0,22.07,16.42
EMP010,2026-02-14,44,Branch Manager,Surat,COHORT009,1,2,4,4,3,3,24,1,1,1,29.29,27.43,85.42,87.11,77.15,2.0,1.5,10.0,9,1,-13.93,16.42
EMP010,2026-02-15,45,Branch Manager,Surat,COHORT009,1,6,13,8,5,3,58,1,1,1,29.43,26.07,69.31,77.51,76.38,1.3333,0.8333,0.0,10,0,-9.93,16.42
EMP010,2026-02-16,46,Branch Manager,Surat,COHORT009,1,37,51,31,35,23,263,1,1,1,29.71,24.87,0.0,0.0,0.0,0.8378,0.9459,0.0,10,0,13.07,16.42
EMP010,2026-02-17,47,Branch Manager,Surat,COHORT009,1,53,39,40,24,13,255,1,1,1,27.86,25.9,0.0,0.0,0.0,0.7547,0.4528,0.0,10,0,22.07,16.42
EMP010,2026-02-18,48,Branch Manager,Surat,COHORT009,1,28,56,28,37,16,248,1,1,1,26.14,27.23,0.0,0.0,0.0,1.0,1.3214,0.0,10,0,10.07,16.42
EMP010,2026-02-19,49,Branch Manager,Surat,COHORT009,1,26,41,28,33,27,224,1,1,1,25.43,26.8,0.0,0.0,0.0,1.0769,1.2692,0.0,10,0,10.07,16.42
EMP010,2026-02-20,50,Branch Manager,Surat,COHORT009,1,42,51,44,27,20,287,1,1,1,25.57,26.77,0.0,0.0,0.0,1.0476,0.6429,0.0,10,0,26.07,16.42
EMP010,2026-02-21,51,Branch Manager,Surat,COHORT009,1,2,3,2,1,1,14,1,1,1,26.14,27.37,92.69,95.75,92.54,1.0,0.5,10.0,9,1,-15.93,16.42
EMP010,2026-02-22,52,Branch Manager,Surat,COHORT009,1,4,3,4,3,1,24,1,1,1,25.86,25.77,84.48,86.82,92.37,1.0,0.75,10.0,9,1,-13.93,16.42
EMP010,2026-02-23,53,Branch Manager,Surat,COHORT009,1,30,33,30,30,13,222,1,1,1,25.29,24.97,0.0,0.0,0.0,1.0,1.0,0.0,10,0,12.07,16.42
EMP010,2026-02-24,54,Branch Manager,Surat,COHORT009,1,31,26,45,29,19,232,1,1,1,25.14,25.93,0.0,0.0,0.0,1.4516,0.9355,0.0,10,0,27.07,16.42
EMP010,2026-02-25,55,Branch Manager,Surat,COHORT009,1,43,59,26,21,14,250,1,1,1,25.86,27.37,5.01,12.39,0.0,0.6047,0.4884,0.0,10,0,8.07,16.42
EMP010,2026-02-26,56,Branch Manager,Surat,COHORT009,1,24,58,16,34,18,252,1,1,1,25.57,26.7,40.07,0.0,0.0,0.6667,1.4167,0.0,10,0,-1.93,16.42
EMP010,2026-02-27,57,Branch Manager,Surat,COHORT009,1,57,35,19,29,13,263,1,1,1,23.86,25.93,26.73,0.0,2.99,0.3333,0.5088,0.0,10,0,1.07,16.42
EMP010,2026-02-28,58,Branch Manager,Surat,COHORT009,1,5,7,2,2,2,28,1,1,1,20.29,25.6,92.19,91.5,85.15,0.4,0.4,0.0,10,0,-15.93,16.42
EMP010,2026-03-01,59,Branch Manager,Surat,COHORT009,1,0,1,0,0,0,2,1,1,1,20.29,24.17,100.0,100.0,100.0,0.0,0.0,80.0,2,8,-17.93,16.42
EMP010,2026-03-02,60,Branch Manager,Surat,COHORT009,1,33,41,16,19,16,228,2,2,2,19.71,23.33,31.42,12.44,0.0,0.4848,0.5758,0.0,10,0,-1.93,16.42
EMP010,2026-03-03,61,Branch Manager,Surat,COHORT009,1,43,34,17,18,6,198,1,1,1,17.71,23.63,28.06,18.92,51.5,0.3953,0.4186,0.0,10,0,-0.93,16.42
EMP010,2026-03-04,62,Branch Manager,Surat,COHORT009,1,39,56,12,19,12,241,1,1,1,13.71,24.0,50.0,15.67,2.99,0.3077,0.4872,0.0,10,0,-5.93,16.42
EMP010,2026-03-05,63,Branch Manager,Surat,COHORT009,1,52,45,21,19,6,220,1,1,1,11.71,23.47,10.52,12.84,51.61,0.4038,0.3654,0.0,10,0,3.07,16.42
EMP010,2026-03-06,64,Branch Manager,Surat,COHORT009,1,29,39,17,10,8,218,1,1,1,12.43,22.77,25.34,53.42,33.88,0.5862,0.3448,0.0,10,0,-0.93,16.42
EMP010,2026-03-07,65,Branch Manager,Surat,COHORT009,1,6,12,2,3,1,46,1,1,1,12.14,22.47,91.1,85.44,91.4,0.3333,0.5,0.0,10,0,-15.93,16.42
EMP010,2026-03-08,66,Branch Manager,Surat,COHORT009,1,5,5,1,1,0,26,1,1,1,12.14,21.77,95.41,94.95,100.0,0.2,0.2,10.0,9,1,-16.93,16.42
EMP010,2026-03-09,67,Branch Manager,Surat,COHORT009,1,34,50,12,10,4,188,1,1,2,12.29,20.6,41.75,47.29,61.9,0.3529,0.2941,0.0,10,0,-5.93,16.42
EMP010,2026-03-10,68,Branch Manager,Surat,COHORT009,1,22,29,12,11,6,178,1,1,1,11.71,20.9,42.58,42.8,43.4,0.5455,0.5,0.0,10,0,-5.93,16.42
EMP010,2026-03-11,69,Branch Manager,Surat,COHORT009,1,35,47,11,8,3,198,1,1,1,11.0,21.1,47.87,58.83,71.7,0.3143,0.2286,0.0,10,0,-6.93,16.42
EMP010,2026-03-12,70,Branch Manager,Surat,COHORT009,1,22,39,5,8,5,157,1,1,1,10.86,20.0,75.0,56.92,50.98,0.2273,0.3636,0.0,10,0,-12.93,16.42
EMP010,2026-03-13,71,Branch Manager,Surat,COHORT009,1,33,41,5,3,2,180,1,1,1,8.57,18.43,72.87,83.15,79.45,0.1515,0.0909,0.0,10,0,-12.93,16.42
EMP010,2026-03-14,72,Branch Manager,Surat,COHORT009,1,7,9,1,0,0,36,1,1,1,6.86,17.5,94.29,100.0,100.0,0.1429,0.0,20.0,8,2,-16.93,16.42
EMP010,2026-03-15,73,Branch Manager,Surat,COHORT009,1,0,0,0,0,0,0,1,2,2,6.71,16.63,100.0,100.0,100.0,0.0,0.0,100.0,0,10,-17.93,16.42
EMP010,2026-03-16,74,Branch Manager,Surat,COHORT009,1,23,58,1,0,0,178,2,3,3,6.57,15.3,93.46,100.0,100.0,0.0435,0.0,20.0,8,2,-16.93,16.42
EMP010,2026-03-17,75,Branch Manager,Surat,COHORT009,1,22,37,0,0,0,141,1,4,4,5.0,15.2,100.0,100.0,100.0,0.0,0.0,30.0,7,3,-17.93,16.42
EMP010,2026-03-18,76,Branch Manager,Surat,COHORT009,1,28,34,0,0,0,158,2,5,5,3.29,14.93,100.0,100.0,100.0,0.0,0.0,30.0,7,3,-17.93,16.42
EMP010,2026-03-19,77,Branch Manager,Surat,COHORT009,1,21,52,0,0,0,157,3,6,6,1.71,13.9,100.0,100.0,100.0,0.0,0.0,30.0,7,3,-17.93,16.42
EMP010,2026-03-20,78,Branch Manager,Surat,COHORT009,1,32,56,0,0,0,187,4,7,7,1.0,12.57,100.0,100.0,100.0,0.0,0.0,30.0,7,3,-17.93,16.42
EMP010,2026-03-21,79,Branch Manager,Surat,COHORT009,1,8,7,0,0,0,25,5,8,8,0.29,11.63,100.0,100.0,100.0,0.0,0.0,30.0,7,3,-17.93,16.42
EMP010,2026-03-22,80,Branch Manager,Surat,COHORT009,1,6,11,0,0,0,32,6,9,9,0.14,10.7,100.0,100.0,100.0,0.0,0.0,30.0,7,3,-17.93,16.42
EMP010,2026-03-23,81,Branch Manager,Surat,COHORT009,1,28,59,0,0,0,180,7,10,10,0.14,9.23,100.0,100.0,100.0,0.0,0.0,30.0,7,3,-17.93,16.42
EMP010,2026-03-24,82,Branch Manager,Surat,COHORT009,1,27,38,0,0,0,145,8,11,11,0.0,9.17,100.0,100.0,100.0,0.0,0.0,30.0,7,3,-17.93,16.42
EMP010,2026-03-25,83,Branch Manager,Surat,COHORT009,1,46,37,0,0,0,169,9,12,12,0.0,9.03,100.0,100.0,100.0,0.0,0.0,30.0,7,3,-17.93,16.42
EMP010,2026-03-26,84,Branch Manager,Surat,COHORT009,1,39,51,0,0,0,187,10,13,13,0.0,8.03,100.0,100.0,100.0,0.0,0.0,30.0,7,3,-17.93,16.42
EMP010,2026-03-27,85,Branch Manager,Surat,COHORT009,1,49,52,0,0,0,186,11,14,14,0.0,6.53,100.0,100.0,100.0,0.0,0.0,30.0,7,3,-17.93,16.42
EMP010,2026-03-28,86,Branch Manager,Surat,COHORT009,1,2,3,0,0,0,13,12,15,15,0.0,5.67,100.0,100.0,100.0,0.0,0.0,40.0,6,4,-17.93,16.42
EMP010,2026-03-29,87,Branch Manager,Surat,COHORT009,1,6,10,0,0,0,40,13,16,16,0.0,5.13,100.0,100.0,100.0,0.0,0.0,30.0,7,3,-17.93,16.42
EMP010,2026-03-30,88,Branch Manager,Surat,COHORT009,1,27,38,0,0,0,153,14,17,17,0.0,4.5,100.0,100.0,100.0,0.0,0.0,30.0,7,3,-17.93,16.42
EMP010,2026-03-31,89,Branch Manager,Surat,COHORT009,1,43,44,0,0,0,199,15,18,18,0.0,4.43,100.0,100.0,100.0,0.0,0.0,30.0,7,3,-17.93,16.42
EMP011,2026-01-01,0,Branch Manager,Delhi,COHORT010,0,33,32,37,33,17,232,1,1,1,0.0,0.0,0.0,0.0,0.0,1.1212,1.0,0.0,10,0,11.83,14.11
EMP011,2026-01-02,1,Branch Manager,Delhi,COHORT010,0,29,34,31,19,20,238,1,1,1,37.0,37.0,16.22,42.42,0.0,1.069,0.6552,0.0,10,0,5.83,14.11
EMP011,2026-01-03,2,Branch Manager,Delhi,COHORT010,0,9,8,7,4,4,50,1,1,1,34.0,34.0,79.41,84.62,78.38,0.7778,0.4444,0.0,10,0,-18.17,14.11
EMP011,2026-01-04,3,Branch Manager,Delhi,COHORT010,0,3,5,4,3,2,25,1,1,1,25.0,25.0,84.0,83.93,85.37,1.3333,1.0,10.0,9,1,-21.17,14.11
EMP011,2026-01-05,4,Branch Manager,Delhi,COHORT010,0,30,37,23,26,12,245,1,1,1,19.75,19.75,0.0,0.0,0.0,0.7667,0.8667,0.0,10,0,-2.17,14.11
EMP011,2026-01-06,5,Branch Manager,Delhi,COHORT010,0,33,53,28,28,22,247,1,1,1,20.4,20.4,0.0,0.0,0.0,0.8485,0.8485,0.0,10,0,2.83,14.11
EMP011,2026-01-07,6,Branch Manager,Delhi,COHORT010,0,44,38,36,28,24,279,1,1,1,21.67,21.67,0.0,0.0,0.0,0.8182,0.6364,0.0,10,0,10.83,14.11
EMP011,2026-01-08,7,Branch Manager,Delhi,COHORT010,0,36,39,30,32,12,268,1,1,1,23.71,23.71,0.0,0.0,16.84,0.8333,0.8889,0.0,10,0,4.83,14.11
EMP011,2026-01-09,8,Branch Manager,Delhi,COHORT010,0,38,49,36,20,24,244,1,1,1,22.71,24.5,0.0,7.49,0.0,0.9474,0.5263,0.0,10,0,10.83,14.11
EMP011,2026-01-10,9,Branch Manager,Delhi,COHORT010,0,5,5,4,4,2,30,1,1,1,23.43,25.78,84.48,81.34,86.86,0.8,0.8,0.0,10,0,-21.17,14.11
EMP011,2026-01-11,10,Branch Manager,Delhi,COHORT010,0,9,9,9,7,5,59,1,1,1,23.0,23.6,61.86,64.47,64.03,1.0,0.7778,0.0,10,0,-16.17,14.11
EMP011,2026-01-12,11,Branch Manager,Delhi,COHORT010,0,39,49,24,29,25,246,1,1,1,23.71,22.27,0.0,0.0,0.0,0.6154,0.7436,0.0,10,0,-1.17,14.11
EMP011,2026-01-13,12,Branch Manager,Delhi,COHORT010,0,27,40,33,23,18,243,1,1,1,23.86,22.42,0.0,0.0,0.0,1.2222,0.8519,0.0,10,0,7.83,14.11
EMP011,2026-01-14,13,Branch Manager,Delhi,COHORT010,0,47,52,30,20,21,260,1,1,1,24.57,23.23,0.0,0.0,0.0,0.6383,0.4255,0.0,10,0,4.83,14.11
EMP011,2026-01-15,14,Branch Manager,Delhi,COHORT010,0,29,39,28,27,26,254,1,1,1,23.71,23.71,0.0,0.0,0.0,0.9655,0.931,0.0,10,0,2.83,14.11
EMP011,2026-01-16,15,Branch Manager,Delhi,COHORT010,0,25,38,28,36,17,236,1,1,1,23.43,24.0,0.0,0.0,0.0,1.12,1.44,0.0,10,0,2.83,14.11
EMP011,2026-01-17,16,Branch Manager,Delhi,COHORT010,0,9,6,6,4,4,43,1,1,1,22.29,24.25,75.26,81.12,74.51,0.6667,0.4444,0.0,10,0,-19.17,14.11
EMP011,2026-01-18,17,Branch Manager,Delhi,COHORT010,0,3,4,6,5,2,35,1,1,1,22.57,23.18,74.12,75.22,86.67,2.0,1.6667,0.0,10,0,-19.17,14.11
EMP011,2026-01-19,18,Branch Manager,Delhi,COHORT010,0,27,52,27,30,14,233,1,1,1,22.14,22.22,0.0,0.0,1.96,1.0,1.1111,0.0,10,0,1.83,14.11
EMP011,2026-01-20,19,Branch Manager,Delhi,COHORT010,0,39,56,34,21,20,265,1,1,1,22.57,22.47,0.0,0.0,0.0,0.8718,0.5385,0.0,10,0,8.83,14.11
EMP011,2026-01-21,20,Branch Manager,Delhi,COHORT010,0,47,37,38,27,18,257,1,1,1,22.71,23.05,0.0,0.0,0.0,0.8085,0.5745,0.0,10,0,12.83,14.11
EMP011,2026-01-22,21,Branch Manager,Delhi,COHORT010,0,33,34,34,43,24,240,1,1,1,23.86,23.76,0.0,0.0,0.0,1.0303,1.303,0.0,10,0,8.83,14.11
EMP011,2026-01-23,22,Branch Manager,Delhi,COHORT010,0,46,41,43,39,14,283,1,1,1,24.71,24.23,0.0,0.0,7.53,0.9348,0.8478,0.0,10,0,17.83,14.11
EMP011,2026-01-24,23,Branch Manager,Delhi,COHORT010,0,2,3,2,2,1,15,1,1,1,26.86,25.04,92.01,90.95,93.37,1.0,1.0,10.0,9,1,-23.17,14.11
EMP011,2026-01-25,24,Branch Manager,Delhi,COHORT010,0,3,7,5,4,2,35,1,1,1,26.29,24.08,79.24,81.18,86.21,1.6667,1.3333,0.0,10,0,-20.17,14.11
EMP011,2026-01-26,25,Branch Manager,Delhi,COHORT010,0,34,48,30,29,19,264,1,1,1,26.14,23.32,0.0,0.0,0.0,0.8824,0.8529,0.0,10,0,4.83,14.11
EMP011,2026-01-27,26,Branch Manager,Delhi,COHORT010,0,34,48,29,34,16,241,1,1,1,26.57,23.58,0.0,0.0,0.0,0.8529,1.0,0.0,10,0,3.83,14.11
EMP011,2026-01-28,27,Branch Manager,Delhi,COHORT010,0,26,45,28,22,26,267,1,1,1,25.86,23.78,0.0,0.0,0.0,1.0769,0.8462,0.0,10,0,2.83,14.11
EMP011,2026-01-29,28,Branch Manager,Delhi,COHORT010,0,35,37,35,33,14,255,1,1,1,24.43,23.93,0.0,0.0,4.63,1.0,0.9429,0.0,10,0,9.83,14.11
EMP011,2026-01-30,29,Branch Manager,Delhi,COHORT010,0,27,48,32,35,10,241,1,1,1,24.57,24.31,0.0,0.0,31.79,1.1852,1.2963,0.0,10,0,6.83,14.11
EMP011,2026-01-31,30,Branch Manager,Delhi,COHORT010,0,1,2,2,0,1,8,1,1,1,23.0,24.57,91.86,100.0,93.1,2.0,0.0,40.0,6,4,-23.17,14.11
EMP011,2026-02-01,31,Branch Manager,Delhi,COHORT010,0,4,4,4,5,1,28,1,2,1,23.0,23.4,82.91,76.34,92.84,1.0,1.25,10.0,9,1,-21.17,14.11
EMP011,2026-02-02,32,Branch Manager,Delhi,COHORT010,0,30,51,25,40,20,270,1,1,1,22.86,22.5,0.0,0.0,0.0,0.8333,1.3333,0.0,10,0,-0.17,14.11
EMP011,2026-02-03,33,Branch Manager,Delhi,COHORT010,0,24,32,33,33,21,222,1,1,1,22.14,23.1,0.0,0.0,0.0,1.375,1.375,0.0,10,0,7.83,14.11
EMP011,2026-02-04,34,Branch Manager,Delhi,COHORT010,0,23,56,27,26,19,249,1,1,1,22.71,24.07,0.0,0.0,0.0,1.1739,1.1304,0.0,10,0,1.83,14.11
EMP011,2026-02-05,35,Branch Manager,Delhi,COHORT010,0,32,34,25,33,22,256,1,1,1,22.57,24.2,0.0,0.0,0.0,0.7812,1.0312,0.0,10,0,-0.17,14.11
EMP011,2026-02-06,36,Branch Manager,Delhi,COHORT010,0,28,48,49,29,24,259,1,1,1,21.14,24.1,0.0,0.0,0.0,1.75,1.0357,0.0,10,0,23.83,14.11
EMP011,2026-02-07,37,Branch Manager,Delhi,COHORT010,0,4,6,3,2,2,23,1,1,1,23.57,24.53,87.77,91.33,86.42,0.75,0.5,0.0,10,0,-22.17,14.11
EMP011,2026-02-08,38,Branch Manager,Delhi,COHORT010,0,8,5,6,6,3,43,1,1,1,23.71,23.63,74.61,72.81,79.17,0.75,0.75,0.0,10,0,-19.17,14.11
EMP011,2026-02-09,39,Branch Manager,Delhi,COHORT010,0,19,62,40,21,22,264,1,1,1,24.0,22.63,0.0,2.78,0.0,2.1053,1.1053,0.0,10,0,14.83,14.11
EMP011,2026-02-10,40,Branch Manager,Delhi,COHORT010,0,50,32,42,36,10,256,1,1,1,26.14,23.83,0.0,0.0,30.41,0.84,0.72,0.0,10,0,16.83,14.11
EMP011,2026-02-11,41,Branch Manager,Delhi,COHORT010,0,38,39,30,26,20,248,1,1,1,27.43,24.93,0.0,0.0,0.0,0.7895,0.6842,0.0,10,0,4.83,14.11
EMP011,2026-02-12,42,Branch Manager,Delhi,COHORT010,0,36,58,27,27,11,245,1,1,1,27.86,25.13,0.0,0.0,23.45,0.75,0.75,0.0,10,0,1.83,14.11
EMP011,2026-02-13,43,Branch Manager,Delhi,COHORT010,0,35,35,42,31,18,272,1,1,1,28.14,24.93,0.0,0.0,0.0,1.2,0.8857,0.0,10,0,16.83,14.11
EMP011,2026-02-14,44,Branch Manager,Delhi,COHORT010,0,3,4,3,2,0,16,1,1,1,27.14,25.33,88.16,91.5,100.0,1.0,0.6667,20.0,8,2,-22.17,14.11
EMP011,2026-02-15,45,Branch Manager,Delhi,COHORT010,0,3,2,3,2,0,14,1,1,2,27.14,24.5,87.76,91.19,100.0,1.0,0.6667,30.0,7,3,-22.17,14.11
EMP011,2026-02-16,46,Branch Manager,Delhi,COHORT010,0,42,50,31,38,13,286,1,1,3,26.71,23.67,0.0,0.0,0.0,0.7381,0.9048,0.0,10,0,5.83,14.11
EMP011,2026-02-17,47,Branch Manager,Delhi,COHORT010,0,43,54,42,29,13,264,1,1,1,25.43,24.5,0.0,0.0,0.0,0.9767,0.6744,0.0,10,0,16.83,14.11
EMP011,2026-02-18,48,Branch Manager,Delhi,COHORT010,0,29,43,30,28,22,250,1,1,1,25.43,25.7,0.0,0.0,0.0,1.0345,0.9655,0.0,10,0,4.83,14.11
EMP011,2026-02-19,49,Branch Manager,Delhi,COHORT010,0,39,52,44,35,14,283,1,1,1,25.43,25.8,0.0,0.0,0.0,1.1282,0.8974,0.0,10,0,18.83,14.11
EMP011,2026-02-20,50,Branch Manager,Delhi,COHORT010,0,24,32,30,27,21,245,1,1,1,27.86,26.13,0.0,0.0,0.0,1.25,1.125,0.0,10,0,4.83,14.11
EMP011,2026-02-21,51,Branch Manager,Delhi,COHORT010,0,8,11,8,5,5,56,1,1,1,26.14,25.87,69.08,79.08,62.77,1.0,0.625,0.0,10,0,-17.17,14.11
EMP011,2026-02-22,52,Branch Manager,Delhi,COHORT010,0,6,7,6,6,1,39,1,1,1,26.86,25.0,76.0,73.49,92.19,1.0,1.0,0.0,10,0,-19.17,14.11
EMP011,2026-02-23,53,Branch Manager,Delhi,COHORT010,0,32,39,37,40,10,245,1,1,1,27.29,23.77,0.0,0.0,19.16,1.1562,1.25,0.0,10,0,11.83,14.11
EMP011,2026-02-24,54,Branch Manager,Delhi,COHORT010,0,32,45,37,28,24,267,1,1,1,28.14,24.93,0.0,0.0,0.0,1.1562,0.875,0.0,10,0,11.83,14.11
EMP011,2026-02-25,55,Branch Manager,Delhi,COHORT010,0,31,56,31,30,12,275,1,1,1,27.43,26.0,0.0,0.0,10.45,1.0,0.9677,0.0,10,0,5.83,14.11
EMP011,2026-02-26,56,Branch Manager,Delhi,COHORT010,0,33,40,26,23,20,245,1,1,1,27.57,26.03,0.12,2.67,0.0,0.7879,0.697,0.0,10,0,0.83,14.11
EMP011,2026-02-27,57,Branch Manager,Delhi,COHORT010,0,41,57,31,25,18,268,1,1,1,25.0,25.93,0.0,0.0,0.0,0.7561,0.6098,0.0,10,0,5.83,14.11
EMP011,2026-02-28,58,Branch Manager,Delhi,COHORT010,0,1,3,1,1,1,11,1,1,1,25.14,26.03,96.16,95.72,92.33,1.0,1.0,10.0,9,1,-24.17,14.11
EMP011,2026-03-01,59,Branch Manager,Delhi,COHORT010,0,4,9,4,4,2,38,1,1,1,24.14,24.9,83.94,82.06,84.13,1.0,1.0,0.0,10,0,-21.17,14.11
EMP011,2026-03-02,60,Branch Manager,Delhi,COHORT010,0,49,53,42,33,18,304,1,1,1,23.86,23.97,0.0,0.0,0.0,0.8571,0.6735,0.0,10,0,16.83,14.11
EMP011,2026-03-03,61,Branch Manager,Delhi,COHORT010,0,31,41,42,34,21,273,1,1,1,24.57,25.3,0.0,0.0,0.0,1.3548,1.0968,0.0,10,0,16.83,14.11
EMP011,2026-03-04,62,Branch Manager,Delhi,COHORT010,0,39,60,30,32,20,292,1,1,1,25.29,26.57,0.0,0.0,0.0,0.7692,0.8205,0.0,10,0,4.83,14.11
EMP011,2026-03-05,63,Branch Manager,Delhi,COHORT010,0,42,63,27,41,15,286,1,1,1,25.14,26.73,0.0,0.0,0.0,0.6429,0.9762,0.0,10,0,1.83,14.11
EMP011,2026-03-06,64,Branch Manager,Delhi,COHORT010,0,41,46,38,32,20,286,1,1,1,25.29,26.53,0.0,0.0,0.0,0.9268,0.7805,0.0,10,0,12.83,14.11
EMP011,2026-03-07,65,Branch Manager,Delhi,COHORT010,0,1,2,1,2,1,8,1,1,1,26.29,26.9,96.28,91.5,92.54,1.0,2.0,40.0,6,4,-24.17,14.11
EMP011,2026-03-08,66,Branch Manager,Delhi,COHORT010,0,9,8,6,7,3,46,1,1,1,26.29,26.1,77.01,68.89,76.38,0.6667,0.7778,0.0,10,0,-19.17,14.11
EMP011,2026-03-09,67,Branch Manager,Delhi,COHORT010,0,48,48,32,23,15,260,1,1,1,26.57,24.67,0.0,0.0,0.0,0.6667,0.4792,0.0,10,0,6.83,14.11
EMP011,2026-03-10,68,Branch Manager,Delhi,COHORT010,0,37,53,34,36,22,263,1,1,1,25.14,25.63,0.0,0.0,0.0,0.9189,0.973,0.0,10,0,8.83,14.11
EMP011,2026-03-11,69,Branch Manager,Delhi,COHORT010,0,37,53,32,28,17,267,1,1,1,24.0,26.57,0.0,0.0,0.0,0.8649,0.7568,0.0,10,0,6.83,14.11
EMP011,2026-03-12,70,Branch Manager,Delhi,COHORT010,0,28,36,26,36,12,233,1,1,1,24.29,26.3,1.14,0.0,6.98,0.9286,1.2857,0.0,10,0,0.83,14.11
EMP011,2026-03-13,71,Branch Manager,Delhi,COHORT010,0,31,33,39,35,21,251,1,1,1,24.14,25.77,0.0,0.0,0.0,1.2581,1.129,0.0,10,0,13.83,14.11
EMP011,2026-03-14,72,Branch Manager,Delhi,COHORT010,0,6,5,4,2,2,30,1,1,1,24.29,26.07,84.66,91.67,84.62,0.6667,0.3333,0.0,10,0,-21.17,14.11
EMP011,2026-03-15,73,Branch Manager,Delhi,COHORT010,0,5,6,4,6,1,39,1,1,1,24.71,25.3,84.19,74.1,92.13,0.8,1.2,0.0,10,0,-21.17,14.11
EMP011,2026-03-16,74,Branch Manager,Delhi,COHORT010,0,38,31,31,26,15,261,1,1,1,24.43,24.03,0.0,0.0,0.0,0.8158,0.6842,0.0,10,0,5.83,14.11
EMP011,2026-03-17,75,Branch Manager,Delhi,COHORT010,0,45,33,39,30,29,270,1,1,1,24.29,24.97,0.0,0.0,0.0,0.8667,0.6667,0.0,10,0,13.83,14.11
EMP011,2026-03-18,76,Branch Manager,Delhi,COHORT010,0,44,35,43,26,10,225,1,1,1,25.0,26.17,0.0,0.0,26.47,0.9773,0.5909,0.0,10,0,17.83,14.11
EMP011,2026-03-19,77,Branch Manager,Delhi,COHORT010,0,40,37,38,36,17,240,1,1,1,26.57,26.57,0.0,0.0,0.0,0.95,0.9,0.0,10,0,12.83,14.11
EMP011,2026-03-20,78,Branch Manager,Delhi,COHORT010,0,27,48,33,19,23,243,1,1,1,28.29,26.43,0.0,20.5,0.0,1.2222,0.7037,0.0,10,0,7.83,14.11
EMP011,2026-03-21,79,Branch Manager,Delhi,COHORT010,0,7,10,9,9,6,66,1,1,1,27.43,26.53,66.08,61.86,56.11,1.2857,1.2857,0.0,10,0,-16.17,14.11
EMP011,2026-03-22,80,Branch Manager,Delhi,COHORT010,0,7,11,6,4,4,59,1,1,1,28.14,25.37,76.35,82.4,70.15,0.8571,0.5714,0.0,10,0,-19.17,14.11
EMP011,2026-03-23,81,Branch Manager,Delhi,COHORT010,0,30,47,40,26,18,259,1,1,1,28.43,24.57,0.0,0.0,0.0,1.3333,0.8667,0.0,10,0,14.83,14.11
EMP011,2026-03-24,82,Branch Manager,Delhi,COHORT010,0,31,49,30,24,25,271,1,1,1,29.71,25.63,0.0,0.0,0.0,0.9677,0.7742,0.0,10,0,4.83,14.11
EMP011,2026-03-25,83,Branch Manager,Delhi,COHORT010,0,28,45,30,33,12,221,1,1,1,28.43,26.43,0.0,0.0,14.71,1.0714,1.1786,0.0,10,0,4.83,14.11
EMP011,2026-03-26,84,Branch Manager,Delhi,COHORT010,0,24,36,48,30,19,243,1,1,1,26.57,26.2,0.0,0.0,0.0,2.0,1.25,0.0,10,0,22.83,14.11
EMP011,2026-03-27,85,Branch Manager,Delhi,COHORT010,0,41,32,24,24,11,219,1,1,1,28.0,26.57,9.67,0.0,21.26,0.5854,0.5854,0.0,10,0,-1.17,14.11
EMP011,2026-03-28,86,Branch Manager,Delhi,COHORT010,0,4,10,7,5,3,48,1,1,1,26.71,26.33,73.41,78.17,78.46,1.75,1.25,0.0,10,0,-18.17,14.11
EMP011,2026-03-29,87,Branch Manager,Delhi,COHORT010,0,3,4,2,1,0,17,1,1,1,26.43,25.7,92.22,95.52,100.0,0.6667,0.3333,10.0,9,1,-23.17,14.11
EMP011,2026-03-30,88,Branch Manager,Delhi,COHORT010,0,45,45,42,24,11,268,1,1,2,25.86,24.73,0.0,0.0,13.86,0.9333,0.5333,0.0,10,0,16.83,14.11
EMP011,2026-03-31,89,Branch Manager,Delhi,COHORT010,0,37,50,30,31,23,272,1,1,1,26.14,26.1,0.0,0.0,0.0,0.8108,0.8378,0.0,10,0,4.83,14.11
EMP012,2026-01-01,0,Branch Manager,Bangalore,COHORT011,0,20,31,30,39,11,217,1,1,1,0.0,0.0,0.0,0.0,0.0,1.5,1.95,0.0,10,0,4.18,15.67
EMP012,2026-01-02,1,Branch Manager,Bangalore,COHORT011,0,21,54,33,23,13,229,1,1,1,30.0,30.0,0.0,41.03,0.0,1.5714,1.0952,0.0,10,0,7.18,15.67
EMP012,2026-01-03,2,Branch Manager,Bangalore,COHORT011,0,4,4,5,2,1,23,1,1,1,31.5,31.5,84.13,93.55,91.67,1.25,0.5,0.0,10,0,-20.82,15.67
EMP012,2026-01-04,3,Branch Manager,Bangalore,COHORT011,0,1,2,1,1,1,7,1,1,1,22.67,22.67,95.59,95.31,88.0,1.0,1.0,40.0,6,4,-24.82,15.67
EMP012,2026-01-05,4,Branch Manager,Bangalore,COHORT011,0,22,39,48,36,25,256,1,1,1,17.25,17.25,0.0,0.0,0.0,2.1818,1.6364,0.0,10,0,22.18,15.67
EMP012,2026-01-06,5,Branch Manager,Bangalore,COHORT011,0,39,48,37,29,15,269,1,1,1,23.4,23.4,0.0,0.0,0.0,0.9487,0.7436,0.0,10,0,11.18,15.67
EMP012,2026-01-07,6,Branch Manager,Bangalore,COHORT011,0,23,46,24,24,13,225,1,1,1,25.67,25.67,6.51,0.0,0.0,1.0435,1.0435,0.0,10,0,-1.82,15.67
EMP012,2026-01-08,7,Branch Manager,Bangalore,COHORT011,0,28,35,32,31,16,247,1,1,1,25.43,25.43,0.0,0.0,0.0,1.1429,1.1071,0.0,10,0,6.18,15.67
EMP012,2026-01-09,8,Branch Manager,Bangalore,COHORT011,0,23,60,26,25,16,253,1,1,1,25.71,26.25,0.95,0.0,0.0,1.1304,1.087,0.0,10,0,0.18,15.67
EMP012,2026-01-10,9,Branch Manager,Bangalore,COHORT011,0,6,7,4,5,3,39,1,1,1,24.71,26.22,84.74,78.57,75.67,0.6667,0.8333,0.0,10,0,-21.82,15.67
EMP012,2026-01-11,10,Branch Manager,Bangalore,COHORT011,0,9,8,7,7,3,47,1,1,1,24.57,24.0,70.83,67.44,73.68,0.7778,0.7778,10.0,9,1,-18.82,15.67
EMP012,2026-01-12,11,Branch Manager,Bangalore,COHORT011,0,37,47,30,20,18,260,1,1,1,25.43,22.45,0.0,0.89,0.0,0.8108,0.5405,0.0,10,0,4.18,15.67
EMP012,2026-01-13,12,Branch Manager,Bangalore,COHORT011,0,42,52,35,40,16,265,1,1,1,22.86,23.08,0.0,0.0,0.0,0.8333,0.9524,0.0,10,0,9.18,15.67
EMP012,2026-01-14,13,Branch Manager,Bangalore,COHORT011,0,20,39,25,26,14,221,1,1,1,22.57,24.0,0.0,0.0,0.0,1.25,1.3,0.0,10,0,-0.82,15.67
EMP012,2026-01-15,14,Branch Manager,Bangalore,COHORT011,0,38,44,25,24,25,249,1,1,1,22.71,24.07,0.0,0.0,0.0,0.6579,0.6316,0.0,10,0,-0.82,15.67
EMP012,2026-01-16,15,Branch Manager,Bangalore,COHORT011,0,23,33,47,21,14,237,1,1,1,21.71,24.13,0.0,5.11,0.0,2.0435,0.913,0.0,10,0,21.18,15.67
EMP012,2026-01-17,16,Branch Manager,Bangalore,COHORT011,0,0,0,0,0,0,0,1,1,1,24.71,25.56,100.0,100.0,100.0,0.0,0.0,100.0,0,10,-25.82,15.67
EMP012,2026-01-18,17,Branch Manager,Bangalore,COHORT011,0,1,1,1,1,0,8,2,2,2,24.14,24.06,95.84,95.18,100.0,1.0,1.0,30.0,7,3,-24.82,15.67
EMP012,2026-01-19,18,Branch Manager,Bangalore,COHORT011,0,33,29,31,27,12,219,1,1,3,23.29,22.78,0.0,0.0,0.0,0.9394,0.8182,0.0,10,0,5.18,15.67
EMP012,2026-01-20,19,Branch Manager,Bangalore,COHORT011,0,25,35,30,31,19,251,1,1,1,23.43,23.21,0.0,0.0,0.0,1.2,1.24,0.0,10,0,4.18,15.67
EMP012,2026-01-21,20,Branch Manager,Bangalore,COHORT011,0,29,63,30,28,19,263,1,1,1,22.71,23.55,0.0,0.0,0.0,1.0345,0.9655,0.0,10,0,4.18,15.67
EMP012,2026-01-22,21,Branch Manager,Bangalore,COHORT011,0,23,38,35,37,15,250,1,1,1,23.43,23.86,0.0,0.0,0.0,1.5217,1.6087,0.0,10,0,9.18,15.67
EMP012,2026-01-23,22,Branch Manager,Bangalore,COHORT011,0,20,58,36,39,21,259,1,1,1,24.86,24.36,0.0,0.0,0.0,1.8,1.95,0.0,10,0,10.18,15.67
EMP012,2026-01-24,23,Branch Manager,Bangalore,COHORT011,0,6,11,8,4,2,50,1,1,1,23.29,24.87,67.83,82.17,84.14,1.3333,0.6667,0.0,10,0,-17.82,15.67
EMP012,2026-01-25,24,Branch Manager,Bangalore,COHORT011,0,0,0,0,0,0,0,1,1,1,24.43,24.17,100.0,100.0,100.0,0.0,0.0,100.0,0,10,-25.82,15.67
EMP012,2026-01-26,25,Branch Manager,Bangalore,COHORT011,0,33,62,43,30,17,300,2,2,2,24.29,23.2,0.0,0.0,0.0,1.303,0.9091,0.0,10,0,17.18,15.67
EMP012,2026-01-27,26,Branch Manager,Bangalore,COHORT011,0,35,56,41,24,21,275,1,1,1,26.0,23.96,0.0,0.0,0.0,1.1714,0.6857,0.0,10,0,15.18,15.67
EMP012,2026-01-28,27,Branch Manager,Bangalore,COHORT011,0,45,64,30,19,16,269,1,1,1,27.57,24.59,0.0,10.63,0.0,0.6667,0.4222,0.0,10,0,4.18,15.67
EMP012,2026-01-29,28,Branch Manager,Bangalore,COHORT011,0,31,34,25,31,15,237,1,1,1,27.57,24.79,0.0,0.0,0.0,0.8065,1.0,0.0,10,0,-0.82,15.67
EMP012,2026-01-30,29,Branch Manager,Bangalore,COHORT011,0,45,51,40,23,15,262,1,1,1,26.14,24.79,0.0,0.0,0.0,0.8889,0.5111,0.0,10,0,14.18,15.67
EMP012,2026-01-31,30,Branch Manager,Bangalore,COHORT011,0,2,2,1,1,0,9,1,1,1,26.71,25.3,96.05,95.36,100.0,0.5,0.5,30.0,7,3,-24.82,15.67
EMP012,2026-02-01,31,Branch Manager,Bangalore,COHORT011,0,3,3,3,1,1,18,1,1,2,25.71,24.33,87.67,95.07,91.78,1.0,0.3333,0.0,10,0,-22.82,15.67
EMP012,2026-02-02,32,Branch Manager,Bangalore,COHORT011,0,20,65,27,35,17,269,1,1,1,26.14,23.33,0.0,0.0,0.0,1.35,1.75,0.0,10,0,1.18,15.67
EMP012,2026-02-03,33,Branch Manager,Bangalore,COHORT011,0,41,36,24,33,24,249,1,1,1,23.86,24.07,0.29,0.0,0.0,0.5854,0.8049,0.0,10,0,-1.82,15.67
EMP012,2026-02-04,34,Branch Manager,Bangalore,COHORT011,0,25,36,29,24,25,231,1,1,1,21.43,24.83,0.0,0.0,0.0,1.16,0.96,0.0,10,0,3.18,15.67
EMP012,2026-02-05,35,Branch Manager,Bangalore,COHORT011,0,51,35,30,23,10,244,1,1,1,21.29,24.2,0.0,0.0,23.49,0.5882,0.451,0.0,10,0,4.18,15.67
EMP012,2026-02-06,36,Branch Manager,Bangalore,COHORT011,0,21,46,28,25,22,225,1,1,1,22.0,23.97,0.0,0.0,0.0,1.3333,1.1905,0.0,10,0,2.18,15.67
EMP012,2026-02-07,37,Branch Manager,Bangalore,COHORT011,0,5,6,4,5,2,31,1,1,1,20.29,24.1,83.4,76.38,84.85,0.8,1.0,0.0,10,0,-21.82,15.67
EMP012,2026-02-08,38,Branch Manager,Bangalore,COHORT011,0,0,1,1,0,0,3,1,1,1,20.71,23.17,95.68,100.0,100.0,1.0,0.0,70.0,3,7,-24.82,15.67
EMP012,2026-02-09,39,Branch Manager,Bangalore,COHORT011,0,20,57,41,39,18,294,1,2,2,20.43,22.33,0.0,0.0,0.0,2.05,1.95,0.0,10,0,15.18,15.67
EMP012,2026-02-10,40,Branch Manager,Bangalore,COHORT011,0,28,36,39,31,14,250,1,1,1,22.43,23.57,0.0,0.0,0.0,1.3929,1.1071,0.0,10,0,13.18,15.67
EMP012,2026-02-11,41,Branch Manager,Bangalore,COHORT011,0,39,53,41,42,16,283,1,1,1,24.57,24.63,0.0,0.0,0.0,1.0513,1.0769,0.0,10,0,15.18,15.67
EMP012,2026-02-12,42,Branch Manager,Bangalore,COHORT011,0,33,43,33,40,20,265,1,1,1,26.29,25.0,0.0,0.0,0.0,1.0,1.2121,0.0,10,0,7.18,15.67
EMP012,2026-02-13,43,Branch Manager,Bangalore,COHORT011,0,37,45,43,24,15,268,1,1,1,26.71,24.93,0.0,0.0,0.0,1.1622,0.6486,0.0,10,0,17.18,15.67
EMP012,2026-02-14,44,Branch Manager,Bangalore,COHORT011,0,4,5,5,3,3,33,1,1,1,28.86,25.53,80.42,86.41,77.22,1.25,0.75,0.0,10,0,-20.82,15.67
EMP012,2026-02-15,45,Branch Manager,Bangalore,COHORT011,0,0,0,0,0,0,0,1,1,1,29.0,24.87,100.0,100.0,100.0,0.0,0.0,100.0,0,10,-25.82,15.67
EMP012,2026-02-16,46,Branch Manager,Bangalore,COHORT011,0,22,38,40,37,26,238,2,2,2,28.86,23.3,0.0,0.0,0.0,1.8182,1.6818,0.0,10,0,14.18,15.67
EMP012,2026-02-17,47,Branch Manager,Bangalore,COHORT011,0,39,37,41,31,20,268,1,1,1,28.71,24.63,0.0,0.0,0.0,1.0513,0.7949,0.0,10,0,15.18,15.67
EMP012,2026-02-18,48,Branch Manager,Bangalore,COHORT011,0,27,29,38,27,16,252,1,1,1,29.0,25.97,0.0,0.0,0.0,1.4074,1.0,0.0,10,0,12.18,15.67
EMP012,2026-02-19,49,Branch Manager,Bangalore,COHORT011,0,22,44,34,39,18,262,1,1,1,28.57,26.2,0.0,0.0,0.0,1.5455,1.7727,0.0,10,0,8.18,15.67
EMP012,2026-02-20,50,Branch Manager,Bangalore,COHORT011,0,24,54,39,25,19,262,1,1,1,28.71,26.33,0.0,0.0,0.0,1.625,1.0417,0.0,10,0,13.18,15.67
EMP012,2026-02-21,51,Branch Manager,Bangalore,COHORT011,0,6,8,5,4,4,46,1,1,1,28.14,26.63,81.22,82.66,70.59,0.8333,0.6667,0.0,10,0,-20.82,15.67
EMP012,2026-02-22,52,Branch Manager,Bangalore,COHORT011,0,1,1,1,1,0,5,1,1,1,28.14,25.63,96.1,95.45,100.0,1.0,1.0,50.0,5,5,-24.82,15.67
EMP012,2026-02-23,53,Branch Manager,Bangalore,COHORT011,0,50,41,43,22,11,251,1,1,2,28.29,24.47,0.0,0.0,12.21,0.86,0.44,0.0,10,0,17.18,15.67
EMP012,2026-02-24,54,Branch Manager,Bangalore,COHORT011,0,23,49,27,32,15,224,1,1,1,28.71,25.63,0.0,0.0,0.0,1.1739,1.3913,0.0,10,0,1.18,15.67
EMP012,2026-02-25,55,Branch Manager,Bangalore,COHORT011,0,24,45,29,29,16,228,1,1,1,26.71,26.53,0.0,0.0,0.0,1.2083,1.2083,0.0,10,0,3.18,15.67
EMP012,2026-02-26,56,Branch Manager,Bangalore,COHORT011,0,29,33,37,35,24,263,1,1,1,25.43,26.07,0.0,0.0,0.0,1.2759,1.2069,0.0,10,0,11.18,15.67
EMP012,2026-02-27,57,Branch Manager,Bangalore,COHORT011,0,38,34,37,31,21,255,1,1,1,25.86,25.93,0.0,0.0,0.0,0.9737,0.8158,0.0,10,0,11.18,15.67
EMP012,2026-02-28,58,Branch Manager,Bangalore,COHORT011,0,7,6,5,5,2,38,1,1,1,25.57,26.17,80.89,78.35,85.26,0.7143,0.7143,0.0,10,0,-20.82,15.67
EMP012,2026-03-01,59,Branch Manager,Bangalore,COHORT011,0,3,3,3,2,2,19,1,1,1,25.57,25.5,88.24,91.0,84.77,1.0,0.6667,0.0,10,0,-22.82,15.67
EMP012,2026-03-02,60,Branch Manager,Bangalore,COHORT011,0,36,32,44,33,22,257,1,1,1,25.86,24.27,0.0,0.0,0.0,1.2222,0.9167,0.0,10,0,18.18,15.67
EMP012,2026-03-03,61,Branch Manager,Bangalore,COHORT011,0,33,65,40,30,17,270,1,1,1,26.0,25.7,0.0,0.0,0.0,1.2121,0.9091,0.0,10,0,14.18,15.67
EMP012,2026-03-04,62,Branch Manager,Bangalore,COHORT011,0,46,35,32,20,11,242,1,1,1,27.86,26.93,0.0,15.15,21.26,0.6957,0.4348,0.0,10,0,6.18,15.67
EMP012,2026-03-05,63,Branch Manager,Bangalore,COHORT011,0,50,35,35,26,20,258,1,1,1,28.29,27.1,0.0,0.0,0.0,0.7,0.52,0.0,10,0,9.18,15.67
EMP012,2026-03-06,64,Branch Manager,Bangalore,COHORT011,0,26,38,37,22,18,223,1,1,1,28.0,27.47,0.0,3.64,0.0,1.4231,0.8462,0.0,10,0,11.18,15.67
EMP012,2026-03-07,65,Branch Manager,Bangalore,COHORT011,0,6,7,5,5,2,40,1,1,1,28.0,27.73,81.97,78.04,85.07,0.8333,0.8333,0.0,10,0,-20.82,15.67
EMP012,2026-03-08,66,Branch Manager,Bangalore,COHORT011,0,4,3,2,2,1,19,1,1,1,28.0,26.9,92.57,90.98,92.38,0.5,0.5,0.0,10,0,-23.82,15.67
EMP012,2026-03-09,67,Branch Manager,Bangalore,COHORT011,0,32,55,40,24,15,264,1,1,1,27.86,26.03,0.0,0.0,0.0,1.25,0.75,0.0,10,0,14.18,15.67
EMP012,2026-03-10,68,Branch Manager,Bangalore,COHORT011,0,39,58,31,27,23,251,1,1,1,27.29,27.23,0.0,0.0,0.0,0.7949,0.6923,0.0,10,0,5.18,15.67
EMP012,2026-03-11,69,Branch Manager,Bangalore,COHORT011,0,39,42,43,27,20,282,1,1,1,26.0,28.23,0.0,0.0,0.0,1.1026,0.6923,0.0,10,0,17.18,15.67
EMP012,2026-03-12,70,Branch Manager,Bangalore,COHORT011,0,45,43,38,24,11,246,1,1,1,27.57,28.3,0.0,0.0,19.71,0.8444,0.5333,0.0,10,0,12.18,15.67
EMP012,2026-03-13,71,Branch Manager,Bangalore,COHORT011,0,36,51,46,37,27,279,1,1,1,28.0,28.27,0.0,0.0,0.0,1.2778,1.0278,0.0,10,0,20.18,15.67
EMP012,2026-03-14,72,Branch Manager,Bangalore,COHORT011,0,3,4,2,2,1,21,1,1,1,29.29,28.43,92.97,90.96,92.84,0.6667,0.6667,10.0,9,1,-23.82,15.67
EMP012,2026-03-15,73,Branch Manager,Bangalore,COHORT011,0,1,2,1,0,0,4,1,1,1,28.86,27.4,96.35,100.0,100.0,1.0,0.0,70.0,3,7,-24.82,15.67
EMP012,2026-03-16,74,Branch Manager,Bangalore,COHORT011,0,40,43,26,37,19,275,1,2,2,28.71,26.0,0.0,0.0,0.0,0.65,0.925,0.0,10,0,0.18,15.67
EMP012,2026-03-17,75,Branch Manager,Bangalore,COHORT011,0,46,63,32,32,16,275,1,1,1,26.71,26.7,0.0,0.0,0.0,0.6957,0.6957,0.0,10,0,6.18,15.67
EMP012,2026-03-18,76,Branch Manager,Bangalore,COHORT011,0,22,43,39,38,19,268,1,1,1,26.86,27.77,0.0,0.0,0.0,1.7727,1.7273,0.0,10,0,13.18,15.67
EMP012,2026-03-19,77,Branch Manager,Bangalore,COHORT011,0,39,47,35,40,14,265,1,1,1,26.29,27.73,0.0,0.0,0.0,0.8974,1.0256,0.0,10,0,9.18,15.67
EMP012,2026-03-20,78,Branch Manager,Bangalore,COHORT011,0,41,36,45,48,14,261,1,1,1,25.86,27.53,0.0,0.0,0.0,1.0976,1.1707,0.0,10,0,19.18,15.67
EMP012,2026-03-21,79,Branch Manager,Bangalore,COHORT011,0,2,7,3,3,2,26,1,1,1,25.71,27.77,89.2,87.12,85.07,1.5,1.5,10.0,9,1,-22.82,15.67
EMP012,2026-03-22,80,Branch Manager,Bangalore,COHORT011,0,1,2,1,1,0,7,1,1,1,25.86,26.73,96.26,95.48,100.0,1.0,1.0,40.0,6,4,-24.82,15.67
EMP012,2026-03-23,81,Branch Manager,Bangalore,COHORT011,0,37,47,39,27,21,271,1,1,2,25.86,25.47,0.0,0.0,0.0,1.0541,0.7297,0.0,10,0,13.18,15.67
EMP012,2026-03-24,82,Branch Manager,Bangalore,COHORT011,0,39,50,25,39,24,275,1,1,1,27.71,26.6,6.02,0.0,0.0,0.641,1.0,0.0,10,0,-0.82,15.67
EMP012,2026-03-25,83,Branch Manager,Bangalore,COHORT011,0,23,37,36,40,20,248,1,1,1,26.71,27.4,0.0,0.0,0.0,1.5652,1.7391,0.0,10,0,10.18,15.67
EMP012,2026-03-26,84,Branch Manager,Bangalore,COHORT011,0,28,50,36,21,13,258,1,1,1,26.29,27.17,0.0,12.24,6.47,1.2857,0.75,0.0,10,0,10.18,15.67
EMP012,2026-03-27,85,Branch Manager,Bangalore,COHORT011,0,20,31,46,21,26,229,1,1,1,26.43,27.47,0.0,10.9,0.0,2.3,1.05,0.0,10,0,20.18,15.67
EMP012,2026-03-28,86,Branch Manager,Bangalore,COHORT011,0,3,4,5,4,2,29,1,1,1,26.57,28.03,82.16,82.83,85.89,1.6667,1.3333,0.0,10,0,-20.82,15.67
EMP012,2026-03-29,87,Branch Manager,Bangalore,COHORT011,0,3,3,2,2,0,15,1,1,1,26.86,26.97,92.58,91.02,100.0,0.6667,0.6667,20.0,8,2,-23.82,15.67
EMP012,2026-03-30,88,Branch Manager,Bangalore,COHORT011,0,21,59,27,33,13,235,1,1,2,27.0,25.8,0.0,0.0,0.0,1.2857,1.5714,0.0,10,0,1.18,15.67
EMP012,2026-03-31,89,Branch Manager,Bangalore,COHORT011,0,41,34,44,27,14,258,1,1,1,25.29,26.53,0.0,0.0,0.0,1.0732,0.6585,0.0,10,0,18.18,15.67
EMP013,2026-01-01,0,Branch Manager,Surat,COHORT012,0,27,31,34,36,20,235,1,1,1,0.0,0.0,0.0,0.0,0.0,1.2593,1.3333,0.0,10,0,6.89,15.45
EMP013,2026-01-02,1,Branch Manager,Surat,COHORT012,0,27,41,33,28,14,241,1,1,1,34.0,34.0,2.94,22.22,30.0,1.2222,1.037,0.0,10,0,5.89,15.45
EMP013,2026-01-03,2,Branch Manager,Surat,COHORT012,0,0,1,0,0,0,1,1,1,1,33.5,33.5,100.0,100.0,100.0,0.0,0.0,90.0,1,9,-27.11,15.45
EMP013,2026-01-04,3,Branch Manager,Surat,COHORT012,0,1,1,1,0,0,4,2,2,2,22.33,22.33,95.52,100.0,100.0,1.0,0.0,60.0,4,6,-26.11,15.45
EMP013,2026-01-05,4,Branch Manager,Surat,COHORT012,0,51,31,41,35,23,265,1,3,3,17.0,17.0,0.0,0.0,0.0,0.8039,0.6863,0.0,10,0,13.89,15.45
EMP013,2026-01-06,5,Branch Manager,Surat,COHORT012,0,37,61,44,34,16,309,1,1,1,21.8,21.8,0.0,0.0,0.0,1.1892,0.9189,0.0,10,0,16.89,15.45
EMP013,2026-01-07,6,Branch Manager,Surat,COHORT012,0,28,59,48,37,14,273,1,1,1,25.5,25.5,0.0,0.0,0.0,1.7143,1.3214,0.0,10,0,20.89,15.45
EMP013,2026-01-08,7,Branch Manager,Surat,COHORT012,0,22,52,31,19,21,231,1,1,1,28.71,28.71,0.0,21.78,0.0,1.4091,0.8636,0.0,10,0,3.89,15.45
EMP013,2026-01-09,8,Branch Manager,Surat,COHORT012,0,23,37,27,34,13,222,1,1,1,28.29,29.0,6.9,0.0,3.7,1.1739,1.4783,0.0,10,0,-0.11,15.45
EMP013,2026-01-10,9,Branch Manager,Surat,COHORT012,0,2,3,3,2,1,21,1,1,1,27.43,28.78,89.58,91.93,92.56,1.5,1.0,0.0,10,0,-24.11,15.45
EMP013,2026-01-11,10,Branch Manager,Surat,COHORT012,0,9,10,6,5,5,49,1,1,1,27.86,26.2,77.1,77.78,59.02,0.6667,0.5556,0.0,10,0,-21.11,15.45
EMP013,2026-01-12,11,Branch Manager,Surat,COHORT012,0,38,39,40,24,14,263,1,1,1,28.57,24.36,0.0,0.0,0.0,1.0526,0.6316,0.0,10,0,12.89,15.45
EMP013,2026-01-13,12,Branch Manager,Surat,COHORT012,0,30,44,39,36,17,263,1,1,1,28.43,25.67,0.0,0.0,0.0,1.3,1.2,0.0,10,0,11.89,15.45
EMP013,2026-01-14,13,Branch Manager,Surat,COHORT012,0,49,45,25,21,11,246,1,1,1,27.71,26.69,6.33,5.87,9.47,0.5102,0.4286,0.0,10,0,-2.11,15.45
EMP013,2026-01-15,14,Branch Manager,Surat,COHORT012,0,28,44,39,20,16,232,1,1,1,24.43,26.57,0.0,9.95,0.0,1.3929,0.7143,0.0,10,0,11.89,15.45
EMP013,2026-01-16,15,Branch Manager,Surat,COHORT012,0,35,48,27,25,12,250,1,1,1,25.57,27.4,1.46,0.0,2.68,0.7714,0.7143,0.0,10,0,-0.11,15.45
EMP013,2026-01-17,16,Branch Manager,Surat,COHORT012,0,5,9,7,3,2,39,1,1,1,25.57,27.38,74.43,86.52,83.75,1.4,0.6,0.0,10,0,-20.11,15.45
EMP013,2026-01-18,17,Branch Manager,Surat,COHORT012,0,7,10,7,5,5,54,1,1,1,26.14,26.18,73.26,76.33,57.3,1.0,0.7143,0.0,10,0,-20.11,15.45
EMP013,2026-01-19,18,Branch Manager,Surat,COHORT012,0,48,62,43,20,16,288,1,1,1,26.29,25.11,0.0,1.09,0.0,0.8958,0.4167,0.0,10,0,15.89,15.45
EMP013,2026-01-20,19,Branch Manager,Surat,COHORT012,0,23,42,31,23,19,234,1,1,1,26.71,26.05,0.0,0.0,0.0,1.3478,1.0,0.0,10,0,3.89,15.45
EMP013,2026-01-21,20,Branch Manager,Surat,COHORT012,0,31,41,37,32,15,243,1,1,1,25.57,26.3,0.0,0.0,0.0,1.1935,1.0323,0.0,10,0,9.89,15.45
EMP013,2026-01-22,21,Branch Manager,Surat,COHORT012,0,26,39,37,28,19,243,1,1,1,27.29,26.81,0.0,0.0,0.0,1.4231,1.0769,0.0,10,0,9.89,15.45
EMP013,2026-01-23,22,Branch Manager,Surat,COHORT012,0,24,59,33,21,21,252,1,1,1,27.0,27.27,0.0,1.08,0.0,1.375,0.875,0.0,10,0,5.89,15.45
EMP013,2026-01-24,23,Branch Manager,Surat,COHORT012,0,5,7,9,6,2,49,1,1,1,27.86,27.52,67.3,71.72,84.35,1.8,1.2,0.0,10,0,-18.11,15.45
EMP013,2026-01-25,24,Branch Manager,Surat,COHORT012,0,1,1,0,1,0,4,1,1,1,28.14,26.75,100.0,95.14,100.0,0.0,1.0,60.0,4,6,-27.11,15.45
EMP013,2026-01-26,25,Branch Manager,Surat,COHORT012,0,44,57,45,37,22,306,2,1,2,27.14,25.68,0.0,0.0,0.0,1.0227,0.8409,0.0,10,0,17.89,15.45
EMP013,2026-01-27,26,Branch Manager,Surat,COHORT012,0,26,65,32,23,13,247,1,1,1,27.43,26.42,0.0,0.0,0.0,1.2308,0.8846,0.0,10,0,4.89,15.45
EMP013,2026-01-28,27,Branch Manager,Surat,COHORT012,0,31,56,30,38,17,258,1,1,1,27.57,26.63,0.0,0.0,0.0,0.9677,1.2258,0.0,10,0,2.89,15.45
EMP013,2026-01-29,28,Branch Manager,Surat,COHORT012,0,43,32,32,25,23,228,1,1,1,26.57,26.75,0.0,0.0,0.0,0.7442,0.5814,0.0,10,0,4.89,15.45
EMP013,2026-01-30,29,Branch Manager,Surat,COHORT012,0,44,65,46,23,20,278,1,1,1,25.86,26.93,0.0,0.0,0.0,1.0455,0.5227,0.0,10,0,18.89,15.45
EMP013,2026-01-31,30,Branch Manager,Surat,COHORT012,0,8,9,10,7,3,52,1,1,1,27.71,27.57,63.73,67.24,76.98,1.25,0.875,0.0,10,0,-17.11,15.45
EMP013,2026-02-01,31,Branch Manager,Surat,COHORT012,0,5,8,7,4,4,44,1,1,1,27.86,26.77,73.85,80.39,67.92,1.4,0.8,0.0,10,0,-20.11,15.45
EMP013,2026-02-02,32,Branch Manager,Surat,COHORT012,0,29,47,36,27,23,262,1,1,1,28.86,25.9,0.0,0.0,0.0,1.2414,0.931,0.0,10,0,8.89,15.45
EMP013,2026-02-03,33,Branch Manager,Surat,COHORT012,0,36,48,30,31,19,257,1,1,1,27.57,27.1,0.0,0.0,0.0,0.8333,0.8611,0.0,10,0,2.89,15.45
EMP013,2026-02-04,34,Branch Manager,Surat,COHORT012,0,29,40,24,33,25,229,1,1,1,27.29,28.07,14.5,0.0,0.0,0.8276,1.1379,0.0,10,0,-3.11,15.45
EMP013,2026-02-05,35,Branch Manager,Surat,COHORT012,0,25,30,43,28,13,228,1,1,1,26.43,27.5,0.0,0.0,4.41,1.72,1.12,0.0,10,0,15.89,15.45
EMP013,2026-02-06,36,Branch Manager,Surat,COHORT012,0,32,36,29,30,14,243,1,1,1,28.0,27.47,0.0,0.0,0.0,0.9062,0.9375,0.0,10,0,1.89,15.45
EMP013,2026-02-07,37,Branch Manager,Surat,COHORT012,0,7,9,6,6,4,50,1,1,1,25.57,26.83,77.64,71.47,70.37,0.8571,0.8571,0.0,10,0,-21.11,15.45
EMP013,2026-02-08,38,Branch Manager,Surat,COHORT012,0,4,8,5,7,4,44,1,1,1,25.0,26.0,80.77,66.02,69.06,1.25,1.75,0.0,10,0,-22.11,15.45
EMP013,2026-02-09,39,Branch Manager,Surat,COHORT012,0,21,64,45,30,12,260,1,1,1,24.71,25.27,0.0,0.0,4.99,2.1429,1.4286,0.0,10,0,17.89,15.45
EMP013,2026-02-10,40,Branch Manager,Surat,COHORT012,0,29,54,40,32,15,263,1,1,1,26.0,26.67,0.0,0.0,0.0,1.3793,1.1034,0.0,10,0,12.89,15.45
EMP013,2026-02-11,41,Branch Manager,Surat,COHORT012,0,45,49,41,40,14,269,1,1,1,27.43,27.8,0.0,0.0,0.0,0.9111,0.8889,0.0,10,0,13.89,15.45
EMP013,2026-02-12,42,Branch Manager,Surat,COHORT012,0,59,44,35,33,24,277,1,1,1,29.86,27.83,0.0,0.0,0.0,0.5932,0.5593,0.0,10,0,7.89,15.45
EMP013,2026-02-13,43,Branch Manager,Surat,COHORT012,0,49,33,39,28,21,272,1,1,1,28.71,27.7,0.0,0.0,0.0,0.7959,0.5714,0.0,10,0,11.89,15.45
EMP013,2026-02-14,44,Branch Manager,Surat,COHORT012,0,6,9,8,6,5,56,1,1,1,30.14,28.17,71.6,72.97,64.03,1.3333,1.0,0.0,10,0,-19.11,15.45
EMP013,2026-02-15,45,Branch Manager,Surat,COHORT012,0,4,8,5,6,2,39,1,1,1,30.43,27.13,81.57,72.39,85.22,1.25,1.5,0.0,10,0,-22.11,15.45
EMP013,2026-02-16,46,Branch Manager,Surat,COHORT012,0,25,55,44,29,14,286,1,1,1,30.43,26.4,0.0,0.0,0.0,1.76,1.16,0.0,10,0,16.89,15.45
EMP013,2026-02-17,47,Branch Manager,Surat,COHORT012,0,27,38,37,29,14,235,1,1,1,30.29,27.63,0.0,0.0,0.0,1.3704,1.0741,0.0,10,0,9.89,15.45
EMP013,2026-02-18,48,Branch Manager,Surat,COHORT012,0,24,36,36,20,22,207,1,1,1,29.86,28.63,0.0,12.17,0.0,1.5,0.8333,0.0,10,0,8.89,15.45
EMP013,2026-02-19,49,Branch Manager,Surat,COHORT012,0,38,33,26,33,17,228,1,1,1,29.14,28.4,8.45,0.0,0.0,0.6842,0.8684,0.0,10,0,-1.11,15.45
EMP013,2026-02-20,50,Branch Manager,Surat,COHORT012,0,39,57,38,36,18,295,1,1,1,27.86,28.23,0.0,0.0,0.0,0.9744,0.9231,0.0,10,0,10.89,15.45
EMP013,2026-02-21,51,Branch Manager,Surat,COHORT012,0,6,5,4,6,2,38,1,1,1,27.71,28.27,85.85,74.17,85.85,0.6667,1.0,0.0,10,0,-23.11,15.45
EMP013,2026-02-22,52,Branch Manager,Surat,COHORT012,0,0,0,0,0,0,0,1,1,1,27.14,27.17,100.0,100.0,100.0,0.0,0.0,100.0,0,10,-27.11,15.45
EMP013,2026-02-23,53,Branch Manager,Surat,COHORT012,0,30,58,30,40,17,279,2,2,2,26.43,26.07,0.0,0.0,0.0,1.0,1.3333,0.0,10,0,2.89,15.45
EMP013,2026-02-24,54,Branch Manager,Surat,COHORT012,0,25,53,34,31,23,260,1,1,1,24.43,26.77,0.0,0.0,0.0,1.36,1.24,0.0,10,0,6.89,15.45
EMP013,2026-02-25,55,Branch Manager,Surat,COHORT012,0,28,46,34,43,13,288,1,1,1,24.0,27.9,0.0,0.0,8.0,1.2143,1.5357,0.0,10,0,6.89,15.45
EMP013,2026-02-26,56,Branch Manager,Surat,COHORT012,0,25,37,37,26,22,250,1,1,1,23.71,27.53,0.0,0.0,0.0,1.48,1.04,0.0,10,0,9.89,15.45
EMP013,2026-02-27,57,Branch Manager,Surat,COHORT012,0,28,32,25,38,20,236,1,1,1,25.29,27.7,9.75,0.0,0.0,0.8929,1.3571,0.0,10,0,-2.11,15.45
EMP013,2026-02-28,58,Branch Manager,Surat,COHORT012,0,5,8,9,8,3,51,1,1,1,23.43,27.53,67.31,66.98,78.92,1.8,1.6,0.0,10,0,-18.11,15.45
EMP013,2026-03-01,59,Branch Manager,Surat,COHORT012,0,2,1,1,1,1,7,1,1,1,24.14,26.77,96.26,95.78,92.63,0.5,0.5,40.0,6,4,-26.11,15.45
EMP013,2026-03-02,60,Branch Manager,Surat,COHORT012,0,31,31,41,36,14,256,1,1,1,24.29,25.27,0.0,0.0,0.0,1.3226,1.1613,0.0,10,0,13.89,15.45
EMP013,2026-03-03,61,Branch Manager,Surat,COHORT012,0,29,49,44,32,25,276,1,1,1,25.86,26.3,0.0,0.0,0.0,1.5172,1.1034,0.0,10,0,16.89,15.45
EMP013,2026-03-04,62,Branch Manager,Surat,COHORT012,0,30,43,42,29,13,233,1,1,1,27.29,27.53,0.0,0.0,7.14,1.4,0.9667,0.0,10,0,14.89,15.45
EMP013,2026-03-05,63,Branch Manager,Surat,COHORT012,0,42,32,25,30,14,228,1,1,1,28.43,27.73,9.84,0.0,0.0,0.5952,0.7143,0.0,10,0,-2.11,15.45
EMP013,2026-03-06,64,Branch Manager,Surat,COHORT012,0,24,47,42,34,24,277,1,1,1,26.71,27.57,0.0,0.0,0.0,1.75,1.4167,0.0,10,0,14.89,15.45
EMP013,2026-03-07,65,Branch Manager,Surat,COHORT012,0,3,6,5,5,2,33,1,1,1,29.14,28.17,82.25,79.92,85.15,1.6667,1.6667,0.0,10,0,-22.11,15.45
EMP013,2026-03-08,66,Branch Manager,Surat,COHORT012,0,0,1,1,0,0,3,1,1,1,28.57,26.9,96.28,100.0,100.0,1.0,0.0,70.0,3,7,-26.11,15.45
EMP013,2026-03-09,67,Branch Manager,Surat,COHORT012,0,34,41,34,33,23,258,1,2,2,28.57,25.97,0.0,0.0,0.0,1.0,0.9706,0.0,10,0,6.89,15.45
EMP013,2026-03-10,68,Branch Manager,Surat,COHORT012,0,41,45,31,37,15,248,1,1,1,27.57,26.9,0.0,0.0,0.0,0.7561,0.9024,0.0,10,0,3.89,15.45
EMP013,2026-03-11,69,Branch Manager,Surat,COHORT012,0,25,60,51,26,11,262,1,1,1,25.71,27.77,0.0,0.0,19.3,2.04,1.04,0.0,10,0,23.89,15.45
EMP013,2026-03-12,70,Branch Manager,Surat,COHORT012,0,30,39,41,24,21,286,1,1,1,27.0,27.97,0.0,3.61,0.0,1.3667,0.8,0.0,10,0,13.89,15.45
EMP013,2026-03-13,71,Branch Manager,Surat,COHORT012,0,27,40,37,39,24,266,1,1,1,29.29,28.0,0.0,0.0,0.0,1.3704,1.4444,0.0,10,0,9.89,15.45
EMP013,2026-03-14,72,Branch Manager,Surat,COHORT012,0,6,10,7,7,2,47,1,1,1,28.57,27.87,74.88,71.54,85.85,1.1667,1.1667,0.0,10,0,-20.11,15.45
EMP013,2026-03-15,73,Branch Manager,Surat,COHORT012,0,6,4,5,4,3,34,1,1,1,28.86,26.93,81.43,83.14,77.61,0.8333,0.6667,0.0,10,0,-22.11,15.45
EMP013,2026-03-16,74,Branch Manager,Surat,COHORT012,0,46,67,31,20,23,296,1,1,1,29.43,25.8,0.0,12.78,0.0,0.6739,0.4348,0.0,10,0,3.89,15.45
EMP013,2026-03-17,75,Branch Manager,Surat,COHORT012,0,54,61,43,25,19,271,1,1,1,29.0,26.57,0.0,0.0,0.0,0.7963,0.463,0.0,10,0,15.89,15.45
EMP013,2026-03-18,76,Branch Manager,Surat,COHORT012,0,27,45,28,22,14,240,1,1,1,30.71,27.83,0.0,8.45,0.0,1.037,0.8148,0.0,10,0,0.89,15.45
EMP013,2026-03-19,77,Branch Manager,Surat,COHORT012,0,44,34,29,24,11,243,1,1,1,27.43,27.3,0.0,0.0,21.26,0.6591,0.5455,0.0,10,0,1.89,15.45
EMP013,2026-03-20,78,Branch Manager,Surat,COHORT012,0,33,31,30,32,18,230,1,1,1,25.71,27.03,0.0,0.0,0.0,0.9091,0.9697,0.0,10,0,2.89,15.45
EMP013,2026-03-21,79,Branch Manager,Surat,COHORT012,0,5,5,7,4,2,35,1,1,1,24.71,26.83,73.91,83.35,85.43,1.4,0.8,0.0,10,0,-20.11,15.45
EMP013,2026-03-22,80,Branch Manager,Surat,COHORT012,0,5,7,4,4,3,38,1,1,1,24.71,26.2,84.73,82.66,77.32,0.8,0.8,0.0,10,0,-23.11,15.45
EMP013,2026-03-23,81,Branch Manager,Surat,COHORT012,0,21,37,40,20,15,233,1,1,1,24.57,25.07,0.0,9.09,0.0,1.9048,0.9524,0.0,10,0,12.89,15.45
EMP013,2026-03-24,82,Branch Manager,Surat,COHORT012,0,34,39,45,41,20,272,1,1,1,25.86,26.27,0.0,0.0,0.0,1.3235,1.2059,0.0,10,0,17.89,15.45
EMP013,2026-03-25,83,Branch Manager,Surat,COHORT012,0,40,31,39,41,20,273,1,1,1,26.14,27.77,0.0,0.0,0.0,0.975,1.025,0.0,10,0,11.89,15.45
EMP013,2026-03-26,84,Branch Manager,Surat,COHORT012,0,57,40,33,28,11,255,1,1,1,27.71,28.07,0.0,0.0,21.03,0.5789,0.4912,0.0,10,0,5.89,15.45
EMP013,2026-03-27,85,Branch Manager,Surat,COHORT012,0,30,47,37,36,13,275,1,1,1,28.29,28.03,0.0,0.0,3.92,1.2333,1.2,0.0,10,0,9.89,15.45
EMP013,2026-03-28,86,Branch Manager,Surat,COHORT012,0,0,1,0,0,0,1,1,1,1,29.29,28.13,100.0,100.0,100.0,0.0,0.0,90.0,1,9,-27.11,15.45
EMP013,2026-03-29,87,Branch Manager,Surat,COHORT012,0,1,2,1,0,0,7,2,2,2,28.29,26.9,96.28,100.0,100.0,1.0,0.0,40.0,6,4,-26.11,15.45
EMP013,2026-03-30,88,Branch Manager,Surat,COHORT012,0,34,59,42,19,25,277,1,3,3,27.86,26.1,0.0,11.21,0.0,1.2353,0.5588,0.0,10,0,14.89,15.45
EMP013,2026-03-31,89,Branch Manager,Surat,COHORT012,0,42,45,40,23,18,241,1,1,1,28.14,27.2,0.0,0.0,0.0,0.9524,0.5476,0.0,10,0,12.89,15.45
EMP014,2026-01-01,0,Branch Manager,Surat,COHORT013,0,39,40,34,42,20,286,1,1,1,0.0,0.0,0.0,0.0,0.0,0.8718,1.0769,0.0,10,0,9.47,14.8
EMP014,2026-01-02,1,Branch Manager,Surat,COHORT013,0,22,38,26,21,25,238,1,1,1,34.0,34.0,23.53,50.0,0.0,1.1818,0.9545,0.0,10,0,1.47,14.8
EMP014,2026-01-03,2,Branch Manager,Surat,COHORT013,0,6,9,5,3,1,33,1,1,1,30.0,30.0,83.33,90.48,95.56,0.8333,0.5,0.0,10,0,-19.53,14.8
EMP014,2026-01-04,3,Branch Manager,Surat,COHORT013,0,6,9,7,3,4,40,1,1,1,21.67,21.67,67.7,86.36,73.91,1.1667,0.5,0.0,10,0,-17.53,14.8
EMP014,2026-01-05,4,Branch Manager,Surat,COHORT013,0,46,59,32,28,13,280,1,1,1,18.0,18.0,0.0,0.0,0.0,0.6957,0.6087,0.0,10,0,7.47,14.8
EMP014,2026-01-06,5,Branch Manager,Surat,COHORT013,0,21,47,38,34,16,270,1,1,1,20.8,20.8,0.0,0.0,0.0,1.8095,1.619,0.0,10,0,13.47,14.8
EMP014,2026-01-07,6,Branch Manager,Surat,COHORT013,0,46,64,39,38,22,310,1,1,1,23.67,23.67,0.0,0.0,0.0,0.8478,0.8261,0.0,10,0,14.47,14.8
EMP014,2026-01-08,7,Branch Manager,Surat,COHORT013,0,33,54,32,23,17,259,1,1,1,25.86,25.86,0.0,4.72,0.0,0.9697,0.697,0.0,10,0,7.47,14.8
EMP014,2026-01-09,8,Branch Manager,Surat,COHORT013,0,29,47,43,35,19,270,1,1,1,25.57,26.62,0.0,0.0,0.0,1.4828,1.2069,0.0,10,0,18.47,14.8
EMP014,2026-01-10,9,Branch Manager,Surat,COHORT013,0,5,5,6,3,2,33,1,1,1,28.0,28.44,78.9,88.1,86.86,1.2,0.6,0.0,10,0,-18.53,14.8
EMP014,2026-01-11,10,Branch Manager,Surat,COHORT013,0,3,4,4,6,2,30,1,1,1,28.14,26.2,84.73,73.91,85.61,1.3333,2.0,0.0,10,0,-20.53,14.8
EMP014,2026-01-12,11,Branch Manager,Surat,COHORT013,0,35,33,30,27,23,235,1,1,1,27.71,24.18,0.0,0.0,0.0,0.8571,0.7714,0.0,10,0,5.47,14.8
EMP014,2026-01-13,12,Branch Manager,Surat,COHORT013,0,23,46,31,29,26,253,1,1,1,27.43,24.67,0.0,0.0,0.0,1.3478,1.2609,0.0,10,0,6.47,14.8
EMP014,2026-01-14,13,Branch Manager,Surat,COHORT013,0,39,43,24,29,13,224,1,1,1,26.43,25.15,4.57,0.0,11.08,0.6154,0.7436,0.0,10,0,-0.53,14.8
EMP014,2026-01-15,14,Branch Manager,Surat,COHORT013,0,29,56,46,27,22,276,1,1,1,24.29,25.07,0.0,0.0,0.0,1.5862,0.931,0.0,10,0,21.47,14.8
EMP014,2026-01-16,15,Branch Manager,Surat,COHORT013,0,38,54,23,37,22,260,1,1,1,26.29,26.47,13.11,0.0,0.0,0.6053,0.9737,0.0,10,0,-1.53,14.8
EMP014,2026-01-17,16,Branch Manager,Surat,COHORT013,0,2,2,1,1,0,8,1,1,1,23.43,26.25,96.19,95.84,100.0,0.5,0.5,40.0,6,4,-23.53,14.8
EMP014,2026-01-18,17,Branch Manager,Surat,COHORT013,0,1,2,1,1,0,8,1,1,2,22.71,24.76,95.96,95.6,100.0,1.0,1.0,30.0,7,3,-23.53,14.8
EMP014,2026-01-19,18,Branch Manager,Surat,COHORT013,0,20,49,37,27,10,242,1,1,3,22.29,23.44,0.0,0.0,27.11,1.85,1.35,0.0,10,0,12.47,14.8
EMP014,2026-01-20,19,Branch Manager,Surat,COHORT013,0,27,52,46,29,11,254,1,1,1,23.29,24.16,0.0,0.0,18.7,1.7037,1.0741,0.0,10,0,21.47,14.8
EMP014,2026-01-21,20,Branch Manager,Surat,COHORT013,0,46,60,34,24,20,265,1,1,1,25.43,25.25,0.0,0.0,0.0,0.7391,0.5217,0.0,10,0,9.47,14.8
EMP014,2026-01-22,21,Branch Manager,Surat,COHORT013,0,19,48,20,21,22,217,1,1,1,26.86,25.67,22.09,5.58,0.0,1.0526,1.1053,0.0,10,0,-4.53,14.8
EMP014,2026-01-23,22,Branch Manager,Surat,COHORT013,0,46,50,39,29,21,286,1,1,1,23.14,25.41,0.0,0.0,0.0,0.8478,0.6304,0.0,10,0,14.47,14.8
EMP014,2026-01-24,23,Branch Manager,Surat,COHORT013,0,2,3,3,3,1,19,1,1,1,25.43,26.0,88.46,86.65,93.05,1.5,1.5,10.0,9,1,-21.53,14.8
EMP014,2026-01-25,24,Branch Manager,Surat,COHORT013,0,0,0,0,0,0,0,1,1,1,25.71,25.04,100.0,100.0,100.0,0.0,0.0,100.0,0,10,-24.53,14.8
EMP014,2026-01-26,25,Branch Manager,Surat,COHORT013,0,21,57,32,26,14,262,2,2,2,25.57,24.04,0.0,0.0,0.0,1.5238,1.2381,0.0,10,0,7.47,14.8
EMP014,2026-01-27,26,Branch Manager,Surat,COHORT013,0,19,40,34,27,16,234,1,1,1,24.86,24.35,0.0,0.0,0.0,1.7895,1.4211,0.0,10,0,9.47,14.8
EMP014,2026-01-28,27,Branch Manager,Surat,COHORT013,0,46,37,45,21,22,268,1,1,1,23.14,24.7,0.0,1.04,0.0,0.9783,0.4565,0.0,10,0,20.47,14.8
EMP014,2026-01-29,28,Branch Manager,Surat,COHORT013,0,26,44,33,40,23,239,1,1,1,24.71,25.43,0.0,0.0,0.0,1.2692,1.5385,0.0,10,0,8.47,14.8
EMP014,2026-01-30,29,Branch Manager,Surat,COHORT013,0,36,37,33,37,20,267,1,1,1,26.57,25.69,0.0,0.0,0.0,0.9167,1.0278,0.0,10,0,8.47,14.8
EMP014,2026-01-31,30,Branch Manager,Surat,COHORT013,0,6,4,4,3,2,31,1,1,1,25.71,25.93,84.57,86.59,85.95,0.6667,0.5,0.0,10,0,-20.53,14.8
EMP014,2026-02-01,31,Branch Manager,Surat,COHORT013,0,2,3,1,2,0,10,1,1,1,25.86,24.93,95.99,90.51,100.0,0.5,1.0,50.0,5,5,-23.53,14.8
EMP014,2026-02-02,32,Branch Manager,Surat,COHORT013,0,35,32,25,38,23,252,1,1,2,26.0,24.1,0.0,0.0,0.0,0.7143,1.0857,0.0,10,0,0.47,14.8
EMP014,2026-02-03,33,Branch Manager,Surat,COHORT013,0,36,32,43,20,24,250,1,1,1,25.0,24.77,0.0,7.41,0.0,1.1944,0.5556,0.0,10,0,18.47,14.8
EMP014,2026-02-04,34,Branch Manager,Surat,COHORT013,0,20,56,29,32,18,238,1,1,1,26.29,25.97,0.0,0.0,0.0,1.45,1.6,0.0,10,0,4.47,14.8
EMP014,2026-02-05,35,Branch Manager,Surat,COHORT013,0,34,37,46,33,12,255,1,1,1,24.0,25.87,0.0,0.0,16.49,1.3529,0.9706,0.0,10,0,21.47,14.8
EMP014,2026-02-06,36,Branch Manager,Surat,COHORT013,0,53,30,28,34,16,270,1,1,1,25.86,26.13,0.0,0.0,0.0,0.5283,0.6415,0.0,10,0,3.47,14.8
EMP014,2026-02-07,37,Branch Manager,Surat,COHORT013,0,1,1,1,1,1,7,1,1,1,25.14,25.77,96.12,95.48,92.87,1.0,1.0,30.0,7,3,-23.53,14.8
EMP014,2026-02-08,38,Branch Manager,Surat,COHORT013,0,4,7,5,3,2,31,1,1,1,24.71,24.73,79.78,85.98,85.19,1.25,0.75,0.0,10,0,-19.53,14.8
EMP014,2026-02-09,39,Branch Manager,Surat,COHORT013,0,34,60,29,32,12,245,1,1,1,25.29,23.47,0.0,0.0,7.19,0.8529,0.9412,0.0,10,0,4.47,14.8
EMP014,2026-02-10,40,Branch Manager,Surat,COHORT013,0,34,42,29,41,12,259,1,1,1,25.86,24.23,0.0,0.0,9.57,0.8529,1.2059,0.0,10,0,4.47,14.8
EMP014,2026-02-11,41,Branch Manager,Surat,COHORT013,0,50,50,32,20,21,257,1,1,1,23.86,25.07,0.0,10.99,0.0,0.64,0.4,0.0,10,0,7.47,14.8
EMP014,2026-02-12,42,Branch Manager,Surat,COHORT013,0,25,43,38,21,20,244,1,1,1,24.29,25.13,0.0,5.53,0.0,1.52,0.84,0.0,10,0,13.47,14.8
EMP014,2026-02-13,43,Branch Manager,Surat,COHORT013,0,25,44,35,20,21,223,1,1,1,23.14,25.37,0.0,8.97,0.0,1.4,0.8,0.0,10,0,10.47,14.8
EMP014,2026-02-14,44,Branch Manager,Surat,COHORT013,0,5,12,7,9,3,62,1,1,1,24.14,25.73,72.79,58.47,77.94,1.4,1.8,0.0,10,0,-17.53,14.8
EMP014,2026-02-15,45,Branch Manager,Surat,COHORT013,0,2,3,2,1,1,13,1,1,1,25.0,24.43,91.81,95.25,92.29,1.0,0.5,10.0,9,1,-22.53,14.8
EMP014,2026-02-16,46,Branch Manager,Surat,COHORT013,0,24,60,27,35,12,252,1,1,1,24.57,23.73,0.0,0.0,2.2,1.125,1.4583,0.0,10,0,2.47,14.8
EMP014,2026-02-17,47,Branch Manager,Surat,COHORT013,0,26,49,36,29,21,267,1,1,1,24.29,24.6,0.0,0.0,0.0,1.3846,1.1154,0.0,10,0,11.47,14.8
EMP014,2026-02-18,48,Branch Manager,Surat,COHORT013,0,28,48,40,37,20,264,1,1,1,25.29,25.77,0.0,0.0,0.0,1.4286,1.3214,0.0,10,0,15.47,14.8
EMP014,2026-02-19,49,Branch Manager,Surat,COHORT013,0,38,47,26,29,25,266,1,1,1,26.43,25.87,0.0,0.0,0.0,0.6842,0.7632,0.0,10,0,1.47,14.8
EMP014,2026-02-20,50,Branch Manager,Surat,COHORT013,0,48,35,34,32,20,246,1,1,1,24.71,25.2,0.0,0.0,0.0,0.7083,0.6667,0.0,10,0,9.47,14.8
EMP014,2026-02-21,51,Branch Manager,Surat,COHORT013,0,8,10,8,6,2,45,1,1,1,24.57,25.2,68.25,73.37,85.89,1.0,0.75,0.0,10,0,-16.53,14.8
EMP014,2026-02-22,52,Branch Manager,Surat,COHORT013,0,4,5,6,5,2,34,1,1,1,24.71,24.8,75.81,77.3,85.19,1.5,1.25,10.0,9,1,-18.53,14.8
EMP014,2026-02-23,53,Branch Manager,Surat,COHORT013,0,35,67,43,38,11,303,1,1,1,25.29,23.7,0.0,0.0,14.53,1.2286,1.0857,0.0,10,0,18.47,14.8
EMP014,2026-02-24,54,Branch Manager,Surat,COHORT013,0,36,52,26,22,16,231,1,1,1,27.57,25.03,0.0,1.79,0.0,0.7222,0.6111,0.0,10,0,1.47,14.8
EMP014,2026-02-25,55,Branch Manager,Surat,COHORT013,0,39,58,27,36,14,283,1,1,1,26.14,25.9,0.0,0.0,0.0,0.6923,0.9231,0.0,10,0,2.47,14.8
EMP014,2026-02-26,56,Branch Manager,Surat,COHORT013,0,25,55,26,36,10,232,1,1,1,24.29,25.73,0.0,0.0,27.17,1.04,1.44,0.0,10,0,1.47,14.8
EMP014,2026-02-27,57,Branch Manager,Surat,COHORT013,0,54,45,29,25,18,267,1,1,1,24.29,25.47,0.0,0.0,0.0,0.537,0.463,0.0,10,0,4.47,14.8
EMP014,2026-02-28,58,Branch Manager,Surat,COHORT013,0,1,5,2,1,1,14,1,1,1,23.57,24.93,91.98,95.82,92.54,2.0,1.0,10.0,9,1,-22.53,14.8
EMP014,2026-03-01,59,Branch Manager,Surat,COHORT013,0,3,8,4,3,1,31,1,1,1,22.71,23.9,83.26,86.73,92.11,1.3333,1.0,0.0,10,0,-20.53,14.8
EMP014,2026-03-02,60,Branch Manager,Surat,COHORT013,0,48,46,33,24,20,272,1,1,1,22.43,22.93,0.0,0.0,0.0,0.6875,0.5,0.0,10,0,8.47,14.8
EMP014,2026-03-03,61,Branch Manager,Surat,COHORT013,0,49,33,34,24,16,254,1,1,1,21.0,23.9,0.0,0.0,0.0,0.6939,0.4898,0.0,10,0,9.47,14.8
EMP014,2026-03-04,62,Branch Manager,Surat,COHORT013,0,23,48,36,25,11,211,1,1,1,22.14,25.0,0.0,0.0,16.48,1.5652,1.087,0.0,10,0,11.47,14.8
EMP014,2026-03-05,63,Branch Manager,Surat,COHORT013,0,51,29,25,29,13,236,1,1,1,23.43,25.37,1.46,0.0,0.0,0.4902,0.5686,0.0,10,0,0.47,14.8
EMP014,2026-03-06,64,Branch Manager,Surat,COHORT013,0,42,54,27,32,16,257,1,1,1,23.29,24.77,0.0,0.0,0.0,0.6429,0.7619,0.0,10,0,2.47,14.8
EMP014,2026-03-07,65,Branch Manager,Surat,COHORT013,0,1,4,3,2,1,16,1,1,1,23.0,24.7,87.85,91.22,91.89,3.0,2.0,10.0,9,1,-21.53,14.8
EMP014,2026-03-08,66,Branch Manager,Surat,COHORT013,0,0,0,0,0,0,0,1,1,1,23.14,23.27,100.0,100.0,100.0,0.0,0.0,100.0,0,10,-24.53,14.8
EMP014,2026-03-09,67,Branch Manager,Surat,COHORT013,0,26,42,38,24,21,235,2,2,2,22.57,22.33,0.0,0.0,0.0,1.4615,0.9231,0.0,10,0,13.47,14.8
EMP014,2026-03-10,68,Branch Manager,Surat,COHORT013,0,46,38,35,32,13,233,1,1,1,23.29,23.57,0.0,0.0,0.0,0.7609,0.6957,0.0,10,0,10.47,14.8
EMP014,2026-03-11,69,Branch Manager,Surat,COHORT013,0,24,43,28,23,17,211,1,1,1,23.43,24.57,0.0,0.0,0.0,1.1667,0.9583,0.0,10,0,3.47,14.8
EMP014,2026-03-12,70,Branch Manager,Surat,COHORT013,0,38,64,38,36,21,264,1,1,1,22.29,24.53,0.0,0.0,0.0,1.0,0.9474,0.0,10,0,13.47,14.8
EMP014,2026-03-13,71,Branch Manager,Surat,COHORT013,0,45,45,25,36,16,283,1,1,1,24.14,24.83,0.0,0.0,0.0,0.5556,0.8,0.0,10,0,0.47,14.8
EMP014,2026-03-14,72,Branch Manager,Surat,COHORT013,0,1,1,1,1,0,5,1,1,1,23.86,24.6,95.93,95.54,100.0,1.0,1.0,50.0,5,5,-23.53,14.8
EMP014,2026-03-15,73,Branch Manager,Surat,COHORT013,0,5,6,5,3,1,32,1,1,2,23.57,23.37,78.61,86.19,91.74,1.0,0.6,0.0,10,0,-19.53,14.8
EMP014,2026-03-16,74,Branch Manager,Surat,COHORT013,0,50,49,30,27,13,270,1,1,1,24.29,22.37,0.0,0.0,0.0,0.6,0.54,0.0,10,0,5.47,14.8
EMP014,2026-03-17,75,Branch Manager,Surat,COHORT013,0,29,44,35,31,19,268,1,1,1,23.14,23.13,0.0,0.0,0.0,1.2069,1.069,0.0,10,0,10.47,14.8
EMP014,2026-03-18,76,Branch Manager,Surat,COHORT013,0,47,38,41,26,15,267,1,1,1,23.14,24.23,0.0,0.0,0.0,0.8723,0.5532,0.0,10,0,16.47,14.8
EMP014,2026-03-19,77,Branch Manager,Surat,COHORT013,0,45,48,35,37,25,285,1,1,1,25.0,24.7,0.0,0.0,0.0,0.7778,0.8222,0.0,10,0,10.47,14.8
EMP014,2026-03-20,78,Branch Manager,Surat,COHORT013,0,21,41,35,25,16,227,1,1,1,24.57,24.67,0.0,0.0,0.0,1.6667,1.1905,0.0,10,0,10.47,14.8
EMP014,2026-03-21,79,Branch Manager,Surat,COHORT013,0,1,3,1,0,0,9,1,1,1,26.0,24.5,95.92,100.0,100.0,1.0,0.0,30.0,7,3,-23.53,14.8
EMP014,2026-03-22,80,Branch Manager,Surat,COHORT013,0,0,1,0,0,0,1,1,2,2,26.0,23.67,100.0,100.0,100.0,0.0,0.0,90.0,1,9,-24.53,14.8
EMP014,2026-03-23,81,Branch Manager,Surat,COHORT013,0,18,52,29,28,14,235,2,3,3,25.29,22.53,0.0,0.0,0.0,1.6111,1.5556,0.0,10,0,4.47,14.8
EMP014,2026-03-24,82,Branch Manager,Surat,COHORT013,0,34,54,40,43,22,284,1,1,1,25.14,23.23,0.0,0.0,0.0,1.1765,1.2647,0.0,10,0,15.47,14.8
EMP014,2026-03-25,83,Branch Manager,Surat,COHORT013,0,31,55,24,35,13,243,1,1,1,25.86,24.37,1.52,0.0,0.0,0.7742,1.129,0.0,10,0,-0.53,14.8
EMP014,2026-03-26,84,Branch Manager,Surat,COHORT013,0,32,38,34,25,15,246,1,1,1,23.43,23.73,0.0,0.0,0.0,1.0625,0.7812,0.0,10,0,9.47,14.8
EMP014,2026-03-27,85,Branch Manager,Surat,COHORT013,0,41,59,41,28,14,289,1,1,1,23.29,24.0,0.0,0.0,0.0,1.0,0.6829,0.0,10,0,16.47,14.8
EMP014,2026-03-28,86,Branch Manager,Surat,COHORT013,0,0,0,0,0,0,0,1,1,1,24.14,24.47,100.0,100.0,100.0,0.0,0.0,100.0,0,10,-24.53,14.8
EMP014,2026-03-29,87,Branch Manager,Surat,COHORT013,0,0,1,0,1,0,2,2,2,2,24.0,23.6,100.0,95.2,100.0,0.0,1.0,80.0,2,8,-24.53,14.8
EMP014,2026-03-30,88,Branch Manager,Surat,COHORT013,0,25,44,29,27,13,228,3,1,3,24.0,22.63,0.0,0.0,0.0,1.16,1.08,0.0,10,0,4.47,14.8
EMP014,2026-03-31,89,Branch Manager,Surat,COHORT013,0,20,35,40,26,22,234,1,1,1,24.0,23.53,0.0,0.0,0.0,2.0,1.3,0.0,10,0,15.47,14.8
EMP015,2026-01-01,0,Cashier,Delhi,COHORT014,1,0,46,0,0,0,387,1,1,1,0.0,0.0,0.0,0.0,0.0,0.0,0.0,0.0,5,0,0,1
EMP015,2026-01-02,1,Cashier,Delhi,COHORT014,1,0,38,0,0,0,402,2,2,2,0.0,0.0,0.0,0.0,0.0,0.0,0.0,0.0,5,0,0,1
EMP015,2026-01-03,2,Cashier,Delhi,COHORT014,1,0,13,0,0,0,77,3,3,3,0.0,0.0,0.0,0.0,0.0,0.0,0.0,0.0,5,0,0,1
EMP015,2026-01-04,3,Cashier,Delhi,COHORT014,1,0,10,0,0,0,77,4,4,4,0.0,0.0,0.0,0.0,0.0,0.0,0.0,0.0,5,0,0,1
EMP015,2026-01-05,4,Cashier,Delhi,COHORT014,1,0,61,0,0,0,441,5,5,5,0.0,0.0,0.0,0.0,0.0,0.0,0.0,0.0,5,0,0,1
EMP015,2026-01-06,5,Cashier,Delhi,COHORT014,1,0,67,0,0,0,413,6,6,6,0.0,0.0,0.0,0.0,0.0,0.0,0.0,0.0,5,0,0,1
EMP015,2026-01-07,6,Cashier,Delhi,COHORT014,1,0,45,0,0,0,383,7,7,7,0.0,0.0,0.0,0.0,0.0,0.0,0.0,0.0,5,0,0,1
EMP015,2026-01-08,7,Cashier,Delhi,COHORT014,1,0,56,0,0,0,446,8,8,8,0.0,0.0,0.0,0.0,0.0,0.0,0.0,0.0,5,0,0,1
EMP015,2026-01-09,8,Cashier,Delhi,COHORT014,1,0,82,0,0,0,434,9,9,9,0.0,0.0,0.0,0.0,0.0,0.0,0.0,0.0,5,0,0,1
EMP015,2026-01-10,9,Cashier,Delhi,COHORT014,1,0,2,0,0,0,26,10,10,10,0.0,0.0,0.0,0.0,0.0,0.0,0.0,20.0,4,1,0,1
EMP015,2026-01-11,10,Cashier,Delhi,COHORT014,1,0,12,0,0,0,60,11,11,11,0.0,0.0,0.0,0.0,0.0,0.0,0.0,0.0,5,0,0,1
EMP015,2026-01-12,11,Cashier,Delhi,COHORT014,1,0,75,0,0,0,519,12,12,12,0.0,0.0,0.0,0.0,0.0,0.0,0.0,0.0,5,0,0,1
EMP015,2026-01-13,12,Cashier,Delhi,COHORT014,1,0,58,0,0,0,406,13,13,13,0.0,0.0,0.0,0.0,0.0,0.0,0.0,0.0,5,0,0,1
EMP015,2026-01-14,13,Cashier,Delhi,COHORT014,1,0,48,0,0,0,408,14,14,14,0.0,0.0,0.0,0.0,0.0,0.0,0.0,0.0,5,0,0,1
EMP015,2026-01-15,14,Cashier,Delhi,COHORT014,1,0,64,0,0,0,419,15,15,15,0.0,0.0,0.0,0.0,0.0,0.0,0.0,0.0,5,0,0,1
EMP015,2026-01-16,15,Cashier,Delhi,COHORT014,1,0,40,0,0,0,406,16,16,16,0.0,0.0,0.0,0.0,0.0,0.0,0.0,0.0,5,0,0,1
EMP015,2026-01-17,16,Cashier,Delhi,COHORT014,1,0,4,0,0,0,24,17,17,17,0.0,0.0,0.0,0.0,0.0,0.0,0.0,20.0,4,1,0,1
EMP015,2026-01-18,17,Cashier,Delhi,COHORT014,1,0,1,0,0,0,9,18,18,18,0.0,0.0,0.0,0.0,0.0,0.0,0.0,40.0,3,2,0,1
EMP015,2026-01-19,18,Cashier,Delhi,COHORT014,1,0,66,0,0,0,487,19,19,19,0.0,0.0,0.0,0.0,0.0,0.0,0.0,0.0,5,0,0,1
EMP015,2026-01-20,19,Cashier,Delhi,COHORT014,1,0,67,0,0,0,402,20,20,20,0.0,0.0,0.0,0.0,0.0,0.0,0.0,0.0,5,0,0,1
EMP015,2026-01-21,20,Cashier,Delhi,COHORT014,1,0,63,0,0,0,438,21,21,21,0.0,0.0,0.0,0.0,0.0,0.0,0.0,0.0,5,0,0,1
EMP015,2026-01-22,21,Cashier,Delhi,COHORT014,1,0,74,0,0,0,429,22,22,22,0.0,0.0,0.0,0.0,0.0,0.0,0.0,0.0,5,0,0,1
EMP015,2026-01-23,22,Cashier,Delhi,COHORT014,1,0,59,0,0,0,424,23,23,23,0.0,0.0,0.0,0.0,0.0,0.0,0.0,0.0,5,0,0,1
EMP015,2026-01-24,23,Cashier,Delhi,COHORT014,1,0,5,0,0,0,52,24,24,24,0.0,0.0,0.0,0.0,0.0,0.0,0.0,20.0,4,1,0,1
EMP015,2026-01-25,24,Cashier,Delhi,COHORT014,1,0,12,0,0,0,114,25,25,25,0.0,0.0,0.0,0.0,0.0,0.0,0.0,0.0,5,0,0,1
EMP015,2026-01-26,25,Cashier,Delhi,COHORT014,1,0,74,0,0,0,489,26,26,26,0.0,0.0,0.0,0.0,0.0,0.0,0.0,0.0,5,0,0,1
EMP015,2026-01-27,26,Cashier,Delhi,COHORT014,1,0,59,0,0,0,496,27,27,27,0.0,0.0,0.0,0.0,0.0,0.0,0.0,0.0,5,0,0,1
EMP015,2026-01-28,27,Cashier,Delhi,COHORT014,1,0,47,0,0,0,447,28,28,28,0.0,0.0,0.0,0.0,0.0,0.0,0.0,0.0,5,0,0,1
EMP015,2026-01-29,28,Cashier,Delhi,COHORT014,1,0,56,0,0,0,503,29,29,29,0.0,0.0,0.0,0.0,0.0,0.0,0.0,0.0,5,0,0,1
EMP015,2026-01-30,29,Cashier,Delhi,COHORT014,1,0,44,0,0,0,400,30,30,30,0.0,0.0,0.0,0.0,0.0,0.0,0.0,0.0,5,0,0,1
EMP015,2026-01-31,30,Cashier,Delhi,COHORT014,1,0,7,0,0,0,55,31,31,31,0.0,0.0,0.0,0.0,0.0,0.0,0.0,20.0,4,1,0,1
EMP015,2026-02-01,31,Cashier,Delhi,COHORT014,1,0,1,0,0,0,16,32,32,32,0.0,0.0,0.0,0.0,0.0,0.0,0.0,40.0,3,2,0,1
EMP015,2026-02-02,32,Cashier,Delhi,COHORT014,1,0,59,0,0,0,396,33,33,33,0.0,0.0,0.0,0.0,0.0,0.0,0.0,0.0,5,0,0,1
EMP015,2026-02-03,33,Cashier,Delhi,COHORT014,1,0,37,0,0,0,423,34,34,34,0.0,0.0,0.0,0.0,0.0,0.0,0.0,0.0,5,0,0,1
EMP015,2026-02-04,34,Cashier,Delhi,COHORT014,1,0,53,0,0,0,413,35,35,35,0.0,0.0,0.0,0.0,0.0,0.0,0.0,0.0,5,0,0,1
EMP015,2026-02-05,35,Cashier,Delhi,COHORT014,1,0,70,0,0,0,470,36,36,36,0.0,0.0,0.0,0.0,0.0,0.0,0.0,0.0,5,0,0,1
EMP015,2026-02-06,36,Cashier,Delhi,COHORT014,1,0,46,0,0,0,446,37,37,37,0.0,0.0,0.0,0.0,0.0,0.0,0.0,0.0,5,0,0,1
EMP015,2026-02-07,37,Cashier,Delhi,COHORT014,1,0,9,0,0,0,88,38,38,38,0.0,0.0,0.0,0.0,0.0,0.0,0.0,0.0,5,0,0,1
EMP015,2026-02-08,38,Cashier,Delhi,COHORT014,1,0,4,0,0,0,40,39,39,39,0.0,0.0,0.0,0.0,0.0,0.0,0.0,0.0,5,0,0,1
EMP015,2026-02-09,39,Cashier,Delhi,COHORT014,1,0,38,0,0,0,493,40,40,40,0.0,0.0,0.0,0.0,0.0,0.0,0.0,0.0,5,0,0,1
EMP015,2026-02-10,40,Cashier,Delhi,COHORT014,1,0,56,0,0,0,439,41,41,41,0.0,0.0,0.0,0.0,0.0,0.0,0.0,0.0,5,0,0,1
EMP015,2026-02-11,41,Cashier,Delhi,COHORT014,1,0,51,0,0,0,416,42,42,42,0.0,0.0,0.0,0.0,0.0,0.0,0.0,0.0,5,0,0,1
EMP015,2026-02-12,42,Cashier,Delhi,COHORT014,1,0,44,0,0,0,483,43,43,43,0.0,0.0,0.0,0.0,0.0,0.0,0.0,0.0,5,0,0,1
EMP015,2026-02-13,43,Cashier,Delhi,COHORT014,1,0,49,0,0,0,401,44,44,44,0.0,0.0,0.0,0.0,0.0,0.0,0.0,0.0,5,0,0,1
EMP015,2026-02-14,44,Cashier,Delhi,COHORT014,1,0,10,0,0,0,66,45,45,45,0.0,0.0,0.0,0.0,0.0,0.0,0.0,0.0,5,0,0,1
EMP015,2026-02-15,45,Cashier,Delhi,COHORT014,1,0,15,0,0,0,90,46,46,46,0.0,0.0,0.0,0.0,0.0,0.0,0.0,0.0,5,0,0,1
EMP015,2026-02-16,46,Cashier,Delhi,COHORT014,1,0,73,0,0,0,484,47,47,47,0.0,0.0,0.0,0.0,0.0,0.0,0.0,0.0,5,0,0,1
EMP015,2026-02-17,47,Cashier,Delhi,COHORT014,1,0,63,0,0,0,441,48,48,48,0.0,0.0,0.0,0.0,0.0,0.0,0.0,0.0,5,0,0,1
EMP015,2026-02-18,48,Cashier,Delhi,COHORT014,1,0,76,0,0,0,415,49,49,49,0.0,0.0,0.0,0.0,0.0,0.0,0.0,0.0,5,0,0,1
EMP015,2026-02-19,49,Cashier,Delhi,COHORT014,1,0,41,0,0,0,368,50,50,50,0.0,0.0,0.0,0.0,0.0,0.0,0.0,0.0,5,0,0,1
EMP015,2026-02-20,50,Cashier,Delhi,COHORT014,1,0,43,0,0,0,432,51,51,51,0.0,0.0,0.0,0.0,0.0,0.0,0.0,0.0,5,0,0,1
EMP015,2026-02-21,51,Cashier,Delhi,COHORT014,1,0,19,0,0,0,100,52,52,52,0.0,0.0,0.0,0.0,0.0,0.0,0.0,0.0,5,0,0,1
EMP015,2026-02-22,52,Cashier,Delhi,COHORT014,1,0,10,0,0,0,88,53,53,53,0.0,0.0,0.0,0.0,0.0,0.0,0.0,0.0,5,0,0,1
EMP015,2026-02-23,53,Cashier,Delhi,COHORT014,1,0,51,0,0,0,407,54,54,54,0.0,0.0,0.0,0.0,0.0,0.0,0.0,0.0,5,0,0,1
EMP015,2026-02-24,54,Cashier,Delhi,COHORT014,1,0,57,0,0,0,488,55,55,55,0.0,0.0,0.0,0.0,0.0,0.0,0.0,0.0,5,0,0,1
EMP015,2026-02-25,55,Cashier,Delhi,COHORT014,1,0,47,0,0,0,406,56,56,56,0.0,0.0,0.0,0.0,0.0,0.0,0.0,0.0,5,0,0,1
EMP015,2026-02-26,56,Cashier,Delhi,COHORT014,1,0,72,0,0,0,469,57,57,57,0.0,0.0,0.0,0.0,0.0,0.0,0.0,0.0,5,0,0,1
EMP015,2026-02-27,57,Cashier,Delhi,COHORT014,1,0,63,0,0,0,453,58,58,58,0.0,0.0,0.0,0.0,0.0,0.0,0.0,0.0,5,0,0,1
EMP015,2026-02-28,58,Cashier,Delhi,COHORT014,1,0,8,0,0,0,58,59,59,59,0.0,0.0,0.0,0.0,0.0,0.0,0.0,0.0,5,0,0,1
EMP015,2026-03-01,59,Cashier,Delhi,COHORT014,1,0,13,0,0,0,105,60,60,60,0.0,0.0,0.0,0.0,0.0,0.0,0.0,0.0,5,0,0,1
EMP015,2026-03-02,60,Cashier,Delhi,COHORT014,1,0,51,0,0,0,433,61,61,61,0.0,0.0,0.0,0.0,0.0,0.0,0.0,0.0,5,0,0,1
EMP015,2026-03-03,61,Cashier,Delhi,COHORT014,1,0,62,0,0,0,443,62,62,62,0.0,0.0,0.0,0.0,0.0,0.0,0.0,0.0,5,0,0,1
EMP015,2026-03-04,62,Cashier,Delhi,COHORT014,1,0,69,0,0,0,411,63,63,63,0.0,0.0,0.0,0.0,0.0,0.0,0.0,0.0,5,0,0,1
EMP015,2026-03-05,63,Cashier,Delhi,COHORT014,1,0,83,0,0,0,459,64,64,64,0.0,0.0,0.0,0.0,0.0,0.0,0.0,0.0,5,0,0,1
EMP015,2026-03-06,64,Cashier,Delhi,COHORT014,1,0,46,0,0,0,422,65,65,65,0.0,0.0,0.0,0.0,0.0,0.0,0.0,0.0,5,0,0,1
EMP015,2026-03-07,65,Cashier,Delhi,COHORT014,1,0,1,0,0,0,15,66,66,66,0.0,0.0,0.0,0.0,0.0,0.0,0.0,40.0,3,2,0,1
EMP015,2026-03-08,66,Cashier,Delhi,COHORT014,1,0,12,0,0,0,85,67,67,67,0.0,0.0,0.0,0.0,0.0,0.0,0.0,0.0,5,0,0,1
EMP015,2026-03-09,67,Cashier,Delhi,COHORT014,1,0,59,0,0,0,426,68,68,68,0.0,0.0,0.0,0.0,0.0,0.0,0.0,0.0,5,0,0,1
EMP015,2026-03-10,68,Cashier,Delhi,COHORT014,1,0,77,0,0,0,455,69,69,69,0.0,0.0,0.0,0.0,0.0,0.0,0.0,0.0,5,0,0,1
EMP015,2026-03-11,69,Cashier,Delhi,COHORT014,1,0,62,0,0,0,474,70,70,70,0.0,0.0,0.0,0.0,0.0,0.0,0.0,0.0,5,0,0,1
EMP015,2026-03-12,70,Cashier,Delhi,COHORT014,1,0,43,0,0,0,482,71,71,71,0.0,0.0,0.0,0.0,0.0,0.0,0.0,0.0,5,0,0,1
EMP015,2026-03-13,71,Cashier,Delhi,COHORT014,1,0,49,0,0,0,393,72,72,72,0.0,0.0,0.0,0.0,0.0,0.0,0.0,0.0,5,0,0,1
EMP015,2026-03-14,72,Cashier,Delhi,COHORT014,1,0,3,0,0,0,33,73,73,73,0.0,0.0,0.0,0.0,0.0,0.0,0.0,20.0,4,1,0,1
EMP015,2026-03-15,73,Cashier,Delhi,COHORT014,1,0,7,0,0,0,63,74,74,74,0.0,0.0,0.0,0.0,0.0,0.0,0.0,20.0,4,1,0,1
EMP015,2026-03-16,74,Cashier,Delhi,COHORT014,1,0,50,0,0,0,412,75,75,75,0.0,0.0,0.0,0.0,0.0,0.0,0.0,0.0,5,0,0,1
EMP015,2026-03-17,75,Cashier,Delhi,COHORT014,1,0,43,0,0,0,382,76,76,76,0.0,0.0,0.0,0.0,0.0,0.0,0.0,0.0,5,0,0,1
EMP015,2026-03-18,76,Cashier,Delhi,COHORT014,1,0,72,0,0,0,441,77,77,77,0.0,0.0,0.0,0.0,0.0,0.0,0.0,0.0,5,0,0,1
EMP015,2026-03-19,77,Cashier,Delhi,COHORT014,1,0,67,0,0,0,480,78,78,78,0.0,0.0,0.0,0.0,0.0,0.0,0.0,0.0,5,0,0,1
EMP015,2026-03-20,78,Cashier,Delhi,COHORT014,1,0,58,0,0,0,466,79,79,79,0.0,0.0,0.0,0.0,0.0,0.0,0.0,0.0,5,0,0,1
EMP015,2026-03-21,79,Cashier,Delhi,COHORT014,1,0,8,0,0,0,74,80,80,80,0.0,0.0,0.0,0.0,0.0,0.0,0.0,0.0,5,0,0,1
EMP015,2026-03-22,80,Cashier,Delhi,COHORT014,1,0,16,0,0,0,115,81,81,81,0.0,0.0,0.0,0.0,0.0,0.0,0.0,0.0,5,0,0,1
EMP015,2026-03-23,81,Cashier,Delhi,COHORT014,1,0,52,0,0,0,421,82,82,82,0.0,0.0,0.0,0.0,0.0,0.0,0.0,0.0,5,0,0,1
EMP015,2026-03-24,82,Cashier,Delhi,COHORT014,1,0,69,0,0,0,511,83,83,83,0.0,0.0,0.0,0.0,0.0,0.0,0.0,0.0,5,0,0,1
EMP015,2026-03-25,83,Cashier,Delhi,COHORT014,1,0,77,0,0,0,503,84,84,84,0.0,0.0,0.0,0.0,0.0,0.0,0.0,0.0,5,0,0,1
EMP015,2026-03-26,84,Cashier,Delhi,COHORT014,1,0,86,0,0,0,475,85,85,85,0.0,0.0,0.0,0.0,0.0,0.0,0.0,0.0,5,0,0,1
EMP015,2026-03-27,85,Cashier,Delhi,COHORT014,1,0,71,0,0,0,419,86,86,86,0.0,0.0,0.0,0.0,0.0,0.0,0.0,0.0,5,0,0,1
EMP015,2026-03-28,86,Cashier,Delhi,COHORT014,1,0,6,0,0,0,37,87,87,87,0.0,0.0,0.0,0.0,0.0,0.0,0.0,20.0,4,1,0,1
EMP015,2026-03-29,87,Cashier,Delhi,COHORT014,1,0,10,0,0,0,82,88,88,88,0.0,0.0,0.0,0.0,0.0,0.0,0.0,0.0,5,0,0,1
EMP015,2026-03-30,88,Cashier,Delhi,COHORT014,1,0,52,0,0,0,473,89,89,89,0.0,0.0,0.0,0.0,0.0,0.0,0.0,0.0,5,0,0,1
EMP015,2026-03-31,89,Cashier,Delhi,COHORT014,1,0,68,0,0,0,536,90,90,90,0.0,0.0,0.0,0.0,0.0,0.0,0.0,0.0,5,0,0,1
EMP016,2026-01-01,0,Cashier,Ahmedabad,COHORT015,0,0,72,0,0,0,374,1,1,1,0.0,0.0,0.0,0.0,0.0,0.0,0.0,0.0,5,0,0,1
EMP016,2026-01-02,1,Cashier,Ahmedabad,COHORT015,0,0,78,0,0,0,451,2,2,2,0.0,0.0,0.0,0.0,0.0,0.0,0.0,0.0,5,0,0,1
EMP016,2026-01-03,2,Cashier,Ahmedabad,COHORT015,0,0,8,0,0,0,61,3,3,3,0.0,0.0,0.0,0.0,0.0,0.0,0.0,20.0,4,1,0,1
EMP016,2026-01-04,3,Cashier,Ahmedabad,COHORT015,0,0,17,0,0,0,105,4,4,4,0.0,0.0,0.0,0.0,0.0,0.0,0.0,0.0,5,0,0,1
EMP016,2026-01-05,4,Cashier,Ahmedabad,COHORT015,0,0,82,0,0,0,489,5,5,5,0.0,0.0,0.0,0.0,0.0,0.0,0.0,0.0,5,0,0,1
EMP016,2026-01-06,5,Cashier,Ahmedabad,COHORT015,0,0,47,0,0,0,380,6,6,6,0.0,0.0,0.0,0.0,0.0,0.0,0.0,0.0,5,0,0,1
EMP016,2026-01-07,6,Cashier,Ahmedabad,COHORT015,0,0,55,0,0,0,406,7,7,7,0.0,0.0,0.0,0.0,0.0,0.0,0.0,0.0,5,0,0,1
EMP016,2026-01-08,7,Cashier,Ahmedabad,COHORT015,0,0,55,0,0,0,460,8,8,8,0.0,0.0,0.0,0.0,0.0,0.0,0.0,0.0,5,0,0,1
EMP016,2026-01-09,8,Cashier,Ahmedabad,COHORT015,0,0,43,0,0,0,371,9,9,9,0.0,0.0,0.0,0.0,0.0,0.0,0.0,0.0,5,0,0,1
EMP016,2026-01-10,9,Cashier,Ahmedabad,COHORT015,0,0,12,0,0,0,83,10,10,10,0.0,0.0,0.0,0.0,0.0,0.0,0.0,0.0,5,0,0,1
EMP016,2026-01-11,10,Cashier,Ahmedabad,COHORT015,0,0,13,0,0,0,97,11,11,11,0.0,0.0,0.0,0.0,0.0,0.0,0.0,0.0,5,0,0,1
EMP016,2026-01-12,11,Cashier,Ahmedabad,COHORT015,0,0,75,0,0,0,514,12,12,12,0.0,0.0,0.0,0.0,0.0,0.0,0.0,0.0,5,0,0,1
EMP016,2026-01-13,12,Cashier,Ahmedabad,COHORT015,0,0,45,0,0,0,374,13,13,13,0.0,0.0,0.0,0.0,0.0,0.0,0.0,0.0,5,0,0,1
EMP016,2026-01-14,13,Cashier,Ahmedabad,COHORT015,0,0,55,0,0,0,409,14,14,14,0.0,0.0,0.0,0.0,0.0,0.0,0.0,0.0,5,0,0,1
EMP016,2026-01-15,14,Cashier,Ahmedabad,COHORT015,0,0,79,0,0,0,486,15,15,15,0.0,0.0,0.0,0.0,0.0,0.0,0.0,0.0,5,0,0,1
EMP016,2026-01-16,15,Cashier,Ahmedabad,COHORT015,0,0,88,0,0,0,449,16,16,16,0.0,0.0,0.0,0.0,0.0,0.0,0.0,0.0,5,0,0,1
EMP016,2026-01-17,16,Cashier,Ahmedabad,COHORT015,0,0,7,0,0,0,80,17,17,17,0.0,0.0,0.0,0.0,0.0,0.0,0.0,0.0,5,0,0,1
EMP016,2026-01-18,17,Cashier,Ahmedabad,COHORT015,0,0,4,0,0,0,30,18,18,18,0.0,0.0,0.0,0.0,0.0,0.0,0.0,20.0,4,1,0,1
EMP016,2026-01-19,18,Cashier,Ahmedabad,COHORT015,0,0,74,0,0,0,455,19,19,19,0.0,0.0,0.0,0.0,0.0,0.0,0.0,0.0,5,0,0,1
EMP016,2026-01-20,19,Cashier,Ahmedabad,COHORT015,0,0,88,0,0,0,466,20,20,20,0.0,0.0,0.0,0.0,0.0,0.0,0.0,0.0,5,0,0,1
EMP016,2026-01-21,20,Cashier,Ahmedabad,COHORT015,0,0,70,0,0,0,484,21,21,21,0.0,0.0,0.0,0.0,0.0,0.0,0.0,0.0,5,0,0,1
EMP016,2026-01-22,21,Cashier,Ahmedabad,COHORT015,0,0,54,0,0,0,434,22,22,22,0.0,0.0,0.0,0.0,0.0,0.0,0.0,0.0,5,0,0,1
EMP016,2026-01-23,22,Cashier,Ahmedabad,COHORT015,0,0,49,0,0,0,447,23,23,23,0.0,0.0,0.0,0.0,0.0,0.0,0.0,0.0,5,0,0,1
EMP016,2026-01-24,23,Cashier,Ahmedabad,COHORT015,0,0,4,0,0,0,37,24,24,24,0.0,0.0,0.0,0.0,0.0,0.0,0.0,40.0,3,2,0,1
EMP016,2026-01-25,24,Cashier,Ahmedabad,COHORT015,0,0,5,0,0,0,30,25,25,25,0.0,0.0,0.0,0.0,0.0,0.0,0.0,20.0,4,1,0,1
EMP016,2026-01-26,25,Cashier,Ahmedabad,COHORT015,0,0,75,0,0,0,462,26,26,26,0.0,0.0,0.0,0.0,0.0,0.0,0.0,0.0,5,0,0,1
EMP016,2026-01-27,26,Cashier,Ahmedabad,COHORT015,0,0,55,0,0,0,469,27,27,27,0.0,0.0,0.0,0.0,0.0,0.0,0.0,0.0,5,0,0,1
EMP016,2026-01-28,27,Cashier,Ahmedabad,COHORT015,0,0,51,0,0,0,457,28,28,28,0.0,0.0,0.0,0.0,0.0,0.0,0.0,0.0,5,0,0,1
EMP016,2026-01-29,28,Cashier,Ahmedabad,COHORT015,0,0,69,0,0,0,429,29,29,29,0.0,0.0,0.0,0.0,0.0,0.0,0.0,0.0,5,0,0,1
EMP016,2026-01-30,29,Cashier,Ahmedabad,COHORT015,0,0,67,0,0,0,431,30,30,30,0.0,0.0,0.0,0.0,0.0,0.0,0.0,0.0,5,0,0,1
EMP016,2026-01-31,30,Cashier,Ahmedabad,COHORT015,0,0,1,0,0,0,12,31,31,31,0.0,0.0,0.0,0.0,0.0,0.0,0.0,40.0,3,2,0,1
EMP016,2026-02-01,31,Cashier,Ahmedabad,COHORT015,0,0,5,0,0,0,42,32,32,32,0.0,0.0,0.0,0.0,0.0,0.0,0.0,20.0,4,1,0,1
EMP016,2026-02-02,32,Cashier,Ahmedabad,COHORT015,0,0,60,0,0,0,385,33,33,33,0.0,0.0,0.0,0.0,0.0,0.0,0.0,0.0,5,0,0,1
EMP016,2026-02-03,33,Cashier,Ahmedabad,COHORT015,0,0,58,0,0,0,442,34,34,34,0.0,0.0,0.0,0.0,0.0,0.0,0.0,0.0,5,0,0,1
EMP016,2026-02-04,34,Cashier,Ahmedabad,COHORT015,0,0,73,0,0,0,521,35,35,35,0.0,0.0,0.0,0.0,0.0,0.0,0.0,0.0,5,0,0,1
EMP016,2026-02-05,35,Cashier,Ahmedabad,COHORT015,0,0,81,0,0,0,486,36,36,36,0.0,0.0,0.0,0.0,0.0,0.0,0.0,0.0,5,0,0,1
EMP016,2026-02-06,36,Cashier,Ahmedabad,COHORT015,0,0,71,0,0,0,439,37,37,37,0.0,0.0,0.0,0.0,0.0,0.0,0.0,0.0,5,0,0,1
EMP016,2026-02-07,37,Cashier,Ahmedabad,COHORT015,0,0,15,0,0,0,105,38,38,38,0.0,0.0,0.0,0.0,0.0,0.0,0.0,0.0,5,0,0,1
EMP016,2026-02-08,38,Cashier,Ahmedabad,COHORT015,0,0,0,0,0,0,3,39,39,39,0.0,0.0,0.0,0.0,0.0,0.0,0.0,80.0,1,4,0,1
EMP016,2026-02-09,39,Cashier,Ahmedabad,COHORT015,0,0,43,0,0,0,527,40,40,40,0.0,0.0,0.0,0.0,0.0,0.0,0.0,0.0,5,0,0,1
EMP016,2026-02-10,40,Cashier,Ahmedabad,COHORT015,0,0,47,0,0,0,441,41,41,41,0.0,0.0,0.0,0.0,0.0,0.0,0.0,0.0,5,0,0,1
EMP016,2026-02-11,41,Cashier,Ahmedabad,COHORT015,0,0,51,0,0,0,464,42,42,42,0.0,0.0,0.0,0.0,0.0,0.0,0.0,0.0,5,0,0,1
EMP016,2026-02-12,42,Cashier,Ahmedabad,COHORT015,0,0,41,0,0,0,413,43,43,43,0.0,0.0,0.0,0.0,0.0,0.0,0.0,0.0,5,0,0,1
EMP016,2026-02-13,43,Cashier,Ahmedabad,COHORT015,0,0,79,0,0,0,514,44,44,44,0.0,0.0,0.0,0.0,0.0,0.0,0.0,0.0,5,0,0,1
EMP016,2026-02-14,44,Cashier,Ahmedabad,COHORT015,0,0,0,0,0,0,3,45,45,45,0.0,0.0,0.0,0.0,0.0,0.0,0.0,80.0,1,4,0,1
EMP016,2026-02-15,45,Cashier,Ahmedabad,COHORT015,0,0,6,0,0,0,70,46,46,46,0.0,0.0,0.0,0.0,0.0,0.0,0.0,20.0,4,1,0,1
EMP016,2026-02-16,46,Cashier,Ahmedabad,COHORT015,0,0,81,0,0,0,507,47,47,47,0.0,0.0,0.0,0.0,0.0,0.0,0.0,0.0,5,0,0,1
EMP016,2026-02-17,47,Cashier,Ahmedabad,COHORT015,0,0,70,0,0,0,478,48,48,48,0.0,0.0,0.0,0.0,0.0,0.0,0.0,0.0,5,0,0,1
EMP016,2026-02-18,48,Cashier,Ahmedabad,COHORT015,0,0,42,0,0,0,437,49,49,49,0.0,0.0,0.0,0.0,0.0,0.0,0.0,0.0,5,0,0,1
EMP016,2026-02-19,49,Cashier,Ahmedabad,COHORT015,0,0,66,0,0,0,475,50,50,50,0.0,0.0,0.0,0.0,0.0,0.0,0.0,0.0,5,0,0,1
EMP016,2026-02-20,50,Cashier,Ahmedabad,COHORT015,0,0,75,0,0,0,518,51,51,51,0.0,0.0,0.0,0.0,0.0,0.0,0.0,0.0,5,0,0,1
EMP016,2026-02-21,51,Cashier,Ahmedabad,COHORT015,0,0,0,0,0,0,0,52,52,52,0.0,0.0,0.0,0.0,0.0,0.0,0.0,100.0,0,5,0,1
EMP016,2026-02-22,52,Cashier,Ahmedabad,COHORT015,0,0,8,0,0,0,60,53,53,53,0.0,0.0,0.0,0.0,0.0,0.0,0.0,0.0,5,0,0,1
EMP016,2026-02-23,53,Cashier,Ahmedabad,COHORT015,0,0,94,0,0,0,457,54,54,54,0.0,0.0,0.0,0.0,0.0,0.0,0.0,0.0,5,0,0,1
EMP016,2026-02-24,54,Cashier,Ahmedabad,COHORT015,0,0,58,0,0,0,422,55,55,55,0.0,0.0,0.0,0.0,0.0,0.0,0.0,0.0,5,0,0,1
EMP016,2026-02-25,55,Cashier,Ahmedabad,COHORT015,0,0,56,0,0,0,423,56,56,56,0.0,0.0,0.0,0.0,0.0,0.0,0.0,0.0,5,0,0,1
EMP016,2026-02-26,56,Cashier,Ahmedabad,COHORT015,0,0,58,0,0,0,425,57,57,57,0.0,0.0,0.0,0.0,0.0,0.0,0.0,0.0,5,0,0,1
EMP016,2026-02-27,57,Cashier,Ahmedabad,COHORT015,0,0,76,0,0,0,435,58,58,58,0.0,0.0,0.0,0.0,0.0,0.0,0.0,0.0,5,0,0,1
EMP016,2026-02-28,58,Cashier,Ahmedabad,COHORT015,0,0,3,0,0,0,27,59,59,59,0.0,0.0,0.0,0.0,0.0,0.0,0.0,20.0,4,1,0,1
EMP016,2026-03-01,59,Cashier,Ahmedabad,COHORT015,0,0,4,0,0,0,25,60,60,60,0.0,0.0,0.0,0.0,0.0,0.0,0.0,40.0,3,2,0,1
EMP016,2026-03-02,60,Cashier,Ahmedabad,COHORT015,0,0,79,0,0,0,447,61,61,61,0.0,0.0,0.0,0.0,0.0,0.0,0.0,0.0,5,0,0,1
EMP016,2026-03-03,61,Cashier,Ahmedabad,COHORT015,0,0,65,0,0,0,457,62,62,62,0.0,0.0,0.0,0.0,0.0,0.0,0.0,0.0,5,0,0,1
EMP016,2026-03-04,62,Cashier,Ahmedabad,COHORT015,0,0,91,0,0,0,469,63,63,63,0.0,0.0,0.0,0.0,0.0,0.0,0.0,0.0,5,0,0,1
EMP016,2026-03-05,63,Cashier,Ahmedabad,COHORT015,0,0,91,0,0,0,465,64,64,64,0.0,0.0,0.0,0.0,0.0,0.0,0.0,0.0,5,0,0,1
EMP016,2026-03-06,64,Cashier,Ahmedabad,COHORT015,0,0,54,0,0,0,444,65,65,65,0.0,0.0,0.0,0.0,0.0,0.0,0.0,0.0,5,0,0,1
EMP016,2026-03-07,65,Cashier,Ahmedabad,COHORT015,0,0,1,0,0,0,9,66,66,66,0.0,0.0,0.0,0.0,0.0,0.0,0.0,60.0,2,3,0,1
EMP016,2026-03-08,66,Cashier,Ahmedabad,COHORT015,0,0,14,0,0,0,93,67,67,67,0.0,0.0,0.0,0.0,0.0,0.0,0.0,0.0,5,0,0,1
EMP016,2026-03-09,67,Cashier,Ahmedabad,COHORT015,0,0,57,0,0,0,399,68,68,68,0.0,0.0,0.0,0.0,0.0,0.0,0.0,0.0,5,0,0,1
EMP016,2026-03-10,68,Cashier,Ahmedabad,COHORT015,0,0,79,0,0,0,464,69,69,69,0.0,0.0,0.0,0.0,0.0,0.0,0.0,0.0,5,0,0,1
EMP016,2026-03-11,69,Cashier,Ahmedabad,COHORT015,0,0,69,0,0,0,527,70,70,70,0.0,0.0,0.0,0.0,0.0,0.0,0.0,0.0,5,0,0,1
EMP016,2026-03-12,70,Cashier,Ahmedabad,COHORT015,0,0,37,0,0,0,399,71,71,71,0.0,0.0,0.0,0.0,0.0,0.0,0.0,0.0,5,0,0,1
EMP016,2026-03-13,71,Cashier,Ahmedabad,COHORT015,0,0,47,0,0,0,396,72,72,72,0.0,0.0,0.0,0.0,0.0,0.0,0.0,0.0,5,0,0,1
EMP016,2026-03-14,72,Cashier,Ahmedabad,COHORT015,0,0,3,0,0,0,27,73,73,73,0.0,0.0,0.0,0.0,0.0,0.0,0.0,40.0,3,2,0,1
EMP016,2026-03-15,73,Cashier,Ahmedabad,COHORT015,0,0,5,0,0,0,53,74,74,74,0.0,0.0,0.0,0.0,0.0,0.0,0.0,20.0,4,1,0,1
EMP016,2026-03-16,74,Cashier,Ahmedabad,COHORT015,0,0,49,0,0,0,399,75,75,75,0.0,0.0,0.0,0.0,0.0,0.0,0.0,0.0,5,0,0,1
EMP016,2026-03-17,75,Cashier,Ahmedabad,COHORT015,0,0,70,0,0,0,492,76,76,76,0.0,0.0,0.0,0.0,0.0,0.0,0.0,0.0,5,0,0,1
EMP016,2026-03-18,76,Cashier,Ahmedabad,COHORT015,0,0,41,0,0,0,362,77,77,77,0.0,0.0,0.0,0.0,0.0,0.0,0.0,0.0,5,0,0,1
EMP016,2026-03-19,77,Cashier,Ahmedabad,COHORT015,0,0,54,0,0,0,530,78,78,78,0.0,0.0,0.0,0.0,0.0,0.0,0.0,0.0,5,0,0,1
EMP016,2026-03-20,78,Cashier,Ahmedabad,COHORT015,0,0,53,0,0,0,376,79,79,79,0.0,0.0,0.0,0.0,0.0,0.0,0.0,0.0,5,0,0,1
EMP016,2026-03-21,79,Cashier,Ahmedabad,COHORT015,0,0,12,0,0,0,96,80,80,80,0.0,0.0,0.0,0.0,0.0,0.0,0.0,0.0,5,0,0,1
EMP016,2026-03-22,80,Cashier,Ahmedabad,COHORT015,0,0,3,0,0,0,22,81,81,81,0.0,0.0,0.0,0.0,0.0,0.0,0.0,40.0,3,2,0,1
EMP016,2026-03-23,81,Cashier,Ahmedabad,COHORT015,0,0,80,0,0,0,462,82,82,82,0.0,0.0,0.0,0.0,0.0,0.0,0.0,0.0,5,0,0,1
EMP016,2026-03-24,82,Cashier,Ahmedabad,COHORT015,0,0,74,0,0,0,524,83,83,83,0.0,0.0,0.0,0.0,0.0,0.0,0.0,0.0,5,0,0,1
EMP016,2026-03-25,83,Cashier,Ahmedabad,COHORT015,0,0,50,0,0,0,454,84,84,84,0.0,0.0,0.0,0.0,0.0,0.0,0.0,0.0,5,0,0,1
EMP016,2026-03-26,84,Cashier,Ahmedabad,COHORT015,0,0,65,0,0,0,435,85,85,85,0.0,0.0,0.0,0.0,0.0,0.0,0.0,0.0,5,0,0,1
EMP016,2026-03-27,85,Cashier,Ahmedabad,COHORT015,0,0,50,0,0,0,380,86,86,86,0.0,0.0,0.0,0.0,0.0,0.0,0.0,0.0,5,0,0,1
EMP016,2026-03-28,86,Cashier,Ahmedabad,COHORT015,0,0,3,0,0,0,16,87,87,87,0.0,0.0,0.0,0.0,0.0,0.0,0.0,40.0,3,2,0,1
EMP016,2026-03-29,87,Cashier,Ahmedabad,COHORT015,0,0,10,0,0,0,97,88,88,88,0.0,0.0,0.0,0.0,0.0,0.0,0.0,0.0,5,0,0,1
EMP016,2026-03-30,88,Cashier,Ahmedabad,COHORT015,0,0,91,0,0,0,507,89,89,89,0.0,0.0,0.0,0.0,0.0,0.0,0.0,0.0,5,0,0,1
EMP016,2026-03-31,89,Cashier,Ahmedabad,COHORT015,0,0,44,0,0,0,453,90,90,90,0.0,0.0,0.0,0.0,0.0,0.0,0.0,0.0,5,0,0,1
EMP017,2026-01-01,0,Cashier,Surat,COHORT016,0,0,86,0,0,0,576,1,1,1,0.0,0.0,0.0,0.0,0.0,0.0,0.0,0.0,5,0,0,1
EMP017,2026-01-02,1,Cashier,Surat,COHORT016,0,0,43,0,0,0,421,2,2,2,0.0,0.0,0.0,0.0,0.0,0.0,0.0,0.0,5,0,0,1
EMP017,2026-01-03,2,Cashier,Surat,COHORT016,0,0,5,0,0,0,40,3,3,3,0.0,0.0,0.0,0.0,0.0,0.0,0.0,0.0,5,0,0,1
EMP017,2026-01-04,3,Cashier,Surat,COHORT016,0,0,0,0,0,0,1,4,4,4,0.0,0.0,0.0,0.0,0.0,0.0,0.0,80.0,1,4,0,1
EMP017,2026-01-05,4,Cashier,Surat,COHORT016,0,0,69,0,0,0,431,5,5,5,0.0,0.0,0.0,0.0,0.0,0.0,0.0,0.0,5,0,0,1
EMP017,2026-01-06,5,Cashier,Surat,COHORT016,0,0,47,0,0,0,500,6,6,6,0.0,0.0,0.0,0.0,0.0,0.0,0.0,0.0,5,0,0,1
EMP017,2026-01-07,6,Cashier,Surat,COHORT016,0,0,58,0,0,0,407,7,7,7,0.0,0.0,0.0,0.0,0.0,0.0,0.0,0.0,5,0,0,1
EMP017,2026-01-08,7,Cashier,Surat,COHORT016,0,0,57,0,0,0,412,8,8,8,0.0,0.0,0.0,0.0,0.0,0.0,0.0,0.0,5,0,0,1
EMP017,2026-01-09,8,Cashier,Surat,COHORT016,0,0,63,0,0,0,540,9,9,9,0.0,0.0,0.0,0.0,0.0,0.0,0.0,0.0,5,0,0,1
EMP017,2026-01-10,9,Cashier,Surat,COHORT016,0,0,14,0,0,0,100,10,10,10,0.0,0.0,0.0,0.0,0.0,0.0,0.0,0.0,5,0,0,1
EMP017,2026-01-11,10,Cashier,Surat,COHORT016,0,0,15,0,0,0,99,11,11,11,0.0,0.0,0.0,0.0,0.0,0.0,0.0,0.0,5,0,0,1
EMP017,2026-01-12,11,Cashier,Surat,COHORT016,0,0,80,0,0,0,498,12,12,12,0.0,0.0,0.0,0.0,0.0,0.0,0.0,0.0,5,0,0,1
EMP017,2026-01-13,12,Cashier,Surat,COHORT016,0,0,62,0,0,0,470,13,13,13,0.0,0.0,0.0,0.0,0.0,0.0,0.0,0.0,5,0,0,1
EMP017,2026-01-14,13,Cashier,Surat,COHORT016,0,0,46,0,0,0,438,14,14,14,0.0,0.0,0.0,0.0,0.0,0.0,0.0,0.0,5,0,0,1
EMP017,2026-01-15,14,Cashier,Surat,COHORT016,0,0,45,0,0,0,462,15,15,15,0.0,0.0,0.0,0.0,0.0,0.0,0.0,0.0,5,0,0,1
EMP017,2026-01-16,15,Cashier,Surat,COHORT016,0,0,65,0,0,0,523,16,16,16,0.0,0.0,0.0,0.0,0.0,0.0,0.0,0.0,5,0,0,1
EMP017,2026-01-17,16,Cashier,Surat,COHORT016,0,0,7,0,0,0,56,17,17,17,0.0,0.0,0.0,0.0,0.0,0.0,0.0,20.0,4,1,0,1
EMP017,2026-01-18,17,Cashier,Surat,COHORT016,0,0,11,0,0,0,87,18,18,18,0.0,0.0,0.0,0.0,0.0,0.0,0.0,0.0,5,0,0,1
EMP017,2026-01-19,18,Cashier,Surat,COHORT016,0,0,53,0,0,0,397,19,19,19,0.0,0.0,0.0,0.0,0.0,0.0,0.0,0.0,5,0,0,1
EMP017,2026-01-20,19,Cashier,Surat,COHORT016,0,0,77,0,0,0,453,20,20,20,0.0,0.0,0.0,0.0,0.0,0.0,0.0,0.0,5,0,0,1
EMP017,2026-01-21,20,Cashier,Surat,COHORT016,0,0,74,0,0,0,410,21,21,21,0.0,0.0,0.0,0.0,0.0,0.0,0.0,0.0,5,0,0,1
EMP017,2026-01-22,21,Cashier,Surat,COHORT016,0,0,49,0,0,0,522,22,22,22,0.0,0.0,0.0,0.0,0.0,0.0,0.0,0.0,5,0,0,1
EMP017,2026-01-23,22,Cashier,Surat,COHORT016,0,0,67,0,0,0,483,23,23,23,0.0,0.0,0.0,0.0,0.0,0.0,0.0,0.0,5,0,0,1
EMP017,2026-01-24,23,Cashier,Surat,COHORT016,0,0,12,0,0,0,101,24,24,24,0.0,0.0,0.0,0.0,0.0,0.0,0.0,0.0,5,0,0,1
EMP017,2026-01-25,24,Cashier,Surat,COHORT016,0,0,2,0,0,0,9,25,25,25,0.0,0.0,0.0,0.0,0.0,0.0,0.0,40.0,3,2,0,1
EMP017,2026-01-26,25,Cashier,Surat,COHORT016,0,0,66,0,0,0,443,26,26,26,0.0,0.0,0.0,0.0,0.0,0.0,0.0,0.0,5,0,0,1
EMP017,2026-01-27,26,Cashier,Surat,COHORT016,0,0,65,0,0,0,466,27,27,27,0.0,0.0,0.0,0.0,0.0,0.0,0.0,0.0,5,0,0,1
EMP017,2026-01-28,27,Cashier,Surat,COHORT016,0,0,55,0,0,0,426,28,28,28,0.0,0.0,0.0,0.0,0.0,0.0,0.0,0.0,5,0,0,1
EMP017,2026-01-29,28,Cashier,Surat,COHORT016,0,0,78,0,0,0,477,29,29,29,0.0,0.0,0.0,0.0,0.0,0.0,0.0,0.0,5,0,0,1
EMP017,2026-01-30,29,Cashier,Surat,COHORT016,0,0,46,0,0,0,423,30,30,30,0.0,0.0,0.0,0.0,0.0,0.0,0.0,0.0,5,0,0,1
EMP017,2026-01-31,30,Cashier,Surat,COHORT016,0,0,16,0,0,0,103,31,31,31,0.0,0.0,0.0,0.0,0.0,0.0,0.0,0.0,5,0,0,1
EMP017,2026-02-01,31,Cashier,Surat,COHORT016,0,0,1,0,0,0,9,32,32,32,0.0,0.0,0.0,0.0,0.0,0.0,0.0,40.0,3,2,0,1
EMP017,2026-02-02,32,Cashier,Surat,COHORT016,0,0,57,0,0,0,413,33,33,33,0.0,0.0,0.0,0.0,0.0,0.0,0.0,0.0,5,0,0,1
EMP017,2026-02-03,33,Cashier,Surat,COHORT016,0,0,49,0,0,0,452,34,34,34,0.0,0.0,0.0,0.0,0.0,0.0,0.0,0.0,5,0,0,1
EMP017,2026-02-04,34,Cashier,Surat,COHORT016,0,0,49,0,0,0,424,35,35,35,0.0,0.0,0.0,0.0,0.0,0.0,0.0,0.0,5,0,0,1
EMP017,2026-02-05,35,Cashier,Surat,COHORT016,0,0,56,0,0,0,451,36,36,36,0.0,0.0,0.0,0.0,0.0,0.0,0.0,0.0,5,0,0,1
EMP017,2026-02-06,36,Cashier,Surat,COHORT016,0,0,61,0,0,0,406,37,37,37,0.0,0.0,0.0,0.0,0.0,0.0,0.0,0.0,5,0,0,1
EMP017,2026-02-07,37,Cashier,Surat,COHORT016,0,0,10,0,0,0,67,38,38,38,0.0,0.0,0.0,0.0,0.0,0.0,0.0,0.0,5,0,0,1
EMP017,2026-02-08,38,Cashier,Surat,COHORT016,0,0,1,0,0,0,10,39,39,39,0.0,0.0,0.0,0.0,0.0,0.0,0.0,40.0,3,2,0,1
EMP017,2026-02-09,39,Cashier,Surat,COHORT016,0,0,40,0,0,0,431,40,40,40,0.0,0.0,0.0,0.0,0.0,0.0,0.0,0.0,5,0,0,1
EMP017,2026-02-10,40,Cashier,Surat,COHORT016,0,0,60,0,0,0,403,41,41,41,0.0,0.0,0.0,0.0,0.0,0.0,0.0,0.0,5,0,0,1
EMP017,2026-02-11,41,Cashier,Surat,COHORT016,0,0,83,0,0,0,471,42,42,42,0.0,0.0,0.0,0.0,0.0,0.0,0.0,0.0,5,0,0,1
EMP017,2026-02-12,42,Cashier,Surat,COHORT016,0,0,72,0,0,0,462,43,43,43,0.0,0.0,0.0,0.0,0.0,0.0,0.0,0.0,5,0,0,1
EMP017,2026-02-13,43,Cashier,Surat,COHORT016,0,0,67,0,0,0,434,44,44,44,0.0,0.0,0.0,0.0,0.0,0.0,0.0,0.0,5,0,0,1
EMP017,2026-02-14,44,Cashier,Surat,COHORT016,0,0,0,0,0,0,1,45,45,45,0.0,0.0,0.0,0.0,0.0,0.0,0.0,80.0,1,4,0,1
EMP017,2026-02-15,45,Cashier,Surat,COHORT016,0,0,8,0,0,0,44,46,46,46,0.0,0.0,0.0,0.0,0.0,0.0,0.0,20.0,4,1,0,1
EMP017,2026-02-16,46,Cashier,Surat,COHORT016,0,0,84,0,0,0,478,47,47,47,0.0,0.0,0.0,0.0,0.0,0.0,0.0,0.0,5,0,0,1
EMP017,2026-02-17,47,Cashier,Surat,COHORT016,0,0,47,0,0,0,375,48,48,48,0.0,0.0,0.0,0.0,0.0,0.0,0.0,0.0,5,0,0,1
EMP017,2026-02-18,48,Cashier,Surat,COHORT016,0,0,73,0,0,0,477,49,49,49,0.0,0.0,0.0,0.0,0.0,0.0,0.0,0.0,5,0,0,1
EMP017,2026-02-19,49,Cashier,Surat,COHORT016,0,0,63,0,0,0,403,50,50,50,0.0,0.0,0.0,0.0,0.0,0.0,0.0,0.0,5,0,0,1
EMP017,2026-02-20,50,Cashier,Surat,COHORT016,0,0,55,0,0,0,569,51,51,51,0.0,0.0,0.0,0.0,0.0,0.0,0.0,0.0,5,0,0,1
EMP017,2026-02-21,51,Cashier,Surat,COHORT016,0,0,9,0,0,0,91,52,52,52,0.0,0.0,0.0,0.0,0.0,0.0,0.0,0.0,5,0,0,1
EMP017,2026-02-22,52,Cashier,Surat,COHORT016,0,0,12,0,0,0,71,53,53,53,0.0,0.0,0.0,0.0,0.0,0.0,0.0,0.0,5,0,0,1
EMP017,2026-02-23,53,Cashier,Surat,COHORT016,0,0,85,0,0,0,434,54,54,54,0.0,0.0,0.0,0.0,0.0,0.0,0.0,0.0,5,0,0,1
EMP017,2026-02-24,54,Cashier,Surat,COHORT016,0,0,51,0,0,0,494,55,55,55,0.0,0.0,0.0,0.0,0.0,0.0,0.0,0.0,5,0,0,1
EMP017,2026-02-25,55,Cashier,Surat,COHORT016,0,0,40,0,0,0,393,56,56,56,0.0,0.0,0.0,0.0,0.0,0.0,0.0,0.0,5,0,0,1
EMP017,2026-02-26,56,Cashier,Surat,COHORT016,0,0,63,0,0,0,419,57,57,57,0.0,0.0,0.0,0.0,0.0,0.0,0.0,0.0,5,0,0,1
EMP017,2026-02-27,57,Cashier,Surat,COHORT016,0,0,72,0,0,0,472,58,58,58,0.0,0.0,0.0,0.0,0.0,0.0,0.0,0.0,5,0,0,1
EMP017,2026-02-28,58,Cashier,Surat,COHORT016,0,0,13,0,0,0,96,59,59,59,0.0,0.0,0.0,0.0,0.0,0.0,0.0,0.0,5,0,0,1
EMP017,2026-03-01,59,Cashier,Surat,COHORT016,0,0,6,0,0,0,42,60,60,60,0.0,0.0,0.0,0.0,0.0,0.0,0.0,20.0,4,1,0,1
EMP017,2026-03-02,60,Cashier,Surat,COHORT016,0,0,45,0,0,0,463,61,61,61,0.0,0.0,0.0,0.0,0.0,0.0,0.0,0.0,5,0,0,1
EMP017,2026-03-03,61,Cashier,Surat,COHORT016,0,0,45,0,0,0,479,62,62,62,0.0,0.0,0.0,0.0,0.0,0.0,0.0,0.0,5,0,0,1
EMP017,2026-03-04,62,Cashier,Surat,COHORT016,0,0,50,0,0,0,485,63,63,63,0.0,0.0,0.0,0.0,0.0,0.0,0.0,0.0,5,0,0,1
EMP017,2026-03-05,63,Cashier,Surat,COHORT016,0,0,59,0,0,0,478,64,64,64,0.0,0.0,0.0,0.0,0.0,0.0,0.0,0.0,5,0,0,1
EMP017,2026-03-06,64,Cashier,Surat,COHORT016,0,0,65,0,0,0,436,65,65,65,0.0,0.0,0.0,0.0,0.0,0.0,0.0,0.0,5,0,0,1
EMP017,2026-03-07,65,Cashier,Surat,COHORT016,0,0,0,0,0,0,6,66,66,66,0.0,0.0,0.0,0.0,0.0,0.0,0.0,60.0,2,3,0,1
EMP017,2026-03-08,66,Cashier,Surat,COHORT016,0,0,4,0,0,0,28,67,67,67,0.0,0.0,0.0,0.0,0.0,0.0,0.0,20.0,4,1,0,1
EMP017,2026-03-09,67,Cashier,Surat,COHORT016,0,0,56,0,0,0,386,68,68,68,0.0,0.0,0.0,0.0,0.0,0.0,0.0,0.0,5,0,0,1
EMP017,2026-03-10,68,Cashier,Surat,COHORT016,0,0,68,0,0,0,461,69,69,69,0.0,0.0,0.0,0.0,0.0,0.0,0.0,0.0,5,0,0,1
EMP017,2026-03-11,69,Cashier,Surat,COHORT016,0,0,39,0,0,0,429,70,70,70,0.0,0.0,0.0,0.0,0.0,0.0,0.0,0.0,5,0,0,1
EMP017,2026-03-12,70,Cashier,Surat,COHORT016,0,0,63,0,0,0,466,71,71,71,0.0,0.0,0.0,0.0,0.0,0.0,0.0,0.0,5,0,0,1
EMP017,2026-03-13,71,Cashier,Surat,COHORT016,0,0,45,0,0,0,387,72,72,72,0.0,0.0,0.0,0.0,0.0,0.0,0.0,0.0,5,0,0,1
EMP017,2026-03-14,72,Cashier,Surat,COHORT016,0,0,11,0,0,0,87,73,73,73,0.0,0.0,0.0,0.0,0.0,0.0,0.0,0.0,5,0,0,1
EMP017,2026-03-15,73,Cashier,Surat,COHORT016,0,0,2,0,0,0,14,74,74,74,0.0,0.0,0.0,0.0,0.0,0.0,0.0,40.0,3,2,0,1
EMP017,2026-03-16,74,Cashier,Surat,COHORT016,0,0,53,0,0,0,432,75,75,75,0.0,0.0,0.0,0.0,0.0,0.0,0.0,0.0,5,0,0,1
EMP017,2026-03-17,75,Cashier,Surat,COHORT016,0,0,73,0,0,0,487,76,76,76,0.0,0.0,0.0,0.0,0.0,0.0,0.0,0.0,5,0,0,1
EMP017,2026-03-18,76,Cashier,Surat,COHORT016,0,0,66,0,0,0,432,77,77,77,0.0,0.0,0.0,0.0,0.0,0.0,0.0,0.0,5,0,0,1
EMP017,2026-03-19,77,Cashier,Surat,COHORT016,0,0,34,0,0,0,376,78,78,78,0.0,0.0,0.0,0.0,0.0,0.0,0.0,0.0,5,0,0,1
EMP017,2026-03-20,78,Cashier,Surat,COHORT016,0,0,95,0,0,0,469,79,79,79,0.0,0.0,0.0,0.0,0.0,0.0,0.0,0.0,5,0,0,1
EMP017,2026-03-21,79,Cashier,Surat,COHORT016,0,0,13,0,0,0,80,80,80,80,0.0,0.0,0.0,0.0,0.0,0.0,0.0,0.0,5,0,0,1
EMP017,2026-03-22,80,Cashier,Surat,COHORT016,0,0,11,0,0,0,74,81,81,81,0.0,0.0,0.0,0.0,0.0,0.0,0.0,0.0,5,0,0,1
EMP017,2026-03-23,81,Cashier,Surat,COHORT016,0,0,80,0,0,0,482,82,82,82,0.0,0.0,0.0,0.0,0.0,0.0,0.0,0.0,5,0,0,1
EMP017,2026-03-24,82,Cashier,Surat,COHORT016,0,0,55,0,0,0,387,83,83,83,0.0,0.0,0.0,0.0,0.0,0.0,0.0,0.0,5,0,0,1
EMP017,2026-03-25,83,Cashier,Surat,COHORT016,0,0,83,0,0,0,477,84,84,84,0.0,0.0,0.0,0.0,0.0,0.0,0.0,0.0,5,0,0,1
EMP017,2026-03-26,84,Cashier,Surat,COHORT016,0,0,50,0,0,0,453,85,85,85,0.0,0.0,0.0,0.0,0.0,0.0,0.0,0.0,5,0,0,1
EMP017,2026-03-27,85,Cashier,Surat,COHORT016,0,0,66,0,0,0,490,86,86,86,0.0,0.0,0.0,0.0,0.0,0.0,0.0,0.0,5,0,0,1
EMP017,2026-03-28,86,Cashier,Surat,COHORT016,0,0,7,0,0,0,42,87,87,87,0.0,0.0,0.0,0.0,0.0,0.0,0.0,20.0,4,1,0,1
EMP017,2026-03-29,87,Cashier,Surat,COHORT016,0,0,14,0,0,0,96,88,88,88,0.0,0.0,0.0,0.0,0.0,0.0,0.0,0.0,5,0,0,1
EMP017,2026-03-30,88,Cashier,Surat,COHORT016,0,0,87,0,0,0,424,89,89,89,0.0,0.0,0.0,0.0,0.0,0.0,0.0,0.0,5,0,0,1
EMP017,2026-03-31,89,Cashier,Surat,COHORT016,0,0,41,0,0,0,430,90,90,90,0.0,0.0,0.0,0.0,0.0,0.0,0.0,0.0,5,0,0,1
EMP018,2026-01-01,0,Cashier,Mumbai,COHORT017,0,0,52,0,0,0,479,1,1,1,0.0,0.0,0.0,0.0,0.0,0.0,0.0,0.0,5,0,0,1
EMP018,2026-01-02,1,Cashier,Mumbai,COHORT017,0,0,55,0,0,0,444,2,2,2,0.0,0.0,0.0,0.0,0.0,0.0,0.0,0.0,5,0,0,1
EMP018,2026-01-03,2,Cashier,Mumbai,COHORT017,0,0,16,0,0,0,102,3,3,3,0.0,0.0,0.0,0.0,0.0,0.0,0.0,0.0,5,0,0,1
EMP018,2026-01-04,3,Cashier,Mumbai,COHORT017,0,0,15,0,0,0,95,4,4,4,0.0,0.0,0.0,0.0,0.0,0.0,0.0,0.0,5,0,0,1
EMP018,2026-01-05,4,Cashier,Mumbai,COHORT017,0,0,64,0,0,0,479,5,5,5,0.0,0.0,0.0,0.0,0.0,0.0,0.0,0.0,5,0,0,1
EMP018,2026-01-06,5,Cashier,Mumbai,COHORT017,0,0,75,0,0,0,423,6,6,6,0.0,0.0,0.0,0.0,0.0,0.0,0.0,0.0,5,0,0,1
EMP018,2026-01-07,6,Cashier,Mumbai,COHORT017,0,0,56,0,0,0,448,7,7,7,0.0,0.0,0.0,0.0,0.0,0.0,0.0,0.0,5,0,0,1
EMP018,2026-01-08,7,Cashier,Mumbai,COHORT017,0,0,57,0,0,0,424,8,8,8,0.0,0.0,0.0,0.0,0.0,0.0,0.0,0.0,5,0,0,1
EMP018,2026-01-09,8,Cashier,Mumbai,COHORT017,0,0,54,0,0,0,404,9,9,9,0.0,0.0,0.0,0.0,0.0,0.0,0.0,0.0,5,0,0,1
EMP018,2026-01-10,9,Cashier,Mumbai,COHORT017,0,0,10,0,0,0,97,10,10,10,0.0,0.0,0.0,0.0,0.0,0.0,0.0,0.0,5,0,0,1
EMP018,2026-01-11,10,Cashier,Mumbai,COHORT017,0,0,15,0,0,0,90,11,11,11,0.0,0.0,0.0,0.0,0.0,0.0,0.0,0.0,5,0,0,1
EMP018,2026-01-12,11,Cashier,Mumbai,COHORT017,0,0,63,0,0,0,402,12,12,12,0.0,0.0,0.0,0.0,0.0,0.0,0.0,0.0,5,0,0,1
EMP018,2026-01-13,12,Cashier,Mumbai,COHORT017,0,0,45,0,0,0,491,13,13,13,0.0,0.0,0.0,0.0,0.0,0.0,0.0,0.0,5,0,0,1
EMP018,2026-01-14,13,Cashier,Mumbai,COHORT017,0,0,75,0,0,0,463,14,14,14,0.0,0.0,0.0,0.0,0.0,0.0,0.0,0.0,5,0,0,1
EMP018,2026-01-15,14,Cashier,Mumbai,COHORT017,0,0,52,0,0,0,427,15,15,15,0.0,0.0,0.0,0.0,0.0,0.0,0.0,0.0,5,0,0,1
EMP018,2026-01-16,15,Cashier,Mumbai,COHORT017,0,0,39,0,0,0,425,16,16,16,0.0,0.0,0.0,0.0,0.0,0.0,0.0,0.0,5,0,0,1
EMP018,2026-01-17,16,Cashier,Mumbai,COHORT017,0,0,4,0,0,0,22,17,17,17,0.0,0.0,0.0,0.0,0.0,0.0,0.0,40.0,3,2,0,1
EMP018,2026-01-18,17,Cashier,Mumbai,COHORT017,0,0,1,0,0,0,14,18,18,18,0.0,0.0,0.0,0.0,0.0,0.0,0.0,40.0,3,2,0,1
EMP018,2026-01-19,18,Cashier,Mumbai,COHORT017,0,0,54,0,0,0,507,19,19,19,0.0,0.0,0.0,0.0,0.0,0.0,0.0,0.0,5,0,0,1
EMP018,2026-01-20,19,Cashier,Mumbai,COHORT017,0,0,65,0,0,0,428,20,20,20,0.0,0.0,0.0,0.0,0.0,0.0,0.0,0.0,5,0,0,1
EMP018,2026-01-21,20,Cashier,Mumbai,COHORT017,0,0,60,0,0,0,464,21,21,21,0.0,0.0,0.0,0.0,0.0,0.0,0.0,0.0,5,0,0,1
EMP018,2026-01-22,21,Cashier,Mumbai,COHORT017,0,0,56,0,0,0,419,22,22,22,0.0,0.0,0.0,0.0,0.0,0.0,0.0,0.0,5,0,0,1
EMP018,2026-01-23,22,Cashier,Mumbai,COHORT017,0,0,60,0,0,0,479,23,23,23,0.0,0.0,0.0,0.0,0.0,0.0,0.0,0.0,5,0,0,1
EMP018,2026-01-24,23,Cashier,Mumbai,COHORT017,0,0,2,0,0,0,25,24,24,24,0.0,0.0,0.0,0.0,0.0,0.0,0.0,20.0,4,1,0,1
EMP018,2026-01-25,24,Cashier,Mumbai,COHORT017,0,0,0,0,0,0,2,25,25,25,0.0,0.0,0.0,0.0,0.0,0.0,0.0,80.0,1,4,0,1
EMP018,2026-01-26,25,Cashier,Mumbai,COHORT017,0,0,44,0,0,0,459,26,26,26,0.0,0.0,0.0,0.0,0.0,0.0,0.0,0.0,5,0,0,1
EMP018,2026-01-27,26,Cashier,Mumbai,COHORT017,0,0,53,0,0,0,437,27,27,27,0.0,0.0,0.0,0.0,0.0,0.0,0.0,0.0,5,0,0,1
EMP018,2026-01-28,27,Cashier,Mumbai,COHORT017,0,0,38,0,0,0,414,28,28,28,0.0,0.0,0.0,0.0,0.0,0.0,0.0,0.0,5,0,0,1
EMP018,2026-01-29,28,Cashier,Mumbai,COHORT017,0,0,40,0,0,0,432,29,29,29,0.0,0.0,0.0,0.0,0.0,0.0,0.0,0.0,5,0,0,1
EMP018,2026-01-30,29,Cashier,Mumbai,COHORT017,0,0,54,0,0,0,535,30,30,30,0.0,0.0,0.0,0.0,0.0,0.0,0.0,0.0,5,0,0,1
EMP018,2026-01-31,30,Cashier,Mumbai,COHORT017,0,0,6,0,0,0,43,31,31,31,0.0,0.0,0.0,0.0,0.0,0.0,0.0,20.0,4,1,0,1
EMP018,2026-02-01,31,Cashier,Mumbai,COHORT017,0,0,8,0,0,0,62,32,32,32,0.0,0.0,0.0,0.0,0.0,0.0,0.0,0.0,5,0,0,1
EMP018,2026-02-02,32,Cashier,Mumbai,COHORT017,0,0,58,0,0,0,418,33,33,33,0.0,0.0,0.0,0.0,0.0,0.0,0.0,0.0,5,0,0,1
EMP018,2026-02-03,33,Cashier,Mumbai,COHORT017,0,0,59,0,0,0,456,34,34,34,0.0,0.0,0.0,0.0,0.0,0.0,0.0,0.0,5,0,0,1
EMP018,2026-02-04,34,Cashier,Mumbai,COHORT017,0,0,43,0,0,0,436,35,35,35,0.0,0.0,0.0,0.0,0.0,0.0,0.0,0.0,5,0,0,1
EMP018,2026-02-05,35,Cashier,Mumbai,COHORT017,0,0,49,0,0,0,388,36,36,36,0.0,0.0,0.0,0.0,0.0,0.0,0.0,0.0,5,0,0,1
EMP018,2026-02-06,36,Cashier,Mumbai,COHORT017,0,0,54,0,0,0,482,37,37,37,0.0,0.0,0.0,0.0,0.0,0.0,0.0,0.0,5,0,0,1
EMP018,2026-02-07,37,Cashier,Mumbai,COHORT017,0,0,5,0,0,0,28,38,38,38,0.0,0.0,0.0,0.0,0.0,0.0,0.0,20.0,4,1,0,1
EMP018,2026-02-08,38,Cashier,Mumbai,COHORT017,0,0,4,0,0,0,47,39,39,39,0.0,0.0,0.0,0.0,0.0,0.0,0.0,20.0,4,1,0,1
EMP018,2026-02-09,39,Cashier,Mumbai,COHORT017,0,0,65,0,0,0,369,40,40,40,0.0,0.0,0.0,0.0,0.0,0.0,0.0,0.0,5,0,0,1
EMP018,2026-02-10,40,Cashier,Mumbai,COHORT017,0,0,68,0,0,0,402,41,41,41,0.0,0.0,0.0,0.0,0.0,0.0,0.0,0.0,5,0,0,1
EMP018,2026-02-11,41,Cashier,Mumbai,COHORT017,0,0,70,0,0,0,397,42,42,42,0.0,0.0,0.0,0.0,0.0,0.0,0.0,0.0,5,0,0,1
EMP018,2026-02-12,42,Cashier,Mumbai,COHORT017,0,0,49,0,0,0,476,43,43,43,0.0,0.0,0.0,0.0,0.0,0.0,0.0,0.0,5,0,0,1
EMP018,2026-02-13,43,Cashier,Mumbai,COHORT017,0,0,64,0,0,0,488,44,44,44,0.0,0.0,0.0,0.0,0.0,0.0,0.0,0.0,5,0,0,1
EMP018,2026-02-14,44,Cashier,Mumbai,COHORT017,0,0,6,0,0,0,50,45,45,45,0.0,0.0,0.0,0.0,0.0,0.0,0.0,20.0,4,1,0,1
EMP018,2026-02-15,45,Cashier,Mumbai,COHORT017,0,0,10,0,0,0,81,46,46,46,0.0,0.0,0.0,0.0,0.0,0.0,0.0,0.0,5,0,0,1
EMP018,2026-02-16,46,Cashier,Mumbai,COHORT017,0,0,66,0,0,0,517,47,47,47,0.0,0.0,0.0,0.0,0.0,0.0,0.0,0.0,5,0,0,1
EMP018,2026-02-17,47,Cashier,Mumbai,COHORT017,0,0,40,0,0,0,433,48,48,48,0.0,0.0,0.0,0.0,0.0,0.0,0.0,0.0,5,0,0,1
EMP018,2026-02-18,48,Cashier,Mumbai,COHORT017,0,0,78,0,0,0,408,49,49,49,0.0,0.0,0.0,0.0,0.0,0.0,0.0,0.0,5,0,0,1
EMP018,2026-02-19,49,Cashier,Mumbai,COHORT017,0,0,65,0,0,0,505,50,50,50,0.0,0.0,0.0,0.0,0.0,0.0,0.0,0.0,5,0,0,1
EMP018,2026-02-20,50,Cashier,Mumbai,COHORT017,0,0,38,0,0,0,406,51,51,51,0.0,0.0,0.0,0.0,0.0,0.0,0.0,0.0,5,0,0,1
EMP018,2026-02-21,51,Cashier,Mumbai,COHORT017,0,0,11,0,0,0,97,52,52,52,0.0,0.0,0.0,0.0,0.0,0.0,0.0,0.0,5,0,0,1
EMP018,2026-02-22,52,Cashier,Mumbai,COHORT017,0,0,3,0,0,0,30,53,53,53,0.0,0.0,0.0,0.0,0.0,0.0,0.0,20.0,4,1,0,1
EMP018,2026-02-23,53,Cashier,Mumbai,COHORT017,0,0,67,0,0,0,474,54,54,54,0.0,0.0,0.0,0.0,0.0,0.0,0.0,0.0,5,0,0,1
EMP018,2026-02-24,54,Cashier,Mumbai,COHORT017,0,0,33,0,0,0,530,55,55,55,0.0,0.0,0.0,0.0,0.0,0.0,0.0,0.0,5,0,0,1
EMP018,2026-02-25,55,Cashier,Mumbai,COHORT017,0,0,73,0,0,0,489,56,56,56,0.0,0.0,0.0,0.0,0.0,0.0,0.0,0.0,5,0,0,1
EMP018,2026-02-26,56,Cashier,Mumbai,COHORT017,0,0,35,0,0,0,490,57,57,57,0.0,0.0,0.0,0.0,0.0,0.0,0.0,0.0,5,0,0,1
EMP018,2026-02-27,57,Cashier,Mumbai,COHORT017,0,0,78,0,0,0,469,58,58,58,0.0,0.0,0.0,0.0,0.0,0.0,0.0,0.0,5,0,0,1
EMP018,2026-02-28,58,Cashier,Mumbai,COHORT017,0,0,11,0,0,0,93,59,59,59,0.0,0.0,0.0,0.0,0.0,0.0,0.0,0.0,5,0,0,1
EMP018,2026-03-01,59,Cashier,Mumbai,COHORT017,0,0,1,0,0,0,17,60,60,60,0.0,0.0,0.0,0.0,0.0,0.0,0.0,40.0,3,2,0,1
EMP018,2026-03-02,60,Cashier,Mumbai,COHORT017,0,0,57,0,0,0,436,61,61,61,0.0,0.0,0.0,0.0,0.0,0.0,0.0,0.0,5,0,0,1
EMP018,2026-03-03,61,Cashier,Mumbai,COHORT017,0,0,80,0,0,0,482,62,62,62,0.0,0.0,0.0,0.0,0.0,0.0,0.0,0.0,5,0,0,1
EMP018,2026-03-04,62,Cashier,Mumbai,COHORT017,0,0,83,0,0,0,557,63,63,63,0.0,0.0,0.0,0.0,0.0,0.0,0.0,0.0,5,0,0,1
EMP018,2026-03-05,63,Cashier,Mumbai,COHORT017,0,0,68,0,0,0,561,64,64,64,0.0,0.0,0.0,0.0,0.0,0.0,0.0,0.0,5,0,0,1
EMP018,2026-03-06,64,Cashier,Mumbai,COHORT017,0,0,47,0,0,0,535,65,65,65,0.0,0.0,0.0,0.0,0.0,0.0,0.0,0.0,5,0,0,1
EMP018,2026-03-07,65,Cashier,Mumbai,COHORT017,0,0,5,0,0,0,66,66,66,66,0.0,0.0,0.0,0.0,0.0,0.0,0.0,20.0,4,1,0,1
EMP018,2026-03-08,66,Cashier,Mumbai,COHORT017,0,0,9,0,0,0,60,67,67,67,0.0,0.0,0.0,0.0,0.0,0.0,0.0,0.0,5,0,0,1
EMP018,2026-03-09,67,Cashier,Mumbai,COHORT017,0,0,63,0,0,0,445,68,68,68,0.0,0.0,0.0,0.0,0.0,0.0,0.0,0.0,5,0,0,1
EMP018,2026-03-10,68,Cashier,Mumbai,COHORT017,0,0,74,0,0,0,454,69,69,69,0.0,0.0,0.0,0.0,0.0,0.0,0.0,0.0,5,0,0,1
EMP018,2026-03-11,69,Cashier,Mumbai,COHORT017,0,0,48,0,0,0,434,70,70,70,0.0,0.0,0.0,0.0,0.0,0.0,0.0,0.0,5,0,0,1
EMP018,2026-03-12,70,Cashier,Mumbai,COHORT017,0,0,48,0,0,0,467,71,71,71,0.0,0.0,0.0,0.0,0.0,0.0,0.0,0.0,5,0,0,1
EMP018,2026-03-13,71,Cashier,Mumbai,COHORT017,0,0,56,0,0,0,501,72,72,72,0.0,0.0,0.0,0.0,0.0,0.0,0.0,0.0,5,0,0,1
EMP018,2026-03-14,72,Cashier,Mumbai,COHORT017,0,0,11,0,0,0,79,73,73,73,0.0,0.0,0.0,0.0,0.0,0.0,0.0,0.0,5,0,0,1
EMP018,2026-03-15,73,Cashier,Mumbai,COHORT017,0,0,11,0,0,0,85,74,74,74,0.0,0.0,0.0,0.0,0.0,0.0,0.0,0.0,5,0,0,1
EMP018,2026-03-16,74,Cashier,Mumbai,COHORT017,0,0,43,0,0,0,391,75,75,75,0.0,0.0,0.0,0.0,0.0,0.0,0.0,0.0,5,0,0,1
EMP018,2026-03-17,75,Cashier,Mumbai,COHORT017,0,0,68,0,0,0,547,76,76,76,0.0,0.0,0.0,0.0,0.0,0.0,0.0,0.0,5,0,0,1
EMP018,2026-03-18,76,Cashier,Mumbai,COHORT017,0,0,47,0,0,0,444,77,77,77,0.0,0.0,0.0,0.0,0.0,0.0,0.0,0.0,5,0,0,1
EMP018,2026-03-19,77,Cashier,Mumbai,COHORT017,0,0,75,0,0,0,516,78,78,78,0.0,0.0,0.0,0.0,0.0,0.0,0.0,0.0,5,0,0,1
EMP018,2026-03-20,78,Cashier,Mumbai,COHORT017,0,0,72,0,0,0,487,79,79,79,0.0,0.0,0.0,0.0,0.0,0.0,0.0,0.0,5,0,0,1
EMP018,2026-03-21,79,Cashier,Mumbai,COHORT017,0,0,8,0,0,0,41,80,80,80,0.0,0.0,0.0,0.0,0.0,0.0,0.0,0.0,5,0,0,1
EMP018,2026-03-22,80,Cashier,Mumbai,COHORT017,0,0,16,0,0,0,93,81,81,81,0.0,0.0,0.0,0.0,0.0,0.0,0.0,0.0,5,0,0,1
EMP018,2026-03-23,81,Cashier,Mumbai,COHORT017,0,0,78,0,0,0,485,82,82,82,0.0,0.0,0.0,0.0,0.0,0.0,0.0,0.0,5,0,0,1
EMP018,2026-03-24,82,Cashier,Mumbai,COHORT017,0,0,44,0,0,0,530,83,83,83,0.0,0.0,0.0,0.0,0.0,0.0,0.0,0.0,5,0,0,1
EMP018,2026-03-25,83,Cashier,Mumbai,COHORT017,0,0,69,0,0,0,502,84,84,84,0.0,0.0,0.0,0.0,0.0,0.0,0.0,0.0,5,0,0,1
EMP018,2026-03-26,84,Cashier,Mumbai,COHORT017,0,0,60,0,0,0,417,85,85,85,0.0,0.0,0.0,0.0,0.0,0.0,0.0,0.0,5,0,0,1
EMP018,2026-03-27,85,Cashier,Mumbai,COHORT017,0,0,78,0,0,0,436,86,86,86,0.0,0.0,0.0,0.0,0.0,0.0,0.0,0.0,5,0,0,1
EMP018,2026-03-28,86,Cashier,Mumbai,COHORT017,0,0,0,0,0,0,1,87,87,87,0.0,0.0,0.0,0.0,0.0,0.0,0.0,80.0,1,4,0,1
EMP018,2026-03-29,87,Cashier,Mumbai,COHORT017,0,0,8,0,0,0,83,88,88,88,0.0,0.0,0.0,0.0,0.0,0.0,0.0,0.0,5,0,0,1
EMP018,2026-03-30,88,Cashier,Mumbai,COHORT017,0,0,53,0,0,0,457,89,89,89,0.0,0.0,0.0,0.0,0.0,0.0,0.0,0.0,5,0,0,1
EMP018,2026-03-31,89,Cashier,Mumbai,COHORT017,0,0,43,0,0,0,446,90,90,90,0.0,0.0,0.0,0.0,0.0,0.0,0.0,0.0,5,0,0,1
EMP019,2026-01-01,0,Cashier,Bangalore,COHORT018,0,0,63,0,0,0,439,1,1,1,0.0,0.0,0.0,0.0,0.0,0.0,0.0,0.0,5,0,0,1
EMP019,2026-01-02,1,Cashier,Bangalore,COHORT018,0,0,47,0,0,0,418,2,2,2,0.0,0.0,0.0,0.0,0.0,0.0,0.0,0.0,5,0,0,1
EMP019,2026-01-03,2,Cashier,Bangalore,COHORT018,0,0,11,0,0,0,58,3,3,3,0.0,0.0,0.0,0.0,0.0,0.0,0.0,0.0,5,0,0,1
EMP019,2026-01-04,3,Cashier,Bangalore,COHORT018,0,0,7,0,0,0,62,4,4,4,0.0,0.0,0.0,0.0,0.0,0.0,0.0,0.0,5,0,0,1
EMP019,2026-01-05,4,Cashier,Bangalore,COHORT018,0,0,60,0,0,0,477,5,5,5,0.0,0.0,0.0,0.0,0.0,0.0,0.0,0.0,5,0,0,1
EMP019,2026-01-06,5,Cashier,Bangalore,COHORT018,0,0,53,0,0,0,360,6,6,6,0.0,0.0,0.0,0.0,0.0,0.0,0.0,0.0,5,0,0,1
EMP019,2026-01-07,6,Cashier,Bangalore,COHORT018,0,0,53,0,0,0,423,7,7,7,0.0,0.0,0.0,0.0,0.0,0.0,0.0,0.0,5,0,0,1
EMP019,2026-01-08,7,Cashier,Bangalore,COHORT018,0,0,50,0,0,0,420,8,8,8,0.0,0.0,0.0,0.0,0.0,0.0,0.0,0.0,5,0,0,1
EMP019,2026-01-09,8,Cashier,Bangalore,COHORT018,0,0,58,0,0,0,451,9,9,9,0.0,0.0,0.0,0.0,0.0,0.0,0.0,0.0,5,0,0,1
EMP019,2026-01-10,9,Cashier,Bangalore,COHORT018,0,0,9,0,0,0,99,10,10,10,0.0,0.0,0.0,0.0,0.0,0.0,0.0,0.0,5,0,0,1
EMP019,2026-01-11,10,Cashier,Bangalore,COHORT018,0,0,0,0,0,0,6,11,11,11,0.0,0.0,0.0,0.0,0.0,0.0,0.0,60.0,2,3,0,1
EMP019,2026-01-12,11,Cashier,Bangalore,COHORT018,0,0,42,0,0,0,458,12,12,12,0.0,0.0,0.0,0.0,0.0,0.0,0.0,0.0,5,0,0,1
EMP019,2026-01-13,12,Cashier,Bangalore,COHORT018,0,0,77,0,0,0,404,13,13,13,0.0,0.0,0.0,0.0,0.0,0.0,0.0,0.0,5,0,0,1
EMP019,2026-01-14,13,Cashier,Bangalore,COHORT018,0,0,57,0,0,0,462,14,14,14,0.0,0.0,0.0,0.0,0.0,0.0,0.0,0.0,5,0,0,1
EMP019,2026-01-15,14,Cashier,Bangalore,COHORT018,0,0,42,0,0,0,332,15,15,15,0.0,0.0,0.0,0.0,0.0,0.0,0.0,0.0,5,0,0,1
EMP019,2026-01-16,15,Cashier,Bangalore,COHORT018,0,0,54,0,0,0,483,16,16,16,0.0,0.0,0.0,0.0,0.0,0.0,0.0,0.0,5,0,0,1
EMP019,2026-01-17,16,Cashier,Bangalore,COHORT018,0,0,7,0,0,0,68,17,17,17,0.0,0.0,0.0,0.0,0.0,0.0,0.0,0.0,5,0,0,1
EMP019,2026-01-18,17,Cashier,Bangalore,COHORT018,0,0,11,0,0,0,68,18,18,18,0.0,0.0,0.0,0.0,0.0,0.0,0.0,0.0,5,0,0,1
EMP019,2026-01-19,18,Cashier,Bangalore,COHORT018,0,0,57,0,0,0,464,19,19,19,0.0,0.0,0.0,0.0,0.0,0.0,0.0,0.0,5,0,0,1
EMP019,2026-01-20,19,Cashier,Bangalore,COHORT018,0,0,41,0,0,0,425,20,20,20,0.0,0.0,0.0,0.0,0.0,0.0,0.0,0.0,5,0,0,1
EMP019,2026-01-21,20,Cashier,Bangalore,COHORT018,0,0,71,0,0,0,369,21,21,21,0.0,0.0,0.0,0.0,0.0,0.0,0.0,0.0,5,0,0,1
EMP019,2026-01-22,21,Cashier,Bangalore,COHORT018,0,0,86,0,0,0,523,22,22,22,0.0,0.0,0.0,0.0,0.0,0.0,0.0,0.0,5,0,0,1
EMP019,2026-01-23,22,Cashier,Bangalore,COHORT018,0,0,67,0,0,0,506,23,23,23,0.0,0.0,0.0,0.0,0.0,0.0,0.0,0.0,5,0,0,1
EMP019,2026-01-24,23,Cashier,Bangalore,COHORT018,0,0,3,0,0,0,18,24,24,24,0.0,0.0,0.0,0.0,0.0,0.0,0.0,20.0,4,1,0,1
EMP019,2026-01-25,24,Cashier,Bangalore,COHORT018,0,0,11,0,0,0,74,25,25,25,0.0,0.0,0.0,0.0,0.0,0.0,0.0,0.0,5,0,0,1
EMP019,2026-01-26,25,Cashier,Bangalore,COHORT018,0,0,44,0,0,0,436,26,26,26,0.0,0.0,0.0,0.0,0.0,0.0,0.0,0.0,5,0,0,1
EMP019,2026-01-27,26,Cashier,Bangalore,COHORT018,0,0,61,0,0,0,458,27,27,27,0.0,0.0,0.0,0.0,0.0,0.0,0.0,0.0,5,0,0,1
EMP019,2026-01-28,27,Cashier,Bangalore,COHORT018,0,0,80,0,0,0,372,28,28,28,0.0,0.0,0.0,0.0,0.0,0.0,0.0,0.0,5,0,0,1
EMP019,2026-01-29,28,Cashier,Bangalore,COHORT018,0,0,63,0,0,0,431,29,29,29,0.0,0.0,0.0,0.0,0.0,0.0,0.0,0.0,5,0,0,1
EMP019,2026-01-30,29,Cashier,Bangalore,COHORT018,0,0,73,0,0,0,466,30,30,30,0.0,0.0,0.0,0.0,0.0,0.0,0.0,0.0,5,0,0,1
EMP019,2026-01-31,30,Cashier,Bangalore,COHORT018,0,0,14,0,0,0,95,31,31,31,0.0,0.0,0.0,0.0,0.0,0.0,0.0,0.0,5,0,0,1
EMP019,2026-02-01,31,Cashier,Bangalore,COHORT018,0,0,5,0,0,0,50,32,32,32,0.0,0.0,0.0,0.0,0.0,0.0,0.0,0.0,5,0,0,1
EMP019,2026-02-02,32,Cashier,Bangalore,COHORT018,0,0,56,0,0,0,457,33,33,33,0.0,0.0,0.0,0.0,0.0,0.0,0.0,0.0,5,0,0,1
EMP019,2026-02-03,33,Cashier,Bangalore,COHORT018,0,0,76,0,0,0,437,34,34,34,0.0,0.0,0.0,0.0,0.0,0.0,0.0,0.0,5,0,0,1
EMP019,2026-02-04,34,Cashier,Bangalore,COHORT018,0,0,60,0,0,0,475,35,35,35,0.0,0.0,0.0,0.0,0.0,0.0,0.0,0.0,5,0,0,1
EMP019,2026-02-05,35,Cashier,Bangalore,COHORT018,0,0,45,0,0,0,491,36,36,36,0.0,0.0,0.0,0.0,0.0,0.0,0.0,0.0,5,0,0,1
EMP019,2026-02-06,36,Cashier,Bangalore,COHORT018,0,0,78,0,0,0,423,37,37,37,0.0,0.0,0.0,0.0,0.0,0.0,0.0,0.0,5,0,0,1
EMP019,2026-02-07,37,Cashier,Bangalore,COHORT018,0,0,16,0,0,0,106,38,38,38,0.0,0.0,0.0,0.0,0.0,0.0,0.0,0.0,5,0,0,1
EMP019,2026-02-08,38,Cashier,Bangalore,COHORT018,0,0,3,0,0,0,23,39,39,39,0.0,0.0,0.0,0.0,0.0,0.0,0.0,40.0,3,2,0,1
EMP019,2026-02-09,39,Cashier,Bangalore,COHORT018,0,0,46,0,0,0,500,40,40,40,0.0,0.0,0.0,0.0,0.0,0.0,0.0,0.0,5,0,0,1
EMP019,2026-02-10,40,Cashier,Bangalore,COHORT018,0,0,42,0,0,0,426,41,41,41,0.0,0.0,0.0,0.0,0.0,0.0,0.0,0.0,5,0,0,1
EMP019,2026-02-11,41,Cashier,Bangalore,COHORT018,0,0,46,0,0,0,418,42,42,42,0.0,0.0,0.0,0.0,0.0,0.0,0.0,0.0,5,0,0,1
EMP019,2026-02-12,42,Cashier,Bangalore,COHORT018,0,0,76,0,0,0,454,43,43,43,0.0,0.0,0.0,0.0,0.0,0.0,0.0,0.0,5,0,0,1
EMP019,2026-02-13,43,Cashier,Bangalore,COHORT018,0,0,67,0,0,0,483,44,44,44,0.0,0.0,0.0,0.0,0.0,0.0,0.0,0.0,5,0,0,1
EMP019,2026-02-14,44,Cashier,Bangalore,COHORT018,0,0,14,0,0,0,104,45,45,45,0.0,0.0,0.0,0.0,0.0,0.0,0.0,0.0,5,0,0,1
EMP019,2026-02-15,45,Cashier,Bangalore,COHORT018,0,0,6,0,0,0,38,46,46,46,0.0,0.0,0.0,0.0,0.0,0.0,0.0,0.0,5,0,0,1
EMP019,2026-02-16,46,Cashier,Bangalore,COHORT018,0,0,75,0,0,0,478,47,47,47,0.0,0.0,0.0,0.0,0.0,0.0,0.0,0.0,5,0,0,1
EMP019,2026-02-17,47,Cashier,Bangalore,COHORT018,0,0,77,0,0,0,533,48,48,48,0.0,0.0,0.0,0.0,0.0,0.0,0.0,0.0,5,0,0,1
EMP019,2026-02-18,48,Cashier,Bangalore,COHORT018,0,0,53,0,0,0,405,49,49,49,0.0,0.0,0.0,0.0,0.0,0.0,0.0,0.0,5,0,0,1
EMP019,2026-02-19,49,Cashier,Bangalore,COHORT018,0,0,72,0,0,0,493,50,50,50,0.0,0.0,0.0,0.0,0.0,0.0,0.0,0.0,5,0,0,1
EMP019,2026-02-20,50,Cashier,Bangalore,COHORT018,0,0,82,0,0,0,448,51,51,51,0.0,0.0,0.0,0.0,0.0,0.0,0.0,0.0,5,0,0,1
EMP019,2026-02-21,51,Cashier,Bangalore,COHORT018,0,0,7,0,0,0,68,52,52,52,0.0,0.0,0.0,0.0,0.0,0.0,0.0,0.0,5,0,0,1
EMP019,2026-02-22,52,Cashier,Bangalore,COHORT018,0,0,5,0,0,0,58,53,53,53,0.0,0.0,0.0,0.0,0.0,0.0,0.0,0.0,5,0,0,1
EMP019,2026-02-23,53,Cashier,Bangalore,COHORT018,0,0,44,0,0,0,408,54,54,54,0.0,0.0,0.0,0.0,0.0,0.0,0.0,0.0,5,0,0,1
EMP019,2026-02-24,54,Cashier,Bangalore,COHORT018,0,0,50,0,0,0,382,55,55,55,0.0,0.0,0.0,0.0,0.0,0.0,0.0,0.0,5,0,0,1
EMP019,2026-02-25,55,Cashier,Bangalore,COHORT018,0,0,70,0,0,0,416,56,56,56,0.0,0.0,0.0,0.0,0.0,0.0,0.0,0.0,5,0,0,1
EMP019,2026-02-26,56,Cashier,Bangalore,COHORT018,0,0,72,0,0,0,504,57,57,57,0.0,0.0,0.0,0.0,0.0,0.0,0.0,0.0,5,0,0,1
EMP019,2026-02-27,57,Cashier,Bangalore,COHORT018,0,0,43,0,0,0,387,58,58,58,0.0,0.0,0.0,0.0,0.0,0.0,0.0,0.0,5,0,0,1
EMP019,2026-02-28,58,Cashier,Bangalore,COHORT018,0,0,5,0,0,0,37,59,59,59,0.0,0.0,0.0,0.0,0.0,0.0,0.0,20.0,4,1,0,1
EMP019,2026-03-01,59,Cashier,Bangalore,COHORT018,0,0,9,0,0,0,48,60,60,60,0.0,0.0,0.0,0.0,0.0,0.0,0.0,0.0,5,0,0,1
EMP019,2026-03-02,60,Cashier,Bangalore,COHORT018,0,0,51,0,0,0,510,61,61,61,0.0,0.0,0.0,0.0,0.0,0.0,0.0,0.0,5,0,0,1
EMP019,2026-03-03,61,Cashier,Bangalore,COHORT018,0,0,58,0,0,0,436,62,62,62,0.0,0.0,0.0,0.0,0.0,0.0,0.0,0.0,5,0,0,1
EMP019,2026-03-04,62,Cashier,Bangalore,COHORT018,0,0,78,0,0,0,483,63,63,63,0.0,0.0,0.0,0.0,0.0,0.0,0.0,0.0,5,0,0,1
EMP019,2026-03-05,63,Cashier,Bangalore,COHORT018,0,0,70,0,0,0,460,64,64,64,0.0,0.0,0.0,0.0,0.0,0.0,0.0,0.0,5,0,0,1
EMP019,2026-03-06,64,Cashier,Bangalore,COHORT018,0,0,63,0,0,0,489,65,65,65,0.0,0.0,0.0,0.0,0.0,0.0,0.0,0.0,5,0,0,1
EMP019,2026-03-07,65,Cashier,Bangalore,COHORT018,0,0,8,0,0,0,40,66,66,66,0.0,0.0,0.0,0.0,0.0,0.0,0.0,20.0,4,1,0,1
EMP019,2026-03-08,66,Cashier,Bangalore,COHORT018,0,0,1,0,0,0,13,67,67,67,0.0,0.0,0.0,0.0,0.0,0.0,0.0,40.0,3,2,0,1
EMP019,2026-03-09,67,Cashier,Bangalore,COHORT018,0,0,51,0,0,0,471,68,68,68,0.0,0.0,0.0,0.0,0.0,0.0,0.0,0.0,5,0,0,1
EMP019,2026-03-10,68,Cashier,Bangalore,COHORT018,0,0,62,0,0,0,455,69,69,69,0.0,0.0,0.0,0.0,0.0,0.0,0.0,0.0,5,0,0,1
EMP019,2026-03-11,69,Cashier,Bangalore,COHORT018,0,0,74,0,0,0,507,70,70,70,0.0,0.0,0.0,0.0,0.0,0.0,0.0,0.0,5,0,0,1
EMP019,2026-03-12,70,Cashier,Bangalore,COHORT018,0,0,54,0,0,0,411,71,71,71,0.0,0.0,0.0,0.0,0.0,0.0,0.0,0.0,5,0,0,1
EMP019,2026-03-13,71,Cashier,Bangalore,COHORT018,0,0,56,0,0,0,480,72,72,72,0.0,0.0,0.0,0.0,0.0,0.0,0.0,0.0,5,0,0,1
EMP019,2026-03-14,72,Cashier,Bangalore,COHORT018,0,0,10,0,0,0,61,73,73,73,0.0,0.0,0.0,0.0,0.0,0.0,0.0,0.0,5,0,0,1
EMP019,2026-03-15,73,Cashier,Bangalore,COHORT018,0,0,14,0,0,0,96,74,74,74,0.0,0.0,0.0,0.0,0.0,0.0,0.0,0.0,5,0,0,1
EMP019,2026-03-16,74,Cashier,Bangalore,COHORT018,0,0,44,0,0,0,504,75,75,75,0.0,0.0,0.0,0.0,0.0,0.0,0.0,0.0,5,0,0,1
EMP019,2026-03-17,75,Cashier,Bangalore,COHORT018,0,0,53,0,0,0,542,76,76,76,0.0,0.0,0.0,0.0,0.0,0.0,0.0,0.0,5,0,0,1
EMP019,2026-03-18,76,Cashier,Bangalore,COHORT018,0,0,72,0,0,0,456,77,77,77,0.0,0.0,0.0,0.0,0.0,0.0,0.0,0.0,5,0,0,1
EMP019,2026-03-19,77,Cashier,Bangalore,COHORT018,0,0,66,0,0,0,402,78,78,78,0.0,0.0,0.0,0.0,0.0,0.0,0.0,0.0,5,0,0,1
EMP019,2026-03-20,78,Cashier,Bangalore,COHORT018,0,0,50,0,0,0,416,79,79,79,0.0,0.0,0.0,0.0,0.0,0.0,0.0,0.0,5,0,0,1
EMP019,2026-03-21,79,Cashier,Bangalore,COHORT018,0,0,8,0,0,0,62,80,80,80,0.0,0.0,0.0,0.0,0.0,0.0,0.0,0.0,5,0,0,1
EMP019,2026-03-22,80,Cashier,Bangalore,COHORT018,0,0,0,0,0,0,1,81,81,81,0.0,0.0,0.0,0.0,0.0,0.0,0.0,80.0,1,4,0,1
EMP019,2026-03-23,81,Cashier,Bangalore,COHORT018,0,0,69,0,0,0,481,82,82,82,0.0,0.0,0.0,0.0,0.0,0.0,0.0,0.0,5,0,0,1
EMP019,2026-03-24,82,Cashier,Bangalore,COHORT018,0,0,59,0,0,0,537,83,83,83,0.0,0.0,0.0,0.0,0.0,0.0,0.0,0.0,5,0,0,1
EMP019,2026-03-25,83,Cashier,Bangalore,COHORT018,0,0,70,0,0,0,462,84,84,84,0.0,0.0,0.0,0.0,0.0,0.0,0.0,0.0,5,0,0,1
EMP019,2026-03-26,84,Cashier,Bangalore,COHORT018,0,0,75,0,0,0,488,85,85,85,0.0,0.0,0.0,0.0,0.0,0.0,0.0,0.0,5,0,0,1
EMP019,2026-03-27,85,Cashier,Bangalore,COHORT018,0,0,65,0,0,0,427,86,86,86,0.0,0.0,0.0,0.0,0.0,0.0,0.0,0.0,5,0,0,1
EMP019,2026-03-28,86,Cashier,Bangalore,COHORT018,0,0,7,0,0,0,57,87,87,87,0.0,0.0,0.0,0.0,0.0,0.0,0.0,0.0,5,0,0,1
EMP019,2026-03-29,87,Cashier,Bangalore,COHORT018,0,0,1,0,0,0,15,88,88,88,0.0,0.0,0.0,0.0,0.0,0.0,0.0,40.0,3,2,0,1
EMP019,2026-03-30,88,Cashier,Bangalore,COHORT018,0,0,50,0,0,0,493,89,89,89,0.0,0.0,0.0,0.0,0.0,0.0,0.0,0.0,5,0,0,1
EMP019,2026-03-31,89,Cashier,Bangalore,COHORT018,0,0,67,0,0,0,414,90,90,90,0.0,0.0,0.0,0.0,0.0,0.0,0.0,0.0,5,0,0,1
EMP020,2026-01-01,0,Cashier,Surat,COHORT016,0,0,41,0,0,0,427,1,1,1,0.0,0.0,0.0,0.0,0.0,0.0,0.0,0.0,5,0,0,1
EMP020,2026-01-02,1,Cashier,Surat,COHORT016,0,0,77,0,0,0,419,2,2,2,0.0,0.0,0.0,0.0,0.0,0.0,0.0,0.0,5,0,0,1
EMP020,2026-01-03,2,Cashier,Surat,COHORT016,0,0,10,0,0,0,74,3,3,3,0.0,0.0,0.0,0.0,0.0,0.0,0.0,0.0,5,0,0,1
EMP020,2026-01-04,3,Cashier,Surat,COHORT016,0,0,13,0,0,0,94,4,4,4,0.0,0.0,0.0,0.0,0.0,0.0,0.0,0.0,5,0,0,1
EMP020,2026-01-05,4,Cashier,Surat,COHORT016,0,0,80,0,0,0,421,5,5,5,0.0,0.0,0.0,0.0,0.0,0.0,0.0,0.0,5,0,0,1
EMP020,2026-01-06,5,Cashier,Surat,COHORT016,0,0,59,0,0,0,499,6,6,6,0.0,0.0,0.0,0.0,0.0,0.0,0.0,0.0,5,0,0,1
EMP020,2026-01-07,6,Cashier,Surat,COHORT016,0,0,47,0,0,0,463,7,7,7,0.0,0.0,0.0,0.0,0.0,0.0,0.0,0.0,5,0,0,1
EMP020,2026-01-08,7,Cashier,Surat,COHORT016,0,0,82,0,0,0,512,8,8,8,0.0,0.0,0.0,0.0,0.0,0.0,0.0,0.0,5,0,0,1
EMP020,2026-01-09,8,Cashier,Surat,COHORT016,0,0,66,0,0,0,432,9,9,9,0.0,0.0,0.0,0.0,0.0,0.0,0.0,0.0,5,0,0,1
EMP020,2026-01-10,9,Cashier,Surat,COHORT016,0,0,17,0,0,0,93,10,10,10,0.0,0.0,0.0,0.0,0.0,0.0,0.0,0.0,5,0,0,1
EMP020,2026-01-11,10,Cashier,Surat,COHORT016,0,0,10,0,0,0,68,11,11,11,0.0,0.0,0.0,0.0,0.0,0.0,0.0,0.0,5,0,0,1
EMP020,2026-01-12,11,Cashier,Surat,COHORT016,0,0,82,0,0,0,483,12,12,12,0.0,0.0,0.0,0.0,0.0,0.0,0.0,0.0,5,0,0,1
EMP020,2026-01-13,12,Cashier,Surat,COHORT016,0,0,72,0,0,0,484,13,13,13,0.0,0.0,0.0,0.0,0.0,0.0,0.0,0.0,5,0,0,1
EMP020,2026-01-14,13,Cashier,Surat,COHORT016,0,0,79,0,0,0,430,14,14,14,0.0,0.0,0.0,0.0,0.0,0.0,0.0,0.0,5,0,0,1
EMP020,2026-01-15,14,Cashier,Surat,COHORT016,0,0,39,0,0,0,466,15,15,15,0.0,0.0,0.0,0.0,0.0,0.0,0.0,0.0,5,0,0,1
EMP020,2026-01-16,15,Cashier,Surat,COHORT016,0,0,41,0,0,0,436,16,16,16,0.0,0.0,0.0,0.0,0.0,0.0,0.0,0.0,5,0,0,1
EMP020,2026-01-17,16,Cashier,Surat,COHORT016,0,0,0,0,0,0,0,17,17,17,0.0,0.0,0.0,0.0,0.0,0.0,0.0,100.0,0,5,0,1
EMP020,2026-01-18,17,Cashier,Surat,COHORT016,0,0,7,0,0,0,61,18,18,18,0.0,0.0,0.0,0.0,0.0,0.0,0.0,0.0,5,0,0,1
EMP020,2026-01-19,18,Cashier,Surat,COHORT016,0,0,68,0,0,0,430,19,19,19,0.0,0.0,0.0,0.0,0.0,0.0,0.0,0.0,5,0,0,1
EMP020,2026-01-20,19,Cashier,Surat,COHORT016,0,0,75,0,0,0,396,20,20,20,0.0,0.0,0.0,0.0,0.0,0.0,0.0,0.0,5,0,0,1
EMP020,2026-01-21,20,Cashier,Surat,COHORT016,0,0,61,0,0,0,501,21,21,21,0.0,0.0,0.0,0.0,0.0,0.0,0.0,0.0,5,0,0,1
EMP020,2026-01-22,21,Cashier,Surat,COHORT016,0,0,54,0,0,0,380,22,22,22,0.0,0.0,0.0,0.0,0.0,0.0,0.0,0.0,5,0,0,1
EMP020,2026-01-23,22,Cashier,Surat,COHORT016,0,0,49,0,0,0,408,23,23,23,0.0,0.0,0.0,0.0,0.0,0.0,0.0,0.0,5,0,0,1
EMP020,2026-01-24,23,Cashier,Surat,COHORT016,0,0,9,0,0,0,80,24,24,24,0.0,0.0,0.0,0.0,0.0,0.0,0.0,0.0,5,0,0,1
EMP020,2026-01-25,24,Cashier,Surat,COHORT016,0,0,2,0,0,0,12,25,25,25,0.0,0.0,0.0,0.0,0.0,0.0,0.0,40.0,3,2,0,1
EMP020,2026-01-26,25,Cashier,Surat,COHORT016,0,0,76,0,0,0,405,26,26,26,0.0,0.0,0.0,0.0,0.0,0.0,0.0,0.0,5,0,0,1
EMP020,2026-01-27,26,Cashier,Surat,COHORT016,0,0,49,0,0,0,473,27,27,27,0.0,0.0,0.0,0.0,0.0,0.0,0.0,0.0,5,0,0,1
EMP020,2026-01-28,27,Cashier,Surat,COHORT016,0,0,62,0,0,0,418,28,28,28,0.0,0.0,0.0,0.0,0.0,0.0,0.0,0.0,5,0,0,1
EMP020,2026-01-29,28,Cashier,Surat,COHORT016,0,0,53,0,0,0,440,29,29,29,0.0,0.0,0.0,0.0,0.0,0.0,0.0,0.0,5,0,0,1
EMP020,2026-01-30,29,Cashier,Surat,COHORT016,0,0,40,0,0,0,446,30,30,30,0.0,0.0,0.0,0.0,0.0,0.0,0.0,0.0,5,0,0,1
EMP020,2026-01-31,30,Cashier,Surat,COHORT016,0,0,4,0,0,0,38,31,31,31,0.0,0.0,0.0,0.0,0.0,0.0,0.0,20.0,4,1,0,1
EMP020,2026-02-01,31,Cashier,Surat,COHORT016,0,0,4,0,0,0,26,32,32,32,0.0,0.0,0.0,0.0,0.0,0.0,0.0,20.0,4,1,0,1
EMP020,2026-02-02,32,Cashier,Surat,COHORT016,0,0,62,0,0,0,485,33,33,33,0.0,0.0,0.0,0.0,0.0,0.0,0.0,0.0,5,0,0,1
EMP020,2026-02-03,33,Cashier,Surat,COHORT016,0,0,40,0,0,0,446,34,34,34,0.0,0.0,0.0,0.0,0.0,0.0,0.0,0.0,5,0,0,1
EMP020,2026-02-04,34,Cashier,Surat,COHORT016,0,0,85,0,0,0,437,35,35,35,0.0,0.0,0.0,0.0,0.0,0.0,0.0,0.0,5,0,0,1
EMP020,2026-02-05,35,Cashier,Surat,COHORT016,0,0,85,0,0,0,500,36,36,36,0.0,0.0,0.0,0.0,0.0,0.0,0.0,0.0,5,0,0,1
EMP020,2026-02-06,36,Cashier,Surat,COHORT016,0,0,81,0,0,0,460,37,37,37,0.0,0.0,0.0,0.0,0.0,0.0,0.0,0.0,5,0,0,1
EMP020,2026-02-07,37,Cashier,Surat,COHORT016,0,0,17,0,0,0,99,38,38,38,0.0,0.0,0.0,0.0,0.0,0.0,0.0,0.0,5,0,0,1
EMP020,2026-02-08,38,Cashier,Surat,COHORT016,0,0,14,0,0,0,81,39,39,39,0.0,0.0,0.0,0.0,0.0,0.0,0.0,0.0,5,0,0,1
EMP020,2026-02-09,39,Cashier,Surat,COHORT016,0,0,48,0,0,0,472,40,40,40,0.0,0.0,0.0,0.0,0.0,0.0,0.0,0.0,5,0,0,1
EMP020,2026-02-10,40,Cashier,Surat,COHORT016,0,0,51,0,0,0,408,41,41,41,0.0,0.0,0.0,0.0,0.0,0.0,0.0,0.0,5,0,0,1
EMP020,2026-02-11,41,Cashier,Surat,COHORT016,0,0,60,0,0,0,386,42,42,42,0.0,0.0,0.0,0.0,0.0,0.0,0.0,0.0,5,0,0,1
EMP020,2026-02-12,42,Cashier,Surat,COHORT016,0,0,82,0,0,0,553,43,43,43,0.0,0.0,0.0,0.0,0.0,0.0,0.0,0.0,5,0,0,1
EMP020,2026-02-13,43,Cashier,Surat,COHORT016,0,0,60,0,0,0,398,44,44,44,0.0,0.0,0.0,0.0,0.0,0.0,0.0,0.0,5,0,0,1
EMP020,2026-02-14,44,Cashier,Surat,COHORT016,0,0,4,0,0,0,45,45,45,45,0.0,0.0,0.0,0.0,0.0,0.0,0.0,0.0,5,0,0,1
EMP020,2026-02-15,45,Cashier,Surat,COHORT016,0,0,11,0,0,0,91,46,46,46,0.0,0.0,0.0,0.0,0.0,0.0,0.0,0.0,5,0,0,1
EMP020,2026-02-16,46,Cashier,Surat,COHORT016,0,0,59,0,0,0,436,47,47,47,0.0,0.0,0.0,0.0,0.0,0.0,0.0,0.0,5,0,0,1
EMP020,2026-02-17,47,Cashier,Surat,COHORT016,0,0,55,0,0,0,435,48,48,48,0.0,0.0,0.0,0.0,0.0,0.0,0.0,0.0,5,0,0,1
EMP020,2026-02-18,48,Cashier,Surat,COHORT016,0,0,74,0,0,0,491,49,49,49,0.0,0.0,0.0,0.0,0.0,0.0,0.0,0.0,5,0,0,1
EMP020,2026-02-19,49,Cashier,Surat,COHORT016,0,0,49,0,0,0,424,50,50,50,0.0,0.0,0.0,0.0,0.0,0.0,0.0,0.0,5,0,0,1
EMP020,2026-02-20,50,Cashier,Surat,COHORT016,0,0,63,0,0,0,434,51,51,51,0.0,0.0,0.0,0.0,0.0,0.0,0.0,0.0,5,0,0,1
EMP020,2026-02-21,51,Cashier,Surat,COHORT016,0,0,0,0,0,0,0,52,52,52,0.0,0.0,0.0,0.0,0.0,0.0,0.0,100.0,0,5,0,1
EMP020,2026-02-22,52,Cashier,Surat,COHORT016,0,0,12,0,0,0,78,53,53,53,0.0,0.0,0.0,0.0,0.0,0.0,0.0,0.0,5,0,0,1
EMP020,2026-02-23,53,Cashier,Surat,COHORT016,0,0,71,0,0,0,408,54,54,54,0.0,0.0,0.0,0.0,0.0,0.0,0.0,0.0,5,0,0,1
EMP020,2026-02-24,54,Cashier,Surat,COHORT016,0,0,51,0,0,0,464,55,55,55,0.0,0.0,0.0,0.0,0.0,0.0,0.0,0.0,5,0,0,1
EMP020,2026-02-25,55,Cashier,Surat,COHORT016,0,0,42,0,0,0,439,56,56,56,0.0,0.0,0.0,0.0,0.0,0.0,0.0,0.0,5,0,0,1
EMP020,2026-02-26,56,Cashier,Surat,COHORT016,0,0,65,0,0,0,412,57,57,57,0.0,0.0,0.0,0.0,0.0,0.0,0.0,0.0,5,0,0,1
EMP020,2026-02-27,57,Cashier,Surat,COHORT016,0,0,66,0,0,0,418,58,58,58,0.0,0.0,0.0,0.0,0.0,0.0,0.0,0.0,5,0,0,1
EMP020,2026-02-28,58,Cashier,Surat,COHORT016,0,0,13,0,0,0,96,59,59,59,0.0,0.0,0.0,0.0,0.0,0.0,0.0,0.0,5,0,0,1
EMP020,2026-03-01,59,Cashier,Surat,COHORT016,0,0,4,0,0,0,31,60,60,60,0.0,0.0,0.0,0.0,0.0,0.0,0.0,20.0,4,1,0,1
EMP020,2026-03-02,60,Cashier,Surat,COHORT016,0,0,44,0,0,0,424,61,61,61,0.0,0.0,0.0,0.0,0.0,0.0,0.0,0.0,5,0,0,1
EMP020,2026-03-03,61,Cashier,Surat,COHORT016,0,0,77,0,0,0,436,62,62,62,0.0,0.0,0.0,0.0,0.0,0.0,0.0,0.0,5,0,0,1
EMP020,2026-03-04,62,Cashier,Surat,COHORT016,0,0,47,0,0,0,419,63,63,63,0.0,0.0,0.0,0.0,0.0,0.0,0.0,0.0,5,0,0,1
EMP020,2026-03-05,63,Cashier,Surat,COHORT016,0,0,62,0,0,0,406,64,64,64,0.0,0.0,0.0,0.0,0.0,0.0,0.0,0.0,5,0,0,1
EMP020,2026-03-06,64,Cashier,Surat,COHORT016,0,0,63,0,0,0,481,65,65,65,0.0,0.0,0.0,0.0,0.0,0.0,0.0,0.0,5,0,0,1
EMP020,2026-03-07,65,Cashier,Surat,COHORT016,0,0,6,0,0,0,62,66,66,66,0.0,0.0,0.0,0.0,0.0,0.0,0.0,0.0,5,0,0,1
EMP020,2026-03-08,66,Cashier,Surat,COHORT016,0,0,11,0,0,0,84,67,67,67,0.0,0.0,0.0,0.0,0.0,0.0,0.0,0.0,5,0,0,1
EMP020,2026-03-09,67,Cashier,Surat,COHORT016,0,0,66,0,0,0,441,68,68,68,0.0,0.0,0.0,0.0,0.0,0.0,0.0,0.0,5,0,0,1
EMP020,2026-03-10,68,Cashier,Surat,COHORT016,0,0,65,0,0,0,376,69,69,69,0.0,0.0,0.0,0.0,0.0,0.0,0.0,0.0,5,0,0,1
EMP020,2026-03-11,69,Cashier,Surat,COHORT016,0,0,56,0,0,0,378,70,70,70,0.0,0.0,0.0,0.0,0.0,0.0,0.0,0.0,5,0,0,1
EMP020,2026-03-12,70,Cashier,Surat,COHORT016,0,0,61,0,0,0,414,71,71,71,0.0,0.0,0.0,0.0,0.0,0.0,0.0,0.0,5,0,0,1
EMP020,2026-03-13,71,Cashier,Surat,COHORT016,0,0,82,0,0,0,553,72,72,72,0.0,0.0,0.0,0.0,0.0,0.0,0.0,0.0,5,0,0,1
EMP020,2026-03-14,72,Cashier,Surat,COHORT016,0,0,10,0,0,0,102,73,73,73,0.0,0.0,0.0,0.0,0.0,0.0,0.0,0.0,5,0,0,1
EMP020,2026-03-15,73,Cashier,Surat,COHORT016,0,0,8,0,0,0,67,74,74,74,0.0,0.0,0.0,0.0,0.0,0.0,0.0,0.0,5,0,0,1
EMP020,2026-03-16,74,Cashier,Surat,COHORT016,0,0,55,0,0,0,420,75,75,75,0.0,0.0,0.0,0.0,0.0,0.0,0.0,0.0,5,0,0,1
EMP020,2026-03-17,75,Cashier,Surat,COHORT016,0,0,76,0,0,0,471,76,76,76,0.0,0.0,0.0,0.0,0.0,0.0,0.0,0.0,5,0,0,1
EMP020,2026-03-18,76,Cashier,Surat,COHORT016,0,0,68,0,0,0,495,77,77,77,0.0,0.0,0.0,0.0,0.0,0.0,0.0,0.0,5,0,0,1
EMP020,2026-03-19,77,Cashier,Surat,COHORT016,0,0,51,0,0,0,447,78,78,78,0.0,0.0,0.0,0.0,0.0,0.0,0.0,0.0,5,0,0,1
EMP020,2026-03-20,78,Cashier,Surat,COHORT016,0,0,79,0,0,0,473,79,79,79,0.0,0.0,0.0,0.0,0.0,0.0,0.0,0.0,5,0,0,1
EMP020,2026-03-21,79,Cashier,Surat,COHORT016,0,0,1,0,0,0,12,80,80,80,0.0,0.0,0.0,0.0,0.0,0.0,0.0,40.0,3,2,0,1
EMP020,2026-03-22,80,Cashier,Surat,COHORT016,0,0,13,0,0,0,89,81,81,81,0.0,0.0,0.0,0.0,0.0,0.0,0.0,0.0,5,0,0,1
EMP020,2026-03-23,81,Cashier,Surat,COHORT016,0,0,87,0,0,0,455,82,82,82,0.0,0.0,0.0,0.0,0.0,0.0,0.0,0.0,5,0,0,1
EMP020,2026-03-24,82,Cashier,Surat,COHORT016,0,0,48,0,0,0,374,83,83,83,0.0,0.0,0.0,0.0,0.0,0.0,0.0,0.0,5,0,0,1
EMP020,2026-03-25,83,Cashier,Surat,COHORT016,0,0,75,0,0,0,465,84,84,84,0.0,0.0,0.0,0.0,0.0,0.0,0.0,0.0,5,0,0,1
EMP020,2026-03-26,84,Cashier,Surat,COHORT016,0,0,63,0,0,0,407,85,85,85,0.0,0.0,0.0,0.0,0.0,0.0,0.0,0.0,5,0,0,1
EMP020,2026-03-27,85,Cashier,Surat,COHORT016,0,0,45,0,0,0,435,86,86,86,0.0,0.0,0.0,0.0,0.0,0.0,0.0,0.0,5,0,0,1
EMP020,2026-03-28,86,Cashier,Surat,COHORT016,0,0,2,0,0,0,20,87,87,87,0.0,0.0,0.0,0.0,0.0,0.0,0.0,40.0,3,2,0,1
EMP020,2026-03-29,87,Cashier,Surat,COHORT016,0,0,1,0,0,0,7,88,88,88,0.0,0.0,0.0,0.0,0.0,0.0,0.0,40.0,3,2,0,1
EMP020,2026-03-30,88,Cashier,Surat,COHORT016,0,0,73,0,0,0,410,89,89,89,0.0,0.0,0.0,0.0,0.0,0.0,0.0,0.0,5,0,0,1
EMP020,2026-03-31,89,Cashier,Surat,COHORT016,0,0,71,0,0,0,427,90,90,90,0.0,0.0,0.0,0.0,0.0,0.0,0.0,0.0,5,0,0,1
EMP021,2026-01-01,0,Cashier,Delhi,COHORT019,0,0,83,0,0,0,435,1,1,1,0.0,0.0,0.0,0.0,0.0,0.0,0.0,0.0,5,0,0,1
EMP021,2026-01-02,1,Cashier,Delhi,COHORT019,0,0,41,0,0,0,453,2,2,2,0.0,0.0,0.0,0.0,0.0,0.0,0.0,0.0,5,0,0,1
EMP021,2026-01-03,2,Cashier,Delhi,COHORT019,0,0,8,0,0,0,81,3,3,3,0.0,0.0,0.0,0.0,0.0,0.0,0.0,0.0,5,0,0,1
EMP021,2026-01-04,3,Cashier,Delhi,COHORT019,0,0,10,0,0,0,91,4,4,4,0.0,0.0,0.0,0.0,0.0,0.0,0.0,0.0,5,0,0,1
EMP021,2026-01-05,4,Cashier,Delhi,COHORT019,0,0,54,0,0,0,429,5,5,5,0.0,0.0,0.0,0.0,0.0,0.0,0.0,0.0,5,0,0,1
EMP021,2026-01-06,5,Cashier,Delhi,COHORT019,0,0,46,0,0,0,481,6,6,6,0.0,0.0,0.0,0.0,0.0,0.0,0.0,0.0,5,0,0,1
EMP021,2026-01-07,6,Cashier,Delhi,COHORT019,0,0,59,0,0,0,462,7,7,7,0.0,0.0,0.0,0.0,0.0,0.0,0.0,0.0,5,0,0,1
EMP021,2026-01-08,7,Cashier,Delhi,COHORT019,0,0,60,0,0,0,474,8,8,8,0.0,0.0,0.0,0.0,0.0,0.0,0.0,0.0,5,0,0,1
EMP021,2026-01-09,8,Cashier,Delhi,COHORT019,0,0,62,0,0,0,437,9,9,9,0.0,0.0,0.0,0.0,0.0,0.0,0.0,0.0,5,0,0,1
EMP021,2026-01-10,9,Cashier,Delhi,COHORT019,0,0,0,0,0,0,4,10,10,10,0.0,0.0,0.0,0.0,0.0,0.0,0.0,80.0,1,4,0,1
EMP021,2026-01-11,10,Cashier,Delhi,COHORT019,0,0,2,0,0,0,16,11,11,11,0.0,0.0,0.0,0.0,0.0,0.0,0.0,40.0,3,2,0,1
EMP021,2026-01-12,11,Cashier,Delhi,COHORT019,0,0,75,0,0,0,494,12,12,12,0.0,0.0,0.0,0.0,0.0,0.0,0.0,0.0,5,0,0,1
EMP021,2026-01-13,12,Cashier,Delhi,COHORT019,0,0,78,0,0,0,473,13,13,13,0.0,0.0,0.0,0.0,0.0,0.0,0.0,0.0,5,0,0,1
EMP021,2026-01-14,13,Cashier,Delhi,COHORT019,0,0,66,0,0,0,470,14,14,14,0.0,0.0,0.0,0.0,0.0,0.0,0.0,0.0,5,0,0,1
EMP021,2026-01-15,14,Cashier,Delhi,COHORT019,0,0,42,0,0,0,424,15,15,15,0.0,0.0,0.0,0.0,0.0,0.0,0.0,0.0,5,0,0,1
EMP021,2026-01-16,15,Cashier,Delhi,COHORT019,0,0,40,0,0,0,430,16,16,16,0.0,0.0,0.0,0.0,0.0,0.0,0.0,0.0,5,0,0,1
EMP021,2026-01-17,16,Cashier,Delhi,COHORT019,0,0,1,0,0,0,11,17,17,17,0.0,0.0,0.0,0.0,0.0,0.0,0.0,40.0,3,2,0,1
EMP021,2026-01-18,17,Cashier,Delhi,COHORT019,0,0,9,0,0,0,68,18,18,18,0.0,0.0,0.0,0.0,0.0,0.0,0.0,20.0,4,1,0,1
EMP021,2026-01-19,18,Cashier,Delhi,COHORT019,0,0,44,0,0,0,412,19,19,19,0.0,0.0,0.0,0.0,0.0,0.0,0.0,0.0,5,0,0,1
EMP021,2026-01-20,19,Cashier,Delhi,COHORT019,0,0,73,0,0,0,450,20,20,20,0.0,0.0,0.0,0.0,0.0,0.0,0.0,0.0,5,0,0,1
EMP021,2026-01-21,20,Cashier,Delhi,COHORT019,0,0,62,0,0,0,426,21,21,21,0.0,0.0,0.0,0.0,0.0,0.0,0.0,0.0,5,0,0,1
EMP021,2026-01-22,21,Cashier,Delhi,COHORT019,0,0,51,0,0,0,419,22,22,22,0.0,0.0,0.0,0.0,0.0,0.0,0.0,0.0,5,0,0,1
EMP021,2026-01-23,22,Cashier,Delhi,COHORT019,0,0,51,0,0,0,406,23,23,23,0.0,0.0,0.0,0.0,0.0,0.0,0.0,0.0,5,0,0,1
EMP021,2026-01-24,23,Cashier,Delhi,COHORT019,0,0,1,0,0,0,12,24,24,24,0.0,0.0,0.0,0.0,0.0,0.0,0.0,40.0,3,2,0,1
EMP021,2026-01-25,24,Cashier,Delhi,COHORT019,0,0,0,0,0,0,1,25,25,25,0.0,0.0,0.0,0.0,0.0,0.0,0.0,80.0,1,4,0,1
EMP021,2026-01-26,25,Cashier,Delhi,COHORT019,0,0,42,0,0,0,505,26,26,26,0.0,0.0,0.0,0.0,0.0,0.0,0.0,0.0,5,0,0,1
EMP021,2026-01-27,26,Cashier,Delhi,COHORT019,0,0,44,0,0,0,417,27,27,27,0.0,0.0,0.0,0.0,0.0,0.0,0.0,0.0,5,0,0,1
EMP021,2026-01-28,27,Cashier,Delhi,COHORT019,0,0,46,0,0,0,488,28,28,28,0.0,0.0,0.0,0.0,0.0,0.0,0.0,0.0,5,0,0,1
EMP021,2026-01-29,28,Cashier,Delhi,COHORT019,0,0,68,0,0,0,484,29,29,29,0.0,0.0,0.0,0.0,0.0,0.0,0.0,0.0,5,0,0,1
EMP021,2026-01-30,29,Cashier,Delhi,COHORT019,0,0,75,0,0,0,463,30,30,30,0.0,0.0,0.0,0.0,0.0,0.0,0.0,0.0,5,0,0,1
EMP021,2026-01-31,30,Cashier,Delhi,COHORT019,0,0,8,0,0,0,57,31,31,31,0.0,0.0,0.0,0.0,0.0,0.0,0.0,0.0,5,0,0,1
EMP021,2026-02-01,31,Cashier,Delhi,COHORT019,0,0,6,0,0,0,70,32,32,32,0.0,0.0,0.0,0.0,0.0,0.0,0.0,0.0,5,0,0,1
EMP021,2026-02-02,32,Cashier,Delhi,COHORT019,0,0,44,0,0,0,419,33,33,33,0.0,0.0,0.0,0.0,0.0,0.0,0.0,0.0,5,0,0,1
EMP021,2026-02-03,33,Cashier,Delhi,COHORT019,0,0,50,0,0,0,430,34,34,34,0.0,0.0,0.0,0.0,0.0,0.0,0.0,0.0,5,0,0,1
EMP021,2026-02-04,34,Cashier,Delhi,COHORT019,0,0,83,0,0,0,501,35,35,35,0.0,0.0,0.0,0.0,0.0,0.0,0.0,0.0,5,0,0,1
EMP021,2026-02-05,35,Cashier,Delhi,COHORT019,0,0,45,0,0,0,459,36,36,36,0.0,0.0,0.0,0.0,0.0,0.0,0.0,0.0,5,0,0,1
EMP021,2026-02-06,36,Cashier,Delhi,COHORT019,0,0,42,0,0,0,398,37,37,37,0.0,0.0,0.0,0.0,0.0,0.0,0.0,0.0,5,0,0,1
EMP021,2026-02-07,37,Cashier,Delhi,COHORT019,0,0,3,0,0,0,28,38,38,38,0.0,0.0,0.0,0.0,0.0,0.0,0.0,20.0,4,1,0,1
EMP021,2026-02-08,38,Cashier,Delhi,COHORT019,0,0,5,0,0,0,37,39,39,39,0.0,0.0,0.0,0.0,0.0,0.0,0.0,20.0,4,1,0,1
EMP021,2026-02-09,39,Cashier,Delhi,COHORT019,0,0,56,0,0,0,457,40,40,40,0.0,0.0,0.0,0.0,0.0,0.0,0.0,0.0,5,0,0,1
EMP021,2026-02-10,40,Cashier,Delhi,COHORT019,0,0,45,0,0,0,422,41,41,41,0.0,0.0,0.0,0.0,0.0,0.0,0.0,0.0,5,0,0,1
EMP021,2026-02-11,41,Cashier,Delhi,COHORT019,0,0,60,0,0,0,448,42,42,42,0.0,0.0,0.0,0.0,0.0,0.0,0.0,0.0,5,0,0,1
EMP021,2026-02-12,42,Cashier,Delhi,COHORT019,0,0,63,0,0,0,393,43,43,43,0.0,0.0,0.0,0.0,0.0,0.0,0.0,0.0,5,0,0,1
EMP021,2026-02-13,43,Cashier,Delhi,COHORT019,0,0,54,0,0,0,428,44,44,44,0.0,0.0,0.0,0.0,0.0,0.0,0.0,0.0,5,0,0,1
EMP021,2026-02-14,44,Cashier,Delhi,COHORT019,0,0,0,0,0,0,0,45,45,45,0.0,0.0,0.0,0.0,0.0,0.0,0.0,100.0,0,5,0,1
EMP021,2026-02-15,45,Cashier,Delhi,COHORT019,0,0,6,0,0,0,60,46,46,46,0.0,0.0,0.0,0.0,0.0,0.0,0.0,0.0,5,0,0,1
EMP021,2026-02-16,46,Cashier,Delhi,COHORT019,0,0,63,0,0,0,408,47,47,47,0.0,0.0,0.0,0.0,0.0,0.0,0.0,0.0,5,0,0,1
EMP021,2026-02-17,47,Cashier,Delhi,COHORT019,0,0,79,0,0,0,491,48,48,48,0.0,0.0,0.0,0.0,0.0,0.0,0.0,0.0,5,0,0,1
EMP021,2026-02-18,48,Cashier,Delhi,COHORT019,0,0,50,0,0,0,488,49,49,49,0.0,0.0,0.0,0.0,0.0,0.0,0.0,0.0,5,0,0,1
EMP021,2026-02-19,49,Cashier,Delhi,COHORT019,0,0,61,0,0,0,386,50,50,50,0.0,0.0,0.0,0.0,0.0,0.0,0.0,0.0,5,0,0,1
EMP021,2026-02-20,50,Cashier,Delhi,COHORT019,0,0,79,0,0,0,479,51,51,51,0.0,0.0,0.0,0.0,0.0,0.0,0.0,0.0,5,0,0,1
EMP021,2026-02-21,51,Cashier,Delhi,COHORT019,0,0,17,0,0,0,124,52,52,52,0.0,0.0,0.0,0.0,0.0,0.0,0.0,0.0,5,0,0,1
EMP021,2026-02-22,52,Cashier,Delhi,COHORT019,0,0,3,0,0,0,15,53,53,53,0.0,0.0,0.0,0.0,0.0,0.0,0.0,40.0,3,2,0,1
EMP021,2026-02-23,53,Cashier,Delhi,COHORT019,0,0,68,0,0,0,421,54,54,54,0.0,0.0,0.0,0.0,0.0,0.0,0.0,0.0,5,0,0,1
EMP021,2026-02-24,54,Cashier,Delhi,COHORT019,0,0,52,0,0,0,448,55,55,55,0.0,0.0,0.0,0.0,0.0,0.0,0.0,0.0,5,0,0,1
EMP021,2026-02-25,55,Cashier,Delhi,COHORT019,0,0,72,0,0,0,508,56,56,56,0.0,0.0,0.0,0.0,0.0,0.0,0.0,0.0,5,0,0,1
EMP021,2026-02-26,56,Cashier,Delhi,COHORT019,0,0,52,0,0,0,400,57,57,57,0.0,0.0,0.0,0.0,0.0,0.0,0.0,0.0,5,0,0,1
EMP021,2026-02-27,57,Cashier,Delhi,COHORT019,0,0,44,0,0,0,392,58,58,58,0.0,0.0,0.0,0.0,0.0,0.0,0.0,0.0,5,0,0,1
EMP021,2026-02-28,58,Cashier,Delhi,COHORT019,0,0,4,0,0,0,25,59,59,59,0.0,0.0,0.0,0.0,0.0,0.0,0.0,20.0,4,1,0,1
EMP021,2026-03-01,59,Cashier,Delhi,COHORT019,0,0,10,0,0,0,65,60,60,60,0.0,0.0,0.0,0.0,0.0,0.0,0.0,20.0,4,1,0,1
EMP021,2026-03-02,60,Cashier,Delhi,COHORT019,0,0,65,0,0,0,402,61,61,61,0.0,0.0,0.0,0.0,0.0,0.0,0.0,0.0,5,0,0,1
EMP021,2026-03-03,61,Cashier,Delhi,COHORT019,0,0,51,0,0,0,442,62,62,62,0.0,0.0,0.0,0.0,0.0,0.0,0.0,0.0,5,0,0,1
EMP021,2026-03-04,62,Cashier,Delhi,COHORT019,0,0,64,0,0,0,498,63,63,63,0.0,0.0,0.0,0.0,0.0,0.0,0.0,0.0,5,0,0,1
EMP021,2026-03-05,63,Cashier,Delhi,COHORT019,0,0,77,0,0,0,486,64,64,64,0.0,0.0,0.0,0.0,0.0,0.0,0.0,0.0,5,0,0,1
EMP021,2026-03-06,64,Cashier,Delhi,COHORT019,0,0,54,0,0,0,403,65,65,65,0.0,0.0,0.0,0.0,0.0,0.0,0.0,0.0,5,0,0,1
EMP021,2026-03-07,65,Cashier,Delhi,COHORT019,0,0,13,0,0,0,91,66,66,66,0.0,0.0,0.0,0.0,0.0,0.0,0.0,0.0,5,0,0,1
EMP021,2026-03-08,66,Cashier,Delhi,COHORT019,0,0,10,0,0,0,89,67,67,67,0.0,0.0,0.0,0.0,0.0,0.0,0.0,0.0,5,0,0,1
EMP021,2026-03-09,67,Cashier,Delhi,COHORT019,0,0,51,0,0,0,464,68,68,68,0.0,0.0,0.0,0.0,0.0,0.0,0.0,0.0,5,0,0,1
EMP021,2026-03-10,68,Cashier,Delhi,COHORT019,0,0,70,0,0,0,488,69,69,69,0.0,0.0,0.0,0.0,0.0,0.0,0.0,0.0,5,0,0,1
EMP021,2026-03-11,69,Cashier,Delhi,COHORT019,0,0,80,0,0,0,511,70,70,70,0.0,0.0,0.0,0.0,0.0,0.0,0.0,0.0,5,0,0,1
EMP021,2026-03-12,70,Cashier,Delhi,COHORT019,0,0,47,0,0,0,393,71,71,71,0.0,0.0,0.0,0.0,0.0,0.0,0.0,0.0,5,0,0,1
EMP021,2026-03-13,71,Cashier,Delhi,COHORT019,0,0,60,0,0,0,482,72,72,72,0.0,0.0,0.0,0.0,0.0,0.0,0.0,0.0,5,0,0,1
EMP021,2026-03-14,72,Cashier,Delhi,COHORT019,0,0,9,0,0,0,105,73,73,73,0.0,0.0,0.0,0.0,0.0,0.0,0.0,0.0,5,0,0,1
EMP021,2026-03-15,73,Cashier,Delhi,COHORT019,0,0,12,0,0,0,99,74,74,74,0.0,0.0,0.0,0.0,0.0,0.0,0.0,0.0,5,0,0,1
EMP021,2026-03-16,74,Cashier,Delhi,COHORT019,0,0,66,0,0,0,454,75,75,75,0.0,0.0,0.0,0.0,0.0,0.0,0.0,0.0,5,0,0,1
EMP021,2026-03-17,75,Cashier,Delhi,COHORT019,0,0,41,0,0,0,478,76,76,76,0.0,0.0,0.0,0.0,0.0,0.0,0.0,0.0,5,0,0,1
EMP021,2026-03-18,76,Cashier,Delhi,COHORT019,0,0,88,0,0,0,486,77,77,77,0.0,0.0,0.0,0.0,0.0,0.0,0.0,0.0,5,0,0,1
EMP021,2026-03-19,77,Cashier,Delhi,COHORT019,0,0,48,0,0,0,385,78,78,78,0.0,0.0,0.0,0.0,0.0,0.0,0.0,0.0,5,0,0,1
EMP021,2026-03-20,78,Cashier,Delhi,COHORT019,0,0,41,0,0,0,405,79,79,79,0.0,0.0,0.0,0.0,0.0,0.0,0.0,0.0,5,0,0,1
EMP021,2026-03-21,79,Cashier,Delhi,COHORT019,0,0,4,0,0,0,55,80,80,80,0.0,0.0,0.0,0.0,0.0,0.0,0.0,0.0,5,0,0,1
EMP021,2026-03-22,80,Cashier,Delhi,COHORT019,0,0,0,0,0,0,5,81,81,81,0.0,0.0,0.0,0.0,0.0,0.0,0.0,60.0,2,3,0,1
EMP021,2026-03-23,81,Cashier,Delhi,COHORT019,0,0,65,0,0,0,440,82,82,82,0.0,0.0,0.0,0.0,0.0,0.0,0.0,0.0,5,0,0,1
EMP021,2026-03-24,82,Cashier,Delhi,COHORT019,0,0,78,0,0,0,494,83,83,83,0.0,0.0,0.0,0.0,0.0,0.0,0.0,0.0,5,0,0,1
EMP021,2026-03-25,83,Cashier,Delhi,COHORT019,0,0,81,0,0,0,498,84,84,84,0.0,0.0,0.0,0.0,0.0,0.0,0.0,0.0,5,0,0,1
EMP021,2026-03-26,84,Cashier,Delhi,COHORT019,0,0,52,0,0,0,389,85,85,85,0.0,0.0,0.0,0.0,0.0,0.0,0.0,0.0,5,0,0,1
EMP021,2026-03-27,85,Cashier,Delhi,COHORT019,0,0,76,0,0,0,531,86,86,86,0.0,0.0,0.0,0.0,0.0,0.0,0.0,0.0,5,0,0,1
EMP021,2026-03-28,86,Cashier,Delhi,COHORT019,0,0,10,0,0,0,63,87,87,87,0.0,0.0,0.0,0.0,0.0,0.0,0.0,20.0,4,1,0,1
EMP021,2026-03-29,87,Cashier,Delhi,COHORT019,0,0,4,0,0,0,23,88,88,88,0.0,0.0,0.0,0.0,0.0,0.0,0.0,20.0,4,1,0,1
EMP021,2026-03-30,88,Cashier,Delhi,COHORT019,0,0,50,0,0,0,435,89,89,89,0.0,0.0,0.0,0.0,0.0,0.0,0.0,0.0,5,0,0,1
EMP021,2026-03-31,89,Cashier,Delhi,COHORT019,0,0,71,0,0,0,427,90,90,90,0.0,0.0,0.0,0.0,0.0,0.0,0.0,0.0,5,0,0,1
EMP022,2026-01-01,0,Cashier,Bangalore,COHORT020,0,0,63,0,0,0,480,1,1,1,0.0,0.0,0.0,0.0,0.0,0.0,0.0,0.0,5,0,0,1
EMP022,2026-01-02,1,Cashier,Bangalore,COHORT020,0,0,57,0,0,0,445,2,2,2,0.0,0.0,0.0,0.0,0.0,0.0,0.0,0.0,5,0,0,1
EMP022,2026-01-03,2,Cashier,Bangalore,COHORT020,0,0,8,0,0,0,81,3,3,3,0.0,0.0,0.0,0.0,0.0,0.0,0.0,0.0,5,0,0,1
EMP022,2026-01-04,3,Cashier,Bangalore,COHORT020,0,0,0,0,0,0,0,4,4,4,0.0,0.0,0.0,0.0,0.0,0.0,0.0,100.0,0,5,0,1
EMP022,2026-01-05,4,Cashier,Bangalore,COHORT020,0,0,56,0,0,0,456,5,5,5,0.0,0.0,0.0,0.0,0.0,0.0,0.0,0.0,5,0,0,1
EMP022,2026-01-06,5,Cashier,Bangalore,COHORT020,0,0,45,0,0,0,372,6,6,6,0.0,0.0,0.0,0.0,0.0,0.0,0.0,0.0,5,0,0,1
EMP022,2026-01-07,6,Cashier,Bangalore,COHORT020,0,0,50,0,0,0,475,7,7,7,0.0,0.0,0.0,0.0,0.0,0.0,0.0,0.0,5,0,0,1
EMP022,2026-01-08,7,Cashier,Bangalore,COHORT020,0,0,78,0,0,0,444,8,8,8,0.0,0.0,0.0,0.0,0.0,0.0,0.0,0.0,5,0,0,1
EMP022,2026-01-09,8,Cashier,Bangalore,COHORT020,0,0,76,0,0,0,481,9,9,9,0.0,0.0,0.0,0.0,0.0,0.0,0.0,0.0,5,0,0,1
EMP022,2026-01-10,9,Cashier,Bangalore,COHORT020,0,0,7,0,0,0,48,10,10,10,0.0,0.0,0.0,0.0,0.0,0.0,0.0,20.0,4,1,0,1
EMP022,2026-01-11,10,Cashier,Bangalore,COHORT020,0,0,7,0,0,0,66,11,11,11,0.0,0.0,0.0,0.0,0.0,0.0,0.0,0.0,5,0,0,1
EMP022,2026-01-12,11,Cashier,Bangalore,COHORT020,0,0,63,0,0,0,411,12,12,12,0.0,0.0,0.0,0.0,0.0,0.0,0.0,0.0,5,0,0,1
EMP022,2026-01-13,12,Cashier,Bangalore,COHORT020,0,0,61,0,0,0,421,13,13,13,0.0,0.0,0.0,0.0,0.0,0.0,0.0,0.0,5,0,0,1
EMP022,2026-01-14,13,Cashier,Bangalore,COHORT020,0,0,64,0,0,0,495,14,14,14,0.0,0.0,0.0,0.0,0.0,0.0,0.0,0.0,5,0,0,1
EMP022,2026-01-15,14,Cashier,Bangalore,COHORT020,0,0,39,0,0,0,436,15,15,15,0.0,0.0,0.0,0.0,0.0,0.0,0.0,0.0,5,0,0,1
EMP022,2026-01-16,15,Cashier,Bangalore,COHORT020,0,0,57,0,0,0,418,16,16,16,0.0,0.0,0.0,0.0,0.0,0.0,0.0,0.0,5,0,0,1
EMP022,2026-01-17,16,Cashier,Bangalore,COHORT020,0,0,5,0,0,0,52,17,17,17,0.0,0.0,0.0,0.0,0.0,0.0,0.0,0.0,5,0,0,1
EMP022,2026-01-18,17,Cashier,Bangalore,COHORT020,0,0,1,0,0,0,10,18,18,18,0.0,0.0,0.0,0.0,0.0,0.0,0.0,40.0,3,2,0,1
EMP022,2026-01-19,18,Cashier,Bangalore,COHORT020,0,0,55,0,0,0,461,19,19,19,0.0,0.0,0.0,0.0,0.0,0.0,0.0,0.0,5,0,0,1
EMP022,2026-01-20,19,Cashier,Bangalore,COHORT020,0,0,59,0,0,0,448,20,20,20,0.0,0.0,0.0,0.0,0.0,0.0,0.0,0.0,5,0,0,1
EMP022,2026-01-21,20,Cashier,Bangalore,COHORT020,0,0,54,0,0,0,458,21,21,21,0.0,0.0,0.0,0.0,0.0,0.0,0.0,0.0,5,0,0,1
EMP022,2026-01-22,21,Cashier,Bangalore,COHORT020,0,0,43,0,0,0,450,22,22,22,0.0,0.0,0.0,0.0,0.0,0.0,0.0,0.0,5,0,0,1
EMP022,2026-01-23,22,Cashier,Bangalore,COHORT020,0,0,57,0,0,0,436,23,23,23,0.0,0.0,0.0,0.0,0.0,0.0,0.0,0.0,5,0,0,1
EMP022,2026-01-24,23,Cashier,Bangalore,COHORT020,0,0,0,0,0,0,4,24,24,24,0.0,0.0,0.0,0.0,0.0,0.0,0.0,80.0,1,4,0,1
EMP022,2026-01-25,24,Cashier,Bangalore,COHORT020,0,0,17,0,0,0,82,25,25,25,0.0,0.0,0.0,0.0,0.0,0.0,0.0,0.0,5,0,0,1
EMP022,2026-01-26,25,Cashier,Bangalore,COHORT020,0,0,70,0,0,0,463,26,26,26,0.0,0.0,0.0,0.0,0.0,0.0,0.0,0.0,5,0,0,1
EMP022,2026-01-27,26,Cashier,Bangalore,COHORT020,0,0,79,0,0,0,452,27,27,27,0.0,0.0,0.0,0.0,0.0,0.0,0.0,0.0,5,0,0,1
EMP022,2026-01-28,27,Cashier,Bangalore,COHORT020,0,0,76,0,0,0,409,28,28,28,0.0,0.0,0.0,0.0,0.0,0.0,0.0,0.0,5,0,0,1
EMP022,2026-01-29,28,Cashier,Bangalore,COHORT020,0,0,72,0,0,0,473,29,29,29,0.0,0.0,0.0,0.0,0.0,0.0,0.0,0.0,5,0,0,1
EMP022,2026-01-30,29,Cashier,Bangalore,COHORT020,0,0,60,0,0,0,440,30,30,30,0.0,0.0,0.0,0.0,0.0,0.0,0.0,0.0,5,0,0,1
EMP022,2026-01-31,30,Cashier,Bangalore,COHORT020,0,0,0,0,0,0,6,31,31,31,0.0,0.0,0.0,0.0,0.0,0.0,0.0,60.0,2,3,0,1
EMP022,2026-02-01,31,Cashier,Bangalore,COHORT020,0,0,11,0,0,0,76,32,32,32,0.0,0.0,0.0,0.0,0.0,0.0,0.0,0.0,5,0,0,1
EMP022,2026-02-02,32,Cashier,Bangalore,COHORT020,0,0,41,0,0,0,492,33,33,33,0.0,0.0,0.0,0.0,0.0,0.0,0.0,0.0,5,0,0,1
EMP022,2026-02-03,33,Cashier,Bangalore,COHORT020,0,0,49,0,0,0,459,34,34,34,0.0,0.0,0.0,0.0,0.0,0.0,0.0,0.0,5,0,0,1
EMP022,2026-02-04,34,Cashier,Bangalore,COHORT020,0,0,45,0,0,0,458,35,35,35,0.0,0.0,0.0,0.0,0.0,0.0,0.0,0.0,5,0,0,1
EMP022,2026-02-05,35,Cashier,Bangalore,COHORT020,0,0,74,0,0,0,407,36,36,36,0.0,0.0,0.0,0.0,0.0,0.0,0.0,0.0,5,0,0,1
EMP022,2026-02-06,36,Cashier,Bangalore,COHORT020,0,0,53,0,0,0,424,37,37,37,0.0,0.0,0.0,0.0,0.0,0.0,0.0,0.0,5,0,0,1
EMP022,2026-02-07,37,Cashier,Bangalore,COHORT020,0,0,16,0,0,0,108,38,38,38,0.0,0.0,0.0,0.0,0.0,0.0,0.0,0.0,5,0,0,1
EMP022,2026-02-08,38,Cashier,Bangalore,COHORT020,0,0,16,0,0,0,107,39,39,39,0.0,0.0,0.0,0.0,0.0,0.0,0.0,0.0,5,0,0,1
EMP022,2026-02-09,39,Cashier,Bangalore,COHORT020,0,0,67,0,0,0,501,40,40,40,0.0,0.0,0.0,0.0,0.0,0.0,0.0,0.0,5,0,0,1
EMP022,2026-02-10,40,Cashier,Bangalore,COHORT020,0,0,64,0,0,0,424,41,41,41,0.0,0.0,0.0,0.0,0.0,0.0,0.0,0.0,5,0,0,1
EMP022,2026-02-11,41,Cashier,Bangalore,COHORT020,0,0,63,0,0,0,410,42,42,42,0.0,0.0,0.0,0.0,0.0,0.0,0.0,0.0,5,0,0,1
EMP022,2026-02-12,42,Cashier,Bangalore,COHORT020,0,0,58,0,0,0,420,43,43,43,0.0,0.0,0.0,0.0,0.0,0.0,0.0,0.0,5,0,0,1
EMP022,2026-02-13,43,Cashier,Bangalore,COHORT020,0,0,37,0,0,0,382,44,44,44,0.0,0.0,0.0,0.0,0.0,0.0,0.0,0.0,5,0,0,1
EMP022,2026-02-14,44,Cashier,Bangalore,COHORT020,0,0,6,0,0,0,57,45,45,45,0.0,0.0,0.0,0.0,0.0,0.0,0.0,0.0,5,0,0,1
EMP022,2026-02-15,45,Cashier,Bangalore,COHORT020,0,0,3,0,0,0,13,46,46,46,0.0,0.0,0.0,0.0,0.0,0.0,0.0,40.0,3,2,0,1
EMP022,2026-02-16,46,Cashier,Bangalore,COHORT020,0,0,85,0,0,0,487,47,47,47,0.0,0.0,0.0,0.0,0.0,0.0,0.0,0.0,5,0,0,1
EMP022,2026-02-17,47,Cashier,Bangalore,COHORT020,0,0,77,0,0,0,448,48,48,48,0.0,0.0,0.0,0.0,0.0,0.0,0.0,0.0,5,0,0,1
EMP022,2026-02-18,48,Cashier,Bangalore,COHORT020,0,0,77,0,0,0,484,49,49,49,0.0,0.0,0.0,0.0,0.0,0.0,0.0,0.0,5,0,0,1
EMP022,2026-02-19,49,Cashier,Bangalore,COHORT020,0,0,67,0,0,0,517,50,50,50,0.0,0.0,0.0,0.0,0.0,0.0,0.0,0.0,5,0,0,1
EMP022,2026-02-20,50,Cashier,Bangalore,COHORT020,0,0,63,0,0,0,506,51,51,51,0.0,0.0,0.0,0.0,0.0,0.0,0.0,0.0,5,0,0,1
EMP022,2026-02-21,51,Cashier,Bangalore,COHORT020,0,0,7,0,0,0,64,52,52,52,0.0,0.0,0.0,0.0,0.0,0.0,0.0,0.0,5,0,0,1
EMP022,2026-02-22,52,Cashier,Bangalore,COHORT020,0,0,11,0,0,0,73,53,53,53,0.0,0.0,0.0,0.0,0.0,0.0,0.0,0.0,5,0,0,1
EMP022,2026-02-23,53,Cashier,Bangalore,COHORT020,0,0,71,0,0,0,477,54,54,54,0.0,0.0,0.0,0.0,0.0,0.0,0.0,0.0,5,0,0,1
EMP022,2026-02-24,54,Cashier,Bangalore,COHORT020,0,0,71,0,0,0,491,55,55,55,0.0,0.0,0.0,0.0,0.0,0.0,0.0,0.0,5,0,0,1
EMP022,2026-02-25,55,Cashier,Bangalore,COHORT020,0,0,36,0,0,0,513,56,56,56,0.0,0.0,0.0,0.0,0.0,0.0,0.0,0.0,5,0,0,1
EMP022,2026-02-26,56,Cashier,Bangalore,COHORT020,0,0,80,0,0,0,447,57,57,57,0.0,0.0,0.0,0.0,0.0,0.0,0.0,0.0,5,0,0,1
EMP022,2026-02-27,57,Cashier,Bangalore,COHORT020,0,0,91,0,0,0,474,58,58,58,0.0,0.0,0.0,0.0,0.0,0.0,0.0,0.0,5,0,0,1
EMP022,2026-02-28,58,Cashier,Bangalore,COHORT020,0,0,3,0,0,0,26,59,59,59,0.0,0.0,0.0,0.0,0.0,0.0,0.0,20.0,4,1,0,1
EMP022,2026-03-01,59,Cashier,Bangalore,COHORT020,0,0,3,0,0,0,18,60,60,60,0.0,0.0,0.0,0.0,0.0,0.0,0.0,40.0,3,2,0,1
EMP022,2026-03-02,60,Cashier,Bangalore,COHORT020,0,0,78,0,0,0,400,61,61,61,0.0,0.0,0.0,0.0,0.0,0.0,0.0,0.0,5,0,0,1
EMP022,2026-03-03,61,Cashier,Bangalore,COHORT020,0,0,70,0,0,0,456,62,62,62,0.0,0.0,0.0,0.0,0.0,0.0,0.0,0.0,5,0,0,1
EMP022,2026-03-04,62,Cashier,Bangalore,COHORT020,0,0,40,0,0,0,440,63,63,63,0.0,0.0,0.0,0.0,0.0,0.0,0.0,0.0,5,0,0,1
EMP022,2026-03-05,63,Cashier,Bangalore,COHORT020,0,0,61,0,0,0,429,64,64,64,0.0,0.0,0.0,0.0,0.0,0.0,0.0,0.0,5,0,0,1
EMP022,2026-03-06,64,Cashier,Bangalore,COHORT020,0,0,74,0,0,0,462,65,65,65,0.0,0.0,0.0,0.0,0.0,0.0,0.0,0.0,5,0,0,1
EMP022,2026-03-07,65,Cashier,Bangalore,COHORT020,0,0,13,0,0,0,80,66,66,66,0.0,0.0,0.0,0.0,0.0,0.0,0.0,0.0,5,0,0,1
EMP022,2026-03-08,66,Cashier,Bangalore,COHORT020,0,0,14,0,0,0,93,67,67,67,0.0,0.0,0.0,0.0,0.0,0.0,0.0,0.0,5,0,0,1
EMP022,2026-03-09,67,Cashier,Bangalore,COHORT020,0,0,56,0,0,0,416,68,68,68,0.0,0.0,0.0,0.0,0.0,0.0,0.0,0.0,5,0,0,1
EMP022,2026-03-10,68,Cashier,Bangalore,COHORT020,0,0,50,0,0,0,465,69,69,69,0.0,0.0,0.0,0.0,0.0,0.0,0.0,0.0,5,0,0,1
EMP022,2026-03-11,69,Cashier,Bangalore,COHORT020,0,0,78,0,0,0,467,70,70,70,0.0,0.0,0.0,0.0,0.0,0.0,0.0,0.0,5,0,0,1
EMP022,2026-03-12,70,Cashier,Bangalore,COHORT020,0,0,63,0,0,0,451,71,71,71,0.0,0.0,0.0,0.0,0.0,0.0,0.0,0.0,5,0,0,1
EMP022,2026-03-13,71,Cashier,Bangalore,COHORT020,0,0,87,0,0,0,438,72,72,72,0.0,0.0,0.0,0.0,0.0,0.0,0.0,0.0,5,0,0,1
EMP022,2026-03-14,72,Cashier,Bangalore,COHORT020,0,0,9,0,0,0,68,73,73,73,0.0,0.0,0.0,0.0,0.0,0.0,0.0,0.0,5,0,0,1
EMP022,2026-03-15,73,Cashier,Bangalore,COHORT020,0,0,0,0,0,0,2,74,74,74,0.0,0.0,0.0,0.0,0.0,0.0,0.0,80.0,1,4,0,1
EMP022,2026-03-16,74,Cashier,Bangalore,COHORT020,0,0,79,0,0,0,450,75,75,75,0.0,0.0,0.0,0.0,0.0,0.0,0.0,0.0,5,0,0,1
EMP022,2026-03-17,75,Cashier,Bangalore,COHORT020,0,0,80,0,0,0,543,76,76,76,0.0,0.0,0.0,0.0,0.0,0.0,0.0,0.0,5,0,0,1
EMP022,2026-03-18,76,Cashier,Bangalore,COHORT020,0,0,40,0,0,0,367,77,77,77,0.0,0.0,0.0,0.0,0.0,0.0,0.0,0.0,5,0,0,1
EMP022,2026-03-19,77,Cashier,Bangalore,COHORT020,0,0,47,0,0,0,415,78,78,78,0.0,0.0,0.0,0.0,0.0,0.0,0.0,0.0,5,0,0,1
EMP022,2026-03-20,78,Cashier,Bangalore,COHORT020,0,0,55,0,0,0,462,79,79,79,0.0,0.0,0.0,0.0,0.0,0.0,0.0,0.0,5,0,0,1
EMP022,2026-03-21,79,Cashier,Bangalore,COHORT020,0,0,12,0,0,0,81,80,80,80,0.0,0.0,0.0,0.0,0.0,0.0,0.0,0.0,5,0,0,1
EMP022,2026-03-22,80,Cashier,Bangalore,COHORT020,0,0,8,0,0,0,78,81,81,81,0.0,0.0,0.0,0.0,0.0,0.0,0.0,0.0,5,0,0,1
EMP022,2026-03-23,81,Cashier,Bangalore,COHORT020,0,0,48,0,0,0,466,82,82,82,0.0,0.0,0.0,0.0,0.0,0.0,0.0,0.0,5,0,0,1
EMP022,2026-03-24,82,Cashier,Bangalore,COHORT020,0,0,64,0,0,0,450,83,83,83,0.0,0.0,0.0,0.0,0.0,0.0,0.0,0.0,5,0,0,1
EMP022,2026-03-25,83,Cashier,Bangalore,COHORT020,0,0,79,0,0,0,427,84,84,84,0.0,0.0,0.0,0.0,0.0,0.0,0.0,0.0,5,0,0,1
EMP022,2026-03-26,84,Cashier,Bangalore,COHORT020,0,0,44,0,0,0,414,85,85,85,0.0,0.0,0.0,0.0,0.0,0.0,0.0,0.0,5,0,0,1
EMP022,2026-03-27,85,Cashier,Bangalore,COHORT020,0,0,58,0,0,0,459,86,86,86,0.0,0.0,0.0,0.0,0.0,0.0,0.0,0.0,5,0,0,1
EMP022,2026-03-28,86,Cashier,Bangalore,COHORT020,0,0,4,0,0,0,40,87,87,87,0.0,0.0,0.0,0.0,0.0,0.0,0.0,20.0,4,1,0,1
EMP022,2026-03-29,87,Cashier,Bangalore,COHORT020,0,0,8,0,0,0,55,88,88,88,0.0,0.0,0.0,0.0,0.0,0.0,0.0,20.0,4,1,0,1
EMP022,2026-03-30,88,Cashier,Bangalore,COHORT020,0,0,46,0,0,0,363,89,89,89,0.0,0.0,0.0,0.0,0.0,0.0,0.0,0.0,5,0,0,1
EMP022,2026-03-31,89,Cashier,Bangalore,COHORT020,0,0,39,0,0,0,481,90,90,90,0.0,0.0,0.0,0.0,0.0,0.0,0.0,0.0,5,0,0,1
EMP023,2026-01-01,0,Compliance Officer,Delhi,COHORT021,1,0,0,98,54,33,253,1,1,1,0.0,0.0,0.0,0.0,0.0,98.0,54.0,0.0,5,0,42.38,44.53
EMP023,2026-01-02,1,Compliance Officer,Delhi,COHORT021,1,0,0,83,63,36,254,1,1,1,98.0,98.0,15.31,0.0,0.0,83.0,63.0,0.0,5,0,27.38,44.53
EMP023,2026-01-03,2,Compliance Officer,Delhi,COHORT021,1,0,0,9,5,3,23,1,1,1,90.5,90.5,90.06,91.45,91.3,9.0,5.0,0.0,5,0,-46.62,44.53
EMP023,2026-01-04,3,Compliance Officer,Delhi,COHORT021,1,0,0,9,5,4,23,1,1,1,63.33,63.33,85.79,87.71,83.33,9.0,5.0,0.0,5,0,-46.62,44.53
EMP023,2026-01-05,4,Compliance Officer,Delhi,COHORT021,1,0,0,81,51,22,211,1,1,1,49.75,49.75,0.0,0.0,0.0,81.0,51.0,0.0,5,0,25.38,44.53
EMP023,2026-01-06,5,Compliance Officer,Delhi,COHORT021,1,0,0,81,51,41,246,1,1,1,56.0,56.0,0.0,0.0,0.0,81.0,51.0,0.0,5,0,25.38,44.53
EMP023,2026-01-07,6,Compliance Officer,Delhi,COHORT021,1,0,0,98,49,32,241,1,1,1,60.17,60.17,0.0,0.0,0.0,98.0,49.0,0.0,5,0,42.38,44.53
EMP023,2026-01-08,7,Compliance Officer,Delhi,COHORT021,1,0,0,91,53,23,241,1,1,1,65.57,65.57,0.0,0.0,5.85,91.0,53.0,0.0,5,0,35.38,44.53
EMP023,2026-01-09,8,Compliance Officer,Delhi,COHORT021,1,0,0,128,46,37,282,1,1,1,64.57,68.75,0.0,0.0,0.0,128.0,46.0,0.0,5,0,72.38,44.53
EMP023,2026-01-10,9,Compliance Officer,Delhi,COHORT021,1,0,0,14,7,2,31,1,1,1,71.0,75.33,81.42,83.29,92.21,14.0,7.0,0.0,5,0,-41.62,44.53
EMP023,2026-01-11,10,Compliance Officer,Delhi,COHORT021,1,0,0,30,15,5,64,1,1,1,71.71,69.2,56.65,60.94,78.54,30.0,15.0,0.0,5,0,-25.62,44.53
EMP023,2026-01-12,11,Compliance Officer,Delhi,COHORT021,1,0,0,83,39,24,218,1,1,1,74.71,65.64,0.0,0.0,0.0,83.0,39.0,0.0,5,0,27.38,44.53
EMP023,2026-01-13,12,Compliance Officer,Delhi,COHORT021,1,0,0,79,44,28,225,1,1,1,75.0,67.08,0.0,0.0,0.0,79.0,44.0,0.0,5,0,23.38,44.53
EMP023,2026-01-14,13,Compliance Officer,Delhi,COHORT021,1,0,0,91,41,32,229,1,1,1,74.71,68.0,0.0,0.0,0.0,91.0,41.0,0.0,5,0,35.38,44.53
EMP023,2026-01-15,14,Compliance Officer,Delhi,COHORT021,1,0,0,98,40,25,218,1,1,1,73.71,69.64,0.0,0.0,0.0,98.0,40.0,0.0,5,0,42.38,44.53
EMP023,2026-01-16,15,Compliance Officer,Delhi,COHORT021,1,0,0,102,56,30,271,1,1,1,74.71,71.53,0.0,0.0,0.0,102.0,56.0,0.0,5,0,46.38,44.53
EMP023,2026-01-17,16,Compliance Officer,Delhi,COHORT021,1,0,0,11,9,6,34,1,1,1,71.0,73.44,85.02,76.74,74.53,11.0,9.0,0.0,5,0,-44.62,44.53
EMP023,2026-01-18,17,Compliance Officer,Delhi,COHORT021,1,0,0,5,4,1,14,1,1,1,70.57,69.76,92.83,89.17,95.56,5.0,4.0,0.0,5,0,-50.62,44.53
EMP023,2026-01-19,18,Compliance Officer,Delhi,COHORT021,1,0,0,73,43,36,214,1,1,1,67.0,66.17,0.0,0.0,0.0,73.0,43.0,0.0,5,0,17.38,44.53
EMP023,2026-01-20,19,Compliance Officer,Delhi,COHORT021,1,0,0,83,68,31,260,1,1,1,65.57,66.53,0.0,0.0,0.0,83.0,68.0,0.0,5,0,27.38,44.53
EMP023,2026-01-21,20,Compliance Officer,Delhi,COHORT021,1,0,0,111,75,27,275,1,1,1,66.14,67.35,0.0,0.0,0.0,111.0,75.0,0.0,5,0,55.38,44.53
EMP023,2026-01-22,21,Compliance Officer,Delhi,COHORT021,1,0,0,91,42,37,236,1,1,1,69.0,69.43,0.0,0.0,0.0,91.0,42.0,0.0,5,0,35.38,44.53
EMP023,2026-01-23,22,Compliance Officer,Delhi,COHORT021,1,0,0,103,52,26,240,1,1,1,68.0,70.41,0.0,0.0,0.0,103.0,52.0,0.0,5,0,47.38,44.53
EMP023,2026-01-24,23,Compliance Officer,Delhi,COHORT021,1,0,0,23,9,6,50,1,1,1,68.14,71.83,67.98,77.3,74.49,23.0,9.0,0.0,5,0,-32.62,44.53
EMP023,2026-01-25,24,Compliance Officer,Delhi,COHORT021,1,0,0,23,10,8,59,1,1,1,69.86,69.79,67.04,73.94,64.9,23.0,10.0,0.0,5,0,-32.62,44.53
EMP023,2026-01-26,25,Compliance Officer,Delhi,COHORT021,1,0,0,119,47,28,275,1,1,1,72.43,67.92,0.0,0.0,0.0,119.0,47.0,0.0,5,0,63.38,44.53
EMP023,2026-01-27,26,Compliance Officer,Delhi,COHORT021,1,0,0,109,56,25,261,1,1,1,79.0,69.88,0.0,0.0,0.0,109.0,56.0,0.0,5,0,53.38,44.53
EMP023,2026-01-28,27,Compliance Officer,Delhi,COHORT021,1,0,0,89,51,27,219,1,1,1,82.71,71.33,0.0,0.0,0.0,89.0,51.0,0.0,5,0,33.38,44.53
EMP023,2026-01-29,28,Compliance Officer,Delhi,COHORT021,1,0,0,108,44,19,233,1,1,1,79.57,71.96,0.0,0.0,16.23,108.0,44.0,0.0,5,0,52.38,44.53
EMP023,2026-01-30,29,Compliance Officer,Delhi,COHORT021,1,0,0,68,47,24,204,1,1,1,82.0,73.21,7.12,0.0,0.0,68.0,47.0,0.0,5,0,12.38,44.53
EMP023,2026-01-31,30,Compliance Officer,Delhi,COHORT021,1,0,0,10,6,3,25,1,1,1,77.0,73.03,86.31,84.69,86.73,10.0,6.0,0.0,5,0,-45.62,44.53
EMP023,2026-02-01,31,Compliance Officer,Delhi,COHORT021,1,0,0,15,13,4,46,1,1,1,75.14,70.1,78.6,65.43,81.48,15.0,13.0,0.0,5,0,-40.62,44.53
EMP023,2026-02-02,32,Compliance Officer,Delhi,COHORT021,1,0,0,127,54,30,285,1,1,1,74.0,67.83,0.0,0.0,0.0,127.0,54.0,0.0,5,0,71.38,44.53
EMP023,2026-02-03,33,Compliance Officer,Delhi,COHORT021,1,0,0,84,60,22,232,1,1,1,75.14,71.77,0.0,0.0,0.0,84.0,60.0,0.0,5,0,28.38,44.53
EMP023,2026-02-04,34,Compliance Officer,Delhi,COHORT021,1,0,0,129,52,22,273,1,1,1,71.57,74.27,0.0,0.0,0.14,129.0,52.0,0.0,5,0,73.38,44.53
EMP023,2026-02-05,35,Compliance Officer,Delhi,COHORT021,1,0,0,73,68,31,234,1,1,1,77.29,75.87,3.78,0.0,0.0,73.0,68.0,0.0,5,0,17.38,44.53
EMP023,2026-02-06,36,Compliance Officer,Delhi,COHORT021,1,0,0,125,69,33,303,1,1,1,72.29,75.6,0.0,0.0,0.0,125.0,69.0,0.0,5,0,69.38,44.53
EMP023,2026-02-07,37,Compliance Officer,Delhi,COHORT021,1,0,0,14,9,5,36,1,1,1,80.43,76.5,81.7,77.87,76.99,14.0,9.0,0.0,5,0,-41.62,44.53
EMP023,2026-02-08,38,Compliance Officer,Delhi,COHORT021,1,0,0,14,7,2,31,1,1,1,81.0,73.93,81.06,82.14,90.53,14.0,7.0,0.0,5,0,-41.62,44.53
EMP023,2026-02-09,39,Compliance Officer,Delhi,COHORT021,1,0,0,67,52,26,212,1,1,1,80.86,70.13,4.46,0.0,0.0,67.0,52.0,0.0,5,0,11.38,44.53
EMP023,2026-02-10,40,Compliance Officer,Delhi,COHORT021,1,0,0,109,43,33,232,1,1,1,72.29,71.9,0.0,0.0,0.0,109.0,43.0,0.0,5,0,53.38,44.53
EMP023,2026-02-11,41,Compliance Officer,Delhi,COHORT021,1,0,0,123,45,19,253,1,1,1,75.86,74.53,0.0,0.0,12.44,123.0,45.0,0.0,5,0,67.38,44.53
EMP023,2026-02-12,42,Compliance Officer,Delhi,COHORT021,1,0,0,63,49,26,186,1,1,1,75.0,75.87,16.96,0.0,0.0,63.0,49.0,0.0,5,0,7.38,44.53
EMP023,2026-02-13,43,Compliance Officer,Delhi,COHORT021,1,0,0,118,49,38,264,1,1,1,73.57,75.33,0.0,0.0,0.0,118.0,49.0,0.0,5,0,62.38,44.53
EMP023,2026-02-14,44,Compliance Officer,Delhi,COHORT021,1,0,0,3,2,0,6,1,1,1,72.57,76.23,96.06,95.12,100.0,3.0,2.0,40.0,3,2,-52.62,44.53
EMP023,2026-02-15,45,Compliance Officer,Delhi,COHORT021,1,0,0,2,1,0,4,1,1,2,71.0,73.07,97.26,97.48,100.0,2.0,1.0,40.0,3,2,-53.62,44.53
EMP023,2026-02-16,46,Compliance Officer,Delhi,COHORT021,1,0,0,94,48,35,242,1,1,3,69.29,69.73,0.0,0.0,0.0,94.0,48.0,0.0,5,0,38.38,44.53
EMP023,2026-02-17,47,Compliance Officer,Delhi,COHORT021,1,0,0,111,44,23,249,1,1,1,73.14,72.5,0.0,0.0,0.0,111.0,44.0,0.0,5,0,55.38,44.53
EMP023,2026-02-18,48,Compliance Officer,Delhi,COHORT021,1,0,0,101,60,23,251,1,1,1,73.43,76.03,0.0,0.0,0.0,101.0,60.0,0.0,5,0,45.38,44.53
EMP023,2026-02-19,49,Compliance Officer,Delhi,COHORT021,1,0,0,103,59,25,248,1,1,1,70.29,76.97,0.0,0.0,0.0,103.0,59.0,0.0,5,0,47.38,44.53
EMP023,2026-02-20,50,Compliance Officer,Delhi,COHORT021,1,0,0,91,44,25,216,1,1,1,76.0,77.63,0.0,0.0,0.0,91.0,44.0,0.0,5,0,35.38,44.53
EMP023,2026-02-21,51,Compliance Officer,Delhi,COHORT021,1,0,0,4,3,1,11,1,1,1,72.14,76.97,94.8,92.45,95.2,4.0,3.0,0.0,5,0,-51.62,44.53
EMP023,2026-02-22,52,Compliance Officer,Delhi,COHORT021,1,0,0,18,14,4,49,1,1,1,72.29,74.07,75.7,63.57,79.62,18.0,14.0,0.0,5,0,-37.62,44.53
EMP023,2026-02-23,53,Compliance Officer,Delhi,COHORT021,1,0,0,96,46,38,241,1,1,1,74.57,71.23,0.0,0.0,0.0,96.0,46.0,0.0,5,0,40.38,44.53
EMP023,2026-02-24,54,Compliance Officer,Delhi,COHORT021,1,0,0,80,70,32,238,1,1,1,74.86,73.67,0.0,0.0,0.0,80.0,70.0,0.0,5,0,24.38,44.53
EMP023,2026-02-25,55,Compliance Officer,Delhi,COHORT021,1,0,0,93,64,39,249,1,1,1,70.43,75.57,0.0,0.0,0.0,93.0,64.0,0.0,5,0,37.38,44.53
EMP023,2026-02-26,56,Compliance Officer,Delhi,COHORT021,1,0,0,105,48,24,258,1,1,1,69.29,74.7,0.0,0.0,0.0,105.0,48.0,0.0,5,0,49.38,44.53
EMP023,2026-02-27,57,Compliance Officer,Delhi,COHORT021,1,0,0,117,64,37,281,1,1,1,69.57,74.57,0.0,0.0,0.0,117.0,64.0,0.0,5,0,61.38,44.53
EMP023,2026-02-28,58,Compliance Officer,Delhi,COHORT021,1,0,0,14,15,8,49,1,1,1,73.29,75.5,81.46,63.53,62.67,14.0,15.0,0.0,5,0,-41.62,44.53
EMP023,2026-03-01,59,Compliance Officer,Delhi,COHORT021,1,0,0,21,11,7,55,1,1,1,74.71,72.37,70.98,72.62,66.78,21.0,11.0,0.0,5,0,-34.62,44.53
EMP023,2026-03-02,60,Compliance Officer,Delhi,COHORT021,1,0,0,96,51,31,251,1,1,1,75.14,70.8,0.0,0.0,0.0,96.0,51.0,0.0,5,0,40.38,44.53
EMP023,2026-03-03,61,Compliance Officer,Delhi,COHORT021,1,0,0,74,54,29,230,1,1,1,75.14,73.67,0.0,0.0,0.0,74.0,54.0,0.0,5,0,18.38,44.53
EMP023,2026-03-04,62,Compliance Officer,Delhi,COHORT021,1,0,0,110,64,34,288,1,1,1,74.29,75.63,0.0,0.0,0.0,110.0,64.0,0.0,5,0,54.38,44.53
EMP023,2026-03-05,63,Compliance Officer,Delhi,COHORT021,1,0,0,72,43,17,209,1,1,1,76.71,75.07,4.09,0.0,24.11,72.0,43.0,0.0,5,0,16.38,44.53
EMP023,2026-03-06,64,Compliance Officer,Delhi,COHORT021,1,0,0,46,33,24,181,1,1,1,72.0,74.67,38.4,20.67,0.0,46.0,33.0,0.0,5,0,-9.62,44.53
EMP023,2026-03-07,65,Compliance Officer,Delhi,COHORT021,1,0,0,4,3,2,14,1,1,1,61.86,71.9,94.44,92.68,91.03,4.0,3.0,0.0,5,0,-51.62,44.53
EMP023,2026-03-08,66,Compliance Officer,Delhi,COHORT021,1,0,0,4,1,1,8,1,1,1,60.43,69.6,94.25,97.42,95.31,4.0,1.0,20.0,4,1,-51.62,44.53
EMP023,2026-03-09,67,Compliance Officer,Delhi,COHORT021,1,0,0,46,28,18,175,1,1,1,58.0,65.57,29.85,23.35,11.2,46.0,28.0,0.0,5,0,-9.62,44.53
EMP023,2026-03-10,68,Compliance Officer,Delhi,COHORT021,1,0,0,58,25,10,154,1,1,1,50.86,66.63,12.95,32.74,51.69,58.0,25.0,0.0,5,0,2.38,44.53
EMP023,2026-03-11,69,Compliance Officer,Delhi,COHORT021,1,0,0,38,33,12,151,1,1,1,48.57,68.1,44.2,12.63,42.78,38.0,33.0,0.0,5,0,-17.62,44.53
EMP023,2026-03-12,70,Compliance Officer,Delhi,COHORT021,1,0,0,32,26,10,140,1,1,1,38.29,67.13,52.33,29.98,51.22,32.0,26.0,0.0,5,0,-23.62,44.53
EMP023,2026-03-13,71,Compliance Officer,Delhi,COHORT021,1,0,0,26,20,13,135,1,1,1,32.57,64.57,59.73,45.31,34.11,26.0,20.0,0.0,5,0,-29.62,44.53
EMP023,2026-03-14,72,Compliance Officer,Delhi,COHORT021,1,0,0,5,2,0,16,1,1,1,29.71,61.33,91.85,94.4,100.0,5.0,2.0,20.0,4,1,-50.62,44.53
EMP023,2026-03-15,73,Compliance Officer,Delhi,COHORT021,1,0,0,0,0,0,0,1,1,2,29.86,59.4,100.0,100.0,100.0,0.0,0.0,100.0,0,5,-55.62,44.53
EMP023,2026-03-16,74,Compliance Officer,Delhi,COHORT021,1,0,0,27,17,9,132,2,2,3,29.29,55.47,51.33,47.74,48.28,27.0,17.0,0.0,5,0,-28.62,44.53
EMP023,2026-03-17,75,Compliance Officer,Delhi,COHORT021,1,0,0,24,10,5,119,1,1,1,26.57,56.27,57.35,69.72,71.75,24.0,10.0,0.0,5,0,-31.62,44.53
EMP023,2026-03-18,76,Compliance Officer,Delhi,COHORT021,1,0,0,13,8,5,109,1,1,1,21.71,57.0,77.19,76.0,72.02,13.0,8.0,0.0,5,0,-42.62,44.53
EMP023,2026-03-19,77,Compliance Officer,Delhi,COHORT021,1,0,0,11,5,3,85,1,1,1,18.14,54.3,79.74,84.38,82.22,11.0,5.0,0.0,5,0,-44.62,44.53
EMP023,2026-03-20,78,Compliance Officer,Delhi,COHORT021,1,0,0,5,5,1,72,1,1,1,15.14,50.97,90.19,83.71,93.83,5.0,5.0,0.0,5,0,-50.62,44.53
EMP023,2026-03-21,79,Compliance Officer,Delhi,COHORT021,1,0,0,0,0,0,6,1,1,1,12.14,47.77,100.0,100.0,100.0,0.0,0.0,60.0,2,3,-55.62,44.53
EMP023,2026-03-22,80,Compliance Officer,Delhi,COHORT021,1,0,0,0,0,0,14,2,2,2,11.43,44.33,100.0,100.0,100.0,0.0,0.0,60.0,2,3,-55.62,44.53
EMP023,2026-03-23,81,Compliance Officer,Delhi,COHORT021,1,0,0,0,0,0,71,3,3,3,11.43,41.3,100.0,100.0,100.0,0.0,0.0,60.0,2,3,-55.62,44.53
EMP023,2026-03-24,82,Compliance Officer,Delhi,COHORT021,1,0,0,0,0,0,69,4,4,4,7.57,41.17,100.0,100.0,100.0,0.0,0.0,60.0,2,3,-55.62,44.53
EMP023,2026-03-25,83,Compliance Officer,Delhi,COHORT021,1,0,0,0,0,0,76,5,5,5,4.14,40.57,100.0,100.0,100.0,0.0,0.0,60.0,2,3,-55.62,44.53
EMP023,2026-03-26,84,Compliance Officer,Delhi,COHORT021,1,0,0,0,0,0,67,6,6,6,2.29,37.37,100.0,100.0,100.0,0.0,0.0,60.0,2,3,-55.62,44.53
EMP023,2026-03-27,85,Compliance Officer,Delhi,COHORT021,1,0,0,0,0,0,84,7,7,7,0.71,34.7,100.0,100.0,100.0,0.0,0.0,60.0,2,3,-55.62,44.53
EMP023,2026-03-28,86,Compliance Officer,Delhi,COHORT021,1,0,0,0,0,0,7,8,8,8,0.0,31.6,100.0,100.0,100.0,0.0,0.0,60.0,2,3,-55.62,44.53
EMP023,2026-03-29,87,Compliance Officer,Delhi,COHORT021,1,0,0,0,0,0,2,9,9,9,0.0,28.1,100.0,100.0,100.0,0.0,0.0,80.0,1,4,-55.62,44.53
EMP023,2026-03-30,88,Compliance Officer,Delhi,COHORT021,1,0,0,0,0,0,77,10,10,10,0.0,24.2,100.0,100.0,100.0,0.0,0.0,60.0,2,3,-55.62,44.53
EMP023,2026-03-31,89,Compliance Officer,Delhi,COHORT021,1,0,0,0,0,0,65,11,11,11,0.0,23.73,100.0,100.0,100.0,0.0,0.0,60.0,2,3,-55.62,44.53
EMP024,2026-01-01,0,Compliance Officer,Mumbai,COHORT022,0,0,0,77,69,27,240,1,1,1,0.0,0.0,0.0,0.0,0.0,77.0,69.0,0.0,5,0,4.62,41.34
EMP024,2026-01-02,1,Compliance Officer,Mumbai,COHORT022,0,0,0,118,45,22,257,1,1,1,77.0,77.0,0.0,34.78,18.52,118.0,45.0,0.0,5,0,45.62,41.34
EMP024,2026-01-03,2,Compliance Officer,Mumbai,COHORT022,0,0,0,8,7,3,28,1,1,1,97.5,97.5,91.79,87.72,87.76,8.0,7.0,0.0,5,0,-64.38,41.34
EMP024,2026-01-04,3,Compliance Officer,Mumbai,COHORT022,0,0,0,17,7,4,40,1,1,1,67.67,67.67,74.88,82.64,76.92,17.0,7.0,0.0,5,0,-55.38,41.34
EMP024,2026-01-05,4,Compliance Officer,Mumbai,COHORT022,0,0,0,121,65,27,281,1,1,1,55.0,55.0,0.0,0.0,0.0,121.0,65.0,0.0,5,0,48.62,41.34
EMP024,2026-01-06,5,Compliance Officer,Mumbai,COHORT022,0,0,0,81,71,35,259,1,1,1,68.2,68.2,0.0,0.0,0.0,81.0,71.0,0.0,5,0,8.62,41.34
EMP024,2026-01-07,6,Compliance Officer,Mumbai,COHORT022,0,0,0,80,42,27,205,1,1,1,70.33,70.33,0.0,4.55,0.0,80.0,42.0,0.0,5,0,7.62,41.34
EMP024,2026-01-08,7,Compliance Officer,Mumbai,COHORT022,0,0,0,90,40,27,220,1,1,1,71.71,71.71,0.0,8.49,0.0,90.0,40.0,0.0,5,0,17.62,41.34
EMP024,2026-01-09,8,Compliance Officer,Mumbai,COHORT022,0,0,0,73,68,25,231,1,1,1,73.57,74.0,1.35,0.0,0.0,73.0,68.0,0.0,5,0,0.62,41.34
EMP024,2026-01-10,9,Compliance Officer,Mumbai,COHORT022,0,0,0,23,8,6,46,1,1,1,67.14,73.89,68.87,82.61,72.59,23.0,8.0,0.0,5,0,-49.38,41.34
EMP024,2026-01-11,10,Compliance Officer,Mumbai,COHORT022,0,0,0,14,6,4,34,1,1,1,69.29,68.8,79.65,85.78,80.3,14.0,6.0,0.0,5,0,-58.38,41.34
EMP024,2026-01-12,11,Compliance Officer,Mumbai,COHORT022,0,0,0,87,65,27,232,1,1,1,68.86,63.82,0.0,0.0,0.0,87.0,65.0,0.0,5,0,14.62,41.34
EMP024,2026-01-13,12,Compliance Officer,Mumbai,COHORT022,0,0,0,101,57,30,262,1,1,1,64.0,65.75,0.0,0.0,0.0,101.0,57.0,0.0,5,0,28.62,41.34
EMP024,2026-01-14,13,Compliance Officer,Mumbai,COHORT022,0,0,0,88,61,38,271,1,1,1,66.86,68.46,0.0,0.0,0.0,88.0,61.0,0.0,5,0,15.62,41.34
EMP024,2026-01-15,14,Compliance Officer,Mumbai,COHORT022,0,0,0,75,57,26,226,1,1,1,68.0,69.86,0.0,0.0,0.0,75.0,57.0,0.0,5,0,2.62,41.34
EMP024,2026-01-16,15,Compliance Officer,Mumbai,COHORT022,0,0,0,86,46,25,205,1,1,1,65.86,70.2,0.0,0.0,0.0,86.0,46.0,0.0,5,0,13.62,41.34
EMP024,2026-01-17,16,Compliance Officer,Mumbai,COHORT022,0,0,0,10,6,5,30,1,1,1,67.71,71.19,85.95,86.55,77.33,10.0,6.0,0.0,5,0,-62.38,41.34
EMP024,2026-01-18,17,Compliance Officer,Mumbai,COHORT022,0,0,0,1,1,0,2,1,1,1,65.86,67.59,98.52,97.64,100.0,1.0,1.0,60.0,2,3,-71.38,41.34
EMP024,2026-01-19,18,Compliance Officer,Mumbai,COHORT022,0,0,0,83,45,22,201,1,1,2,64.0,63.89,0.0,0.0,0.0,83.0,45.0,0.0,5,0,10.62,41.34
EMP024,2026-01-20,19,Compliance Officer,Mumbai,COHORT022,0,0,0,102,68,22,253,1,1,1,63.43,64.89,0.0,0.0,0.0,102.0,68.0,0.0,5,0,29.62,41.34
EMP024,2026-01-21,20,Compliance Officer,Mumbai,COHORT022,0,0,0,71,56,28,211,1,1,1,63.57,66.75,0.0,0.0,0.0,71.0,56.0,0.0,5,0,-1.38,41.34
EMP024,2026-01-22,21,Compliance Officer,Mumbai,COHORT022,0,0,0,89,53,22,242,1,1,1,61.14,66.95,0.0,0.0,0.0,89.0,53.0,0.0,5,0,16.62,41.34
EMP024,2026-01-23,22,Compliance Officer,Mumbai,COHORT022,0,0,0,107,51,29,270,1,1,1,63.14,67.95,0.0,0.0,0.0,107.0,51.0,0.0,5,0,34.62,41.34
EMP024,2026-01-24,23,Compliance Officer,Mumbai,COHORT022,0,0,0,8,3,1,17,1,1,1,66.14,69.65,88.51,93.06,95.22,8.0,3.0,0.0,5,0,-64.38,41.34
EMP024,2026-01-25,24,Compliance Officer,Mumbai,COHORT022,0,0,0,23,11,5,52,1,1,1,65.86,67.08,65.71,73.52,75.1,23.0,11.0,0.0,5,0,-49.38,41.34
EMP024,2026-01-26,25,Compliance Officer,Mumbai,COHORT022,0,0,0,117,58,42,285,1,1,1,69.0,65.32,0.0,0.0,0.0,117.0,58.0,0.0,5,0,44.62,41.34
EMP024,2026-01-27,26,Compliance Officer,Mumbai,COHORT022,0,0,0,118,47,23,254,1,1,1,73.86,67.31,0.0,0.0,0.0,118.0,47.0,0.0,5,0,45.62,41.34
EMP024,2026-01-28,27,Compliance Officer,Mumbai,COHORT022,0,0,0,103,54,39,276,1,1,1,76.14,69.19,0.0,0.0,0.0,103.0,54.0,0.0,5,0,30.62,41.34
EMP024,2026-01-29,28,Compliance Officer,Mumbai,COHORT022,0,0,0,83,48,30,207,1,1,1,80.71,70.39,0.0,0.0,0.0,83.0,48.0,0.0,5,0,10.62,41.34
EMP024,2026-01-30,29,Compliance Officer,Mumbai,COHORT022,0,0,0,78,63,36,245,1,1,1,79.86,70.83,0.0,0.0,0.0,78.0,63.0,0.0,5,0,5.62,41.34
EMP024,2026-01-31,30,Compliance Officer,Mumbai,COHORT022,0,0,0,11,6,3,29,1,1,1,75.71,71.07,84.52,85.92,86.3,11.0,6.0,0.0,5,0,-61.38,41.34
EMP024,2026-02-01,31,Compliance Officer,Mumbai,COHORT022,0,0,0,2,1,1,5,1,1,1,76.14,68.87,97.1,97.53,95.26,2.0,1.0,20.0,4,1,-70.38,41.34
EMP024,2026-02-02,32,Compliance Officer,Mumbai,COHORT022,0,0,0,88,64,47,278,1,1,1,73.14,65.0,0.0,0.0,0.0,88.0,64.0,0.0,5,0,15.62,41.34
EMP024,2026-02-03,33,Compliance Officer,Mumbai,COHORT022,0,0,0,78,47,25,217,1,1,1,69.0,67.67,0.0,0.0,0.0,78.0,47.0,0.0,5,0,5.62,41.34
EMP024,2026-02-04,34,Compliance Officer,Mumbai,COHORT022,0,0,0,99,62,39,263,1,1,1,63.29,69.7,0.0,0.0,0.0,99.0,62.0,0.0,5,0,26.62,41.34
EMP024,2026-02-05,35,Compliance Officer,Mumbai,COHORT022,0,0,0,105,60,31,275,1,1,1,62.71,68.97,0.0,0.0,0.0,105.0,60.0,0.0,5,0,32.62,41.34
EMP024,2026-02-06,36,Compliance Officer,Mumbai,COHORT022,0,0,0,87,62,24,256,1,1,1,65.86,69.77,0.0,0.0,0.0,87.0,62.0,0.0,5,0,14.62,41.34
EMP024,2026-02-07,37,Compliance Officer,Mumbai,COHORT022,0,0,0,19,11,7,52,1,1,1,67.14,70.0,72.86,74.1,69.2,19.0,11.0,0.0,5,0,-53.38,41.34
EMP024,2026-02-08,38,Compliance Officer,Mumbai,COHORT022,0,0,0,11,11,3,32,1,1,1,68.29,67.63,83.74,73.49,86.41,11.0,11.0,0.0,5,0,-61.38,41.34
EMP024,2026-02-09,39,Compliance Officer,Mumbai,COHORT022,0,0,0,89,55,38,235,1,1,1,69.57,65.57,0.0,0.0,0.0,89.0,55.0,0.0,5,0,16.62,41.34
EMP024,2026-02-10,40,Compliance Officer,Mumbai,COHORT022,0,0,0,117,56,20,272,1,1,1,69.71,67.77,0.0,0.0,10.71,117.0,56.0,0.0,5,0,44.62,41.34
EMP024,2026-02-11,41,Compliance Officer,Mumbai,COHORT022,0,0,0,110,50,35,252,1,1,1,75.29,71.2,0.0,0.0,0.0,110.0,50.0,0.0,5,0,37.62,41.34
EMP024,2026-02-12,42,Compliance Officer,Mumbai,COHORT022,0,0,0,78,42,31,221,1,1,1,76.86,71.97,0.0,0.78,0.0,78.0,42.0,0.0,5,0,5.62,41.34
EMP024,2026-02-13,43,Compliance Officer,Mumbai,COHORT022,0,0,0,107,48,38,259,1,1,1,73.0,71.2,0.0,0.0,0.0,107.0,48.0,0.0,5,0,34.62,41.34
EMP024,2026-02-14,44,Compliance Officer,Mumbai,COHORT022,0,0,0,12,7,4,32,1,1,1,75.86,71.83,83.29,83.09,82.78,12.0,7.0,0.0,5,0,-60.38,41.34
EMP024,2026-02-15,45,Compliance Officer,Mumbai,COHORT022,0,0,0,12,10,6,43,1,1,1,74.86,69.73,82.79,74.83,73.33,12.0,10.0,0.0,5,0,-60.38,41.34
EMP024,2026-02-16,46,Compliance Officer,Mumbai,COHORT022,0,0,0,78,54,22,219,1,1,1,75.0,67.27,0.0,0.0,0.0,78.0,54.0,0.0,5,0,5.62,41.34
EMP024,2026-02-17,47,Compliance Officer,Mumbai,COHORT022,0,0,0,106,45,34,264,1,1,1,73.43,69.53,0.0,0.0,0.0,106.0,45.0,0.0,5,0,33.62,41.34
EMP024,2026-02-18,48,Compliance Officer,Mumbai,COHORT022,0,0,0,67,48,38,237,1,1,1,71.86,73.03,8.26,0.0,0.0,67.0,48.0,0.0,5,0,-5.38,41.34
EMP024,2026-02-19,49,Compliance Officer,Mumbai,COHORT022,0,0,0,94,51,41,251,1,1,1,65.71,72.5,0.0,0.0,0.0,94.0,51.0,0.0,5,0,21.62,41.34
EMP024,2026-02-20,50,Compliance Officer,Mumbai,COHORT022,0,0,0,114,56,27,262,1,1,1,68.0,72.23,0.0,0.0,0.0,114.0,56.0,0.0,5,0,41.62,41.34
EMP024,2026-02-21,51,Compliance Officer,Mumbai,COHORT022,0,0,0,7,2,2,14,1,1,1,69.0,73.67,90.5,95.14,91.9,7.0,2.0,0.0,5,0,-65.38,41.34
EMP024,2026-02-22,52,Compliance Officer,Mumbai,COHORT022,0,0,0,9,5,2,22,1,1,1,68.29,70.93,87.31,87.32,91.68,9.0,5.0,0.0,5,0,-63.38,41.34
EMP024,2026-02-23,53,Compliance Officer,Mumbai,COHORT022,0,0,0,101,51,31,253,1,1,1,67.86,67.67,0.0,0.0,0.0,101.0,51.0,0.0,5,0,28.62,41.34
EMP024,2026-02-24,54,Compliance Officer,Mumbai,COHORT022,0,0,0,101,55,27,254,1,1,1,71.14,70.77,0.0,0.0,0.0,101.0,55.0,0.0,5,0,28.62,41.34
EMP024,2026-02-25,55,Compliance Officer,Mumbai,COHORT022,0,0,0,115,56,23,252,1,1,1,70.43,73.37,0.0,0.0,7.52,115.0,56.0,0.0,5,0,42.62,41.34
EMP024,2026-02-26,56,Compliance Officer,Mumbai,COHORT022,0,0,0,117,54,44,271,1,1,1,77.29,73.3,0.0,0.0,0.0,117.0,54.0,0.0,5,0,44.62,41.34
EMP024,2026-02-27,57,Compliance Officer,Mumbai,COHORT022,0,0,0,118,64,44,275,1,1,1,80.57,73.27,0.0,0.0,0.0,118.0,64.0,0.0,5,0,45.62,41.34
EMP024,2026-02-28,58,Compliance Officer,Mumbai,COHORT022,0,0,0,14,8,3,33,1,1,1,81.14,73.77,81.02,80.71,88.05,14.0,8.0,0.0,5,0,-58.38,41.34
EMP024,2026-03-01,59,Compliance Officer,Mumbai,COHORT022,0,0,0,4,3,1,10,1,1,1,82.14,71.47,94.4,92.52,95.87,4.0,3.0,0.0,5,0,-68.38,41.34
EMP024,2026-03-02,60,Compliance Officer,Mumbai,COHORT022,0,0,0,85,46,31,219,1,1,1,81.43,69.0,0.0,0.0,0.0,85.0,46.0,0.0,5,0,12.62,41.34
EMP024,2026-03-03,61,Compliance Officer,Mumbai,COHORT022,0,0,0,99,39,27,237,1,1,1,79.14,71.47,0.0,1.19,0.0,99.0,39.0,0.0,5,0,26.62,41.34
EMP024,2026-03-04,62,Compliance Officer,Mumbai,COHORT022,0,0,0,108,68,24,283,1,1,1,78.86,74.7,0.0,0.0,3.34,108.0,68.0,0.0,5,0,35.62,41.34
EMP024,2026-03-05,63,Compliance Officer,Mumbai,COHORT022,0,0,0,106,65,33,262,1,1,1,77.86,75.37,0.0,0.0,0.0,106.0,65.0,0.0,5,0,33.62,41.34
EMP024,2026-03-06,64,Compliance Officer,Mumbai,COHORT022,0,0,0,101,42,34,267,1,1,1,76.29,76.3,0.0,0.0,0.0,101.0,42.0,0.0,5,0,28.62,41.34
EMP024,2026-03-07,65,Compliance Officer,Mumbai,COHORT022,0,0,0,4,3,1,12,1,1,1,73.86,76.37,94.76,92.65,95.86,4.0,3.0,0.0,5,0,-68.38,41.34
EMP024,2026-03-08,66,Compliance Officer,Mumbai,COHORT022,0,0,0,3,2,1,9,1,1,1,72.43,73.0,95.89,94.86,95.68,3.0,2.0,0.0,5,0,-69.38,41.34
EMP024,2026-03-09,67,Compliance Officer,Mumbai,COHORT022,0,0,0,119,71,30,279,1,1,1,72.29,70.2,0.0,0.0,0.0,119.0,71.0,0.0,5,0,46.62,41.34
EMP024,2026-03-10,68,Compliance Officer,Mumbai,COHORT022,0,0,0,75,54,31,235,1,1,1,77.14,73.53,0.0,0.0,0.0,75.0,54.0,0.0,5,0,2.62,41.34
EMP024,2026-03-11,69,Compliance Officer,Mumbai,COHORT022,0,0,0,122,65,24,277,1,1,1,73.71,75.67,0.0,0.0,0.41,122.0,65.0,0.0,5,0,49.62,41.34
EMP024,2026-03-12,70,Compliance Officer,Mumbai,COHORT022,0,0,0,103,49,38,258,1,1,1,75.71,76.77,0.0,0.0,0.0,103.0,49.0,0.0,5,0,30.62,41.34
EMP024,2026-03-13,71,Compliance Officer,Mumbai,COHORT022,0,0,0,121,50,20,255,1,1,1,75.29,76.3,0.0,0.0,17.46,121.0,50.0,0.0,5,0,48.62,41.34
EMP024,2026-03-14,72,Compliance Officer,Mumbai,COHORT022,0,0,0,19,8,4,40,1,1,1,78.14,76.67,75.22,80.21,83.14,19.0,8.0,0.0,5,0,-53.38,41.34
EMP024,2026-03-15,73,Compliance Officer,Mumbai,COHORT022,0,0,0,3,3,1,8,1,1,1,80.29,74.7,95.98,92.37,95.62,3.0,3.0,20.0,4,1,-69.38,41.34
EMP024,2026-03-16,74,Compliance Officer,Mumbai,COHORT022,0,0,0,93,49,37,228,1,1,1,80.29,71.23,0.0,0.0,0.0,93.0,49.0,0.0,5,0,20.62,41.34
EMP024,2026-03-17,75,Compliance Officer,Mumbai,COHORT022,0,0,0,124,41,30,263,1,1,1,76.57,73.93,0.0,0.0,0.0,124.0,41.0,0.0,5,0,51.62,41.34
EMP024,2026-03-18,76,Compliance Officer,Mumbai,COHORT022,0,0,0,112,48,24,257,1,1,1,83.57,77.67,0.0,0.0,0.0,112.0,48.0,0.0,5,0,39.62,41.34
EMP024,2026-03-19,77,Compliance Officer,Mumbai,COHORT022,0,0,0,92,45,32,247,1,1,1,82.14,78.8,0.0,0.0,0.0,92.0,45.0,0.0,5,0,19.62,41.34
EMP024,2026-03-20,78,Compliance Officer,Mumbai,COHORT022,0,0,0,83,51,24,226,1,1,1,80.57,78.33,0.0,0.0,0.0,83.0,51.0,0.0,5,0,10.62,41.34
EMP024,2026-03-21,79,Compliance Officer,Mumbai,COHORT022,0,0,0,22,11,5,51,1,1,1,75.14,78.87,72.11,72.59,78.29,22.0,11.0,0.0,5,0,-50.38,41.34
EMP024,2026-03-22,80,Compliance Officer,Mumbai,COHORT022,0,0,0,16,9,8,47,1,1,1,75.57,76.47,79.08,76.8,63.35,16.0,9.0,0.0,5,0,-56.38,41.34
EMP024,2026-03-23,81,Compliance Officer,Mumbai,COHORT022,0,0,0,79,46,36,227,1,1,1,77.43,73.2,0.0,0.0,0.0,79.0,46.0,0.0,5,0,6.62,41.34
EMP024,2026-03-24,82,Compliance Officer,Mumbai,COHORT022,0,0,0,76,61,40,249,1,1,1,75.43,75.6,0.0,0.0,0.0,76.0,61.0,0.0,5,0,3.62,41.34
EMP024,2026-03-25,83,Compliance Officer,Mumbai,COHORT022,0,0,0,115,48,31,262,1,1,1,68.57,77.83,0.0,0.0,0.0,115.0,48.0,0.0,5,0,42.62,41.34
EMP024,2026-03-26,84,Compliance Officer,Mumbai,COHORT022,0,0,0,101,45,31,240,1,1,1,69.0,78.3,0.0,0.0,0.0,101.0,45.0,0.0,5,0,28.62,41.34
EMP024,2026-03-27,85,Compliance Officer,Mumbai,COHORT022,0,0,0,95,46,39,256,1,1,1,70.29,78.3,0.0,0.0,0.0,95.0,46.0,0.0,5,0,22.62,41.34
EMP024,2026-03-28,86,Compliance Officer,Mumbai,COHORT022,0,0,0,8,6,4,26,1,1,1,72.0,77.63,89.69,84.92,83.52,8.0,6.0,0.0,5,0,-64.38,41.34
EMP024,2026-03-29,87,Compliance Officer,Mumbai,COHORT022,0,0,0,11,9,3,29,1,1,1,70.0,74.0,85.14,76.44,86.92,11.0,9.0,0.0,5,0,-61.38,41.34
EMP024,2026-03-30,88,Compliance Officer,Mumbai,COHORT022,0,0,0,97,56,30,246,1,1,1,69.29,70.43,0.0,0.0,0.0,97.0,56.0,0.0,5,0,24.62,41.34
EMP024,2026-03-31,89,Compliance Officer,Mumbai,COHORT022,0,0,0,78,56,33,243,1,1,1,71.86,73.2,0.0,0.0,0.0,78.0,56.0,0.0,5,0,5.62,41.34
EMP025,2026-01-01,0,Compliance Officer,Bangalore,COHORT023,0,0,0,83,51,23,216,1,1,1,0.0,0.0,0.0,0.0,0.0,83.0,51.0,0.0,5,0,15.61,38.84
EMP025,2026-01-02,1,Compliance Officer,Bangalore,COHORT023,0,0,0,66,49,31,213,1,1,1,83.0,83.0,20.48,3.92,0.0,66.0,49.0,0.0,5,0,-1.39,38.84
EMP025,2026-01-03,2,Compliance Officer,Bangalore,COHORT023,0,0,0,5,2,1,11,1,1,1,74.5,74.5,93.29,96.0,96.3,5.0,2.0,0.0,5,0,-62.39,38.84
EMP025,2026-01-04,3,Compliance Officer,Bangalore,COHORT023,0,0,0,17,13,4,52,1,1,1,51.33,51.33,66.88,61.76,78.18,17.0,13.0,0.0,5,0,-50.39,38.84
EMP025,2026-01-05,4,Compliance Officer,Bangalore,COHORT023,0,0,0,94,47,38,240,1,1,1,42.75,42.75,0.0,0.0,0.0,94.0,47.0,0.0,5,0,26.61,38.84
EMP025,2026-01-06,5,Compliance Officer,Bangalore,COHORT023,0,0,0,92,75,35,272,1,1,1,53.0,53.0,0.0,0.0,0.0,92.0,75.0,0.0,5,0,24.61,38.84
EMP025,2026-01-07,6,Compliance Officer,Bangalore,COHORT023,0,0,0,88,51,29,219,1,1,1,59.5,59.5,0.0,0.0,0.0,88.0,51.0,0.0,5,0,20.61,38.84
EMP025,2026-01-08,7,Compliance Officer,Bangalore,COHORT023,0,0,0,99,67,26,251,1,1,1,63.57,63.57,0.0,0.0,0.0,99.0,67.0,0.0,5,0,31.61,38.84
EMP025,2026-01-09,8,Compliance Officer,Bangalore,COHORT023,0,0,0,67,53,38,232,1,1,1,65.86,68.0,1.47,0.0,0.0,67.0,53.0,0.0,5,0,-0.39,38.84
EMP025,2026-01-10,9,Compliance Officer,Bangalore,COHORT023,0,0,0,16,11,5,43,1,1,1,66.0,67.89,76.43,75.73,80.0,16.0,11.0,0.0,5,0,-51.39,38.84
EMP025,2026-01-11,10,Compliance Officer,Bangalore,COHORT023,0,0,0,8,4,3,21,1,1,1,67.57,62.7,87.24,90.45,86.96,8.0,4.0,0.0,5,0,-59.39,38.84
EMP025,2026-01-12,11,Compliance Officer,Bangalore,COHORT023,0,0,0,101,46,30,250,1,1,1,66.29,57.73,0.0,0.0,0.0,101.0,46.0,0.0,5,0,33.61,38.84
EMP025,2026-01-13,12,Compliance Officer,Bangalore,COHORT023,0,0,0,98,45,36,244,1,1,1,67.29,61.33,0.0,0.0,0.0,98.0,45.0,0.0,5,0,30.61,38.84
EMP025,2026-01-14,13,Compliance Officer,Bangalore,COHORT023,0,0,0,79,65,32,244,1,1,1,68.14,64.15,0.0,0.0,0.0,79.0,65.0,0.0,5,0,11.61,38.84
EMP025,2026-01-15,14,Compliance Officer,Bangalore,COHORT023,0,0,0,84,45,30,210,1,1,1,66.86,65.21,0.0,0.0,0.0,84.0,45.0,0.0,5,0,16.61,38.84
EMP025,2026-01-16,15,Compliance Officer,Bangalore,COHORT023,0,0,0,86,67,37,260,1,1,1,64.71,66.47,0.0,0.0,0.0,86.0,67.0,0.0,5,0,18.61,38.84
EMP025,2026-01-17,16,Compliance Officer,Bangalore,COHORT023,0,0,0,12,6,3,28,1,1,1,67.43,67.69,82.27,86.11,87.94,12.0,6.0,0.0,5,0,-55.39,38.84
EMP025,2026-01-18,17,Compliance Officer,Bangalore,COHORT023,0,0,0,10,4,1,21,1,1,1,66.86,64.41,84.47,90.24,95.76,10.0,4.0,0.0,5,0,-57.39,38.84
EMP025,2026-01-19,18,Compliance Officer,Bangalore,COHORT023,0,0,0,86,68,36,245,1,1,1,67.14,61.39,0.0,0.0,0.0,86.0,68.0,0.0,5,0,18.61,38.84
EMP025,2026-01-20,19,Compliance Officer,Bangalore,COHORT023,0,0,0,84,41,28,222,1,1,1,65.0,62.68,0.0,0.0,0.0,84.0,41.0,0.0,5,0,16.61,38.84
EMP025,2026-01-21,20,Compliance Officer,Bangalore,COHORT023,0,0,0,81,41,36,218,1,1,1,63.0,63.75,0.0,0.0,0.0,81.0,41.0,0.0,5,0,13.61,38.84
EMP025,2026-01-22,21,Compliance Officer,Bangalore,COHORT023,0,0,0,119,69,24,290,1,1,1,63.29,64.57,0.0,0.0,0.0,119.0,69.0,0.0,5,0,51.61,38.84
EMP025,2026-01-23,22,Compliance Officer,Bangalore,COHORT023,0,0,0,70,68,23,223,1,1,1,68.29,67.05,0.0,0.0,3.81,70.0,68.0,0.0,5,0,2.61,38.84
EMP025,2026-01-24,23,Compliance Officer,Bangalore,COHORT023,0,0,0,23,13,8,53,1,1,1,66.0,67.17,65.76,69.74,66.49,23.0,13.0,0.0,5,0,-44.39,38.84
EMP025,2026-01-25,24,Compliance Officer,Bangalore,COHORT023,0,0,0,9,5,2,22,1,1,1,67.57,65.33,86.22,88.01,91.38,9.0,5.0,0.0,5,0,-58.39,38.84
EMP025,2026-01-26,25,Compliance Officer,Bangalore,COHORT023,0,0,0,75,52,23,200,1,1,1,67.43,63.08,0.0,0.0,0.0,75.0,52.0,0.0,5,0,7.61,38.84
EMP025,2026-01-27,26,Compliance Officer,Bangalore,COHORT023,0,0,0,103,60,27,262,1,1,1,65.86,63.54,0.0,0.0,0.0,103.0,60.0,0.0,5,0,35.61,38.84
EMP025,2026-01-28,27,Compliance Officer,Bangalore,COHORT023,0,0,0,129,47,23,267,1,1,1,68.57,65.0,0.0,0.0,0.0,129.0,47.0,0.0,5,0,61.61,38.84
EMP025,2026-01-29,28,Compliance Officer,Bangalore,COHORT023,0,0,0,93,67,31,252,1,1,1,75.43,67.29,0.0,0.0,0.0,93.0,67.0,0.0,5,0,25.61,38.84
EMP025,2026-01-30,29,Compliance Officer,Bangalore,COHORT023,0,0,0,118,62,25,276,1,1,1,71.71,68.17,0.0,0.0,0.0,118.0,62.0,0.0,5,0,50.61,38.84
EMP025,2026-01-31,30,Compliance Officer,Bangalore,COHORT023,0,0,0,3,1,1,7,1,1,1,78.57,69.83,95.7,97.68,95.64,3.0,1.0,0.0,5,0,-64.39,38.84
EMP025,2026-02-01,31,Compliance Officer,Bangalore,COHORT023,0,0,0,6,3,1,12,1,1,1,75.71,67.17,91.07,92.77,95.5,6.0,3.0,0.0,5,0,-61.39,38.84
EMP025,2026-02-02,32,Compliance Officer,Bangalore,COHORT023,0,0,0,69,74,22,223,1,1,1,75.29,65.17,0.0,0.0,0.0,69.0,74.0,0.0,5,0,1.61,38.84
EMP025,2026-02-03,33,Compliance Officer,Bangalore,COHORT023,0,0,0,66,53,38,247,1,1,1,74.43,67.3,1.93,0.0,0.0,66.0,53.0,0.0,5,0,-1.39,38.84
EMP025,2026-02-04,34,Compliance Officer,Bangalore,COHORT023,0,0,0,105,54,37,268,1,1,1,69.14,68.93,0.0,0.0,0.0,105.0,54.0,0.0,5,0,37.61,38.84
EMP025,2026-02-05,35,Compliance Officer,Bangalore,COHORT023,0,0,0,101,71,27,273,1,1,1,65.71,69.3,0.0,0.0,0.0,101.0,71.0,0.0,5,0,33.61,38.84
EMP025,2026-02-06,36,Compliance Officer,Bangalore,COHORT023,0,0,0,103,68,28,263,1,1,1,66.86,69.6,0.0,0.0,0.0,103.0,68.0,0.0,5,0,35.61,38.84
EMP025,2026-02-07,37,Compliance Officer,Bangalore,COHORT023,0,0,0,7,3,1,15,1,1,1,64.71,70.1,90.01,93.23,95.59,7.0,3.0,0.0,5,0,-60.39,38.84
EMP025,2026-02-08,38,Compliance Officer,Bangalore,COHORT023,0,0,0,22,14,7,58,1,1,1,65.29,67.03,67.18,66.82,67.99,22.0,14.0,0.0,5,0,-45.39,38.84
EMP025,2026-02-09,39,Compliance Officer,Bangalore,COHORT023,0,0,0,91,65,22,241,1,1,1,67.57,65.53,0.0,0.0,0.0,91.0,65.0,0.0,5,0,23.61,38.84
EMP025,2026-02-10,40,Compliance Officer,Bangalore,COHORT023,0,0,0,73,64,40,247,1,1,1,70.71,68.03,0.0,0.0,0.0,73.0,64.0,0.0,5,0,5.61,38.84
EMP025,2026-02-11,41,Compliance Officer,Bangalore,COHORT023,0,0,0,71,46,40,225,1,1,1,71.71,70.2,0.0,0.0,0.0,71.0,46.0,0.0,5,0,3.61,38.84
EMP025,2026-02-12,42,Compliance Officer,Bangalore,COHORT023,0,0,0,85,47,36,235,1,1,1,66.86,69.2,0.0,0.0,0.0,85.0,47.0,0.0,5,0,17.61,38.84
EMP025,2026-02-13,43,Compliance Officer,Bangalore,COHORT023,0,0,0,91,46,20,242,1,1,1,64.57,68.77,0.0,0.0,12.93,91.0,46.0,0.0,5,0,23.61,38.84
EMP025,2026-02-14,44,Compliance Officer,Bangalore,COHORT023,0,0,0,6,4,2,17,1,1,1,62.86,69.17,91.33,90.94,91.14,6.0,4.0,0.0,5,0,-61.39,38.84
EMP025,2026-02-15,45,Compliance Officer,Bangalore,COHORT023,0,0,0,22,13,7,56,1,1,1,62.71,66.57,66.95,69.6,67.64,22.0,13.0,0.0,5,0,-45.39,38.84
EMP025,2026-02-16,46,Compliance Officer,Bangalore,COHORT023,0,0,0,64,61,36,232,1,1,1,62.71,64.43,0.67,0.0,0.0,64.0,61.0,0.0,5,0,-3.39,38.84
EMP025,2026-02-17,47,Compliance Officer,Bangalore,COHORT023,0,0,0,109,61,31,264,1,1,1,58.86,66.17,0.0,0.0,0.0,109.0,61.0,0.0,5,0,41.61,38.84
EMP025,2026-02-18,48,Compliance Officer,Bangalore,COHORT023,0,0,0,73,68,34,219,1,1,1,64.0,69.47,0.0,0.0,0.0,73.0,68.0,0.0,5,0,5.61,38.84
EMP025,2026-02-19,49,Compliance Officer,Bangalore,COHORT023,0,0,0,79,62,37,234,1,1,1,64.29,69.03,0.0,0.0,0.0,79.0,62.0,0.0,5,0,11.61,38.84
EMP025,2026-02-20,50,Compliance Officer,Bangalore,COHORT023,0,0,0,119,64,24,270,1,1,1,63.43,68.87,0.0,0.0,0.0,119.0,64.0,0.0,5,0,51.61,38.84
EMP025,2026-02-21,51,Compliance Officer,Bangalore,COHORT023,0,0,0,11,7,3,28,1,1,1,67.43,70.13,84.31,84.84,86.71,11.0,7.0,0.0,5,0,-56.39,38.84
EMP025,2026-02-22,52,Compliance Officer,Bangalore,COHORT023,0,0,0,11,7,4,33,1,1,1,68.14,66.53,83.47,84.13,81.71,11.0,7.0,0.0,5,0,-56.39,38.84
EMP025,2026-02-23,53,Compliance Officer,Bangalore,COHORT023,0,0,0,68,42,21,183,1,1,1,66.57,64.57,0.0,0.17,1.08,68.0,42.0,0.0,5,0,0.61,38.84
EMP025,2026-02-24,54,Compliance Officer,Bangalore,COHORT023,0,0,0,74,49,26,213,1,1,1,67.14,66.07,0.0,0.0,0.0,74.0,49.0,0.0,5,0,6.61,38.84
EMP025,2026-02-25,55,Compliance Officer,Bangalore,COHORT023,0,0,0,123,64,19,270,1,1,1,62.14,68.23,0.0,0.0,15.44,123.0,64.0,0.0,5,0,55.61,38.84
EMP025,2026-02-26,56,Compliance Officer,Bangalore,COHORT023,0,0,0,79,47,27,217,1,1,1,69.29,69.83,0.0,0.0,0.0,79.0,47.0,0.0,5,0,11.61,38.84
EMP025,2026-02-27,57,Compliance Officer,Bangalore,COHORT023,0,0,0,106,72,36,283,1,1,1,69.29,69.03,0.0,0.0,0.0,106.0,72.0,0.0,5,0,38.61,38.84
EMP025,2026-02-28,58,Compliance Officer,Bangalore,COHORT023,0,0,0,12,8,4,34,1,1,1,67.43,68.27,82.42,82.34,82.43,12.0,8.0,0.0,5,0,-55.39,38.84
EMP025,2026-03-01,59,Compliance Officer,Bangalore,COHORT023,0,0,0,21,13,6,58,1,1,1,67.57,65.57,67.97,70.0,72.57,21.0,13.0,0.0,5,0,-46.39,38.84
EMP025,2026-03-02,60,Compliance Officer,Bangalore,COHORT023,0,0,0,88,43,31,231,1,1,1,69.0,62.33,0.0,0.0,0.0,88.0,43.0,0.0,5,0,20.61,38.84
EMP025,2026-03-03,61,Compliance Officer,Bangalore,COHORT023,0,0,0,93,55,40,245,1,1,1,71.86,65.17,0.0,0.0,0.0,93.0,55.0,0.0,5,0,25.61,38.84
EMP025,2026-03-04,62,Compliance Officer,Bangalore,COHORT023,0,0,0,87,50,26,220,1,1,1,74.57,68.07,0.0,0.0,0.0,87.0,50.0,0.0,5,0,19.61,38.84
EMP025,2026-03-05,63,Compliance Officer,Bangalore,COHORT023,0,0,0,75,67,29,226,1,1,1,69.43,68.67,0.0,0.0,0.0,75.0,67.0,0.0,5,0,7.61,38.84
EMP025,2026-03-06,64,Compliance Officer,Bangalore,COHORT023,0,0,0,75,53,22,217,1,1,1,68.86,68.97,0.0,0.0,5.86,75.0,53.0,0.0,5,0,7.61,38.84
EMP025,2026-03-07,65,Compliance Officer,Bangalore,COHORT023,0,0,0,10,5,2,22,1,1,1,64.43,67.97,85.29,88.76,91.25,10.0,5.0,0.0,5,0,-57.39,38.84
EMP025,2026-03-08,66,Compliance Officer,Bangalore,COHORT023,0,0,0,3,2,0,7,1,1,1,64.14,64.93,95.38,95.27,100.0,3.0,2.0,20.0,4,1,-64.39,38.84
EMP025,2026-03-09,67,Compliance Officer,Bangalore,COHORT023,0,0,0,74,49,33,236,1,1,2,61.57,61.6,0.0,0.0,0.0,74.0,49.0,0.0,5,0,6.61,38.84
EMP025,2026-03-10,68,Compliance Officer,Bangalore,COHORT023,0,0,0,84,56,37,246,1,1,1,59.57,63.83,0.0,0.0,0.0,84.0,56.0,0.0,5,0,16.61,38.84
EMP025,2026-03-11,69,Compliance Officer,Bangalore,COHORT023,0,0,0,121,35,29,243,1,1,1,58.29,65.9,0.0,18.6,0.0,121.0,35.0,0.0,5,0,53.61,38.84
EMP025,2026-03-12,70,Compliance Officer,Bangalore,COHORT023,0,0,0,76,64,35,263,1,1,1,63.14,66.9,0.0,0.0,0.0,76.0,64.0,0.0,5,0,8.61,38.84
EMP025,2026-03-13,71,Compliance Officer,Bangalore,COHORT023,0,0,0,72,67,41,244,1,1,1,63.29,67.0,0.0,0.0,0.0,72.0,67.0,0.0,5,0,4.61,38.84
EMP025,2026-03-14,72,Compliance Officer,Bangalore,COHORT023,0,0,0,9,5,1,18,1,1,1,62.86,67.03,86.57,88.29,95.7,9.0,5.0,0.0,5,0,-58.39,38.84
EMP025,2026-03-15,73,Compliance Officer,Bangalore,COHORT023,0,0,0,10,9,3,31,1,1,1,62.71,64.5,84.5,78.21,86.43,10.0,9.0,0.0,5,0,-57.39,38.84
EMP025,2026-03-16,74,Compliance Officer,Bangalore,COHORT023,0,0,0,113,68,45,296,1,1,1,63.71,61.8,0.0,0.0,0.0,113.0,68.0,0.0,5,0,45.61,38.84
EMP025,2026-03-17,75,Compliance Officer,Bangalore,COHORT023,0,0,0,115,57,25,257,1,1,1,69.29,65.37,0.0,0.0,0.0,115.0,57.0,0.0,5,0,47.61,38.84
EMP025,2026-03-18,76,Compliance Officer,Bangalore,COHORT023,0,0,0,88,63,30,265,1,1,1,73.71,68.47,0.0,0.0,0.0,88.0,63.0,0.0,5,0,20.61,38.84
EMP025,2026-03-19,77,Compliance Officer,Bangalore,COHORT023,0,0,0,73,55,38,237,1,1,1,69.0,69.27,0.0,0.0,0.0,73.0,55.0,0.0,5,0,5.61,38.84
EMP025,2026-03-20,78,Compliance Officer,Bangalore,COHORT023,0,0,0,90,59,35,260,1,1,1,68.57,68.07,0.0,0.0,0.0,90.0,59.0,0.0,5,0,22.61,38.84
EMP025,2026-03-21,79,Compliance Officer,Bangalore,COHORT023,0,0,0,4,2,1,10,1,1,1,71.14,68.63,94.17,95.37,95.77,4.0,2.0,0.0,5,0,-63.39,38.84
EMP025,2026-03-22,80,Compliance Officer,Bangalore,COHORT023,0,0,0,20,15,7,56,1,1,1,70.43,66.13,69.76,63.62,68.79,20.0,15.0,0.0,5,0,-47.39,38.84
EMP025,2026-03-23,81,Compliance Officer,Bangalore,COHORT023,0,0,0,123,62,38,285,1,1,1,71.86,62.83,0.0,0.0,0.0,123.0,62.0,0.0,5,0,55.61,38.84
EMP025,2026-03-24,82,Compliance Officer,Bangalore,COHORT023,0,0,0,118,49,33,265,1,1,1,73.29,66.57,0.0,0.0,0.0,118.0,49.0,0.0,5,0,50.61,38.84
EMP025,2026-03-25,83,Compliance Officer,Bangalore,COHORT023,0,0,0,88,38,30,226,1,1,1,73.71,70.13,0.0,11.28,0.0,88.0,38.0,0.0,5,0,20.61,38.84
EMP025,2026-03-26,84,Compliance Officer,Bangalore,COHORT023,0,0,0,72,66,25,214,1,1,1,73.71,70.8,0.0,0.0,0.0,72.0,66.0,0.0,5,0,4.61,38.84
EMP025,2026-03-27,85,Compliance Officer,Bangalore,COHORT023,0,0,0,95,40,28,246,1,1,1,73.57,70.73,0.0,7.56,0.0,95.0,40.0,0.0,5,0,27.61,38.84
EMP025,2026-03-28,86,Compliance Officer,Bangalore,COHORT023,0,0,0,3,2,1,7,1,1,1,74.29,69.8,95.7,95.29,95.93,3.0,2.0,20.0,4,1,-64.39,38.84
EMP025,2026-03-29,87,Compliance Officer,Bangalore,COHORT023,0,0,0,10,5,1,21,1,1,1,74.14,67.27,85.13,87.8,95.78,10.0,5.0,0.0,5,0,-57.39,38.84
EMP025,2026-03-30,88,Compliance Officer,Bangalore,COHORT023,0,0,0,92,63,27,249,1,1,1,72.71,64.07,0.0,0.0,0.0,92.0,63.0,0.0,5,0,24.61,38.84
EMP025,2026-03-31,89,Compliance Officer,Bangalore,COHORT023,0,0,0,119,70,34,289,1,1,1,68.29,66.73,0.0,0.0,0.0,119.0,70.0,0.0,5,0,51.61,38.84
EMP026,2026-01-01,0,Compliance Officer,Mumbai,COHORT024,0,0,0,98,52,27,229,1,1,1,0.0,0.0,0.0,0.0,0.0,98.0,52.0,0.0,5,0,27.24,42.01
EMP026,2026-01-02,1,Compliance Officer,Mumbai,COHORT024,0,0,0,125,43,32,264,1,1,1,98.0,98.0,0.0,17.31,0.0,125.0,43.0,0.0,5,0,54.24,42.01
EMP026,2026-01-03,2,Compliance Officer,Mumbai,COHORT024,0,0,0,9,8,2,27,1,1,1,111.5,111.5,91.93,83.16,93.22,9.0,8.0,0.0,5,0,-61.76,42.01
EMP026,2026-01-04,3,Compliance Officer,Mumbai,COHORT024,0,0,0,6,3,2,16,1,1,1,77.33,77.33,92.24,91.26,90.16,6.0,3.0,0.0,5,0,-64.76,42.01
EMP026,2026-01-05,4,Compliance Officer,Mumbai,COHORT024,0,0,0,79,58,32,235,1,1,1,59.5,59.5,0.0,0.0,0.0,79.0,58.0,0.0,5,0,8.24,42.01
EMP026,2026-01-06,5,Compliance Officer,Mumbai,COHORT024,0,0,0,85,73,24,273,1,1,1,63.4,63.4,0.0,0.0,0.0,85.0,73.0,0.0,5,0,14.24,42.01
EMP026,2026-01-07,6,Compliance Officer,Mumbai,COHORT024,0,0,0,90,65,26,239,1,1,1,67.0,67.0,0.0,0.0,0.0,90.0,65.0,0.0,5,0,19.24,42.01
EMP026,2026-01-08,7,Compliance Officer,Mumbai,COHORT024,0,0,0,123,46,37,269,1,1,1,70.29,70.29,0.0,0.0,0.0,123.0,46.0,0.0,5,0,52.24,42.01
EMP026,2026-01-09,8,Compliance Officer,Mumbai,COHORT024,0,0,0,84,72,31,257,1,1,1,73.86,76.88,0.0,0.0,0.0,84.0,72.0,0.0,5,0,13.24,42.01
EMP026,2026-01-10,9,Compliance Officer,Mumbai,COHORT024,0,0,0,7,5,3,19,1,1,1,68.0,77.67,90.99,89.29,87.33,7.0,5.0,0.0,5,0,-63.76,42.01
EMP026,2026-01-11,10,Compliance Officer,Mumbai,COHORT024,0,0,0,1,0,0,1,1,1,1,67.71,70.6,98.58,100.0,100.0,1.0,0.0,80.0,1,4,-69.76,42.01
EMP026,2026-01-12,11,Compliance Officer,Mumbai,COHORT024,0,0,0,116,40,39,267,1,2,2,67.0,64.27,0.0,0.0,0.0,116.0,40.0,0.0,5,0,45.24,42.01
EMP026,2026-01-13,12,Compliance Officer,Mumbai,COHORT024,0,0,0,112,44,26,254,1,1,1,72.29,68.58,0.0,0.0,0.0,112.0,44.0,0.0,5,0,41.24,42.01
EMP026,2026-01-14,13,Compliance Officer,Mumbai,COHORT024,0,0,0,73,41,31,194,1,1,1,76.14,71.92,0.0,0.0,0.0,73.0,41.0,0.0,5,0,2.24,42.01
EMP026,2026-01-15,14,Compliance Officer,Mumbai,COHORT024,0,0,0,101,41,28,221,1,1,1,73.71,72.0,0.0,0.0,0.0,101.0,41.0,0.0,5,0,30.24,42.01
EMP026,2026-01-16,15,Compliance Officer,Mumbai,COHORT024,0,0,0,128,58,26,283,1,1,1,70.57,73.93,0.0,0.0,0.0,128.0,58.0,0.0,5,0,57.24,42.01
EMP026,2026-01-17,16,Compliance Officer,Mumbai,COHORT024,0,0,0,19,7,5,44,1,1,1,76.86,77.31,75.42,82.74,78.15,19.0,7.0,0.0,5,0,-51.76,42.01
EMP026,2026-01-18,17,Compliance Officer,Mumbai,COHORT024,0,0,0,6,6,3,21,1,1,1,78.57,73.88,91.88,84.45,86.25,6.0,6.0,0.0,5,0,-64.76,42.01
EMP026,2026-01-19,18,Compliance Officer,Mumbai,COHORT024,0,0,0,98,60,27,252,1,1,1,79.29,70.11,0.0,0.0,0.0,98.0,60.0,0.0,5,0,27.24,42.01
EMP026,2026-01-20,19,Compliance Officer,Mumbai,COHORT024,0,0,0,94,41,40,244,1,1,1,76.71,71.58,0.0,0.0,0.0,94.0,41.0,0.0,5,0,23.24,42.01
EMP026,2026-01-21,20,Compliance Officer,Mumbai,COHORT024,0,0,0,106,50,22,268,1,1,1,74.14,72.7,0.0,0.0,0.23,106.0,50.0,0.0,5,0,35.24,42.01
EMP026,2026-01-22,21,Compliance Officer,Mumbai,COHORT024,0,0,0,74,63,21,220,1,1,1,78.86,74.29,0.39,0.0,4.76,74.0,63.0,0.0,5,0,3.24,42.01
EMP026,2026-01-23,22,Compliance Officer,Mumbai,COHORT024,0,0,0,118,46,42,286,1,1,1,75.0,74.27,0.0,0.0,0.0,118.0,46.0,0.0,5,0,47.24,42.01
EMP026,2026-01-24,23,Compliance Officer,Mumbai,COHORT024,0,0,0,4,3,1,10,1,1,1,73.57,76.17,94.75,92.52,95.63,4.0,3.0,20.0,4,1,-66.76,42.01
EMP026,2026-01-25,24,Compliance Officer,Mumbai,COHORT024,0,0,0,9,5,2,23,1,1,1,71.43,73.17,87.7,87.03,90.89,9.0,5.0,0.0,5,0,-61.76,42.01
EMP026,2026-01-26,25,Compliance Officer,Mumbai,COHORT024,0,0,0,73,58,31,236,1,1,1,71.86,70.6,0.0,0.0,0.0,73.0,58.0,0.0,5,0,2.24,42.01
EMP026,2026-01-27,26,Compliance Officer,Mumbai,COHORT024,0,0,0,100,56,24,245,1,1,1,68.29,70.69,0.0,0.0,0.0,100.0,56.0,0.0,5,0,29.24,42.01
EMP026,2026-01-28,27,Compliance Officer,Mumbai,COHORT024,0,0,0,112,74,38,282,1,1,1,69.14,71.78,0.0,0.0,0.0,112.0,74.0,0.0,5,0,41.24,42.01
EMP026,2026-01-29,28,Compliance Officer,Mumbai,COHORT024,0,0,0,68,63,21,229,1,1,1,70.0,73.21,7.12,0.0,5.45,68.0,63.0,0.0,5,0,-2.76,42.01
EMP026,2026-01-30,29,Compliance Officer,Mumbai,COHORT024,0,0,0,91,59,36,253,1,1,1,69.14,73.03,0.0,0.0,0.0,91.0,59.0,0.0,5,0,20.24,42.01
EMP026,2026-01-31,30,Compliance Officer,Mumbai,COHORT024,0,0,0,10,7,4,30,1,1,1,65.29,73.63,86.42,83.06,82.32,10.0,7.0,0.0,5,0,-60.76,42.01
EMP026,2026-02-01,31,Compliance Officer,Mumbai,COHORT024,0,0,0,8,6,2,20,1,1,1,66.14,70.7,88.68,84.94,90.86,8.0,6.0,0.0,5,0,-62.76,42.01
EMP026,2026-02-02,32,Compliance Officer,Mumbai,COHORT024,0,0,0,86,58,32,247,1,1,1,66.0,66.8,0.0,0.0,0.0,86.0,58.0,0.0,5,0,15.24,42.01
EMP026,2026-02-03,33,Compliance Officer,Mumbai,COHORT024,0,0,0,111,56,23,272,1,1,1,67.86,69.37,0.0,0.0,0.0,111.0,56.0,0.0,5,0,40.24,42.01
EMP026,2026-02-04,34,Compliance Officer,Mumbai,COHORT024,0,0,0,91,52,35,227,1,1,1,69.43,72.87,0.0,0.0,0.0,91.0,52.0,0.0,5,0,20.24,42.01
EMP026,2026-02-05,35,Compliance Officer,Mumbai,COHORT024,0,0,0,98,60,25,259,1,1,1,66.43,73.27,0.0,0.0,0.0,98.0,60.0,0.0,5,0,27.24,42.01
EMP026,2026-02-06,36,Compliance Officer,Mumbai,COHORT024,0,0,0,123,49,28,264,1,1,1,70.71,73.7,0.0,0.0,0.0,123.0,49.0,0.0,5,0,52.24,42.01
EMP026,2026-02-07,37,Compliance Officer,Mumbai,COHORT024,0,0,0,1,0,0,1,1,1,1,75.29,74.8,98.66,100.0,100.0,1.0,0.0,80.0,1,4,-69.76,42.01
EMP026,2026-02-08,38,Compliance Officer,Mumbai,COHORT024,0,0,0,13,8,4,32,1,2,2,74.0,70.73,81.62,79.66,81.42,13.0,8.0,0.0,5,0,-57.76,42.01
EMP026,2026-02-09,39,Compliance Officer,Mumbai,COHORT024,0,0,0,126,63,23,264,1,1,1,74.71,68.37,0.0,0.0,0.0,126.0,63.0,0.0,5,0,55.24,42.01
EMP026,2026-02-10,40,Compliance Officer,Mumbai,COHORT024,0,0,0,93,72,29,273,1,1,1,80.43,72.33,0.0,0.0,0.0,93.0,72.0,0.0,5,0,22.24,42.01
EMP026,2026-02-11,41,Compliance Officer,Mumbai,COHORT024,0,0,0,122,67,27,292,1,1,1,77.86,75.4,0.0,0.0,0.0,122.0,67.0,0.0,5,0,51.24,42.01
EMP026,2026-02-12,42,Compliance Officer,Mumbai,COHORT024,0,0,0,99,53,39,248,1,1,1,82.29,75.6,0.0,0.0,0.0,99.0,53.0,0.0,5,0,28.24,42.01
EMP026,2026-02-13,43,Compliance Officer,Mumbai,COHORT024,0,0,0,96,42,21,213,1,1,1,82.43,75.17,0.0,1.71,5.83,96.0,42.0,0.0,5,0,25.24,42.01
EMP026,2026-02-14,44,Compliance Officer,Mumbai,COHORT024,0,0,0,9,6,2,22,1,1,1,78.57,75.93,88.15,85.97,90.9,9.0,6.0,0.0,5,0,-61.76,42.01
EMP026,2026-02-15,45,Compliance Officer,Mumbai,COHORT024,0,0,0,6,4,2,14,1,1,1,79.71,72.87,91.77,90.38,90.52,6.0,4.0,0.0,5,0,-64.76,42.01
EMP026,2026-02-16,46,Compliance Officer,Mumbai,COHORT024,0,0,0,70,58,25,232,1,1,1,78.71,68.8,0.0,0.0,0.0,70.0,58.0,0.0,5,0,-0.76,42.01
EMP026,2026-02-17,47,Compliance Officer,Mumbai,COHORT024,0,0,0,116,64,26,277,1,1,1,70.71,70.5,0.0,0.0,0.0,116.0,64.0,0.0,5,0,45.24,42.01
EMP026,2026-02-18,48,Compliance Officer,Mumbai,COHORT024,0,0,0,105,70,29,259,1,1,1,74.0,74.17,0.0,0.0,0.0,105.0,70.0,0.0,5,0,34.24,42.01
EMP026,2026-02-19,49,Compliance Officer,Mumbai,COHORT024,0,0,0,99,44,35,242,1,1,1,71.57,74.4,0.0,0.0,0.0,99.0,44.0,0.0,5,0,28.24,42.01
EMP026,2026-02-20,50,Compliance Officer,Mumbai,COHORT024,0,0,0,80,41,30,216,1,1,1,71.57,74.57,0.0,6.54,0.0,80.0,41.0,0.0,5,0,9.24,42.01
EMP026,2026-02-21,51,Compliance Officer,Mumbai,COHORT024,0,0,0,18,10,3,43,1,1,1,69.29,73.7,75.58,77.05,86.3,18.0,10.0,0.0,5,0,-52.76,42.01
EMP026,2026-02-22,52,Compliance Officer,Mumbai,COHORT024,0,0,0,0,0,0,0,1,1,1,70.57,71.83,100.0,100.0,100.0,0.0,0.0,100.0,0,5,-70.76,42.01
EMP026,2026-02-23,53,Compliance Officer,Mumbai,COHORT024,0,0,0,96,44,28,242,2,2,2,69.71,67.9,0.0,0.0,0.0,96.0,44.0,0.0,5,0,25.24,42.01
EMP026,2026-02-24,54,Compliance Officer,Mumbai,COHORT024,0,0,0,105,61,25,258,1,1,1,73.43,70.97,0.0,0.0,0.0,105.0,61.0,0.0,5,0,34.24,42.01
EMP026,2026-02-25,55,Compliance Officer,Mumbai,COHORT024,0,0,0,119,41,37,272,1,1,1,71.86,74.17,0.0,5.75,0.0,119.0,41.0,0.0,5,0,48.24,42.01
EMP026,2026-02-26,56,Compliance Officer,Mumbai,COHORT024,0,0,0,74,48,44,237,1,1,1,73.86,75.7,2.25,0.0,0.0,74.0,48.0,0.0,5,0,3.24,42.01
EMP026,2026-02-27,57,Compliance Officer,Mumbai,COHORT024,0,0,0,110,47,29,286,1,1,1,70.29,74.83,0.0,0.0,0.0,110.0,47.0,0.0,5,0,39.24,42.01
EMP026,2026-02-28,58,Compliance Officer,Mumbai,COHORT024,0,0,0,9,5,3,23,1,1,1,74.57,74.77,87.96,88.03,86.44,9.0,5.0,0.0,5,0,-61.76,42.01
EMP026,2026-03-01,59,Compliance Officer,Mumbai,COHORT024,0,0,0,5,5,2,16,1,1,1,73.29,72.8,93.13,87.45,90.71,5.0,5.0,0.0,5,0,-65.76,42.01
EMP026,2026-03-02,60,Compliance Officer,Mumbai,COHORT024,0,0,0,72,79,34,274,1,1,1,74.0,69.93,0.0,0.0,0.0,72.0,79.0,0.0,5,0,1.24,42.01
EMP026,2026-03-03,61,Compliance Officer,Mumbai,COHORT024,0,0,0,67,62,23,242,1,1,1,70.57,72.0,6.94,0.0,0.0,67.0,62.0,0.0,5,0,-3.76,42.01
EMP026,2026-03-04,62,Compliance Officer,Mumbai,COHORT024,0,0,0,98,56,32,240,1,1,1,65.14,73.97,0.0,0.0,0.0,98.0,56.0,0.0,5,0,27.24,42.01
EMP026,2026-03-05,63,Compliance Officer,Mumbai,COHORT024,0,0,0,109,51,41,279,1,1,1,62.14,74.37,0.0,0.0,0.0,109.0,51.0,0.0,5,0,38.24,42.01
EMP026,2026-03-06,64,Compliance Officer,Mumbai,COHORT024,0,0,0,96,45,22,238,1,1,1,67.14,74.3,0.0,0.0,3.08,96.0,45.0,0.0,5,0,25.24,42.01
EMP026,2026-03-07,65,Compliance Officer,Mumbai,COHORT024,0,0,0,3,2,0,7,1,1,1,65.14,74.47,95.97,95.22,100.0,3.0,2.0,20.0,4,1,-67.76,42.01
EMP026,2026-03-08,66,Compliance Officer,Mumbai,COHORT024,0,0,0,10,7,3,26,1,1,2,64.29,71.3,85.97,82.46,86.0,10.0,7.0,0.0,5,0,-60.76,42.01
EMP026,2026-03-09,67,Compliance Officer,Mumbai,COHORT024,0,0,0,99,41,23,227,1,1,1,65.0,67.53,0.0,0.0,0.0,99.0,41.0,0.0,5,0,28.24,42.01
EMP026,2026-03-10,68,Compliance Officer,Mumbai,COHORT024,0,0,0,102,55,26,254,1,1,1,68.86,70.8,0.0,0.0,0.0,102.0,55.0,0.0,5,0,31.24,42.01
EMP026,2026-03-11,69,Compliance Officer,Mumbai,COHORT024,0,0,0,75,52,22,227,1,1,1,73.86,73.77,0.0,0.0,0.45,75.0,52.0,0.0,5,0,4.24,42.01
EMP026,2026-03-12,70,Compliance Officer,Mumbai,COHORT024,0,0,0,77,40,26,200,1,1,1,70.57,72.07,0.0,2.61,0.0,77.0,40.0,0.0,5,0,6.24,42.01
EMP026,2026-03-13,71,Compliance Officer,Mumbai,COHORT024,0,0,0,87,63,26,239,1,1,1,66.0,71.53,0.0,0.0,0.0,87.0,63.0,0.0,5,0,16.24,42.01
EMP026,2026-03-14,72,Compliance Officer,Mumbai,COHORT024,0,0,0,17,8,5,39,1,1,1,64.71,70.37,75.84,79.93,77.2,17.0,8.0,0.0,5,0,-53.76,42.01
EMP026,2026-03-15,73,Compliance Officer,Mumbai,COHORT024,0,0,0,4,2,1,9,1,1,1,66.71,67.63,94.09,94.79,95.19,4.0,2.0,0.0,5,0,-66.76,42.01
EMP026,2026-03-16,74,Compliance Officer,Mumbai,COHORT024,0,0,0,77,53,26,232,1,1,1,65.86,64.57,0.0,0.0,0.0,77.0,53.0,0.0,5,0,6.24,42.01
EMP026,2026-03-17,75,Compliance Officer,Mumbai,COHORT024,0,0,0,86,45,38,225,1,1,1,62.71,66.83,0.0,0.0,0.0,86.0,45.0,0.0,5,0,15.24,42.01
EMP026,2026-03-18,76,Compliance Officer,Mumbai,COHORT024,0,0,0,76,44,27,213,1,1,1,60.43,69.5,0.0,0.0,0.0,76.0,44.0,0.0,5,0,5.24,42.01
EMP026,2026-03-19,77,Compliance Officer,Mumbai,COHORT024,0,0,0,117,48,34,267,1,1,1,60.57,69.7,0.0,0.0,0.0,117.0,48.0,0.0,5,0,46.24,42.01
EMP026,2026-03-20,78,Compliance Officer,Mumbai,COHORT024,0,0,0,80,54,27,227,1,1,1,66.29,69.73,0.0,0.0,0.0,80.0,54.0,0.0,5,0,9.24,42.01
EMP026,2026-03-21,79,Compliance Officer,Mumbai,COHORT024,0,0,0,22,8,5,52,1,1,1,65.29,68.9,68.07,79.18,77.68,22.0,8.0,0.0,5,0,-48.76,42.01
EMP026,2026-03-22,80,Compliance Officer,Mumbai,COHORT024,0,0,0,11,6,5,33,1,1,1,66.0,66.33,83.42,83.88,76.64,11.0,6.0,0.0,5,0,-59.76,42.01
EMP026,2026-03-23,81,Compliance Officer,Mumbai,COHORT024,0,0,0,82,64,27,231,1,1,1,67.0,64.03,0.0,0.0,0.0,82.0,64.0,0.0,5,0,11.24,42.01
EMP026,2026-03-24,82,Compliance Officer,Mumbai,COHORT024,0,0,0,84,58,39,255,1,1,1,67.71,66.17,0.0,0.0,0.0,84.0,58.0,0.0,5,0,13.24,42.01
EMP026,2026-03-25,83,Compliance Officer,Mumbai,COHORT024,0,0,0,74,51,30,213,1,1,1,67.43,68.97,0.0,0.0,0.0,74.0,51.0,0.0,5,0,3.24,42.01
EMP026,2026-03-26,84,Compliance Officer,Mumbai,COHORT024,0,0,0,89,73,40,264,1,1,1,67.14,68.23,0.0,0.0,0.0,89.0,73.0,0.0,5,0,18.24,42.01
EMP026,2026-03-27,85,Compliance Officer,Mumbai,COHORT024,0,0,0,112,43,20,251,1,1,1,63.14,67.7,0.0,0.0,13.9,112.0,43.0,0.0,5,0,41.24,42.01
EMP026,2026-03-28,86,Compliance Officer,Mumbai,COHORT024,0,0,0,11,5,3,28,1,1,1,67.71,67.47,83.7,87.65,86.77,11.0,5.0,0.0,5,0,-59.76,42.01
EMP026,2026-03-29,87,Compliance Officer,Mumbai,COHORT024,0,0,0,19,10,8,49,1,1,1,66.14,65.37,70.93,74.4,62.44,19.0,10.0,0.0,5,0,-51.76,42.01
EMP026,2026-03-30,88,Compliance Officer,Mumbai,COHORT024,0,0,0,128,58,21,286,1,1,1,67.29,62.33,0.0,0.0,0.0,128.0,58.0,0.0,5,0,57.24,42.01
EMP026,2026-03-31,89,Compliance Officer,Mumbai,COHORT024,0,0,0,77,62,28,248,1,1,1,73.86,66.3,0.0,0.0,0.0,77.0,62.0,0.0,5,0,6.24,42.01
EMP027,2026-01-01,0,Compliance Officer,Surat,COHORT025,0,0,0,110,83,34,298,1,1,1,0.0,0.0,0.0,0.0,0.0,110.0,83.0,0.0,5,0,39.53,39.68
EMP027,2026-01-02,1,Compliance Officer,Surat,COHORT025,0,0,0,140,48,20,278,1,1,1,110.0,110.0,0.0,42.17,41.18,140.0,48.0,0.0,5,0,69.53,39.68
EMP027,2026-01-03,2,Compliance Officer,Surat,COHORT025,0,0,0,15,12,8,44,1,1,1,125.0,125.0,88.0,81.68,70.37,15.0,12.0,0.0,5,0,-55.47,39.68
EMP027,2026-01-04,3,Compliance Officer,Surat,COHORT025,0,0,0,3,1,0,5,1,1,1,88.33,88.33,96.6,97.9,100.0,3.0,1.0,40.0,3,2,-67.47,39.68
EMP027,2026-01-05,4,Compliance Officer,Surat,COHORT025,0,0,0,100,38,29,240,1,1,2,67.0,67.0,0.0,0.0,0.0,100.0,38.0,0.0,5,0,29.53,39.68
EMP027,2026-01-06,5,Compliance Officer,Surat,COHORT025,0,0,0,98,46,37,242,1,1,1,73.6,73.6,0.0,0.0,0.0,98.0,46.0,0.0,5,0,27.53,39.68
EMP027,2026-01-07,6,Compliance Officer,Surat,COHORT025,0,0,0,103,67,39,293,1,1,1,77.67,77.67,0.0,0.0,0.0,103.0,67.0,0.0,5,0,32.53,39.68
EMP027,2026-01-08,7,Compliance Officer,Surat,COHORT025,0,0,0,75,70,40,258,1,1,1,81.29,81.29,7.74,0.0,0.0,75.0,70.0,0.0,5,0,4.53,39.68
EMP027,2026-01-09,8,Compliance Officer,Surat,COHORT025,0,0,0,87,65,36,261,1,1,1,76.29,80.5,0.0,0.0,0.0,87.0,65.0,0.0,5,0,16.53,39.68
EMP027,2026-01-10,9,Compliance Officer,Surat,COHORT025,0,0,0,16,10,4,46,1,1,1,68.71,81.22,80.3,79.07,85.19,16.0,10.0,0.0,5,0,-54.47,39.68
EMP027,2026-01-11,10,Compliance Officer,Surat,COHORT025,0,0,0,0,0,0,0,1,1,1,68.86,74.7,100.0,100.0,100.0,0.0,0.0,100.0,0,5,-70.47,39.68
EMP027,2026-01-12,11,Compliance Officer,Surat,COHORT025,0,0,0,95,71,37,294,2,2,2,68.43,67.91,0.0,0.0,0.0,95.0,71.0,0.0,5,0,24.53,39.68
EMP027,2026-01-13,12,Compliance Officer,Surat,COHORT025,0,0,0,76,63,33,234,1,1,1,67.71,70.17,0.0,0.0,0.0,76.0,63.0,0.0,5,0,5.53,39.68
EMP027,2026-01-14,13,Compliance Officer,Surat,COHORT025,0,0,0,119,63,28,263,1,1,1,64.57,70.62,0.0,0.0,0.0,119.0,63.0,0.0,5,0,48.53,39.68
EMP027,2026-01-15,14,Compliance Officer,Surat,COHORT025,0,0,0,105,48,30,253,1,1,1,66.86,74.07,0.0,0.0,0.0,105.0,48.0,0.0,5,0,34.53,39.68
EMP027,2026-01-16,15,Compliance Officer,Surat,COHORT025,0,0,0,105,60,39,286,1,1,1,71.14,76.13,0.0,0.0,0.0,105.0,60.0,0.0,5,0,34.53,39.68
EMP027,2026-01-17,16,Compliance Officer,Surat,COHORT025,0,0,0,18,15,5,52,1,1,1,73.71,77.94,76.91,67.78,80.68,18.0,15.0,0.0,5,0,-52.47,39.68
EMP027,2026-01-18,17,Compliance Officer,Surat,COHORT025,0,0,0,5,3,2,13,1,1,1,74.0,74.41,93.28,93.29,91.89,5.0,3.0,0.0,5,0,-65.47,39.68
EMP027,2026-01-19,18,Compliance Officer,Surat,COHORT025,0,0,0,98,66,25,253,1,1,1,74.71,70.56,0.0,0.0,0.0,98.0,66.0,0.0,5,0,27.53,39.68
EMP027,2026-01-20,19,Compliance Officer,Surat,COHORT025,0,0,0,86,41,22,237,1,1,1,75.14,72.0,0.0,6.03,6.26,86.0,41.0,0.0,5,0,15.53,39.68
EMP027,2026-01-21,20,Compliance Officer,Surat,COHORT025,0,0,0,111,74,25,285,1,1,1,76.57,72.7,0.0,0.0,0.0,111.0,74.0,0.0,5,0,40.53,39.68
EMP027,2026-01-22,21,Compliance Officer,Surat,COHORT025,0,0,0,110,54,33,274,1,1,1,75.43,74.52,0.0,0.0,0.0,110.0,54.0,0.0,5,0,39.53,39.68
EMP027,2026-01-23,22,Compliance Officer,Surat,COHORT025,0,0,0,84,42,39,222,1,1,1,76.14,76.14,0.0,7.41,0.0,84.0,42.0,0.0,5,0,13.53,39.68
EMP027,2026-01-24,23,Compliance Officer,Surat,COHORT025,0,0,0,16,10,5,44,1,1,1,73.14,76.48,79.08,77.89,79.65,16.0,10.0,0.0,5,0,-54.47,39.68
EMP027,2026-01-25,24,Compliance Officer,Surat,COHORT025,0,0,0,1,0,0,1,1,1,1,72.86,73.96,98.65,100.0,100.0,1.0,0.0,80.0,1,4,-69.47,39.68
EMP027,2026-01-26,25,Compliance Officer,Surat,COHORT025,0,0,0,89,59,24,221,1,2,2,72.29,71.04,0.0,0.0,0.0,89.0,59.0,0.0,5,0,18.53,39.68
EMP027,2026-01-27,26,Compliance Officer,Surat,COHORT025,0,0,0,70,54,25,219,1,1,1,71.0,71.73,2.41,0.0,0.0,70.0,54.0,0.0,5,0,-0.47,39.68
EMP027,2026-01-28,27,Compliance Officer,Surat,COHORT025,0,0,0,82,61,41,245,1,1,1,68.71,71.67,0.0,0.0,0.0,82.0,61.0,0.0,5,0,11.53,39.68
EMP027,2026-01-29,28,Compliance Officer,Surat,COHORT025,0,0,0,112,61,25,262,1,1,1,64.57,72.04,0.0,0.0,0.0,112.0,61.0,0.0,5,0,41.53,39.68
EMP027,2026-01-30,29,Compliance Officer,Surat,COHORT025,0,0,0,77,37,35,220,1,1,1,64.86,73.41,0.0,16.5,0.0,77.0,37.0,0.0,5,0,6.53,39.68
EMP027,2026-01-31,30,Compliance Officer,Surat,COHORT025,0,0,0,0,0,0,0,1,1,1,63.86,73.53,100.0,100.0,100.0,0.0,0.0,100.0,0,5,-70.47,39.68
EMP027,2026-02-01,31,Compliance Officer,Surat,COHORT025,0,0,0,0,0,0,0,2,2,2,61.57,69.87,100.0,100.0,100.0,0.0,0.0,100.0,0,5,-70.47,39.68
EMP027,2026-02-02,32,Compliance Officer,Surat,COHORT025,0,0,0,71,58,33,224,3,3,3,61.43,65.2,0.0,0.0,0.0,71.0,58.0,0.0,5,0,0.53,39.68
EMP027,2026-02-03,33,Compliance Officer,Surat,COHORT025,0,0,0,94,40,39,253,1,1,1,58.86,67.07,0.0,2.98,0.0,94.0,40.0,0.0,5,0,23.53,39.68
EMP027,2026-02-04,34,Compliance Officer,Surat,COHORT025,0,0,0,75,38,31,201,1,1,1,62.29,70.1,0.0,10.65,0.0,75.0,38.0,0.0,5,0,4.53,39.68
EMP027,2026-02-05,35,Compliance Officer,Surat,COHORT025,0,0,0,69,62,19,215,1,1,1,61.29,69.27,0.39,0.0,22.13,69.0,62.0,0.0,5,0,-1.47,39.68
EMP027,2026-02-06,36,Compliance Officer,Surat,COHORT025,0,0,0,104,52,28,249,1,1,1,55.14,68.3,0.0,0.0,0.0,104.0,52.0,0.0,5,0,33.53,39.68
EMP027,2026-02-07,37,Compliance Officer,Surat,COHORT025,0,0,0,27,15,4,63,1,1,1,59.0,68.33,60.49,64.76,82.93,27.0,15.0,0.0,5,0,-43.47,39.68
EMP027,2026-02-08,38,Compliance Officer,Surat,COHORT025,0,0,0,16,14,4,49,1,1,1,62.86,66.73,76.02,65.63,82.01,16.0,14.0,0.0,5,0,-54.47,39.68
EMP027,2026-02-09,39,Compliance Officer,Surat,COHORT025,0,0,0,76,54,29,227,1,1,1,65.14,64.37,0.0,0.0,0.0,76.0,54.0,0.0,5,0,5.53,39.68
EMP027,2026-02-10,40,Compliance Officer,Surat,COHORT025,0,0,0,115,55,24,270,1,1,1,65.86,66.37,0.0,0.0,0.0,115.0,55.0,0.0,5,0,44.53,39.68
EMP027,2026-02-11,41,Compliance Officer,Surat,COHORT025,0,0,0,104,70,35,284,1,1,1,68.86,70.2,0.0,0.0,0.0,104.0,70.0,0.0,5,0,33.53,39.68
EMP027,2026-02-12,42,Compliance Officer,Surat,COHORT025,0,0,0,109,62,29,268,1,1,1,73.0,70.5,0.0,0.0,0.0,109.0,62.0,0.0,5,0,38.53,39.68
EMP027,2026-02-13,43,Compliance Officer,Surat,COHORT025,0,0,0,66,41,34,220,1,1,1,78.71,71.6,7.82,3.0,0.0,66.0,41.0,0.0,5,0,-4.47,39.68
EMP027,2026-02-14,44,Compliance Officer,Surat,COHORT025,0,0,0,18,12,4,44,1,1,1,73.29,69.83,74.22,71.11,82.46,18.0,12.0,0.0,5,0,-52.47,39.68
EMP027,2026-02-15,45,Compliance Officer,Surat,COHORT025,0,0,0,13,9,2,33,1,1,1,72.0,66.93,80.58,77.68,90.88,13.0,9.0,0.0,5,0,-57.47,39.68
EMP027,2026-02-16,46,Compliance Officer,Surat,COHORT025,0,0,0,84,53,34,231,1,1,1,71.57,63.87,0.0,0.0,0.0,84.0,53.0,0.0,5,0,13.53,39.68
EMP027,2026-02-17,47,Compliance Officer,Surat,COHORT025,0,0,0,122,69,42,305,1,1,1,72.71,66.07,0.0,0.0,0.0,122.0,69.0,0.0,5,0,51.53,39.68
EMP027,2026-02-18,48,Compliance Officer,Surat,COHORT025,0,0,0,66,41,35,213,1,1,1,73.71,69.97,5.67,2.61,0.0,66.0,41.0,0.0,5,0,-4.47,39.68
EMP027,2026-02-19,49,Compliance Officer,Surat,COHORT025,0,0,0,106,51,39,252,1,1,1,68.29,68.9,0.0,0.0,0.0,106.0,51.0,0.0,5,0,35.53,39.68
EMP027,2026-02-20,50,Compliance Officer,Surat,COHORT025,0,0,0,112,66,27,298,1,1,1,67.86,69.57,0.0,0.0,0.0,112.0,66.0,0.0,5,0,41.53,39.68
EMP027,2026-02-21,51,Compliance Officer,Surat,COHORT025,0,0,0,16,11,8,47,1,1,1,74.43,69.6,77.01,73.38,66.62,16.0,11.0,0.0,5,0,-54.47,39.68
EMP027,2026-02-22,52,Compliance Officer,Surat,COHORT025,0,0,0,16,8,4,39,1,1,1,74.14,66.47,75.93,79.95,82.71,16.0,8.0,0.0,5,0,-54.47,39.68
EMP027,2026-02-23,53,Compliance Officer,Surat,COHORT025,0,0,0,85,50,37,256,1,1,1,74.57,64.2,0.0,0.0,0.0,85.0,50.0,0.0,5,0,14.53,39.68
EMP027,2026-02-24,54,Compliance Officer,Surat,COHORT025,0,0,0,119,73,37,289,1,1,1,74.71,66.5,0.0,0.0,0.0,119.0,73.0,0.0,5,0,48.53,39.68
EMP027,2026-02-25,55,Compliance Officer,Surat,COHORT025,0,0,0,110,46,31,245,1,1,1,74.29,70.43,0.0,0.0,0.0,110.0,46.0,0.0,5,0,39.53,39.68
EMP027,2026-02-26,56,Compliance Officer,Surat,COHORT025,0,0,0,85,52,32,227,1,1,1,80.57,71.13,0.0,0.0,0.0,85.0,52.0,0.0,5,0,14.53,39.68
EMP027,2026-02-27,57,Compliance Officer,Surat,COHORT025,0,0,0,81,43,24,223,1,1,1,77.57,71.63,0.0,0.0,2.95,81.0,43.0,0.0,5,0,10.53,39.68
EMP027,2026-02-28,58,Compliance Officer,Surat,COHORT025,0,0,0,18,9,7,45,1,1,1,73.14,71.6,74.86,78.28,71.04,18.0,9.0,0.0,5,0,-52.47,39.68
EMP027,2026-03-01,59,Compliance Officer,Surat,COHORT025,0,0,0,15,8,3,35,1,1,1,73.43,68.47,78.09,79.85,87.27,15.0,8.0,0.0,5,0,-55.47,39.68
EMP027,2026-03-02,60,Compliance Officer,Surat,COHORT025,0,0,0,86,65,28,249,1,1,1,73.29,66.4,0.0,0.0,0.0,86.0,65.0,0.0,5,0,15.53,39.68
EMP027,2026-03-03,61,Compliance Officer,Surat,COHORT025,0,0,0,85,62,44,262,1,1,1,73.43,69.27,0.0,0.0,0.0,85.0,62.0,0.0,5,0,14.53,39.68
EMP027,2026-03-04,62,Compliance Officer,Surat,COHORT025,0,0,0,64,52,39,240,1,1,1,68.57,72.1,11.23,0.0,0.0,64.0,52.0,0.0,5,0,-6.47,39.68
EMP027,2026-03-05,63,Compliance Officer,Surat,COHORT025,0,0,0,82,48,23,219,1,1,1,62.0,71.87,0.0,0.0,8.37,82.0,48.0,0.0,5,0,11.53,39.68
EMP027,2026-03-06,64,Compliance Officer,Surat,COHORT025,0,0,0,107,51,32,252,1,1,1,61.57,71.47,0.0,0.0,0.0,107.0,51.0,0.0,5,0,36.53,39.68
EMP027,2026-03-07,65,Compliance Officer,Surat,COHORT025,0,0,0,15,11,4,41,1,1,1,65.29,72.53,79.32,74.7,83.74,15.0,11.0,0.0,5,0,-55.47,39.68
EMP027,2026-03-08,66,Compliance Officer,Surat,COHORT025,0,0,0,8,6,2,23,1,1,1,64.86,70.73,88.69,85.64,91.7,8.0,6.0,0.0,5,0,-62.47,39.68
EMP027,2026-03-09,67,Compliance Officer,Surat,COHORT025,0,0,0,77,70,33,240,1,1,1,63.86,67.53,0.0,0.0,0.0,77.0,70.0,0.0,5,0,6.53,39.68
EMP027,2026-03-10,68,Compliance Officer,Surat,COHORT025,0,0,0,88,60,38,249,1,1,1,62.57,69.2,0.0,0.0,0.0,88.0,60.0,0.0,5,0,17.53,39.68
EMP027,2026-03-11,69,Compliance Officer,Surat,COHORT025,0,0,0,102,51,39,237,1,1,1,63.0,71.6,0.0,0.0,0.0,102.0,51.0,0.0,5,0,31.53,39.68
EMP027,2026-03-12,70,Compliance Officer,Surat,COHORT025,0,0,0,93,55,23,235,1,1,1,68.43,72.47,0.0,0.0,10.4,93.0,55.0,0.0,5,0,22.53,39.68
EMP027,2026-03-13,71,Compliance Officer,Surat,COHORT025,0,0,0,100,39,34,235,1,1,1,70.0,71.73,0.0,10.34,0.0,100.0,39.0,0.0,5,0,29.53,39.68
EMP027,2026-03-14,72,Compliance Officer,Surat,COHORT025,0,0,0,19,12,8,53,1,1,1,69.0,71.6,73.46,71.74,68.75,19.0,12.0,0.0,5,0,-51.47,39.68
EMP027,2026-03-15,73,Compliance Officer,Surat,COHORT025,0,0,0,11,6,3,30,1,1,1,69.57,68.6,83.97,85.29,87.95,11.0,6.0,0.0,5,0,-59.47,39.68
EMP027,2026-03-16,74,Compliance Officer,Surat,COHORT025,0,0,0,99,61,43,263,1,1,1,70.0,66.77,0.0,0.0,0.0,99.0,61.0,0.0,5,0,28.53,39.68
EMP027,2026-03-17,75,Compliance Officer,Surat,COHORT025,0,0,0,118,66,26,275,1,1,1,73.14,69.47,0.0,0.0,0.0,118.0,66.0,0.0,5,0,47.53,39.68
EMP027,2026-03-18,76,Compliance Officer,Surat,COHORT025,0,0,0,114,55,34,261,1,1,1,77.43,72.97,0.0,0.0,0.0,114.0,55.0,0.0,5,0,43.53,39.68
EMP027,2026-03-19,77,Compliance Officer,Surat,COHORT025,0,0,0,99,64,22,241,1,1,1,79.14,73.97,0.0,0.0,15.29,99.0,64.0,0.0,5,0,28.53,39.68
EMP027,2026-03-20,78,Compliance Officer,Surat,COHORT025,0,0,0,80,48,42,236,1,1,1,80.0,73.2,0.0,0.0,0.0,80.0,48.0,0.0,5,0,9.53,39.68
EMP027,2026-03-21,79,Compliance Officer,Surat,COHORT025,0,0,0,18,11,5,44,1,1,1,77.14,73.67,75.57,74.6,80.42,18.0,11.0,0.0,5,0,-52.47,39.68
EMP027,2026-03-22,80,Compliance Officer,Surat,COHORT025,0,0,0,13,10,7,41,1,1,1,77.0,70.73,81.62,76.17,71.31,13.0,10.0,0.0,5,0,-57.47,39.68
EMP027,2026-03-23,81,Compliance Officer,Surat,COHORT025,0,0,0,81,60,39,249,1,1,1,77.29,67.43,0.0,0.0,0.0,81.0,60.0,0.0,5,0,10.53,39.68
EMP027,2026-03-24,82,Compliance Officer,Surat,COHORT025,0,0,0,93,55,21,243,1,1,1,74.71,69.6,0.0,0.0,15.22,93.0,55.0,0.0,5,0,22.53,39.68
EMP027,2026-03-25,83,Compliance Officer,Surat,COHORT025,0,0,0,89,68,26,244,1,1,1,71.14,72.17,0.0,0.0,0.0,89.0,68.0,0.0,5,0,18.53,39.68
EMP027,2026-03-26,84,Compliance Officer,Surat,COHORT025,0,0,0,114,42,23,235,1,1,1,67.57,72.3,0.0,4.33,7.89,114.0,42.0,0.0,5,0,43.53,39.68
EMP027,2026-03-27,85,Compliance Officer,Surat,COHORT025,0,0,0,104,54,28,256,1,1,1,69.71,72.13,0.0,0.0,0.0,104.0,54.0,0.0,5,0,33.53,39.68
EMP027,2026-03-28,86,Compliance Officer,Surat,COHORT025,0,0,0,13,12,5,42,1,1,1,73.14,71.93,81.93,72.18,79.51,13.0,12.0,0.0,5,0,-57.47,39.68
EMP027,2026-03-29,87,Compliance Officer,Surat,COHORT025,0,0,0,12,7,4,30,1,1,1,72.43,69.53,82.74,83.25,82.98,12.0,7.0,0.0,5,0,-58.47,39.68
EMP027,2026-03-30,88,Compliance Officer,Surat,COHORT025,0,0,0,81,56,21,236,1,1,1,72.29,67.23,0.0,0.0,8.02,81.0,56.0,0.0,5,0,10.53,39.68
EMP027,2026-03-31,89,Compliance Officer,Surat,COHORT025,0,0,0,79,56,22,226,1,1,1,72.29,69.33,0.0,0.0,5.58,79.0,56.0,0.0,5,0,8.53,39.68
EMP028,2026-01-01,0,Compliance Officer,Mumbai,COHORT022,0,0,0,94,59,32,242,1,1,1,0.0,0.0,0.0,0.0,0.0,94.0,59.0,0.0,5,0,21.62,41.34
EMP028,2026-01-02,1,Compliance Officer,Mumbai,COHORT022,0,0,0,120,57,32,275,1,1,1,94.0,94.0,0.0,3.39,0.0,120.0,57.0,0.0,5,0,47.62,41.34
EMP028,2026-01-03,2,Compliance Officer,Mumbai,COHORT022,0,0,0,13,8,6,42,1,1,1,107.0,107.0,87.85,86.21,81.25,13.0,8.0,0.0,5,0,-59.38,41.34
EMP028,2026-01-04,3,Compliance Officer,Mumbai,COHORT022,0,0,0,11,10,4,32,1,1,1,75.67,75.67,85.46,75.8,82.85,11.0,10.0,0.0,5,0,-61.38,41.34
EMP028,2026-01-05,4,Compliance Officer,Mumbai,COHORT022,0,0,0,112,51,21,266,1,1,1,59.5,59.5,0.0,0.0,0.0,112.0,51.0,0.0,5,0,39.62,41.34
EMP028,2026-01-06,5,Compliance Officer,Mumbai,COHORT022,0,0,0,94,60,35,242,1,1,1,70.0,70.0,0.0,0.0,0.0,94.0,60.0,0.0,5,0,21.62,41.34
EMP028,2026-01-07,6,Compliance Officer,Mumbai,COHORT022,0,0,0,103,44,19,234,1,1,1,74.0,74.0,0.0,0.0,12.32,103.0,44.0,0.0,5,0,30.62,41.34
EMP028,2026-01-08,7,Compliance Officer,Mumbai,COHORT022,0,0,0,89,48,46,250,1,1,1,78.14,78.14,0.0,0.0,0.0,89.0,48.0,0.0,5,0,16.62,41.34
EMP028,2026-01-09,8,Compliance Officer,Mumbai,COHORT022,0,0,0,125,60,22,257,1,1,1,77.43,79.5,0.0,0.0,9.76,125.0,60.0,0.0,5,0,52.62,41.34
EMP028,2026-01-10,9,Compliance Officer,Mumbai,COHORT022,0,0,0,17,12,8,51,1,1,1,78.14,84.56,79.9,72.8,66.82,17.0,12.0,0.0,5,0,-55.38,41.34
EMP028,2026-01-11,10,Compliance Officer,Mumbai,COHORT022,0,0,0,0,0,0,0,1,1,1,78.71,77.8,100.0,100.0,100.0,0.0,0.0,100.0,0,5,-72.38,41.34
EMP028,2026-01-12,11,Compliance Officer,Mumbai,COHORT022,0,0,0,65,47,39,229,2,2,2,77.14,70.73,8.1,0.0,0.0,65.0,47.0,0.0,5,0,-7.38,41.34
EMP028,2026-01-13,12,Compliance Officer,Mumbai,COHORT022,0,0,0,99,67,37,268,1,1,1,70.43,70.25,0.0,0.0,0.0,99.0,67.0,0.0,5,0,26.62,41.34
EMP028,2026-01-14,13,Compliance Officer,Mumbai,COHORT022,0,0,0,102,67,27,253,1,1,1,71.14,72.46,0.0,0.0,0.0,102.0,67.0,0.0,5,0,29.62,41.34
EMP028,2026-01-15,14,Compliance Officer,Mumbai,COHORT022,0,0,0,89,58,28,230,1,1,1,71.0,74.57,0.0,0.0,0.0,89.0,58.0,0.0,5,0,16.62,41.34
EMP028,2026-01-16,15,Compliance Officer,Mumbai,COHORT022,0,0,0,121,64,32,274,1,1,1,71.0,75.53,0.0,0.0,0.0,121.0,64.0,0.0,5,0,48.62,41.34
EMP028,2026-01-17,16,Compliance Officer,Mumbai,COHORT022,0,0,0,15,7,4,33,1,1,1,70.43,78.38,80.86,84.27,83.51,15.0,7.0,0.0,5,0,-57.38,41.34
EMP028,2026-01-18,17,Compliance Officer,Mumbai,COHORT022,0,0,0,10,4,1,22,1,1,1,70.14,74.65,86.6,90.54,95.66,10.0,4.0,0.0,5,0,-62.38,41.34
EMP028,2026-01-19,18,Compliance Officer,Mumbai,COHORT022,0,0,0,108,42,28,250,1,1,1,71.57,71.06,0.0,0.0,0.0,108.0,42.0,0.0,5,0,35.62,41.34
EMP028,2026-01-20,19,Compliance Officer,Mumbai,COHORT022,0,0,0,107,60,30,257,1,1,1,77.71,73.0,0.0,0.0,0.0,107.0,60.0,0.0,5,0,34.62,41.34
EMP028,2026-01-21,20,Compliance Officer,Mumbai,COHORT022,0,0,0,109,52,19,243,1,1,1,78.86,74.7,0.0,0.0,15.74,109.0,52.0,0.0,5,0,36.62,41.34
EMP028,2026-01-22,21,Compliance Officer,Mumbai,COHORT022,0,0,0,91,52,40,233,1,1,1,79.86,76.33,0.0,0.0,0.0,91.0,52.0,0.0,5,0,18.62,41.34
EMP028,2026-01-23,22,Compliance Officer,Mumbai,COHORT022,0,0,0,98,66,23,268,1,1,1,80.14,77.0,0.0,0.0,0.78,98.0,66.0,0.0,5,0,25.62,41.34
EMP028,2026-01-24,23,Compliance Officer,Mumbai,COHORT022,0,0,0,18,7,3,36,1,1,1,76.86,77.91,76.9,83.82,87.05,18.0,7.0,0.0,5,0,-54.38,41.34
EMP028,2026-01-25,24,Compliance Officer,Mumbai,COHORT022,0,0,0,11,8,3,28,1,1,1,77.29,75.42,85.42,80.84,86.57,11.0,8.0,0.0,5,0,-61.38,41.34
EMP028,2026-01-26,25,Compliance Officer,Mumbai,COHORT022,0,0,0,78,42,23,196,1,1,1,77.43,72.84,0.0,0.0,0.0,78.0,42.0,0.0,5,0,5.62,41.34
EMP028,2026-01-27,26,Compliance Officer,Mumbai,COHORT022,0,0,0,68,60,26,230,1,1,1,73.14,73.04,6.9,0.0,0.0,68.0,60.0,0.0,5,0,-4.38,41.34
EMP028,2026-01-28,27,Compliance Officer,Mumbai,COHORT022,0,0,0,72,78,30,259,1,1,1,67.57,72.85,1.17,0.0,0.0,72.0,78.0,0.0,5,0,-0.38,41.34
EMP028,2026-01-29,28,Compliance Officer,Mumbai,COHORT022,0,0,0,81,50,21,212,1,1,1,62.29,72.82,0.0,0.0,4.85,81.0,50.0,0.0,5,0,8.62,41.34
EMP028,2026-01-30,29,Compliance Officer,Mumbai,COHORT022,0,0,0,94,64,22,246,1,1,1,60.86,73.1,0.0,0.0,0.14,94.0,64.0,0.0,5,0,21.62,41.34
EMP028,2026-01-31,30,Compliance Officer,Mumbai,COHORT022,0,0,0,6,3,3,17,1,1,1,60.29,73.8,91.87,93.1,86.38,6.0,3.0,0.0,5,0,-66.38,41.34
EMP028,2026-02-01,31,Compliance Officer,Mumbai,COHORT022,0,0,0,15,10,5,39,1,1,1,58.57,70.87,78.83,75.96,76.27,15.0,10.0,0.0,5,0,-57.38,41.34
EMP028,2026-02-02,32,Compliance Officer,Mumbai,COHORT022,0,0,0,99,38,33,244,1,1,1,59.14,67.37,0.0,5.07,0.0,99.0,38.0,0.0,5,0,26.62,41.34
EMP028,2026-02-03,33,Compliance Officer,Mumbai,COHORT022,0,0,0,95,75,37,269,1,1,1,62.14,70.23,0.0,0.0,0.0,95.0,75.0,0.0,5,0,22.62,41.34
EMP028,2026-02-04,34,Compliance Officer,Mumbai,COHORT022,0,0,0,108,66,27,259,1,1,1,66.0,73.03,0.0,0.0,0.0,108.0,66.0,0.0,5,0,35.62,41.34
EMP028,2026-02-05,35,Compliance Officer,Mumbai,COHORT022,0,0,0,111,47,31,265,1,1,1,71.14,72.9,0.0,0.0,0.0,111.0,47.0,0.0,5,0,38.62,41.34
EMP028,2026-02-06,36,Compliance Officer,Mumbai,COHORT022,0,0,0,89,61,24,235,1,1,1,75.43,73.47,0.0,0.0,0.0,89.0,61.0,0.0,5,0,16.62,41.34
EMP028,2026-02-07,37,Compliance Officer,Mumbai,COHORT022,0,0,0,15,6,3,35,1,1,1,74.71,73.0,79.45,86.31,86.61,15.0,6.0,0.0,5,0,-57.38,41.34
EMP028,2026-02-08,38,Compliance Officer,Mumbai,COHORT022,0,0,0,14,10,5,41,1,1,1,76.0,70.53,80.15,76.43,76.16,14.0,10.0,0.0,5,0,-58.38,41.34
EMP028,2026-02-09,39,Compliance Officer,Mumbai,COHORT022,0,0,0,114,45,33,253,1,1,1,75.86,66.83,0.0,0.0,0.0,114.0,45.0,0.0,5,0,41.62,41.34
EMP028,2026-02-10,40,Compliance Officer,Mumbai,COHORT022,0,0,0,75,60,17,225,1,1,1,78.0,70.07,0.0,0.0,19.92,75.0,60.0,0.0,5,0,2.62,41.34
EMP028,2026-02-11,41,Compliance Officer,Mumbai,COHORT022,0,0,0,92,58,30,248,1,1,1,75.14,72.57,0.0,0.0,0.0,92.0,58.0,0.0,5,0,19.62,41.34
EMP028,2026-02-12,42,Compliance Officer,Mumbai,COHORT022,0,0,0,90,52,33,250,1,1,1,72.86,73.47,0.0,0.0,0.0,90.0,52.0,0.0,5,0,17.62,41.34
EMP028,2026-02-13,43,Compliance Officer,Mumbai,COHORT022,0,0,0,74,56,41,235,1,1,1,69.86,73.17,0.0,0.0,0.0,74.0,56.0,0.0,5,0,1.62,41.34
EMP028,2026-02-14,44,Compliance Officer,Mumbai,COHORT022,0,0,0,21,10,9,56,1,1,1,67.71,72.23,70.93,76.94,58.77,21.0,10.0,0.0,5,0,-51.38,41.34
EMP028,2026-02-15,45,Compliance Officer,Mumbai,COHORT022,0,0,0,4,2,0,7,1,1,1,68.57,69.97,94.28,95.21,100.0,4.0,2.0,40.0,3,2,-68.38,41.34
EMP028,2026-02-16,46,Compliance Officer,Mumbai,COHORT022,0,0,0,119,62,37,276,1,1,2,67.14,66.07,0.0,0.0,0.0,119.0,62.0,0.0,5,0,46.62,41.34
EMP028,2026-02-17,47,Compliance Officer,Mumbai,COHORT022,0,0,0,69,63,34,238,1,1,1,67.86,69.53,0.76,0.0,0.0,69.0,63.0,0.0,5,0,-3.38,41.34
EMP028,2026-02-18,48,Compliance Officer,Mumbai,COHORT022,0,0,0,98,60,30,263,1,1,1,67.0,71.5,0.0,0.0,0.0,98.0,60.0,0.0,5,0,25.62,41.34
EMP028,2026-02-19,49,Compliance Officer,Mumbai,COHORT022,0,0,0,78,33,34,210,1,1,1,67.86,71.17,0.0,25.17,0.0,78.0,33.0,0.0,5,0,5.62,41.34
EMP028,2026-02-20,50,Compliance Officer,Mumbai,COHORT022,0,0,0,122,57,27,281,1,1,1,66.14,70.2,0.0,0.0,0.0,122.0,57.0,0.0,5,0,49.62,41.34
EMP028,2026-02-21,51,Compliance Officer,Mumbai,COHORT022,0,0,0,23,14,8,60,1,1,1,73.0,70.63,67.44,67.72,64.91,23.0,14.0,0.0,5,0,-49.38,41.34
EMP028,2026-02-22,52,Compliance Officer,Mumbai,COHORT022,0,0,0,14,6,3,32,1,1,1,73.29,68.37,79.52,85.75,86.19,14.0,6.0,0.0,5,0,-58.38,41.34
EMP028,2026-02-23,53,Compliance Officer,Mumbai,COHORT022,0,0,0,141,55,26,281,1,1,1,74.71,65.57,0.0,0.0,0.0,141.0,55.0,0.0,5,0,68.62,41.34
EMP028,2026-02-24,54,Compliance Officer,Mumbai,COHORT022,0,0,0,70,50,21,196,1,1,1,77.86,69.67,0.0,0.0,3.8,70.0,50.0,0.0,5,0,-2.38,41.34
EMP028,2026-02-25,55,Compliance Officer,Mumbai,COHORT022,0,0,0,118,58,24,275,1,1,1,78.0,71.63,0.0,0.0,0.0,118.0,58.0,0.0,5,0,45.62,41.34
EMP028,2026-02-26,56,Compliance Officer,Mumbai,COHORT022,0,0,0,115,53,38,264,1,1,1,80.86,72.97,0.0,0.0,0.0,115.0,53.0,0.0,5,0,42.62,41.34
EMP028,2026-02-27,57,Compliance Officer,Mumbai,COHORT022,0,0,0,111,65,39,272,1,1,1,86.14,74.53,0.0,0.0,0.0,111.0,65.0,0.0,5,0,38.62,41.34
EMP028,2026-02-28,58,Compliance Officer,Mumbai,COHORT022,0,0,0,6,6,2,20,1,1,1,84.57,75.83,92.09,86.04,91.37,6.0,6.0,0.0,5,0,-66.38,41.34
EMP028,2026-03-01,59,Compliance Officer,Mumbai,COHORT022,0,0,0,12,10,5,36,1,1,1,82.14,73.33,83.64,75.9,77.81,12.0,10.0,0.0,5,0,-60.38,41.34
EMP028,2026-03-02,60,Compliance Officer,Mumbai,COHORT022,0,0,0,82,68,25,254,1,1,1,81.86,70.6,0.0,0.0,0.0,82.0,68.0,0.0,5,0,9.62,41.34
EMP028,2026-03-03,61,Compliance Officer,Mumbai,COHORT022,0,0,0,79,72,36,259,1,1,1,73.43,73.13,0.0,0.0,0.0,79.0,72.0,0.0,5,0,6.62,41.34
EMP028,2026-03-04,62,Compliance Officer,Mumbai,COHORT022,0,0,0,86,62,21,258,1,1,1,74.71,75.27,0.0,0.0,11.5,86.0,62.0,0.0,5,0,13.62,41.34
EMP028,2026-03-05,63,Compliance Officer,Mumbai,COHORT022,0,0,0,116,68,32,277,1,1,1,70.14,74.83,0.0,0.0,0.0,116.0,68.0,0.0,5,0,43.62,41.34
EMP028,2026-03-06,64,Compliance Officer,Mumbai,COHORT022,0,0,0,100,65,37,264,1,1,1,70.29,75.53,0.0,0.0,0.0,100.0,65.0,0.0,5,0,27.62,41.34
EMP028,2026-03-07,65,Compliance Officer,Mumbai,COHORT022,0,0,0,5,2,1,11,1,1,1,68.71,75.27,93.36,95.5,95.74,5.0,2.0,0.0,5,0,-67.38,41.34
EMP028,2026-03-08,66,Compliance Officer,Mumbai,COHORT022,0,0,0,12,6,3,29,1,1,1,68.57,71.73,83.27,86.04,86.67,12.0,6.0,0.0,5,0,-60.38,41.34
EMP028,2026-03-09,67,Compliance Officer,Mumbai,COHORT022,0,0,0,116,65,35,290,1,1,1,68.57,69.17,0.0,0.0,0.0,116.0,65.0,0.0,5,0,43.62,41.34
EMP028,2026-03-10,68,Compliance Officer,Mumbai,COHORT022,0,0,0,74,58,27,240,1,1,1,73.43,72.53,0.0,0.0,0.0,74.0,58.0,0.0,5,0,1.62,41.34
EMP028,2026-03-11,69,Compliance Officer,Mumbai,COHORT022,0,0,0,104,58,25,236,1,1,1,72.71,74.53,0.0,0.0,0.0,104.0,58.0,0.0,5,0,31.62,41.34
EMP028,2026-03-12,70,Compliance Officer,Mumbai,COHORT022,0,0,0,109,68,34,291,1,1,1,75.29,74.2,0.0,0.0,0.0,109.0,68.0,0.0,5,0,36.62,41.34
EMP028,2026-03-13,71,Compliance Officer,Mumbai,COHORT022,0,0,0,111,70,24,250,1,1,1,74.29,75.33,0.0,0.0,0.0,111.0,70.0,0.0,5,0,38.62,41.34
EMP028,2026-03-14,72,Compliance Officer,Mumbai,COHORT022,0,0,0,6,3,1,15,1,1,1,75.86,75.97,92.1,93.45,95.78,6.0,3.0,0.0,5,0,-66.38,41.34
EMP028,2026-03-15,73,Compliance Officer,Mumbai,COHORT022,0,0,0,13,8,6,36,1,1,1,76.0,73.17,82.23,81.89,73.49,13.0,8.0,0.0,5,0,-59.38,41.34
EMP028,2026-03-16,74,Compliance Officer,Mumbai,COHORT022,0,0,0,116,67,22,266,1,1,1,76.14,71.13,0.0,0.0,0.0,116.0,67.0,0.0,5,0,43.62,41.34
EMP028,2026-03-17,75,Compliance Officer,Mumbai,COHORT022,0,0,0,107,49,29,268,1,1,1,76.14,74.3,0.0,0.0,0.0,107.0,49.0,0.0,5,0,34.62,41.34
EMP028,2026-03-18,76,Compliance Officer,Mumbai,COHORT022,0,0,0,96,45,39,248,1,1,1,80.86,77.73,0.0,2.24,0.0,96.0,45.0,0.0,5,0,23.62,41.34
EMP028,2026-03-19,77,Compliance Officer,Mumbai,COHORT022,0,0,0,115,59,35,294,1,1,1,79.71,76.97,0.0,0.0,0.0,115.0,59.0,0.0,5,0,42.62,41.34
EMP028,2026-03-20,78,Compliance Officer,Mumbai,COHORT022,0,0,0,89,51,22,214,1,1,1,80.57,78.5,0.0,0.0,4.22,89.0,51.0,0.0,5,0,16.62,41.34
EMP028,2026-03-21,79,Compliance Officer,Mumbai,COHORT022,0,0,0,21,11,7,54,1,1,1,77.43,78.2,73.15,75.57,69.16,21.0,11.0,0.0,5,0,-51.38,41.34
EMP028,2026-03-22,80,Compliance Officer,Mumbai,COHORT022,0,0,0,9,5,2,20,1,1,1,79.57,76.3,88.2,88.71,90.83,9.0,5.0,0.0,5,0,-63.38,41.34
EMP028,2026-03-23,81,Compliance Officer,Mumbai,COHORT022,0,0,0,114,40,24,243,1,1,1,79.0,72.53,0.0,6.04,0.0,114.0,40.0,0.0,5,0,41.62,41.34
EMP028,2026-03-24,82,Compliance Officer,Mumbai,COHORT022,0,0,0,83,40,22,201,1,1,1,78.71,75.57,0.0,7.9,0.0,83.0,40.0,0.0,5,0,10.62,41.34
EMP028,2026-03-25,83,Compliance Officer,Mumbai,COHORT022,0,0,0,72,55,32,215,1,1,1,75.29,77.87,7.54,0.0,0.0,72.0,55.0,0.0,5,0,-0.38,41.34
EMP028,2026-03-26,84,Compliance Officer,Mumbai,COHORT022,0,0,0,103,54,25,252,1,1,1,71.86,75.57,0.0,0.0,0.0,103.0,54.0,0.0,5,0,30.62,41.34
EMP028,2026-03-27,85,Compliance Officer,Mumbai,COHORT022,0,0,0,111,53,30,269,1,1,1,70.14,76.67,0.0,0.0,0.0,111.0,53.0,0.0,5,0,38.62,41.34
EMP028,2026-03-28,86,Compliance Officer,Mumbai,COHORT022,0,0,0,12,7,2,29,1,1,1,73.29,76.43,84.3,84.28,91.18,12.0,7.0,0.0,5,0,-60.38,41.34
EMP028,2026-03-29,87,Compliance Officer,Mumbai,COHORT022,0,0,0,1,1,0,2,1,1,1,72.0,73.0,98.63,97.67,100.0,1.0,1.0,60.0,2,3,-71.38,41.34
EMP028,2026-03-30,88,Compliance Officer,Mumbai,COHORT022,0,0,0,83,35,27,221,1,1,2,70.86,69.33,0.0,14.36,0.0,83.0,35.0,0.0,5,0,10.62,41.34
EMP028,2026-03-31,89,Compliance Officer,Mumbai,COHORT022,0,0,0,80,51,31,237,1,1,1,66.43,71.9,0.0,0.0,0.0,80.0,51.0,0.0,5,0,7.62,41.34
EMP029,2026-01-01,0,Relationship Manager,Delhi,COHORT026,0,57,102,0,0,0,215,1,1,1,0.0,0.0,0.0,0.0,0.0,0.0,0.0,0.0,5,0,0,1
EMP029,2026-01-02,1,Relationship Manager,Delhi,COHORT026,0,66,133,0,0,0,243,2,2,2,0.0,0.0,0.0,0.0,0.0,0.0,0.0,0.0,5,0,0,1
EMP029,2026-01-03,2,Relationship Manager,Delhi,COHORT026,0,1,9,0,0,0,13,3,3,3,0.0,0.0,0.0,0.0,0.0,0.0,0.0,20.0,4,1,0,1
EMP029,2026-01-04,3,Relationship Manager,Delhi,COHORT026,0,5,9,0,0,0,21,4,4,4,0.0,0.0,0.0,0.0,0.0,0.0,0.0,0.0,5,0,0,1
EMP029,2026-01-05,4,Relationship Manager,Delhi,COHORT026,0,37,129,0,0,0,214,5,5,5,0.0,0.0,0.0,0.0,0.0,0.0,0.0,0.0,5,0,0,1
EMP029,2026-01-06,5,Relationship Manager,Delhi,COHORT026,0,45,76,0,0,0,172,6,6,6,0.0,0.0,0.0,0.0,0.0,0.0,0.0,0.0,5,0,0,1
EMP029,2026-01-07,6,Relationship Manager,Delhi,COHORT026,0,66,111,0,0,0,251,7,7,7,0.0,0.0,0.0,0.0,0.0,0.0,0.0,0.0,5,0,0,1
EMP029,2026-01-08,7,Relationship Manager,Delhi,COHORT026,0,56,88,0,0,0,233,8,8,8,0.0,0.0,0.0,0.0,0.0,0.0,0.0,0.0,5,0,0,1
EMP029,2026-01-09,8,Relationship Manager,Delhi,COHORT026,0,52,116,0,0,0,249,9,9,9,0.0,0.0,0.0,0.0,0.0,0.0,0.0,0.0,5,0,0,1
EMP029,2026-01-10,9,Relationship Manager,Delhi,COHORT026,0,11,13,0,0,0,31,10,10,10,0.0,0.0,0.0,0.0,0.0,0.0,0.0,0.0,5,0,0,1
EMP029,2026-01-11,10,Relationship Manager,Delhi,COHORT026,0,6,11,0,0,0,23,11,11,11,0.0,0.0,0.0,0.0,0.0,0.0,0.0,0.0,5,0,0,1
EMP029,2026-01-12,11,Relationship Manager,Delhi,COHORT026,0,32,84,0,0,0,191,12,12,12,0.0,0.0,0.0,0.0,0.0,0.0,0.0,0.0,5,0,0,1
EMP029,2026-01-13,12,Relationship Manager,Delhi,COHORT026,0,47,85,0,0,0,180,13,13,13,0.0,0.0,0.0,0.0,0.0,0.0,0.0,0.0,5,0,0,1
EMP029,2026-01-14,13,Relationship Manager,Delhi,COHORT026,0,50,110,0,0,0,241,14,14,14,0.0,0.0,0.0,0.0,0.0,0.0,0.0,0.0,5,0,0,1
EMP029,2026-01-15,14,Relationship Manager,Delhi,COHORT026,0,40,109,0,0,0,223,15,15,15,0.0,0.0,0.0,0.0,0.0,0.0,0.0,0.0,5,0,0,1
EMP029,2026-01-16,15,Relationship Manager,Delhi,COHORT026,0,48,129,0,0,0,221,16,16,16,0.0,0.0,0.0,0.0,0.0,0.0,0.0,0.0,5,0,0,1
EMP029,2026-01-17,16,Relationship Manager,Delhi,COHORT026,0,2,6,0,0,0,11,17,17,17,0.0,0.0,0.0,0.0,0.0,0.0,0.0,0.0,5,0,0,1
EMP029,2026-01-18,17,Relationship Manager,Delhi,COHORT026,0,3,7,0,0,0,12,18,18,18,0.0,0.0,0.0,0.0,0.0,0.0,0.0,20.0,4,1,0,1
EMP029,2026-01-19,18,Relationship Manager,Delhi,COHORT026,0,33,86,0,0,0,186,19,19,19,0.0,0.0,0.0,0.0,0.0,0.0,0.0,0.0,5,0,0,1
EMP029,2026-01-20,19,Relationship Manager,Delhi,COHORT026,0,49,124,0,0,0,213,20,20,20,0.0,0.0,0.0,0.0,0.0,0.0,0.0,0.0,5,0,0,1
EMP029,2026-01-21,20,Relationship Manager,Delhi,COHORT026,0,37,80,0,0,0,179,21,21,21,0.0,0.0,0.0,0.0,0.0,0.0,0.0,0.0,5,0,0,1
EMP029,2026-01-22,21,Relationship Manager,Delhi,COHORT026,0,37,89,0,0,0,209,22,22,22,0.0,0.0,0.0,0.0,0.0,0.0,0.0,0.0,5,0,0,1
EMP029,2026-01-23,22,Relationship Manager,Delhi,COHORT026,0,35,113,0,0,0,221,23,23,23,0.0,0.0,0.0,0.0,0.0,0.0,0.0,0.0,5,0,0,1
EMP029,2026-01-24,23,Relationship Manager,Delhi,COHORT026,0,4,8,0,0,0,15,24,24,24,0.0,0.0,0.0,0.0,0.0,0.0,0.0,0.0,5,0,0,1
EMP029,2026-01-25,24,Relationship Manager,Delhi,COHORT026,0,7,25,0,0,0,44,25,25,25,0.0,0.0,0.0,0.0,0.0,0.0,0.0,0.0,5,0,0,1
EMP029,2026-01-26,25,Relationship Manager,Delhi,COHORT026,0,66,123,0,0,0,260,26,26,26,0.0,0.0,0.0,0.0,0.0,0.0,0.0,0.0,5,0,0,1
EMP029,2026-01-27,26,Relationship Manager,Delhi,COHORT026,0,74,137,0,0,0,288,27,27,27,0.0,0.0,0.0,0.0,0.0,0.0,0.0,0.0,5,0,0,1
EMP029,2026-01-28,27,Relationship Manager,Delhi,COHORT026,0,64,83,0,0,0,209,28,28,28,0.0,0.0,0.0,0.0,0.0,0.0,0.0,0.0,5,0,0,1
EMP029,2026-01-29,28,Relationship Manager,Delhi,COHORT026,0,38,92,0,0,0,213,29,29,29,0.0,0.0,0.0,0.0,0.0,0.0,0.0,0.0,5,0,0,1
EMP029,2026-01-30,29,Relationship Manager,Delhi,COHORT026,0,48,116,0,0,0,233,30,30,30,0.0,0.0,0.0,0.0,0.0,0.0,0.0,0.0,5,0,0,1
EMP029,2026-01-31,30,Relationship Manager,Delhi,COHORT026,0,15,21,0,0,0,47,31,31,31,0.0,0.0,0.0,0.0,0.0,0.0,0.0,0.0,5,0,0,1
EMP029,2026-02-01,31,Relationship Manager,Delhi,COHORT026,0,5,11,0,0,0,25,32,32,32,0.0,0.0,0.0,0.0,0.0,0.0,0.0,20.0,4,1,0,1
EMP029,2026-02-02,32,Relationship Manager,Delhi,COHORT026,0,46,127,0,0,0,268,33,33,33,0.0,0.0,0.0,0.0,0.0,0.0,0.0,0.0,5,0,0,1
EMP029,2026-02-03,33,Relationship Manager,Delhi,COHORT026,0,37,107,0,0,0,215,34,34,34,0.0,0.0,0.0,0.0,0.0,0.0,0.0,0.0,5,0,0,1
EMP029,2026-02-04,34,Relationship Manager,Delhi,COHORT026,0,64,149,0,0,0,288,35,35,35,0.0,0.0,0.0,0.0,0.0,0.0,0.0,0.0,5,0,0,1
EMP029,2026-02-05,35,Relationship Manager,Delhi,COHORT026,0,56,104,0,0,0,236,36,36,36,0.0,0.0,0.0,0.0,0.0,0.0,0.0,0.0,5,0,0,1
EMP029,2026-02-06,36,Relationship Manager,Delhi,COHORT026,0,65,103,0,0,0,230,37,37,37,0.0,0.0,0.0,0.0,0.0,0.0,0.0,0.0,5,0,0,1
EMP029,2026-02-07,37,Relationship Manager,Delhi,COHORT026,0,1,1,0,0,0,2,38,38,38,0.0,0.0,0.0,0.0,0.0,0.0,0.0,60.0,2,3,0,1
EMP029,2026-02-08,38,Relationship Manager,Delhi,COHORT026,0,5,16,0,0,0,27,39,39,39,0.0,0.0,0.0,0.0,0.0,0.0,0.0,0.0,5,0,0,1
EMP029,2026-02-09,39,Relationship Manager,Delhi,COHORT026,0,69,84,0,0,0,234,40,40,40,0.0,0.0,0.0,0.0,0.0,0.0,0.0,0.0,5,0,0,1
EMP029,2026-02-10,40,Relationship Manager,Delhi,COHORT026,0,52,128,0,0,0,254,41,41,41,0.0,0.0,0.0,0.0,0.0,0.0,0.0,0.0,5,0,0,1
EMP029,2026-02-11,41,Relationship Manager,Delhi,COHORT026,0,66,110,0,0,0,257,42,42,42,0.0,0.0,0.0,0.0,0.0,0.0,0.0,0.0,5,0,0,1
EMP029,2026-02-12,42,Relationship Manager,Delhi,COHORT026,0,53,124,0,0,0,241,43,43,43,0.0,0.0,0.0,0.0,0.0,0.0,0.0,0.0,5,0,0,1
EMP029,2026-02-13,43,Relationship Manager,Delhi,COHORT026,0,44,89,0,0,0,191,44,44,44,0.0,0.0,0.0,0.0,0.0,0.0,0.0,0.0,5,0,0,1
EMP029,2026-02-14,44,Relationship Manager,Delhi,COHORT026,0,1,3,0,0,0,6,45,45,45,0.0,0.0,0.0,0.0,0.0,0.0,0.0,20.0,4,1,0,1
EMP029,2026-02-15,45,Relationship Manager,Delhi,COHORT026,0,6,12,0,0,0,25,46,46,46,0.0,0.0,0.0,0.0,0.0,0.0,0.0,0.0,5,0,0,1
EMP029,2026-02-16,46,Relationship Manager,Delhi,COHORT026,0,28,85,0,0,0,185,47,47,47,0.0,0.0,0.0,0.0,0.0,0.0,0.0,0.0,5,0,0,1
EMP029,2026-02-17,47,Relationship Manager,Delhi,COHORT026,0,62,124,0,0,0,256,48,48,48,0.0,0.0,0.0,0.0,0.0,0.0,0.0,0.0,5,0,0,1
EMP029,2026-02-18,48,Relationship Manager,Delhi,COHORT026,0,44,135,0,0,0,252,49,49,49,0.0,0.0,0.0,0.0,0.0,0.0,0.0,0.0,5,0,0,1
EMP029,2026-02-19,49,Relationship Manager,Delhi,COHORT026,0,39,96,0,0,0,208,50,50,50,0.0,0.0,0.0,0.0,0.0,0.0,0.0,0.0,5,0,0,1
EMP029,2026-02-20,50,Relationship Manager,Delhi,COHORT026,0,62,104,0,0,0,242,51,51,51,0.0,0.0,0.0,0.0,0.0,0.0,0.0,0.0,5,0,0,1
EMP029,2026-02-21,51,Relationship Manager,Delhi,COHORT026,0,8,16,0,0,0,33,52,52,52,0.0,0.0,0.0,0.0,0.0,0.0,0.0,0.0,5,0,0,1
EMP029,2026-02-22,52,Relationship Manager,Delhi,COHORT026,0,12,16,0,0,0,39,53,53,53,0.0,0.0,0.0,0.0,0.0,0.0,0.0,0.0,5,0,0,1
EMP029,2026-02-23,53,Relationship Manager,Delhi,COHORT026,0,56,90,0,0,0,213,54,54,54,0.0,0.0,0.0,0.0,0.0,0.0,0.0,0.0,5,0,0,1
EMP029,2026-02-24,54,Relationship Manager,Delhi,COHORT026,0,28,109,0,0,0,222,55,55,55,0.0,0.0,0.0,0.0,0.0,0.0,0.0,0.0,5,0,0,1
EMP029,2026-02-25,55,Relationship Manager,Delhi,COHORT026,0,55,112,0,0,0,220,56,56,56,0.0,0.0,0.0,0.0,0.0,0.0,0.0,0.0,5,0,0,1
EMP029,2026-02-26,56,Relationship Manager,Delhi,COHORT026,0,40,82,0,0,0,195,57,57,57,0.0,0.0,0.0,0.0,0.0,0.0,0.0,0.0,5,0,0,1
EMP029,2026-02-27,57,Relationship Manager,Delhi,COHORT026,0,44,102,0,0,0,221,58,58,58,0.0,0.0,0.0,0.0,0.0,0.0,0.0,0.0,5,0,0,1
EMP029,2026-02-28,58,Relationship Manager,Delhi,COHORT026,0,6,16,0,0,0,31,59,59,59,0.0,0.0,0.0,0.0,0.0,0.0,0.0,0.0,5,0,0,1
EMP029,2026-03-01,59,Relationship Manager,Delhi,COHORT026,0,2,6,0,0,0,10,60,60,60,0.0,0.0,0.0,0.0,0.0,0.0,0.0,20.0,4,1,0,1
EMP029,2026-03-02,60,Relationship Manager,Delhi,COHORT026,0,42,93,0,0,0,192,61,61,61,0.0,0.0,0.0,0.0,0.0,0.0,0.0,0.0,5,0,0,1
EMP029,2026-03-03,61,Relationship Manager,Delhi,COHORT026,0,37,119,0,0,0,244,62,62,62,0.0,0.0,0.0,0.0,0.0,0.0,0.0,0.0,5,0,0,1
EMP029,2026-03-04,62,Relationship Manager,Delhi,COHORT026,0,74,116,0,0,0,258,63,63,63,0.0,0.0,0.0,0.0,0.0,0.0,0.0,0.0,5,0,0,1
EMP029,2026-03-05,63,Relationship Manager,Delhi,COHORT026,0,78,101,0,0,0,263,64,64,64,0.0,0.0,0.0,0.0,0.0,0.0,0.0,0.0,5,0,0,1
EMP029,2026-03-06,64,Relationship Manager,Delhi,COHORT026,0,44,95,0,0,0,206,65,65,65,0.0,0.0,0.0,0.0,0.0,0.0,0.0,0.0,5,0,0,1
EMP029,2026-03-07,65,Relationship Manager,Delhi,COHORT026,0,5,9,0,0,0,19,66,66,66,0.0,0.0,0.0,0.0,0.0,0.0,0.0,0.0,5,0,0,1
EMP029,2026-03-08,66,Relationship Manager,Delhi,COHORT026,0,4,12,0,0,0,24,67,67,67,0.0,0.0,0.0,0.0,0.0,0.0,0.0,20.0,4,1,0,1
EMP029,2026-03-09,67,Relationship Manager,Delhi,COHORT026,0,65,128,0,0,0,264,68,68,68,0.0,0.0,0.0,0.0,0.0,0.0,0.0,0.0,5,0,0,1
EMP029,2026-03-10,68,Relationship Manager,Delhi,COHORT026,0,64,81,0,0,0,216,69,69,69,0.0,0.0,0.0,0.0,0.0,0.0,0.0,0.0,5,0,0,1
EMP029,2026-03-11,69,Relationship Manager,Delhi,COHORT026,0,31,107,0,0,0,217,70,70,70,0.0,0.0,0.0,0.0,0.0,0.0,0.0,0.0,5,0,0,1
EMP029,2026-03-12,70,Relationship Manager,Delhi,COHORT026,0,58,119,0,0,0,243,71,71,71,0.0,0.0,0.0,0.0,0.0,0.0,0.0,0.0,5,0,0,1
EMP029,2026-03-13,71,Relationship Manager,Delhi,COHORT026,0,62,104,0,0,0,235,72,72,72,0.0,0.0,0.0,0.0,0.0,0.0,0.0,0.0,5,0,0,1
EMP029,2026-03-14,72,Relationship Manager,Delhi,COHORT026,0,3,5,0,0,0,10,73,73,73,0.0,0.0,0.0,0.0,0.0,0.0,0.0,20.0,4,1,0,1
EMP029,2026-03-15,73,Relationship Manager,Delhi,COHORT026,0,4,9,0,0,0,17,74,74,74,0.0,0.0,0.0,0.0,0.0,0.0,0.0,20.0,4,1,0,1
EMP029,2026-03-16,74,Relationship Manager,Delhi,COHORT026,0,47,108,0,0,0,240,75,75,75,0.0,0.0,0.0,0.0,0.0,0.0,0.0,0.0,5,0,0,1
EMP029,2026-03-17,75,Relationship Manager,Delhi,COHORT026,0,61,121,0,0,0,262,76,76,76,0.0,0.0,0.0,0.0,0.0,0.0,0.0,0.0,5,0,0,1
EMP029,2026-03-18,76,Relationship Manager,Delhi,COHORT026,0,42,88,0,0,0,198,77,77,77,0.0,0.0,0.0,0.0,0.0,0.0,0.0,0.0,5,0,0,1
EMP029,2026-03-19,77,Relationship Manager,Delhi,COHORT026,0,43,77,0,0,0,205,78,78,78,0.0,0.0,0.0,0.0,0.0,0.0,0.0,0.0,5,0,0,1
EMP029,2026-03-20,78,Relationship Manager,Delhi,COHORT026,0,73,109,0,0,0,252,79,79,79,0.0,0.0,0.0,0.0,0.0,0.0,0.0,0.0,5,0,0,1
EMP029,2026-03-21,79,Relationship Manager,Delhi,COHORT026,0,0,0,0,0,0,0,80,80,80,0.0,0.0,0.0,0.0,0.0,0.0,0.0,100.0,0,5,0,1
EMP029,2026-03-22,80,Relationship Manager,Delhi,COHORT026,0,8,17,0,0,0,30,81,81,81,0.0,0.0,0.0,0.0,0.0,0.0,0.0,20.0,4,1,0,1
EMP029,2026-03-23,81,Relationship Manager,Delhi,COHORT026,0,53,101,0,0,0,223,82,82,82,0.0,0.0,0.0,0.0,0.0,0.0,0.0,0.0,5,0,0,1
EMP029,2026-03-24,82,Relationship Manager,Delhi,COHORT026,0,48,93,0,0,0,232,83,83,83,0.0,0.0,0.0,0.0,0.0,0.0,0.0,0.0,5,0,0,1
EMP029,2026-03-25,83,Relationship Manager,Delhi,COHORT026,0,39,101,0,0,0,194,84,84,84,0.0,0.0,0.0,0.0,0.0,0.0,0.0,0.0,5,0,0,1
EMP029,2026-03-26,84,Relationship Manager,Delhi,COHORT026,0,37,117,0,0,0,236,85,85,85,0.0,0.0,0.0,0.0,0.0,0.0,0.0,0.0,5,0,0,1
EMP029,2026-03-27,85,Relationship Manager,Delhi,COHORT026,0,50,132,0,0,0,248,86,86,86,0.0,0.0,0.0,0.0,0.0,0.0,0.0,0.0,5,0,0,1
EMP029,2026-03-28,86,Relationship Manager,Delhi,COHORT026,0,5,15,0,0,0,29,87,87,87,0.0,0.0,0.0,0.0,0.0,0.0,0.0,0.0,5,0,0,1
EMP029,2026-03-29,87,Relationship Manager,Delhi,COHORT026,0,11,24,0,0,0,50,88,88,88,0.0,0.0,0.0,0.0,0.0,0.0,0.0,0.0,5,0,0,1
EMP029,2026-03-30,88,Relationship Manager,Delhi,COHORT026,0,36,95,0,0,0,214,89,89,89,0.0,0.0,0.0,0.0,0.0,0.0,0.0,0.0,5,0,0,1
EMP029,2026-03-31,89,Relationship Manager,Delhi,COHORT026,0,42,85,0,0,0,206,90,90,90,0.0,0.0,0.0,0.0,0.0,0.0,0.0,0.0,5,0,0,1
EMP030,2026-01-01,0,Relationship Manager,Bangalore,COHORT027,0,53,119,0,0,0,240,1,1,1,0.0,0.0,0.0,0.0,0.0,0.0,0.0,0.0,5,0,0,1
EMP030,2026-01-02,1,Relationship Manager,Bangalore,COHORT027,0,35,93,0,0,0,192,2,2,2,0.0,0.0,0.0,0.0,0.0,0.0,0.0,0.0,5,0,0,1
EMP030,2026-01-03,2,Relationship Manager,Bangalore,COHORT027,0,10,16,0,0,0,39,3,3,3,0.0,0.0,0.0,0.0,0.0,0.0,0.0,0.0,5,0,0,1
EMP030,2026-01-04,3,Relationship Manager,Bangalore,COHORT027,0,2,3,0,0,0,5,4,4,4,0.0,0.0,0.0,0.0,0.0,0.0,0.0,60.0,2,3,0,1
EMP030,2026-01-05,4,Relationship Manager,Bangalore,COHORT027,0,51,83,0,0,0,186,5,5,5,0.0,0.0,0.0,0.0,0.0,0.0,0.0,0.0,5,0,0,1
EMP030,2026-01-06,5,Relationship Manager,Bangalore,COHORT027,0,42,103,0,0,0,198,6,6,6,0.0,0.0,0.0,0.0,0.0,0.0,0.0,0.0,5,0,0,1
EMP030,2026-01-07,6,Relationship Manager,Bangalore,COHORT027,0,55,118,0,0,0,257,7,7,7,0.0,0.0,0.0,0.0,0.0,0.0,0.0,0.0,5,0,0,1
EMP030,2026-01-08,7,Relationship Manager,Bangalore,COHORT027,0,75,121,0,0,0,275,8,8,8,0.0,0.0,0.0,0.0,0.0,0.0,0.0,0.0,5,0,0,1
EMP030,2026-01-09,8,Relationship Manager,Bangalore,COHORT027,0,72,130,0,0,0,280,9,9,9,0.0,0.0,0.0,0.0,0.0,0.0,0.0,0.0,5,0,0,1
EMP030,2026-01-10,9,Relationship Manager,Bangalore,COHORT027,0,9,14,0,0,0,34,10,10,10,0.0,0.0,0.0,0.0,0.0,0.0,0.0,0.0,5,0,0,1
EMP030,2026-01-11,10,Relationship Manager,Bangalore,COHORT027,0,9,24,0,0,0,45,11,11,11,0.0,0.0,0.0,0.0,0.0,0.0,0.0,20.0,4,1,0,1
EMP030,2026-01-12,11,Relationship Manager,Bangalore,COHORT027,0,66,86,0,0,0,223,12,12,12,0.0,0.0,0.0,0.0,0.0,0.0,0.0,0.0,5,0,0,1
EMP030,2026-01-13,12,Relationship Manager,Bangalore,COHORT027,0,38,93,0,0,0,177,13,13,13,0.0,0.0,0.0,0.0,0.0,0.0,0.0,0.0,5,0,0,1
EMP030,2026-01-14,13,Relationship Manager,Bangalore,COHORT027,0,61,78,0,0,0,221,14,14,14,0.0,0.0,0.0,0.0,0.0,0.0,0.0,0.0,5,0,0,1
EMP030,2026-01-15,14,Relationship Manager,Bangalore,COHORT027,0,29,88,0,0,0,187,15,15,15,0.0,0.0,0.0,0.0,0.0,0.0,0.0,0.0,5,0,0,1
EMP030,2026-01-16,15,Relationship Manager,Bangalore,COHORT027,0,29,110,0,0,0,209,16,16,16,0.0,0.0,0.0,0.0,0.0,0.0,0.0,0.0,5,0,0,1
EMP030,2026-01-17,16,Relationship Manager,Bangalore,COHORT027,0,3,11,0,0,0,18,17,17,17,0.0,0.0,0.0,0.0,0.0,0.0,0.0,20.0,4,1,0,1
EMP030,2026-01-18,17,Relationship Manager,Bangalore,COHORT027,0,1,3,0,0,0,5,18,18,18,0.0,0.0,0.0,0.0,0.0,0.0,0.0,40.0,3,2,0,1
EMP030,2026-01-19,18,Relationship Manager,Bangalore,COHORT027,0,57,124,0,0,0,255,19,19,19,0.0,0.0,0.0,0.0,0.0,0.0,0.0,0.0,5,0,0,1
EMP030,2026-01-20,19,Relationship Manager,Bangalore,COHORT027,0,47,138,0,0,0,260,20,20,20,0.0,0.0,0.0,0.0,0.0,0.0,0.0,0.0,5,0,0,1
EMP030,2026-01-21,20,Relationship Manager,Bangalore,COHORT027,0,65,88,0,0,0,212,21,21,21,0.0,0.0,0.0,0.0,0.0,0.0,0.0,0.0,5,0,0,1
EMP030,2026-01-22,21,Relationship Manager,Bangalore,COHORT027,0,41,101,0,0,0,192,22,22,22,0.0,0.0,0.0,0.0,0.0,0.0,0.0,0.0,5,0,0,1
EMP030,2026-01-23,22,Relationship Manager,Bangalore,COHORT027,0,57,108,0,0,0,245,23,23,23,0.0,0.0,0.0,0.0,0.0,0.0,0.0,0.0,5,0,0,1
EMP030,2026-01-24,23,Relationship Manager,Bangalore,COHORT027,0,6,17,0,0,0,35,24,24,24,0.0,0.0,0.0,0.0,0.0,0.0,0.0,0.0,5,0,0,1
EMP030,2026-01-25,24,Relationship Manager,Bangalore,COHORT027,0,4,7,0,0,0,15,25,25,25,0.0,0.0,0.0,0.0,0.0,0.0,0.0,20.0,4,1,0,1
EMP030,2026-01-26,25,Relationship Manager,Bangalore,COHORT027,0,44,111,0,0,0,230,26,26,26,0.0,0.0,0.0,0.0,0.0,0.0,0.0,0.0,5,0,0,1
EMP030,2026-01-27,26,Relationship Manager,Bangalore,COHORT027,0,37,110,0,0,0,211,27,27,27,0.0,0.0,0.0,0.0,0.0,0.0,0.0,0.0,5,0,0,1
EMP030,2026-01-28,27,Relationship Manager,Bangalore,COHORT027,0,60,129,0,0,0,264,28,28,28,0.0,0.0,0.0,0.0,0.0,0.0,0.0,0.0,5,0,0,1
EMP030,2026-01-29,28,Relationship Manager,Bangalore,COHORT027,0,54,128,0,0,0,255,29,29,29,0.0,0.0,0.0,0.0,0.0,0.0,0.0,0.0,5,0,0,1
EMP030,2026-01-30,29,Relationship Manager,Bangalore,COHORT027,0,35,123,0,0,0,233,30,30,30,0.0,0.0,0.0,0.0,0.0,0.0,0.0,0.0,5,0,0,1
EMP030,2026-01-31,30,Relationship Manager,Bangalore,COHORT027,0,2,4,0,0,0,7,31,31,31,0.0,0.0,0.0,0.0,0.0,0.0,0.0,40.0,3,2,0,1
EMP030,2026-02-01,31,Relationship Manager,Bangalore,COHORT027,0,4,15,0,0,0,27,32,32,32,0.0,0.0,0.0,0.0,0.0,0.0,0.0,0.0,5,0,0,1
EMP030,2026-02-02,32,Relationship Manager,Bangalore,COHORT027,0,52,108,0,0,0,239,33,33,33,0.0,0.0,0.0,0.0,0.0,0.0,0.0,0.0,5,0,0,1
EMP030,2026-02-03,33,Relationship Manager,Bangalore,COHORT027,0,64,103,0,0,0,239,34,34,34,0.0,0.0,0.0,0.0,0.0,0.0,0.0,0.0,5,0,0,1
EMP030,2026-02-04,34,Relationship Manager,Bangalore,COHORT027,0,60,109,0,0,0,235,35,35,35,0.0,0.0,0.0,0.0,0.0,0.0,0.0,0.0,5,0,0,1
EMP030,2026-02-05,35,Relationship Manager,Bangalore,COHORT027,0,47,98,0,0,0,209,36,36,36,0.0,0.0,0.0,0.0,0.0,0.0,0.0,0.0,5,0,0,1
EMP030,2026-02-06,36,Relationship Manager,Bangalore,COHORT027,0,34,133,0,0,0,236,37,37,37,0.0,0.0,0.0,0.0,0.0,0.0,0.0,0.0,5,0,0,1
EMP030,2026-02-07,37,Relationship Manager,Bangalore,COHORT027,0,9,19,0,0,0,36,38,38,38,0.0,0.0,0.0,0.0,0.0,0.0,0.0,0.0,5,0,0,1
EMP030,2026-02-08,38,Relationship Manager,Bangalore,COHORT027,0,10,26,0,0,0,55,39,39,39,0.0,0.0,0.0,0.0,0.0,0.0,0.0,0.0,5,0,0,1
EMP030,2026-02-09,39,Relationship Manager,Bangalore,COHORT027,0,58,116,0,0,0,257,40,40,40,0.0,0.0,0.0,0.0,0.0,0.0,0.0,0.0,5,0,0,1
EMP030,2026-02-10,40,Relationship Manager,Bangalore,COHORT027,0,47,117,0,0,0,221,41,41,41,0.0,0.0,0.0,0.0,0.0,0.0,0.0,0.0,5,0,0,1
EMP030,2026-02-11,41,Relationship Manager,Bangalore,COHORT027,0,35,84,0,0,0,197,42,42,42,0.0,0.0,0.0,0.0,0.0,0.0,0.0,0.0,5,0,0,1
EMP030,2026-02-12,42,Relationship Manager,Bangalore,COHORT027,0,36,84,0,0,0,199,43,43,43,0.0,0.0,0.0,0.0,0.0,0.0,0.0,0.0,5,0,0,1
EMP030,2026-02-13,43,Relationship Manager,Bangalore,COHORT027,0,49,92,0,0,0,227,44,44,44,0.0,0.0,0.0,0.0,0.0,0.0,0.0,0.0,5,0,0,1
EMP030,2026-02-14,44,Relationship Manager,Bangalore,COHORT027,0,8,15,0,0,0,31,45,45,45,0.0,0.0,0.0,0.0,0.0,0.0,0.0,0.0,5,0,0,1
EMP030,2026-02-15,45,Relationship Manager,Bangalore,COHORT027,0,1,3,0,0,0,4,46,46,46,0.0,0.0,0.0,0.0,0.0,0.0,0.0,60.0,2,3,0,1
EMP030,2026-02-16,46,Relationship Manager,Bangalore,COHORT027,0,67,95,0,0,0,212,47,47,47,0.0,0.0,0.0,0.0,0.0,0.0,0.0,0.0,5,0,0,1
EMP030,2026-02-17,47,Relationship Manager,Bangalore,COHORT027,0,53,107,0,0,0,247,48,48,48,0.0,0.0,0.0,0.0,0.0,0.0,0.0,0.0,5,0,0,1
EMP030,2026-02-18,48,Relationship Manager,Bangalore,COHORT027,0,68,85,0,0,0,225,49,49,49,0.0,0.0,0.0,0.0,0.0,0.0,0.0,0.0,5,0,0,1
EMP030,2026-02-19,49,Relationship Manager,Bangalore,COHORT027,0,54,83,0,0,0,207,50,50,50,0.0,0.0,0.0,0.0,0.0,0.0,0.0,0.0,5,0,0,1
EMP030,2026-02-20,50,Relationship Manager,Bangalore,COHORT027,0,38,94,0,0,0,222,51,51,51,0.0,0.0,0.0,0.0,0.0,0.0,0.0,0.0,5,0,0,1
EMP030,2026-02-21,51,Relationship Manager,Bangalore,COHORT027,0,3,6,0,0,0,13,52,52,52,0.0,0.0,0.0,0.0,0.0,0.0,0.0,0.0,5,0,0,1
EMP030,2026-02-22,52,Relationship Manager,Bangalore,COHORT027,0,5,7,0,0,0,16,53,53,53,0.0,0.0,0.0,0.0,0.0,0.0,0.0,20.0,4,1,0,1
EMP030,2026-02-23,53,Relationship Manager,Bangalore,COHORT027,0,69,102,0,0,0,243,54,54,54,0.0,0.0,0.0,0.0,0.0,0.0,0.0,0.0,5,0,0,1
EMP030,2026-02-24,54,Relationship Manager,Bangalore,COHORT027,0,48,130,0,0,0,251,55,55,55,0.0,0.0,0.0,0.0,0.0,0.0,0.0,0.0,5,0,0,1
EMP030,2026-02-25,55,Relationship Manager,Bangalore,COHORT027,0,34,106,0,0,0,199,56,56,56,0.0,0.0,0.0,0.0,0.0,0.0,0.0,0.0,5,0,0,1
EMP030,2026-02-26,56,Relationship Manager,Bangalore,COHORT027,0,65,81,0,0,0,217,57,57,57,0.0,0.0,0.0,0.0,0.0,0.0,0.0,0.0,5,0,0,1
EMP030,2026-02-27,57,Relationship Manager,Bangalore,COHORT027,0,43,82,0,0,0,180,58,58,58,0.0,0.0,0.0,0.0,0.0,0.0,0.0,0.0,5,0,0,1
EMP030,2026-02-28,58,Relationship Manager,Bangalore,COHORT027,0,8,27,0,0,0,49,59,59,59,0.0,0.0,0.0,0.0,0.0,0.0,0.0,0.0,5,0,0,1
EMP030,2026-03-01,59,Relationship Manager,Bangalore,COHORT027,0,4,7,0,0,0,15,60,60,60,0.0,0.0,0.0,0.0,0.0,0.0,0.0,0.0,5,0,0,1
EMP030,2026-03-02,60,Relationship Manager,Bangalore,COHORT027,0,58,117,0,0,0,250,61,61,61,0.0,0.0,0.0,0.0,0.0,0.0,0.0,0.0,5,0,0,1
EMP030,2026-03-03,61,Relationship Manager,Bangalore,COHORT027,0,68,148,0,0,0,280,62,62,62,0.0,0.0,0.0,0.0,0.0,0.0,0.0,0.0,5,0,0,1
EMP030,2026-03-04,62,Relationship Manager,Bangalore,COHORT027,0,57,104,0,0,0,216,63,63,63,0.0,0.0,0.0,0.0,0.0,0.0,0.0,0.0,5,0,0,1
EMP030,2026-03-05,63,Relationship Manager,Bangalore,COHORT027,0,44,100,0,0,0,223,64,64,64,0.0,0.0,0.0,0.0,0.0,0.0,0.0,0.0,5,0,0,1
EMP030,2026-03-06,64,Relationship Manager,Bangalore,COHORT027,0,44,101,0,0,0,212,65,65,65,0.0,0.0,0.0,0.0,0.0,0.0,0.0,0.0,5,0,0,1
EMP030,2026-03-07,65,Relationship Manager,Bangalore,COHORT027,0,3,6,0,0,0,10,66,66,66,0.0,0.0,0.0,0.0,0.0,0.0,0.0,40.0,3,2,0,1
EMP030,2026-03-08,66,Relationship Manager,Bangalore,COHORT027,0,11,25,0,0,0,51,67,67,67,0.0,0.0,0.0,0.0,0.0,0.0,0.0,0.0,5,0,0,1
EMP030,2026-03-09,67,Relationship Manager,Bangalore,COHORT027,0,30,127,0,0,0,223,68,68,68,0.0,0.0,0.0,0.0,0.0,0.0,0.0,0.0,5,0,0,1
EMP030,2026-03-10,68,Relationship Manager,Bangalore,COHORT027,0,59,81,0,0,0,221,69,69,69,0.0,0.0,0.0,0.0,0.0,0.0,0.0,0.0,5,0,0,1
EMP030,2026-03-11,69,Relationship Manager,Bangalore,COHORT027,0,69,82,0,0,0,209,70,70,70,0.0,0.0,0.0,0.0,0.0,0.0,0.0,0.0,5,0,0,1
EMP030,2026-03-12,70,Relationship Manager,Bangalore,COHORT027,0,43,114,0,0,0,239,71,71,71,0.0,0.0,0.0,0.0,0.0,0.0,0.0,0.0,5,0,0,1
EMP030,2026-03-13,71,Relationship Manager,Bangalore,COHORT027,0,62,103,0,0,0,242,72,72,72,0.0,0.0,0.0,0.0,0.0,0.0,0.0,0.0,5,0,0,1
EMP030,2026-03-14,72,Relationship Manager,Bangalore,COHORT027,0,3,14,0,0,0,25,73,73,73,0.0,0.0,0.0,0.0,0.0,0.0,0.0,0.0,5,0,0,1
EMP030,2026-03-15,73,Relationship Manager,Bangalore,COHORT027,0,3,4,0,0,0,8,74,74,74,0.0,0.0,0.0,0.0,0.0,0.0,0.0,40.0,3,2,0,1
EMP030,2026-03-16,74,Relationship Manager,Bangalore,COHORT027,0,53,92,0,0,0,208,75,75,75,0.0,0.0,0.0,0.0,0.0,0.0,0.0,0.0,5,0,0,1
EMP030,2026-03-17,75,Relationship Manager,Bangalore,COHORT027,0,55,89,0,0,0,220,76,76,76,0.0,0.0,0.0,0.0,0.0,0.0,0.0,0.0,5,0,0,1
EMP030,2026-03-18,76,Relationship Manager,Bangalore,COHORT027,0,43,88,0,0,0,207,77,77,77,0.0,0.0,0.0,0.0,0.0,0.0,0.0,0.0,5,0,0,1
EMP030,2026-03-19,77,Relationship Manager,Bangalore,COHORT027,0,63,107,0,0,0,252,78,78,78,0.0,0.0,0.0,0.0,0.0,0.0,0.0,0.0,5,0,0,1
EMP030,2026-03-20,78,Relationship Manager,Bangalore,COHORT027,0,71,83,0,0,0,226,79,79,79,0.0,0.0,0.0,0.0,0.0,0.0,0.0,0.0,5,0,0,1
EMP030,2026-03-21,79,Relationship Manager,Bangalore,COHORT027,0,1,5,0,0,0,9,80,80,80,0.0,0.0,0.0,0.0,0.0,0.0,0.0,20.0,4,1,0,1
EMP030,2026-03-22,80,Relationship Manager,Bangalore,COHORT027,0,12,28,0,0,0,53,81,81,81,0.0,0.0,0.0,0.0,0.0,0.0,0.0,0.0,5,0,0,1
EMP030,2026-03-23,81,Relationship Manager,Bangalore,COHORT027,0,39,73,0,0,0,215,82,82,82,0.0,0.0,0.0,0.0,0.0,0.0,0.0,0.0,5,0,0,1
EMP030,2026-03-24,82,Relationship Manager,Bangalore,COHORT027,0,54,90,0,0,0,206,83,83,83,0.0,0.0,0.0,0.0,0.0,0.0,0.0,0.0,5,0,0,1
EMP030,2026-03-25,83,Relationship Manager,Bangalore,COHORT027,0,64,120,0,0,0,270,84,84,84,0.0,0.0,0.0,0.0,0.0,0.0,0.0,0.0,5,0,0,1
EMP030,2026-03-26,84,Relationship Manager,Bangalore,COHORT027,0,60,79,0,0,0,217,85,85,85,0.0,0.0,0.0,0.0,0.0,0.0,0.0,0.0,5,0,0,1
EMP030,2026-03-27,85,Relationship Manager,Bangalore,COHORT027,0,39,96,0,0,0,209,86,86,86,0.0,0.0,0.0,0.0,0.0,0.0,0.0,0.0,5,0,0,1
EMP030,2026-03-28,86,Relationship Manager,Bangalore,COHORT027,0,7,14,0,0,0,31,87,87,87,0.0,0.0,0.0,0.0,0.0,0.0,0.0,0.0,5,0,0,1
EMP030,2026-03-29,87,Relationship Manager,Bangalore,COHORT027,0,3,10,0,0,0,17,88,88,88,0.0,0.0,0.0,0.0,0.0,0.0,0.0,20.0,4,1,0,1
EMP030,2026-03-30,88,Relationship Manager,Bangalore,COHORT027,0,58,103,0,0,0,245,89,89,89,0.0,0.0,0.0,0.0,0.0,0.0,0.0,0.0,5,0,0,1
EMP030,2026-03-31,89,Relationship Manager,Bangalore,COHORT027,0,54,105,0,0,0,242,90,90,90,0.0,0.0,0.0,0.0,0.0,0.0,0.0,0.0,5,0,0,1
EMP031,2026-01-01,0,Relationship Manager,Surat,COHORT028,0,37,99,0,0,0,222,1,1,1,0.0,0.0,0.0,0.0,0.0,0.0,0.0,0.0,5,0,0,1
EMP031,2026-01-02,1,Relationship Manager,Surat,COHORT028,0,57,113,0,0,0,247,2,2,2,0.0,0.0,0.0,0.0,0.0,0.0,0.0,0.0,5,0,0,1
EMP031,2026-01-03,2,Relationship Manager,Surat,COHORT028,0,3,8,0,0,0,16,3,3,3,0.0,0.0,0.0,0.0,0.0,0.0,0.0,20.0,4,1,0,1
EMP031,2026-01-04,3,Relationship Manager,Surat,COHORT028,0,2,7,0,0,0,11,4,4,4,0.0,0.0,0.0,0.0,0.0,0.0,0.0,20.0,4,1,0,1
EMP031,2026-01-05,4,Relationship Manager,Surat,COHORT028,0,60,134,0,0,0,271,5,5,5,0.0,0.0,0.0,0.0,0.0,0.0,0.0,0.0,5,0,0,1
EMP031,2026-01-06,5,Relationship Manager,Surat,COHORT028,0,59,122,0,0,0,266,6,6,6,0.0,0.0,0.0,0.0,0.0,0.0,0.0,0.0,5,0,0,1
EMP031,2026-01-07,6,Relationship Manager,Surat,COHORT028,0,52,103,0,0,0,224,7,7,7,0.0,0.0,0.0,0.0,0.0,0.0,0.0,0.0,5,0,0,1
EMP031,2026-01-08,7,Relationship Manager,Surat,COHORT028,0,32,139,0,0,0,224,8,8,8,0.0,0.0,0.0,0.0,0.0,0.0,0.0,0.0,5,0,0,1
EMP031,2026-01-09,8,Relationship Manager,Surat,COHORT028,0,64,118,0,0,0,238,9,9,9,0.0,0.0,0.0,0.0,0.0,0.0,0.0,0.0,5,0,0,1
EMP031,2026-01-10,9,Relationship Manager,Surat,COHORT028,0,8,17,0,0,0,33,10,10,10,0.0,0.0,0.0,0.0,0.0,0.0,0.0,20.0,4,1,0,1
EMP031,2026-01-11,10,Relationship Manager,Surat,COHORT028,0,7,10,0,0,0,24,11,11,11,0.0,0.0,0.0,0.0,0.0,0.0,0.0,0.0,5,0,0,1
EMP031,2026-01-12,11,Relationship Manager,Surat,COHORT028,0,40,101,0,0,0,207,12,12,12,0.0,0.0,0.0,0.0,0.0,0.0,0.0,0.0,5,0,0,1
EMP031,2026-01-13,12,Relationship Manager,Surat,COHORT028,0,62,93,0,0,0,211,13,13,13,0.0,0.0,0.0,0.0,0.0,0.0,0.0,0.0,5,0,0,1
EMP031,2026-01-14,13,Relationship Manager,Surat,COHORT028,0,62,92,0,0,0,222,14,14,14,0.0,0.0,0.0,0.0,0.0,0.0,0.0,0.0,5,0,0,1
EMP031,2026-01-15,14,Relationship Manager,Surat,COHORT028,0,46,95,0,0,0,218,15,15,15,0.0,0.0,0.0,0.0,0.0,0.0,0.0,0.0,5,0,0,1
EMP031,2026-01-16,15,Relationship Manager,Surat,COHORT028,0,29,108,0,0,0,206,16,16,16,0.0,0.0,0.0,0.0,0.0,0.0,0.0,0.0,5,0,0,1
EMP031,2026-01-17,16,Relationship Manager,Surat,COHORT028,0,6,18,0,0,0,31,17,17,17,0.0,0.0,0.0,0.0,0.0,0.0,0.0,20.0,4,1,0,1
EMP031,2026-01-18,17,Relationship Manager,Surat,COHORT028,0,8,23,0,0,0,44,18,18,18,0.0,0.0,0.0,0.0,0.0,0.0,0.0,0.0,5,0,0,1
EMP031,2026-01-19,18,Relationship Manager,Surat,COHORT028,0,60,113,0,0,0,252,19,19,19,0.0,0.0,0.0,0.0,0.0,0.0,0.0,0.0,5,0,0,1
EMP031,2026-01-20,19,Relationship Manager,Surat,COHORT028,0,32,105,0,0,0,220,20,20,20,0.0,0.0,0.0,0.0,0.0,0.0,0.0,0.0,5,0,0,1
EMP031,2026-01-21,20,Relationship Manager,Surat,COHORT028,0,68,96,0,0,0,247,21,21,21,0.0,0.0,0.0,0.0,0.0,0.0,0.0,0.0,5,0,0,1
EMP031,2026-01-22,21,Relationship Manager,Surat,COHORT028,0,59,76,0,0,0,207,22,22,22,0.0,0.0,0.0,0.0,0.0,0.0,0.0,0.0,5,0,0,1
EMP031,2026-01-23,22,Relationship Manager,Surat,COHORT028,0,54,133,0,0,0,258,23,23,23,0.0,0.0,0.0,0.0,0.0,0.0,0.0,0.0,5,0,0,1
EMP031,2026-01-24,23,Relationship Manager,Surat,COHORT028,0,0,1,0,0,0,1,24,24,24,0.0,0.0,0.0,0.0,0.0,0.0,0.0,80.0,1,4,0,1
EMP031,2026-01-25,24,Relationship Manager,Surat,COHORT028,0,3,9,0,0,0,17,25,25,25,0.0,0.0,0.0,0.0,0.0,0.0,0.0,0.0,5,0,0,1
EMP031,2026-01-26,25,Relationship Manager,Surat,COHORT028,0,53,78,0,0,0,206,26,26,26,0.0,0.0,0.0,0.0,0.0,0.0,0.0,0.0,5,0,0,1
EMP031,2026-01-27,26,Relationship Manager,Surat,COHORT028,0,39,89,0,0,0,204,27,27,27,0.0,0.0,0.0,0.0,0.0,0.0,0.0,0.0,5,0,0,1
EMP031,2026-01-28,27,Relationship Manager,Surat,COHORT028,0,31,109,0,0,0,211,28,28,28,0.0,0.0,0.0,0.0,0.0,0.0,0.0,0.0,5,0,0,1
EMP031,2026-01-29,28,Relationship Manager,Surat,COHORT028,0,55,126,0,0,0,247,29,29,29,0.0,0.0,0.0,0.0,0.0,0.0,0.0,0.0,5,0,0,1
EMP031,2026-01-30,29,Relationship Manager,Surat,COHORT028,0,43,101,0,0,0,221,30,30,30,0.0,0.0,0.0,0.0,0.0,0.0,0.0,0.0,5,0,0,1
EMP031,2026-01-31,30,Relationship Manager,Surat,COHORT028,0,5,12,0,0,0,25,31,31,31,0.0,0.0,0.0,0.0,0.0,0.0,0.0,0.0,5,0,0,1
EMP031,2026-02-01,31,Relationship Manager,Surat,COHORT028,0,7,24,0,0,0,44,32,32,32,0.0,0.0,0.0,0.0,0.0,0.0,0.0,0.0,5,0,0,1
EMP031,2026-02-02,32,Relationship Manager,Surat,COHORT028,0,33,76,0,0,0,189,33,33,33,0.0,0.0,0.0,0.0,0.0,0.0,0.0,0.0,5,0,0,1
EMP031,2026-02-03,33,Relationship Manager,Surat,COHORT028,0,62,114,0,0,0,247,34,34,34,0.0,0.0,0.0,0.0,0.0,0.0,0.0,0.0,5,0,0,1
EMP031,2026-02-04,34,Relationship Manager,Surat,COHORT028,0,73,103,0,0,0,255,35,35,35,0.0,0.0,0.0,0.0,0.0,0.0,0.0,0.0,5,0,0,1
EMP031,2026-02-05,35,Relationship Manager,Surat,COHORT028,0,31,108,0,0,0,219,36,36,36,0.0,0.0,0.0,0.0,0.0,0.0,0.0,0.0,5,0,0,1
EMP031,2026-02-06,36,Relationship Manager,Surat,COHORT028,0,46,139,0,0,0,252,37,37,37,0.0,0.0,0.0,0.0,0.0,0.0,0.0,0.0,5,0,0,1
EMP031,2026-02-07,37,Relationship Manager,Surat,COHORT028,0,5,10,0,0,0,21,38,38,38,0.0,0.0,0.0,0.0,0.0,0.0,0.0,20.0,4,1,0,1
EMP031,2026-02-08,38,Relationship Manager,Surat,COHORT028,0,8,24,0,0,0,47,39,39,39,0.0,0.0,0.0,0.0,0.0,0.0,0.0,0.0,5,0,0,1
EMP031,2026-02-09,39,Relationship Manager,Surat,COHORT028,0,51,85,0,0,0,193,40,40,40,0.0,0.0,0.0,0.0,0.0,0.0,0.0,0.0,5,0,0,1
EMP031,2026-02-10,40,Relationship Manager,Surat,COHORT028,0,39,97,0,0,0,204,41,41,41,0.0,0.0,0.0,0.0,0.0,0.0,0.0,0.0,5,0,0,1
EMP031,2026-02-11,41,Relationship Manager,Surat,COHORT028,0,51,103,0,0,0,227,42,42,42,0.0,0.0,0.0,0.0,0.0,0.0,0.0,0.0,5,0,0,1
EMP031,2026-02-12,42,Relationship Manager,Surat,COHORT028,0,56,128,0,0,0,259,43,43,43,0.0,0.0,0.0,0.0,0.0,0.0,0.0,0.0,5,0,0,1
EMP031,2026-02-13,43,Relationship Manager,Surat,COHORT028,0,44,122,0,0,0,224,44,44,44,0.0,0.0,0.0,0.0,0.0,0.0,0.0,0.0,5,0,0,1
EMP031,2026-02-14,44,Relationship Manager,Surat,COHORT028,0,3,8,0,0,0,17,45,45,45,0.0,0.0,0.0,0.0,0.0,0.0,0.0,0.0,5,0,0,1
EMP031,2026-02-15,45,Relationship Manager,Surat,COHORT028,0,14,14,0,0,0,42,46,46,46,0.0,0.0,0.0,0.0,0.0,0.0,0.0,0.0,5,0,0,1
EMP031,2026-02-16,46,Relationship Manager,Surat,COHORT028,0,50,88,0,0,0,212,47,47,47,0.0,0.0,0.0,0.0,0.0,0.0,0.0,0.0,5,0,0,1
EMP031,2026-02-17,47,Relationship Manager,Surat,COHORT028,0,72,87,0,0,0,229,48,48,48,0.0,0.0,0.0,0.0,0.0,0.0,0.0,0.0,5,0,0,1
EMP031,2026-02-18,48,Relationship Manager,Surat,COHORT028,0,55,140,0,0,0,287,49,49,49,0.0,0.0,0.0,0.0,0.0,0.0,0.0,0.0,5,0,0,1
EMP031,2026-02-19,49,Relationship Manager,Surat,COHORT028,0,72,119,0,0,0,260,50,50,50,0.0,0.0,0.0,0.0,0.0,0.0,0.0,0.0,5,0,0,1
EMP031,2026-02-20,50,Relationship Manager,Surat,COHORT028,0,61,113,0,0,0,255,51,51,51,0.0,0.0,0.0,0.0,0.0,0.0,0.0,0.0,5,0,0,1
EMP031,2026-02-21,51,Relationship Manager,Surat,COHORT028,0,9,11,0,0,0,28,52,52,52,0.0,0.0,0.0,0.0,0.0,0.0,0.0,0.0,5,0,0,1
EMP031,2026-02-22,52,Relationship Manager,Surat,COHORT028,0,8,13,0,0,0,31,53,53,53,0.0,0.0,0.0,0.0,0.0,0.0,0.0,0.0,5,0,0,1
EMP031,2026-02-23,53,Relationship Manager,Surat,COHORT028,0,33,99,0,0,0,198,54,54,54,0.0,0.0,0.0,0.0,0.0,0.0,0.0,0.0,5,0,0,1
EMP031,2026-02-24,54,Relationship Manager,Surat,COHORT028,0,49,127,0,0,0,236,55,55,55,0.0,0.0,0.0,0.0,0.0,0.0,0.0,0.0,5,0,0,1
EMP031,2026-02-25,55,Relationship Manager,Surat,COHORT028,0,49,110,0,0,0,225,56,56,56,0.0,0.0,0.0,0.0,0.0,0.0,0.0,0.0,5,0,0,1
EMP031,2026-02-26,56,Relationship Manager,Surat,COHORT028,0,36,106,0,0,0,228,57,57,57,0.0,0.0,0.0,0.0,0.0,0.0,0.0,0.0,5,0,0,1
EMP031,2026-02-27,57,Relationship Manager,Surat,COHORT028,0,29,102,0,0,0,207,58,58,58,0.0,0.0,0.0,0.0,0.0,0.0,0.0,0.0,5,0,0,1
EMP031,2026-02-28,58,Relationship Manager,Surat,COHORT028,0,6,11,0,0,0,24,59,59,59,0.0,0.0,0.0,0.0,0.0,0.0,0.0,0.0,5,0,0,1
EMP031,2026-03-01,59,Relationship Manager,Surat,COHORT028,0,10,19,0,0,0,46,60,60,60,0.0,0.0,0.0,0.0,0.0,0.0,0.0,0.0,5,0,0,1
EMP031,2026-03-02,60,Relationship Manager,Surat,COHORT028,0,65,111,0,0,0,253,61,61,61,0.0,0.0,0.0,0.0,0.0,0.0,0.0,0.0,5,0,0,1
EMP031,2026-03-03,61,Relationship Manager,Surat,COHORT028,0,71,123,0,0,0,280,62,62,62,0.0,0.0,0.0,0.0,0.0,0.0,0.0,0.0,5,0,0,1
EMP031,2026-03-04,62,Relationship Manager,Surat,COHORT028,0,44,97,0,0,0,237,63,63,63,0.0,0.0,0.0,0.0,0.0,0.0,0.0,0.0,5,0,0,1
EMP031,2026-03-05,63,Relationship Manager,Surat,COHORT028,0,73,72,0,0,0,210,64,64,64,0.0,0.0,0.0,0.0,0.0,0.0,0.0,0.0,5,0,0,1
EMP031,2026-03-06,64,Relationship Manager,Surat,COHORT028,0,35,83,0,0,0,199,65,65,65,0.0,0.0,0.0,0.0,0.0,0.0,0.0,0.0,5,0,0,1
EMP031,2026-03-07,65,Relationship Manager,Surat,COHORT028,0,1,3,0,0,0,6,66,66,66,0.0,0.0,0.0,0.0,0.0,0.0,0.0,20.0,4,1,0,1
EMP031,2026-03-08,66,Relationship Manager,Surat,COHORT028,0,8,14,0,0,0,36,67,67,67,0.0,0.0,0.0,0.0,0.0,0.0,0.0,0.0,5,0,0,1
EMP031,2026-03-09,67,Relationship Manager,Surat,COHORT028,0,50,96,0,0,0,235,68,68,68,0.0,0.0,0.0,0.0,0.0,0.0,0.0,0.0,5,0,0,1
EMP031,2026-03-10,68,Relationship Manager,Surat,COHORT028,0,45,130,0,0,0,238,69,69,69,0.0,0.0,0.0,0.0,0.0,0.0,0.0,0.0,5,0,0,1
EMP031,2026-03-11,69,Relationship Manager,Surat,COHORT028,0,41,121,0,0,0,241,70,70,70,0.0,0.0,0.0,0.0,0.0,0.0,0.0,0.0,5,0,0,1
EMP031,2026-03-12,70,Relationship Manager,Surat,COHORT028,0,39,109,0,0,0,224,71,71,71,0.0,0.0,0.0,0.0,0.0,0.0,0.0,0.0,5,0,0,1
EMP031,2026-03-13,71,Relationship Manager,Surat,COHORT028,0,43,108,0,0,0,211,72,72,72,0.0,0.0,0.0,0.0,0.0,0.0,0.0,0.0,5,0,0,1
EMP031,2026-03-14,72,Relationship Manager,Surat,COHORT028,0,15,20,0,0,0,51,73,73,73,0.0,0.0,0.0,0.0,0.0,0.0,0.0,0.0,5,0,0,1
EMP031,2026-03-15,73,Relationship Manager,Surat,COHORT028,0,6,13,0,0,0,27,74,74,74,0.0,0.0,0.0,0.0,0.0,0.0,0.0,0.0,5,0,0,1
EMP031,2026-03-16,74,Relationship Manager,Surat,COHORT028,0,56,96,0,0,0,219,75,75,75,0.0,0.0,0.0,0.0,0.0,0.0,0.0,0.0,5,0,0,1
EMP031,2026-03-17,75,Relationship Manager,Surat,COHORT028,0,33,113,0,0,0,212,76,76,76,0.0,0.0,0.0,0.0,0.0,0.0,0.0,0.0,5,0,0,1
EMP031,2026-03-18,76,Relationship Manager,Surat,COHORT028,0,52,128,0,0,0,241,77,77,77,0.0,0.0,0.0,0.0,0.0,0.0,0.0,0.0,5,0,0,1
EMP031,2026-03-19,77,Relationship Manager,Surat,COHORT028,0,43,134,0,0,0,248,78,78,78,0.0,0.0,0.0,0.0,0.0,0.0,0.0,0.0,5,0,0,1
EMP031,2026-03-20,78,Relationship Manager,Surat,COHORT028,0,69,115,0,0,0,253,79,79,79,0.0,0.0,0.0,0.0,0.0,0.0,0.0,0.0,5,0,0,1
EMP031,2026-03-21,79,Relationship Manager,Surat,COHORT028,0,10,20,0,0,0,45,80,80,80,0.0,0.0,0.0,0.0,0.0,0.0,0.0,0.0,5,0,0,1
EMP031,2026-03-22,80,Relationship Manager,Surat,COHORT028,0,1,2,0,0,0,3,81,81,81,0.0,0.0,0.0,0.0,0.0,0.0,0.0,60.0,2,3,0,1
EMP031,2026-03-23,81,Relationship Manager,Surat,COHORT028,0,37,126,0,0,0,214,82,82,82,0.0,0.0,0.0,0.0,0.0,0.0,0.0,0.0,5,0,0,1
EMP031,2026-03-24,82,Relationship Manager,Surat,COHORT028,0,46,105,0,0,0,208,83,83,83,0.0,0.0,0.0,0.0,0.0,0.0,0.0,0.0,5,0,0,1
EMP031,2026-03-25,83,Relationship Manager,Surat,COHORT028,0,52,114,0,0,0,245,84,84,84,0.0,0.0,0.0,0.0,0.0,0.0,0.0,0.0,5,0,0,1
EMP031,2026-03-26,84,Relationship Manager,Surat,COHORT028,0,35,75,0,0,0,190,85,85,85,0.0,0.0,0.0,0.0,0.0,0.0,0.0,0.0,5,0,0,1
EMP031,2026-03-27,85,Relationship Manager,Surat,COHORT028,0,36,95,0,0,0,207,86,86,86,0.0,0.0,0.0,0.0,0.0,0.0,0.0,0.0,5,0,0,1
EMP031,2026-03-28,86,Relationship Manager,Surat,COHORT028,0,2,6,0,0,0,12,87,87,87,0.0,0.0,0.0,0.0,0.0,0.0,0.0,20.0,4,1,0,1
EMP031,2026-03-29,87,Relationship Manager,Surat,COHORT028,0,3,9,0,0,0,18,88,88,88,0.0,0.0,0.0,0.0,0.0,0.0,0.0,0.0,5,0,0,1
EMP031,2026-03-30,88,Relationship Manager,Surat,COHORT028,0,55,111,0,0,0,224,89,89,89,0.0,0.0,0.0,0.0,0.0,0.0,0.0,0.0,5,0,0,1
EMP031,2026-03-31,89,Relationship Manager,Surat,COHORT028,0,42,87,0,0,0,183,90,90,90,0.0,0.0,0.0,0.0,0.0,0.0,0.0,0.0,5,0,0,1
EMP032,2026-01-01,0,Relationship Manager,Bangalore,COHORT027,0,61,106,0,0,0,232,1,1,1,0.0,0.0,0.0,0.0,0.0,0.0,0.0,0.0,5,0,0,1
EMP032,2026-01-02,1,Relationship Manager,Bangalore,COHORT027,0,33,121,0,0,0,220,2,2,2,0.0,0.0,0.0,0.0,0.0,0.0,0.0,0.0,5,0,0,1
EMP032,2026-01-03,2,Relationship Manager,Bangalore,COHORT027,0,1,5,0,0,0,8,3,3,3,0.0,0.0,0.0,0.0,0.0,0.0,0.0,20.0,4,1,0,1
EMP032,2026-01-04,3,Relationship Manager,Bangalore,COHORT027,0,2,7,0,0,0,12,4,4,4,0.0,0.0,0.0,0.0,0.0,0.0,0.0,20.0,4,1,0,1
EMP032,2026-01-05,4,Relationship Manager,Bangalore,COHORT027,0,39,110,0,0,0,216,5,5,5,0.0,0.0,0.0,0.0,0.0,0.0,0.0,0.0,5,0,0,1
EMP032,2026-01-06,5,Relationship Manager,Bangalore,COHORT027,0,74,106,0,0,0,273,6,6,6,0.0,0.0,0.0,0.0,0.0,0.0,0.0,0.0,5,0,0,1
EMP032,2026-01-07,6,Relationship Manager,Bangalore,COHORT027,0,67,73,0,0,0,216,7,7,7,0.0,0.0,0.0,0.0,0.0,0.0,0.0,0.0,5,0,0,1
EMP032,2026-01-08,7,Relationship Manager,Bangalore,COHORT027,0,64,90,0,0,0,236,8,8,8,0.0,0.0,0.0,0.0,0.0,0.0,0.0,0.0,5,0,0,1
EMP032,2026-01-09,8,Relationship Manager,Bangalore,COHORT027,0,60,79,0,0,0,201,9,9,9,0.0,0.0,0.0,0.0,0.0,0.0,0.0,0.0,5,0,0,1
EMP032,2026-01-10,9,Relationship Manager,Bangalore,COHORT027,0,6,12,0,0,0,27,10,10,10,0.0,0.0,0.0,0.0,0.0,0.0,0.0,0.0,5,0,0,1
EMP032,2026-01-11,10,Relationship Manager,Bangalore,COHORT027,0,0,1,0,0,0,1,11,11,11,0.0,0.0,0.0,0.0,0.0,0.0,0.0,80.0,1,4,0,1
EMP032,2026-01-12,11,Relationship Manager,Bangalore,COHORT027,0,69,79,0,0,0,192,12,12,12,0.0,0.0,0.0,0.0,0.0,0.0,0.0,0.0,5,0,0,1
EMP032,2026-01-13,12,Relationship Manager,Bangalore,COHORT027,0,56,98,0,0,0,210,13,13,13,0.0,0.0,0.0,0.0,0.0,0.0,0.0,0.0,5,0,0,1
EMP032,2026-01-14,13,Relationship Manager,Bangalore,COHORT027,0,31,99,0,0,0,195,14,14,14,0.0,0.0,0.0,0.0,0.0,0.0,0.0,0.0,5,0,0,1
EMP032,2026-01-15,14,Relationship Manager,Bangalore,COHORT027,0,30,80,0,0,0,204,15,15,15,0.0,0.0,0.0,0.0,0.0,0.0,0.0,0.0,5,0,0,1
EMP032,2026-01-16,15,Relationship Manager,Bangalore,COHORT027,0,66,77,0,0,0,211,16,16,16,0.0,0.0,0.0,0.0,0.0,0.0,0.0,0.0,5,0,0,1
EMP032,2026-01-17,16,Relationship Manager,Bangalore,COHORT027,0,14,26,0,0,0,56,17,17,17,0.0,0.0,0.0,0.0,0.0,0.0,0.0,0.0,5,0,0,1
EMP032,2026-01-18,17,Relationship Manager,Bangalore,COHORT027,0,4,10,0,0,0,19,18,18,18,0.0,0.0,0.0,0.0,0.0,0.0,0.0,20.0,4,1,0,1
EMP032,2026-01-19,18,Relationship Manager,Bangalore,COHORT027,0,66,80,0,0,0,227,19,19,19,0.0,0.0,0.0,0.0,0.0,0.0,0.0,0.0,5,0,0,1
EMP032,2026-01-20,19,Relationship Manager,Bangalore,COHORT027,0,48,125,0,0,0,246,20,20,20,0.0,0.0,0.0,0.0,0.0,0.0,0.0,0.0,5,0,0,1
EMP032,2026-01-21,20,Relationship Manager,Bangalore,COHORT027,0,41,75,0,0,0,194,21,21,21,0.0,0.0,0.0,0.0,0.0,0.0,0.0,0.0,5,0,0,1
EMP032,2026-01-22,21,Relationship Manager,Bangalore,COHORT027,0,69,114,0,0,0,258,22,22,22,0.0,0.0,0.0,0.0,0.0,0.0,0.0,0.0,5,0,0,1
EMP032,2026-01-23,22,Relationship Manager,Bangalore,COHORT027,0,42,112,0,0,0,220,23,23,23,0.0,0.0,0.0,0.0,0.0,0.0,0.0,0.0,5,0,0,1
EMP032,2026-01-24,23,Relationship Manager,Bangalore,COHORT027,0,6,10,0,0,0,24,24,24,24,0.0,0.0,0.0,0.0,0.0,0.0,0.0,0.0,5,0,0,1
EMP032,2026-01-25,24,Relationship Manager,Bangalore,COHORT027,0,3,4,0,0,0,9,25,25,25,0.0,0.0,0.0,0.0,0.0,0.0,0.0,20.0,4,1,0,1
EMP032,2026-01-26,25,Relationship Manager,Bangalore,COHORT027,0,57,76,0,0,0,196,26,26,26,0.0,0.0,0.0,0.0,0.0,0.0,0.0,0.0,5,0,0,1
EMP032,2026-01-27,26,Relationship Manager,Bangalore,COHORT027,0,69,124,0,0,0,260,27,27,27,0.0,0.0,0.0,0.0,0.0,0.0,0.0,0.0,5,0,0,1
EMP032,2026-01-28,27,Relationship Manager,Bangalore,COHORT027,0,59,111,0,0,0,255,28,28,28,0.0,0.0,0.0,0.0,0.0,0.0,0.0,0.0,5,0,0,1
EMP032,2026-01-29,28,Relationship Manager,Bangalore,COHORT027,0,54,103,0,0,0,213,29,29,29,0.0,0.0,0.0,0.0,0.0,0.0,0.0,0.0,5,0,0,1
EMP032,2026-01-30,29,Relationship Manager,Bangalore,COHORT027,0,58,78,0,0,0,202,30,30,30,0.0,0.0,0.0,0.0,0.0,0.0,0.0,0.0,5,0,0,1
EMP032,2026-01-31,30,Relationship Manager,Bangalore,COHORT027,0,2,7,0,0,0,14,31,31,31,0.0,0.0,0.0,0.0,0.0,0.0,0.0,0.0,5,0,0,1
EMP032,2026-02-01,31,Relationship Manager,Bangalore,COHORT027,0,3,6,0,0,0,14,32,32,32,0.0,0.0,0.0,0.0,0.0,0.0,0.0,20.0,4,1,0,1
EMP032,2026-02-02,32,Relationship Manager,Bangalore,COHORT027,0,65,96,0,0,0,234,33,33,33,0.0,0.0,0.0,0.0,0.0,0.0,0.0,0.0,5,0,0,1
EMP032,2026-02-03,33,Relationship Manager,Bangalore,COHORT027,0,50,90,0,0,0,202,34,34,34,0.0,0.0,0.0,0.0,0.0,0.0,0.0,0.0,5,0,0,1
EMP032,2026-02-04,34,Relationship Manager,Bangalore,COHORT027,0,30,82,0,0,0,184,35,35,35,0.0,0.0,0.0,0.0,0.0,0.0,0.0,0.0,5,0,0,1
EMP032,2026-02-05,35,Relationship Manager,Bangalore,COHORT027,0,39,118,0,0,0,224,36,36,36,0.0,0.0,0.0,0.0,0.0,0.0,0.0,0.0,5,0,0,1
EMP032,2026-02-06,36,Relationship Manager,Bangalore,COHORT027,0,37,119,0,0,0,217,37,37,37,0.0,0.0,0.0,0.0,0.0,0.0,0.0,0.0,5,0,0,1
EMP032,2026-02-07,37,Relationship Manager,Bangalore,COHORT027,0,5,7,0,0,0,16,38,38,38,0.0,0.0,0.0,0.0,0.0,0.0,0.0,20.0,4,1,0,1
EMP032,2026-02-08,38,Relationship Manager,Bangalore,COHORT027,0,0,1,0,0,0,1,39,39,39,0.0,0.0,0.0,0.0,0.0,0.0,0.0,80.0,1,4,0,1
EMP032,2026-02-09,39,Relationship Manager,Bangalore,COHORT027,0,37,100,0,0,0,206,40,40,40,0.0,0.0,0.0,0.0,0.0,0.0,0.0,0.0,5,0,0,1
EMP032,2026-02-10,40,Relationship Manager,Bangalore,COHORT027,0,35,129,0,0,0,238,41,41,41,0.0,0.0,0.0,0.0,0.0,0.0,0.0,0.0,5,0,0,1
EMP032,2026-02-11,41,Relationship Manager,Bangalore,COHORT027,0,37,115,0,0,0,228,42,42,42,0.0,0.0,0.0,0.0,0.0,0.0,0.0,0.0,5,0,0,1
EMP032,2026-02-12,42,Relationship Manager,Bangalore,COHORT027,0,51,85,0,0,0,212,43,43,43,0.0,0.0,0.0,0.0,0.0,0.0,0.0,0.0,5,0,0,1
EMP032,2026-02-13,43,Relationship Manager,Bangalore,COHORT027,0,57,78,0,0,0,199,44,44,44,0.0,0.0,0.0,0.0,0.0,0.0,0.0,0.0,5,0,0,1
EMP032,2026-02-14,44,Relationship Manager,Bangalore,COHORT027,0,10,20,0,0,0,45,45,45,45,0.0,0.0,0.0,0.0,0.0,0.0,0.0,0.0,5,0,0,1
EMP032,2026-02-15,45,Relationship Manager,Bangalore,COHORT027,0,0,0,0,0,0,0,46,46,46,0.0,0.0,0.0,0.0,0.0,0.0,0.0,100.0,0,5,0,1
EMP032,2026-02-16,46,Relationship Manager,Bangalore,COHORT027,0,33,94,0,0,0,205,47,47,47,0.0,0.0,0.0,0.0,0.0,0.0,0.0,0.0,5,0,0,1
EMP032,2026-02-17,47,Relationship Manager,Bangalore,COHORT027,0,54,133,0,0,0,235,48,48,48,0.0,0.0,0.0,0.0,0.0,0.0,0.0,0.0,5,0,0,1
EMP032,2026-02-18,48,Relationship Manager,Bangalore,COHORT027,0,46,136,0,0,0,243,49,49,49,0.0,0.0,0.0,0.0,0.0,0.0,0.0,0.0,5,0,0,1
EMP032,2026-02-19,49,Relationship Manager,Bangalore,COHORT027,0,46,119,0,0,0,230,50,50,50,0.0,0.0,0.0,0.0,0.0,0.0,0.0,0.0,5,0,0,1
EMP032,2026-02-20,50,Relationship Manager,Bangalore,COHORT027,0,63,90,0,0,0,220,51,51,51,0.0,0.0,0.0,0.0,0.0,0.0,0.0,0.0,5,0,0,1
EMP032,2026-02-21,51,Relationship Manager,Bangalore,COHORT027,0,12,23,0,0,0,48,52,52,52,0.0,0.0,0.0,0.0,0.0,0.0,0.0,0.0,5,0,0,1
EMP032,2026-02-22,52,Relationship Manager,Bangalore,COHORT027,0,9,21,0,0,0,38,53,53,53,0.0,0.0,0.0,0.0,0.0,0.0,0.0,0.0,5,0,0,1
EMP032,2026-02-23,53,Relationship Manager,Bangalore,COHORT027,0,36,91,0,0,0,206,54,54,54,0.0,0.0,0.0,0.0,0.0,0.0,0.0,0.0,5,0,0,1
EMP032,2026-02-24,54,Relationship Manager,Bangalore,COHORT027,0,62,101,0,0,0,236,55,55,55,0.0,0.0,0.0,0.0,0.0,0.0,0.0,0.0,5,0,0,1
EMP032,2026-02-25,55,Relationship Manager,Bangalore,COHORT027,0,56,88,0,0,0,206,56,56,56,0.0,0.0,0.0,0.0,0.0,0.0,0.0,0.0,5,0,0,1
EMP032,2026-02-26,56,Relationship Manager,Bangalore,COHORT027,0,67,102,0,0,0,245,57,57,57,0.0,0.0,0.0,0.0,0.0,0.0,0.0,0.0,5,0,0,1
EMP032,2026-02-27,57,Relationship Manager,Bangalore,COHORT027,0,34,121,0,0,0,235,58,58,58,0.0,0.0,0.0,0.0,0.0,0.0,0.0,0.0,5,0,0,1
EMP032,2026-02-28,58,Relationship Manager,Bangalore,COHORT027,0,11,26,0,0,0,52,59,59,59,0.0,0.0,0.0,0.0,0.0,0.0,0.0,0.0,5,0,0,1
EMP032,2026-03-01,59,Relationship Manager,Bangalore,COHORT027,0,1,4,0,0,0,6,60,60,60,0.0,0.0,0.0,0.0,0.0,0.0,0.0,40.0,3,2,0,1
EMP032,2026-03-02,60,Relationship Manager,Bangalore,COHORT027,0,67,99,0,0,0,251,61,61,61,0.0,0.0,0.0,0.0,0.0,0.0,0.0,0.0,5,0,0,1
EMP032,2026-03-03,61,Relationship Manager,Bangalore,COHORT027,0,40,77,0,0,0,206,62,62,62,0.0,0.0,0.0,0.0,0.0,0.0,0.0,0.0,5,0,0,1
EMP032,2026-03-04,62,Relationship Manager,Bangalore,COHORT027,0,32,68,0,0,0,154,63,63,63,0.0,0.0,0.0,0.0,0.0,0.0,0.0,0.0,5,0,0,1
EMP032,2026-03-05,63,Relationship Manager,Bangalore,COHORT027,0,57,88,0,0,0,226,64,64,64,0.0,0.0,0.0,0.0,0.0,0.0,0.0,0.0,5,0,0,1
EMP032,2026-03-06,64,Relationship Manager,Bangalore,COHORT027,0,46,115,0,0,0,250,65,65,65,0.0,0.0,0.0,0.0,0.0,0.0,0.0,0.0,5,0,0,1
EMP032,2026-03-07,65,Relationship Manager,Bangalore,COHORT027,0,4,11,0,0,0,18,66,66,66,0.0,0.0,0.0,0.0,0.0,0.0,0.0,20.0,4,1,0,1
EMP032,2026-03-08,66,Relationship Manager,Bangalore,COHORT027,0,15,22,0,0,0,53,67,67,67,0.0,0.0,0.0,0.0,0.0,0.0,0.0,0.0,5,0,0,1
EMP032,2026-03-09,67,Relationship Manager,Bangalore,COHORT027,0,52,76,0,0,0,185,68,68,68,0.0,0.0,0.0,0.0,0.0,0.0,0.0,0.0,5,0,0,1
EMP032,2026-03-10,68,Relationship Manager,Bangalore,COHORT027,0,71,131,0,0,0,281,69,69,69,0.0,0.0,0.0,0.0,0.0,0.0,0.0,0.0,5,0,0,1
EMP032,2026-03-11,69,Relationship Manager,Bangalore,COHORT027,0,36,116,0,0,0,231,70,70,70,0.0,0.0,0.0,0.0,0.0,0.0,0.0,0.0,5,0,0,1
EMP032,2026-03-12,70,Relationship Manager,Bangalore,COHORT027,0,54,111,0,0,0,234,71,71,71,0.0,0.0,0.0,0.0,0.0,0.0,0.0,0.0,5,0,0,1
EMP032,2026-03-13,71,Relationship Manager,Bangalore,COHORT027,0,55,104,0,0,0,237,72,72,72,0.0,0.0,0.0,0.0,0.0,0.0,0.0,0.0,5,0,0,1
EMP032,2026-03-14,72,Relationship Manager,Bangalore,COHORT027,0,8,12,0,0,0,30,73,73,73,0.0,0.0,0.0,0.0,0.0,0.0,0.0,0.0,5,0,0,1
EMP032,2026-03-15,73,Relationship Manager,Bangalore,COHORT027,0,5,20,0,0,0,34,74,74,74,0.0,0.0,0.0,0.0,0.0,0.0,0.0,0.0,5,0,0,1
EMP032,2026-03-16,74,Relationship Manager,Bangalore,COHORT027,0,76,114,0,0,0,281,75,75,75,0.0,0.0,0.0,0.0,0.0,0.0,0.0,0.0,5,0,0,1
EMP032,2026-03-17,75,Relationship Manager,Bangalore,COHORT027,0,38,112,0,0,0,208,76,76,76,0.0,0.0,0.0,0.0,0.0,0.0,0.0,0.0,5,0,0,1
EMP032,2026-03-18,76,Relationship Manager,Bangalore,COHORT027,0,42,114,0,0,0,215,77,77,77,0.0,0.0,0.0,0.0,0.0,0.0,0.0,0.0,5,0,0,1
EMP032,2026-03-19,77,Relationship Manager,Bangalore,COHORT027,0,32,105,0,0,0,206,78,78,78,0.0,0.0,0.0,0.0,0.0,0.0,0.0,0.0,5,0,0,1
EMP032,2026-03-20,78,Relationship Manager,Bangalore,COHORT027,0,34,96,0,0,0,181,79,79,79,0.0,0.0,0.0,0.0,0.0,0.0,0.0,0.0,5,0,0,1
EMP032,2026-03-21,79,Relationship Manager,Bangalore,COHORT027,0,8,17,0,0,0,37,80,80,80,0.0,0.0,0.0,0.0,0.0,0.0,0.0,0.0,5,0,0,1
EMP032,2026-03-22,80,Relationship Manager,Bangalore,COHORT027,0,2,7,0,0,0,12,81,81,81,0.0,0.0,0.0,0.0,0.0,0.0,0.0,0.0,5,0,0,1
EMP032,2026-03-23,81,Relationship Manager,Bangalore,COHORT027,0,46,107,0,0,0,205,82,82,82,0.0,0.0,0.0,0.0,0.0,0.0,0.0,0.0,5,0,0,1
EMP032,2026-03-24,82,Relationship Manager,Bangalore,COHORT027,0,63,115,0,0,0,253,83,83,83,0.0,0.0,0.0,0.0,0.0,0.0,0.0,0.0,5,0,0,1
EMP032,2026-03-25,83,Relationship Manager,Bangalore,COHORT027,0,57,106,0,0,0,216,84,84,84,0.0,0.0,0.0,0.0,0.0,0.0,0.0,0.0,5,0,0,1
EMP032,2026-03-26,84,Relationship Manager,Bangalore,COHORT027,0,64,104,0,0,0,228,85,85,85,0.0,0.0,0.0,0.0,0.0,0.0,0.0,0.0,5,0,0,1
EMP032,2026-03-27,85,Relationship Manager,Bangalore,COHORT027,0,61,81,0,0,0,199,86,86,86,0.0,0.0,0.0,0.0,0.0,0.0,0.0,0.0,5,0,0,1
EMP032,2026-03-28,86,Relationship Manager,Bangalore,COHORT027,0,5,24,0,0,0,36,87,87,87,0.0,0.0,0.0,0.0,0.0,0.0,0.0,20.0,4,1,0,1
EMP032,2026-03-29,87,Relationship Manager,Bangalore,COHORT027,0,4,15,0,0,0,24,88,88,88,0.0,0.0,0.0,0.0,0.0,0.0,0.0,0.0,5,0,0,1
EMP032,2026-03-30,88,Relationship Manager,Bangalore,COHORT027,0,38,75,0,0,0,197,89,89,89,0.0,0.0,0.0,0.0,0.0,0.0,0.0,0.0,5,0,0,1
EMP032,2026-03-31,89,Relationship Manager,Bangalore,COHORT027,0,42,118,0,0,0,234,90,90,90,0.0,0.0,0.0,0.0,0.0,0.0,0.0,0.0,5,0,0,1
EMP033,2026-01-01,0,Relationship Manager,Delhi,COHORT029,0,39,84,0,0,0,180,1,1,1,0.0,0.0,0.0,0.0,0.0,0.0,0.0,0.0,5,0,0,1
EMP033,2026-01-02,1,Relationship Manager,Delhi,COHORT029,0,38,83,0,0,0,164,2,2,2,0.0,0.0,0.0,0.0,0.0,0.0,0.0,0.0,5,0,0,1
EMP033,2026-01-03,2,Relationship Manager,Delhi,COHORT029,0,0,0,0,0,0,0,3,3,3,0.0,0.0,0.0,0.0,0.0,0.0,0.0,100.0,0,5,0,1
EMP033,2026-01-04,3,Relationship Manager,Delhi,COHORT029,0,7,18,0,0,0,37,4,4,4,0.0,0.0,0.0,0.0,0.0,0.0,0.0,0.0,5,0,0,1
EMP033,2026-01-05,4,Relationship Manager,Delhi,COHORT029,0,32,84,0,0,0,205,5,5,5,0.0,0.0,0.0,0.0,0.0,0.0,0.0,0.0,5,0,0,1
EMP033,2026-01-06,5,Relationship Manager,Delhi,COHORT029,0,54,91,0,0,0,201,6,6,6,0.0,0.0,0.0,0.0,0.0,0.0,0.0,0.0,5,0,0,1
EMP033,2026-01-07,6,Relationship Manager,Delhi,COHORT029,0,32,90,0,0,0,200,7,7,7,0.0,0.0,0.0,0.0,0.0,0.0,0.0,0.0,5,0,0,1
EMP033,2026-01-08,7,Relationship Manager,Delhi,COHORT029,0,32,96,0,0,0,188,8,8,8,0.0,0.0,0.0,0.0,0.0,0.0,0.0,0.0,5,0,0,1
EMP033,2026-01-09,8,Relationship Manager,Delhi,COHORT029,0,41,121,0,0,0,229,9,9,9,0.0,0.0,0.0,0.0,0.0,0.0,0.0,0.0,5,0,0,1
EMP033,2026-01-10,9,Relationship Manager,Delhi,COHORT029,0,3,9,0,0,0,17,10,10,10,0.0,0.0,0.0,0.0,0.0,0.0,0.0,0.0,5,0,0,1
EMP033,2026-01-11,10,Relationship Manager,Delhi,COHORT029,0,12,21,0,0,0,40,11,11,11,0.0,0.0,0.0,0.0,0.0,0.0,0.0,20.0,4,1,0,1
EMP033,2026-01-12,11,Relationship Manager,Delhi,COHORT029,0,69,103,0,0,0,242,12,12,12,0.0,0.0,0.0,0.0,0.0,0.0,0.0,0.0,5,0,0,1
EMP033,2026-01-13,12,Relationship Manager,Delhi,COHORT029,0,49,85,0,0,0,202,13,13,13,0.0,0.0,0.0,0.0,0.0,0.0,0.0,0.0,5,0,0,1
EMP033,2026-01-14,13,Relationship Manager,Delhi,COHORT029,0,38,102,0,0,0,196,14,14,14,0.0,0.0,0.0,0.0,0.0,0.0,0.0,0.0,5,0,0,1
EMP033,2026-01-15,14,Relationship Manager,Delhi,COHORT029,0,52,123,0,0,0,240,15,15,15,0.0,0.0,0.0,0.0,0.0,0.0,0.0,0.0,5,0,0,1
EMP033,2026-01-16,15,Relationship Manager,Delhi,COHORT029,0,65,103,0,0,0,250,16,16,16,0.0,0.0,0.0,0.0,0.0,0.0,0.0,0.0,5,0,0,1
EMP033,2026-01-17,16,Relationship Manager,Delhi,COHORT029,0,6,23,0,0,0,41,17,17,17,0.0,0.0,0.0,0.0,0.0,0.0,0.0,0.0,5,0,0,1
EMP033,2026-01-18,17,Relationship Manager,Delhi,COHORT029,0,4,8,0,0,0,14,18,18,18,0.0,0.0,0.0,0.0,0.0,0.0,0.0,20.0,4,1,0,1
EMP033,2026-01-19,18,Relationship Manager,Delhi,COHORT029,0,66,111,0,0,0,251,19,19,19,0.0,0.0,0.0,0.0,0.0,0.0,0.0,0.0,5,0,0,1
EMP033,2026-01-20,19,Relationship Manager,Delhi,COHORT029,0,56,108,0,0,0,238,20,20,20,0.0,0.0,0.0,0.0,0.0,0.0,0.0,0.0,5,0,0,1
EMP033,2026-01-21,20,Relationship Manager,Delhi,COHORT029,0,57,88,0,0,0,214,21,21,21,0.0,0.0,0.0,0.0,0.0,0.0,0.0,0.0,5,0,0,1
EMP033,2026-01-22,21,Relationship Manager,Delhi,COHORT029,0,54,93,0,0,0,203,22,22,22,0.0,0.0,0.0,0.0,0.0,0.0,0.0,0.0,5,0,0,1
EMP033,2026-01-23,22,Relationship Manager,Delhi,COHORT029,0,33,123,0,0,0,236,23,23,23,0.0,0.0,0.0,0.0,0.0,0.0,0.0,0.0,5,0,0,1
EMP033,2026-01-24,23,Relationship Manager,Delhi,COHORT029,0,6,15,0,0,0,28,24,24,24,0.0,0.0,0.0,0.0,0.0,0.0,0.0,0.0,5,0,0,1
EMP033,2026-01-25,24,Relationship Manager,Delhi,COHORT029,0,8,11,0,0,0,27,25,25,25,0.0,0.0,0.0,0.0,0.0,0.0,0.0,0.0,5,0,0,1
EMP033,2026-01-26,25,Relationship Manager,Delhi,COHORT029,0,68,103,0,0,0,219,26,26,26,0.0,0.0,0.0,0.0,0.0,0.0,0.0,0.0,5,0,0,1
EMP033,2026-01-27,26,Relationship Manager,Delhi,COHORT029,0,48,74,0,0,0,188,27,27,27,0.0,0.0,0.0,0.0,0.0,0.0,0.0,0.0,5,0,0,1
EMP033,2026-01-28,27,Relationship Manager,Delhi,COHORT029,0,62,75,0,0,0,211,28,28,28,0.0,0.0,0.0,0.0,0.0,0.0,0.0,0.0,5,0,0,1
EMP033,2026-01-29,28,Relationship Manager,Delhi,COHORT029,0,62,81,0,0,0,218,29,29,29,0.0,0.0,0.0,0.0,0.0,0.0,0.0,0.0,5,0,0,1
EMP033,2026-01-30,29,Relationship Manager,Delhi,COHORT029,0,51,75,0,0,0,190,30,30,30,0.0,0.0,0.0,0.0,0.0,0.0,0.0,0.0,5,0,0,1
EMP033,2026-01-31,30,Relationship Manager,Delhi,COHORT029,0,13,20,0,0,0,44,31,31,31,0.0,0.0,0.0,0.0,0.0,0.0,0.0,0.0,5,0,0,1
EMP033,2026-02-01,31,Relationship Manager,Delhi,COHORT029,0,5,16,0,0,0,29,32,32,32,0.0,0.0,0.0,0.0,0.0,0.0,0.0,0.0,5,0,0,1
EMP033,2026-02-02,32,Relationship Manager,Delhi,COHORT029,0,55,86,0,0,0,219,33,33,33,0.0,0.0,0.0,0.0,0.0,0.0,0.0,0.0,5,0,0,1
EMP033,2026-02-03,33,Relationship Manager,Delhi,COHORT029,0,63,96,0,0,0,221,34,34,34,0.0,0.0,0.0,0.0,0.0,0.0,0.0,0.0,5,0,0,1
EMP033,2026-02-04,34,Relationship Manager,Delhi,COHORT029,0,33,97,0,0,0,205,35,35,35,0.0,0.0,0.0,0.0,0.0,0.0,0.0,0.0,5,0,0,1
EMP033,2026-02-05,35,Relationship Manager,Delhi,COHORT029,0,69,105,0,0,0,241,36,36,36,0.0,0.0,0.0,0.0,0.0,0.0,0.0,0.0,5,0,0,1
EMP033,2026-02-06,36,Relationship Manager,Delhi,COHORT029,0,45,103,0,0,0,205,37,37,37,0.0,0.0,0.0,0.0,0.0,0.0,0.0,0.0,5,0,0,1
EMP033,2026-02-07,37,Relationship Manager,Delhi,COHORT029,0,6,22,0,0,0,42,38,38,38,0.0,0.0,0.0,0.0,0.0,0.0,0.0,0.0,5,0,0,1
EMP033,2026-02-08,38,Relationship Manager,Delhi,COHORT029,0,5,8,0,0,0,17,39,39,39,0.0,0.0,0.0,0.0,0.0,0.0,0.0,0.0,5,0,0,1
EMP033,2026-02-09,39,Relationship Manager,Delhi,COHORT029,0,51,121,0,0,0,241,40,40,40,0.0,0.0,0.0,0.0,0.0,0.0,0.0,0.0,5,0,0,1
EMP033,2026-02-10,40,Relationship Manager,Delhi,COHORT029,0,44,140,0,0,0,271,41,41,41,0.0,0.0,0.0,0.0,0.0,0.0,0.0,0.0,5,0,0,1
EMP033,2026-02-11,41,Relationship Manager,Delhi,COHORT029,0,47,79,0,0,0,196,42,42,42,0.0,0.0,0.0,0.0,0.0,0.0,0.0,0.0,5,0,0,1
EMP033,2026-02-12,42,Relationship Manager,Delhi,COHORT029,0,53,108,0,0,0,240,43,43,43,0.0,0.0,0.0,0.0,0.0,0.0,0.0,0.0,5,0,0,1
EMP033,2026-02-13,43,Relationship Manager,Delhi,COHORT029,0,55,110,0,0,0,222,44,44,44,0.0,0.0,0.0,0.0,0.0,0.0,0.0,0.0,5,0,0,1
EMP033,2026-02-14,44,Relationship Manager,Delhi,COHORT029,0,2,4,0,0,0,8,45,45,45,0.0,0.0,0.0,0.0,0.0,0.0,0.0,20.0,4,1,0,1
EMP033,2026-02-15,45,Relationship Manager,Delhi,COHORT029,0,8,17,0,0,0,35,46,46,46,0.0,0.0,0.0,0.0,0.0,0.0,0.0,0.0,5,0,0,1
EMP033,2026-02-16,46,Relationship Manager,Delhi,COHORT029,0,31,95,0,0,0,199,47,47,47,0.0,0.0,0.0,0.0,0.0,0.0,0.0,0.0,5,0,0,1
EMP033,2026-02-17,47,Relationship Manager,Delhi,COHORT029,0,44,130,0,0,0,255,48,48,48,0.0,0.0,0.0,0.0,0.0,0.0,0.0,0.0,5,0,0,1
EMP033,2026-02-18,48,Relationship Manager,Delhi,COHORT029,0,64,104,0,0,0,241,49,49,49,0.0,0.0,0.0,0.0,0.0,0.0,0.0,0.0,5,0,0,1
EMP033,2026-02-19,49,Relationship Manager,Delhi,COHORT029,0,63,88,0,0,0,234,50,50,50,0.0,0.0,0.0,0.0,0.0,0.0,0.0,0.0,5,0,0,1
EMP033,2026-02-20,50,Relationship Manager,Delhi,COHORT029,0,56,112,0,0,0,232,51,51,51,0.0,0.0,0.0,0.0,0.0,0.0,0.0,0.0,5,0,0,1
EMP033,2026-02-21,51,Relationship Manager,Delhi,COHORT029,0,6,20,0,0,0,35,52,52,52,0.0,0.0,0.0,0.0,0.0,0.0,0.0,0.0,5,0,0,1
EMP033,2026-02-22,52,Relationship Manager,Delhi,COHORT029,0,14,21,0,0,0,51,53,53,53,0.0,0.0,0.0,0.0,0.0,0.0,0.0,0.0,5,0,0,1
EMP033,2026-02-23,53,Relationship Manager,Delhi,COHORT029,0,31,134,0,0,0,223,54,54,54,0.0,0.0,0.0,0.0,0.0,0.0,0.0,0.0,5,0,0,1
EMP033,2026-02-24,54,Relationship Manager,Delhi,COHORT029,0,46,93,0,0,0,207,55,55,55,0.0,0.0,0.0,0.0,0.0,0.0,0.0,0.0,5,0,0,1
EMP033,2026-02-25,55,Relationship Manager,Delhi,COHORT029,0,64,88,0,0,0,237,56,56,56,0.0,0.0,0.0,0.0,0.0,0.0,0.0,0.0,5,0,0,1
EMP033,2026-02-26,56,Relationship Manager,Delhi,COHORT029,0,32,94,0,0,0,206,57,57,57,0.0,0.0,0.0,0.0,0.0,0.0,0.0,0.0,5,0,0,1
EMP033,2026-02-27,57,Relationship Manager,Delhi,COHORT029,0,42,114,0,0,0,241,58,58,58,0.0,0.0,0.0,0.0,0.0,0.0,0.0,0.0,5,0,0,1
EMP033,2026-02-28,58,Relationship Manager,Delhi,COHORT029,0,2,6,0,0,0,10,59,59,59,0.0,0.0,0.0,0.0,0.0,0.0,0.0,20.0,4,1,0,1
EMP033,2026-03-01,59,Relationship Manager,Delhi,COHORT029,0,0,0,0,0,0,0,60,60,60,0.0,0.0,0.0,0.0,0.0,0.0,0.0,100.0,0,5,0,1
EMP033,2026-03-02,60,Relationship Manager,Delhi,COHORT029,0,65,100,0,0,0,239,61,61,61,0.0,0.0,0.0,0.0,0.0,0.0,0.0,0.0,5,0,0,1
EMP033,2026-03-03,61,Relationship Manager,Delhi,COHORT029,0,60,100,0,0,0,230,62,62,62,0.0,0.0,0.0,0.0,0.0,0.0,0.0,0.0,5,0,0,1
EMP033,2026-03-04,62,Relationship Manager,Delhi,COHORT029,0,65,80,0,0,0,218,63,63,63,0.0,0.0,0.0,0.0,0.0,0.0,0.0,0.0,5,0,0,1
EMP033,2026-03-05,63,Relationship Manager,Delhi,COHORT029,0,39,98,0,0,0,203,64,64,64,0.0,0.0,0.0,0.0,0.0,0.0,0.0,0.0,5,0,0,1
EMP033,2026-03-06,64,Relationship Manager,Delhi,COHORT029,0,55,91,0,0,0,228,65,65,65,0.0,0.0,0.0,0.0,0.0,0.0,0.0,0.0,5,0,0,1
EMP033,2026-03-07,65,Relationship Manager,Delhi,COHORT029,0,12,14,0,0,0,35,66,66,66,0.0,0.0,0.0,0.0,0.0,0.0,0.0,0.0,5,0,0,1
EMP033,2026-03-08,66,Relationship Manager,Delhi,COHORT029,0,10,17,0,0,0,45,67,67,67,0.0,0.0,0.0,0.0,0.0,0.0,0.0,0.0,5,0,0,1
EMP033,2026-03-09,67,Relationship Manager,Delhi,COHORT029,0,46,83,0,0,0,236,68,68,68,0.0,0.0,0.0,0.0,0.0,0.0,0.0,0.0,5,0,0,1
EMP033,2026-03-10,68,Relationship Manager,Delhi,COHORT029,0,72,107,0,0,0,238,69,69,69,0.0,0.0,0.0,0.0,0.0,0.0,0.0,0.0,5,0,0,1
EMP033,2026-03-11,69,Relationship Manager,Delhi,COHORT029,0,51,100,0,0,0,201,70,70,70,0.0,0.0,0.0,0.0,0.0,0.0,0.0,0.0,5,0,0,1
EMP033,2026-03-12,70,Relationship Manager,Delhi,COHORT029,0,62,96,0,0,0,240,71,71,71,0.0,0.0,0.0,0.0,0.0,0.0,0.0,0.0,5,0,0,1
EMP033,2026-03-13,71,Relationship Manager,Delhi,COHORT029,0,28,111,0,0,0,205,72,72,72,0.0,0.0,0.0,0.0,0.0,0.0,0.0,0.0,5,0,0,1
EMP033,2026-03-14,72,Relationship Manager,Delhi,COHORT029,0,2,3,0,0,0,6,73,73,73,0.0,0.0,0.0,0.0,0.0,0.0,0.0,40.0,3,2,0,1
EMP033,2026-03-15,73,Relationship Manager,Delhi,COHORT029,0,5,16,0,0,0,34,74,74,74,0.0,0.0,0.0,0.0,0.0,0.0,0.0,0.0,5,0,0,1
EMP033,2026-03-16,74,Relationship Manager,Delhi,COHORT029,0,49,78,0,0,0,191,75,75,75,0.0,0.0,0.0,0.0,0.0,0.0,0.0,0.0,5,0,0,1
EMP033,2026-03-17,75,Relationship Manager,Delhi,COHORT029,0,68,88,0,0,0,243,76,76,76,0.0,0.0,0.0,0.0,0.0,0.0,0.0,0.0,5,0,0,1
EMP033,2026-03-18,76,Relationship Manager,Delhi,COHORT029,0,53,124,0,0,0,250,77,77,77,0.0,0.0,0.0,0.0,0.0,0.0,0.0,0.0,5,0,0,1
EMP033,2026-03-19,77,Relationship Manager,Delhi,COHORT029,0,38,132,0,0,0,241,78,78,78,0.0,0.0,0.0,0.0,0.0,0.0,0.0,0.0,5,0,0,1
EMP033,2026-03-20,78,Relationship Manager,Delhi,COHORT029,0,67,76,0,0,0,212,79,79,79,0.0,0.0,0.0,0.0,0.0,0.0,0.0,0.0,5,0,0,1
EMP033,2026-03-21,79,Relationship Manager,Delhi,COHORT029,0,1,4,0,0,0,6,80,80,80,0.0,0.0,0.0,0.0,0.0,0.0,0.0,40.0,3,2,0,1
EMP033,2026-03-22,80,Relationship Manager,Delhi,COHORT029,0,13,27,0,0,0,55,81,81,81,0.0,0.0,0.0,0.0,0.0,0.0,0.0,0.0,5,0,0,1
EMP033,2026-03-23,81,Relationship Manager,Delhi,COHORT029,0,56,105,0,0,0,239,82,82,82,0.0,0.0,0.0,0.0,0.0,0.0,0.0,0.0,5,0,0,1
EMP033,2026-03-24,82,Relationship Manager,Delhi,COHORT029,0,33,128,0,0,0,246,83,83,83,0.0,0.0,0.0,0.0,0.0,0.0,0.0,0.0,5,0,0,1
EMP033,2026-03-25,83,Relationship Manager,Delhi,COHORT029,0,64,122,0,0,0,254,84,84,84,0.0,0.0,0.0,0.0,0.0,0.0,0.0,0.0,5,0,0,1
EMP033,2026-03-26,84,Relationship Manager,Delhi,COHORT029,0,60,90,0,0,0,228,85,85,85,0.0,0.0,0.0,0.0,0.0,0.0,0.0,0.0,5,0,0,1
EMP033,2026-03-27,85,Relationship Manager,Delhi,COHORT029,0,40,102,0,0,0,182,86,86,86,0.0,0.0,0.0,0.0,0.0,0.0,0.0,0.0,5,0,0,1
EMP033,2026-03-28,86,Relationship Manager,Delhi,COHORT029,0,8,24,0,0,0,44,87,87,87,0.0,0.0,0.0,0.0,0.0,0.0,0.0,0.0,5,0,0,1
EMP033,2026-03-29,87,Relationship Manager,Delhi,COHORT029,0,1,2,0,0,0,3,88,88,88,0.0,0.0,0.0,0.0,0.0,0.0,0.0,60.0,2,3,0,1
EMP033,2026-03-30,88,Relationship Manager,Delhi,COHORT029,0,54,128,0,0,0,260,89,89,89,0.0,0.0,0.0,0.0,0.0,0.0,0.0,0.0,5,0,0,1
EMP033,2026-03-31,89,Relationship Manager,Delhi,COHORT029,0,61,75,0,0,0,194,90,90,90,0.0,0.0,0.0,0.0,0.0,0.0,0.0,0.0,5,0,0,1
EMP034,2026-01-01,0,Relationship Manager,Ahmedabad,COHORT030,0,67,128,0,0,0,272,1,1,1,0.0,0.0,0.0,0.0,0.0,0.0,0.0,0.0,5,0,0,1
EMP034,2026-01-02,1,Relationship Manager,Ahmedabad,COHORT030,0,40,110,0,0,0,223,2,2,2,0.0,0.0,0.0,0.0,0.0,0.0,0.0,0.0,5,0,0,1
EMP034,2026-01-03,2,Relationship Manager,Ahmedabad,COHORT030,0,7,18,0,0,0,34,3,3,3,0.0,0.0,0.0,0.0,0.0,0.0,0.0,0.0,5,0,0,1
EMP034,2026-01-04,3,Relationship Manager,Ahmedabad,COHORT030,0,6,11,0,0,0,26,4,4,4,0.0,0.0,0.0,0.0,0.0,0.0,0.0,0.0,5,0,0,1
EMP034,2026-01-05,4,Relationship Manager,Ahmedabad,COHORT030,0,70,82,0,0,0,210,5,5,5,0.0,0.0,0.0,0.0,0.0,0.0,0.0,0.0,5,0,0,1
EMP034,2026-01-06,5,Relationship Manager,Ahmedabad,COHORT030,0,42,108,0,0,0,195,6,6,6,0.0,0.0,0.0,0.0,0.0,0.0,0.0,0.0,5,0,0,1
EMP034,2026-01-07,6,Relationship Manager,Ahmedabad,COHORT030,0,47,88,0,0,0,222,7,7,7,0.0,0.0,0.0,0.0,0.0,0.0,0.0,0.0,5,0,0,1
EMP034,2026-01-08,7,Relationship Manager,Ahmedabad,COHORT030,0,54,99,0,0,0,242,8,8,8,0.0,0.0,0.0,0.0,0.0,0.0,0.0,0.0,5,0,0,1
EMP034,2026-01-09,8,Relationship Manager,Ahmedabad,COHORT030,0,34,110,0,0,0,206,9,9,9,0.0,0.0,0.0,0.0,0.0,0.0,0.0,0.0,5,0,0,1
EMP034,2026-01-10,9,Relationship Manager,Ahmedabad,COHORT030,0,13,28,0,0,0,55,10,10,10,0.0,0.0,0.0,0.0,0.0,0.0,0.0,0.0,5,0,0,1
EMP034,2026-01-11,10,Relationship Manager,Ahmedabad,COHORT030,0,3,13,0,0,0,23,11,11,11,0.0,0.0,0.0,0.0,0.0,0.0,0.0,0.0,5,0,0,1
EMP034,2026-01-12,11,Relationship Manager,Ahmedabad,COHORT030,0,43,97,0,0,0,209,12,12,12,0.0,0.0,0.0,0.0,0.0,0.0,0.0,0.0,5,0,0,1
EMP034,2026-01-13,12,Relationship Manager,Ahmedabad,COHORT030,0,38,107,0,0,0,207,13,13,13,0.0,0.0,0.0,0.0,0.0,0.0,0.0,0.0,5,0,0,1
EMP034,2026-01-14,13,Relationship Manager,Ahmedabad,COHORT030,0,65,124,0,0,0,259,14,14,14,0.0,0.0,0.0,0.0,0.0,0.0,0.0,0.0,5,0,0,1
EMP034,2026-01-15,14,Relationship Manager,Ahmedabad,COHORT030,0,46,105,0,0,0,206,15,15,15,0.0,0.0,0.0,0.0,0.0,0.0,0.0,0.0,5,0,0,1
EMP034,2026-01-16,15,Relationship Manager,Ahmedabad,COHORT030,0,70,101,0,0,0,227,16,16,16,0.0,0.0,0.0,0.0,0.0,0.0,0.0,0.0,5,0,0,1
EMP034,2026-01-17,16,Relationship Manager,Ahmedabad,COHORT030,0,8,23,0,0,0,47,17,17,17,0.0,0.0,0.0,0.0,0.0,0.0,0.0,0.0,5,0,0,1
EMP034,2026-01-18,17,Relationship Manager,Ahmedabad,COHORT030,0,3,6,0,0,0,13,18,18,18,0.0,0.0,0.0,0.0,0.0,0.0,0.0,0.0,5,0,0,1
EMP034,2026-01-19,18,Relationship Manager,Ahmedabad,COHORT030,0,58,83,0,0,0,218,19,19,19,0.0,0.0,0.0,0.0,0.0,0.0,0.0,0.0,5,0,0,1
EMP034,2026-01-20,19,Relationship Manager,Ahmedabad,COHORT030,0,65,135,0,0,0,278,20,20,20,0.0,0.0,0.0,0.0,0.0,0.0,0.0,0.0,5,0,0,1
EMP034,2026-01-21,20,Relationship Manager,Ahmedabad,COHORT030,0,44,114,0,0,0,252,21,21,21,0.0,0.0,0.0,0.0,0.0,0.0,0.0,0.0,5,0,0,1
EMP034,2026-01-22,21,Relationship Manager,Ahmedabad,COHORT030,0,50,94,0,0,0,201,22,22,22,0.0,0.0,0.0,0.0,0.0,0.0,0.0,0.0,5,0,0,1
EMP034,2026-01-23,22,Relationship Manager,Ahmedabad,COHORT030,0,72,133,0,0,0,261,23,23,23,0.0,0.0,0.0,0.0,0.0,0.0,0.0,0.0,5,0,0,1
EMP034,2026-01-24,23,Relationship Manager,Ahmedabad,COHORT030,0,7,19,0,0,0,36,24,24,24,0.0,0.0,0.0,0.0,0.0,0.0,0.0,0.0,5,0,0,1
EMP034,2026-01-25,24,Relationship Manager,Ahmedabad,COHORT030,0,1,4,0,0,0,7,25,25,25,0.0,0.0,0.0,0.0,0.0,0.0,0.0,20.0,4,1,0,1
EMP034,2026-01-26,25,Relationship Manager,Ahmedabad,COHORT030,0,63,95,0,0,0,220,26,26,26,0.0,0.0,0.0,0.0,0.0,0.0,0.0,0.0,5,0,0,1
EMP034,2026-01-27,26,Relationship Manager,Ahmedabad,COHORT030,0,69,86,0,0,0,213,27,27,27,0.0,0.0,0.0,0.0,0.0,0.0,0.0,0.0,5,0,0,1
EMP034,2026-01-28,27,Relationship Manager,Ahmedabad,COHORT030,0,55,97,0,0,0,225,28,28,28,0.0,0.0,0.0,0.0,0.0,0.0,0.0,0.0,5,0,0,1
EMP034,2026-01-29,28,Relationship Manager,Ahmedabad,COHORT030,0,45,81,0,0,0,197,29,29,29,0.0,0.0,0.0,0.0,0.0,0.0,0.0,0.0,5,0,0,1
EMP034,2026-01-30,29,Relationship Manager,Ahmedabad,COHORT030,0,37,125,0,0,0,249,30,30,30,0.0,0.0,0.0,0.0,0.0,0.0,0.0,0.0,5,0,0,1
EMP034,2026-01-31,30,Relationship Manager,Ahmedabad,COHORT030,0,1,1,0,0,0,2,31,31,31,0.0,0.0,0.0,0.0,0.0,0.0,0.0,60.0,2,3,0,1
EMP034,2026-02-01,31,Relationship Manager,Ahmedabad,COHORT030,0,7,12,0,0,0,26,32,32,32,0.0,0.0,0.0,0.0,0.0,0.0,0.0,0.0,5,0,0,1
EMP034,2026-02-02,32,Relationship Manager,Ahmedabad,COHORT030,0,68,123,0,0,0,268,33,33,33,0.0,0.0,0.0,0.0,0.0,0.0,0.0,0.0,5,0,0,1
EMP034,2026-02-03,33,Relationship Manager,Ahmedabad,COHORT030,0,38,92,0,0,0,208,34,34,34,0.0,0.0,0.0,0.0,0.0,0.0,0.0,0.0,5,0,0,1
EMP034,2026-02-04,34,Relationship Manager,Ahmedabad,COHORT030,0,42,116,0,0,0,249,35,35,35,0.0,0.0,0.0,0.0,0.0,0.0,0.0,0.0,5,0,0,1
EMP034,2026-02-05,35,Relationship Manager,Ahmedabad,COHORT030,0,55,96,0,0,0,226,36,36,36,0.0,0.0,0.0,0.0,0.0,0.0,0.0,0.0,5,0,0,1
EMP034,2026-02-06,36,Relationship Manager,Ahmedabad,COHORT030,0,59,96,0,0,0,216,37,37,37,0.0,0.0,0.0,0.0,0.0,0.0,0.0,0.0,5,0,0,1
EMP034,2026-02-07,37,Relationship Manager,Ahmedabad,COHORT030,0,9,20,0,0,0,35,38,38,38,0.0,0.0,0.0,0.0,0.0,0.0,0.0,0.0,5,0,0,1
EMP034,2026-02-08,38,Relationship Manager,Ahmedabad,COHORT030,0,10,26,0,0,0,48,39,39,39,0.0,0.0,0.0,0.0,0.0,0.0,0.0,0.0,5,0,0,1
EMP034,2026-02-09,39,Relationship Manager,Ahmedabad,COHORT030,0,71,131,0,0,0,283,40,40,40,0.0,0.0,0.0,0.0,0.0,0.0,0.0,0.0,5,0,0,1
EMP034,2026-02-10,40,Relationship Manager,Ahmedabad,COHORT030,0,73,115,0,0,0,248,41,41,41,0.0,0.0,0.0,0.0,0.0,0.0,0.0,0.0,5,0,0,1
EMP034,2026-02-11,41,Relationship Manager,Ahmedabad,COHORT030,0,80,145,0,0,0,311,42,42,42,0.0,0.0,0.0,0.0,0.0,0.0,0.0,0.0,5,0,0,1
EMP034,2026-02-12,42,Relationship Manager,Ahmedabad,COHORT030,0,50,83,0,0,0,217,43,43,43,0.0,0.0,0.0,0.0,0.0,0.0,0.0,0.0,5,0,0,1
EMP034,2026-02-13,43,Relationship Manager,Ahmedabad,COHORT030,0,34,90,0,0,0,198,44,44,44,0.0,0.0,0.0,0.0,0.0,0.0,0.0,0.0,5,0,0,1
EMP034,2026-02-14,44,Relationship Manager,Ahmedabad,COHORT030,0,12,16,0,0,0,40,45,45,45,0.0,0.0,0.0,0.0,0.0,0.0,0.0,0.0,5,0,0,1
EMP034,2026-02-15,45,Relationship Manager,Ahmedabad,COHORT030,0,1,4,0,0,0,5,46,46,46,0.0,0.0,0.0,0.0,0.0,0.0,0.0,60.0,2,3,0,1
EMP034,2026-02-16,46,Relationship Manager,Ahmedabad,COHORT030,0,59,117,0,0,0,259,47,47,47,0.0,0.0,0.0,0.0,0.0,0.0,0.0,0.0,5,0,0,1
EMP034,2026-02-17,47,Relationship Manager,Ahmedabad,COHORT030,0,45,115,0,0,0,212,48,48,48,0.0,0.0,0.0,0.0,0.0,0.0,0.0,0.0,5,0,0,1
EMP034,2026-02-18,48,Relationship Manager,Ahmedabad,COHORT030,0,40,110,0,0,0,234,49,49,49,0.0,0.0,0.0,0.0,0.0,0.0,0.0,0.0,5,0,0,1
EMP034,2026-02-19,49,Relationship Manager,Ahmedabad,COHORT030,0,52,92,0,0,0,219,50,50,50,0.0,0.0,0.0,0.0,0.0,0.0,0.0,0.0,5,0,0,1
EMP034,2026-02-20,50,Relationship Manager,Ahmedabad,COHORT030,0,56,128,0,0,0,265,51,51,51,0.0,0.0,0.0,0.0,0.0,0.0,0.0,0.0,5,0,0,1
EMP034,2026-02-21,51,Relationship Manager,Ahmedabad,COHORT030,0,11,22,0,0,0,43,52,52,52,0.0,0.0,0.0,0.0,0.0,0.0,0.0,0.0,5,0,0,1
EMP034,2026-02-22,52,Relationship Manager,Ahmedabad,COHORT030,0,2,8,0,0,0,15,53,53,53,0.0,0.0,0.0,0.0,0.0,0.0,0.0,0.0,5,0,0,1
EMP034,2026-02-23,53,Relationship Manager,Ahmedabad,COHORT030,0,62,121,0,0,0,258,54,54,54,0.0,0.0,0.0,0.0,0.0,0.0,0.0,0.0,5,0,0,1
EMP034,2026-02-24,54,Relationship Manager,Ahmedabad,COHORT030,0,44,128,0,0,0,232,55,55,55,0.0,0.0,0.0,0.0,0.0,0.0,0.0,0.0,5,0,0,1
EMP034,2026-02-25,55,Relationship Manager,Ahmedabad,COHORT030,0,42,113,0,0,0,225,56,56,56,0.0,0.0,0.0,0.0,0.0,0.0,0.0,0.0,5,0,0,1
EMP034,2026-02-26,56,Relationship Manager,Ahmedabad,COHORT030,0,38,106,0,0,0,221,57,57,57,0.0,0.0,0.0,0.0,0.0,0.0,0.0,0.0,5,0,0,1
EMP034,2026-02-27,57,Relationship Manager,Ahmedabad,COHORT030,0,57,89,0,0,0,236,58,58,58,0.0,0.0,0.0,0.0,0.0,0.0,0.0,0.0,5,0,0,1
EMP034,2026-02-28,58,Relationship Manager,Ahmedabad,COHORT030,0,2,4,0,0,0,7,59,59,59,0.0,0.0,0.0,0.0,0.0,0.0,0.0,40.0,3,2,0,1
EMP034,2026-03-01,59,Relationship Manager,Ahmedabad,COHORT030,0,10,12,0,0,0,32,60,60,60,0.0,0.0,0.0,0.0,0.0,0.0,0.0,0.0,5,0,0,1
EMP034,2026-03-02,60,Relationship Manager,Ahmedabad,COHORT030,0,68,75,0,0,0,239,61,61,61,0.0,0.0,0.0,0.0,0.0,0.0,0.0,0.0,5,0,0,1
EMP034,2026-03-03,61,Relationship Manager,Ahmedabad,COHORT030,0,48,121,0,0,0,266,62,62,62,0.0,0.0,0.0,0.0,0.0,0.0,0.0,0.0,5,0,0,1
EMP034,2026-03-04,62,Relationship Manager,Ahmedabad,COHORT030,0,60,116,0,0,0,251,63,63,63,0.0,0.0,0.0,0.0,0.0,0.0,0.0,0.0,5,0,0,1
EMP034,2026-03-05,63,Relationship Manager,Ahmedabad,COHORT030,0,64,84,0,0,0,230,64,64,64,0.0,0.0,0.0,0.0,0.0,0.0,0.0,0.0,5,0,0,1
EMP034,2026-03-06,64,Relationship Manager,Ahmedabad,COHORT030,0,67,134,0,0,0,266,65,65,65,0.0,0.0,0.0,0.0,0.0,0.0,0.0,0.0,5,0,0,1
EMP034,2026-03-07,65,Relationship Manager,Ahmedabad,COHORT030,0,6,11,0,0,0,25,66,66,66,0.0,0.0,0.0,0.0,0.0,0.0,0.0,0.0,5,0,0,1
EMP034,2026-03-08,66,Relationship Manager,Ahmedabad,COHORT030,0,8,15,0,0,0,33,67,67,67,0.0,0.0,0.0,0.0,0.0,0.0,0.0,0.0,5,0,0,1
EMP034,2026-03-09,67,Relationship Manager,Ahmedabad,COHORT030,0,45,124,0,0,0,240,68,68,68,0.0,0.0,0.0,0.0,0.0,0.0,0.0,0.0,5,0,0,1
EMP034,2026-03-10,68,Relationship Manager,Ahmedabad,COHORT030,0,33,89,0,0,0,210,69,69,69,0.0,0.0,0.0,0.0,0.0,0.0,0.0,0.0,5,0,0,1
EMP034,2026-03-11,69,Relationship Manager,Ahmedabad,COHORT030,0,59,117,0,0,0,241,70,70,70,0.0,0.0,0.0,0.0,0.0,0.0,0.0,0.0,5,0,0,1
EMP034,2026-03-12,70,Relationship Manager,Ahmedabad,COHORT030,0,61,81,0,0,0,230,71,71,71,0.0,0.0,0.0,0.0,0.0,0.0,0.0,0.0,5,0,0,1
EMP034,2026-03-13,71,Relationship Manager,Ahmedabad,COHORT030,0,48,124,0,0,0,244,72,72,72,0.0,0.0,0.0,0.0,0.0,0.0,0.0,0.0,5,0,0,1
EMP034,2026-03-14,72,Relationship Manager,Ahmedabad,COHORT030,0,5,16,0,0,0,27,73,73,73,0.0,0.0,0.0,0.0,0.0,0.0,0.0,0.0,5,0,0,1
EMP034,2026-03-15,73,Relationship Manager,Ahmedabad,COHORT030,0,18,23,0,0,0,51,74,74,74,0.0,0.0,0.0,0.0,0.0,0.0,0.0,0.0,5,0,0,1
EMP034,2026-03-16,74,Relationship Manager,Ahmedabad,COHORT030,0,63,84,0,0,0,235,75,75,75,0.0,0.0,0.0,0.0,0.0,0.0,0.0,0.0,5,0,0,1
EMP034,2026-03-17,75,Relationship Manager,Ahmedabad,COHORT030,0,45,92,0,0,0,211,76,76,76,0.0,0.0,0.0,0.0,0.0,0.0,0.0,0.0,5,0,0,1
EMP034,2026-03-18,76,Relationship Manager,Ahmedabad,COHORT030,0,37,99,0,0,0,187,77,77,77,0.0,0.0,0.0,0.0,0.0,0.0,0.0,0.0,5,0,0,1
EMP034,2026-03-19,77,Relationship Manager,Ahmedabad,COHORT030,0,42,105,0,0,0,220,78,78,78,0.0,0.0,0.0,0.0,0.0,0.0,0.0,0.0,5,0,0,1
EMP034,2026-03-20,78,Relationship Manager,Ahmedabad,COHORT030,0,65,83,0,0,0,196,79,79,79,0.0,0.0,0.0,0.0,0.0,0.0,0.0,0.0,5,0,0,1
EMP034,2026-03-21,79,Relationship Manager,Ahmedabad,COHORT030,0,6,17,0,0,0,32,80,80,80,0.0,0.0,0.0,0.0,0.0,0.0,0.0,0.0,5,0,0,1
EMP034,2026-03-22,80,Relationship Manager,Ahmedabad,COHORT030,0,16,24,0,0,0,54,81,81,81,0.0,0.0,0.0,0.0,0.0,0.0,0.0,0.0,5,0,0,1
EMP034,2026-03-23,81,Relationship Manager,Ahmedabad,COHORT030,0,73,116,0,0,0,266,82,82,82,0.0,0.0,0.0,0.0,0.0,0.0,0.0,0.0,5,0,0,1
EMP034,2026-03-24,82,Relationship Manager,Ahmedabad,COHORT030,0,42,82,0,0,0,191,83,83,83,0.0,0.0,0.0,0.0,0.0,0.0,0.0,0.0,5,0,0,1
EMP034,2026-03-25,83,Relationship Manager,Ahmedabad,COHORT030,0,31,101,0,0,0,201,84,84,84,0.0,0.0,0.0,0.0,0.0,0.0,0.0,0.0,5,0,0,1
EMP034,2026-03-26,84,Relationship Manager,Ahmedabad,COHORT030,0,52,93,0,0,0,231,85,85,85,0.0,0.0,0.0,0.0,0.0,0.0,0.0,0.0,5,0,0,1
EMP034,2026-03-27,85,Relationship Manager,Ahmedabad,COHORT030,0,47,126,0,0,0,242,86,86,86,0.0,0.0,0.0,0.0,0.0,0.0,0.0,0.0,5,0,0,1
EMP034,2026-03-28,86,Relationship Manager,Ahmedabad,COHORT030,0,1,3,0,0,0,4,87,87,87,0.0,0.0,0.0,0.0,0.0,0.0,0.0,60.0,2,3,0,1
EMP034,2026-03-29,87,Relationship Manager,Ahmedabad,COHORT030,0,3,5,0,0,0,10,88,88,88,0.0,0.0,0.0,0.0,0.0,0.0,0.0,40.0,3,2,0,1
EMP034,2026-03-30,88,Relationship Manager,Ahmedabad,COHORT030,0,64,116,0,0,0,236,89,89,89,0.0,0.0,0.0,0.0,0.0,0.0,0.0,0.0,5,0,0,1
EMP034,2026-03-31,89,Relationship Manager,Ahmedabad,COHORT030,0,60,119,0,0,0,248,90,90,90,0.0,0.0,0.0,0.0,0.0,0.0,0.0,0.0,5,0,0,1
EMP035,2026-01-01,0,Relationship Manager,Surat,COHORT031,0,58,78,0,0,0,202,1,1,1,0.0,0.0,0.0,0.0,0.0,0.0,0.0,0.0,5,0,0,1
EMP035,2026-01-02,1,Relationship Manager,Surat,COHORT031,0,45,115,0,0,0,243,2,2,2,0.0,0.0,0.0,0.0,0.0,0.0,0.0,0.0,5,0,0,1
EMP035,2026-01-03,2,Relationship Manager,Surat,COHORT031,0,4,8,0,0,0,16,3,3,3,0.0,0.0,0.0,0.0,0.0,0.0,0.0,0.0,5,0,0,1
EMP035,2026-01-04,3,Relationship Manager,Surat,COHORT031,0,7,14,0,0,0,26,4,4,4,0.0,0.0,0.0,0.0,0.0,0.0,0.0,20.0,4,1,0,1
EMP035,2026-01-05,4,Relationship Manager,Surat,COHORT031,0,48,114,0,0,0,224,5,5,5,0.0,0.0,0.0,0.0,0.0,0.0,0.0,0.0,5,0,0,1
EMP035,2026-01-06,5,Relationship Manager,Surat,COHORT031,0,37,110,0,0,0,227,6,6,6,0.0,0.0,0.0,0.0,0.0,0.0,0.0,0.0,5,0,0,1
EMP035,2026-01-07,6,Relationship Manager,Surat,COHORT031,0,66,133,0,0,0,254,7,7,7,0.0,0.0,0.0,0.0,0.0,0.0,0.0,0.0,5,0,0,1
EMP035,2026-01-08,7,Relationship Manager,Surat,COHORT031,0,64,82,0,0,0,202,8,8,8,0.0,0.0,0.0,0.0,0.0,0.0,0.0,0.0,5,0,0,1
EMP035,2026-01-09,8,Relationship Manager,Surat,COHORT031,0,55,109,0,0,0,246,9,9,9,0.0,0.0,0.0,0.0,0.0,0.0,0.0,0.0,5,0,0,1
EMP035,2026-01-10,9,Relationship Manager,Surat,COHORT031,0,1,1,0,0,0,2,10,10,10,0.0,0.0,0.0,0.0,0.0,0.0,0.0,60.0,2,3,0,1
EMP035,2026-01-11,10,Relationship Manager,Surat,COHORT031,0,8,25,0,0,0,45,11,11,11,0.0,0.0,0.0,0.0,0.0,0.0,0.0,0.0,5,0,0,1
EMP035,2026-01-12,11,Relationship Manager,Surat,COHORT031,0,46,84,0,0,0,179,12,12,12,0.0,0.0,0.0,0.0,0.0,0.0,0.0,0.0,5,0,0,1
EMP035,2026-01-13,12,Relationship Manager,Surat,COHORT031,0,47,120,0,0,0,238,13,13,13,0.0,0.0,0.0,0.0,0.0,0.0,0.0,0.0,5,0,0,1
EMP035,2026-01-14,13,Relationship Manager,Surat,COHORT031,0,54,124,0,0,0,248,14,14,14,0.0,0.0,0.0,0.0,0.0,0.0,0.0,0.0,5,0,0,1
EMP035,2026-01-15,14,Relationship Manager,Surat,COHORT031,0,53,139,0,0,0,249,15,15,15,0.0,0.0,0.0,0.0,0.0,0.0,0.0,0.0,5,0,0,1
EMP035,2026-01-16,15,Relationship Manager,Surat,COHORT031,0,73,96,0,0,0,232,16,16,16,0.0,0.0,0.0,0.0,0.0,0.0,0.0,0.0,5,0,0,1
EMP035,2026-01-17,16,Relationship Manager,Surat,COHORT031,0,4,14,0,0,0,24,17,17,17,0.0,0.0,0.0,0.0,0.0,0.0,0.0,0.0,5,0,0,1
EMP035,2026-01-18,17,Relationship Manager,Surat,COHORT031,0,5,17,0,0,0,30,18,18,18,0.0,0.0,0.0,0.0,0.0,0.0,0.0,0.0,5,0,0,1
EMP035,2026-01-19,18,Relationship Manager,Surat,COHORT031,0,57,89,0,0,0,214,19,19,19,0.0,0.0,0.0,0.0,0.0,0.0,0.0,0.0,5,0,0,1
EMP035,2026-01-20,19,Relationship Manager,Surat,COHORT031,0,58,109,0,0,0,261,20,20,20,0.0,0.0,0.0,0.0,0.0,0.0,0.0,0.0,5,0,0,1
EMP035,2026-01-21,20,Relationship Manager,Surat,COHORT031,0,59,92,0,0,0,220,21,21,21,0.0,0.0,0.0,0.0,0.0,0.0,0.0,0.0,5,0,0,1
EMP035,2026-01-22,21,Relationship Manager,Surat,COHORT031,0,65,87,0,0,0,236,22,22,22,0.0,0.0,0.0,0.0,0.0,0.0,0.0,0.0,5,0,0,1
EMP035,2026-01-23,22,Relationship Manager,Surat,COHORT031,0,52,85,0,0,0,200,23,23,23,0.0,0.0,0.0,0.0,0.0,0.0,0.0,0.0,5,0,0,1
EMP035,2026-01-24,23,Relationship Manager,Surat,COHORT031,0,4,10,0,0,0,21,24,24,24,0.0,0.0,0.0,0.0,0.0,0.0,0.0,0.0,5,0,0,1
EMP035,2026-01-25,24,Relationship Manager,Surat,COHORT031,0,3,8,0,0,0,15,25,25,25,0.0,0.0,0.0,0.0,0.0,0.0,0.0,0.0,5,0,0,1
EMP035,2026-01-26,25,Relationship Manager,Surat,COHORT031,0,62,108,0,0,0,241,26,26,26,0.0,0.0,0.0,0.0,0.0,0.0,0.0,0.0,5,0,0,1
EMP035,2026-01-27,26,Relationship Manager,Surat,COHORT031,0,41,93,0,0,0,193,27,27,27,0.0,0.0,0.0,0.0,0.0,0.0,0.0,0.0,5,0,0,1
EMP035,2026-01-28,27,Relationship Manager,Surat,COHORT031,0,51,120,0,0,0,260,28,28,28,0.0,0.0,0.0,0.0,0.0,0.0,0.0,0.0,5,0,0,1
EMP035,2026-01-29,28,Relationship Manager,Surat,COHORT031,0,55,104,0,0,0,222,29,29,29,0.0,0.0,0.0,0.0,0.0,0.0,0.0,0.0,5,0,0,1
EMP035,2026-01-30,29,Relationship Manager,Surat,COHORT031,0,45,81,0,0,0,211,30,30,30,0.0,0.0,0.0,0.0,0.0,0.0,0.0,0.0,5,0,0,1
EMP035,2026-01-31,30,Relationship Manager,Surat,COHORT031,0,4,8,0,0,0,16,31,31,31,0.0,0.0,0.0,0.0,0.0,0.0,0.0,20.0,4,1,0,1
EMP035,2026-02-01,31,Relationship Manager,Surat,COHORT031,0,0,1,0,0,0,1,32,32,32,0.0,0.0,0.0,0.0,0.0,0.0,0.0,80.0,1,4,0,1
EMP035,2026-02-02,32,Relationship Manager,Surat,COHORT031,0,44,114,0,0,0,222,33,33,33,0.0,0.0,0.0,0.0,0.0,0.0,0.0,0.0,5,0,0,1
EMP035,2026-02-03,33,Relationship Manager,Surat,COHORT031,0,31,95,0,0,0,197,34,34,34,0.0,0.0,0.0,0.0,0.0,0.0,0.0,0.0,5,0,0,1
EMP035,2026-02-04,34,Relationship Manager,Surat,COHORT031,0,54,113,0,0,0,237,35,35,35,0.0,0.0,0.0,0.0,0.0,0.0,0.0,0.0,5,0,0,1
EMP035,2026-02-05,35,Relationship Manager,Surat,COHORT031,0,51,76,0,0,0,196,36,36,36,0.0,0.0,0.0,0.0,0.0,0.0,0.0,0.0,5,0,0,1
EMP035,2026-02-06,36,Relationship Manager,Surat,COHORT031,0,56,95,0,0,0,209,37,37,37,0.0,0.0,0.0,0.0,0.0,0.0,0.0,0.0,5,0,0,1
EMP035,2026-02-07,37,Relationship Manager,Surat,COHORT031,0,0,0,0,0,0,0,38,38,38,0.0,0.0,0.0,0.0,0.0,0.0,0.0,100.0,0,5,0,1
EMP035,2026-02-08,38,Relationship Manager,Surat,COHORT031,0,1,2,0,0,0,3,39,39,39,0.0,0.0,0.0,0.0,0.0,0.0,0.0,60.0,2,3,0,1
EMP035,2026-02-09,39,Relationship Manager,Surat,COHORT031,0,71,108,0,0,0,253,40,40,40,0.0,0.0,0.0,0.0,0.0,0.0,0.0,0.0,5,0,0,1
EMP035,2026-02-10,40,Relationship Manager,Surat,COHORT031,0,36,97,0,0,0,192,41,41,41,0.0,0.0,0.0,0.0,0.0,0.0,0.0,0.0,5,0,0,1
EMP035,2026-02-11,41,Relationship Manager,Surat,COHORT031,0,55,132,0,0,0,257,42,42,42,0.0,0.0,0.0,0.0,0.0,0.0,0.0,0.0,5,0,0,1
EMP035,2026-02-12,42,Relationship Manager,Surat,COHORT031,0,45,80,0,0,0,211,43,43,43,0.0,0.0,0.0,0.0,0.0,0.0,0.0,0.0,5,0,0,1
EMP035,2026-02-13,43,Relationship Manager,Surat,COHORT031,0,65,103,0,0,0,246,44,44,44,0.0,0.0,0.0,0.0,0.0,0.0,0.0,0.0,5,0,0,1
EMP035,2026-02-14,44,Relationship Manager,Surat,COHORT031,0,8,24,0,0,0,45,45,45,45,0.0,0.0,0.0,0.0,0.0,0.0,0.0,0.0,5,0,0,1
EMP035,2026-02-15,45,Relationship Manager,Surat,COHORT031,0,4,8,0,0,0,18,46,46,46,0.0,0.0,0.0,0.0,0.0,0.0,0.0,0.0,5,0,0,1
EMP035,2026-02-16,46,Relationship Manager,Surat,COHORT031,0,70,114,0,0,0,256,47,47,47,0.0,0.0,0.0,0.0,0.0,0.0,0.0,0.0,5,0,0,1
EMP035,2026-02-17,47,Relationship Manager,Surat,COHORT031,0,30,91,0,0,0,197,48,48,48,0.0,0.0,0.0,0.0,0.0,0.0,0.0,0.0,5,0,0,1
EMP035,2026-02-18,48,Relationship Manager,Surat,COHORT031,0,52,132,0,0,0,277,49,49,49,0.0,0.0,0.0,0.0,0.0,0.0,0.0,0.0,5,0,0,1
EMP035,2026-02-19,49,Relationship Manager,Surat,COHORT031,0,56,119,0,0,0,247,50,50,50,0.0,0.0,0.0,0.0,0.0,0.0,0.0,0.0,5,0,0,1
EMP035,2026-02-20,50,Relationship Manager,Surat,COHORT031,0,48,92,0,0,0,205,51,51,51,0.0,0.0,0.0,0.0,0.0,0.0,0.0,0.0,5,0,0,1
EMP035,2026-02-21,51,Relationship Manager,Surat,COHORT031,0,1,1,0,0,0,2,52,52,52,0.0,0.0,0.0,0.0,0.0,0.0,0.0,60.0,2,3,0,1
EMP035,2026-02-22,52,Relationship Manager,Surat,COHORT031,0,3,8,0,0,0,17,53,53,53,0.0,0.0,0.0,0.0,0.0,0.0,0.0,0.0,5,0,0,1
EMP035,2026-02-23,53,Relationship Manager,Surat,COHORT031,0,53,108,0,0,0,234,54,54,54,0.0,0.0,0.0,0.0,0.0,0.0,0.0,0.0,5,0,0,1
EMP035,2026-02-24,54,Relationship Manager,Surat,COHORT031,0,34,131,0,0,0,237,55,55,55,0.0,0.0,0.0,0.0,0.0,0.0,0.0,0.0,5,0,0,1
EMP035,2026-02-25,55,Relationship Manager,Surat,COHORT031,0,35,128,0,0,0,224,56,56,56,0.0,0.0,0.0,0.0,0.0,0.0,0.0,0.0,5,0,0,1
EMP035,2026-02-26,56,Relationship Manager,Surat,COHORT031,0,63,117,0,0,0,259,57,57,57,0.0,0.0,0.0,0.0,0.0,0.0,0.0,0.0,5,0,0,1
EMP035,2026-02-27,57,Relationship Manager,Surat,COHORT031,0,64,117,0,0,0,244,58,58,58,0.0,0.0,0.0,0.0,0.0,0.0,0.0,0.0,5,0,0,1
EMP035,2026-02-28,58,Relationship Manager,Surat,COHORT031,0,0,1,0,0,0,1,59,59,59,0.0,0.0,0.0,0.0,0.0,0.0,0.0,80.0,1,4,0,1
EMP035,2026-03-01,59,Relationship Manager,Surat,COHORT031,0,5,17,0,0,0,34,60,60,60,0.0,0.0,0.0,0.0,0.0,0.0,0.0,0.0,5,0,0,1
EMP035,2026-03-02,60,Relationship Manager,Surat,COHORT031,0,39,119,0,0,0,229,61,61,61,0.0,0.0,0.0,0.0,0.0,0.0,0.0,0.0,5,0,0,1
EMP035,2026-03-03,61,Relationship Manager,Surat,COHORT031,0,47,105,0,0,0,213,62,62,62,0.0,0.0,0.0,0.0,0.0,0.0,0.0,0.0,5,0,0,1
EMP035,2026-03-04,62,Relationship Manager,Surat,COHORT031,0,55,84,0,0,0,207,63,63,63,0.0,0.0,0.0,0.0,0.0,0.0,0.0,0.0,5,0,0,1
EMP035,2026-03-05,63,Relationship Manager,Surat,COHORT031,0,71,85,0,0,0,241,64,64,64,0.0,0.0,0.0,0.0,0.0,0.0,0.0,0.0,5,0,0,1
EMP035,2026-03-06,64,Relationship Manager,Surat,COHORT031,0,48,77,0,0,0,192,65,65,65,0.0,0.0,0.0,0.0,0.0,0.0,0.0,0.0,5,0,0,1
EMP035,2026-03-07,65,Relationship Manager,Surat,COHORT031,0,0,0,0,0,0,0,66,66,66,0.0,0.0,0.0,0.0,0.0,0.0,0.0,100.0,0,5,0,1
EMP035,2026-03-08,66,Relationship Manager,Surat,COHORT031,0,0,0,0,0,0,0,67,67,67,0.0,0.0,0.0,0.0,0.0,0.0,0.0,100.0,0,5,0,1
EMP035,2026-03-09,67,Relationship Manager,Surat,COHORT031,0,53,103,0,0,0,231,68,68,68,0.0,0.0,0.0,0.0,0.0,0.0,0.0,0.0,5,0,0,1
EMP035,2026-03-10,68,Relationship Manager,Surat,COHORT031,0,52,110,0,0,0,213,69,69,69,0.0,0.0,0.0,0.0,0.0,0.0,0.0,0.0,5,0,0,1
EMP035,2026-03-11,69,Relationship Manager,Surat,COHORT031,0,41,116,0,0,0,207,70,70,70,0.0,0.0,0.0,0.0,0.0,0.0,0.0,0.0,5,0,0,1
EMP035,2026-03-12,70,Relationship Manager,Surat,COHORT031,0,34,91,0,0,0,182,71,71,71,0.0,0.0,0.0,0.0,0.0,0.0,0.0,0.0,5,0,0,1
EMP035,2026-03-13,71,Relationship Manager,Surat,COHORT031,0,30,100,0,0,0,191,72,72,72,0.0,0.0,0.0,0.0,0.0,0.0,0.0,0.0,5,0,0,1
EMP035,2026-03-14,72,Relationship Manager,Surat,COHORT031,0,0,0,0,0,0,0,73,73,73,0.0,0.0,0.0,0.0,0.0,0.0,0.0,100.0,0,5,0,1
EMP035,2026-03-15,73,Relationship Manager,Surat,COHORT031,0,10,25,0,0,0,48,74,74,74,0.0,0.0,0.0,0.0,0.0,0.0,0.0,0.0,5,0,0,1
EMP035,2026-03-16,74,Relationship Manager,Surat,COHORT031,0,34,104,0,0,0,202,75,75,75,0.0,0.0,0.0,0.0,0.0,0.0,0.0,0.0,5,0,0,1
EMP035,2026-03-17,75,Relationship Manager,Surat,COHORT031,0,51,95,0,0,0,212,76,76,76,0.0,0.0,0.0,0.0,0.0,0.0,0.0,0.0,5,0,0,1
EMP035,2026-03-18,76,Relationship Manager,Surat,COHORT031,0,35,124,0,0,0,238,77,77,77,0.0,0.0,0.0,0.0,0.0,0.0,0.0,0.0,5,0,0,1
EMP035,2026-03-19,77,Relationship Manager,Surat,COHORT031,0,53,80,0,0,0,198,78,78,78,0.0,0.0,0.0,0.0,0.0,0.0,0.0,0.0,5,0,0,1
EMP035,2026-03-20,78,Relationship Manager,Surat,COHORT031,0,45,104,0,0,0,207,79,79,79,0.0,0.0,0.0,0.0,0.0,0.0,0.0,0.0,5,0,0,1
EMP035,2026-03-21,79,Relationship Manager,Surat,COHORT031,0,2,6,0,0,0,12,80,80,80,0.0,0.0,0.0,0.0,0.0,0.0,0.0,0.0,5,0,0,1
EMP035,2026-03-22,80,Relationship Manager,Surat,COHORT031,0,3,5,0,0,0,11,81,81,81,0.0,0.0,0.0,0.0,0.0,0.0,0.0,20.0,4,1,0,1
EMP035,2026-03-23,81,Relationship Manager,Surat,COHORT031,0,32,104,0,0,0,213,82,82,82,0.0,0.0,0.0,0.0,0.0,0.0,0.0,0.0,5,0,0,1
EMP035,2026-03-24,82,Relationship Manager,Surat,COHORT031,0,26,82,0,0,0,162,83,83,83,0.0,0.0,0.0,0.0,0.0,0.0,0.0,0.0,5,0,0,1
EMP035,2026-03-25,83,Relationship Manager,Surat,COHORT031,0,61,121,0,0,0,243,84,84,84,0.0,0.0,0.0,0.0,0.0,0.0,0.0,0.0,5,0,0,1
EMP035,2026-03-26,84,Relationship Manager,Surat,COHORT031,0,61,94,0,0,0,222,85,85,85,0.0,0.0,0.0,0.0,0.0,0.0,0.0,0.0,5,0,0,1
EMP035,2026-03-27,85,Relationship Manager,Surat,COHORT031,0,39,96,0,0,0,201,86,86,86,0.0,0.0,0.0,0.0,0.0,0.0,0.0,0.0,5,0,0,1
EMP035,2026-03-28,86,Relationship Manager,Surat,COHORT031,0,13,25,0,0,0,52,87,87,87,0.0,0.0,0.0,0.0,0.0,0.0,0.0,0.0,5,0,0,1
EMP035,2026-03-29,87,Relationship Manager,Surat,COHORT031,0,11,18,0,0,0,48,88,88,88,0.0,0.0,0.0,0.0,0.0,0.0,0.0,0.0,5,0,0,1
EMP035,2026-03-30,88,Relationship Manager,Surat,COHORT031,0,63,89,0,0,0,223,89,89,89,0.0,0.0,0.0,0.0,0.0,0.0,0.0,0.0,5,0,0,1
EMP035,2026-03-31,89,Relationship Manager,Surat,COHORT031,0,48,84,0,0,0,199,90,90,90,0.0,0.0,0.0,0.0,0.0,0.0,0.0,0.0,5,0,0,1
EMP036,2026-01-01,0,Relationship Manager,Bangalore,COHORT027,0,41,87,0,0,0,183,1,1,1,0.0,0.0,0.0,0.0,0.0,0.0,0.0,0.0,5,0,0,1
EMP036,2026-01-02,1,Relationship Manager,Bangalore,COHORT027,0,76,90,0,0,0,255,2,2,2,0.0,0.0,0.0,0.0,0.0,0.0,0.0,0.0,5,0,0,1
EMP036,2026-01-03,2,Relationship Manager,Bangalore,COHORT027,0,7,17,0,0,0,35,3,3,3,0.0,0.0,0.0,0.0,0.0,0.0,0.0,0.0,5,0,0,1
EMP036,2026-01-04,3,Relationship Manager,Bangalore,COHORT027,0,3,9,0,0,0,17,4,4,4,0.0,0.0,0.0,0.0,0.0,0.0,0.0,0.0,5,0,0,1
EMP036,2026-01-05,4,Relationship Manager,Bangalore,COHORT027,0,30,91,0,0,0,182,5,5,5,0.0,0.0,0.0,0.0,0.0,0.0,0.0,0.0,5,0,0,1
EMP036,2026-01-06,5,Relationship Manager,Bangalore,COHORT027,0,31,126,0,0,0,238,6,6,6,0.0,0.0,0.0,0.0,0.0,0.0,0.0,0.0,5,0,0,1
EMP036,2026-01-07,6,Relationship Manager,Bangalore,COHORT027,0,31,84,0,0,0,183,7,7,7,0.0,0.0,0.0,0.0,0.0,0.0,0.0,0.0,5,0,0,1
EMP036,2026-01-08,7,Relationship Manager,Bangalore,COHORT027,0,29,94,0,0,0,198,8,8,8,0.0,0.0,0.0,0.0,0.0,0.0,0.0,0.0,5,0,0,1
EMP036,2026-01-09,8,Relationship Manager,Bangalore,COHORT027,0,43,93,0,0,0,200,9,9,9,0.0,0.0,0.0,0.0,0.0,0.0,0.0,0.0,5,0,0,1
EMP036,2026-01-10,9,Relationship Manager,Bangalore,COHORT027,0,6,22,0,0,0,42,10,10,10,0.0,0.0,0.0,0.0,0.0,0.0,0.0,0.0,5,0,0,1
EMP036,2026-01-11,10,Relationship Manager,Bangalore,COHORT027,0,9,17,0,0,0,36,11,11,11,0.0,0.0,0.0,0.0,0.0,0.0,0.0,0.0,5,0,0,1
EMP036,2026-01-12,11,Relationship Manager,Bangalore,COHORT027,0,61,112,0,0,0,250,12,12,12,0.0,0.0,0.0,0.0,0.0,0.0,0.0,0.0,5,0,0,1
EMP036,2026-01-13,12,Relationship Manager,Bangalore,COHORT027,0,36,108,0,0,0,230,13,13,13,0.0,0.0,0.0,0.0,0.0,0.0,0.0,0.0,5,0,0,1
EMP036,2026-01-14,13,Relationship Manager,Bangalore,COHORT027,0,62,87,0,0,0,247,14,14,14,0.0,0.0,0.0,0.0,0.0,0.0,0.0,0.0,5,0,0,1
EMP036,2026-01-15,14,Relationship Manager,Bangalore,COHORT027,0,71,103,0,0,0,249,15,15,15,0.0,0.0,0.0,0.0,0.0,0.0,0.0,0.0,5,0,0,1
EMP036,2026-01-16,15,Relationship Manager,Bangalore,COHORT027,0,63,116,0,0,0,233,16,16,16,0.0,0.0,0.0,0.0,0.0,0.0,0.0,0.0,5,0,0,1
EMP036,2026-01-17,16,Relationship Manager,Bangalore,COHORT027,0,5,21,0,0,0,37,17,17,17,0.0,0.0,0.0,0.0,0.0,0.0,0.0,0.0,5,0,0,1
EMP036,2026-01-18,17,Relationship Manager,Bangalore,COHORT027,0,2,6,0,0,0,11,18,18,18,0.0,0.0,0.0,0.0,0.0,0.0,0.0,20.0,4,1,0,1
EMP036,2026-01-19,18,Relationship Manager,Bangalore,COHORT027,0,44,81,0,0,0,185,19,19,19,0.0,0.0,0.0,0.0,0.0,0.0,0.0,0.0,5,0,0,1
EMP036,2026-01-20,19,Relationship Manager,Bangalore,COHORT027,0,54,125,0,0,0,259,20,20,20,0.0,0.0,0.0,0.0,0.0,0.0,0.0,0.0,5,0,0,1
EMP036,2026-01-21,20,Relationship Manager,Bangalore,COHORT027,0,56,92,0,0,0,193,21,21,21,0.0,0.0,0.0,0.0,0.0,0.0,0.0,0.0,5,0,0,1
EMP036,2026-01-22,21,Relationship Manager,Bangalore,COHORT027,0,55,115,0,0,0,230,22,22,22,0.0,0.0,0.0,0.0,0.0,0.0,0.0,0.0,5,0,0,1
EMP036,2026-01-23,22,Relationship Manager,Bangalore,COHORT027,0,64,102,0,0,0,229,23,23,23,0.0,0.0,0.0,0.0,0.0,0.0,0.0,0.0,5,0,0,1
EMP036,2026-01-24,23,Relationship Manager,Bangalore,COHORT027,0,10,18,0,0,0,38,24,24,24,0.0,0.0,0.0,0.0,0.0,0.0,0.0,0.0,5,0,0,1
EMP036,2026-01-25,24,Relationship Manager,Bangalore,COHORT027,0,2,6,0,0,0,10,25,25,25,0.0,0.0,0.0,0.0,0.0,0.0,0.0,20.0,4,1,0,1
EMP036,2026-01-26,25,Relationship Manager,Bangalore,COHORT027,0,66,122,0,0,0,237,26,26,26,0.0,0.0,0.0,0.0,0.0,0.0,0.0,0.0,5,0,0,1
EMP036,2026-01-27,26,Relationship Manager,Bangalore,COHORT027,0,48,140,0,0,0,267,27,27,27,0.0,0.0,0.0,0.0,0.0,0.0,0.0,0.0,5,0,0,1
EMP036,2026-01-28,27,Relationship Manager,Bangalore,COHORT027,0,59,129,0,0,0,260,28,28,28,0.0,0.0,0.0,0.0,0.0,0.0,0.0,0.0,5,0,0,1
EMP036,2026-01-29,28,Relationship Manager,Bangalore,COHORT027,0,68,117,0,0,0,268,29,29,29,0.0,0.0,0.0,0.0,0.0,0.0,0.0,0.0,5,0,0,1
EMP036,2026-01-30,29,Relationship Manager,Bangalore,COHORT027,0,62,116,0,0,0,243,30,30,30,0.0,0.0,0.0,0.0,0.0,0.0,0.0,0.0,5,0,0,1
EMP036,2026-01-31,30,Relationship Manager,Bangalore,COHORT027,0,9,30,0,0,0,55,31,31,31,0.0,0.0,0.0,0.0,0.0,0.0,0.0,0.0,5,0,0,1
EMP036,2026-02-01,31,Relationship Manager,Bangalore,COHORT027,0,10,27,0,0,0,52,32,32,32,0.0,0.0,0.0,0.0,0.0,0.0,0.0,0.0,5,0,0,1
EMP036,2026-02-02,32,Relationship Manager,Bangalore,COHORT027,0,63,98,0,0,0,233,33,33,33,0.0,0.0,0.0,0.0,0.0,0.0,0.0,0.0,5,0,0,1
EMP036,2026-02-03,33,Relationship Manager,Bangalore,COHORT027,0,51,120,0,0,0,246,34,34,34,0.0,0.0,0.0,0.0,0.0,0.0,0.0,0.0,5,0,0,1
EMP036,2026-02-04,34,Relationship Manager,Bangalore,COHORT027,0,43,107,0,0,0,201,35,35,35,0.0,0.0,0.0,0.0,0.0,0.0,0.0,0.0,5,0,0,1
EMP036,2026-02-05,35,Relationship Manager,Bangalore,COHORT027,0,51,124,0,0,0,250,36,36,36,0.0,0.0,0.0,0.0,0.0,0.0,0.0,0.0,5,0,0,1
EMP036,2026-02-06,36,Relationship Manager,Bangalore,COHORT027,0,56,126,0,0,0,251,37,37,37,0.0,0.0,0.0,0.0,0.0,0.0,0.0,0.0,5,0,0,1
EMP036,2026-02-07,37,Relationship Manager,Bangalore,COHORT027,0,1,3,0,0,0,5,38,38,38,0.0,0.0,0.0,0.0,0.0,0.0,0.0,40.0,3,2,0,1
EMP036,2026-02-08,38,Relationship Manager,Bangalore,COHORT027,0,0,0,0,0,0,0,39,39,39,0.0,0.0,0.0,0.0,0.0,0.0,0.0,100.0,0,5,0,1
EMP036,2026-02-09,39,Relationship Manager,Bangalore,COHORT027,0,38,125,0,0,0,227,40,40,40,0.0,0.0,0.0,0.0,0.0,0.0,0.0,0.0,5,0,0,1
EMP036,2026-02-10,40,Relationship Manager,Bangalore,COHORT027,0,46,92,0,0,0,217,41,41,41,0.0,0.0,0.0,0.0,0.0,0.0,0.0,0.0,5,0,0,1
EMP036,2026-02-11,41,Relationship Manager,Bangalore,COHORT027,0,76,110,0,0,0,248,42,42,42,0.0,0.0,0.0,0.0,0.0,0.0,0.0,0.0,5,0,0,1
EMP036,2026-02-12,42,Relationship Manager,Bangalore,COHORT027,0,44,114,0,0,0,229,43,43,43,0.0,0.0,0.0,0.0,0.0,0.0,0.0,0.0,5,0,0,1
EMP036,2026-02-13,43,Relationship Manager,Bangalore,COHORT027,0,43,130,0,0,0,243,44,44,44,0.0,0.0,0.0,0.0,0.0,0.0,0.0,0.0,5,0,0,1
EMP036,2026-02-14,44,Relationship Manager,Bangalore,COHORT027,0,1,4,0,0,0,7,45,45,45,0.0,0.0,0.0,0.0,0.0,0.0,0.0,20.0,4,1,0,1
EMP036,2026-02-15,45,Relationship Manager,Bangalore,COHORT027,0,8,12,0,0,0,29,46,46,46,0.0,0.0,0.0,0.0,0.0,0.0,0.0,0.0,5,0,0,1
EMP036,2026-02-16,46,Relationship Manager,Bangalore,COHORT027,0,59,114,0,0,0,231,47,47,47,0.0,0.0,0.0,0.0,0.0,0.0,0.0,0.0,5,0,0,1
EMP036,2026-02-17,47,Relationship Manager,Bangalore,COHORT027,0,51,84,0,0,0,216,48,48,48,0.0,0.0,0.0,0.0,0.0,0.0,0.0,0.0,5,0,0,1
EMP036,2026-02-18,48,Relationship Manager,Bangalore,COHORT027,0,28,93,0,0,0,190,49,49,49,0.0,0.0,0.0,0.0,0.0,0.0,0.0,0.0,5,0,0,1
EMP036,2026-02-19,49,Relationship Manager,Bangalore,COHORT027,0,64,85,0,0,0,209,50,50,50,0.0,0.0,0.0,0.0,0.0,0.0,0.0,0.0,5,0,0,1
EMP036,2026-02-20,50,Relationship Manager,Bangalore,COHORT027,0,37,112,0,0,0,228,51,51,51,0.0,0.0,0.0,0.0,0.0,0.0,0.0,0.0,5,0,0,1
EMP036,2026-02-21,51,Relationship Manager,Bangalore,COHORT027,0,12,18,0,0,0,43,52,52,52,0.0,0.0,0.0,0.0,0.0,0.0,0.0,0.0,5,0,0,1
EMP036,2026-02-22,52,Relationship Manager,Bangalore,COHORT027,0,8,18,0,0,0,34,53,53,53,0.0,0.0,0.0,0.0,0.0,0.0,0.0,20.0,4,1,0,1
EMP036,2026-02-23,53,Relationship Manager,Bangalore,COHORT027,0,51,103,0,0,0,223,54,54,54,0.0,0.0,0.0,0.0,0.0,0.0,0.0,0.0,5,0,0,1
EMP036,2026-02-24,54,Relationship Manager,Bangalore,COHORT027,0,29,126,0,0,0,213,55,55,55,0.0,0.0,0.0,0.0,0.0,0.0,0.0,0.0,5,0,0,1
EMP036,2026-02-25,55,Relationship Manager,Bangalore,COHORT027,0,39,135,0,0,0,245,56,56,56,0.0,0.0,0.0,0.0,0.0,0.0,0.0,0.0,5,0,0,1
EMP036,2026-02-26,56,Relationship Manager,Bangalore,COHORT027,0,35,122,0,0,0,242,57,57,57,0.0,0.0,0.0,0.0,0.0,0.0,0.0,0.0,5,0,0,1
EMP036,2026-02-27,57,Relationship Manager,Bangalore,COHORT027,0,52,117,0,0,0,254,58,58,58,0.0,0.0,0.0,0.0,0.0,0.0,0.0,0.0,5,0,0,1
EMP036,2026-02-28,58,Relationship Manager,Bangalore,COHORT027,0,1,3,0,0,0,4,59,59,59,0.0,0.0,0.0,0.0,0.0,0.0,0.0,60.0,2,3,0,1
EMP036,2026-03-01,59,Relationship Manager,Bangalore,COHORT027,0,1,3,0,0,0,4,60,60,60,0.0,0.0,0.0,0.0,0.0,0.0,0.0,60.0,2,3,0,1
EMP036,2026-03-02,60,Relationship Manager,Bangalore,COHORT027,0,34,105,0,0,0,215,61,61,61,0.0,0.0,0.0,0.0,0.0,0.0,0.0,0.0,5,0,0,1
EMP036,2026-03-03,61,Relationship Manager,Bangalore,COHORT027,0,49,110,0,0,0,217,62,62,62,0.0,0.0,0.0,0.0,0.0,0.0,0.0,0.0,5,0,0,1
EMP036,2026-03-04,62,Relationship Manager,Bangalore,COHORT027,0,57,116,0,0,0,239,63,63,63,0.0,0.0,0.0,0.0,0.0,0.0,0.0,0.0,5,0,0,1
EMP036,2026-03-05,63,Relationship Manager,Bangalore,COHORT027,0,61,98,0,0,0,245,64,64,64,0.0,0.0,0.0,0.0,0.0,0.0,0.0,0.0,5,0,0,1
EMP036,2026-03-06,64,Relationship Manager,Bangalore,COHORT027,0,54,80,0,0,0,217,65,65,65,0.0,0.0,0.0,0.0,0.0,0.0,0.0,0.0,5,0,0,1
EMP036,2026-03-07,65,Relationship Manager,Bangalore,COHORT027,0,0,0,0,0,0,0,66,66,66,0.0,0.0,0.0,0.0,0.0,0.0,0.0,100.0,0,5,0,1
EMP036,2026-03-08,66,Relationship Manager,Bangalore,COHORT027,0,13,26,0,0,0,51,67,67,67,0.0,0.0,0.0,0.0,0.0,0.0,0.0,0.0,5,0,0,1
EMP036,2026-03-09,67,Relationship Manager,Bangalore,COHORT027,0,67,99,0,0,0,247,68,68,68,0.0,0.0,0.0,0.0,0.0,0.0,0.0,0.0,5,0,0,1
EMP036,2026-03-10,68,Relationship Manager,Bangalore,COHORT027,0,61,132,0,0,0,239,69,69,69,0.0,0.0,0.0,0.0,0.0,0.0,0.0,0.0,5,0,0,1
EMP036,2026-03-11,69,Relationship Manager,Bangalore,COHORT027,0,35,106,0,0,0,191,70,70,70,0.0,0.0,0.0,0.0,0.0,0.0,0.0,0.0,5,0,0,1
EMP036,2026-03-12,70,Relationship Manager,Bangalore,COHORT027,0,52,138,0,0,0,250,71,71,71,0.0,0.0,0.0,0.0,0.0,0.0,0.0,0.0,5,0,0,1
EMP036,2026-03-13,71,Relationship Manager,Bangalore,COHORT027,0,61,90,0,0,0,216,72,72,72,0.0,0.0,0.0,0.0,0.0,0.0,0.0,0.0,5,0,0,1
EMP036,2026-03-14,72,Relationship Manager,Bangalore,COHORT027,0,8,22,0,0,0,46,73,73,73,0.0,0.0,0.0,0.0,0.0,0.0,0.0,0.0,5,0,0,1
EMP036,2026-03-15,73,Relationship Manager,Bangalore,COHORT027,0,16,28,0,0,0,60,74,74,74,0.0,0.0,0.0,0.0,0.0,0.0,0.0,0.0,5,0,0,1
EMP036,2026-03-16,74,Relationship Manager,Bangalore,COHORT027,0,55,125,0,0,0,251,75,75,75,0.0,0.0,0.0,0.0,0.0,0.0,0.0,0.0,5,0,0,1
EMP036,2026-03-17,75,Relationship Manager,Bangalore,COHORT027,0,71,95,0,0,0,230,76,76,76,0.0,0.0,0.0,0.0,0.0,0.0,0.0,0.0,5,0,0,1
EMP036,2026-03-18,76,Relationship Manager,Bangalore,COHORT027,0,53,97,0,0,0,232,77,77,77,0.0,0.0,0.0,0.0,0.0,0.0,0.0,0.0,5,0,0,1
EMP036,2026-03-19,77,Relationship Manager,Bangalore,COHORT027,0,42,135,0,0,0,244,78,78,78,0.0,0.0,0.0,0.0,0.0,0.0,0.0,0.0,5,0,0,1
EMP036,2026-03-20,78,Relationship Manager,Bangalore,COHORT027,0,56,85,0,0,0,203,79,79,79,0.0,0.0,0.0,0.0,0.0,0.0,0.0,0.0,5,0,0,1
EMP036,2026-03-21,79,Relationship Manager,Bangalore,COHORT027,0,12,20,0,0,0,43,80,80,80,0.0,0.0,0.0,0.0,0.0,0.0,0.0,0.0,5,0,0,1
EMP036,2026-03-22,80,Relationship Manager,Bangalore,COHORT027,0,7,31,0,0,0,55,81,81,81,0.0,0.0,0.0,0.0,0.0,0.0,0.0,0.0,5,0,0,1
EMP036,2026-03-23,81,Relationship Manager,Bangalore,COHORT027,0,37,118,0,0,0,226,82,82,82,0.0,0.0,0.0,0.0,0.0,0.0,0.0,0.0,5,0,0,1
EMP036,2026-03-24,82,Relationship Manager,Bangalore,COHORT027,0,48,95,0,0,0,194,83,83,83,0.0,0.0,0.0,0.0,0.0,0.0,0.0,0.0,5,0,0,1
EMP036,2026-03-25,83,Relationship Manager,Bangalore,COHORT027,0,60,105,0,0,0,244,84,84,84,0.0,0.0,0.0,0.0,0.0,0.0,0.0,0.0,5,0,0,1
EMP036,2026-03-26,84,Relationship Manager,Bangalore,COHORT027,0,42,101,0,0,0,214,85,85,85,0.0,0.0,0.0,0.0,0.0,0.0,0.0,0.0,5,0,0,1
EMP036,2026-03-27,85,Relationship Manager,Bangalore,COHORT027,0,62,107,0,0,0,248,86,86,86,0.0,0.0,0.0,0.0,0.0,0.0,0.0,0.0,5,0,0,1
EMP036,2026-03-28,86,Relationship Manager,Bangalore,COHORT027,0,4,5,0,0,0,12,87,87,87,0.0,0.0,0.0,0.0,0.0,0.0,0.0,20.0,4,1,0,1
EMP036,2026-03-29,87,Relationship Manager,Bangalore,COHORT027,0,0,1,0,0,0,1,88,88,88,0.0,0.0,0.0,0.0,0.0,0.0,0.0,80.0,1,4,0,1
EMP036,2026-03-30,88,Relationship Manager,Bangalore,COHORT027,0,31,69,0,0,0,187,89,89,89,0.0,0.0,0.0,0.0,0.0,0.0,0.0,0.0,5,0,0,1
EMP036,2026-03-31,89,Relationship Manager,Bangalore,COHORT027,0,34,123,0,0,0,223,90,90,90,0.0,0.0,0.0,0.0,0.0,0.0,0.0,0.0,5,0,0,1
EMP037,2026-01-01,0,Operations Officer,Mumbai,COHORT032,0,0,0,0,0,0,228,1,1,1,0.0,0.0,0.0,0.0,0.0,0.0,0.0,0.0,6,0,0,1
EMP037,2026-01-02,1,Operations Officer,Mumbai,COHORT032,0,0,0,0,0,0,281,2,2,2,0.0,0.0,0.0,0.0,0.0,0.0,0.0,0.0,6,0,0,1
EMP037,2026-01-03,2,Operations Officer,Mumbai,COHORT032,0,0,0,0,0,0,33,3,3,3,0.0,0.0,0.0,0.0,0.0,0.0,0.0,0.0,6,0,0,1
EMP037,2026-01-04,3,Operations Officer,Mumbai,COHORT032,0,0,0,0,0,0,33,4,4,4,0.0,0.0,0.0,0.0,0.0,0.0,0.0,0.0,6,0,0,1
EMP037,2026-01-05,4,Operations Officer,Mumbai,COHORT032,0,0,0,0,0,0,257,5,5,5,0.0,0.0,0.0,0.0,0.0,0.0,0.0,0.0,6,0,0,1
EMP037,2026-01-06,5,Operations Officer,Mumbai,COHORT032,0,0,0,0,0,0,257,6,6,6,0.0,0.0,0.0,0.0,0.0,0.0,0.0,0.0,6,0,0,1
EMP037,2026-01-07,6,Operations Officer,Mumbai,COHORT032,0,0,0,0,0,0,273,7,7,7,0.0,0.0,0.0,0.0,0.0,0.0,0.0,0.0,6,0,0,1
EMP037,2026-01-08,7,Operations Officer,Mumbai,COHORT032,0,0,0,0,0,0,199,8,8,8,0.0,0.0,0.0,0.0,0.0,0.0,0.0,0.0,6,0,0,1
EMP037,2026-01-09,8,Operations Officer,Mumbai,COHORT032,0,0,0,0,0,0,240,9,9,9,0.0,0.0,0.0,0.0,0.0,0.0,0.0,0.0,6,0,0,1
EMP037,2026-01-10,9,Operations Officer,Mumbai,COHORT032,0,0,0,0,0,0,30,10,10,10,0.0,0.0,0.0,0.0,0.0,0.0,0.0,0.0,6,0,0,1
EMP037,2026-01-11,10,Operations Officer,Mumbai,COHORT032,0,0,0,0,0,0,6,11,11,11,0.0,0.0,0.0,0.0,0.0,0.0,0.0,50.0,3,3,0,1
EMP037,2026-01-12,11,Operations Officer,Mumbai,COHORT032,0,0,0,0,0,0,302,12,12,12,0.0,0.0,0.0,0.0,0.0,0.0,0.0,0.0,6,0,0,1
EMP037,2026-01-13,12,Operations Officer,Mumbai,COHORT032,0,0,0,0,0,0,264,13,13,13,0.0,0.0,0.0,0.0,0.0,0.0,0.0,0.0,6,0,0,1
EMP037,2026-01-14,13,Operations Officer,Mumbai,COHORT032,0,0,0,0,0,0,248,14,14,14,0.0,0.0,0.0,0.0,0.0,0.0,0.0,0.0,6,0,0,1
EMP037,2026-01-15,14,Operations Officer,Mumbai,COHORT032,0,0,0,0,0,0,250,15,15,15,0.0,0.0,0.0,0.0,0.0,0.0,0.0,0.0,6,0,0,1
EMP037,2026-01-16,15,Operations Officer,Mumbai,COHORT032,0,0,0,0,0,0,232,16,16,16,0.0,0.0,0.0,0.0,0.0,0.0,0.0,0.0,6,0,0,1
EMP037,2026-01-17,16,Operations Officer,Mumbai,COHORT032,0,0,0,0,0,0,11,17,17,17,0.0,0.0,0.0,0.0,0.0,0.0,0.0,0.0,6,0,0,1
EMP037,2026-01-18,17,Operations Officer,Mumbai,COHORT032,0,0,0,0,0,0,12,18,18,18,0.0,0.0,0.0,0.0,0.0,0.0,0.0,33.33,4,2,0,1
EMP037,2026-01-19,18,Operations Officer,Mumbai,COHORT032,0,0,0,0,0,0,292,19,19,19,0.0,0.0,0.0,0.0,0.0,0.0,0.0,0.0,6,0,0,1
EMP037,2026-01-20,19,Operations Officer,Mumbai,COHORT032,0,0,0,0,0,0,261,20,20,20,0.0,0.0,0.0,0.0,0.0,0.0,0.0,0.0,6,0,0,1
EMP037,2026-01-21,20,Operations Officer,Mumbai,COHORT032,0,0,0,0,0,0,280,21,21,21,0.0,0.0,0.0,0.0,0.0,0.0,0.0,0.0,6,0,0,1
EMP037,2026-01-22,21,Operations Officer,Mumbai,COHORT032,0,0,0,0,0,0,291,22,22,22,0.0,0.0,0.0,0.0,0.0,0.0,0.0,0.0,6,0,0,1
EMP037,2026-01-23,22,Operations Officer,Mumbai,COHORT032,0,0,0,0,0,0,244,23,23,23,0.0,0.0,0.0,0.0,0.0,0.0,0.0,0.0,6,0,0,1
EMP037,2026-01-24,23,Operations Officer,Mumbai,COHORT032,0,0,0,0,0,0,58,24,24,24,0.0,0.0,0.0,0.0,0.0,0.0,0.0,0.0,6,0,0,1
EMP037,2026-01-25,24,Operations Officer,Mumbai,COHORT032,0,0,0,0,0,0,22,25,25,25,0.0,0.0,0.0,0.0,0.0,0.0,0.0,0.0,6,0,0,1
EMP037,2026-01-26,25,Operations Officer,Mumbai,COHORT032,0,0,0,0,0,0,244,26,26,26,0.0,0.0,0.0,0.0,0.0,0.0,0.0,0.0,6,0,0,1
EMP037,2026-01-27,26,Operations Officer,Mumbai,COHORT032,0,0,0,0,0,0,274,27,27,27,0.0,0.0,0.0,0.0,0.0,0.0,0.0,0.0,6,0,0,1
EMP037,2026-01-28,27,Operations Officer,Mumbai,COHORT032,0,0,0,0,0,0,302,28,28,28,0.0,0.0,0.0,0.0,0.0,0.0,0.0,0.0,6,0,0,1
EMP037,2026-01-29,28,Operations Officer,Mumbai,COHORT032,0,0,0,0,0,0,248,29,29,29,0.0,0.0,0.0,0.0,0.0,0.0,0.0,0.0,6,0,0,1
EMP037,2026-01-30,29,Operations Officer,Mumbai,COHORT032,0,0,0,0,0,0,250,30,30,30,0.0,0.0,0.0,0.0,0.0,0.0,0.0,0.0,6,0,0,1
EMP037,2026-01-31,30,Operations Officer,Mumbai,COHORT032,0,0,0,0,0,0,0,31,31,31,0.0,0.0,0.0,0.0,0.0,0.0,0.0,100.0,0,6,0,1
EMP037,2026-02-01,31,Operations Officer,Mumbai,COHORT032,0,0,0,0,0,0,9,32,32,32,0.0,0.0,0.0,0.0,0.0,0.0,0.0,33.33,4,2,0,1
EMP037,2026-02-02,32,Operations Officer,Mumbai,COHORT032,0,0,0,0,0,0,294,33,33,33,0.0,0.0,0.0,0.0,0.0,0.0,0.0,0.0,6,0,0,1
EMP037,2026-02-03,33,Operations Officer,Mumbai,COHORT032,0,0,0,0,0,0,272,34,34,34,0.0,0.0,0.0,0.0,0.0,0.0,0.0,0.0,6,0,0,1
EMP037,2026-02-04,34,Operations Officer,Mumbai,COHORT032,0,0,0,0,0,0,318,35,35,35,0.0,0.0,0.0,0.0,0.0,0.0,0.0,0.0,6,0,0,1
EMP037,2026-02-05,35,Operations Officer,Mumbai,COHORT032,0,0,0,0,0,0,262,36,36,36,0.0,0.0,0.0,0.0,0.0,0.0,0.0,0.0,6,0,0,1
EMP037,2026-02-06,36,Operations Officer,Mumbai,COHORT032,0,0,0,0,0,0,242,37,37,37,0.0,0.0,0.0,0.0,0.0,0.0,0.0,0.0,6,0,0,1
EMP037,2026-02-07,37,Operations Officer,Mumbai,COHORT032,0,0,0,0,0,0,27,38,38,38,0.0,0.0,0.0,0.0,0.0,0.0,0.0,0.0,6,0,0,1
EMP037,2026-02-08,38,Operations Officer,Mumbai,COHORT032,0,0,0,0,0,0,0,39,39,39,0.0,0.0,0.0,0.0,0.0,0.0,0.0,100.0,0,6,0,1
EMP037,2026-02-09,39,Operations Officer,Mumbai,COHORT032,0,0,0,0,0,0,266,40,40,40,0.0,0.0,0.0,0.0,0.0,0.0,0.0,0.0,6,0,0,1
EMP037,2026-02-10,40,Operations Officer,Mumbai,COHORT032,0,0,0,0,0,0,326,41,41,41,0.0,0.0,0.0,0.0,0.0,0.0,0.0,0.0,6,0,0,1
EMP037,2026-02-11,41,Operations Officer,Mumbai,COHORT032,0,0,0,0,0,0,260,42,42,42,0.0,0.0,0.0,0.0,0.0,0.0,0.0,0.0,6,0,0,1
EMP037,2026-02-12,42,Operations Officer,Mumbai,COHORT032,0,0,0,0,0,0,218,43,43,43,0.0,0.0,0.0,0.0,0.0,0.0,0.0,0.0,6,0,0,1
EMP037,2026-02-13,43,Operations Officer,Mumbai,COHORT032,0,0,0,0,0,0,238,44,44,44,0.0,0.0,0.0,0.0,0.0,0.0,0.0,0.0,6,0,0,1
EMP037,2026-02-14,44,Operations Officer,Mumbai,COHORT032,0,0,0,0,0,0,19,45,45,45,0.0,0.0,0.0,0.0,0.0,0.0,0.0,0.0,6,0,0,1
EMP037,2026-02-15,45,Operations Officer,Mumbai,COHORT032,0,0,0,0,0,0,57,46,46,46,0.0,0.0,0.0,0.0,0.0,0.0,0.0,0.0,6,0,0,1
EMP037,2026-02-16,46,Operations Officer,Mumbai,COHORT032,0,0,0,0,0,0,276,47,47,47,0.0,0.0,0.0,0.0,0.0,0.0,0.0,0.0,6,0,0,1
EMP037,2026-02-17,47,Operations Officer,Mumbai,COHORT032,0,0,0,0,0,0,234,48,48,48,0.0,0.0,0.0,0.0,0.0,0.0,0.0,0.0,6,0,0,1
EMP037,2026-02-18,48,Operations Officer,Mumbai,COHORT032,0,0,0,0,0,0,287,49,49,49,0.0,0.0,0.0,0.0,0.0,0.0,0.0,0.0,6,0,0,1
EMP037,2026-02-19,49,Operations Officer,Mumbai,COHORT032,0,0,0,0,0,0,274,50,50,50,0.0,0.0,0.0,0.0,0.0,0.0,0.0,0.0,6,0,0,1
EMP037,2026-02-20,50,Operations Officer,Mumbai,COHORT032,0,0,0,0,0,0,257,51,51,51,0.0,0.0,0.0,0.0,0.0,0.0,0.0,0.0,6,0,0,1
EMP037,2026-02-21,51,Operations Officer,Mumbai,COHORT032,0,0,0,0,0,0,12,52,52,52,0.0,0.0,0.0,0.0,0.0,0.0,0.0,33.33,4,2,0,1
EMP037,2026-02-22,52,Operations Officer,Mumbai,COHORT032,0,0,0,0,0,0,25,53,53,53,0.0,0.0,0.0,0.0,0.0,0.0,0.0,0.0,6,0,0,1
EMP037,2026-02-23,53,Operations Officer,Mumbai,COHORT032,0,0,0,0,0,0,280,54,54,54,0.0,0.0,0.0,0.0,0.0,0.0,0.0,0.0,6,0,0,1
EMP037,2026-02-24,54,Operations Officer,Mumbai,COHORT032,0,0,0,0,0,0,235,55,55,55,0.0,0.0,0.0,0.0,0.0,0.0,0.0,0.0,6,0,0,1
EMP037,2026-02-25,55,Operations Officer,Mumbai,COHORT032,0,0,0,0,0,0,238,56,56,56,0.0,0.0,0.0,0.0,0.0,0.0,0.0,0.0,6,0,0,1
EMP037,2026-02-26,56,Operations Officer,Mumbai,COHORT032,0,0,0,0,0,0,224,57,57,57,0.0,0.0,0.0,0.0,0.0,0.0,0.0,0.0,6,0,0,1
EMP037,2026-02-27,57,Operations Officer,Mumbai,COHORT032,0,0,0,0,0,0,248,58,58,58,0.0,0.0,0.0,0.0,0.0,0.0,0.0,0.0,6,0,0,1
EMP037,2026-02-28,58,Operations Officer,Mumbai,COHORT032,0,0,0,0,0,0,24,59,59,59,0.0,0.0,0.0,0.0,0.0,0.0,0.0,0.0,6,0,0,1
EMP037,2026-03-01,59,Operations Officer,Mumbai,COHORT032,0,0,0,0,0,0,3,60,60,60,0.0,0.0,0.0,0.0,0.0,0.0,0.0,66.67,2,4,0,1
EMP037,2026-03-02,60,Operations Officer,Mumbai,COHORT032,0,0,0,0,0,0,263,61,61,61,0.0,0.0,0.0,0.0,0.0,0.0,0.0,0.0,6,0,0,1
EMP037,2026-03-03,61,Operations Officer,Mumbai,COHORT032,0,0,0,0,0,0,266,62,62,62,0.0,0.0,0.0,0.0,0.0,0.0,0.0,0.0,6,0,0,1
EMP037,2026-03-04,62,Operations Officer,Mumbai,COHORT032,0,0,0,0,0,0,248,63,63,63,0.0,0.0,0.0,0.0,0.0,0.0,0.0,0.0,6,0,0,1
EMP037,2026-03-05,63,Operations Officer,Mumbai,COHORT032,0,0,0,0,0,0,298,64,64,64,0.0,0.0,0.0,0.0,0.0,0.0,0.0,0.0,6,0,0,1
EMP037,2026-03-06,64,Operations Officer,Mumbai,COHORT032,0,0,0,0,0,0,253,65,65,65,0.0,0.0,0.0,0.0,0.0,0.0,0.0,0.0,6,0,0,1
EMP037,2026-03-07,65,Operations Officer,Mumbai,COHORT032,0,0,0,0,0,0,45,66,66,66,0.0,0.0,0.0,0.0,0.0,0.0,0.0,0.0,6,0,0,1
EMP037,2026-03-08,66,Operations Officer,Mumbai,COHORT032,0,0,0,0,0,0,57,67,67,67,0.0,0.0,0.0,0.0,0.0,0.0,0.0,0.0,6,0,0,1
EMP037,2026-03-09,67,Operations Officer,Mumbai,COHORT032,0,0,0,0,0,0,251,68,68,68,0.0,0.0,0.0,0.0,0.0,0.0,0.0,0.0,6,0,0,1
EMP037,2026-03-10,68,Operations Officer,Mumbai,COHORT032,0,0,0,0,0,0,283,69,69,69,0.0,0.0,0.0,0.0,0.0,0.0,0.0,0.0,6,0,0,1
EMP037,2026-03-11,69,Operations Officer,Mumbai,COHORT032,0,0,0,0,0,0,273,70,70,70,0.0,0.0,0.0,0.0,0.0,0.0,0.0,0.0,6,0,0,1
EMP037,2026-03-12,70,Operations Officer,Mumbai,COHORT032,0,0,0,0,0,0,251,71,71,71,0.0,0.0,0.0,0.0,0.0,0.0,0.0,0.0,6,0,0,1
EMP037,2026-03-13,71,Operations Officer,Mumbai,COHORT032,0,0,0,0,0,0,301,72,72,72,0.0,0.0,0.0,0.0,0.0,0.0,0.0,0.0,6,0,0,1
EMP037,2026-03-14,72,Operations Officer,Mumbai,COHORT032,0,0,0,0,0,0,5,73,73,73,0.0,0.0,0.0,0.0,0.0,0.0,0.0,66.67,2,4,0,1
EMP037,2026-03-15,73,Operations Officer,Mumbai,COHORT032,0,0,0,0,0,0,49,74,74,74,0.0,0.0,0.0,0.0,0.0,0.0,0.0,0.0,6,0,0,1
EMP037,2026-03-16,74,Operations Officer,Mumbai,COHORT032,0,0,0,0,0,0,287,75,75,75,0.0,0.0,0.0,0.0,0.0,0.0,0.0,0.0,6,0,0,1
EMP037,2026-03-17,75,Operations Officer,Mumbai,COHORT032,0,0,0,0,0,0,259,76,76,76,0.0,0.0,0.0,0.0,0.0,0.0,0.0,0.0,6,0,0,1
EMP037,2026-03-18,76,Operations Officer,Mumbai,COHORT032,0,0,0,0,0,0,293,77,77,77,0.0,0.0,0.0,0.0,0.0,0.0,0.0,0.0,6,0,0,1
EMP037,2026-03-19,77,Operations Officer,Mumbai,COHORT032,0,0,0,0,0,0,266,78,78,78,0.0,0.0,0.0,0.0,0.0,0.0,0.0,0.0,6,0,0,1
EMP037,2026-03-20,78,Operations Officer,Mumbai,COHORT032,0,0,0,0,0,0,283,79,79,79,0.0,0.0,0.0,0.0,0.0,0.0,0.0,0.0,6,0,0,1
EMP037,2026-03-21,79,Operations Officer,Mumbai,COHORT032,0,0,0,0,0,0,33,80,80,80,0.0,0.0,0.0,0.0,0.0,0.0,0.0,0.0,6,0,0,1
EMP037,2026-03-22,80,Operations Officer,Mumbai,COHORT032,0,0,0,0,0,0,11,81,81,81,0.0,0.0,0.0,0.0,0.0,0.0,0.0,33.33,4,2,0,1
EMP037,2026-03-23,81,Operations Officer,Mumbai,COHORT032,0,0,0,0,0,0,257,82,82,82,0.0,0.0,0.0,0.0,0.0,0.0,0.0,0.0,6,0,0,1
EMP037,2026-03-24,82,Operations Officer,Mumbai,COHORT032,0,0,0,0,0,0,288,83,83,83,0.0,0.0,0.0,0.0,0.0,0.0,0.0,0.0,6,0,0,1
EMP037,2026-03-25,83,Operations Officer,Mumbai,COHORT032,0,0,0,0,0,0,271,84,84,84,0.0,0.0,0.0,0.0,0.0,0.0,0.0,0.0,6,0,0,1
EMP037,2026-03-26,84,Operations Officer,Mumbai,COHORT032,0,0,0,0,0,0,330,85,85,85,0.0,0.0,0.0,0.0,0.0,0.0,0.0,0.0,6,0,0,1
EMP037,2026-03-27,85,Operations Officer,Mumbai,COHORT032,0,0,0,0,0,0,311,86,86,86,0.0,0.0,0.0,0.0,0.0,0.0,0.0,0.0,6,0,0,1
EMP037,2026-03-28,86,Operations Officer,Mumbai,COHORT032,0,0,0,0,0,0,8,87,87,87,0.0,0.0,0.0,0.0,0.0,0.0,0.0,50.0,3,3,0,1
EMP037,2026-03-29,87,Operations Officer,Mumbai,COHORT032,0,0,0,0,0,0,34,88,88,88,0.0,0.0,0.0,0.0,0.0,0.0,0.0,0.0,6,0,0,1
EMP037,2026-03-30,88,Operations Officer,Mumbai,COHORT032,0,0,0,0,0,0,243,89,89,89,0.0,0.0,0.0,0.0,0.0,0.0,0.0,0.0,6,0,0,1
EMP037,2026-03-31,89,Operations Officer,Mumbai,COHORT032,0,0,0,0,0,0,244,90,90,90,0.0,0.0,0.0,0.0,0.0,0.0,0.0,0.0,6,0,0,1
EMP038,2026-01-01,0,Operations Officer,Bangalore,COHORT033,0,0,0,0,0,0,303,1,1,1,0.0,0.0,0.0,0.0,0.0,0.0,0.0,0.0,6,0,0,1
EMP038,2026-01-02,1,Operations Officer,Bangalore,COHORT033,0,0,0,0,0,0,281,2,2,2,0.0,0.0,0.0,0.0,0.0,0.0,0.0,0.0,6,0,0,1
EMP038,2026-01-03,2,Operations Officer,Bangalore,COHORT033,0,0,0,0,0,0,7,3,3,3,0.0,0.0,0.0,0.0,0.0,0.0,0.0,50.0,3,3,0,1
EMP038,2026-01-04,3,Operations Officer,Bangalore,COHORT033,0,0,0,0,0,0,29,4,4,4,0.0,0.0,0.0,0.0,0.0,0.0,0.0,0.0,6,0,0,1
EMP038,2026-01-05,4,Operations Officer,Bangalore,COHORT033,0,0,0,0,0,0,253,5,5,5,0.0,0.0,0.0,0.0,0.0,0.0,0.0,0.0,6,0,0,1
EMP038,2026-01-06,5,Operations Officer,Bangalore,COHORT033,0,0,0,0,0,0,268,6,6,6,0.0,0.0,0.0,0.0,0.0,0.0,0.0,0.0,6,0,0,1
EMP038,2026-01-07,6,Operations Officer,Bangalore,COHORT033,0,0,0,0,0,0,272,7,7,7,0.0,0.0,0.0,0.0,0.0,0.0,0.0,0.0,6,0,0,1
EMP038,2026-01-08,7,Operations Officer,Bangalore,COHORT033,0,0,0,0,0,0,265,8,8,8,0.0,0.0,0.0,0.0,0.0,0.0,0.0,0.0,6,0,0,1
EMP038,2026-01-09,8,Operations Officer,Bangalore,COHORT033,0,0,0,0,0,0,291,9,9,9,0.0,0.0,0.0,0.0,0.0,0.0,0.0,0.0,6,0,0,1
EMP038,2026-01-10,9,Operations Officer,Bangalore,COHORT033,0,0,0,0,0,0,12,10,10,10,0.0,0.0,0.0,0.0,0.0,0.0,0.0,33.33,4,2,0,1
EMP038,2026-01-11,10,Operations Officer,Bangalore,COHORT033,0,0,0,0,0,0,48,11,11,11,0.0,0.0,0.0,0.0,0.0,0.0,0.0,0.0,6,0,0,1
EMP038,2026-01-12,11,Operations Officer,Bangalore,COHORT033,0,0,0,0,0,0,236,12,12,12,0.0,0.0,0.0,0.0,0.0,0.0,0.0,0.0,6,0,0,1
EMP038,2026-01-13,12,Operations Officer,Bangalore,COHORT033,0,0,0,0,0,0,219,13,13,13,0.0,0.0,0.0,0.0,0.0,0.0,0.0,0.0,6,0,0,1
EMP038,2026-01-14,13,Operations Officer,Bangalore,COHORT033,0,0,0,0,0,0,292,14,14,14,0.0,0.0,0.0,0.0,0.0,0.0,0.0,0.0,6,0,0,1
EMP038,2026-01-15,14,Operations Officer,Bangalore,COHORT033,0,0,0,0,0,0,321,15,15,15,0.0,0.0,0.0,0.0,0.0,0.0,0.0,0.0,6,0,0,1
EMP038,2026-01-16,15,Operations Officer,Bangalore,COHORT033,0,0,0,0,0,0,281,16,16,16,0.0,0.0,0.0,0.0,0.0,0.0,0.0,0.0,6,0,0,1
EMP038,2026-01-17,16,Operations Officer,Bangalore,COHORT033,0,0,0,0,0,0,26,17,17,17,0.0,0.0,0.0,0.0,0.0,0.0,0.0,0.0,6,0,0,1
EMP038,2026-01-18,17,Operations Officer,Bangalore,COHORT033,0,0,0,0,0,0,0,18,18,18,0.0,0.0,0.0,0.0,0.0,0.0,0.0,100.0,0,6,0,1
EMP038,2026-01-19,18,Operations Officer,Bangalore,COHORT033,0,0,0,0,0,0,270,19,19,19,0.0,0.0,0.0,0.0,0.0,0.0,0.0,0.0,6,0,0,1
EMP038,2026-01-20,19,Operations Officer,Bangalore,COHORT033,0,0,0,0,0,0,269,20,20,20,0.0,0.0,0.0,0.0,0.0,0.0,0.0,0.0,6,0,0,1
EMP038,2026-01-21,20,Operations Officer,Bangalore,COHORT033,0,0,0,0,0,0,260,21,21,21,0.0,0.0,0.0,0.0,0.0,0.0,0.0,0.0,6,0,0,1
EMP038,2026-01-22,21,Operations Officer,Bangalore,COHORT033,0,0,0,0,0,0,253,22,22,22,0.0,0.0,0.0,0.0,0.0,0.0,0.0,0.0,6,0,0,1
EMP038,2026-01-23,22,Operations Officer,Bangalore,COHORT033,0,0,0,0,0,0,290,23,23,23,0.0,0.0,0.0,0.0,0.0,0.0,0.0,0.0,6,0,0,1
EMP038,2026-01-24,23,Operations Officer,Bangalore,COHORT033,0,0,0,0,0,0,30,24,24,24,0.0,0.0,0.0,0.0,0.0,0.0,0.0,0.0,6,0,0,1
EMP038,2026-01-25,24,Operations Officer,Bangalore,COHORT033,0,0,0,0,0,0,55,25,25,25,0.0,0.0,0.0,0.0,0.0,0.0,0.0,0.0,6,0,0,1
EMP038,2026-01-26,25,Operations Officer,Bangalore,COHORT033,0,0,0,0,0,0,298,26,26,26,0.0,0.0,0.0,0.0,0.0,0.0,0.0,0.0,6,0,0,1
EMP038,2026-01-27,26,Operations Officer,Bangalore,COHORT033,0,0,0,0,0,0,247,27,27,27,0.0,0.0,0.0,0.0,0.0,0.0,0.0,0.0,6,0,0,1
EMP038,2026-01-28,27,Operations Officer,Bangalore,COHORT033,0,0,0,0,0,0,284,28,28,28,0.0,0.0,0.0,0.0,0.0,0.0,0.0,0.0,6,0,0,1
EMP038,2026-01-29,28,Operations Officer,Bangalore,COHORT033,0,0,0,0,0,0,240,29,29,29,0.0,0.0,0.0,0.0,0.0,0.0,0.0,0.0,6,0,0,1
EMP038,2026-01-30,29,Operations Officer,Bangalore,COHORT033,0,0,0,0,0,0,279,30,30,30,0.0,0.0,0.0,0.0,0.0,0.0,0.0,0.0,6,0,0,1
EMP038,2026-01-31,30,Operations Officer,Bangalore,COHORT033,0,0,0,0,0,0,20,31,31,31,0.0,0.0,0.0,0.0,0.0,0.0,0.0,0.0,6,0,0,1
EMP038,2026-02-01,31,Operations Officer,Bangalore,COHORT033,0,0,0,0,0,0,7,32,32,32,0.0,0.0,0.0,0.0,0.0,0.0,0.0,50.0,3,3,0,1
EMP038,2026-02-02,32,Operations Officer,Bangalore,COHORT033,0,0,0,0,0,0,301,33,33,33,0.0,0.0,0.0,0.0,0.0,0.0,0.0,0.0,6,0,0,1
EMP038,2026-02-03,33,Operations Officer,Bangalore,COHORT033,0,0,0,0,0,0,282,34,34,34,0.0,0.0,0.0,0.0,0.0,0.0,0.0,0.0,6,0,0,1
EMP038,2026-02-04,34,Operations Officer,Bangalore,COHORT033,0,0,0,0,0,0,304,35,35,35,0.0,0.0,0.0,0.0,0.0,0.0,0.0,0.0,6,0,0,1
EMP038,2026-02-05,35,Operations Officer,Bangalore,COHORT033,0,0,0,0,0,0,272,36,36,36,0.0,0.0,0.0,0.0,0.0,0.0,0.0,0.0,6,0,0,1
EMP038,2026-02-06,36,Operations Officer,Bangalore,COHORT033,0,0,0,0,0,0,314,37,37,37,0.0,0.0,0.0,0.0,0.0,0.0,0.0,0.0,6,0,0,1
EMP038,2026-02-07,37,Operations Officer,Bangalore,COHORT033,0,0,0,0,0,0,3,38,38,38,0.0,0.0,0.0,0.0,0.0,0.0,0.0,66.67,2,4,0,1
EMP038,2026-02-08,38,Operations Officer,Bangalore,COHORT033,0,0,0,0,0,0,20,39,39,39,0.0,0.0,0.0,0.0,0.0,0.0,0.0,16.67,5,1,0,1
EMP038,2026-02-09,39,Operations Officer,Bangalore,COHORT033,0,0,0,0,0,0,254,40,40,40,0.0,0.0,0.0,0.0,0.0,0.0,0.0,0.0,6,0,0,1
EMP038,2026-02-10,40,Operations Officer,Bangalore,COHORT033,0,0,0,0,0,0,288,41,41,41,0.0,0.0,0.0,0.0,0.0,0.0,0.0,0.0,6,0,0,1
EMP038,2026-02-11,41,Operations Officer,Bangalore,COHORT033,0,0,0,0,0,0,323,42,42,42,0.0,0.0,0.0,0.0,0.0,0.0,0.0,0.0,6,0,0,1
EMP038,2026-02-12,42,Operations Officer,Bangalore,COHORT033,0,0,0,0,0,0,250,43,43,43,0.0,0.0,0.0,0.0,0.0,0.0,0.0,0.0,6,0,0,1
EMP038,2026-02-13,43,Operations Officer,Bangalore,COHORT033,0,0,0,0,0,0,269,44,44,44,0.0,0.0,0.0,0.0,0.0,0.0,0.0,0.0,6,0,0,1
EMP038,2026-02-14,44,Operations Officer,Bangalore,COHORT033,0,0,0,0,0,0,48,45,45,45,0.0,0.0,0.0,0.0,0.0,0.0,0.0,0.0,6,0,0,1
EMP038,2026-02-15,45,Operations Officer,Bangalore,COHORT033,0,0,0,0,0,0,36,46,46,46,0.0,0.0,0.0,0.0,0.0,0.0,0.0,0.0,6,0,0,1
EMP038,2026-02-16,46,Operations Officer,Bangalore,COHORT033,0,0,0,0,0,0,263,47,47,47,0.0,0.0,0.0,0.0,0.0,0.0,0.0,0.0,6,0,0,1
EMP038,2026-02-17,47,Operations Officer,Bangalore,COHORT033,0,0,0,0,0,0,267,48,48,48,0.0,0.0,0.0,0.0,0.0,0.0,0.0,0.0,6,0,0,1
EMP038,2026-02-18,48,Operations Officer,Bangalore,COHORT033,0,0,0,0,0,0,235,49,49,49,0.0,0.0,0.0,0.0,0.0,0.0,0.0,0.0,6,0,0,1
EMP038,2026-02-19,49,Operations Officer,Bangalore,COHORT033,0,0,0,0,0,0,223,50,50,50,0.0,0.0,0.0,0.0,0.0,0.0,0.0,0.0,6,0,0,1
EMP038,2026-02-20,50,Operations Officer,Bangalore,COHORT033,0,0,0,0,0,0,232,51,51,51,0.0,0.0,0.0,0.0,0.0,0.0,0.0,0.0,6,0,0,1
EMP038,2026-02-21,51,Operations Officer,Bangalore,COHORT033,0,0,0,0,0,0,32,52,52,52,0.0,0.0,0.0,0.0,0.0,0.0,0.0,0.0,6,0,0,1
EMP038,2026-02-22,52,Operations Officer,Bangalore,COHORT033,0,0,0,0,0,0,14,53,53,53,0.0,0.0,0.0,0.0,0.0,0.0,0.0,0.0,6,0,0,1
EMP038,2026-02-23,53,Operations Officer,Bangalore,COHORT033,0,0,0,0,0,0,294,54,54,54,0.0,0.0,0.0,0.0,0.0,0.0,0.0,0.0,6,0,0,1
EMP038,2026-02-24,54,Operations Officer,Bangalore,COHORT033,0,0,0,0,0,0,248,55,55,55,0.0,0.0,0.0,0.0,0.0,0.0,0.0,0.0,6,0,0,1
EMP038,2026-02-25,55,Operations Officer,Bangalore,COHORT033,0,0,0,0,0,0,287,56,56,56,0.0,0.0,0.0,0.0,0.0,0.0,0.0,0.0,6,0,0,1
EMP038,2026-02-26,56,Operations Officer,Bangalore,COHORT033,0,0,0,0,0,0,226,57,57,57,0.0,0.0,0.0,0.0,0.0,0.0,0.0,0.0,6,0,0,1
EMP038,2026-02-27,57,Operations Officer,Bangalore,COHORT033,0,0,0,0,0,0,207,58,58,58,0.0,0.0,0.0,0.0,0.0,0.0,0.0,0.0,6,0,0,1
EMP038,2026-02-28,58,Operations Officer,Bangalore,COHORT033,0,0,0,0,0,0,30,59,59,59,0.0,0.0,0.0,0.0,0.0,0.0,0.0,0.0,6,0,0,1
EMP038,2026-03-01,59,Operations Officer,Bangalore,COHORT033,0,0,0,0,0,0,3,60,60,60,0.0,0.0,0.0,0.0,0.0,0.0,0.0,66.67,2,4,0,1
EMP038,2026-03-02,60,Operations Officer,Bangalore,COHORT033,0,0,0,0,0,0,261,61,61,61,0.0,0.0,0.0,0.0,0.0,0.0,0.0,0.0,6,0,0,1
EMP038,2026-03-03,61,Operations Officer,Bangalore,COHORT033,0,0,0,0,0,0,271,62,62,62,0.0,0.0,0.0,0.0,0.0,0.0,0.0,0.0,6,0,0,1
EMP038,2026-03-04,62,Operations Officer,Bangalore,COHORT033,0,0,0,0,0,0,273,63,63,63,0.0,0.0,0.0,0.0,0.0,0.0,0.0,0.0,6,0,0,1
EMP038,2026-03-05,63,Operations Officer,Bangalore,COHORT033,0,0,0,0,0,0,286,64,64,64,0.0,0.0,0.0,0.0,0.0,0.0,0.0,0.0,6,0,0,1
EMP038,2026-03-06,64,Operations Officer,Bangalore,COHORT033,0,0,0,0,0,0,288,65,65,65,0.0,0.0,0.0,0.0,0.0,0.0,0.0,0.0,6,0,0,1
EMP038,2026-03-07,65,Operations Officer,Bangalore,COHORT033,0,0,0,0,0,0,25,66,66,66,0.0,0.0,0.0,0.0,0.0,0.0,0.0,0.0,6,0,0,1
EMP038,2026-03-08,66,Operations Officer,Bangalore,COHORT033,0,0,0,0,0,0,66,67,67,67,0.0,0.0,0.0,0.0,0.0,0.0,0.0,0.0,6,0,0,1
EMP038,2026-03-09,67,Operations Officer,Bangalore,COHORT033,0,0,0,0,0,0,264,68,68,68,0.0,0.0,0.0,0.0,0.0,0.0,0.0,0.0,6,0,0,1
EMP038,2026-03-10,68,Operations Officer,Bangalore,COHORT033,0,0,0,0,0,0,260,69,69,69,0.0,0.0,0.0,0.0,0.0,0.0,0.0,0.0,6,0,0,1
EMP038,2026-03-11,69,Operations Officer,Bangalore,COHORT033,0,0,0,0,0,0,277,70,70,70,0.0,0.0,0.0,0.0,0.0,0.0,0.0,0.0,6,0,0,1
EMP038,2026-03-12,70,Operations Officer,Bangalore,COHORT033,0,0,0,0,0,0,250,71,71,71,0.0,0.0,0.0,0.0,0.0,0.0,0.0,0.0,6,0,0,1
EMP038,2026-03-13,71,Operations Officer,Bangalore,COHORT033,0,0,0,0,0,0,273,72,72,72,0.0,0.0,0.0,0.0,0.0,0.0,0.0,0.0,6,0,0,1
EMP038,2026-03-14,72,Operations Officer,Bangalore,COHORT033,0,0,0,0,0,0,0,73,73,73,0.0,0.0,0.0,0.0,0.0,0.0,0.0,100.0,0,6,0,1
EMP038,2026-03-15,73,Operations Officer,Bangalore,COHORT033,0,0,0,0,0,0,48,74,74,74,0.0,0.0,0.0,0.0,0.0,0.0,0.0,0.0,6,0,0,1
EMP038,2026-03-16,74,Operations Officer,Bangalore,COHORT033,0,0,0,0,0,0,264,75,75,75,0.0,0.0,0.0,0.0,0.0,0.0,0.0,0.0,6,0,0,1
EMP038,2026-03-17,75,Operations Officer,Bangalore,COHORT033,0,0,0,0,0,0,274,76,76,76,0.0,0.0,0.0,0.0,0.0,0.0,0.0,0.0,6,0,0,1
EMP038,2026-03-18,76,Operations Officer,Bangalore,COHORT033,0,0,0,0,0,0,291,77,77,77,0.0,0.0,0.0,0.0,0.0,0.0,0.0,0.0,6,0,0,1
EMP038,2026-03-19,77,Operations Officer,Bangalore,COHORT033,0,0,0,0,0,0,298,78,78,78,0.0,0.0,0.0,0.0,0.0,0.0,0.0,0.0,6,0,0,1
EMP038,2026-03-20,78,Operations Officer,Bangalore,COHORT033,0,0,0,0,0,0,263,79,79,79,0.0,0.0,0.0,0.0,0.0,0.0,0.0,0.0,6,0,0,1
EMP038,2026-03-21,79,Operations Officer,Bangalore,COHORT033,0,0,0,0,0,0,25,80,80,80,0.0,0.0,0.0,0.0,0.0,0.0,0.0,0.0,6,0,0,1
EMP038,2026-03-22,80,Operations Officer,Bangalore,COHORT033,0,0,0,0,0,0,34,81,81,81,0.0,0.0,0.0,0.0,0.0,0.0,0.0,0.0,6,0,0,1
EMP038,2026-03-23,81,Operations Officer,Bangalore,COHORT033,0,0,0,0,0,0,273,82,82,82,0.0,0.0,0.0,0.0,0.0,0.0,0.0,0.0,6,0,0,1
EMP038,2026-03-24,82,Operations Officer,Bangalore,COHORT033,0,0,0,0,0,0,293,83,83,83,0.0,0.0,0.0,0.0,0.0,0.0,0.0,0.0,6,0,0,1
EMP038,2026-03-25,83,Operations Officer,Bangalore,COHORT033,0,0,0,0,0,0,262,84,84,84,0.0,0.0,0.0,0.0,0.0,0.0,0.0,0.0,6,0,0,1
EMP038,2026-03-26,84,Operations Officer,Bangalore,COHORT033,0,0,0,0,0,0,284,85,85,85,0.0,0.0,0.0,0.0,0.0,0.0,0.0,0.0,6,0,0,1
EMP038,2026-03-27,85,Operations Officer,Bangalore,COHORT033,0,0,0,0,0,0,279,86,86,86,0.0,0.0,0.0,0.0,0.0,0.0,0.0,0.0,6,0,0,1
EMP038,2026-03-28,86,Operations Officer,Bangalore,COHORT033,0,0,0,0,0,0,53,87,87,87,0.0,0.0,0.0,0.0,0.0,0.0,0.0,0.0,6,0,0,1
EMP038,2026-03-29,87,Operations Officer,Bangalore,COHORT033,0,0,0,0,0,0,61,88,88,88,0.0,0.0,0.0,0.0,0.0,0.0,0.0,0.0,6,0,0,1
EMP038,2026-03-30,88,Operations Officer,Bangalore,COHORT033,0,0,0,0,0,0,264,89,89,89,0.0,0.0,0.0,0.0,0.0,0.0,0.0,0.0,6,0,0,1
EMP038,2026-03-31,89,Operations Officer,Bangalore,COHORT033,0,0,0,0,0,0,205,90,90,90,0.0,0.0,0.0,0.0,0.0,0.0,0.0,0.0,6,0,0,1
EMP039,2026-01-01,0,Operations Officer,Ahmedabad,COHORT034,0,0,0,0,0,0,317,1,1,1,0.0,0.0,0.0,0.0,0.0,0.0,0.0,0.0,6,0,0,1
EMP039,2026-01-02,1,Operations Officer,Ahmedabad,COHORT034,0,0,0,0,0,0,268,2,2,2,0.0,0.0,0.0,0.0,0.0,0.0,0.0,0.0,6,0,0,1
EMP039,2026-01-03,2,Operations Officer,Ahmedabad,COHORT034,0,0,0,0,0,0,22,3,3,3,0.0,0.0,0.0,0.0,0.0,0.0,0.0,0.0,6,0,0,1
EMP039,2026-01-04,3,Operations Officer,Ahmedabad,COHORT034,0,0,0,0,0,0,39,4,4,4,0.0,0.0,0.0,0.0,0.0,0.0,0.0,0.0,6,0,0,1
EMP039,2026-01-05,4,Operations Officer,Ahmedabad,COHORT034,0,0,0,0,0,0,275,5,5,5,0.0,0.0,0.0,0.0,0.0,0.0,0.0,0.0,6,0,0,1
EMP039,2026-01-06,5,Operations Officer,Ahmedabad,COHORT034,0,0,0,0,0,0,243,6,6,6,0.0,0.0,0.0,0.0,0.0,0.0,0.0,0.0,6,0,0,1
EMP039,2026-01-07,6,Operations Officer,Ahmedabad,COHORT034,0,0,0,0,0,0,255,7,7,7,0.0,0.0,0.0,0.0,0.0,0.0,0.0,0.0,6,0,0,1
EMP039,2026-01-08,7,Operations Officer,Ahmedabad,COHORT034,0,0,0,0,0,0,284,8,8,8,0.0,0.0,0.0,0.0,0.0,0.0,0.0,0.0,6,0,0,1
EMP039,2026-01-09,8,Operations Officer,Ahmedabad,COHORT034,0,0,0,0,0,0,209,9,9,9,0.0,0.0,0.0,0.0,0.0,0.0,0.0,0.0,6,0,0,1
EMP039,2026-01-10,9,Operations Officer,Ahmedabad,COHORT034,0,0,0,0,0,0,40,10,10,10,0.0,0.0,0.0,0.0,0.0,0.0,0.0,0.0,6,0,0,1
EMP039,2026-01-11,10,Operations Officer,Ahmedabad,COHORT034,0,0,0,0,0,0,27,11,11,11,0.0,0.0,0.0,0.0,0.0,0.0,0.0,0.0,6,0,0,1
EMP039,2026-01-12,11,Operations Officer,Ahmedabad,COHORT034,0,0,0,0,0,0,285,12,12,12,0.0,0.0,0.0,0.0,0.0,0.0,0.0,0.0,6,0,0,1
EMP039,2026-01-13,12,Operations Officer,Ahmedabad,COHORT034,0,0,0,0,0,0,265,13,13,13,0.0,0.0,0.0,0.0,0.0,0.0,0.0,0.0,6,0,0,1
EMP039,2026-01-14,13,Operations Officer,Ahmedabad,COHORT034,0,0,0,0,0,0,313,14,14,14,0.0,0.0,0.0,0.0,0.0,0.0,0.0,0.0,6,0,0,1
EMP039,2026-01-15,14,Operations Officer,Ahmedabad,COHORT034,0,0,0,0,0,0,258,15,15,15,0.0,0.0,0.0,0.0,0.0,0.0,0.0,0.0,6,0,0,1
EMP039,2026-01-16,15,Operations Officer,Ahmedabad,COHORT034,0,0,0,0,0,0,256,16,16,16,0.0,0.0,0.0,0.0,0.0,0.0,0.0,0.0,6,0,0,1
EMP039,2026-01-17,16,Operations Officer,Ahmedabad,COHORT034,0,0,0,0,0,0,5,17,17,17,0.0,0.0,0.0,0.0,0.0,0.0,0.0,50.0,3,3,0,1
EMP039,2026-01-18,17,Operations Officer,Ahmedabad,COHORT034,0,0,0,0,0,0,3,18,18,18,0.0,0.0,0.0,0.0,0.0,0.0,0.0,66.67,2,4,0,1
EMP039,2026-01-19,18,Operations Officer,Ahmedabad,COHORT034,0,0,0,0,0,0,197,19,19,19,0.0,0.0,0.0,0.0,0.0,0.0,0.0,0.0,6,0,0,1
EMP039,2026-01-20,19,Operations Officer,Ahmedabad,COHORT034,0,0,0,0,0,0,283,20,20,20,0.0,0.0,0.0,0.0,0.0,0.0,0.0,0.0,6,0,0,1
EMP039,2026-01-21,20,Operations Officer,Ahmedabad,COHORT034,0,0,0,0,0,0,237,21,21,21,0.0,0.0,0.0,0.0,0.0,0.0,0.0,0.0,6,0,0,1
EMP039,2026-01-22,21,Operations Officer,Ahmedabad,COHORT034,0,0,0,0,0,0,234,22,22,22,0.0,0.0,0.0,0.0,0.0,0.0,0.0,0.0,6,0,0,1
EMP039,2026-01-23,22,Operations Officer,Ahmedabad,COHORT034,0,0,0,0,0,0,267,23,23,23,0.0,0.0,0.0,0.0,0.0,0.0,0.0,0.0,6,0,0,1
EMP039,2026-01-24,23,Operations Officer,Ahmedabad,COHORT034,0,0,0,0,0,0,8,24,24,24,0.0,0.0,0.0,0.0,0.0,0.0,0.0,33.33,4,2,0,1
EMP039,2026-01-25,24,Operations Officer,Ahmedabad,COHORT034,0,0,0,0,0,0,2,25,25,25,0.0,0.0,0.0,0.0,0.0,0.0,0.0,66.67,2,4,0,1
EMP039,2026-01-26,25,Operations Officer,Ahmedabad,COHORT034,0,0,0,0,0,0,276,26,26,26,0.0,0.0,0.0,0.0,0.0,0.0,0.0,0.0,6,0,0,1
EMP039,2026-01-27,26,Operations Officer,Ahmedabad,COHORT034,0,0,0,0,0,0,213,27,27,27,0.0,0.0,0.0,0.0,0.0,0.0,0.0,0.0,6,0,0,1
EMP039,2026-01-28,27,Operations Officer,Ahmedabad,COHORT034,0,0,0,0,0,0,236,28,28,28,0.0,0.0,0.0,0.0,0.0,0.0,0.0,0.0,6,0,0,1
EMP039,2026-01-29,28,Operations Officer,Ahmedabad,COHORT034,0,0,0,0,0,0,246,29,29,29,0.0,0.0,0.0,0.0,0.0,0.0,0.0,0.0,6,0,0,1
EMP039,2026-01-30,29,Operations Officer,Ahmedabad,COHORT034,0,0,0,0,0,0,253,30,30,30,0.0,0.0,0.0,0.0,0.0,0.0,0.0,0.0,6,0,0,1
EMP039,2026-01-31,30,Operations Officer,Ahmedabad,COHORT034,0,0,0,0,0,0,47,31,31,31,0.0,0.0,0.0,0.0,0.0,0.0,0.0,0.0,6,0,0,1
EMP039,2026-02-01,31,Operations Officer,Ahmedabad,COHORT034,0,0,0,0,0,0,61,32,32,32,0.0,0.0,0.0,0.0,0.0,0.0,0.0,0.0,6,0,0,1
EMP039,2026-02-02,32,Operations Officer,Ahmedabad,COHORT034,0,0,0,0,0,0,253,33,33,33,0.0,0.0,0.0,0.0,0.0,0.0,0.0,0.0,6,0,0,1
EMP039,2026-02-03,33,Operations Officer,Ahmedabad,COHORT034,0,0,0,0,0,0,268,34,34,34,0.0,0.0,0.0,0.0,0.0,0.0,0.0,0.0,6,0,0,1
EMP039,2026-02-04,34,Operations Officer,Ahmedabad,COHORT034,0,0,0,0,0,0,286,35,35,35,0.0,0.0,0.0,0.0,0.0,0.0,0.0,0.0,6,0,0,1
EMP039,2026-02-05,35,Operations Officer,Ahmedabad,COHORT034,0,0,0,0,0,0,236,36,36,36,0.0,0.0,0.0,0.0,0.0,0.0,0.0,0.0,6,0,0,1
EMP039,2026-02-06,36,Operations Officer,Ahmedabad,COHORT034,0,0,0,0,0,0,295,37,37,37,0.0,0.0,0.0,0.0,0.0,0.0,0.0,0.0,6,0,0,1
EMP039,2026-02-07,37,Operations Officer,Ahmedabad,COHORT034,0,0,0,0,0,0,39,38,38,38,0.0,0.0,0.0,0.0,0.0,0.0,0.0,0.0,6,0,0,1
EMP039,2026-02-08,38,Operations Officer,Ahmedabad,COHORT034,0,0,0,0,0,0,40,39,39,39,0.0,0.0,0.0,0.0,0.0,0.0,0.0,0.0,6,0,0,1
EMP039,2026-02-09,39,Operations Officer,Ahmedabad,COHORT034,0,0,0,0,0,0,237,40,40,40,0.0,0.0,0.0,0.0,0.0,0.0,0.0,0.0,6,0,0,1
EMP039,2026-02-10,40,Operations Officer,Ahmedabad,COHORT034,0,0,0,0,0,0,290,41,41,41,0.0,0.0,0.0,0.0,0.0,0.0,0.0,0.0,6,0,0,1
EMP039,2026-02-11,41,Operations Officer,Ahmedabad,COHORT034,0,0,0,0,0,0,250,42,42,42,0.0,0.0,0.0,0.0,0.0,0.0,0.0,0.0,6,0,0,1
EMP039,2026-02-12,42,Operations Officer,Ahmedabad,COHORT034,0,0,0,0,0,0,255,43,43,43,0.0,0.0,0.0,0.0,0.0,0.0,0.0,0.0,6,0,0,1
EMP039,2026-02-13,43,Operations Officer,Ahmedabad,COHORT034,0,0,0,0,0,0,207,44,44,44,0.0,0.0,0.0,0.0,0.0,0.0,0.0,0.0,6,0,0,1
EMP039,2026-02-14,44,Operations Officer,Ahmedabad,COHORT034,0,0,0,0,0,0,31,45,45,45,0.0,0.0,0.0,0.0,0.0,0.0,0.0,0.0,6,0,0,1
EMP039,2026-02-15,45,Operations Officer,Ahmedabad,COHORT034,0,0,0,0,0,0,29,46,46,46,0.0,0.0,0.0,0.0,0.0,0.0,0.0,0.0,6,0,0,1
EMP039,2026-02-16,46,Operations Officer,Ahmedabad,COHORT034,0,0,0,0,0,0,247,47,47,47,0.0,0.0,0.0,0.0,0.0,0.0,0.0,0.0,6,0,0,1
EMP039,2026-02-17,47,Operations Officer,Ahmedabad,COHORT034,0,0,0,0,0,0,254,48,48,48,0.0,0.0,0.0,0.0,0.0,0.0,0.0,0.0,6,0,0,1
EMP039,2026-02-18,48,Operations Officer,Ahmedabad,COHORT034,0,0,0,0,0,0,288,49,49,49,0.0,0.0,0.0,0.0,0.0,0.0,0.0,0.0,6,0,0,1
EMP039,2026-02-19,49,Operations Officer,Ahmedabad,COHORT034,0,0,0,0,0,0,266,50,50,50,0.0,0.0,0.0,0.0,0.0,0.0,0.0,0.0,6,0,0,1
EMP039,2026-02-20,50,Operations Officer,Ahmedabad,COHORT034,0,0,0,0,0,0,304,51,51,51,0.0,0.0,0.0,0.0,0.0,0.0,0.0,0.0,6,0,0,1
EMP039,2026-02-21,51,Operations Officer,Ahmedabad,COHORT034,0,0,0,0,0,0,51,52,52,52,0.0,0.0,0.0,0.0,0.0,0.0,0.0,0.0,6,0,0,1
EMP039,2026-02-22,52,Operations Officer,Ahmedabad,COHORT034,0,0,0,0,0,0,24,53,53,53,0.0,0.0,0.0,0.0,0.0,0.0,0.0,0.0,6,0,0,1
EMP039,2026-02-23,53,Operations Officer,Ahmedabad,COHORT034,0,0,0,0,0,0,245,54,54,54,0.0,0.0,0.0,0.0,0.0,0.0,0.0,0.0,6,0,0,1
EMP039,2026-02-24,54,Operations Officer,Ahmedabad,COHORT034,0,0,0,0,0,0,238,55,55,55,0.0,0.0,0.0,0.0,0.0,0.0,0.0,0.0,6,0,0,1
EMP039,2026-02-25,55,Operations Officer,Ahmedabad,COHORT034,0,0,0,0,0,0,286,56,56,56,0.0,0.0,0.0,0.0,0.0,0.0,0.0,0.0,6,0,0,1
EMP039,2026-02-26,56,Operations Officer,Ahmedabad,COHORT034,0,0,0,0,0,0,239,57,57,57,0.0,0.0,0.0,0.0,0.0,0.0,0.0,0.0,6,0,0,1
EMP039,2026-02-27,57,Operations Officer,Ahmedabad,COHORT034,0,0,0,0,0,0,232,58,58,58,0.0,0.0,0.0,0.0,0.0,0.0,0.0,0.0,6,0,0,1
EMP039,2026-02-28,58,Operations Officer,Ahmedabad,COHORT034,0,0,0,0,0,0,3,59,59,59,0.0,0.0,0.0,0.0,0.0,0.0,0.0,66.67,2,4,0,1
EMP039,2026-03-01,59,Operations Officer,Ahmedabad,COHORT034,0,0,0,0,0,0,61,60,60,60,0.0,0.0,0.0,0.0,0.0,0.0,0.0,0.0,6,0,0,1
EMP039,2026-03-02,60,Operations Officer,Ahmedabad,COHORT034,0,0,0,0,0,0,258,61,61,61,0.0,0.0,0.0,0.0,0.0,0.0,0.0,0.0,6,0,0,1
EMP039,2026-03-03,61,Operations Officer,Ahmedabad,COHORT034,0,0,0,0,0,0,278,62,62,62,0.0,0.0,0.0,0.0,0.0,0.0,0.0,0.0,6,0,0,1
EMP039,2026-03-04,62,Operations Officer,Ahmedabad,COHORT034,0,0,0,0,0,0,256,63,63,63,0.0,0.0,0.0,0.0,0.0,0.0,0.0,0.0,6,0,0,1
EMP039,2026-03-05,63,Operations Officer,Ahmedabad,COHORT034,0,0,0,0,0,0,250,64,64,64,0.0,0.0,0.0,0.0,0.0,0.0,0.0,0.0,6,0,0,1
EMP039,2026-03-06,64,Operations Officer,Ahmedabad,COHORT034,0,0,0,0,0,0,250,65,65,65,0.0,0.0,0.0,0.0,0.0,0.0,0.0,0.0,6,0,0,1
EMP039,2026-03-07,65,Operations Officer,Ahmedabad,COHORT034,0,0,0,0,0,0,28,66,66,66,0.0,0.0,0.0,0.0,0.0,0.0,0.0,0.0,6,0,0,1
EMP039,2026-03-08,66,Operations Officer,Ahmedabad,COHORT034,0,0,0,0,0,0,12,67,67,67,0.0,0.0,0.0,0.0,0.0,0.0,0.0,16.67,5,1,0,1
EMP039,2026-03-09,67,Operations Officer,Ahmedabad,COHORT034,0,0,0,0,0,0,322,68,68,68,0.0,0.0,0.0,0.0,0.0,0.0,0.0,0.0,6,0,0,1
EMP039,2026-03-10,68,Operations Officer,Ahmedabad,COHORT034,0,0,0,0,0,0,302,69,69,69,0.0,0.0,0.0,0.0,0.0,0.0,0.0,0.0,6,0,0,1
EMP039,2026-03-11,69,Operations Officer,Ahmedabad,COHORT034,0,0,0,0,0,0,295,70,70,70,0.0,0.0,0.0,0.0,0.0,0.0,0.0,0.0,6,0,0,1
EMP039,2026-03-12,70,Operations Officer,Ahmedabad,COHORT034,0,0,0,0,0,0,280,71,71,71,0.0,0.0,0.0,0.0,0.0,0.0,0.0,0.0,6,0,0,1
EMP039,2026-03-13,71,Operations Officer,Ahmedabad,COHORT034,0,0,0,0,0,0,270,72,72,72,0.0,0.0,0.0,0.0,0.0,0.0,0.0,0.0,6,0,0,1
EMP039,2026-03-14,72,Operations Officer,Ahmedabad,COHORT034,0,0,0,0,0,0,62,73,73,73,0.0,0.0,0.0,0.0,0.0,0.0,0.0,0.0,6,0,0,1
EMP039,2026-03-15,73,Operations Officer,Ahmedabad,COHORT034,0,0,0,0,0,0,65,74,74,74,0.0,0.0,0.0,0.0,0.0,0.0,0.0,0.0,6,0,0,1
EMP039,2026-03-16,74,Operations Officer,Ahmedabad,COHORT034,0,0,0,0,0,0,264,75,75,75,0.0,0.0,0.0,0.0,0.0,0.0,0.0,0.0,6,0,0,1
EMP039,2026-03-17,75,Operations Officer,Ahmedabad,COHORT034,0,0,0,0,0,0,261,76,76,76,0.0,0.0,0.0,0.0,0.0,0.0,0.0,0.0,6,0,0,1
EMP039,2026-03-18,76,Operations Officer,Ahmedabad,COHORT034,0,0,0,0,0,0,227,77,77,77,0.0,0.0,0.0,0.0,0.0,0.0,0.0,0.0,6,0,0,1
EMP039,2026-03-19,77,Operations Officer,Ahmedabad,COHORT034,0,0,0,0,0,0,248,78,78,78,0.0,0.0,0.0,0.0,0.0,0.0,0.0,0.0,6,0,0,1
EMP039,2026-03-20,78,Operations Officer,Ahmedabad,COHORT034,0,0,0,0,0,0,245,79,79,79,0.0,0.0,0.0,0.0,0.0,0.0,0.0,0.0,6,0,0,1
EMP039,2026-03-21,79,Operations Officer,Ahmedabad,COHORT034,0,0,0,0,0,0,36,80,80,80,0.0,0.0,0.0,0.0,0.0,0.0,0.0,0.0,6,0,0,1
EMP039,2026-03-22,80,Operations Officer,Ahmedabad,COHORT034,0,0,0,0,0,0,16,81,81,81,0.0,0.0,0.0,0.0,0.0,0.0,0.0,0.0,6,0,0,1
EMP039,2026-03-23,81,Operations Officer,Ahmedabad,COHORT034,0,0,0,0,0,0,308,82,82,82,0.0,0.0,0.0,0.0,0.0,0.0,0.0,0.0,6,0,0,1
EMP039,2026-03-24,82,Operations Officer,Ahmedabad,COHORT034,0,0,0,0,0,0,262,83,83,83,0.0,0.0,0.0,0.0,0.0,0.0,0.0,0.0,6,0,0,1
EMP039,2026-03-25,83,Operations Officer,Ahmedabad,COHORT034,0,0,0,0,0,0,288,84,84,84,0.0,0.0,0.0,0.0,0.0,0.0,0.0,0.0,6,0,0,1
EMP039,2026-03-26,84,Operations Officer,Ahmedabad,COHORT034,0,0,0,0,0,0,315,85,85,85,0.0,0.0,0.0,0.0,0.0,0.0,0.0,0.0,6,0,0,1
EMP039,2026-03-27,85,Operations Officer,Ahmedabad,COHORT034,0,0,0,0,0,0,280,86,86,86,0.0,0.0,0.0,0.0,0.0,0.0,0.0,0.0,6,0,0,1
EMP039,2026-03-28,86,Operations Officer,Ahmedabad,COHORT034,0,0,0,0,0,0,24,87,87,87,0.0,0.0,0.0,0.0,0.0,0.0,0.0,0.0,6,0,0,1
EMP039,2026-03-29,87,Operations Officer,Ahmedabad,COHORT034,0,0,0,0,0,0,41,88,88,88,0.0,0.0,0.0,0.0,0.0,0.0,0.0,0.0,6,0,0,1
EMP039,2026-03-30,88,Operations Officer,Ahmedabad,COHORT034,0,0,0,0,0,0,294,89,89,89,0.0,0.0,0.0,0.0,0.0,0.0,0.0,0.0,6,0,0,1
EMP039,2026-03-31,89,Operations Officer,Ahmedabad,COHORT034,0,0,0,0,0,0,247,90,90,90,0.0,0.0,0.0,0.0,0.0,0.0,0.0,0.0,6,0,0,1
EMP040,2026-01-01,0,Operations Officer,Mumbai,COHORT032,0,0,0,0,0,0,285,1,1,1,0.0,0.0,0.0,0.0,0.0,0.0,0.0,0.0,6,0,0,1
EMP040,2026-01-02,1,Operations Officer,Mumbai,COHORT032,0,0,0,0,0,0,301,2,2,2,0.0,0.0,0.0,0.0,0.0,0.0,0.0,0.0,6,0,0,1
EMP040,2026-01-03,2,Operations Officer,Mumbai,COHORT032,0,0,0,0,0,0,44,3,3,3,0.0,0.0,0.0,0.0,0.0,0.0,0.0,0.0,6,0,0,1
EMP040,2026-01-04,3,Operations Officer,Mumbai,COHORT032,0,0,0,0,0,0,15,4,4,4,0.0,0.0,0.0,0.0,0.0,0.0,0.0,33.33,4,2,0,1
EMP040,2026-01-05,4,Operations Officer,Mumbai,COHORT032,0,0,0,0,0,0,293,5,5,5,0.0,0.0,0.0,0.0,0.0,0.0,0.0,0.0,6,0,0,1
EMP040,2026-01-06,5,Operations Officer,Mumbai,COHORT032,0,0,0,0,0,0,320,6,6,6,0.0,0.0,0.0,0.0,0.0,0.0,0.0,0.0,6,0,0,1
EMP040,2026-01-07,6,Operations Officer,Mumbai,COHORT032,0,0,0,0,0,0,238,7,7,7,0.0,0.0,0.0,0.0,0.0,0.0,0.0,0.0,6,0,0,1
EMP040,2026-01-08,7,Operations Officer,Mumbai,COHORT032,0,0,0,0,0,0,329,8,8,8,0.0,0.0,0.0,0.0,0.0,0.0,0.0,0.0,6,0,0,1
EMP040,2026-01-09,8,Operations Officer,Mumbai,COHORT032,0,0,0,0,0,0,246,9,9,9,0.0,0.0,0.0,0.0,0.0,0.0,0.0,0.0,6,0,0,1
EMP040,2026-01-10,9,Operations Officer,Mumbai,COHORT032,0,0,0,0,0,0,57,10,10,10,0.0,0.0,0.0,0.0,0.0,0.0,0.0,0.0,6,0,0,1
EMP040,2026-01-11,10,Operations Officer,Mumbai,COHORT032,0,0,0,0,0,0,13,11,11,11,0.0,0.0,0.0,0.0,0.0,0.0,0.0,16.67,5,1,0,1
EMP040,2026-01-12,11,Operations Officer,Mumbai,COHORT032,0,0,0,0,0,0,257,12,12,12,0.0,0.0,0.0,0.0,0.0,0.0,0.0,0.0,6,0,0,1
EMP040,2026-01-13,12,Operations Officer,Mumbai,COHORT032,0,0,0,0,0,0,229,13,13,13,0.0,0.0,0.0,0.0,0.0,0.0,0.0,0.0,6,0,0,1
EMP040,2026-01-14,13,Operations Officer,Mumbai,COHORT032,0,0,0,0,0,0,255,14,14,14,0.0,0.0,0.0,0.0,0.0,0.0,0.0,0.0,6,0,0,1
EMP040,2026-01-15,14,Operations Officer,Mumbai,COHORT032,0,0,0,0,0,0,287,15,15,15,0.0,0.0,0.0,0.0,0.0,0.0,0.0,0.0,6,0,0,1
EMP040,2026-01-16,15,Operations Officer,Mumbai,COHORT032,0,0,0,0,0,0,251,16,16,16,0.0,0.0,0.0,0.0,0.0,0.0,0.0,0.0,6,0,0,1
EMP040,2026-01-17,16,Operations Officer,Mumbai,COHORT032,0,0,0,0,0,0,24,17,17,17,0.0,0.0,0.0,0.0,0.0,0.0,0.0,0.0,6,0,0,1
EMP040,2026-01-18,17,Operations Officer,Mumbai,COHORT032,0,0,0,0,0,0,3,18,18,18,0.0,0.0,0.0,0.0,0.0,0.0,0.0,66.67,2,4,0,1
EMP040,2026-01-19,18,Operations Officer,Mumbai,COHORT032,0,0,0,0,0,0,245,19,19,19,0.0,0.0,0.0,0.0,0.0,0.0,0.0,0.0,6,0,0,1
EMP040,2026-01-20,19,Operations Officer,Mumbai,COHORT032,0,0,0,0,0,0,302,20,20,20,0.0,0.0,0.0,0.0,0.0,0.0,0.0,0.0,6,0,0,1
EMP040,2026-01-21,20,Operations Officer,Mumbai,COHORT032,0,0,0,0,0,0,262,21,21,21,0.0,0.0,0.0,0.0,0.0,0.0,0.0,0.0,6,0,0,1
EMP040,2026-01-22,21,Operations Officer,Mumbai,COHORT032,0,0,0,0,0,0,310,22,22,22,0.0,0.0,0.0,0.0,0.0,0.0,0.0,0.0,6,0,0,1
EMP040,2026-01-23,22,Operations Officer,Mumbai,COHORT032,0,0,0,0,0,0,283,23,23,23,0.0,0.0,0.0,0.0,0.0,0.0,0.0,0.0,6,0,0,1
EMP040,2026-01-24,23,Operations Officer,Mumbai,COHORT032,0,0,0,0,0,0,54,24,24,24,0.0,0.0,0.0,0.0,0.0,0.0,0.0,0.0,6,0,0,1
EMP040,2026-01-25,24,Operations Officer,Mumbai,COHORT032,0,0,0,0,0,0,49,25,25,25,0.0,0.0,0.0,0.0,0.0,0.0,0.0,0.0,6,0,0,1
EMP040,2026-01-26,25,Operations Officer,Mumbai,COHORT032,0,0,0,0,0,0,254,26,26,26,0.0,0.0,0.0,0.0,0.0,0.0,0.0,0.0,6,0,0,1
EMP040,2026-01-27,26,Operations Officer,Mumbai,COHORT032,0,0,0,0,0,0,281,27,27,27,0.0,0.0,0.0,0.0,0.0,0.0,0.0,0.0,6,0,0,1
EMP040,2026-01-28,27,Operations Officer,Mumbai,COHORT032,0,0,0,0,0,0,243,28,28,28,0.0,0.0,0.0,0.0,0.0,0.0,0.0,0.0,6,0,0,1
EMP040,2026-01-29,28,Operations Officer,Mumbai,COHORT032,0,0,0,0,0,0,274,29,29,29,0.0,0.0,0.0,0.0,0.0,0.0,0.0,0.0,6,0,0,1
EMP040,2026-01-30,29,Operations Officer,Mumbai,COHORT032,0,0,0,0,0,0,241,30,30,30,0.0,0.0,0.0,0.0,0.0,0.0,0.0,0.0,6,0,0,1
EMP040,2026-01-31,30,Operations Officer,Mumbai,COHORT032,0,0,0,0,0,0,8,31,31,31,0.0,0.0,0.0,0.0,0.0,0.0,0.0,33.33,4,2,0,1
EMP040,2026-02-01,31,Operations Officer,Mumbai,COHORT032,0,0,0,0,0,0,65,32,32,32,0.0,0.0,0.0,0.0,0.0,0.0,0.0,0.0,6,0,0,1
EMP040,2026-02-02,32,Operations Officer,Mumbai,COHORT032,0,0,0,0,0,0,260,33,33,33,0.0,0.0,0.0,0.0,0.0,0.0,0.0,0.0,6,0,0,1
EMP040,2026-02-03,33,Operations Officer,Mumbai,COHORT032,0,0,0,0,0,0,313,34,34,34,0.0,0.0,0.0,0.0,0.0,0.0,0.0,0.0,6,0,0,1
EMP040,2026-02-04,34,Operations Officer,Mumbai,COHORT032,0,0,0,0,0,0,261,35,35,35,0.0,0.0,0.0,0.0,0.0,0.0,0.0,0.0,6,0,0,1
EMP040,2026-02-05,35,Operations Officer,Mumbai,COHORT032,0,0,0,0,0,0,261,36,36,36,0.0,0.0,0.0,0.0,0.0,0.0,0.0,0.0,6,0,0,1
EMP040,2026-02-06,36,Operations Officer,Mumbai,COHORT032,0,0,0,0,0,0,252,37,37,37,0.0,0.0,0.0,0.0,0.0,0.0,0.0,0.0,6,0,0,1
EMP040,2026-02-07,37,Operations Officer,Mumbai,COHORT032,0,0,0,0,0,0,52,38,38,38,0.0,0.0,0.0,0.0,0.0,0.0,0.0,0.0,6,0,0,1
EMP040,2026-02-08,38,Operations Officer,Mumbai,COHORT032,0,0,0,0,0,0,17,39,39,39,0.0,0.0,0.0,0.0,0.0,0.0,0.0,0.0,6,0,0,1
EMP040,2026-02-09,39,Operations Officer,Mumbai,COHORT032,0,0,0,0,0,0,254,40,40,40,0.0,0.0,0.0,0.0,0.0,0.0,0.0,0.0,6,0,0,1
EMP040,2026-02-10,40,Operations Officer,Mumbai,COHORT032,0,0,0,0,0,0,234,41,41,41,0.0,0.0,0.0,0.0,0.0,0.0,0.0,0.0,6,0,0,1
EMP040,2026-02-11,41,Operations Officer,Mumbai,COHORT032,0,0,0,0,0,0,263,42,42,42,0.0,0.0,0.0,0.0,0.0,0.0,0.0,0.0,6,0,0,1
EMP040,2026-02-12,42,Operations Officer,Mumbai,COHORT032,0,0,0,0,0,0,281,43,43,43,0.0,0.0,0.0,0.0,0.0,0.0,0.0,0.0,6,0,0,1
EMP040,2026-02-13,43,Operations Officer,Mumbai,COHORT032,0,0,0,0,0,0,235,44,44,44,0.0,0.0,0.0,0.0,0.0,0.0,0.0,0.0,6,0,0,1
EMP040,2026-02-14,44,Operations Officer,Mumbai,COHORT032,0,0,0,0,0,0,22,45,45,45,0.0,0.0,0.0,0.0,0.0,0.0,0.0,0.0,6,0,0,1
EMP040,2026-02-15,45,Operations Officer,Mumbai,COHORT032,0,0,0,0,0,0,22,46,46,46,0.0,0.0,0.0,0.0,0.0,0.0,0.0,16.67,5,1,0,1
EMP040,2026-02-16,46,Operations Officer,Mumbai,COHORT032,0,0,0,0,0,0,202,47,47,47,0.0,0.0,0.0,0.0,0.0,0.0,0.0,0.0,6,0,0,1
EMP040,2026-02-17,47,Operations Officer,Mumbai,COHORT032,0,0,0,0,0,0,249,48,48,48,0.0,0.0,0.0,0.0,0.0,0.0,0.0,0.0,6,0,0,1
EMP040,2026-02-18,48,Operations Officer,Mumbai,COHORT032,0,0,0,0,0,0,254,49,49,49,0.0,0.0,0.0,0.0,0.0,0.0,0.0,0.0,6,0,0,1
EMP040,2026-02-19,49,Operations Officer,Mumbai,COHORT032,0,0,0,0,0,0,235,50,50,50,0.0,0.0,0.0,0.0,0.0,0.0,0.0,0.0,6,0,0,1
EMP040,2026-02-20,50,Operations Officer,Mumbai,COHORT032,0,0,0,0,0,0,280,51,51,51,0.0,0.0,0.0,0.0,0.0,0.0,0.0,0.0,6,0,0,1
EMP040,2026-02-21,51,Operations Officer,Mumbai,COHORT032,0,0,0,0,0,0,33,52,52,52,0.0,0.0,0.0,0.0,0.0,0.0,0.0,0.0,6,0,0,1
EMP040,2026-02-22,52,Operations Officer,Mumbai,COHORT032,0,0,0,0,0,0,24,53,53,53,0.0,0.0,0.0,0.0,0.0,0.0,0.0,0.0,6,0,0,1
EMP040,2026-02-23,53,Operations Officer,Mumbai,COHORT032,0,0,0,0,0,0,304,54,54,54,0.0,0.0,0.0,0.0,0.0,0.0,0.0,0.0,6,0,0,1
EMP040,2026-02-24,54,Operations Officer,Mumbai,COHORT032,0,0,0,0,0,0,239,55,55,55,0.0,0.0,0.0,0.0,0.0,0.0,0.0,0.0,6,0,0,1
EMP040,2026-02-25,55,Operations Officer,Mumbai,COHORT032,0,0,0,0,0,0,277,56,56,56,0.0,0.0,0.0,0.0,0.0,0.0,0.0,0.0,6,0,0,1
EMP040,2026-02-26,56,Operations Officer,Mumbai,COHORT032,0,0,0,0,0,0,283,57,57,57,0.0,0.0,0.0,0.0,0.0,0.0,0.0,0.0,6,0,0,1
EMP040,2026-02-27,57,Operations Officer,Mumbai,COHORT032,0,0,0,0,0,0,258,58,58,58,0.0,0.0,0.0,0.0,0.0,0.0,0.0,0.0,6,0,0,1
EMP040,2026-02-28,58,Operations Officer,Mumbai,COHORT032,0,0,0,0,0,0,42,59,59,59,0.0,0.0,0.0,0.0,0.0,0.0,0.0,0.0,6,0,0,1
EMP040,2026-03-01,59,Operations Officer,Mumbai,COHORT032,0,0,0,0,0,0,24,60,60,60,0.0,0.0,0.0,0.0,0.0,0.0,0.0,0.0,6,0,0,1
EMP040,2026-03-02,60,Operations Officer,Mumbai,COHORT032,0,0,0,0,0,0,242,61,61,61,0.0,0.0,0.0,0.0,0.0,0.0,0.0,0.0,6,0,0,1
EMP040,2026-03-03,61,Operations Officer,Mumbai,COHORT032,0,0,0,0,0,0,268,62,62,62,0.0,0.0,0.0,0.0,0.0,0.0,0.0,0.0,6,0,0,1
EMP040,2026-03-04,62,Operations Officer,Mumbai,COHORT032,0,0,0,0,0,0,311,63,63,63,0.0,0.0,0.0,0.0,0.0,0.0,0.0,0.0,6,0,0,1
EMP040,2026-03-05,63,Operations Officer,Mumbai,COHORT032,0,0,0,0,0,0,238,64,64,64,0.0,0.0,0.0,0.0,0.0,0.0,0.0,0.0,6,0,0,1
EMP040,2026-03-06,64,Operations Officer,Mumbai,COHORT032,0,0,0,0,0,0,282,65,65,65,0.0,0.0,0.0,0.0,0.0,0.0,0.0,0.0,6,0,0,1
EMP040,2026-03-07,65,Operations Officer,Mumbai,COHORT032,0,0,0,0,0,0,5,66,66,66,0.0,0.0,0.0,0.0,0.0,0.0,0.0,50.0,3,3,0,1
EMP040,2026-03-08,66,Operations Officer,Mumbai,COHORT032,0,0,0,0,0,0,67,67,67,67,0.0,0.0,0.0,0.0,0.0,0.0,0.0,0.0,6,0,0,1
EMP040,2026-03-09,67,Operations Officer,Mumbai,COHORT032,0,0,0,0,0,0,303,68,68,68,0.0,0.0,0.0,0.0,0.0,0.0,0.0,0.0,6,0,0,1
EMP040,2026-03-10,68,Operations Officer,Mumbai,COHORT032,0,0,0,0,0,0,272,69,69,69,0.0,0.0,0.0,0.0,0.0,0.0,0.0,0.0,6,0,0,1
EMP040,2026-03-11,69,Operations Officer,Mumbai,COHORT032,0,0,0,0,0,0,218,70,70,70,0.0,0.0,0.0,0.0,0.0,0.0,0.0,0.0,6,0,0,1
EMP040,2026-03-12,70,Operations Officer,Mumbai,COHORT032,0,0,0,0,0,0,240,71,71,71,0.0,0.0,0.0,0.0,0.0,0.0,0.0,0.0,6,0,0,1
EMP040,2026-03-13,71,Operations Officer,Mumbai,COHORT032,0,0,0,0,0,0,291,72,72,72,0.0,0.0,0.0,0.0,0.0,0.0,0.0,0.0,6,0,0,1
EMP040,2026-03-14,72,Operations Officer,Mumbai,COHORT032,0,0,0,0,0,0,48,73,73,73,0.0,0.0,0.0,0.0,0.0,0.0,0.0,0.0,6,0,0,1
EMP040,2026-03-15,73,Operations Officer,Mumbai,COHORT032,0,0,0,0,0,0,69,74,74,74,0.0,0.0,0.0,0.0,0.0,0.0,0.0,0.0,6,0,0,1
EMP040,2026-03-16,74,Operations Officer,Mumbai,COHORT032,0,0,0,0,0,0,232,75,75,75,0.0,0.0,0.0,0.0,0.0,0.0,0.0,0.0,6,0,0,1
EMP040,2026-03-17,75,Operations Officer,Mumbai,COHORT032,0,0,0,0,0,0,303,76,76,76,0.0,0.0,0.0,0.0,0.0,0.0,0.0,0.0,6,0,0,1
EMP040,2026-03-18,76,Operations Officer,Mumbai,COHORT032,0,0,0,0,0,0,288,77,77,77,0.0,0.0,0.0,0.0,0.0,0.0,0.0,0.0,6,0,0,1
EMP040,2026-03-19,77,Operations Officer,Mumbai,COHORT032,0,0,0,0,0,0,274,78,78,78,0.0,0.0,0.0,0.0,0.0,0.0,0.0,0.0,6,0,0,1
EMP040,2026-03-20,78,Operations Officer,Mumbai,COHORT032,0,0,0,0,0,0,300,79,79,79,0.0,0.0,0.0,0.0,0.0,0.0,0.0,0.0,6,0,0,1
EMP040,2026-03-21,79,Operations Officer,Mumbai,COHORT032,0,0,0,0,0,0,19,80,80,80,0.0,0.0,0.0,0.0,0.0,0.0,0.0,16.67,5,1,0,1
EMP040,2026-03-22,80,Operations Officer,Mumbai,COHORT032,0,0,0,0,0,0,35,81,81,81,0.0,0.0,0.0,0.0,0.0,0.0,0.0,0.0,6,0,0,1
EMP040,2026-03-23,81,Operations Officer,Mumbai,COHORT032,0,0,0,0,0,0,252,82,82,82,0.0,0.0,0.0,0.0,0.0,0.0,0.0,0.0,6,0,0,1
EMP040,2026-03-24,82,Operations Officer,Mumbai,COHORT032,0,0,0,0,0,0,286,83,83,83,0.0,0.0,0.0,0.0,0.0,0.0,0.0,0.0,6,0,0,1
EMP040,2026-03-25,83,Operations Officer,Mumbai,COHORT032,0,0,0,0,0,0,280,84,84,84,0.0,0.0,0.0,0.0,0.0,0.0,0.0,0.0,6,0,0,1
EMP040,2026-03-26,84,Operations Officer,Mumbai,COHORT032,0,0,0,0,0,0,272,85,85,85,0.0,0.0,0.0,0.0,0.0,0.0,0.0,0.0,6,0,0,1
EMP040,2026-03-27,85,Operations Officer,Mumbai,COHORT032,0,0,0,0,0,0,273,86,86,86,0.0,0.0,0.0,0.0,0.0,0.0,0.0,0.0,6,0,0,1
EMP040,2026-03-28,86,Operations Officer,Mumbai,COHORT032,0,0,0,0,0,0,17,87,87,87,0.0,0.0,0.0,0.0,0.0,0.0,0.0,33.33,4,2,0,1
EMP040,2026-03-29,87,Operations Officer,Mumbai,COHORT032,0,0,0,0,0,0,53,88,88,88,0.0,0.0,0.0,0.0,0.0,0.0,0.0,0.0,6,0,0,1
EMP040,2026-03-30,88,Operations Officer,Mumbai,COHORT032,0,0,0,0,0,0,280,89,89,89,0.0,0.0,0.0,0.0,0.0,0.0,0.0,0.0,6,0,0,1
EMP040,2026-03-31,89,Operations Officer,Mumbai,COHORT032,0,0,0,0,0,0,249,90,90,90,0.0,0.0,0.0,0.0,0.0,0.0,0.0,0.0,6,0,0,1
EMP041,2026-01-01,0,Operations Officer,Delhi,COHORT035,0,0,0,0,0,0,256,1,1,1,0.0,0.0,0.0,0.0,0.0,0.0,0.0,0.0,6,0,0,1
EMP041,2026-01-02,1,Operations Officer,Delhi,COHORT035,0,0,0,0,0,0,313,2,2,2,0.0,0.0,0.0,0.0,0.0,0.0,0.0,0.0,6,0,0,1
EMP041,2026-01-03,2,Operations Officer,Delhi,COHORT035,0,0,0,0,0,0,6,3,3,3,0.0,0.0,0.0,0.0,0.0,0.0,0.0,50.0,3,3,0,1
EMP041,2026-01-04,3,Operations Officer,Delhi,COHORT035,0,0,0,0,0,0,21,4,4,4,0.0,0.0,0.0,0.0,0.0,0.0,0.0,0.0,6,0,0,1
EMP041,2026-01-05,4,Operations Officer,Delhi,COHORT035,0,0,0,0,0,0,226,5,5,5,0.0,0.0,0.0,0.0,0.0,0.0,0.0,0.0,6,0,0,1
EMP041,2026-01-06,5,Operations Officer,Delhi,COHORT035,0,0,0,0,0,0,310,6,6,6,0.0,0.0,0.0,0.0,0.0,0.0,0.0,0.0,6,0,0,1
EMP041,2026-01-07,6,Operations Officer,Delhi,COHORT035,0,0,0,0,0,0,214,7,7,7,0.0,0.0,0.0,0.0,0.0,0.0,0.0,0.0,6,0,0,1
EMP041,2026-01-08,7,Operations Officer,Delhi,COHORT035,0,0,0,0,0,0,234,8,8,8,0.0,0.0,0.0,0.0,0.0,0.0,0.0,0.0,6,0,0,1
EMP041,2026-01-09,8,Operations Officer,Delhi,COHORT035,0,0,0,0,0,0,299,9,9,9,0.0,0.0,0.0,0.0,0.0,0.0,0.0,0.0,6,0,0,1
EMP041,2026-01-10,9,Operations Officer,Delhi,COHORT035,0,0,0,0,0,0,37,10,10,10,0.0,0.0,0.0,0.0,0.0,0.0,0.0,0.0,6,0,0,1
EMP041,2026-01-11,10,Operations Officer,Delhi,COHORT035,0,0,0,0,0,0,0,11,11,11,0.0,0.0,0.0,0.0,0.0,0.0,0.0,100.0,0,6,0,1
EMP041,2026-01-12,11,Operations Officer,Delhi,COHORT035,0,0,0,0,0,0,288,12,12,12,0.0,0.0,0.0,0.0,0.0,0.0,0.0,0.0,6,0,0,1
EMP041,2026-01-13,12,Operations Officer,Delhi,COHORT035,0,0,0,0,0,0,279,13,13,13,0.0,0.0,0.0,0.0,0.0,0.0,0.0,0.0,6,0,0,1
EMP041,2026-01-14,13,Operations Officer,Delhi,COHORT035,0,0,0,0,0,0,209,14,14,14,0.0,0.0,0.0,0.0,0.0,0.0,0.0,0.0,6,0,0,1
EMP041,2026-01-15,14,Operations Officer,Delhi,COHORT035,0,0,0,0,0,0,259,15,15,15,0.0,0.0,0.0,0.0,0.0,0.0,0.0,0.0,6,0,0,1
EMP041,2026-01-16,15,Operations Officer,Delhi,COHORT035,0,0,0,0,0,0,281,16,16,16,0.0,0.0,0.0,0.0,0.0,0.0,0.0,0.0,6,0,0,1
EMP041,2026-01-17,16,Operations Officer,Delhi,COHORT035,0,0,0,0,0,0,3,17,17,17,0.0,0.0,0.0,0.0,0.0,0.0,0.0,66.67,2,4,0,1
EMP041,2026-01-18,17,Operations Officer,Delhi,COHORT035,0,0,0,0,0,0,53,18,18,18,0.0,0.0,0.0,0.0,0.0,0.0,0.0,0.0,6,0,0,1
EMP041,2026-01-19,18,Operations Officer,Delhi,COHORT035,0,0,0,0,0,0,250,19,19,19,0.0,0.0,0.0,0.0,0.0,0.0,0.0,0.0,6,0,0,1
EMP041,2026-01-20,19,Operations Officer,Delhi,COHORT035,0,0,0,0,0,0,265,20,20,20,0.0,0.0,0.0,0.0,0.0,0.0,0.0,0.0,6,0,0,1
EMP041,2026-01-21,20,Operations Officer,Delhi,COHORT035,0,0,0,0,0,0,324,21,21,21,0.0,0.0,0.0,0.0,0.0,0.0,0.0,0.0,6,0,0,1
EMP041,2026-01-22,21,Operations Officer,Delhi,COHORT035,0,0,0,0,0,0,236,22,22,22,0.0,0.0,0.0,0.0,0.0,0.0,0.0,0.0,6,0,0,1
EMP041,2026-01-23,22,Operations Officer,Delhi,COHORT035,0,0,0,0,0,0,268,23,23,23,0.0,0.0,0.0,0.0,0.0,0.0,0.0,0.0,6,0,0,1
EMP041,2026-01-24,23,Operations Officer,Delhi,COHORT035,0,0,0,0,0,0,37,24,24,24,0.0,0.0,0.0,0.0,0.0,0.0,0.0,0.0,6,0,0,1
EMP041,2026-01-25,24,Operations Officer,Delhi,COHORT035,0,0,0,0,0,0,18,25,25,25,0.0,0.0,0.0,0.0,0.0,0.0,0.0,0.0,6,0,0,1
EMP041,2026-01-26,25,Operations Officer,Delhi,COHORT035,0,0,0,0,0,0,254,26,26,26,0.0,0.0,0.0,0.0,0.0,0.0,0.0,0.0,6,0,0,1
EMP041,2026-01-27,26,Operations Officer,Delhi,COHORT035,0,0,0,0,0,0,253,27,27,27,0.0,0.0,0.0,0.0,0.0,0.0,0.0,0.0,6,0,0,1
EMP041,2026-01-28,27,Operations Officer,Delhi,COHORT035,0,0,0,0,0,0,282,28,28,28,0.0,0.0,0.0,0.0,0.0,0.0,0.0,0.0,6,0,0,1
EMP041,2026-01-29,28,Operations Officer,Delhi,COHORT035,0,0,0,0,0,0,308,29,29,29,0.0,0.0,0.0,0.0,0.0,0.0,0.0,0.0,6,0,0,1
EMP041,2026-01-30,29,Operations Officer,Delhi,COHORT035,0,0,0,0,0,0,239,30,30,30,0.0,0.0,0.0,0.0,0.0,0.0,0.0,0.0,6,0,0,1
EMP041,2026-01-31,30,Operations Officer,Delhi,COHORT035,0,0,0,0,0,0,47,31,31,31,0.0,0.0,0.0,0.0,0.0,0.0,0.0,0.0,6,0,0,1
EMP041,2026-02-01,31,Operations Officer,Delhi,COHORT035,0,0,0,0,0,0,0,32,32,32,0.0,0.0,0.0,0.0,0.0,0.0,0.0,100.0,0,6,0,1
EMP041,2026-02-02,32,Operations Officer,Delhi,COHORT035,0,0,0,0,0,0,262,33,33,33,0.0,0.0,0.0,0.0,0.0,0.0,0.0,0.0,6,0,0,1
EMP041,2026-02-03,33,Operations Officer,Delhi,COHORT035,0,0,0,0,0,0,284,34,34,34,0.0,0.0,0.0,0.0,0.0,0.0,0.0,0.0,6,0,0,1
EMP041,2026-02-04,34,Operations Officer,Delhi,COHORT035,0,0,0,0,0,0,299,35,35,35,0.0,0.0,0.0,0.0,0.0,0.0,0.0,0.0,6,0,0,1
EMP041,2026-02-05,35,Operations Officer,Delhi,COHORT035,0,0,0,0,0,0,267,36,36,36,0.0,0.0,0.0,0.0,0.0,0.0,0.0,0.0,6,0,0,1
EMP041,2026-02-06,36,Operations Officer,Delhi,COHORT035,0,0,0,0,0,0,273,37,37,37,0.0,0.0,0.0,0.0,0.0,0.0,0.0,0.0,6,0,0,1
EMP041,2026-02-07,37,Operations Officer,Delhi,COHORT035,0,0,0,0,0,0,49,38,38,38,0.0,0.0,0.0,0.0,0.0,0.0,0.0,0.0,6,0,0,1
EMP041,2026-02-08,38,Operations Officer,Delhi,COHORT035,0,0,0,0,0,0,56,39,39,39,0.0,0.0,0.0,0.0,0.0,0.0,0.0,0.0,6,0,0,1
EMP041,2026-02-09,39,Operations Officer,Delhi,COHORT035,0,0,0,0,0,0,276,40,40,40,0.0,0.0,0.0,0.0,0.0,0.0,0.0,0.0,6,0,0,1
EMP041,2026-02-10,40,Operations Officer,Delhi,COHORT035,0,0,0,0,0,0,244,41,41,41,0.0,0.0,0.0,0.0,0.0,0.0,0.0,0.0,6,0,0,1
EMP041,2026-02-11,41,Operations Officer,Delhi,COHORT035,0,0,0,0,0,0,285,42,42,42,0.0,0.0,0.0,0.0,0.0,0.0,0.0,0.0,6,0,0,1
EMP041,2026-02-12,42,Operations Officer,Delhi,COHORT035,0,0,0,0,0,0,249,43,43,43,0.0,0.0,0.0,0.0,0.0,0.0,0.0,0.0,6,0,0,1
EMP041,2026-02-13,43,Operations Officer,Delhi,COHORT035,0,0,0,0,0,0,258,44,44,44,0.0,0.0,0.0,0.0,0.0,0.0,0.0,0.0,6,0,0,1
EMP041,2026-02-14,44,Operations Officer,Delhi,COHORT035,0,0,0,0,0,0,9,45,45,45,0.0,0.0,0.0,0.0,0.0,0.0,0.0,16.67,5,1,0,1
EMP041,2026-02-15,45,Operations Officer,Delhi,COHORT035,0,0,0,0,0,0,32,46,46,46,0.0,0.0,0.0,0.0,0.0,0.0,0.0,0.0,6,0,0,1
EMP041,2026-02-16,46,Operations Officer,Delhi,COHORT035,0,0,0,0,0,0,255,47,47,47,0.0,0.0,0.0,0.0,0.0,0.0,0.0,0.0,6,0,0,1
EMP041,2026-02-17,47,Operations Officer,Delhi,COHORT035,0,0,0,0,0,0,256,48,48,48,0.0,0.0,0.0,0.0,0.0,0.0,0.0,0.0,6,0,0,1
EMP041,2026-02-18,48,Operations Officer,Delhi,COHORT035,0,0,0,0,0,0,271,49,49,49,0.0,0.0,0.0,0.0,0.0,0.0,0.0,0.0,6,0,0,1
EMP041,2026-02-19,49,Operations Officer,Delhi,COHORT035,0,0,0,0,0,0,264,50,50,50,0.0,0.0,0.0,0.0,0.0,0.0,0.0,0.0,6,0,0,1
EMP041,2026-02-20,50,Operations Officer,Delhi,COHORT035,0,0,0,0,0,0,250,51,51,51,0.0,0.0,0.0,0.0,0.0,0.0,0.0,0.0,6,0,0,1
EMP041,2026-02-21,51,Operations Officer,Delhi,COHORT035,0,0,0,0,0,0,11,52,52,52,0.0,0.0,0.0,0.0,0.0,0.0,0.0,33.33,4,2,0,1
EMP041,2026-02-22,52,Operations Officer,Delhi,COHORT035,0,0,0,0,0,0,61,53,53,53,0.0,0.0,0.0,0.0,0.0,0.0,0.0,0.0,6,0,0,1
EMP041,2026-02-23,53,Operations Officer,Delhi,COHORT035,0,0,0,0,0,0,242,54,54,54,0.0,0.0,0.0,0.0,0.0,0.0,0.0,0.0,6,0,0,1
EMP041,2026-02-24,54,Operations Officer,Delhi,COHORT035,0,0,0,0,0,0,232,55,55,55,0.0,0.0,0.0,0.0,0.0,0.0,0.0,0.0,6,0,0,1
EMP041,2026-02-25,55,Operations Officer,Delhi,COHORT035,0,0,0,0,0,0,233,56,56,56,0.0,0.0,0.0,0.0,0.0,0.0,0.0,0.0,6,0,0,1
EMP041,2026-02-26,56,Operations Officer,Delhi,COHORT035,0,0,0,0,0,0,233,57,57,57,0.0,0.0,0.0,0.0,0.0,0.0,0.0,0.0,6,0,0,1
EMP041,2026-02-27,57,Operations Officer,Delhi,COHORT035,0,0,0,0,0,0,349,58,58,58,0.0,0.0,0.0,0.0,0.0,0.0,0.0,0.0,6,0,0,1
EMP041,2026-02-28,58,Operations Officer,Delhi,COHORT035,0,0,0,0,0,0,26,59,59,59,0.0,0.0,0.0,0.0,0.0,0.0,0.0,0.0,6,0,0,1
EMP041,2026-03-01,59,Operations Officer,Delhi,COHORT035,0,0,0,0,0,0,67,60,60,60,0.0,0.0,0.0,0.0,0.0,0.0,0.0,0.0,6,0,0,1
EMP041,2026-03-02,60,Operations Officer,Delhi,COHORT035,0,0,0,0,0,0,261,61,61,61,0.0,0.0,0.0,0.0,0.0,0.0,0.0,0.0,6,0,0,1
EMP041,2026-03-03,61,Operations Officer,Delhi,COHORT035,0,0,0,0,0,0,255,62,62,62,0.0,0.0,0.0,0.0,0.0,0.0,0.0,0.0,6,0,0,1
EMP041,2026-03-04,62,Operations Officer,Delhi,COHORT035,0,0,0,0,0,0,276,63,63,63,0.0,0.0,0.0,0.0,0.0,0.0,0.0,0.0,6,0,0,1
EMP041,2026-03-05,63,Operations Officer,Delhi,COHORT035,0,0,0,0,0,0,268,64,64,64,0.0,0.0,0.0,0.0,0.0,0.0,0.0,0.0,6,0,0,1
EMP041,2026-03-06,64,Operations Officer,Delhi,COHORT035,0,0,0,0,0,0,239,65,65,65,0.0,0.0,0.0,0.0,0.0,0.0,0.0,0.0,6,0,0,1
EMP041,2026-03-07,65,Operations Officer,Delhi,COHORT035,0,0,0,0,0,0,0,66,66,66,0.0,0.0,0.0,0.0,0.0,0.0,0.0,100.0,0,6,0,1
EMP041,2026-03-08,66,Operations Officer,Delhi,COHORT035,0,0,0,0,0,0,4,67,67,67,0.0,0.0,0.0,0.0,0.0,0.0,0.0,66.67,2,4,0,1
EMP041,2026-03-09,67,Operations Officer,Delhi,COHORT035,0,0,0,0,0,0,268,68,68,68,0.0,0.0,0.0,0.0,0.0,0.0,0.0,0.0,6,0,0,1
EMP041,2026-03-10,68,Operations Officer,Delhi,COHORT035,0,0,0,0,0,0,313,69,69,69,0.0,0.0,0.0,0.0,0.0,0.0,0.0,0.0,6,0,0,1
EMP041,2026-03-11,69,Operations Officer,Delhi,COHORT035,0,0,0,0,0,0,258,70,70,70,0.0,0.0,0.0,0.0,0.0,0.0,0.0,0.0,6,0,0,1
EMP041,2026-03-12,70,Operations Officer,Delhi,COHORT035,0,0,0,0,0,0,283,71,71,71,0.0,0.0,0.0,0.0,0.0,0.0,0.0,0.0,6,0,0,1
EMP041,2026-03-13,71,Operations Officer,Delhi,COHORT035,0,0,0,0,0,0,234,72,72,72,0.0,0.0,0.0,0.0,0.0,0.0,0.0,0.0,6,0,0,1
EMP041,2026-03-14,72,Operations Officer,Delhi,COHORT035,0,0,0,0,0,0,7,73,73,73,0.0,0.0,0.0,0.0,0.0,0.0,0.0,50.0,3,3,0,1
EMP041,2026-03-15,73,Operations Officer,Delhi,COHORT035,0,0,0,0,0,0,8,74,74,74,0.0,0.0,0.0,0.0,0.0,0.0,0.0,50.0,3,3,0,1
EMP041,2026-03-16,74,Operations Officer,Delhi,COHORT035,0,0,0,0,0,0,248,75,75,75,0.0,0.0,0.0,0.0,0.0,0.0,0.0,0.0,6,0,0,1
EMP041,2026-03-17,75,Operations Officer,Delhi,COHORT035,0,0,0,0,0,0,267,76,76,76,0.0,0.0,0.0,0.0,0.0,0.0,0.0,0.0,6,0,0,1
EMP041,2026-03-18,76,Operations Officer,Delhi,COHORT035,0,0,0,0,0,0,263,77,77,77,0.0,0.0,0.0,0.0,0.0,0.0,0.0,0.0,6,0,0,1
EMP041,2026-03-19,77,Operations Officer,Delhi,COHORT035,0,0,0,0,0,0,242,78,78,78,0.0,0.0,0.0,0.0,0.0,0.0,0.0,0.0,6,0,0,1
EMP041,2026-03-20,78,Operations Officer,Delhi,COHORT035,0,0,0,0,0,0,272,79,79,79,0.0,0.0,0.0,0.0,0.0,0.0,0.0,0.0,6,0,0,1
EMP041,2026-03-21,79,Operations Officer,Delhi,COHORT035,0,0,0,0,0,0,51,80,80,80,0.0,0.0,0.0,0.0,0.0,0.0,0.0,0.0,6,0,0,1
EMP041,2026-03-22,80,Operations Officer,Delhi,COHORT035,0,0,0,0,0,0,44,81,81,81,0.0,0.0,0.0,0.0,0.0,0.0,0.0,0.0,6,0,0,1
EMP041,2026-03-23,81,Operations Officer,Delhi,COHORT035,0,0,0,0,0,0,274,82,82,82,0.0,0.0,0.0,0.0,0.0,0.0,0.0,0.0,6,0,0,1
EMP041,2026-03-24,82,Operations Officer,Delhi,COHORT035,0,0,0,0,0,0,258,83,83,83,0.0,0.0,0.0,0.0,0.0,0.0,0.0,0.0,6,0,0,1
EMP041,2026-03-25,83,Operations Officer,Delhi,COHORT035,0,0,0,0,0,0,236,84,84,84,0.0,0.0,0.0,0.0,0.0,0.0,0.0,0.0,6,0,0,1
EMP041,2026-03-26,84,Operations Officer,Delhi,COHORT035,0,0,0,0,0,0,283,85,85,85,0.0,0.0,0.0,0.0,0.0,0.0,0.0,0.0,6,0,0,1
EMP041,2026-03-27,85,Operations Officer,Delhi,COHORT035,0,0,0,0,0,0,294,86,86,86,0.0,0.0,0.0,0.0,0.0,0.0,0.0,0.0,6,0,0,1
EMP041,2026-03-28,86,Operations Officer,Delhi,COHORT035,0,0,0,0,0,0,12,87,87,87,0.0,0.0,0.0,0.0,0.0,0.0,0.0,16.67,5,1,0,1
EMP041,2026-03-29,87,Operations Officer,Delhi,COHORT035,0,0,0,0,0,0,46,88,88,88,0.0,0.0,0.0,0.0,0.0,0.0,0.0,0.0,6,0,0,1
EMP041,2026-03-30,88,Operations Officer,Delhi,COHORT035,0,0,0,0,0,0,254,89,89,89,0.0,0.0,0.0,0.0,0.0,0.0,0.0,0.0,6,0,0,1
EMP041,2026-03-31,89,Operations Officer,Delhi,COHORT035,0,0,0,0,0,0,293,90,90,90,0.0,0.0,0.0,0.0,0.0,0.0,0.0,0.0,6,0,0,1
EMP042,2026-01-01,0,Operations Officer,Mumbai,COHORT036,0,0,0,0,0,0,245,1,1,1,0.0,0.0,0.0,0.0,0.0,0.0,0.0,0.0,6,0,0,1
EMP042,2026-01-02,1,Operations Officer,Mumbai,COHORT036,0,0,0,0,0,0,236,2,2,2,0.0,0.0,0.0,0.0,0.0,0.0,0.0,0.0,6,0,0,1
EMP042,2026-01-03,2,Operations Officer,Mumbai,COHORT036,0,0,0,0,0,0,16,3,3,3,0.0,0.0,0.0,0.0,0.0,0.0,0.0,16.67,5,1,0,1
EMP042,2026-01-04,3,Operations Officer,Mumbai,COHORT036,0,0,0,0,0,0,41,4,4,4,0.0,0.0,0.0,0.0,0.0,0.0,0.0,0.0,6,0,0,1
EMP042,2026-01-05,4,Operations Officer,Mumbai,COHORT036,0,0,0,0,0,0,272,5,5,5,0.0,0.0,0.0,0.0,0.0,0.0,0.0,0.0,6,0,0,1
EMP042,2026-01-06,5,Operations Officer,Mumbai,COHORT036,0,0,0,0,0,0,295,6,6,6,0.0,0.0,0.0,0.0,0.0,0.0,0.0,0.0,6,0,0,1
EMP042,2026-01-07,6,Operations Officer,Mumbai,COHORT036,0,0,0,0,0,0,313,7,7,7,0.0,0.0,0.0,0.0,0.0,0.0,0.0,0.0,6,0,0,1
EMP042,2026-01-08,7,Operations Officer,Mumbai,COHORT036,0,0,0,0,0,0,268,8,8,8,0.0,0.0,0.0,0.0,0.0,0.0,0.0,0.0,6,0,0,1
EMP042,2026-01-09,8,Operations Officer,Mumbai,COHORT036,0,0,0,0,0,0,269,9,9,9,0.0,0.0,0.0,0.0,0.0,0.0,0.0,0.0,6,0,0,1
EMP042,2026-01-10,9,Operations Officer,Mumbai,COHORT036,0,0,0,0,0,0,12,10,10,10,0.0,0.0,0.0,0.0,0.0,0.0,0.0,33.33,4,2,0,1
EMP042,2026-01-11,10,Operations Officer,Mumbai,COHORT036,0,0,0,0,0,0,5,11,11,11,0.0,0.0,0.0,0.0,0.0,0.0,0.0,66.67,2,4,0,1
EMP042,2026-01-12,11,Operations Officer,Mumbai,COHORT036,0,0,0,0,0,0,253,12,12,12,0.0,0.0,0.0,0.0,0.0,0.0,0.0,0.0,6,0,0,1
EMP042,2026-01-13,12,Operations Officer,Mumbai,COHORT036,0,0,0,0,0,0,245,13,13,13,0.0,0.0,0.0,0.0,0.0,0.0,0.0,0.0,6,0,0,1
EMP042,2026-01-14,13,Operations Officer,Mumbai,COHORT036,0,0,0,0,0,0,322,14,14,14,0.0,0.0,0.0,0.0,0.0,0.0,0.0,0.0,6,0,0,1
EMP042,2026-01-15,14,Operations Officer,Mumbai,COHORT036,0,0,0,0,0,0,208,15,15,15,0.0,0.0,0.0,0.0,0.0,0.0,0.0,0.0,6,0,0,1
EMP042,2026-01-16,15,Operations Officer,Mumbai,COHORT036,0,0,0,0,0,0,305,16,16,16,0.0,0.0,0.0,0.0,0.0,0.0,0.0,0.0,6,0,0,1
EMP042,2026-01-17,16,Operations Officer,Mumbai,COHORT036,0,0,0,0,0,0,32,17,17,17,0.0,0.0,0.0,0.0,0.0,0.0,0.0,0.0,6,0,0,1
EMP042,2026-01-18,17,Operations Officer,Mumbai,COHORT036,0,0,0,0,0,0,49,18,18,18,0.0,0.0,0.0,0.0,0.0,0.0,0.0,0.0,6,0,0,1
EMP042,2026-01-19,18,Operations Officer,Mumbai,COHORT036,0,0,0,0,0,0,236,19,19,19,0.0,0.0,0.0,0.0,0.0,0.0,0.0,0.0,6,0,0,1
EMP042,2026-01-20,19,Operations Officer,Mumbai,COHORT036,0,0,0,0,0,0,243,20,20,20,0.0,0.0,0.0,0.0,0.0,0.0,0.0,0.0,6,0,0,1
EMP042,2026-01-21,20,Operations Officer,Mumbai,COHORT036,0,0,0,0,0,0,259,21,21,21,0.0,0.0,0.0,0.0,0.0,0.0,0.0,0.0,6,0,0,1
EMP042,2026-01-22,21,Operations Officer,Mumbai,COHORT036,0,0,0,0,0,0,237,22,22,22,0.0,0.0,0.0,0.0,0.0,0.0,0.0,0.0,6,0,0,1
EMP042,2026-01-23,22,Operations Officer,Mumbai,COHORT036,0,0,0,0,0,0,215,23,23,23,0.0,0.0,0.0,0.0,0.0,0.0,0.0,0.0,6,0,0,1
EMP042,2026-01-24,23,Operations Officer,Mumbai,COHORT036,0,0,0,0,0,0,35,24,24,24,0.0,0.0,0.0,0.0,0.0,0.0,0.0,0.0,6,0,0,1
EMP042,2026-01-25,24,Operations Officer,Mumbai,COHORT036,0,0,0,0,0,0,23,25,25,25,0.0,0.0,0.0,0.0,0.0,0.0,0.0,16.67,5,1,0,1
EMP042,2026-01-26,25,Operations Officer,Mumbai,COHORT036,0,0,0,0,0,0,295,26,26,26,0.0,0.0,0.0,0.0,0.0,0.0,0.0,0.0,6,0,0,1
EMP042,2026-01-27,26,Operations Officer,Mumbai,COHORT036,0,0,0,0,0,0,279,27,27,27,0.0,0.0,0.0,0.0,0.0,0.0,0.0,0.0,6,0,0,1
EMP042,2026-01-28,27,Operations Officer,Mumbai,COHORT036,0,0,0,0,0,0,331,28,28,28,0.0,0.0,0.0,0.0,0.0,0.0,0.0,0.0,6,0,0,1
EMP042,2026-01-29,28,Operations Officer,Mumbai,COHORT036,0,0,0,0,0,0,288,29,29,29,0.0,0.0,0.0,0.0,0.0,0.0,0.0,0.0,6,0,0,1
EMP042,2026-01-30,29,Operations Officer,Mumbai,COHORT036,0,0,0,0,0,0,309,30,30,30,0.0,0.0,0.0,0.0,0.0,0.0,0.0,0.0,6,0,0,1
EMP042,2026-01-31,30,Operations Officer,Mumbai,COHORT036,0,0,0,0,0,0,3,31,31,31,0.0,0.0,0.0,0.0,0.0,0.0,0.0,66.67,2,4,0,1
EMP042,2026-02-01,31,Operations Officer,Mumbai,COHORT036,0,0,0,0,0,0,18,32,32,32,0.0,0.0,0.0,0.0,0.0,0.0,0.0,16.67,5,1,0,1
EMP042,2026-02-02,32,Operations Officer,Mumbai,COHORT036,0,0,0,0,0,0,243,33,33,33,0.0,0.0,0.0,0.0,0.0,0.0,0.0,0.0,6,0,0,1
EMP042,2026-02-03,33,Operations Officer,Mumbai,COHORT036,0,0,0,0,0,0,260,34,34,34,0.0,0.0,0.0,0.0,0.0,0.0,0.0,0.0,6,0,0,1
EMP042,2026-02-04,34,Operations Officer,Mumbai,COHORT036,0,0,0,0,0,0,248,35,35,35,0.0,0.0,0.0,0.0,0.0,0.0,0.0,0.0,6,0,0,1
EMP042,2026-02-05,35,Operations Officer,Mumbai,COHORT036,0,0,0,0,0,0,244,36,36,36,0.0,0.0,0.0,0.0,0.0,0.0,0.0,0.0,6,0,0,1
EMP042,2026-02-06,36,Operations Officer,Mumbai,COHORT036,0,0,0,0,0,0,245,37,37,37,0.0,0.0,0.0,0.0,0.0,0.0,0.0,0.0,6,0,0,1
EMP042,2026-02-07,37,Operations Officer,Mumbai,COHORT036,0,0,0,0,0,0,35,38,38,38,0.0,0.0,0.0,0.0,0.0,0.0,0.0,0.0,6,0,0,1
EMP042,2026-02-08,38,Operations Officer,Mumbai,COHORT036,0,0,0,0,0,0,26,39,39,39,0.0,0.0,0.0,0.0,0.0,0.0,0.0,0.0,6,0,0,1
EMP042,2026-02-09,39,Operations Officer,Mumbai,COHORT036,0,0,0,0,0,0,293,40,40,40,0.0,0.0,0.0,0.0,0.0,0.0,0.0,0.0,6,0,0,1
EMP042,2026-02-10,40,Operations Officer,Mumbai,COHORT036,0,0,0,0,0,0,248,41,41,41,0.0,0.0,0.0,0.0,0.0,0.0,0.0,0.0,6,0,0,1
EMP042,2026-02-11,41,Operations Officer,Mumbai,COHORT036,0,0,0,0,0,0,249,42,42,42,0.0,0.0,0.0,0.0,0.0,0.0,0.0,0.0,6,0,0,1
EMP042,2026-02-12,42,Operations Officer,Mumbai,COHORT036,0,0,0,0,0,0,268,43,43,43,0.0,0.0,0.0,0.0,0.0,0.0,0.0,0.0,6,0,0,1
EMP042,2026-02-13,43,Operations Officer,Mumbai,COHORT036,0,0,0,0,0,0,279,44,44,44,0.0,0.0,0.0,0.0,0.0,0.0,0.0,0.0,6,0,0,1
EMP042,2026-02-14,44,Operations Officer,Mumbai,COHORT036,0,0,0,0,0,0,51,45,45,45,0.0,0.0,0.0,0.0,0.0,0.0,0.0,0.0,6,0,0,1
EMP042,2026-02-15,45,Operations Officer,Mumbai,COHORT036,0,0,0,0,0,0,49,46,46,46,0.0,0.0,0.0,0.0,0.0,0.0,0.0,0.0,6,0,0,1
EMP042,2026-02-16,46,Operations Officer,Mumbai,COHORT036,0,0,0,0,0,0,272,47,47,47,0.0,0.0,0.0,0.0,0.0,0.0,0.0,0.0,6,0,0,1
EMP042,2026-02-17,47,Operations Officer,Mumbai,COHORT036,0,0,0,0,0,0,299,48,48,48,0.0,0.0,0.0,0.0,0.0,0.0,0.0,0.0,6,0,0,1
EMP042,2026-02-18,48,Operations Officer,Mumbai,COHORT036,0,0,0,0,0,0,311,49,49,49,0.0,0.0,0.0,0.0,0.0,0.0,0.0,0.0,6,0,0,1
EMP042,2026-02-19,49,Operations Officer,Mumbai,COHORT036,0,0,0,0,0,0,229,50,50,50,0.0,0.0,0.0,0.0,0.0,0.0,0.0,0.0,6,0,0,1
EMP042,2026-02-20,50,Operations Officer,Mumbai,COHORT036,0,0,0,0,0,0,267,51,51,51,0.0,0.0,0.0,0.0,0.0,0.0,0.0,0.0,6,0,0,1
EMP042,2026-02-21,51,Operations Officer,Mumbai,COHORT036,0,0,0,0,0,0,0,52,52,52,0.0,0.0,0.0,0.0,0.0,0.0,0.0,100.0,0,6,0,1
EMP042,2026-02-22,52,Operations Officer,Mumbai,COHORT036,0,0,0,0,0,0,0,53,53,53,0.0,0.0,0.0,0.0,0.0,0.0,0.0,100.0,0,6,0,1
EMP042,2026-02-23,53,Operations Officer,Mumbai,COHORT036,0,0,0,0,0,0,274,54,54,54,0.0,0.0,0.0,0.0,0.0,0.0,0.0,0.0,6,0,0,1
EMP042,2026-02-24,54,Operations Officer,Mumbai,COHORT036,0,0,0,0,0,0,278,55,55,55,0.0,0.0,0.0,0.0,0.0,0.0,0.0,0.0,6,0,0,1
EMP042,2026-02-25,55,Operations Officer,Mumbai,COHORT036,0,0,0,0,0,0,271,56,56,56,0.0,0.0,0.0,0.0,0.0,0.0,0.0,0.0,6,0,0,1
EMP042,2026-02-26,56,Operations Officer,Mumbai,COHORT036,0,0,0,0,0,0,282,57,57,57,0.0,0.0,0.0,0.0,0.0,0.0,0.0,0.0,6,0,0,1
EMP042,2026-02-27,57,Operations Officer,Mumbai,COHORT036,0,0,0,0,0,0,307,58,58,58,0.0,0.0,0.0,0.0,0.0,0.0,0.0,0.0,6,0,0,1
EMP042,2026-02-28,58,Operations Officer,Mumbai,COHORT036,0,0,0,0,0,0,16,59,59,59,0.0,0.0,0.0,0.0,0.0,0.0,0.0,16.67,5,1,0,1
EMP042,2026-03-01,59,Operations Officer,Mumbai,COHORT036,0,0,0,0,0,0,57,60,60,60,0.0,0.0,0.0,0.0,0.0,0.0,0.0,0.0,6,0,0,1
EMP042,2026-03-02,60,Operations Officer,Mumbai,COHORT036,0,0,0,0,0,0,228,61,61,61,0.0,0.0,0.0,0.0,0.0,0.0,0.0,0.0,6,0,0,1
EMP042,2026-03-03,61,Operations Officer,Mumbai,COHORT036,0,0,0,0,0,0,218,62,62,62,0.0,0.0,0.0,0.0,0.0,0.0,0.0,0.0,6,0,0,1
EMP042,2026-03-04,62,Operations Officer,Mumbai,COHORT036,0,0,0,0,0,0,239,63,63,63,0.0,0.0,0.0,0.0,0.0,0.0,0.0,0.0,6,0,0,1
EMP042,2026-03-05,63,Operations Officer,Mumbai,COHORT036,0,0,0,0,0,0,277,64,64,64,0.0,0.0,0.0,0.0,0.0,0.0,0.0,0.0,6,0,0,1
EMP042,2026-03-06,64,Operations Officer,Mumbai,COHORT036,0,0,0,0,0,0,303,65,65,65,0.0,0.0,0.0,0.0,0.0,0.0,0.0,0.0,6,0,0,1
EMP042,2026-03-07,65,Operations Officer,Mumbai,COHORT036,0,0,0,0,0,0,21,66,66,66,0.0,0.0,0.0,0.0,0.0,0.0,0.0,0.0,6,0,0,1
EMP042,2026-03-08,66,Operations Officer,Mumbai,COHORT036,0,0,0,0,0,0,3,67,67,67,0.0,0.0,0.0,0.0,0.0,0.0,0.0,66.67,2,4,0,1
EMP042,2026-03-09,67,Operations Officer,Mumbai,COHORT036,0,0,0,0,0,0,246,68,68,68,0.0,0.0,0.0,0.0,0.0,0.0,0.0,0.0,6,0,0,1
EMP042,2026-03-10,68,Operations Officer,Mumbai,COHORT036,0,0,0,0,0,0,272,69,69,69,0.0,0.0,0.0,0.0,0.0,0.0,0.0,0.0,6,0,0,1
EMP042,2026-03-11,69,Operations Officer,Mumbai,COHORT036,0,0,0,0,0,0,256,70,70,70,0.0,0.0,0.0,0.0,0.0,0.0,0.0,0.0,6,0,0,1
EMP042,2026-03-12,70,Operations Officer,Mumbai,COHORT036,0,0,0,0,0,0,265,71,71,71,0.0,0.0,0.0,0.0,0.0,0.0,0.0,0.0,6,0,0,1
EMP042,2026-03-13,71,Operations Officer,Mumbai,COHORT036,0,0,0,0,0,0,258,72,72,72,0.0,0.0,0.0,0.0,0.0,0.0,0.0,0.0,6,0,0,1
EMP042,2026-03-14,72,Operations Officer,Mumbai,COHORT036,0,0,0,0,0,0,18,73,73,73,0.0,0.0,0.0,0.0,0.0,0.0,0.0,0.0,6,0,0,1
EMP042,2026-03-15,73,Operations Officer,Mumbai,COHORT036,0,0,0,0,0,0,1,74,74,74,0.0,0.0,0.0,0.0,0.0,0.0,0.0,83.33,1,5,0,1
EMP042,2026-03-16,74,Operations Officer,Mumbai,COHORT036,0,0,0,0,0,0,315,75,75,75,0.0,0.0,0.0,0.0,0.0,0.0,0.0,0.0,6,0,0,1
EMP042,2026-03-17,75,Operations Officer,Mumbai,COHORT036,0,0,0,0,0,0,317,76,76,76,0.0,0.0,0.0,0.0,0.0,0.0,0.0,0.0,6,0,0,1
EMP042,2026-03-18,76,Operations Officer,Mumbai,COHORT036,0,0,0,0,0,0,295,77,77,77,0.0,0.0,0.0,0.0,0.0,0.0,0.0,0.0,6,0,0,1
EMP042,2026-03-19,77,Operations Officer,Mumbai,COHORT036,0,0,0,0,0,0,281,78,78,78,0.0,0.0,0.0,0.0,0.0,0.0,0.0,0.0,6,0,0,1
EMP042,2026-03-20,78,Operations Officer,Mumbai,COHORT036,0,0,0,0,0,0,247,79,79,79,0.0,0.0,0.0,0.0,0.0,0.0,0.0,0.0,6,0,0,1
EMP042,2026-03-21,79,Operations Officer,Mumbai,COHORT036,0,0,0,0,0,0,0,80,80,80,0.0,0.0,0.0,0.0,0.0,0.0,0.0,100.0,0,6,0,1
EMP042,2026-03-22,80,Operations Officer,Mumbai,COHORT036,0,0,0,0,0,0,40,81,81,81,0.0,0.0,0.0,0.0,0.0,0.0,0.0,0.0,6,0,0,1
EMP042,2026-03-23,81,Operations Officer,Mumbai,COHORT036,0,0,0,0,0,0,258,82,82,82,0.0,0.0,0.0,0.0,0.0,0.0,0.0,0.0,6,0,0,1
EMP042,2026-03-24,82,Operations Officer,Mumbai,COHORT036,0,0,0,0,0,0,247,83,83,83,0.0,0.0,0.0,0.0,0.0,0.0,0.0,0.0,6,0,0,1
EMP042,2026-03-25,83,Operations Officer,Mumbai,COHORT036,0,0,0,0,0,0,309,84,84,84,0.0,0.0,0.0,0.0,0.0,0.0,0.0,0.0,6,0,0,1
EMP042,2026-03-26,84,Operations Officer,Mumbai,COHORT036,0,0,0,0,0,0,258,85,85,85,0.0,0.0,0.0,0.0,0.0,0.0,0.0,0.0,6,0,0,1
EMP042,2026-03-27,85,Operations Officer,Mumbai,COHORT036,0,0,0,0,0,0,237,86,86,86,0.0,0.0,0.0,0.0,0.0,0.0,0.0,0.0,6,0,0,1
EMP042,2026-03-28,86,Operations Officer,Mumbai,COHORT036,0,0,0,0,0,0,63,87,87,87,0.0,0.0,0.0,0.0,0.0,0.0,0.0,0.0,6,0,0,1
EMP042,2026-03-29,87,Operations Officer,Mumbai,COHORT036,0,0,0,0,0,0,26,88,88,88,0.0,0.0,0.0,0.0,0.0,0.0,0.0,0.0,6,0,0,1
EMP042,2026-03-30,88,Operations Officer,Mumbai,COHORT036,0,0,0,0,0,0,289,89,89,89,0.0,0.0,0.0,0.0,0.0,0.0,0.0,0.0,6,0,0,1
EMP042,2026-03-31,89,Operations Officer,Mumbai,COHORT036,0,0,0,0,0,0,251,90,90,90,0.0,0.0,0.0,0.0,0.0,0.0,0.0,0.0,6,0,0,1
EMP043,2026-01-01,0,Treasury Officer,Mumbai,COHORT037,0,0,0,22,0,0,218,1,1,1,0.0,0.0,0.0,0.0,0.0,22.0,0.0,0.0,4,0,9.51,7.9
EMP043,2026-01-02,1,Treasury Officer,Mumbai,COHORT037,0,0,0,11,0,0,198,1,2,2,22.0,22.0,50.0,0.0,0.0,11.0,0.0,0.0,4,0,-1.49,7.9
EMP043,2026-01-03,2,Treasury Officer,Mumbai,COHORT037,0,0,0,0,0,0,10,1,3,3,16.5,16.5,100.0,0.0,0.0,0.0,0.0,25.0,3,1,-12.49,7.9
EMP043,2026-01-04,3,Treasury Officer,Mumbai,COHORT037,0,0,0,0,0,0,4,2,4,4,11.0,11.0,100.0,0.0,0.0,0.0,0.0,75.0,1,3,-12.49,7.9
EMP043,2026-01-05,4,Treasury Officer,Mumbai,COHORT037,0,0,0,14,0,0,190,3,5,5,8.25,8.25,0.0,0.0,0.0,14.0,0.0,0.0,4,0,1.51,7.9
EMP043,2026-01-06,5,Treasury Officer,Mumbai,COHORT037,0,0,0,10,0,0,181,1,6,6,9.4,9.4,0.0,0.0,0.0,10.0,0.0,0.0,4,0,-2.49,7.9
EMP043,2026-01-07,6,Treasury Officer,Mumbai,COHORT037,0,0,0,11,0,0,148,1,7,7,9.5,9.5,0.0,0.0,0.0,11.0,0.0,0.0,4,0,-1.49,7.9
EMP043,2026-01-08,7,Treasury Officer,Mumbai,COHORT037,0,0,0,21,0,0,194,1,8,8,9.71,9.71,0.0,0.0,0.0,21.0,0.0,0.0,4,0,8.51,7.9
EMP043,2026-01-09,8,Treasury Officer,Mumbai,COHORT037,0,0,0,26,0,0,170,1,9,9,9.57,11.12,0.0,0.0,0.0,26.0,0.0,0.0,4,0,13.51,7.9
EMP043,2026-01-10,9,Treasury Officer,Mumbai,COHORT037,0,0,0,1,0,0,25,1,10,10,11.71,12.78,92.18,0.0,0.0,1.0,0.0,0.0,4,0,-11.49,7.9
EMP043,2026-01-11,10,Treasury Officer,Mumbai,COHORT037,0,0,0,4,0,0,30,1,11,11,11.86,11.6,65.52,0.0,0.0,4.0,0.0,0.0,4,0,-8.49,7.9
EMP043,2026-01-12,11,Treasury Officer,Mumbai,COHORT037,0,0,0,20,0,0,181,1,12,12,12.43,10.91,0.0,0.0,0.0,20.0,0.0,0.0,4,0,7.51,7.9
EMP043,2026-01-13,12,Treasury Officer,Mumbai,COHORT037,0,0,0,19,0,0,190,1,13,13,13.29,11.67,0.0,0.0,0.0,19.0,0.0,0.0,4,0,6.51,7.9
EMP043,2026-01-14,13,Treasury Officer,Mumbai,COHORT037,0,0,0,17,0,0,162,1,14,14,14.57,12.23,0.0,0.0,0.0,17.0,0.0,0.0,4,0,4.51,7.9
EMP043,2026-01-15,14,Treasury Officer,Mumbai,COHORT037,0,0,0,20,0,0,175,1,15,15,15.43,12.57,0.0,0.0,0.0,20.0,0.0,0.0,4,0,7.51,7.9
EMP043,2026-01-16,15,Treasury Officer,Mumbai,COHORT037,0,0,0,19,0,0,148,1,16,16,15.29,13.07,0.0,0.0,0.0,19.0,0.0,0.0,4,0,6.51,7.9
EMP043,2026-01-17,16,Treasury Officer,Mumbai,COHORT037,0,0,0,0,0,0,5,1,17,17,14.29,13.44,100.0,0.0,0.0,0.0,0.0,25.0,3,1,-12.49,7.9
EMP043,2026-01-18,17,Treasury Officer,Mumbai,COHORT037,0,0,0,4,0,0,34,2,18,18,14.14,12.65,68.38,0.0,0.0,4.0,0.0,0.0,4,0,-8.49,7.9
EMP043,2026-01-19,18,Treasury Officer,Mumbai,COHORT037,0,0,0,16,0,0,161,1,19,19,14.14,12.17,0.0,0.0,0.0,16.0,0.0,0.0,4,0,3.51,7.9
EMP043,2026-01-20,19,Treasury Officer,Mumbai,COHORT037,0,0,0,17,0,0,205,1,20,20,13.57,12.37,0.0,0.0,0.0,17.0,0.0,0.0,4,0,4.51,7.9
EMP043,2026-01-21,20,Treasury Officer,Mumbai,COHORT037,0,0,0,10,0,0,152,1,21,21,13.29,12.6,20.63,0.0,0.0,10.0,0.0,0.0,4,0,-2.49,7.9
EMP043,2026-01-22,21,Treasury Officer,Mumbai,COHORT037,0,0,0,9,0,0,189,1,22,22,12.29,12.48,27.88,0.0,0.0,9.0,0.0,0.0,4,0,-3.49,7.9
EMP043,2026-01-23,22,Treasury Officer,Mumbai,COHORT037,0,0,0,16,0,0,182,1,23,23,10.71,12.32,0.0,0.0,0.0,16.0,0.0,0.0,4,0,3.51,7.9
EMP043,2026-01-24,23,Treasury Officer,Mumbai,COHORT037,0,0,0,4,0,0,43,1,24,24,10.29,12.48,67.95,0.0,0.0,4.0,0.0,0.0,4,0,-8.49,7.9
EMP043,2026-01-25,24,Treasury Officer,Mumbai,COHORT037,0,0,0,3,0,0,29,1,25,25,10.86,12.12,75.25,0.0,0.0,3.0,0.0,0.0,4,0,-9.49,7.9
EMP043,2026-01-26,25,Treasury Officer,Mumbai,COHORT037,0,0,0,20,0,0,166,1,26,26,10.71,11.76,0.0,0.0,0.0,20.0,0.0,0.0,4,0,7.51,7.9
EMP043,2026-01-27,26,Treasury Officer,Mumbai,COHORT037,0,0,0,14,0,0,154,1,27,27,11.29,12.08,0.0,0.0,0.0,14.0,0.0,0.0,4,0,1.51,7.9
EMP043,2026-01-28,27,Treasury Officer,Mumbai,COHORT037,0,0,0,25,0,0,213,1,28,28,10.86,12.15,0.0,0.0,0.0,25.0,0.0,0.0,4,0,12.51,7.9
EMP043,2026-01-29,28,Treasury Officer,Mumbai,COHORT037,0,0,0,24,0,0,207,1,29,29,13.0,12.61,0.0,0.0,0.0,24.0,0.0,0.0,4,0,11.51,7.9
EMP043,2026-01-30,29,Treasury Officer,Mumbai,COHORT037,0,0,0,20,0,0,222,1,30,30,15.14,13.0,0.0,0.0,0.0,20.0,0.0,0.0,4,0,7.51,7.9
EMP043,2026-01-31,30,Treasury Officer,Mumbai,COHORT037,0,0,0,2,0,0,39,1,31,31,15.71,13.23,84.88,0.0,0.0,2.0,0.0,0.0,4,0,-10.49,7.9
EMP043,2026-02-01,31,Treasury Officer,Mumbai,COHORT037,0,0,0,2,0,0,36,1,32,32,15.43,12.57,84.09,0.0,0.0,2.0,0.0,0.0,4,0,-10.49,7.9
EMP043,2026-02-02,32,Treasury Officer,Mumbai,COHORT037,0,0,0,22,0,0,182,1,33,33,15.29,12.27,0.0,0.0,0.0,22.0,0.0,0.0,4,0,9.51,7.9
EMP043,2026-02-03,33,Treasury Officer,Mumbai,COHORT037,0,0,0,16,0,0,191,1,34,34,15.57,13.0,0.0,0.0,0.0,16.0,0.0,0.0,4,0,3.51,7.9
EMP043,2026-02-04,34,Treasury Officer,Mumbai,COHORT037,0,0,0,13,0,0,183,1,35,35,15.86,13.53,3.92,0.0,0.0,13.0,0.0,0.0,4,0,0.51,7.9
EMP043,2026-02-05,35,Treasury Officer,Mumbai,COHORT037,0,0,0,23,0,0,201,1,36,36,14.14,13.5,0.0,0.0,0.0,23.0,0.0,0.0,4,0,10.51,7.9
EMP043,2026-02-06,36,Treasury Officer,Mumbai,COHORT037,0,0,0,16,0,0,204,1,37,37,14.0,13.93,0.0,0.0,0.0,16.0,0.0,0.0,4,0,3.51,7.9
EMP043,2026-02-07,37,Treasury Officer,Mumbai,COHORT037,0,0,0,3,0,0,36,1,38,38,13.43,14.1,78.72,0.0,0.0,3.0,0.0,0.0,4,0,-9.49,7.9
EMP043,2026-02-08,38,Treasury Officer,Mumbai,COHORT037,0,0,0,0,0,0,8,1,39,39,13.57,13.5,100.0,0.0,0.0,0.0,0.0,25.0,3,1,-12.49,7.9
EMP043,2026-02-09,39,Treasury Officer,Mumbai,COHORT037,0,0,0,13,0,0,185,2,40,40,13.29,12.63,0.0,0.0,0.0,13.0,0.0,0.0,4,0,0.51,7.9
EMP043,2026-02-10,40,Treasury Officer,Mumbai,COHORT037,0,0,0,18,0,0,237,1,41,41,12.0,13.03,0.0,0.0,0.0,18.0,0.0,0.0,4,0,5.51,7.9
EMP043,2026-02-11,41,Treasury Officer,Mumbai,COHORT037,0,0,0,11,0,0,188,1,42,42,12.29,13.5,18.52,0.0,0.0,11.0,0.0,0.0,4,0,-1.49,7.9
EMP043,2026-02-12,42,Treasury Officer,Mumbai,COHORT037,0,0,0,18,0,0,192,1,43,43,12.0,13.2,0.0,0.0,0.0,18.0,0.0,0.0,4,0,5.51,7.9
EMP043,2026-02-13,43,Treasury Officer,Mumbai,COHORT037,0,0,0,12,0,0,196,1,44,44,11.29,13.17,8.88,0.0,0.0,12.0,0.0,0.0,4,0,-0.49,7.9
EMP043,2026-02-14,44,Treasury Officer,Mumbai,COHORT037,0,0,0,5,0,0,43,1,45,45,10.71,13.0,61.54,0.0,0.0,5.0,0.0,0.0,4,0,-7.49,7.9
EMP043,2026-02-15,45,Treasury Officer,Mumbai,COHORT037,0,0,0,0,0,0,6,1,46,46,11.0,12.5,100.0,0.0,0.0,0.0,0.0,25.0,3,1,-12.49,7.9
EMP043,2026-02-16,46,Treasury Officer,Mumbai,COHORT037,0,0,0,15,0,0,183,2,47,47,11.0,11.87,0.0,0.0,0.0,15.0,0.0,0.0,4,0,2.51,7.9
EMP043,2026-02-17,47,Treasury Officer,Mumbai,COHORT037,0,0,0,21,0,0,198,1,48,48,11.29,12.37,0.0,0.0,0.0,21.0,0.0,0.0,4,0,8.51,7.9
EMP043,2026-02-18,48,Treasury Officer,Mumbai,COHORT037,0,0,0,20,0,0,143,1,49,49,11.71,12.93,0.0,0.0,0.0,20.0,0.0,0.0,4,0,7.51,7.9
EMP043,2026-02-19,49,Treasury Officer,Mumbai,COHORT037,0,0,0,23,0,0,170,1,50,50,13.0,13.07,0.0,0.0,0.0,23.0,0.0,0.0,4,0,10.51,7.9
EMP043,2026-02-20,50,Treasury Officer,Mumbai,COHORT037,0,0,0,22,0,0,202,1,51,51,13.71,13.27,0.0,0.0,0.0,22.0,0.0,0.0,4,0,9.51,7.9
EMP043,2026-02-21,51,Treasury Officer,Mumbai,COHORT037,0,0,0,0,0,0,6,1,52,52,15.14,13.67,100.0,0.0,0.0,0.0,0.0,25.0,3,1,-12.49,7.9
EMP043,2026-02-22,52,Treasury Officer,Mumbai,COHORT037,0,0,0,1,0,0,8,2,53,53,14.43,13.37,92.52,0.0,0.0,1.0,0.0,0.0,4,0,-11.49,7.9
EMP043,2026-02-23,53,Treasury Officer,Mumbai,COHORT037,0,0,0,20,0,0,147,1,54,54,14.57,12.87,0.0,0.0,0.0,20.0,0.0,0.0,4,0,7.51,7.9
EMP043,2026-02-24,54,Treasury Officer,Mumbai,COHORT037,0,0,0,15,0,0,151,1,55,55,15.29,13.4,0.0,0.0,0.0,15.0,0.0,0.0,4,0,2.51,7.9
EMP043,2026-02-25,55,Treasury Officer,Mumbai,COHORT037,0,0,0,21,0,0,175,1,56,56,14.43,13.8,0.0,0.0,0.0,21.0,0.0,0.0,4,0,8.51,7.9
EMP043,2026-02-26,56,Treasury Officer,Mumbai,COHORT037,0,0,0,17,0,0,202,1,57,57,14.57,13.83,0.0,0.0,0.0,17.0,0.0,0.0,4,0,4.51,7.9
EMP043,2026-02-27,57,Treasury Officer,Mumbai,COHORT037,0,0,0,17,0,0,221,1,58,58,13.71,13.93,0.0,0.0,0.0,17.0,0.0,0.0,4,0,4.51,7.9
EMP043,2026-02-28,58,Treasury Officer,Mumbai,COHORT037,0,0,0,3,0,0,30,1,59,59,13.0,13.67,78.05,0.0,0.0,3.0,0.0,0.0,4,0,-9.49,7.9
EMP043,2026-03-01,59,Treasury Officer,Mumbai,COHORT037,0,0,0,3,0,0,39,1,60,60,13.43,12.97,76.87,0.0,0.0,3.0,0.0,0.0,4,0,-9.49,7.9
EMP043,2026-03-02,60,Treasury Officer,Mumbai,COHORT037,0,0,0,10,0,0,222,1,61,61,13.71,12.4,19.35,0.0,0.0,10.0,0.0,0.0,4,0,-2.49,7.9
EMP043,2026-03-03,61,Treasury Officer,Mumbai,COHORT037,0,0,0,17,0,0,160,1,62,62,12.29,12.67,0.0,0.0,0.0,17.0,0.0,0.0,4,0,4.51,7.9
EMP043,2026-03-04,62,Treasury Officer,Mumbai,COHORT037,0,0,0,18,0,0,203,1,63,63,12.57,13.17,0.0,0.0,0.0,18.0,0.0,0.0,4,0,5.51,7.9
EMP043,2026-03-05,63,Treasury Officer,Mumbai,COHORT037,0,0,0,16,0,0,226,1,64,64,12.14,13.03,0.0,0.0,0.0,16.0,0.0,0.0,4,0,3.51,7.9
EMP043,2026-03-06,64,Treasury Officer,Mumbai,COHORT037,0,0,0,24,0,0,187,1,65,65,12.0,13.03,0.0,0.0,0.0,24.0,0.0,0.0,4,0,11.51,7.9
EMP043,2026-03-07,65,Treasury Officer,Mumbai,COHORT037,0,0,0,2,0,0,27,1,66,66,13.0,13.4,85.07,0.0,0.0,2.0,0.0,0.0,4,0,-10.49,7.9
EMP043,2026-03-08,66,Treasury Officer,Mumbai,COHORT037,0,0,0,0,0,0,1,1,67,67,12.86,12.7,100.0,0.0,0.0,0.0,0.0,75.0,1,3,-12.49,7.9
EMP043,2026-03-09,67,Treasury Officer,Mumbai,COHORT037,0,0,0,15,0,0,211,2,68,68,12.43,12.17,0.0,0.0,0.0,15.0,0.0,0.0,4,0,2.51,7.9
EMP043,2026-03-10,68,Treasury Officer,Mumbai,COHORT037,0,0,0,13,0,0,158,1,69,69,13.14,12.57,0.0,0.0,0.0,13.0,0.0,0.0,4,0,0.51,7.9
EMP043,2026-03-11,69,Treasury Officer,Mumbai,COHORT037,0,0,0,16,0,0,224,1,70,70,12.57,13.0,0.0,0.0,0.0,16.0,0.0,0.0,4,0,3.51,7.9
EMP043,2026-03-12,70,Treasury Officer,Mumbai,COHORT037,0,0,0,18,0,0,220,1,71,71,12.29,13.1,0.0,0.0,0.0,18.0,0.0,0.0,4,0,5.51,7.9
EMP043,2026-03-13,71,Treasury Officer,Mumbai,COHORT037,0,0,0,26,0,0,190,1,72,72,12.57,13.1,0.0,0.0,0.0,26.0,0.0,0.0,4,0,13.51,7.9
EMP043,2026-03-14,72,Treasury Officer,Mumbai,COHORT037,0,0,0,0,0,0,1,1,73,73,12.86,13.6,100.0,0.0,0.0,0.0,0.0,75.0,1,3,-12.49,7.9
EMP043,2026-03-15,73,Treasury Officer,Mumbai,COHORT037,0,0,0,5,0,0,39,2,74,74,12.57,13.0,61.54,0.0,0.0,5.0,0.0,0.0,4,0,-7.49,7.9
EMP043,2026-03-16,74,Treasury Officer,Mumbai,COHORT037,0,0,0,13,0,0,138,1,75,75,13.29,12.77,0.0,0.0,0.0,13.0,0.0,0.0,4,0,0.51,7.9
EMP043,2026-03-17,75,Treasury Officer,Mumbai,COHORT037,0,0,0,17,0,0,158,1,76,76,13.0,13.03,0.0,0.0,0.0,17.0,0.0,0.0,4,0,4.51,7.9
EMP043,2026-03-18,76,Treasury Officer,Mumbai,COHORT037,0,0,0,19,0,0,181,1,77,77,13.57,13.6,0.0,0.0,0.0,19.0,0.0,0.0,4,0,6.51,7.9
EMP043,2026-03-19,77,Treasury Officer,Mumbai,COHORT037,0,0,0,19,0,0,154,1,78,78,14.0,13.73,0.0,0.0,0.0,19.0,0.0,0.0,4,0,6.51,7.9
EMP043,2026-03-20,78,Treasury Officer,Mumbai,COHORT037,0,0,0,17,0,0,241,1,79,79,14.14,13.67,0.0,0.0,0.0,17.0,0.0,0.0,4,0,4.51,7.9
EMP043,2026-03-21,79,Treasury Officer,Mumbai,COHORT037,0,0,0,1,0,0,20,1,80,80,12.86,13.57,92.63,0.0,0.0,1.0,0.0,0.0,4,0,-11.49,7.9
EMP043,2026-03-22,80,Treasury Officer,Mumbai,COHORT037,0,0,0,0,0,0,1,1,81,81,13.0,12.83,100.0,0.0,0.0,0.0,0.0,75.0,1,3,-12.49,7.9
EMP043,2026-03-23,81,Treasury Officer,Mumbai,COHORT037,0,0,0,22,0,0,177,2,82,82,12.29,12.1,0.0,0.0,0.0,22.0,0.0,0.0,4,0,9.51,7.9
EMP043,2026-03-24,82,Treasury Officer,Mumbai,COHORT037,0,0,0,17,0,0,200,1,83,83,13.57,12.83,0.0,0.0,0.0,17.0,0.0,0.0,4,0,4.51,7.9
EMP043,2026-03-25,83,Treasury Officer,Mumbai,COHORT037,0,0,0,17,0,0,186,1,84,84,13.57,13.37,0.0,0.0,0.0,17.0,0.0,0.0,4,0,4.51,7.9
EMP043,2026-03-26,84,Treasury Officer,Mumbai,COHORT037,0,0,0,14,0,0,236,1,85,85,13.29,13.27,0.0,0.0,0.0,14.0,0.0,0.0,4,0,1.51,7.9
EMP043,2026-03-27,85,Treasury Officer,Mumbai,COHORT037,0,0,0,11,0,0,197,1,86,86,12.57,13.23,16.86,0.0,0.0,11.0,0.0,0.0,4,0,-1.49,7.9
EMP043,2026-03-28,86,Treasury Officer,Mumbai,COHORT037,0,0,0,0,0,0,10,1,87,87,11.71,12.9,100.0,0.0,0.0,0.0,0.0,25.0,3,1,-12.49,7.9
EMP043,2026-03-29,87,Treasury Officer,Mumbai,COHORT037,0,0,0,4,0,0,34,2,88,88,11.57,12.33,67.56,0.0,0.0,4.0,0.0,0.0,4,0,-8.49,7.9
EMP043,2026-03-30,88,Treasury Officer,Mumbai,COHORT037,0,0,0,23,0,0,186,1,89,89,12.14,11.9,0.0,0.0,0.0,23.0,0.0,0.0,4,0,10.51,7.9
EMP043,2026-03-31,89,Treasury Officer,Mumbai,COHORT037,0,0,0,16,0,0,168,1,90,90,12.29,12.57,0.0,0.0,0.0,16.0,0.0,0.0,4,0,3.51,7.9
EMP044,2026-01-01,0,Treasury Officer,Delhi,COHORT038,0,0,0,16,0,0,168,1,1,1,0.0,0.0,0.0,0.0,0.0,16.0,0.0,0.0,4,0,3.43,7.87
EMP044,2026-01-02,1,Treasury Officer,Delhi,COHORT038,0,0,0,18,0,0,214,1,2,2,16.0,16.0,0.0,0.0,0.0,18.0,0.0,0.0,4,0,5.43,7.87
EMP044,2026-01-03,2,Treasury Officer,Delhi,COHORT038,0,0,0,2,0,0,19,1,3,3,17.0,17.0,88.24,0.0,0.0,2.0,0.0,0.0,4,0,-10.57,7.87
EMP044,2026-01-04,3,Treasury Officer,Delhi,COHORT038,0,0,0,4,0,0,41,1,4,4,12.0,12.0,66.67,0.0,0.0,4.0,0.0,0.0,4,0,-8.57,7.87
EMP044,2026-01-05,4,Treasury Officer,Delhi,COHORT038,0,0,0,10,0,0,206,1,5,5,10.0,10.0,0.0,0.0,0.0,10.0,0.0,0.0,4,0,-2.57,7.87
EMP044,2026-01-06,5,Treasury Officer,Delhi,COHORT038,0,0,0,17,0,0,258,1,6,6,10.0,10.0,0.0,0.0,0.0,17.0,0.0,0.0,4,0,4.43,7.87
EMP044,2026-01-07,6,Treasury Officer,Delhi,COHORT038,0,0,0,14,0,0,212,1,7,7,11.17,11.17,0.0,0.0,0.0,14.0,0.0,0.0,4,0,1.43,7.87
EMP044,2026-01-08,7,Treasury Officer,Delhi,COHORT038,0,0,0,19,0,0,181,1,8,8,11.57,11.57,0.0,0.0,0.0,19.0,0.0,0.0,4,0,6.43,7.87
EMP044,2026-01-09,8,Treasury Officer,Delhi,COHORT038,0,0,0,19,0,0,218,1,9,9,12.0,12.5,0.0,0.0,0.0,19.0,0.0,0.0,4,0,6.43,7.87
EMP044,2026-01-10,9,Treasury Officer,Delhi,COHORT038,0,0,0,2,0,0,19,1,10,10,12.14,13.22,84.87,0.0,0.0,2.0,0.0,0.0,4,0,-10.57,7.87
EMP044,2026-01-11,10,Treasury Officer,Delhi,COHORT038,0,0,0,3,0,0,28,1,11,11,12.14,12.1,75.21,0.0,0.0,3.0,0.0,0.0,4,0,-9.57,7.87
EMP044,2026-01-12,11,Treasury Officer,Delhi,COHORT038,0,0,0,10,0,0,171,1,12,12,12.0,11.27,11.27,0.0,0.0,10.0,0.0,0.0,4,0,-2.57,7.87
EMP044,2026-01-13,12,Treasury Officer,Delhi,COHORT038,0,0,0,20,0,0,179,1,13,13,12.0,11.17,0.0,0.0,0.0,20.0,0.0,0.0,4,0,7.43,7.87
EMP044,2026-01-14,13,Treasury Officer,Delhi,COHORT038,0,0,0,17,0,0,152,1,14,14,12.43,11.85,0.0,0.0,0.0,17.0,0.0,0.0,4,0,4.43,7.87
EMP044,2026-01-15,14,Treasury Officer,Delhi,COHORT038,0,0,0,25,0,0,195,1,15,15,12.86,12.21,0.0,0.0,0.0,25.0,0.0,0.0,4,0,12.43,7.87
EMP044,2026-01-16,15,Treasury Officer,Delhi,COHORT038,0,0,0,17,0,0,178,1,16,16,13.71,13.07,0.0,0.0,0.0,17.0,0.0,0.0,4,0,4.43,7.87
EMP044,2026-01-17,16,Treasury Officer,Delhi,COHORT038,0,0,0,0,0,0,10,1,17,17,13.43,13.31,100.0,0.0,0.0,0.0,0.0,25.0,3,1,-12.57,7.87
EMP044,2026-01-18,17,Treasury Officer,Delhi,COHORT038,0,0,0,1,0,0,22,2,18,18,13.14,12.53,92.02,0.0,0.0,1.0,0.0,0.0,4,0,-11.57,7.87
EMP044,2026-01-19,18,Treasury Officer,Delhi,COHORT038,0,0,0,16,0,0,156,1,19,19,12.86,11.89,0.0,0.0,0.0,16.0,0.0,0.0,4,0,3.43,7.87
EMP044,2026-01-20,19,Treasury Officer,Delhi,COHORT038,0,0,0,11,0,0,187,1,20,20,13.71,12.11,9.17,0.0,0.0,11.0,0.0,0.0,4,0,-1.57,7.87
EMP044,2026-01-21,20,Treasury Officer,Delhi,COHORT038,0,0,0,18,0,0,214,1,21,21,12.43,12.05,0.0,0.0,0.0,18.0,0.0,0.0,4,0,5.43,7.87
EMP044,2026-01-22,21,Treasury Officer,Delhi,COHORT038,0,0,0,18,0,0,148,1,22,22,12.57,12.33,0.0,0.0,0.0,18.0,0.0,0.0,4,0,5.43,7.87
EMP044,2026-01-23,22,Treasury Officer,Delhi,COHORT038,0,0,0,15,0,0,193,1,23,23,11.57,12.59,0.0,0.0,0.0,15.0,0.0,0.0,4,0,2.43,7.87
EMP044,2026-01-24,23,Treasury Officer,Delhi,COHORT038,0,0,0,1,0,0,15,1,24,24,11.29,12.7,92.13,0.0,0.0,1.0,0.0,0.0,4,0,-11.57,7.87
EMP044,2026-01-25,24,Treasury Officer,Delhi,COHORT038,0,0,0,0,0,0,2,1,25,25,11.43,12.21,100.0,0.0,0.0,0.0,0.0,75.0,1,3,-12.57,7.87
EMP044,2026-01-26,25,Treasury Officer,Delhi,COHORT038,0,0,0,22,0,0,209,2,26,26,11.29,11.72,0.0,0.0,0.0,22.0,0.0,0.0,4,0,9.43,7.87
EMP044,2026-01-27,26,Treasury Officer,Delhi,COHORT038,0,0,0,18,0,0,245,1,27,27,12.14,12.12,0.0,0.0,0.0,18.0,0.0,0.0,4,0,5.43,7.87
EMP044,2026-01-28,27,Treasury Officer,Delhi,COHORT038,0,0,0,28,0,0,166,1,28,28,13.14,12.33,0.0,0.0,0.0,28.0,0.0,0.0,4,0,15.43,7.87
EMP044,2026-01-29,28,Treasury Officer,Delhi,COHORT038,0,0,0,21,0,0,183,1,29,29,14.57,12.89,0.0,0.0,0.0,21.0,0.0,0.0,4,0,8.43,7.87
EMP044,2026-01-30,29,Treasury Officer,Delhi,COHORT038,0,0,0,21,0,0,172,1,30,30,15.0,13.17,0.0,0.0,0.0,21.0,0.0,0.0,4,0,8.43,7.87
EMP044,2026-01-31,30,Treasury Officer,Delhi,COHORT038,0,0,0,3,0,0,28,1,31,31,15.86,13.43,77.66,0.0,0.0,3.0,0.0,0.0,4,0,-9.57,7.87
EMP044,2026-02-01,31,Treasury Officer,Delhi,COHORT038,0,0,0,0,0,0,0,1,32,32,16.14,13.0,100.0,0.0,0.0,0.0,0.0,100.0,0,4,-12.57,7.87
EMP044,2026-02-02,32,Treasury Officer,Delhi,COHORT038,0,0,0,18,0,0,202,2,33,33,16.14,12.4,0.0,0.0,0.0,18.0,0.0,0.0,4,0,5.43,7.87
EMP044,2026-02-03,33,Treasury Officer,Delhi,COHORT038,0,0,0,19,0,0,186,1,34,34,15.57,12.93,0.0,0.0,0.0,19.0,0.0,0.0,4,0,6.43,7.87
EMP044,2026-02-04,34,Treasury Officer,Delhi,COHORT038,0,0,0,19,0,0,251,1,35,35,15.71,13.43,0.0,0.0,0.0,19.0,0.0,0.0,4,0,6.43,7.87
EMP044,2026-02-05,35,Treasury Officer,Delhi,COHORT038,0,0,0,18,0,0,199,1,36,36,14.43,13.73,0.0,0.0,0.0,18.0,0.0,0.0,4,0,5.43,7.87
EMP044,2026-02-06,36,Treasury Officer,Delhi,COHORT038,0,0,0,14,0,0,149,1,37,37,14.0,13.77,0.0,0.0,0.0,14.0,0.0,0.0,4,0,1.43,7.87
EMP044,2026-02-07,37,Treasury Officer,Delhi,COHORT038,0,0,0,0,0,0,3,1,38,38,13.0,13.77,100.0,0.0,0.0,0.0,0.0,50.0,2,2,-12.57,7.87
EMP044,2026-02-08,38,Treasury Officer,Delhi,COHORT038,0,0,0,1,0,0,33,2,39,39,12.57,13.13,92.38,0.0,0.0,1.0,0.0,0.0,4,0,-11.57,7.87
EMP044,2026-02-09,39,Treasury Officer,Delhi,COHORT038,0,0,0,20,0,0,174,1,40,40,12.71,12.53,0.0,0.0,0.0,20.0,0.0,0.0,4,0,7.43,7.87
EMP044,2026-02-10,40,Treasury Officer,Delhi,COHORT038,0,0,0,24,0,0,191,1,41,41,13.0,13.13,0.0,0.0,0.0,24.0,0.0,0.0,4,0,11.43,7.87
EMP044,2026-02-11,41,Treasury Officer,Delhi,COHORT038,0,0,0,16,0,0,176,1,42,42,13.71,13.83,0.0,0.0,0.0,16.0,0.0,0.0,4,0,3.43,7.87
EMP044,2026-02-12,42,Treasury Officer,Delhi,COHORT038,0,0,0,11,0,0,164,1,43,43,13.29,14.03,21.6,0.0,0.0,11.0,0.0,0.0,4,0,-1.57,7.87
EMP044,2026-02-13,43,Treasury Officer,Delhi,COHORT038,0,0,0,12,0,0,209,1,44,44,12.29,13.73,12.6,0.0,0.0,12.0,0.0,0.0,4,0,-0.57,7.87
EMP044,2026-02-14,44,Treasury Officer,Delhi,COHORT038,0,0,0,0,0,0,5,1,45,45,12.0,13.57,100.0,0.0,0.0,0.0,0.0,50.0,2,2,-12.57,7.87
EMP044,2026-02-15,45,Treasury Officer,Delhi,COHORT038,0,0,0,1,0,0,21,2,46,46,12.0,12.73,92.14,0.0,0.0,1.0,0.0,0.0,4,0,-11.57,7.87
EMP044,2026-02-16,46,Treasury Officer,Delhi,COHORT038,0,0,0,9,0,0,213,1,47,47,12.0,12.2,26.23,0.0,0.0,9.0,0.0,0.0,4,0,-3.57,7.87
EMP044,2026-02-17,47,Treasury Officer,Delhi,COHORT038,0,0,0,22,0,0,153,1,48,48,10.43,12.5,0.0,0.0,0.0,22.0,0.0,0.0,4,0,9.43,7.87
EMP044,2026-02-18,48,Treasury Officer,Delhi,COHORT038,0,0,0,16,0,0,237,1,49,49,10.14,13.2,0.0,0.0,0.0,16.0,0.0,0.0,4,0,3.43,7.87
EMP044,2026-02-19,49,Treasury Officer,Delhi,COHORT038,0,0,0,15,0,0,149,1,50,50,10.14,13.2,0.0,0.0,0.0,15.0,0.0,0.0,4,0,2.43,7.87
EMP044,2026-02-20,50,Treasury Officer,Delhi,COHORT038,0,0,0,13,0,0,184,1,51,51,10.71,13.33,2.48,0.0,0.0,13.0,0.0,0.0,4,0,0.43,7.87
EMP044,2026-02-21,51,Treasury Officer,Delhi,COHORT038,0,0,0,0,0,0,12,1,52,52,10.86,13.17,100.0,0.0,0.0,0.0,0.0,25.0,3,1,-12.57,7.87
EMP044,2026-02-22,52,Treasury Officer,Delhi,COHORT038,0,0,0,3,0,0,34,2,53,53,10.86,12.57,76.13,0.0,0.0,3.0,0.0,0.0,4,0,-9.57,7.87
EMP044,2026-02-23,53,Treasury Officer,Delhi,COHORT038,0,0,0,15,0,0,170,1,54,54,11.14,12.17,0.0,0.0,0.0,15.0,0.0,0.0,4,0,2.43,7.87
EMP044,2026-02-24,54,Treasury Officer,Delhi,COHORT038,0,0,0,20,0,0,226,1,55,55,12.0,12.63,0.0,0.0,0.0,20.0,0.0,0.0,4,0,7.43,7.87
EMP044,2026-02-25,55,Treasury Officer,Delhi,COHORT038,0,0,0,21,0,0,190,1,56,56,11.71,13.3,0.0,0.0,0.0,21.0,0.0,0.0,4,0,8.43,7.87
EMP044,2026-02-26,56,Treasury Officer,Delhi,COHORT038,0,0,0,17,0,0,228,1,57,57,12.43,13.27,0.0,0.0,0.0,17.0,0.0,0.0,4,0,4.43,7.87
EMP044,2026-02-27,57,Treasury Officer,Delhi,COHORT038,0,0,0,20,0,0,217,1,58,58,12.71,13.23,0.0,0.0,0.0,20.0,0.0,0.0,4,0,7.43,7.87
EMP044,2026-02-28,58,Treasury Officer,Delhi,COHORT038,0,0,0,2,0,0,48,1,59,59,13.71,12.97,84.58,0.0,0.0,2.0,0.0,0.0,4,0,-10.57,7.87
EMP044,2026-03-01,59,Treasury Officer,Delhi,COHORT038,0,0,0,3,0,0,49,1,60,60,14.0,12.33,75.67,0.0,0.0,3.0,0.0,0.0,4,0,-9.57,7.87
EMP044,2026-03-02,60,Treasury Officer,Delhi,COHORT038,0,0,0,13,0,0,186,1,61,61,14.0,11.73,0.0,0.0,0.0,13.0,0.0,0.0,4,0,0.43,7.87
EMP044,2026-03-03,61,Treasury Officer,Delhi,COHORT038,0,0,0,19,0,0,150,1,62,62,13.71,12.07,0.0,0.0,0.0,19.0,0.0,0.0,4,0,6.43,7.87
EMP044,2026-03-04,62,Treasury Officer,Delhi,COHORT038,0,0,0,17,0,0,221,1,63,63,13.57,12.7,0.0,0.0,0.0,17.0,0.0,0.0,4,0,4.43,7.87
EMP044,2026-03-05,63,Treasury Officer,Delhi,COHORT038,0,0,0,10,0,0,219,1,64,64,13.0,12.67,21.07,0.0,0.0,10.0,0.0,0.0,4,0,-2.57,7.87
EMP044,2026-03-06,64,Treasury Officer,Delhi,COHORT038,0,0,0,24,0,0,198,1,65,65,12.0,12.37,0.0,0.0,0.0,24.0,0.0,0.0,4,0,11.43,7.87
EMP044,2026-03-07,65,Treasury Officer,Delhi,COHORT038,0,0,0,2,0,0,27,1,66,66,12.57,12.53,84.04,0.0,0.0,2.0,0.0,0.0,4,0,-10.57,7.87
EMP044,2026-03-08,66,Treasury Officer,Delhi,COHORT038,0,0,0,0,0,0,14,1,67,67,12.57,12.0,100.0,0.0,0.0,0.0,0.0,25.0,3,1,-12.57,7.87
EMP044,2026-03-09,67,Treasury Officer,Delhi,COHORT038,0,0,0,14,0,0,158,2,68,68,12.14,11.53,0.0,0.0,0.0,14.0,0.0,0.0,4,0,1.43,7.87
EMP044,2026-03-10,68,Treasury Officer,Delhi,COHORT038,0,0,0,9,0,0,183,1,69,69,12.29,12.0,25.0,0.0,0.0,9.0,0.0,0.0,4,0,-3.57,7.87
EMP044,2026-03-11,69,Treasury Officer,Delhi,COHORT038,0,0,0,15,0,0,172,1,70,70,10.86,12.27,0.0,0.0,0.0,15.0,0.0,0.0,4,0,2.43,7.87
EMP044,2026-03-12,70,Treasury Officer,Delhi,COHORT038,0,0,0,24,0,0,195,1,71,71,10.57,12.1,0.0,0.0,0.0,24.0,0.0,0.0,4,0,11.43,7.87
EMP044,2026-03-13,71,Treasury Officer,Delhi,COHORT038,0,0,0,17,0,0,238,1,72,72,12.57,12.1,0.0,0.0,0.0,17.0,0.0,0.0,4,0,4.43,7.87
EMP044,2026-03-14,72,Treasury Officer,Delhi,COHORT038,0,0,0,2,0,0,37,1,73,73,11.57,12.13,83.51,0.0,0.0,2.0,0.0,0.0,4,0,-10.57,7.87
EMP044,2026-03-15,73,Treasury Officer,Delhi,COHORT038,0,0,0,4,0,0,37,1,74,74,11.57,11.83,66.19,0.0,0.0,4.0,0.0,0.0,4,0,-8.57,7.87
EMP044,2026-03-16,74,Treasury Officer,Delhi,COHORT038,0,0,0,16,0,0,156,1,75,75,12.14,11.57,0.0,0.0,0.0,16.0,0.0,0.0,4,0,3.43,7.87
EMP044,2026-03-17,75,Treasury Officer,Delhi,COHORT038,0,0,0,23,0,0,164,1,76,76,12.43,12.1,0.0,0.0,0.0,23.0,0.0,0.0,4,0,10.43,7.87
EMP044,2026-03-18,76,Treasury Officer,Delhi,COHORT038,0,0,0,21,0,0,195,1,77,77,14.43,12.83,0.0,0.0,0.0,21.0,0.0,0.0,4,0,8.43,7.87
EMP044,2026-03-19,77,Treasury Officer,Delhi,COHORT038,0,0,0,20,0,0,218,1,78,78,15.29,13.23,0.0,0.0,0.0,20.0,0.0,0.0,4,0,7.43,7.87
EMP044,2026-03-20,78,Treasury Officer,Delhi,COHORT038,0,0,0,15,0,0,152,1,79,79,14.71,13.17,0.0,0.0,0.0,15.0,0.0,0.0,4,0,2.43,7.87
EMP044,2026-03-21,79,Treasury Officer,Delhi,COHORT038,0,0,0,3,0,0,29,1,80,80,14.43,13.13,77.15,0.0,0.0,3.0,0.0,0.0,4,0,-9.57,7.87
EMP044,2026-03-22,80,Treasury Officer,Delhi,COHORT038,0,0,0,2,0,0,16,1,81,81,14.57,12.73,84.29,0.0,0.0,2.0,0.0,0.0,4,0,-10.57,7.87
EMP044,2026-03-23,81,Treasury Officer,Delhi,COHORT038,0,0,0,13,0,0,159,1,82,82,14.29,12.37,0.0,0.0,0.0,13.0,0.0,0.0,4,0,0.43,7.87
EMP044,2026-03-24,82,Treasury Officer,Delhi,COHORT038,0,0,0,11,0,0,197,1,83,83,13.86,12.8,14.06,0.0,0.0,11.0,0.0,0.0,4,0,-1.57,7.87
EMP044,2026-03-25,83,Treasury Officer,Delhi,COHORT038,0,0,0,13,0,0,178,1,84,84,12.14,13.07,0.54,0.0,0.0,13.0,0.0,0.0,4,0,0.43,7.87
EMP044,2026-03-26,84,Treasury Officer,Delhi,COHORT038,0,0,0,18,0,0,180,1,85,85,11.0,13.0,0.0,0.0,0.0,18.0,0.0,0.0,4,0,5.43,7.87
EMP044,2026-03-27,85,Treasury Officer,Delhi,COHORT038,0,0,0,16,0,0,166,1,86,86,10.71,12.93,0.0,0.0,0.0,16.0,0.0,0.0,4,0,3.43,7.87
EMP044,2026-03-28,86,Treasury Officer,Delhi,COHORT038,0,0,0,0,0,0,13,1,87,87,10.86,12.77,100.0,0.0,0.0,0.0,0.0,25.0,3,1,-12.57,7.87
EMP044,2026-03-29,87,Treasury Officer,Delhi,COHORT038,0,0,0,1,0,0,28,2,88,88,10.43,12.2,91.8,0.0,0.0,1.0,0.0,0.0,4,0,-11.57,7.87
EMP044,2026-03-30,88,Treasury Officer,Delhi,COHORT038,0,0,0,19,0,0,208,1,89,89,10.29,11.57,0.0,0.0,0.0,19.0,0.0,0.0,4,0,6.43,7.87
EMP044,2026-03-31,89,Treasury Officer,Delhi,COHORT038,0,0,0,15,0,0,223,1,90,90,11.14,12.13,0.0,0.0,0.0,15.0,0.0,0.0,4,0,2.43,7.87
EMP045,2026-01-01,0,Treasury Officer,Mumbai,COHORT037,0,0,0,23,0,0,219,1,1,1,0.0,0.0,0.0,0.0,0.0,23.0,0.0,0.0,4,0,10.51,7.9
EMP045,2026-01-02,1,Treasury Officer,Mumbai,COHORT037,0,0,0,15,0,0,196,1,2,2,23.0,23.0,34.78,0.0,0.0,15.0,0.0,0.0,4,0,2.51,7.9
EMP045,2026-01-03,2,Treasury Officer,Mumbai,COHORT037,0,0,0,0,0,0,2,1,3,3,19.0,19.0,100.0,0.0,0.0,0.0,0.0,75.0,1,3,-12.49,7.9
EMP045,2026-01-04,3,Treasury Officer,Mumbai,COHORT037,0,0,0,5,0,0,35,2,4,4,12.67,12.67,60.54,0.0,0.0,5.0,0.0,0.0,4,0,-7.49,7.9
EMP045,2026-01-05,4,Treasury Officer,Mumbai,COHORT037,0,0,0,19,0,0,235,1,5,5,10.75,10.75,0.0,0.0,0.0,19.0,0.0,0.0,4,0,6.51,7.9
EMP045,2026-01-06,5,Treasury Officer,Mumbai,COHORT037,0,0,0,13,0,0,175,1,6,6,12.4,12.4,0.0,0.0,0.0,13.0,0.0,0.0,4,0,0.51,7.9
EMP045,2026-01-07,6,Treasury Officer,Mumbai,COHORT037,0,0,0,16,0,0,163,1,7,7,12.5,12.5,0.0,0.0,0.0,16.0,0.0,0.0,4,0,3.51,7.9
EMP045,2026-01-08,7,Treasury Officer,Mumbai,COHORT037,0,0,0,15,0,0,159,1,8,8,13.0,13.0,0.0,0.0,0.0,15.0,0.0,0.0,4,0,2.51,7.9
EMP045,2026-01-09,8,Treasury Officer,Mumbai,COHORT037,0,0,0,20,0,0,188,1,9,9,11.86,13.25,0.0,0.0,0.0,20.0,0.0,0.0,4,0,7.51,7.9
EMP045,2026-01-10,9,Treasury Officer,Mumbai,COHORT037,0,0,0,2,0,0,26,1,10,10,12.57,14.0,85.71,0.0,0.0,2.0,0.0,0.0,4,0,-10.49,7.9
EMP045,2026-01-11,10,Treasury Officer,Mumbai,COHORT037,0,0,0,4,0,0,34,1,11,11,12.86,12.8,68.75,0.0,0.0,4.0,0.0,0.0,4,0,-8.49,7.9
EMP045,2026-01-12,11,Treasury Officer,Mumbai,COHORT037,0,0,0,13,0,0,156,1,12,12,12.71,12.0,0.0,0.0,0.0,13.0,0.0,0.0,4,0,0.51,7.9
EMP045,2026-01-13,12,Treasury Officer,Mumbai,COHORT037,0,0,0,22,0,0,204,1,13,13,11.86,12.08,0.0,0.0,0.0,22.0,0.0,0.0,4,0,9.51,7.9
EMP045,2026-01-14,13,Treasury Officer,Mumbai,COHORT037,0,0,0,16,0,0,148,1,14,14,13.14,12.85,0.0,0.0,0.0,16.0,0.0,0.0,4,0,3.51,7.9
EMP045,2026-01-15,14,Treasury Officer,Mumbai,COHORT037,0,0,0,21,0,0,204,1,15,15,13.14,13.07,0.0,0.0,0.0,21.0,0.0,0.0,4,0,8.51,7.9
EMP045,2026-01-16,15,Treasury Officer,Mumbai,COHORT037,0,0,0,24,0,0,215,1,16,16,14.0,13.6,0.0,0.0,0.0,24.0,0.0,0.0,4,0,11.51,7.9
EMP045,2026-01-17,16,Treasury Officer,Mumbai,COHORT037,0,0,0,0,0,0,0,1,17,17,14.57,14.25,100.0,0.0,0.0,0.0,0.0,100.0,0,4,-12.49,7.9
EMP045,2026-01-18,17,Treasury Officer,Mumbai,COHORT037,0,0,0,4,0,0,38,2,18,18,14.29,13.41,70.17,0.0,0.0,4.0,0.0,0.0,4,0,-8.49,7.9
EMP045,2026-01-19,18,Treasury Officer,Mumbai,COHORT037,0,0,0,17,0,0,188,1,19,19,14.29,12.89,0.0,0.0,0.0,17.0,0.0,0.0,4,0,4.51,7.9
EMP045,2026-01-20,19,Treasury Officer,Mumbai,COHORT037,0,0,0,21,0,0,192,1,20,20,14.86,13.11,0.0,0.0,0.0,21.0,0.0,0.0,4,0,8.51,7.9
EMP045,2026-01-21,20,Treasury Officer,Mumbai,COHORT037,0,0,0,10,0,0,169,1,21,21,14.71,13.5,25.93,0.0,0.0,10.0,0.0,0.0,4,0,-2.49,7.9
EMP045,2026-01-22,21,Treasury Officer,Mumbai,COHORT037,0,0,0,15,0,0,180,1,22,22,13.86,13.33,0.0,0.0,0.0,15.0,0.0,0.0,4,0,2.51,7.9
EMP045,2026-01-23,22,Treasury Officer,Mumbai,COHORT037,0,0,0,18,0,0,167,1,23,23,13.0,13.41,0.0,0.0,0.0,18.0,0.0,0.0,4,0,5.51,7.9
EMP045,2026-01-24,23,Treasury Officer,Mumbai,COHORT037,0,0,0,0,0,0,9,1,24,24,12.14,13.61,100.0,0.0,0.0,0.0,0.0,25.0,3,1,-12.49,7.9
EMP045,2026-01-25,24,Treasury Officer,Mumbai,COHORT037,0,0,0,1,0,0,21,2,25,25,12.14,13.04,92.33,0.0,0.0,1.0,0.0,0.0,4,0,-11.49,7.9
EMP045,2026-01-26,25,Treasury Officer,Mumbai,COHORT037,0,0,0,9,0,0,155,1,26,26,11.71,12.56,28.34,0.0,0.0,9.0,0.0,0.0,4,0,-3.49,7.9
EMP045,2026-01-27,26,Treasury Officer,Mumbai,COHORT037,0,0,0,19,0,0,194,1,27,27,10.57,12.42,0.0,0.0,0.0,19.0,0.0,0.0,4,0,6.51,7.9
EMP045,2026-01-28,27,Treasury Officer,Mumbai,COHORT037,0,0,0,10,0,0,138,1,28,28,10.29,12.67,21.07,0.0,0.0,10.0,0.0,0.0,4,0,-2.49,7.9
EMP045,2026-01-29,28,Treasury Officer,Mumbai,COHORT037,0,0,0,11,0,0,173,1,29,29,10.29,12.57,12.49,0.0,0.0,11.0,0.0,0.0,4,0,-1.49,7.9
EMP045,2026-01-30,29,Treasury Officer,Mumbai,COHORT037,0,0,0,13,0,0,209,1,30,30,9.71,12.52,0.0,0.0,0.0,13.0,0.0,0.0,4,0,0.51,7.9
EMP045,2026-01-31,30,Treasury Officer,Mumbai,COHORT037,0,0,0,0,0,0,5,1,31,31,9.0,12.53,100.0,0.0,0.0,0.0,0.0,50.0,2,2,-12.49,7.9
EMP045,2026-02-01,31,Treasury Officer,Mumbai,COHORT037,0,0,0,2,0,0,20,2,32,32,9.0,11.77,83.01,0.0,0.0,2.0,0.0,0.0,4,0,-10.49,7.9
EMP045,2026-02-02,32,Treasury Officer,Mumbai,COHORT037,0,0,0,12,0,0,183,1,33,33,9.14,11.33,0.0,0.0,0.0,12.0,0.0,0.0,4,0,-0.49,7.9
EMP045,2026-02-03,33,Treasury Officer,Mumbai,COHORT037,0,0,0,15,0,0,154,1,34,34,9.57,11.73,0.0,0.0,0.0,15.0,0.0,0.0,4,0,2.51,7.9
EMP045,2026-02-04,34,Treasury Officer,Mumbai,COHORT037,0,0,0,15,0,0,210,1,35,35,9.0,12.07,0.0,0.0,0.0,15.0,0.0,0.0,4,0,2.51,7.9
EMP045,2026-02-05,35,Treasury Officer,Mumbai,COHORT037,0,0,0,19,0,0,189,1,36,36,9.71,11.93,0.0,0.0,0.0,19.0,0.0,0.0,4,0,6.51,7.9
EMP045,2026-02-06,36,Treasury Officer,Mumbai,COHORT037,0,0,0,14,0,0,170,1,37,37,10.86,12.13,0.0,0.0,0.0,14.0,0.0,0.0,4,0,1.51,7.9
EMP045,2026-02-07,37,Treasury Officer,Mumbai,COHORT037,0,0,0,3,0,0,18,1,38,38,11.0,12.07,75.14,0.0,0.0,3.0,0.0,0.0,4,0,-9.49,7.9
EMP045,2026-02-08,38,Treasury Officer,Mumbai,COHORT037,0,0,0,3,0,0,26,1,39,39,11.43,11.67,74.29,0.0,0.0,3.0,0.0,0.0,4,0,-9.49,7.9
EMP045,2026-02-09,39,Treasury Officer,Mumbai,COHORT037,0,0,0,24,0,0,235,1,40,40,11.57,11.1,0.0,0.0,0.0,24.0,0.0,0.0,4,0,11.51,7.9
EMP045,2026-02-10,40,Treasury Officer,Mumbai,COHORT037,0,0,0,20,0,0,232,1,41,41,13.29,11.83,0.0,0.0,0.0,20.0,0.0,0.0,4,0,7.51,7.9
EMP045,2026-02-11,41,Treasury Officer,Mumbai,COHORT037,0,0,0,12,0,0,161,1,42,42,14.0,12.37,2.99,0.0,0.0,12.0,0.0,0.0,4,0,-0.49,7.9
EMP045,2026-02-12,42,Treasury Officer,Mumbai,COHORT037,0,0,0,16,0,0,149,1,43,43,13.57,12.33,0.0,0.0,0.0,16.0,0.0,0.0,4,0,3.51,7.9
EMP045,2026-02-13,43,Treasury Officer,Mumbai,COHORT037,0,0,0,16,0,0,162,1,44,44,13.14,12.13,0.0,0.0,0.0,16.0,0.0,0.0,4,0,3.51,7.9
EMP045,2026-02-14,44,Treasury Officer,Mumbai,COHORT037,0,0,0,2,0,0,19,1,45,45,13.43,12.13,83.51,0.0,0.0,2.0,0.0,0.0,4,0,-10.49,7.9
EMP045,2026-02-15,45,Treasury Officer,Mumbai,COHORT037,0,0,0,0,0,0,5,1,46,46,13.29,11.5,100.0,0.0,0.0,0.0,0.0,50.0,2,2,-12.49,7.9
EMP045,2026-02-16,46,Treasury Officer,Mumbai,COHORT037,0,0,0,13,0,0,174,2,47,47,12.86,10.7,0.0,0.0,0.0,13.0,0.0,0.0,4,0,0.51,7.9
EMP045,2026-02-17,47,Treasury Officer,Mumbai,COHORT037,0,0,0,11,0,0,142,1,48,48,11.29,11.13,1.17,0.0,0.0,11.0,0.0,0.0,4,0,-1.49,7.9
EMP045,2026-02-18,48,Treasury Officer,Mumbai,COHORT037,0,0,0,11,0,0,231,1,49,49,10.0,11.37,3.25,0.0,0.0,11.0,0.0,0.0,4,0,-1.49,7.9
EMP045,2026-02-19,49,Treasury Officer,Mumbai,COHORT037,0,0,0,14,0,0,161,1,50,50,9.86,11.17,0.0,0.0,0.0,14.0,0.0,0.0,4,0,1.51,7.9
EMP045,2026-02-20,50,Treasury Officer,Mumbai,COHORT037,0,0,0,17,0,0,183,1,51,51,9.57,10.93,0.0,0.0,0.0,17.0,0.0,0.0,4,0,4.51,7.9
EMP045,2026-02-21,51,Treasury Officer,Mumbai,COHORT037,0,0,0,2,0,0,25,1,52,52,9.71,11.17,82.09,0.0,0.0,2.0,0.0,0.0,4,0,-10.49,7.9
EMP045,2026-02-22,52,Treasury Officer,Mumbai,COHORT037,0,0,0,0,0,0,8,1,53,53,9.71,10.73,100.0,0.0,0.0,0.0,0.0,25.0,3,1,-12.49,7.9
EMP045,2026-02-23,53,Treasury Officer,Mumbai,COHORT037,0,0,0,10,0,0,183,2,54,54,9.71,10.13,1.28,0.0,0.0,10.0,0.0,0.0,4,0,-2.49,7.9
EMP045,2026-02-24,54,Treasury Officer,Mumbai,COHORT037,0,0,0,22,0,0,207,1,55,55,9.29,10.47,0.0,0.0,0.0,22.0,0.0,0.0,4,0,9.51,7.9
EMP045,2026-02-25,55,Treasury Officer,Mumbai,COHORT037,0,0,0,16,0,0,144,1,56,56,10.86,11.17,0.0,0.0,0.0,16.0,0.0,0.0,4,0,3.51,7.9
EMP045,2026-02-26,56,Treasury Officer,Mumbai,COHORT037,0,0,0,19,0,0,149,1,57,57,11.57,11.4,0.0,0.0,0.0,19.0,0.0,0.0,4,0,6.51,7.9
EMP045,2026-02-27,57,Treasury Officer,Mumbai,COHORT037,0,0,0,21,0,0,224,1,58,58,12.29,11.4,0.0,0.0,0.0,21.0,0.0,0.0,4,0,8.51,7.9
EMP045,2026-02-28,58,Treasury Officer,Mumbai,COHORT037,0,0,0,0,0,0,5,1,59,59,12.86,11.77,100.0,0.0,0.0,0.0,0.0,25.0,3,1,-12.49,7.9
EMP045,2026-03-01,59,Treasury Officer,Mumbai,COHORT037,0,0,0,1,0,0,20,2,60,60,12.57,11.4,91.23,0.0,0.0,1.0,0.0,0.0,4,0,-11.49,7.9
EMP045,2026-03-02,60,Treasury Officer,Mumbai,COHORT037,0,0,0,13,0,0,205,1,61,61,12.71,11.0,0.0,0.0,0.0,13.0,0.0,0.0,4,0,0.51,7.9
EMP045,2026-03-03,61,Treasury Officer,Mumbai,COHORT037,0,0,0,12,0,0,166,1,62,62,13.14,11.43,0.0,0.0,0.0,12.0,0.0,0.0,4,0,-0.49,7.9
EMP045,2026-03-04,62,Treasury Officer,Mumbai,COHORT037,0,0,0,18,0,0,174,1,63,63,11.71,11.77,0.0,0.0,0.0,18.0,0.0,0.0,4,0,5.51,7.9
EMP045,2026-03-05,63,Treasury Officer,Mumbai,COHORT037,0,0,0,18,0,0,161,1,64,64,12.0,11.97,0.0,0.0,0.0,18.0,0.0,0.0,4,0,5.51,7.9
EMP045,2026-03-06,64,Treasury Officer,Mumbai,COHORT037,0,0,0,23,0,0,180,1,65,65,11.86,12.07,0.0,0.0,0.0,23.0,0.0,0.0,4,0,10.51,7.9
EMP045,2026-03-07,65,Treasury Officer,Mumbai,COHORT037,0,0,0,0,0,0,12,1,66,66,12.14,12.33,100.0,0.0,0.0,0.0,0.0,25.0,3,1,-12.49,7.9
EMP045,2026-03-08,66,Treasury Officer,Mumbai,COHORT037,0,0,0,2,0,0,29,2,67,67,12.14,11.7,82.91,0.0,0.0,2.0,0.0,0.0,4,0,-10.49,7.9
EMP045,2026-03-09,67,Treasury Officer,Mumbai,COHORT037,0,0,0,21,0,0,186,1,68,68,12.29,11.3,0.0,0.0,0.0,21.0,0.0,0.0,4,0,8.51,7.9
EMP045,2026-03-10,68,Treasury Officer,Mumbai,COHORT037,0,0,0,23,0,0,185,1,69,69,13.43,11.9,0.0,0.0,0.0,23.0,0.0,0.0,4,0,10.51,7.9
EMP045,2026-03-11,69,Treasury Officer,Mumbai,COHORT037,0,0,0,22,0,0,198,1,70,70,15.0,12.57,0.0,0.0,0.0,22.0,0.0,0.0,4,0,9.51,7.9
EMP045,2026-03-12,70,Treasury Officer,Mumbai,COHORT037,0,0,0,10,0,0,194,1,71,71,15.57,12.5,20.0,0.0,0.0,10.0,0.0,0.0,4,0,-2.49,7.9
EMP045,2026-03-13,71,Treasury Officer,Mumbai,COHORT037,0,0,0,19,0,0,200,1,72,72,14.43,12.17,0.0,0.0,0.0,19.0,0.0,0.0,4,0,6.51,7.9
EMP045,2026-03-14,72,Treasury Officer,Mumbai,COHORT037,0,0,0,2,0,0,44,1,73,73,13.86,12.4,83.87,0.0,0.0,2.0,0.0,0.0,4,0,-10.49,7.9
EMP045,2026-03-15,73,Treasury Officer,Mumbai,COHORT037,0,0,0,0,0,0,4,1,74,74,14.14,11.93,100.0,0.0,0.0,0.0,0.0,50.0,2,2,-12.49,7.9
EMP045,2026-03-16,74,Treasury Officer,Mumbai,COHORT037,0,0,0,12,0,0,140,2,75,75,13.86,11.4,0.0,0.0,0.0,12.0,0.0,0.0,4,0,-0.49,7.9
EMP045,2026-03-17,75,Treasury Officer,Mumbai,COHORT037,0,0,0,23,0,0,188,1,76,76,12.57,11.73,0.0,0.0,0.0,23.0,0.0,0.0,4,0,10.51,7.9
EMP045,2026-03-18,76,Treasury Officer,Mumbai,COHORT037,0,0,0,18,0,0,182,1,77,77,12.57,12.5,0.0,0.0,0.0,18.0,0.0,0.0,4,0,5.51,7.9
EMP045,2026-03-19,77,Treasury Officer,Mumbai,COHORT037,0,0,0,25,0,0,192,1,78,78,12.0,12.67,0.0,0.0,0.0,25.0,0.0,0.0,4,0,12.51,7.9
EMP045,2026-03-20,78,Treasury Officer,Mumbai,COHORT037,0,0,0,13,0,0,205,1,79,79,14.14,13.13,0.99,0.0,0.0,13.0,0.0,0.0,4,0,0.51,7.9
EMP045,2026-03-21,79,Treasury Officer,Mumbai,COHORT037,0,0,0,0,0,0,9,1,80,80,13.29,13.2,100.0,0.0,0.0,0.0,0.0,25.0,3,1,-12.49,7.9
EMP045,2026-03-22,80,Treasury Officer,Mumbai,COHORT037,0,0,0,1,0,0,10,2,81,81,13.0,12.73,92.14,0.0,0.0,1.0,0.0,0.0,4,0,-11.49,7.9
EMP045,2026-03-23,81,Treasury Officer,Mumbai,COHORT037,0,0,0,24,0,0,165,1,82,82,13.14,12.2,0.0,0.0,0.0,24.0,0.0,0.0,4,0,11.51,7.9
EMP045,2026-03-24,82,Treasury Officer,Mumbai,COHORT037,0,0,0,13,0,0,170,1,83,83,14.86,12.93,0.0,0.0,0.0,13.0,0.0,0.0,4,0,0.51,7.9
EMP045,2026-03-25,83,Treasury Officer,Mumbai,COHORT037,0,0,0,17,0,0,209,1,84,84,13.43,13.37,0.0,0.0,0.0,17.0,0.0,0.0,4,0,4.51,7.9
EMP045,2026-03-26,84,Treasury Officer,Mumbai,COHORT037,0,0,0,10,0,0,163,1,85,85,13.29,13.6,26.47,0.0,0.0,10.0,0.0,0.0,4,0,-2.49,7.9
EMP045,2026-03-27,85,Treasury Officer,Mumbai,COHORT037,0,0,0,15,0,0,238,1,86,86,11.14,13.2,0.0,0.0,0.0,15.0,0.0,0.0,4,0,2.51,7.9
EMP045,2026-03-28,86,Treasury Officer,Mumbai,COHORT037,0,0,0,0,0,0,9,1,87,87,11.43,13.17,100.0,0.0,0.0,0.0,0.0,25.0,3,1,-12.49,7.9
EMP045,2026-03-29,87,Treasury Officer,Mumbai,COHORT037,0,0,0,1,0,0,11,2,88,88,11.43,12.53,92.02,0.0,0.0,1.0,0.0,0.0,4,0,-11.49,7.9
EMP045,2026-03-30,88,Treasury Officer,Mumbai,COHORT037,0,0,0,13,0,0,150,1,89,89,11.43,11.87,0.0,0.0,0.0,13.0,0.0,0.0,4,0,0.51,7.9
EMP045,2026-03-31,89,Treasury Officer,Mumbai,COHORT037,0,0,0,15,0,0,173,1,90,90,9.86,12.3,0.0,0.0,0.0,15.0,0.0,0.0,4,0,2.51,7.9
EMP046,2026-01-01,0,Treasury Officer,Ahmedabad,COHORT039,0,0,0,19,0,0,189,1,1,1,0.0,0.0,0.0,0.0,0.0,19.0,0.0,0.0,4,0,5.79,8.32
EMP046,2026-01-02,1,Treasury Officer,Ahmedabad,COHORT039,0,0,0,12,0,0,161,1,2,2,19.0,19.0,36.84,0.0,0.0,12.0,0.0,0.0,4,0,-1.21,8.32
EMP046,2026-01-03,2,Treasury Officer,Ahmedabad,COHORT039,0,0,0,2,0,0,17,1,3,3,15.5,15.5,87.1,0.0,0.0,2.0,0.0,0.0,4,0,-11.21,8.32
EMP046,2026-01-04,3,Treasury Officer,Ahmedabad,COHORT039,0,0,0,3,0,0,46,1,4,4,11.0,11.0,72.73,0.0,0.0,3.0,0.0,0.0,4,0,-10.21,8.32
EMP046,2026-01-05,4,Treasury Officer,Ahmedabad,COHORT039,0,0,0,17,0,0,208,1,5,5,9.0,9.0,0.0,0.0,0.0,17.0,0.0,0.0,4,0,3.79,8.32
EMP046,2026-01-06,5,Treasury Officer,Ahmedabad,COHORT039,0,0,0,14,0,0,185,1,6,6,10.6,10.6,0.0,0.0,0.0,14.0,0.0,0.0,4,0,0.79,8.32
EMP046,2026-01-07,6,Treasury Officer,Ahmedabad,COHORT039,0,0,0,17,0,0,205,1,7,7,11.17,11.17,0.0,0.0,0.0,17.0,0.0,0.0,4,0,3.79,8.32
EMP046,2026-01-08,7,Treasury Officer,Ahmedabad,COHORT039,0,0,0,15,0,0,178,1,8,8,12.0,12.0,0.0,0.0,0.0,15.0,0.0,0.0,4,0,1.79,8.32
EMP046,2026-01-09,8,Treasury Officer,Ahmedabad,COHORT039,0,0,0,24,0,0,203,1,9,9,11.43,12.38,0.0,0.0,0.0,24.0,0.0,0.0,4,0,10.79,8.32
EMP046,2026-01-10,9,Treasury Officer,Ahmedabad,COHORT039,0,0,0,4,0,0,31,1,10,10,13.14,13.67,70.74,0.0,0.0,4.0,0.0,0.0,4,0,-9.21,8.32
EMP046,2026-01-11,10,Treasury Officer,Ahmedabad,COHORT039,0,0,0,0,0,0,2,1,11,11,13.43,12.7,100.0,0.0,0.0,0.0,0.0,75.0,1,3,-13.21,8.32
EMP046,2026-01-12,11,Treasury Officer,Ahmedabad,COHORT039,0,0,0,27,0,0,176,2,12,12,13.0,11.55,0.0,0.0,0.0,27.0,0.0,0.0,4,0,13.79,8.32
EMP046,2026-01-13,12,Treasury Officer,Ahmedabad,COHORT039,0,0,0,15,0,0,197,1,13,13,14.43,12.83,0.0,0.0,0.0,15.0,0.0,0.0,4,0,1.79,8.32
EMP046,2026-01-14,13,Treasury Officer,Ahmedabad,COHORT039,0,0,0,26,0,0,180,1,14,14,14.57,13.0,0.0,0.0,0.0,26.0,0.0,0.0,4,0,12.79,8.32
EMP046,2026-01-15,14,Treasury Officer,Ahmedabad,COHORT039,0,0,0,11,0,0,207,1,15,15,15.86,13.93,21.03,0.0,0.0,11.0,0.0,0.0,4,0,-2.21,8.32
EMP046,2026-01-16,15,Treasury Officer,Ahmedabad,COHORT039,0,0,0,15,0,0,194,1,16,16,15.29,13.73,0.0,0.0,0.0,15.0,0.0,0.0,4,0,1.79,8.32
EMP046,2026-01-17,16,Treasury Officer,Ahmedabad,COHORT039,0,0,0,1,0,0,18,1,17,17,14.0,13.81,92.76,0.0,0.0,1.0,0.0,0.0,4,0,-12.21,8.32
EMP046,2026-01-18,17,Treasury Officer,Ahmedabad,COHORT039,0,0,0,3,0,0,25,1,18,18,13.57,13.06,77.03,0.0,0.0,3.0,0.0,0.0,4,0,-10.21,8.32
EMP046,2026-01-19,18,Treasury Officer,Ahmedabad,COHORT039,0,0,0,22,0,0,174,1,19,19,14.0,12.5,0.0,0.0,0.0,22.0,0.0,0.0,4,0,8.79,8.32
EMP046,2026-01-20,19,Treasury Officer,Ahmedabad,COHORT039,0,0,0,14,0,0,147,1,20,20,13.29,13.0,0.0,0.0,0.0,14.0,0.0,0.0,4,0,0.79,8.32
EMP046,2026-01-21,20,Treasury Officer,Ahmedabad,COHORT039,0,0,0,27,0,0,195,1,21,21,13.14,13.05,0.0,0.0,0.0,27.0,0.0,0.0,4,0,13.79,8.32
EMP046,2026-01-22,21,Treasury Officer,Ahmedabad,COHORT039,0,0,0,23,0,0,223,1,22,22,13.29,13.71,0.0,0.0,0.0,23.0,0.0,0.0,4,0,9.79,8.32
EMP046,2026-01-23,22,Treasury Officer,Ahmedabad,COHORT039,0,0,0,22,0,0,215,1,23,23,15.0,14.14,0.0,0.0,0.0,22.0,0.0,0.0,4,0,8.79,8.32
EMP046,2026-01-24,23,Treasury Officer,Ahmedabad,COHORT039,0,0,0,2,0,0,27,1,24,24,16.0,14.48,86.19,0.0,0.0,2.0,0.0,0.0,4,0,-11.21,8.32
EMP046,2026-01-25,24,Treasury Officer,Ahmedabad,COHORT039,0,0,0,2,0,0,45,1,25,25,16.14,13.96,85.67,0.0,0.0,2.0,0.0,0.0,4,0,-11.21,8.32
EMP046,2026-01-26,25,Treasury Officer,Ahmedabad,COHORT039,0,0,0,22,0,0,188,1,26,26,16.0,13.48,0.0,0.0,0.0,22.0,0.0,0.0,4,0,8.79,8.32
EMP046,2026-01-27,26,Treasury Officer,Ahmedabad,COHORT039,0,0,0,25,0,0,206,1,27,27,16.0,13.81,0.0,0.0,0.0,25.0,0.0,0.0,4,0,11.79,8.32
EMP046,2026-01-28,27,Treasury Officer,Ahmedabad,COHORT039,0,0,0,24,0,0,202,1,28,28,17.57,14.22,0.0,0.0,0.0,24.0,0.0,0.0,4,0,10.79,8.32
EMP046,2026-01-29,28,Treasury Officer,Ahmedabad,COHORT039,0,0,0,10,0,0,221,1,29,29,17.14,14.57,31.37,0.0,0.0,10.0,0.0,0.0,4,0,-3.21,8.32
EMP046,2026-01-30,29,Treasury Officer,Ahmedabad,COHORT039,0,0,0,18,0,0,180,1,30,30,15.29,14.41,0.0,0.0,0.0,18.0,0.0,0.0,4,0,4.79,8.32
EMP046,2026-01-31,30,Treasury Officer,Ahmedabad,COHORT039,0,0,0,4,0,0,48,1,31,31,14.71,14.53,72.47,0.0,0.0,4.0,0.0,0.0,4,0,-9.21,8.32
EMP046,2026-02-01,31,Treasury Officer,Ahmedabad,COHORT039,0,0,0,0,0,0,4,1,32,32,15.0,14.03,100.0,0.0,0.0,0.0,0.0,50.0,2,2,-13.21,8.32
EMP046,2026-02-02,32,Treasury Officer,Ahmedabad,COHORT039,0,0,0,13,0,0,204,2,33,33,14.71,13.63,4.62,0.0,0.0,13.0,0.0,0.0,4,0,-0.21,8.32
EMP046,2026-02-03,33,Treasury Officer,Ahmedabad,COHORT039,0,0,0,20,0,0,170,1,34,34,13.43,14.0,0.0,0.0,0.0,20.0,0.0,0.0,4,0,6.79,8.32
EMP046,2026-02-04,34,Treasury Officer,Ahmedabad,COHORT039,0,0,0,15,0,0,171,1,35,35,12.71,14.57,0.0,0.0,0.0,15.0,0.0,0.0,4,0,1.79,8.32
EMP046,2026-02-05,35,Treasury Officer,Ahmedabad,COHORT039,0,0,0,11,0,0,199,1,36,36,11.43,14.5,24.14,0.0,0.0,11.0,0.0,0.0,4,0,-2.21,8.32
EMP046,2026-02-06,36,Treasury Officer,Ahmedabad,COHORT039,0,0,0,15,0,0,218,1,37,37,11.57,14.4,0.0,0.0,0.0,15.0,0.0,0.0,4,0,1.79,8.32
EMP046,2026-02-07,37,Treasury Officer,Ahmedabad,COHORT039,0,0,0,4,0,0,46,1,38,38,11.14,14.33,72.09,0.0,0.0,4.0,0.0,0.0,4,0,-9.21,8.32
EMP046,2026-02-08,38,Treasury Officer,Ahmedabad,COHORT039,0,0,0,2,0,0,29,1,39,39,11.14,13.97,85.68,0.0,0.0,2.0,0.0,0.0,4,0,-11.21,8.32
EMP046,2026-02-09,39,Treasury Officer,Ahmedabad,COHORT039,0,0,0,11,0,0,236,1,40,40,11.43,13.23,16.86,0.0,0.0,11.0,0.0,0.0,4,0,-2.21,8.32
EMP046,2026-02-10,40,Treasury Officer,Ahmedabad,COHORT039,0,0,0,16,0,0,229,1,41,41,11.14,13.47,0.0,0.0,0.0,16.0,0.0,0.0,4,0,2.79,8.32
EMP046,2026-02-11,41,Treasury Officer,Ahmedabad,COHORT039,0,0,0,15,0,0,151,1,42,42,10.57,14.0,0.0,0.0,0.0,15.0,0.0,0.0,4,0,1.79,8.32
EMP046,2026-02-12,42,Treasury Officer,Ahmedabad,COHORT039,0,0,0,16,0,0,206,1,43,43,10.57,13.6,0.0,0.0,0.0,16.0,0.0,0.0,4,0,2.79,8.32
EMP046,2026-02-13,43,Treasury Officer,Ahmedabad,COHORT039,0,0,0,16,0,0,168,1,44,44,11.29,13.63,0.0,0.0,0.0,16.0,0.0,0.0,4,0,2.79,8.32
EMP046,2026-02-14,44,Treasury Officer,Ahmedabad,COHORT039,0,0,0,0,0,0,4,1,45,45,11.43,13.3,100.0,0.0,0.0,0.0,0.0,50.0,2,2,-13.21,8.32
EMP046,2026-02-15,45,Treasury Officer,Ahmedabad,COHORT039,0,0,0,4,0,0,51,2,46,46,10.86,12.93,69.06,0.0,0.0,4.0,0.0,0.0,4,0,-9.21,8.32
EMP046,2026-02-16,46,Treasury Officer,Ahmedabad,COHORT039,0,0,0,21,0,0,177,1,47,47,11.14,12.57,0.0,0.0,0.0,21.0,0.0,0.0,4,0,7.79,8.32
EMP046,2026-02-17,47,Treasury Officer,Ahmedabad,COHORT039,0,0,0,9,0,0,174,1,48,48,12.57,13.23,31.97,0.0,0.0,9.0,0.0,0.0,4,0,-4.21,8.32
EMP046,2026-02-18,48,Treasury Officer,Ahmedabad,COHORT039,0,0,0,18,0,0,192,1,49,49,11.57,13.43,0.0,0.0,0.0,18.0,0.0,0.0,4,0,4.79,8.32
EMP046,2026-02-19,49,Treasury Officer,Ahmedabad,COHORT039,0,0,0,19,0,0,226,1,50,50,12.0,13.3,0.0,0.0,0.0,19.0,0.0,0.0,4,0,5.79,8.32
EMP046,2026-02-20,50,Treasury Officer,Ahmedabad,COHORT039,0,0,0,12,0,0,224,1,51,51,12.43,13.47,10.91,0.0,0.0,12.0,0.0,0.0,4,0,-1.21,8.32
EMP046,2026-02-21,51,Treasury Officer,Ahmedabad,COHORT039,0,0,0,2,0,0,27,1,52,52,11.86,12.97,84.58,0.0,0.0,2.0,0.0,0.0,4,0,-11.21,8.32
EMP046,2026-02-22,52,Treasury Officer,Ahmedabad,COHORT039,0,0,0,1,0,0,26,1,53,53,12.14,12.27,91.85,0.0,0.0,1.0,0.0,0.0,4,0,-12.21,8.32
EMP046,2026-02-23,53,Treasury Officer,Ahmedabad,COHORT039,0,0,0,20,0,0,209,1,54,54,11.71,11.57,0.0,0.0,0.0,20.0,0.0,0.0,4,0,6.79,8.32
EMP046,2026-02-24,54,Treasury Officer,Ahmedabad,COHORT039,0,0,0,12,0,0,181,1,55,55,11.57,12.17,1.4,0.0,0.0,12.0,0.0,0.0,4,0,-1.21,8.32
EMP046,2026-02-25,55,Treasury Officer,Ahmedabad,COHORT039,0,0,0,20,0,0,244,1,56,56,12.0,12.5,0.0,0.0,0.0,20.0,0.0,0.0,4,0,6.79,8.32
EMP046,2026-02-26,56,Treasury Officer,Ahmedabad,COHORT039,0,0,0,12,0,0,180,1,57,57,12.29,12.43,3.46,0.0,0.0,12.0,0.0,0.0,4,0,-1.21,8.32
EMP046,2026-02-27,57,Treasury Officer,Ahmedabad,COHORT039,0,0,0,23,0,0,170,1,58,58,11.29,12.0,0.0,0.0,0.0,23.0,0.0,0.0,4,0,9.79,8.32
EMP046,2026-02-28,58,Treasury Officer,Ahmedabad,COHORT039,0,0,0,2,0,0,20,1,59,59,12.86,11.97,83.29,0.0,0.0,2.0,0.0,0.0,4,0,-11.21,8.32
EMP046,2026-03-01,59,Treasury Officer,Ahmedabad,COHORT039,0,0,0,3,0,0,29,1,60,60,12.86,11.7,74.36,0.0,0.0,3.0,0.0,0.0,4,0,-10.21,8.32
EMP046,2026-03-02,60,Treasury Officer,Ahmedabad,COHORT039,0,0,0,13,0,0,219,1,61,61,13.14,11.2,0.0,0.0,0.0,13.0,0.0,0.0,4,0,-0.21,8.32
EMP046,2026-03-03,61,Treasury Officer,Ahmedabad,COHORT039,0,0,0,15,0,0,183,1,62,62,12.14,11.5,0.0,0.0,0.0,15.0,0.0,0.0,4,0,1.79,8.32
EMP046,2026-03-04,62,Treasury Officer,Ahmedabad,COHORT039,0,0,0,25,0,0,195,1,63,63,12.57,12.0,0.0,0.0,0.0,25.0,0.0,0.0,4,0,11.79,8.32
EMP046,2026-03-05,63,Treasury Officer,Ahmedabad,COHORT039,0,0,0,23,0,0,199,1,64,64,13.29,12.4,0.0,0.0,0.0,23.0,0.0,0.0,4,0,9.79,8.32
EMP046,2026-03-06,64,Treasury Officer,Ahmedabad,COHORT039,0,0,0,11,0,0,165,1,65,65,14.86,12.5,12.0,0.0,0.0,11.0,0.0,0.0,4,0,-2.21,8.32
EMP046,2026-03-07,65,Treasury Officer,Ahmedabad,COHORT039,0,0,0,0,0,0,1,1,66,66,13.14,12.37,100.0,0.0,0.0,0.0,0.0,75.0,1,3,-13.21,8.32
EMP046,2026-03-08,66,Treasury Officer,Ahmedabad,COHORT039,0,0,0,3,0,0,40,2,67,67,12.86,12.0,75.0,0.0,0.0,3.0,0.0,0.0,4,0,-10.21,8.32
EMP046,2026-03-09,67,Treasury Officer,Ahmedabad,COHORT039,0,0,0,16,0,0,153,1,68,68,12.86,11.6,0.0,0.0,0.0,16.0,0.0,0.0,4,0,2.79,8.32
EMP046,2026-03-10,68,Treasury Officer,Ahmedabad,COHORT039,0,0,0,23,0,0,225,1,69,69,13.29,12.0,0.0,0.0,0.0,23.0,0.0,0.0,4,0,9.79,8.32
EMP046,2026-03-11,69,Treasury Officer,Ahmedabad,COHORT039,0,0,0,23,0,0,207,1,70,70,14.43,12.7,0.0,0.0,0.0,23.0,0.0,0.0,4,0,9.79,8.32
EMP046,2026-03-12,70,Treasury Officer,Ahmedabad,COHORT039,0,0,0,11,0,0,202,1,71,71,14.14,13.1,16.03,0.0,0.0,11.0,0.0,0.0,4,0,-2.21,8.32
EMP046,2026-03-13,71,Treasury Officer,Ahmedabad,COHORT039,0,0,0,22,0,0,199,1,72,72,12.43,12.93,0.0,0.0,0.0,22.0,0.0,0.0,4,0,8.79,8.32
EMP046,2026-03-14,72,Treasury Officer,Ahmedabad,COHORT039,0,0,0,1,0,0,13,1,73,73,14.0,13.17,92.41,0.0,0.0,1.0,0.0,0.0,4,0,-12.21,8.32
EMP046,2026-03-15,73,Treasury Officer,Ahmedabad,COHORT039,0,0,0,1,0,0,19,1,74,74,14.14,12.67,92.11,0.0,0.0,1.0,0.0,0.0,4,0,-12.21,8.32
EMP046,2026-03-16,74,Treasury Officer,Ahmedabad,COHORT039,0,0,0,16,0,0,172,1,75,75,13.86,12.17,0.0,0.0,0.0,16.0,0.0,0.0,4,0,2.79,8.32
EMP046,2026-03-17,75,Treasury Officer,Ahmedabad,COHORT039,0,0,0,26,0,0,250,1,76,76,13.86,12.7,0.0,0.0,0.0,26.0,0.0,0.0,4,0,12.79,8.32
EMP046,2026-03-18,76,Treasury Officer,Ahmedabad,COHORT039,0,0,0,20,0,0,182,1,77,77,14.29,13.43,0.0,0.0,0.0,20.0,0.0,0.0,4,0,6.79,8.32
EMP046,2026-03-19,77,Treasury Officer,Ahmedabad,COHORT039,0,0,0,20,0,0,212,1,78,78,13.86,13.4,0.0,0.0,0.0,20.0,0.0,0.0,4,0,6.79,8.32
EMP046,2026-03-20,78,Treasury Officer,Ahmedabad,COHORT039,0,0,0,18,0,0,211,1,79,79,15.14,13.77,0.0,0.0,0.0,18.0,0.0,0.0,4,0,4.79,8.32
EMP046,2026-03-21,79,Treasury Officer,Ahmedabad,COHORT039,0,0,0,2,0,0,43,1,80,80,14.57,13.77,85.48,0.0,0.0,2.0,0.0,0.0,4,0,-11.21,8.32
EMP046,2026-03-22,80,Treasury Officer,Ahmedabad,COHORT039,0,0,0,3,0,0,25,1,81,81,14.71,13.2,77.27,0.0,0.0,3.0,0.0,0.0,4,0,-10.21,8.32
EMP046,2026-03-23,81,Treasury Officer,Ahmedabad,COHORT039,0,0,0,12,0,0,164,1,82,82,15.0,12.9,6.98,0.0,0.0,12.0,0.0,0.0,4,0,-1.21,8.32
EMP046,2026-03-24,82,Treasury Officer,Ahmedabad,COHORT039,0,0,0,22,0,0,201,1,83,83,14.43,13.23,0.0,0.0,0.0,22.0,0.0,0.0,4,0,8.79,8.32
EMP046,2026-03-25,83,Treasury Officer,Ahmedabad,COHORT039,0,0,0,17,0,0,226,1,84,84,13.86,13.93,0.0,0.0,0.0,17.0,0.0,0.0,4,0,3.79,8.32
EMP046,2026-03-26,84,Treasury Officer,Ahmedabad,COHORT039,0,0,0,13,0,0,145,1,85,85,13.43,13.83,6.0,0.0,0.0,13.0,0.0,0.0,4,0,-0.21,8.32
EMP046,2026-03-27,85,Treasury Officer,Ahmedabad,COHORT039,0,0,0,22,0,0,234,1,86,86,12.43,13.87,0.0,0.0,0.0,22.0,0.0,0.0,4,0,8.79,8.32
EMP046,2026-03-28,86,Treasury Officer,Ahmedabad,COHORT039,0,0,0,1,0,0,23,1,87,87,13.0,13.93,92.82,0.0,0.0,1.0,0.0,0.0,4,0,-12.21,8.32
EMP046,2026-03-29,87,Treasury Officer,Ahmedabad,COHORT039,0,0,0,0,0,0,4,1,88,88,12.86,13.57,100.0,0.0,0.0,0.0,0.0,50.0,2,2,-13.21,8.32
EMP046,2026-03-30,88,Treasury Officer,Ahmedabad,COHORT039,0,0,0,24,0,0,174,2,89,89,12.43,12.8,0.0,0.0,0.0,24.0,0.0,0.0,4,0,10.79,8.32
EMP046,2026-03-31,89,Treasury Officer,Ahmedabad,COHORT039,0,0,0,14,0,0,173,1,90,90,14.14,13.53,0.0,0.0,0.0,14.0,0.0,0.0,4,0,0.79,8.32
EMP047,2026-01-01,0,Risk Analyst,Mumbai,COHORT040,0,0,0,30,43,0,210,1,1,1,0.0,0.0,0.0,0.0,0.0,30.0,43.0,0.0,5,0,-1.7,18.9
EMP047,2026-01-02,1,Risk Analyst,Mumbai,COHORT040,0,0,0,39,46,0,231,1,1,2,30.0,30.0,0.0,0.0,0.0,39.0,46.0,0.0,5,0,7.3,18.9
EMP047,2026-01-03,2,Risk Analyst,Mumbai,COHORT040,0,0,0,5,2,0,24,1,1,3,34.5,34.5,85.51,95.51,0.0,5.0,2.0,0.0,5,0,-26.7,18.9
EMP047,2026-01-04,3,Risk Analyst,Mumbai,COHORT040,0,0,0,4,4,0,22,1,1,4,24.67,24.67,83.79,86.81,0.0,4.0,4.0,0.0,5,0,-27.7,18.9
EMP047,2026-01-05,4,Risk Analyst,Mumbai,COHORT040,0,0,0,53,28,0,224,1,1,5,19.5,19.5,0.0,0.0,0.0,53.0,28.0,0.0,5,0,21.3,18.9
EMP047,2026-01-06,5,Risk Analyst,Mumbai,COHORT040,0,0,0,33,23,0,213,1,1,6,26.2,26.2,0.0,6.5,0.0,33.0,23.0,0.0,5,0,1.3,18.9
EMP047,2026-01-07,6,Risk Analyst,Mumbai,COHORT040,0,0,0,32,25,0,210,1,1,7,27.33,27.33,0.0,0.0,0.0,32.0,25.0,0.0,5,0,0.3,18.9
EMP047,2026-01-08,7,Risk Analyst,Mumbai,COHORT040,0,0,0,35,30,0,223,1,1,8,28.0,28.0,0.0,0.0,0.0,35.0,30.0,0.0,5,0,3.3,18.9
EMP047,2026-01-09,8,Risk Analyst,Mumbai,COHORT040,0,0,0,50,19,0,216,1,1,9,28.71,28.88,0.0,24.36,0.0,50.0,19.0,0.0,5,0,18.3,18.9
EMP047,2026-01-10,9,Risk Analyst,Mumbai,COHORT040,0,0,0,0,0,0,0,1,1,10,30.29,31.22,100.0,100.0,0.0,0.0,0.0,100.0,0,5,-31.7,18.9
EMP047,2026-01-11,10,Risk Analyst,Mumbai,COHORT040,0,0,0,5,2,0,23,2,2,11,29.57,28.1,82.21,90.91,0.0,5.0,2.0,0.0,5,0,-26.7,18.9
EMP047,2026-01-12,11,Risk Analyst,Mumbai,COHORT040,0,0,0,38,30,0,230,1,1,12,29.71,26.0,0.0,0.0,0.0,38.0,30.0,0.0,5,0,6.3,18.9
EMP047,2026-01-13,12,Risk Analyst,Mumbai,COHORT040,0,0,0,46,44,0,273,1,1,13,27.57,27.0,0.0,0.0,0.0,46.0,44.0,0.0,5,0,14.3,18.9
EMP047,2026-01-14,13,Risk Analyst,Mumbai,COHORT040,0,0,0,36,23,0,200,1,1,14,29.43,28.46,0.0,0.0,0.0,36.0,23.0,0.0,5,0,4.3,18.9
EMP047,2026-01-15,14,Risk Analyst,Mumbai,COHORT040,0,0,0,43,31,0,235,1,1,15,30.0,29.0,0.0,0.0,0.0,43.0,31.0,0.0,5,0,11.3,18.9
EMP047,2026-01-16,15,Risk Analyst,Mumbai,COHORT040,0,0,0,43,38,0,265,1,1,16,31.14,29.93,0.0,0.0,0.0,43.0,38.0,0.0,5,0,11.3,18.9
EMP047,2026-01-17,16,Risk Analyst,Mumbai,COHORT040,0,0,0,10,5,0,45,1,1,17,30.14,30.75,67.48,79.38,0.0,10.0,5.0,0.0,5,0,-21.7,18.9
EMP047,2026-01-18,17,Risk Analyst,Mumbai,COHORT040,0,0,0,7,9,0,44,1,1,18,31.57,29.53,76.3,61.07,0.0,7.0,9.0,0.0,5,0,-24.7,18.9
EMP047,2026-01-19,18,Risk Analyst,Mumbai,COHORT040,0,0,0,43,38,0,234,1,1,19,31.86,28.28,0.0,0.0,0.0,43.0,38.0,0.0,5,0,11.3,18.9
EMP047,2026-01-20,19,Risk Analyst,Mumbai,COHORT040,0,0,0,39,17,0,191,1,1,20,32.57,29.05,0.0,26.6,0.0,39.0,17.0,0.0,5,0,7.3,18.9
EMP047,2026-01-21,20,Risk Analyst,Mumbai,COHORT040,0,0,0,54,29,0,263,1,1,21,31.57,29.55,0.0,0.0,0.0,54.0,29.0,0.0,5,0,22.3,18.9
EMP047,2026-01-22,21,Risk Analyst,Mumbai,COHORT040,0,0,0,45,45,0,243,1,1,22,34.14,30.71,0.0,0.0,0.0,45.0,45.0,0.0,5,0,13.3,18.9
EMP047,2026-01-23,22,Risk Analyst,Mumbai,COHORT040,0,0,0,54,37,0,274,1,1,23,34.43,31.36,0.0,0.0,0.0,54.0,37.0,0.0,5,0,22.3,18.9
EMP047,2026-01-24,23,Risk Analyst,Mumbai,COHORT040,0,0,0,1,1,0,5,1,1,24,36.0,32.35,96.91,95.95,0.0,1.0,1.0,20.0,4,1,-30.7,18.9
EMP047,2026-01-25,24,Risk Analyst,Mumbai,COHORT040,0,0,0,5,3,0,20,1,1,25,34.71,31.04,83.89,87.35,0.0,5.0,3.0,0.0,5,0,-26.7,18.9
EMP047,2026-01-26,25,Risk Analyst,Mumbai,COHORT040,0,0,0,46,20,0,247,1,1,26,34.43,30.0,0.0,12.59,0.0,46.0,20.0,0.0,5,0,14.3,18.9
EMP047,2026-01-27,26,Risk Analyst,Mumbai,COHORT040,0,0,0,60,42,0,303,1,1,27,34.86,30.62,0.0,0.0,0.0,60.0,42.0,0.0,5,0,28.3,18.9
EMP047,2026-01-28,27,Risk Analyst,Mumbai,COHORT040,0,0,0,35,34,0,219,1,1,28,37.86,31.7,0.0,0.0,0.0,35.0,34.0,0.0,5,0,3.3,18.9
EMP047,2026-01-29,28,Risk Analyst,Mumbai,COHORT040,0,0,0,31,22,0,230,1,1,29,35.14,31.82,2.58,7.8,0.0,31.0,22.0,0.0,5,0,-0.7,18.9
EMP047,2026-01-30,29,Risk Analyst,Mumbai,COHORT040,0,0,0,39,37,0,255,1,1,30,33.14,31.79,0.0,0.0,0.0,39.0,37.0,0.0,5,0,7.3,18.9
EMP047,2026-01-31,30,Risk Analyst,Mumbai,COHORT040,0,0,0,5,2,0,30,1,1,31,31.0,32.03,84.39,91.75,0.0,5.0,2.0,0.0,5,0,-26.7,18.9
EMP047,2026-02-01,31,Risk Analyst,Mumbai,COHORT040,0,0,0,5,3,0,31,1,1,32,31.57,31.2,83.97,86.88,0.0,5.0,3.0,0.0,5,0,-26.7,18.9
EMP047,2026-02-02,32,Risk Analyst,Mumbai,COHORT040,0,0,0,66,42,0,310,1,1,33,31.57,30.07,0.0,0.0,0.0,66.0,42.0,0.0,5,0,34.3,18.9
EMP047,2026-02-03,33,Risk Analyst,Mumbai,COHORT040,0,0,0,57,25,0,235,1,1,34,34.43,32.1,0.0,0.0,0.0,57.0,25.0,0.0,5,0,25.3,18.9
EMP047,2026-02-04,34,Risk Analyst,Mumbai,COHORT040,0,0,0,41,41,0,264,1,1,35,34.0,33.87,0.0,0.0,0.0,41.0,41.0,0.0,5,0,9.3,18.9
EMP047,2026-02-05,35,Risk Analyst,Mumbai,COHORT040,0,0,0,37,30,0,205,1,1,36,34.86,33.47,0.0,0.0,0.0,37.0,30.0,0.0,5,0,5.3,18.9
EMP047,2026-02-06,36,Risk Analyst,Mumbai,COHORT040,0,0,0,37,39,0,272,1,1,37,35.71,33.6,0.0,0.0,0.0,37.0,39.0,0.0,5,0,5.3,18.9
EMP047,2026-02-07,37,Risk Analyst,Mumbai,COHORT040,0,0,0,5,5,0,30,1,1,38,35.43,33.77,85.19,79.67,0.0,5.0,5.0,0.0,5,0,-26.7,18.9
EMP047,2026-02-08,38,Risk Analyst,Mumbai,COHORT040,0,0,0,6,5,0,39,1,1,39,35.43,32.77,81.69,78.97,0.0,6.0,5.0,0.0,5,0,-25.7,18.9
EMP047,2026-02-09,39,Risk Analyst,Mumbai,COHORT040,0,0,0,39,35,0,250,1,1,40,35.57,31.3,0.0,0.0,0.0,39.0,35.0,0.0,5,0,7.3,18.9
EMP047,2026-02-10,40,Risk Analyst,Mumbai,COHORT040,0,0,0,56,26,0,249,1,1,41,31.71,32.6,0.0,0.0,0.0,56.0,26.0,0.0,5,0,24.3,18.9
EMP047,2026-02-11,41,Risk Analyst,Mumbai,COHORT040,0,0,0,29,41,0,218,1,1,42,31.57,34.3,15.45,0.0,0.0,29.0,41.0,0.0,5,0,-2.7,18.9
EMP047,2026-02-12,42,Risk Analyst,Mumbai,COHORT040,0,0,0,31,26,0,223,1,1,43,29.86,34.0,8.82,0.0,0.0,31.0,26.0,0.0,5,0,-0.7,18.9
EMP047,2026-02-13,43,Risk Analyst,Mumbai,COHORT040,0,0,0,33,33,0,254,1,1,44,29.0,33.5,1.49,0.0,0.0,33.0,33.0,0.0,5,0,1.3,18.9
EMP047,2026-02-14,44,Risk Analyst,Mumbai,COHORT040,0,0,0,10,6,0,39,1,1,45,28.43,33.4,70.06,76.35,0.0,10.0,6.0,0.0,5,0,-21.7,18.9
EMP047,2026-02-15,45,Risk Analyst,Mumbai,COHORT040,0,0,0,13,8,0,60,1,1,46,29.14,32.3,59.75,67.39,0.0,13.0,8.0,0.0,5,0,-18.7,18.9
EMP047,2026-02-16,46,Risk Analyst,Mumbai,COHORT040,0,0,0,41,24,0,257,1,1,47,30.14,31.3,0.0,0.0,0.0,41.0,24.0,0.0,5,0,9.3,18.9
EMP047,2026-02-17,47,Risk Analyst,Mumbai,COHORT040,0,0,0,48,44,0,263,1,1,48,30.43,32.33,0.0,0.0,0.0,48.0,44.0,0.0,5,0,16.3,18.9
EMP047,2026-02-18,48,Risk Analyst,Mumbai,COHORT040,0,0,0,61,23,0,299,1,1,49,29.29,33.7,0.0,9.2,0.0,61.0,23.0,0.0,5,0,29.3,18.9
EMP047,2026-02-19,49,Risk Analyst,Mumbai,COHORT040,0,0,0,36,20,0,211,1,1,50,33.86,34.3,0.0,19.45,0.0,36.0,20.0,0.0,5,0,4.3,18.9
EMP047,2026-02-20,50,Risk Analyst,Mumbai,COHORT040,0,0,0,43,32,0,239,1,1,51,34.57,34.2,0.0,0.0,0.0,43.0,32.0,0.0,5,0,11.3,18.9
EMP047,2026-02-21,51,Risk Analyst,Mumbai,COHORT040,0,0,0,7,5,0,44,1,1,52,36.0,33.83,79.31,80.02,0.0,7.0,5.0,0.0,5,0,-24.7,18.9
EMP047,2026-02-22,52,Risk Analyst,Mumbai,COHORT040,0,0,0,3,1,0,17,1,1,53,35.57,32.57,90.79,95.78,0.0,3.0,1.0,0.0,5,0,-28.7,18.9
EMP047,2026-02-23,53,Risk Analyst,Mumbai,COHORT040,0,0,0,57,44,0,291,1,1,54,34.14,30.87,0.0,0.0,0.0,57.0,44.0,0.0,5,0,25.3,18.9
EMP047,2026-02-24,54,Risk Analyst,Mumbai,COHORT040,0,0,0,47,29,0,215,1,1,55,36.43,32.73,0.0,0.0,0.0,47.0,29.0,0.0,5,0,15.3,18.9
EMP047,2026-02-25,55,Risk Analyst,Mumbai,COHORT040,0,0,0,45,36,0,248,1,1,56,36.29,34.13,0.0,0.0,0.0,45.0,36.0,0.0,5,0,13.3,18.9
EMP047,2026-02-26,56,Risk Analyst,Mumbai,COHORT040,0,0,0,30,31,0,208,1,1,57,34.0,34.1,12.02,0.0,0.0,30.0,31.0,0.0,5,0,-1.7,18.9
EMP047,2026-02-27,57,Risk Analyst,Mumbai,COHORT040,0,0,0,41,29,0,210,1,1,58,33.14,33.1,0.0,0.0,0.0,41.0,29.0,0.0,5,0,9.3,18.9
EMP047,2026-02-28,58,Risk Analyst,Mumbai,COHORT040,0,0,0,1,1,0,8,1,1,59,32.86,33.3,97.0,95.97,0.0,1.0,1.0,0.0,5,0,-30.7,18.9
EMP047,2026-03-01,59,Risk Analyst,Mumbai,COHORT040,0,0,0,6,5,0,30,1,1,60,32.0,32.3,81.42,79.25,0.0,6.0,5.0,0.0,5,0,-25.7,18.9
EMP047,2026-03-02,60,Risk Analyst,Mumbai,COHORT040,0,0,0,38,30,0,275,1,1,61,32.43,31.2,0.0,0.0,0.0,38.0,30.0,0.0,5,0,6.3,18.9
EMP047,2026-03-03,61,Risk Analyst,Mumbai,COHORT040,0,0,0,42,22,0,255,1,1,62,29.71,32.3,0.0,8.22,0.0,42.0,22.0,0.0,5,0,10.3,18.9
EMP047,2026-03-04,62,Risk Analyst,Mumbai,COHORT040,0,0,0,32,27,0,212,1,1,63,29.0,33.53,4.56,0.0,0.0,32.0,27.0,0.0,5,0,0.3,18.9
EMP047,2026-03-05,63,Risk Analyst,Mumbai,COHORT040,0,0,0,32,30,0,217,1,1,64,27.14,32.4,1.23,0.0,0.0,32.0,30.0,0.0,5,0,0.3,18.9
EMP047,2026-03-06,64,Risk Analyst,Mumbai,COHORT040,0,0,0,30,29,0,221,1,1,65,27.43,31.57,4.97,0.0,0.0,30.0,29.0,0.0,5,0,-1.7,18.9
EMP047,2026-03-07,65,Risk Analyst,Mumbai,COHORT040,0,0,0,3,4,0,29,1,1,66,25.86,31.2,90.38,83.24,0.0,3.0,4.0,0.0,5,0,-28.7,18.9
EMP047,2026-03-08,66,Risk Analyst,Mumbai,COHORT040,0,0,0,7,3,0,43,1,1,67,26.14,30.07,76.72,86.96,0.0,7.0,3.0,0.0,5,0,-24.7,18.9
EMP047,2026-03-09,67,Risk Analyst,Mumbai,COHORT040,0,0,0,44,33,0,244,1,1,68,26.29,29.07,0.0,0.0,0.0,44.0,33.0,0.0,5,0,12.3,18.9
EMP047,2026-03-10,68,Risk Analyst,Mumbai,COHORT040,0,0,0,32,24,0,193,1,1,69,27.14,30.37,0.0,0.0,0.0,32.0,24.0,0.0,5,0,0.3,18.9
EMP047,2026-03-11,69,Risk Analyst,Mumbai,COHORT040,0,0,0,43,48,0,240,1,1,70,25.71,31.23,0.0,0.0,0.0,43.0,48.0,0.0,5,0,11.3,18.9
EMP047,2026-03-12,70,Risk Analyst,Mumbai,COHORT040,0,0,0,62,37,0,251,1,1,71,27.29,31.37,0.0,0.0,0.0,62.0,37.0,0.0,5,0,30.3,18.9
EMP047,2026-03-13,71,Risk Analyst,Mumbai,COHORT040,0,0,0,56,40,0,288,1,1,72,31.57,31.57,0.0,0.0,0.0,56.0,40.0,0.0,5,0,24.3,18.9
EMP047,2026-03-14,72,Risk Analyst,Mumbai,COHORT040,0,0,0,1,0,0,2,1,1,73,35.29,32.47,96.92,100.0,0.0,1.0,0.0,60.0,2,3,-30.7,18.9
EMP047,2026-03-15,73,Risk Analyst,Mumbai,COHORT040,0,0,0,10,5,0,56,1,2,74,35.0,31.47,68.22,78.51,0.0,10.0,5.0,0.0,5,0,-21.7,18.9
EMP047,2026-03-16,74,Risk Analyst,Mumbai,COHORT040,0,0,0,31,26,0,210,1,1,75,35.43,30.7,0.0,0.0,0.0,31.0,26.0,0.0,5,0,-0.7,18.9
EMP047,2026-03-17,75,Risk Analyst,Mumbai,COHORT040,0,0,0,32,38,0,226,1,1,76,33.57,31.4,0.0,0.0,0.0,32.0,38.0,0.0,5,0,0.3,18.9
EMP047,2026-03-18,76,Risk Analyst,Mumbai,COHORT040,0,0,0,57,28,0,245,1,1,77,33.57,32.03,0.0,0.0,0.0,57.0,28.0,0.0,5,0,25.3,18.9
EMP047,2026-03-19,77,Risk Analyst,Mumbai,COHORT040,0,0,0,46,41,0,232,1,1,78,35.57,32.57,0.0,0.0,0.0,46.0,41.0,0.0,5,0,14.3,18.9
EMP047,2026-03-20,78,Risk Analyst,Mumbai,COHORT040,0,0,0,44,46,0,292,1,1,79,33.29,32.5,0.0,0.0,0.0,44.0,46.0,0.0,5,0,12.3,18.9
EMP047,2026-03-21,79,Risk Analyst,Mumbai,COHORT040,0,0,0,0,0,0,1,1,1,80,31.57,31.93,100.0,100.0,0.0,0.0,0.0,80.0,1,4,-31.7,18.9
EMP047,2026-03-22,80,Risk Analyst,Mumbai,COHORT040,0,0,0,3,3,0,24,2,2,81,31.43,30.73,90.24,87.57,0.0,3.0,3.0,0.0,5,0,-28.7,18.9
EMP047,2026-03-23,81,Risk Analyst,Mumbai,COHORT040,0,0,0,30,45,0,245,1,1,82,30.43,29.4,0.0,0.0,0.0,30.0,45.0,0.0,5,0,-1.7,18.9
EMP047,2026-03-24,82,Risk Analyst,Mumbai,COHORT040,0,0,0,45,36,0,233,1,1,83,30.29,30.17,0.0,0.0,0.0,45.0,36.0,0.0,5,0,13.3,18.9
EMP047,2026-03-25,83,Risk Analyst,Mumbai,COHORT040,0,0,0,49,36,0,248,1,1,84,32.14,31.57,0.0,0.0,0.0,49.0,36.0,0.0,5,0,17.3,18.9
EMP047,2026-03-26,84,Risk Analyst,Mumbai,COHORT040,0,0,0,59,26,0,267,1,1,85,31.0,31.3,0.0,0.0,0.0,59.0,26.0,0.0,5,0,27.3,18.9
EMP047,2026-03-27,85,Risk Analyst,Mumbai,COHORT040,0,0,0,44,34,0,274,1,1,86,32.86,31.7,0.0,0.0,0.0,44.0,34.0,0.0,5,0,12.3,18.9
EMP047,2026-03-28,86,Risk Analyst,Mumbai,COHORT040,0,0,0,9,4,0,36,1,1,87,32.86,31.67,71.58,84.15,0.0,9.0,4.0,0.0,5,0,-22.7,18.9
EMP047,2026-03-29,87,Risk Analyst,Mumbai,COHORT040,0,0,0,0,0,0,3,1,1,88,34.14,30.97,100.0,100.0,0.0,0.0,0.0,60.0,2,3,-31.7,18.9
EMP047,2026-03-30,88,Risk Analyst,Mumbai,COHORT040,0,0,0,31,29,0,224,2,2,89,33.71,29.6,0.0,0.0,0.0,31.0,29.0,0.0,5,0,-0.7,18.9
EMP047,2026-03-31,89,Risk Analyst,Mumbai,COHORT040,0,0,0,44,36,0,262,1,1,90,33.86,30.6,0.0,0.0,0.0,44.0,36.0,0.0,5,0,12.3,18.9
EMP048,2026-01-01,0,Risk Analyst,Bangalore,COHORT041,0,0,0,32,33,0,221,1,1,1,0.0,0.0,0.0,0.0,0.0,32.0,33.0,0.0,5,0,-1.72,19.93
EMP048,2026-01-02,1,Risk Analyst,Bangalore,COHORT041,0,0,0,40,39,0,223,1,1,2,32.0,32.0,0.0,0.0,0.0,40.0,39.0,0.0,5,0,6.28,19.93
EMP048,2026-01-03,2,Risk Analyst,Bangalore,COHORT041,0,0,0,1,1,0,7,1,1,3,36.0,36.0,97.22,97.22,0.0,1.0,1.0,0.0,5,0,-32.72,19.93
EMP048,2026-01-04,3,Risk Analyst,Bangalore,COHORT041,0,0,0,3,2,0,23,1,1,4,24.33,24.33,87.67,91.78,0.0,3.0,2.0,0.0,5,0,-30.72,19.93
EMP048,2026-01-05,4,Risk Analyst,Bangalore,COHORT041,0,0,0,42,48,0,259,1,1,5,19.0,19.0,0.0,0.0,0.0,42.0,48.0,0.0,5,0,8.28,19.93
EMP048,2026-01-06,5,Risk Analyst,Bangalore,COHORT041,0,0,0,31,27,0,234,1,1,6,23.6,23.6,0.0,0.0,0.0,31.0,27.0,0.0,5,0,-2.72,19.93
EMP048,2026-01-07,6,Risk Analyst,Bangalore,COHORT041,0,0,0,62,32,0,250,1,1,7,24.83,24.83,0.0,0.0,0.0,62.0,32.0,0.0,5,0,28.28,19.93
EMP048,2026-01-08,7,Risk Analyst,Bangalore,COHORT041,0,0,0,29,32,0,237,1,1,8,30.14,30.14,3.78,0.0,0.0,29.0,32.0,0.0,5,0,-4.72,19.93
EMP048,2026-01-09,8,Risk Analyst,Bangalore,COHORT041,0,0,0,38,35,0,255,1,1,9,29.71,30.0,0.0,0.0,0.0,38.0,35.0,0.0,5,0,4.28,19.93
EMP048,2026-01-10,9,Risk Analyst,Bangalore,COHORT041,0,0,0,8,5,0,34,1,1,10,29.43,30.89,74.1,81.93,0.0,8.0,5.0,0.0,5,0,-25.72,19.93
EMP048,2026-01-11,10,Risk Analyst,Bangalore,COHORT041,0,0,0,5,6,0,32,1,1,11,30.43,28.6,82.52,76.38,0.0,5.0,6.0,0.0,5,0,-28.72,19.93
EMP048,2026-01-12,11,Risk Analyst,Bangalore,COHORT041,0,0,0,44,35,0,232,1,1,12,30.71,26.45,0.0,0.0,0.0,44.0,35.0,0.0,5,0,10.28,19.93
EMP048,2026-01-13,12,Risk Analyst,Bangalore,COHORT041,0,0,0,43,30,0,212,1,1,13,31.0,27.92,0.0,0.0,0.0,43.0,30.0,0.0,5,0,9.28,19.93
EMP048,2026-01-14,13,Risk Analyst,Bangalore,COHORT041,0,0,0,43,34,0,259,1,1,14,32.71,29.08,0.0,0.0,0.0,43.0,34.0,0.0,5,0,9.28,19.93
EMP048,2026-01-15,14,Risk Analyst,Bangalore,COHORT041,0,0,0,36,21,0,199,1,1,15,30.0,30.07,0.0,18.1,0.0,36.0,21.0,0.0,5,0,2.28,19.93
EMP048,2026-01-16,15,Risk Analyst,Bangalore,COHORT041,0,0,0,61,34,0,271,1,1,16,31.0,30.47,0.0,0.0,0.0,61.0,34.0,0.0,5,0,27.28,19.93
EMP048,2026-01-17,16,Risk Analyst,Bangalore,COHORT041,0,0,0,4,3,0,24,1,1,17,34.29,32.38,87.65,88.41,0.0,4.0,3.0,0.0,5,0,-29.72,19.93
EMP048,2026-01-18,17,Risk Analyst,Bangalore,COHORT041,0,0,0,6,9,0,53,1,1,18,33.71,30.71,80.46,63.31,0.0,6.0,9.0,0.0,5,0,-27.72,19.93
EMP048,2026-01-19,18,Risk Analyst,Bangalore,COHORT041,0,0,0,53,36,0,268,1,1,19,33.86,29.33,0.0,0.0,0.0,53.0,36.0,0.0,5,0,19.28,19.93
EMP048,2026-01-20,19,Risk Analyst,Bangalore,COHORT041,0,0,0,56,35,0,294,1,1,20,35.14,30.58,0.0,0.0,0.0,56.0,35.0,0.0,5,0,22.28,19.93
EMP048,2026-01-21,20,Risk Analyst,Bangalore,COHORT041,0,0,0,37,28,0,229,1,1,21,37.0,31.85,0.0,0.0,0.0,37.0,28.0,0.0,5,0,3.28,19.93
EMP048,2026-01-22,21,Risk Analyst,Bangalore,COHORT041,0,0,0,63,33,0,249,1,1,22,36.14,32.1,0.0,0.0,0.0,63.0,33.0,0.0,5,0,29.28,19.93
EMP048,2026-01-23,22,Risk Analyst,Bangalore,COHORT041,0,0,0,63,25,0,243,1,1,23,40.0,33.5,0.0,1.42,0.0,63.0,25.0,0.0,5,0,29.28,19.93
EMP048,2026-01-24,23,Risk Analyst,Bangalore,COHORT041,0,0,0,5,6,0,42,1,1,24,40.29,34.78,85.62,76.33,0.0,5.0,6.0,0.0,5,0,-28.72,19.93
EMP048,2026-01-25,24,Risk Analyst,Bangalore,COHORT041,0,0,0,2,3,0,17,1,1,25,40.43,33.54,94.04,87.78,0.0,2.0,3.0,0.0,5,0,-31.72,19.93
EMP048,2026-01-26,25,Risk Analyst,Bangalore,COHORT041,0,0,0,34,27,0,234,1,1,26,39.86,32.28,0.0,0.0,0.0,34.0,27.0,0.0,5,0,0.28,19.93
EMP048,2026-01-27,26,Risk Analyst,Bangalore,COHORT041,0,0,0,35,48,0,227,1,1,27,37.14,32.35,0.0,0.0,0.0,35.0,48.0,0.0,5,0,1.28,19.93
EMP048,2026-01-28,27,Risk Analyst,Bangalore,COHORT041,0,0,0,30,35,0,230,1,1,28,34.14,32.44,7.52,0.0,0.0,30.0,35.0,0.0,5,0,-3.72,19.93
EMP048,2026-01-29,28,Risk Analyst,Bangalore,COHORT041,0,0,0,62,33,0,265,1,1,29,33.14,32.36,0.0,0.0,0.0,62.0,33.0,0.0,5,0,28.28,19.93
EMP048,2026-01-30,29,Risk Analyst,Bangalore,COHORT041,0,0,0,49,36,0,260,1,1,30,33.0,33.38,0.0,0.0,0.0,49.0,36.0,0.0,5,0,15.28,19.93
EMP048,2026-01-31,30,Risk Analyst,Bangalore,COHORT041,0,0,0,1,1,0,9,1,1,31,31.0,33.9,97.05,96.11,0.0,1.0,1.0,0.0,5,0,-32.72,19.93
EMP048,2026-02-01,31,Risk Analyst,Bangalore,COHORT041,0,0,0,8,4,0,32,1,1,32,30.43,32.87,75.66,83.76,0.0,8.0,4.0,0.0,5,0,-25.72,19.93
EMP048,2026-02-02,32,Risk Analyst,Bangalore,COHORT041,0,0,0,49,25,0,199,1,1,33,31.29,31.8,0.0,0.0,0.0,49.0,25.0,0.0,5,0,15.28,19.93
EMP048,2026-02-03,33,Risk Analyst,Bangalore,COHORT041,0,0,0,54,35,0,242,1,1,34,33.43,33.4,0.0,0.0,0.0,54.0,35.0,0.0,5,0,20.28,19.93
EMP048,2026-02-04,34,Risk Analyst,Bangalore,COHORT041,0,0,0,53,23,0,226,1,1,35,36.14,35.1,0.0,9.34,0.0,53.0,23.0,0.0,5,0,19.28,19.93
EMP048,2026-02-05,35,Risk Analyst,Bangalore,COHORT041,0,0,0,49,38,0,264,1,1,36,39.43,35.47,0.0,0.0,0.0,49.0,38.0,0.0,5,0,15.28,19.93
EMP048,2026-02-06,36,Risk Analyst,Bangalore,COHORT041,0,0,0,49,43,0,297,1,1,37,37.57,36.07,0.0,0.0,0.0,49.0,43.0,0.0,5,0,15.28,19.93
EMP048,2026-02-07,37,Risk Analyst,Bangalore,COHORT041,0,0,0,1,1,0,4,1,1,38,37.57,35.63,97.19,96.04,0.0,1.0,1.0,40.0,3,2,-32.72,19.93
EMP048,2026-02-08,38,Risk Analyst,Bangalore,COHORT041,0,0,0,8,3,0,33,1,1,39,37.57,34.7,76.95,87.62,0.0,8.0,3.0,0.0,5,0,-25.72,19.93
EMP048,2026-02-09,39,Risk Analyst,Bangalore,COHORT041,0,0,0,47,37,0,256,1,1,40,37.57,33.7,0.0,0.0,0.0,47.0,37.0,0.0,5,0,13.28,19.93
EMP048,2026-02-10,40,Risk Analyst,Bangalore,COHORT041,0,0,0,40,24,0,211,1,1,41,37.29,35.0,0.0,0.95,0.0,40.0,24.0,0.0,5,0,6.28,19.93
EMP048,2026-02-11,41,Risk Analyst,Bangalore,COHORT041,0,0,0,51,23,0,214,1,1,42,35.29,36.17,0.0,7.37,0.0,51.0,23.0,0.0,5,0,17.28,19.93
EMP048,2026-02-12,42,Risk Analyst,Bangalore,COHORT041,0,0,0,57,21,0,251,1,1,43,35.0,36.4,0.0,14.04,0.0,57.0,21.0,0.0,5,0,23.28,19.93
EMP048,2026-02-13,43,Risk Analyst,Bangalore,COHORT041,0,0,0,38,42,0,254,1,1,44,36.14,36.87,0.0,0.0,0.0,38.0,42.0,0.0,5,0,4.28,19.93
EMP048,2026-02-14,44,Risk Analyst,Bangalore,COHORT041,0,0,0,10,6,0,45,1,1,45,34.57,36.7,72.75,75.41,0.0,10.0,6.0,0.0,5,0,-23.72,19.93
EMP048,2026-02-15,45,Risk Analyst,Bangalore,COHORT041,0,0,0,12,6,0,45,1,1,46,35.86,35.83,66.51,74.9,0.0,12.0,6.0,0.0,5,0,-21.72,19.93
EMP048,2026-02-16,46,Risk Analyst,Bangalore,COHORT041,0,0,0,38,22,0,208,1,1,47,36.43,34.2,0.0,4.22,0.0,38.0,22.0,0.0,5,0,4.28,19.93
EMP048,2026-02-17,47,Risk Analyst,Bangalore,COHORT041,0,0,0,47,25,0,212,1,1,48,35.14,35.33,0.0,0.0,0.0,47.0,25.0,0.0,5,0,13.28,19.93
EMP048,2026-02-18,48,Risk Analyst,Bangalore,COHORT041,0,0,0,51,35,0,277,1,1,49,36.14,36.7,0.0,0.0,0.0,51.0,35.0,0.0,5,0,17.28,19.93
EMP048,2026-02-19,49,Risk Analyst,Bangalore,COHORT041,0,0,0,34,43,0,265,1,1,50,36.14,36.63,7.18,0.0,0.0,34.0,43.0,0.0,5,0,0.28,19.93
EMP048,2026-02-20,50,Risk Analyst,Bangalore,COHORT041,0,0,0,58,35,0,290,1,1,51,32.86,35.9,0.0,0.0,0.0,58.0,35.0,0.0,5,0,24.28,19.93
EMP048,2026-02-21,51,Risk Analyst,Bangalore,COHORT041,0,0,0,1,1,0,6,1,1,52,35.71,36.6,97.27,95.93,0.0,1.0,1.0,20.0,4,1,-32.72,19.93
EMP048,2026-02-22,52,Risk Analyst,Bangalore,COHORT041,0,0,0,3,2,0,14,1,1,53,34.43,34.53,91.31,91.5,0.0,3.0,2.0,0.0,5,0,-30.72,19.93
EMP048,2026-02-23,53,Risk Analyst,Bangalore,COHORT041,0,0,0,31,28,0,210,1,1,54,33.14,32.53,4.7,0.0,0.0,31.0,28.0,0.0,5,0,-2.72,19.93
EMP048,2026-02-24,54,Risk Analyst,Bangalore,COHORT041,0,0,0,31,43,0,237,1,1,55,32.14,33.4,7.19,0.0,0.0,31.0,43.0,0.0,5,0,-2.72,19.93
EMP048,2026-02-25,55,Risk Analyst,Bangalore,COHORT041,0,0,0,57,19,0,265,1,1,56,29.86,34.37,0.0,23.48,0.0,57.0,19.0,0.0,5,0,23.28,19.93
EMP048,2026-02-26,56,Risk Analyst,Bangalore,COHORT041,0,0,0,51,28,0,230,1,1,57,30.71,35.13,0.0,0.0,0.0,51.0,28.0,0.0,5,0,17.28,19.93
EMP048,2026-02-27,57,Risk Analyst,Bangalore,COHORT041,0,0,0,47,27,0,229,1,1,58,33.14,35.67,0.0,0.0,0.0,47.0,27.0,0.0,5,0,13.28,19.93
EMP048,2026-02-28,58,Risk Analyst,Bangalore,COHORT041,0,0,0,3,2,0,16,1,1,59,31.57,36.23,91.72,91.54,0.0,3.0,2.0,0.0,5,0,-30.72,19.93
EMP048,2026-03-01,59,Risk Analyst,Bangalore,COHORT041,0,0,0,9,7,0,50,1,1,60,31.86,34.27,73.74,69.03,0.0,9.0,7.0,0.0,5,0,-24.72,19.93
EMP048,2026-03-02,60,Risk Analyst,Bangalore,COHORT041,0,0,0,57,35,0,237,1,1,61,32.71,32.93,0.0,0.0,0.0,57.0,35.0,0.0,5,0,23.28,19.93
EMP048,2026-03-03,61,Risk Analyst,Bangalore,COHORT041,0,0,0,46,41,0,249,1,1,62,36.43,34.8,0.0,0.0,0.0,46.0,41.0,0.0,5,0,12.28,19.93
EMP048,2026-03-04,62,Risk Analyst,Bangalore,COHORT041,0,0,0,52,27,0,252,1,1,63,38.57,36.07,0.0,0.0,0.0,52.0,27.0,0.0,5,0,18.28,19.93
EMP048,2026-03-05,63,Risk Analyst,Bangalore,COHORT041,0,0,0,47,40,0,265,1,1,64,37.86,36.17,0.0,0.0,0.0,47.0,40.0,0.0,5,0,13.28,19.93
EMP048,2026-03-06,64,Risk Analyst,Bangalore,COHORT041,0,0,0,53,24,0,258,1,1,65,37.29,35.93,0.0,0.95,0.0,53.0,24.0,0.0,5,0,19.28,19.93
EMP048,2026-03-07,65,Risk Analyst,Bangalore,COHORT041,0,0,0,2,2,0,14,1,1,66,38.14,35.93,94.43,91.76,0.0,2.0,2.0,0.0,5,0,-31.72,19.93
EMP048,2026-03-08,66,Risk Analyst,Bangalore,COHORT041,0,0,0,9,3,0,42,1,1,67,38.0,34.37,73.81,87.0,0.0,9.0,3.0,0.0,5,0,-24.72,19.93
EMP048,2026-03-09,67,Risk Analyst,Bangalore,COHORT041,0,0,0,53,21,0,243,1,1,68,38.0,33.03,0.0,3.36,0.0,53.0,21.0,0.0,5,0,19.28,19.93
EMP048,2026-03-10,68,Risk Analyst,Bangalore,COHORT041,0,0,0,37,27,0,224,1,1,69,37.43,34.77,0.0,0.0,0.0,37.0,27.0,0.0,5,0,3.28,19.93
EMP048,2026-03-11,69,Risk Analyst,Bangalore,COHORT041,0,0,0,63,39,0,262,1,1,70,36.14,35.73,0.0,0.0,0.0,63.0,39.0,0.0,5,0,29.28,19.93
EMP048,2026-03-12,70,Risk Analyst,Bangalore,COHORT041,0,0,0,38,21,0,222,1,1,71,37.71,36.27,0.0,9.76,0.0,38.0,21.0,0.0,5,0,4.28,19.93
EMP048,2026-03-13,71,Risk Analyst,Bangalore,COHORT041,0,0,0,45,38,0,257,1,1,72,36.43,36.2,0.0,0.0,0.0,45.0,38.0,0.0,5,0,11.28,19.93
EMP048,2026-03-14,72,Risk Analyst,Bangalore,COHORT041,0,0,0,5,4,0,21,1,1,73,35.29,36.0,86.11,83.1,0.0,5.0,4.0,0.0,5,0,-28.72,19.93
EMP048,2026-03-15,73,Risk Analyst,Bangalore,COHORT041,0,0,0,1,0,0,5,1,1,74,35.71,34.27,97.08,100.0,0.0,1.0,0.0,20.0,4,1,-32.72,19.93
EMP048,2026-03-16,74,Risk Analyst,Bangalore,COHORT041,0,0,0,36,40,0,268,1,2,75,34.57,33.03,0.0,0.0,0.0,36.0,40.0,0.0,5,0,2.28,19.93
EMP048,2026-03-17,75,Risk Analyst,Bangalore,COHORT041,0,0,0,55,29,0,257,1,1,76,32.14,33.9,0.0,0.0,0.0,55.0,29.0,0.0,5,0,21.28,19.93
EMP048,2026-03-18,76,Risk Analyst,Bangalore,COHORT041,0,0,0,37,33,0,266,1,1,77,34.71,35.33,0.0,0.0,0.0,37.0,33.0,0.0,5,0,3.28,19.93
EMP048,2026-03-19,77,Risk Analyst,Bangalore,COHORT041,0,0,0,46,26,0,240,1,1,78,31.0,35.3,0.0,0.0,0.0,46.0,26.0,0.0,5,0,12.28,19.93
EMP048,2026-03-20,78,Risk Analyst,Bangalore,COHORT041,0,0,0,44,28,0,261,1,1,79,32.14,35.27,0.0,0.0,0.0,44.0,28.0,0.0,5,0,10.28,19.93
EMP048,2026-03-21,79,Risk Analyst,Bangalore,COHORT041,0,0,0,12,7,0,58,1,1,80,32.0,35.03,65.74,70.55,0.0,12.0,7.0,0.0,5,0,-21.72,19.93
EMP048,2026-03-22,80,Risk Analyst,Bangalore,COHORT041,0,0,0,9,4,0,36,1,1,81,33.0,34.3,73.76,82.28,0.0,9.0,4.0,0.0,5,0,-24.72,19.93
EMP048,2026-03-23,81,Risk Analyst,Bangalore,COHORT041,0,0,0,31,45,0,234,1,1,82,34.14,32.67,5.11,0.0,0.0,31.0,45.0,0.0,5,0,-2.72,19.93
EMP048,2026-03-24,82,Risk Analyst,Bangalore,COHORT041,0,0,0,35,39,0,219,1,1,83,33.43,33.67,0.0,0.0,0.0,35.0,39.0,0.0,5,0,1.28,19.93
EMP048,2026-03-25,83,Risk Analyst,Bangalore,COHORT041,0,0,0,46,27,0,216,1,1,84,30.57,34.73,0.0,0.0,0.0,46.0,27.0,0.0,5,0,12.28,19.93
EMP048,2026-03-26,84,Risk Analyst,Bangalore,COHORT041,0,0,0,33,34,0,225,1,1,85,31.86,35.23,6.33,0.0,0.0,33.0,34.0,0.0,5,0,-0.72,19.93
EMP048,2026-03-27,85,Risk Analyst,Bangalore,COHORT041,0,0,0,49,30,0,264,1,1,86,30.0,35.3,0.0,0.0,0.0,49.0,30.0,0.0,5,0,15.28,19.93
EMP048,2026-03-28,86,Risk Analyst,Bangalore,COHORT041,0,0,0,2,3,0,16,1,1,87,30.71,35.03,94.29,87.64,0.0,2.0,3.0,0.0,5,0,-31.72,19.93
EMP048,2026-03-29,87,Risk Analyst,Bangalore,COHORT041,0,0,0,9,10,0,59,1,1,88,29.29,33.4,73.05,57.32,0.0,9.0,10.0,0.0,5,0,-24.72,19.93
EMP048,2026-03-30,88,Risk Analyst,Bangalore,COHORT041,0,0,0,43,20,0,235,1,1,89,29.29,32.13,0.0,12.55,0.0,43.0,20.0,0.0,5,0,9.28,19.93
EMP048,2026-03-31,89,Risk Analyst,Bangalore,COHORT041,0,0,0,35,40,0,232,1,1,90,31.0,33.47,0.0,0.0,0.0,35.0,40.0,0.0,5,0,1.28,19.93
EMP049,2026-01-01,0,Risk Analyst,Surat,COHORT042,0,0,0,30,32,0,201,1,1,1,0.0,0.0,0.0,0.0,0.0,30.0,32.0,0.0,5,0,-3.53,19.19
EMP049,2026-01-02,1,Risk Analyst,Surat,COHORT042,0,0,0,56,43,0,249,1,1,2,30.0,30.0,0.0,0.0,0.0,56.0,43.0,0.0,5,0,22.47,19.19
EMP049,2026-01-03,2,Risk Analyst,Surat,COHORT042,0,0,0,1,1,0,5,1,1,3,43.0,43.0,97.67,97.33,0.0,1.0,1.0,40.0,3,2,-32.53,19.19
EMP049,2026-01-04,3,Risk Analyst,Surat,COHORT042,0,0,0,5,3,0,30,1,1,4,29.0,29.0,82.76,88.16,0.0,5.0,3.0,0.0,5,0,-28.53,19.19
EMP049,2026-01-05,4,Risk Analyst,Surat,COHORT042,0,0,0,46,40,0,270,1,1,5,23.0,23.0,0.0,0.0,0.0,46.0,40.0,0.0,5,0,12.47,19.19
EMP049,2026-01-06,5,Risk Analyst,Surat,COHORT042,0,0,0,50,34,0,233,1,1,6,27.6,27.6,0.0,0.0,0.0,50.0,34.0,0.0,5,0,16.47,19.19
EMP049,2026-01-07,6,Risk Analyst,Surat,COHORT042,0,0,0,34,32,0,246,1,1,7,31.33,31.33,0.0,0.0,0.0,34.0,32.0,0.0,5,0,0.47,19.19
EMP049,2026-01-08,7,Risk Analyst,Surat,COHORT042,0,0,0,56,36,0,256,1,1,8,31.71,31.71,0.0,0.0,0.0,56.0,36.0,0.0,5,0,22.47,19.19
EMP049,2026-01-09,8,Risk Analyst,Surat,COHORT042,0,0,0,32,37,0,232,1,1,9,35.43,34.75,7.91,0.0,0.0,32.0,37.0,0.0,5,0,-1.53,19.19
EMP049,2026-01-10,9,Risk Analyst,Surat,COHORT042,0,0,0,5,6,0,45,1,1,10,32.0,34.44,85.48,79.07,0.0,5.0,6.0,0.0,5,0,-28.53,19.19
EMP049,2026-01-11,10,Risk Analyst,Surat,COHORT042,0,0,0,6,4,0,29,1,1,11,32.57,31.5,80.95,84.85,0.0,6.0,4.0,0.0,5,0,-27.53,19.19
EMP049,2026-01-12,11,Risk Analyst,Surat,COHORT042,0,0,0,59,40,0,264,1,1,12,32.71,29.18,0.0,0.0,0.0,59.0,40.0,0.0,5,0,25.47,19.19
EMP049,2026-01-13,12,Risk Analyst,Surat,COHORT042,0,0,0,32,41,0,257,1,1,13,34.57,31.67,0.0,0.0,0.0,32.0,41.0,0.0,5,0,-1.53,19.19
EMP049,2026-01-14,13,Risk Analyst,Surat,COHORT042,0,0,0,30,21,0,230,1,1,14,32.0,31.69,5.33,21.79,0.0,30.0,21.0,0.0,5,0,-3.53,19.19
EMP049,2026-01-15,14,Risk Analyst,Surat,COHORT042,0,0,0,51,47,0,246,1,1,15,31.43,31.57,0.0,0.0,0.0,51.0,47.0,0.0,5,0,17.47,19.19
EMP049,2026-01-16,15,Risk Analyst,Surat,COHORT042,0,0,0,47,41,0,277,1,1,16,30.71,32.87,0.0,0.0,0.0,47.0,41.0,0.0,5,0,13.47,19.19
EMP049,2026-01-17,16,Risk Analyst,Surat,COHORT042,0,0,0,1,1,0,7,1,1,17,32.86,33.75,97.04,96.51,0.0,1.0,1.0,20.0,4,1,-32.53,19.19
EMP049,2026-01-18,17,Risk Analyst,Surat,COHORT042,0,0,0,4,5,0,36,1,1,18,32.29,31.82,87.43,81.48,0.0,4.0,5.0,0.0,5,0,-29.53,19.19
EMP049,2026-01-19,18,Risk Analyst,Surat,COHORT042,0,0,0,53,20,0,252,1,1,19,32.0,30.28,0.0,22.42,0.0,53.0,20.0,0.0,5,0,19.47,19.19
EMP049,2026-01-20,19,Risk Analyst,Surat,COHORT042,0,0,0,30,22,0,210,1,1,20,31.14,31.47,4.67,13.62,0.0,30.0,22.0,0.0,5,0,-3.53,19.19
EMP049,2026-01-21,20,Risk Analyst,Surat,COHORT042,0,0,0,51,31,0,273,1,1,21,30.86,31.4,0.0,0.0,0.0,51.0,31.0,0.0,5,0,17.47,19.19
EMP049,2026-01-22,21,Risk Analyst,Surat,COHORT042,0,0,0,53,19,0,237,1,1,22,33.86,32.33,0.0,25.69,0.0,53.0,19.0,0.0,5,0,19.47,19.19
EMP049,2026-01-23,22,Risk Analyst,Surat,COHORT042,0,0,0,48,34,0,241,1,1,23,34.14,33.27,0.0,0.0,0.0,48.0,34.0,0.0,5,0,14.47,19.19
EMP049,2026-01-24,23,Risk Analyst,Surat,COHORT042,0,0,0,7,8,0,58,1,1,24,34.29,33.91,79.36,68.81,0.0,7.0,8.0,0.0,5,0,-26.53,19.19
EMP049,2026-01-25,24,Risk Analyst,Surat,COHORT042,0,0,0,2,2,0,20,1,1,25,35.14,32.79,93.9,91.97,0.0,2.0,2.0,0.0,5,0,-31.53,19.19
EMP049,2026-01-26,25,Risk Analyst,Surat,COHORT042,0,0,0,40,28,0,244,1,1,26,34.86,31.56,0.0,0.0,0.0,40.0,28.0,0.0,5,0,6.47,19.19
EMP049,2026-01-27,26,Risk Analyst,Surat,COHORT042,0,0,0,33,45,0,204,1,1,27,33.0,31.88,0.0,0.0,0.0,33.0,45.0,0.0,5,0,-0.53,19.19
EMP049,2026-01-28,27,Risk Analyst,Surat,COHORT042,0,0,0,33,28,0,226,1,1,28,33.43,31.93,0.0,0.0,0.0,33.0,28.0,0.0,5,0,-0.53,19.19
EMP049,2026-01-29,28,Risk Analyst,Surat,COHORT042,0,0,0,54,36,0,233,1,1,29,30.86,31.96,0.0,0.0,0.0,54.0,36.0,0.0,5,0,20.47,19.19
EMP049,2026-01-30,29,Risk Analyst,Surat,COHORT042,0,0,0,31,39,0,293,1,1,30,31.0,32.72,5.26,0.0,0.0,31.0,39.0,0.0,5,0,-2.53,19.19
EMP049,2026-01-31,30,Risk Analyst,Surat,COHORT042,0,0,0,12,7,0,52,1,1,31,28.57,32.67,63.27,72.94,0.0,12.0,7.0,0.0,5,0,-21.53,19.19
EMP049,2026-02-01,31,Risk Analyst,Surat,COHORT042,0,0,0,7,5,0,43,1,1,32,29.29,32.07,78.17,80.02,0.0,7.0,5.0,0.0,5,0,-26.53,19.19
EMP049,2026-02-02,32,Risk Analyst,Surat,COHORT042,0,0,0,43,30,0,225,1,1,33,30.0,30.43,0.0,0.0,0.0,43.0,30.0,0.0,5,0,9.47,19.19
EMP049,2026-02-03,33,Risk Analyst,Surat,COHORT042,0,0,0,46,29,0,230,1,1,34,30.43,31.83,0.0,0.0,0.0,46.0,29.0,0.0,5,0,12.47,19.19
EMP049,2026-02-04,34,Risk Analyst,Surat,COHORT042,0,0,0,45,34,0,257,1,1,35,32.29,33.2,0.0,0.0,0.0,45.0,34.0,0.0,5,0,11.47,19.19
EMP049,2026-02-05,35,Risk Analyst,Surat,COHORT042,0,0,0,40,43,0,285,1,1,36,34.0,33.17,0.0,0.0,0.0,40.0,43.0,0.0,5,0,6.47,19.19
EMP049,2026-02-06,36,Risk Analyst,Surat,COHORT042,0,0,0,54,33,0,239,1,1,37,32.0,32.83,0.0,0.0,0.0,54.0,33.0,0.0,5,0,20.47,19.19
EMP049,2026-02-07,37,Risk Analyst,Surat,COHORT042,0,0,0,11,7,0,48,1,1,38,35.29,33.5,67.16,72.79,0.0,11.0,7.0,0.0,5,0,-22.53,19.19
EMP049,2026-02-08,38,Risk Analyst,Surat,COHORT042,0,0,0,6,3,0,25,1,1,39,35.14,32.0,81.25,87.89,0.0,6.0,3.0,0.0,5,0,-27.53,19.19
EMP049,2026-02-09,39,Risk Analyst,Surat,COHORT042,0,0,0,37,39,0,216,1,1,40,35.0,31.13,0.0,0.0,0.0,37.0,39.0,0.0,5,0,3.47,19.19
EMP049,2026-02-10,40,Risk Analyst,Surat,COHORT042,0,0,0,43,46,0,234,1,1,41,34.14,32.2,0.0,0.0,0.0,43.0,46.0,0.0,5,0,9.47,19.19
EMP049,2026-02-11,41,Risk Analyst,Surat,COHORT042,0,0,0,43,42,0,246,1,1,42,33.71,33.43,0.0,0.0,0.0,43.0,42.0,0.0,5,0,9.47,19.19
EMP049,2026-02-12,42,Risk Analyst,Surat,COHORT042,0,0,0,40,35,0,222,1,1,43,33.43,32.9,0.0,0.0,0.0,40.0,35.0,0.0,5,0,6.47,19.19
EMP049,2026-02-13,43,Risk Analyst,Surat,COHORT042,0,0,0,42,25,0,218,1,1,44,33.43,33.17,0.0,3.85,0.0,42.0,25.0,0.0,5,0,8.47,19.19
EMP049,2026-02-14,44,Risk Analyst,Surat,COHORT042,0,0,0,10,5,0,53,1,1,45,31.71,33.57,70.21,80.86,0.0,10.0,5.0,0.0,5,0,-23.53,19.19
EMP049,2026-02-15,45,Risk Analyst,Surat,COHORT042,0,0,0,0,0,0,0,1,1,46,31.57,32.2,100.0,100.0,0.0,0.0,0.0,100.0,0,5,-33.53,19.19
EMP049,2026-02-16,46,Risk Analyst,Surat,COHORT042,0,0,0,55,24,0,239,2,2,47,30.71,30.63,0.0,0.0,0.0,55.0,24.0,0.0,5,0,21.47,19.19
EMP049,2026-02-17,47,Risk Analyst,Surat,COHORT042,0,0,0,40,38,0,226,1,1,48,33.29,32.43,0.0,0.0,0.0,40.0,38.0,0.0,5,0,6.47,19.19
EMP049,2026-02-18,48,Risk Analyst,Surat,COHORT042,0,0,0,49,32,0,245,1,1,49,32.86,33.63,0.0,0.0,0.0,49.0,32.0,0.0,5,0,15.47,19.19
EMP049,2026-02-19,49,Risk Analyst,Surat,COHORT042,0,0,0,46,36,0,269,1,1,50,33.71,33.5,0.0,0.0,0.0,46.0,36.0,0.0,5,0,12.47,19.19
EMP049,2026-02-20,50,Risk Analyst,Surat,COHORT042,0,0,0,47,42,0,272,1,1,51,34.57,34.03,0.0,0.0,0.0,47.0,42.0,0.0,5,0,13.47,19.19
EMP049,2026-02-21,51,Risk Analyst,Surat,COHORT042,0,0,0,1,0,0,5,1,1,52,35.29,33.9,97.05,100.0,0.0,1.0,0.0,20.0,4,1,-32.53,19.19
EMP049,2026-02-22,52,Risk Analyst,Surat,COHORT042,0,0,0,3,2,0,12,1,2,53,34.0,32.17,90.67,92.26,0.0,3.0,2.0,0.0,5,0,-30.53,19.19
EMP049,2026-02-23,53,Risk Analyst,Surat,COHORT042,0,0,0,39,42,0,207,1,1,54,34.43,30.67,0.0,0.0,0.0,39.0,42.0,0.0,5,0,5.47,19.19
EMP049,2026-02-24,54,Risk Analyst,Surat,COHORT042,0,0,0,52,32,0,255,1,1,55,32.14,31.73,0.0,0.0,0.0,52.0,32.0,0.0,5,0,18.47,19.19
EMP049,2026-02-25,55,Risk Analyst,Surat,COHORT042,0,0,0,46,27,0,220,1,1,56,33.86,33.4,0.0,0.0,0.0,46.0,27.0,0.0,5,0,12.47,19.19
EMP049,2026-02-26,56,Risk Analyst,Surat,COHORT042,0,0,0,46,30,0,249,1,1,57,33.43,33.6,0.0,0.0,0.0,46.0,30.0,0.0,5,0,12.47,19.19
EMP049,2026-02-27,57,Risk Analyst,Surat,COHORT042,0,0,0,33,35,0,230,1,1,58,33.43,34.03,3.03,0.0,0.0,33.0,35.0,0.0,5,0,-0.53,19.19
EMP049,2026-02-28,58,Risk Analyst,Surat,COHORT042,0,0,0,5,1,0,19,1,1,59,31.43,34.03,85.31,96.24,0.0,5.0,1.0,0.0,5,0,-28.53,19.19
EMP049,2026-03-01,59,Risk Analyst,Surat,COHORT042,0,0,0,12,6,0,47,1,1,60,32.0,32.4,62.96,76.41,0.0,12.0,6.0,0.0,5,0,-21.53,19.19
EMP049,2026-03-02,60,Risk Analyst,Surat,COHORT042,0,0,0,37,43,0,257,1,1,61,33.29,31.77,0.0,0.0,0.0,37.0,43.0,0.0,5,0,3.47,19.19
EMP049,2026-03-03,61,Risk Analyst,Surat,COHORT042,0,0,0,47,40,0,231,1,1,62,33.0,32.6,0.0,0.0,0.0,47.0,40.0,0.0,5,0,13.47,19.19
EMP049,2026-03-04,62,Risk Analyst,Surat,COHORT042,0,0,0,43,37,0,238,1,1,63,32.29,33.93,0.0,0.0,0.0,43.0,37.0,0.0,5,0,9.47,19.19
EMP049,2026-03-05,63,Risk Analyst,Surat,COHORT042,0,0,0,38,27,0,240,1,1,64,31.86,33.93,0.0,0.0,0.0,38.0,27.0,0.0,5,0,4.47,19.19
EMP049,2026-03-06,64,Risk Analyst,Surat,COHORT042,0,0,0,32,20,0,240,1,1,65,30.71,33.67,4.96,25.57,0.0,32.0,20.0,0.0,5,0,-1.53,19.19
EMP049,2026-03-07,65,Risk Analyst,Surat,COHORT042,0,0,0,8,6,0,48,1,1,66,30.57,33.23,75.93,77.27,0.0,8.0,6.0,0.0,5,0,-25.53,19.19
EMP049,2026-03-08,66,Risk Analyst,Surat,COHORT042,0,0,0,2,1,0,8,1,1,67,31.0,32.17,93.78,96.03,0.0,2.0,1.0,0.0,5,0,-31.53,19.19
EMP049,2026-03-09,67,Risk Analyst,Surat,COHORT042,0,0,0,51,20,0,243,1,1,68,29.57,30.43,0.0,17.01,0.0,51.0,20.0,0.0,5,0,17.47,19.19
EMP049,2026-03-10,68,Risk Analyst,Surat,COHORT042,0,0,0,47,40,0,282,1,1,69,31.57,31.77,0.0,0.0,0.0,47.0,40.0,0.0,5,0,13.47,19.19
EMP049,2026-03-11,69,Risk Analyst,Surat,COHORT042,0,0,0,38,37,0,213,1,1,70,31.57,33.13,0.0,0.0,0.0,38.0,37.0,0.0,5,0,4.47,19.19
EMP049,2026-03-12,70,Risk Analyst,Surat,COHORT042,0,0,0,48,19,0,212,1,1,71,30.86,33.17,0.0,26.07,0.0,48.0,19.0,0.0,5,0,14.47,19.19
EMP049,2026-03-13,71,Risk Analyst,Surat,COHORT042,0,0,0,47,37,0,270,1,1,72,32.29,33.33,0.0,0.0,0.0,47.0,37.0,0.0,5,0,13.47,19.19
EMP049,2026-03-14,72,Risk Analyst,Surat,COHORT042,0,0,0,7,5,0,48,1,1,73,34.43,33.47,79.09,79.7,0.0,7.0,5.0,0.0,5,0,-26.53,19.19
EMP049,2026-03-15,73,Risk Analyst,Surat,COHORT042,0,0,0,7,2,0,31,1,1,74,34.29,32.37,78.38,91.54,0.0,7.0,2.0,0.0,5,0,-26.53,19.19
EMP049,2026-03-16,74,Risk Analyst,Surat,COHORT042,0,0,0,52,27,0,269,1,1,75,35.0,31.2,0.0,0.0,0.0,52.0,27.0,0.0,5,0,18.47,19.19
EMP049,2026-03-17,75,Risk Analyst,Surat,COHORT042,0,0,0,49,45,0,259,1,1,76,35.14,32.6,0.0,0.0,0.0,49.0,45.0,0.0,5,0,15.47,19.19
EMP049,2026-03-18,76,Risk Analyst,Surat,COHORT042,0,0,0,48,20,0,226,1,1,77,35.43,34.23,0.0,20.32,0.0,48.0,20.0,0.0,5,0,14.47,19.19
EMP049,2026-03-19,77,Risk Analyst,Surat,COHORT042,0,0,0,51,28,0,234,1,1,78,36.86,34.0,0.0,0.0,0.0,51.0,28.0,0.0,5,0,17.47,19.19
EMP049,2026-03-20,78,Risk Analyst,Surat,COHORT042,0,0,0,55,21,0,262,1,1,79,37.29,34.37,0.0,14.74,0.0,55.0,21.0,0.0,5,0,21.47,19.19
EMP049,2026-03-21,79,Risk Analyst,Surat,COHORT042,0,0,0,1,1,0,8,1,1,80,38.43,34.57,97.11,95.88,0.0,1.0,1.0,0.0,5,0,-32.53,19.19
EMP049,2026-03-22,80,Risk Analyst,Surat,COHORT042,0,0,0,3,2,0,21,1,1,81,37.57,33.07,90.93,91.34,0.0,3.0,2.0,0.0,5,0,-30.53,19.19
EMP049,2026-03-23,81,Risk Analyst,Surat,COHORT042,0,0,0,62,20,0,231,1,1,82,37.0,31.6,0.0,8.13,0.0,62.0,20.0,0.0,5,0,28.47,19.19
EMP049,2026-03-24,82,Risk Analyst,Surat,COHORT042,0,0,0,46,24,0,211,1,1,83,38.43,33.63,0.0,0.0,0.0,46.0,24.0,0.0,5,0,12.47,19.19
EMP049,2026-03-25,83,Risk Analyst,Surat,COHORT042,0,0,0,46,23,0,248,1,1,84,38.0,35.07,0.0,0.73,0.0,46.0,23.0,0.0,5,0,12.47,19.19
EMP049,2026-03-26,84,Risk Analyst,Surat,COHORT042,0,0,0,52,37,0,283,1,1,85,37.71,35.3,0.0,0.0,0.0,52.0,37.0,0.0,5,0,18.47,19.19
EMP049,2026-03-27,85,Risk Analyst,Surat,COHORT042,0,0,0,55,30,0,235,1,1,86,37.86,35.3,0.0,0.0,0.0,55.0,30.0,0.0,5,0,21.47,19.19
EMP049,2026-03-28,86,Risk Analyst,Surat,COHORT042,0,0,0,10,4,0,43,1,1,87,37.86,35.6,71.91,82.46,0.0,10.0,4.0,0.0,5,0,-23.53,19.19
EMP049,2026-03-29,87,Risk Analyst,Surat,COHORT042,0,0,0,7,6,0,61,1,1,88,39.14,34.4,79.65,72.64,0.0,7.0,6.0,0.0,5,0,-26.53,19.19
EMP049,2026-03-30,88,Risk Analyst,Surat,COHORT042,0,0,0,44,27,0,234,1,1,89,39.71,33.53,0.0,0.0,0.0,44.0,27.0,0.0,5,0,10.47,19.19
EMP049,2026-03-31,89,Risk Analyst,Surat,COHORT042,0,0,0,52,44,0,268,1,1,90,37.14,34.83,0.0,0.0,0.0,52.0,44.0,0.0,5,0,18.47,19.19
EMP050,2026-01-01,0,Risk Analyst,Surat,COHORT043,0,0,0,32,33,0,218,1,1,1,0.0,0.0,0.0,0.0,0.0,32.0,33.0,0.0,5,0,-1.68,20.34
EMP050,2026-01-02,1,Risk Analyst,Surat,COHORT043,0,0,0,40,40,0,254,1,1,2,32.0,32.0,0.0,0.0,0.0,40.0,40.0,0.0,5,0,6.32,20.34
EMP050,2026-01-03,2,Risk Analyst,Surat,COHORT043,0,0,0,8,3,0,35,1,1,3,36.0,36.0,77.78,91.78,0.0,8.0,3.0,0.0,5,0,-25.68,20.34
EMP050,2026-01-04,3,Risk Analyst,Surat,COHORT043,0,0,0,1,0,0,5,1,1,4,26.67,26.67,96.25,100.0,0.0,1.0,0.0,20.0,4,1,-32.68,20.34
EMP050,2026-01-05,4,Risk Analyst,Surat,COHORT043,0,0,0,44,26,0,209,1,2,5,20.25,20.25,0.0,0.0,0.0,44.0,26.0,0.0,5,0,10.32,20.34
EMP050,2026-01-06,5,Risk Analyst,Surat,COHORT043,0,0,0,62,23,0,265,1,1,6,25.0,25.0,0.0,0.0,0.0,62.0,23.0,0.0,5,0,28.32,20.34
EMP050,2026-01-07,6,Risk Analyst,Surat,COHORT043,0,0,0,43,28,0,229,1,1,7,31.17,31.17,0.0,0.0,0.0,43.0,28.0,0.0,5,0,9.32,20.34
EMP050,2026-01-08,7,Risk Analyst,Surat,COHORT043,0,0,0,57,31,0,241,1,1,8,32.86,32.86,0.0,0.0,0.0,57.0,31.0,0.0,5,0,23.32,20.34
EMP050,2026-01-09,8,Risk Analyst,Surat,COHORT043,0,0,0,45,30,0,274,1,1,9,36.43,35.88,0.0,0.0,0.0,45.0,30.0,0.0,5,0,11.32,20.34
EMP050,2026-01-10,9,Risk Analyst,Surat,COHORT043,0,0,0,2,2,0,11,1,1,10,37.14,36.89,94.58,91.59,0.0,2.0,2.0,0.0,5,0,-31.68,20.34
EMP050,2026-01-11,10,Risk Analyst,Surat,COHORT043,0,0,0,6,4,0,30,1,1,11,36.29,33.4,82.04,81.48,0.0,6.0,4.0,0.0,5,0,-27.68,20.34
EMP050,2026-01-12,11,Risk Analyst,Surat,COHORT043,0,0,0,49,38,0,285,1,1,12,37.0,30.91,0.0,0.0,0.0,49.0,38.0,0.0,5,0,15.32,20.34
EMP050,2026-01-13,12,Risk Analyst,Surat,COHORT043,0,0,0,36,45,0,261,1,1,13,37.71,32.42,0.0,0.0,0.0,36.0,45.0,0.0,5,0,2.32,20.34
EMP050,2026-01-14,13,Risk Analyst,Surat,COHORT043,0,0,0,36,23,0,214,1,1,14,34.0,32.69,0.0,1.33,0.0,36.0,23.0,0.0,5,0,2.32,20.34
EMP050,2026-01-15,14,Risk Analyst,Surat,COHORT043,0,0,0,50,42,0,251,1,1,15,33.0,32.93,0.0,0.0,0.0,50.0,42.0,0.0,5,0,16.32,20.34
EMP050,2026-01-16,15,Risk Analyst,Surat,COHORT043,0,0,0,61,34,0,293,1,1,16,32.0,34.07,0.0,0.0,0.0,61.0,34.0,0.0,5,0,27.32,20.34
EMP050,2026-01-17,16,Risk Analyst,Surat,COHORT043,0,0,0,4,4,0,25,1,1,17,34.29,35.75,88.81,84.08,0.0,4.0,4.0,0.0,5,0,-29.68,20.34
EMP050,2026-01-18,17,Risk Analyst,Surat,COHORT043,0,0,0,1,1,0,7,1,1,18,34.57,33.88,97.05,95.81,0.0,1.0,1.0,0.0,5,0,-32.68,20.34
EMP050,2026-01-19,18,Risk Analyst,Surat,COHORT043,0,0,0,44,41,0,234,1,1,19,33.86,32.06,0.0,0.0,0.0,44.0,41.0,0.0,5,0,10.32,20.34
EMP050,2026-01-20,19,Risk Analyst,Surat,COHORT043,0,0,0,67,47,0,260,1,1,20,33.14,32.68,0.0,0.0,0.0,67.0,47.0,0.0,5,0,33.32,20.34
EMP050,2026-01-21,20,Risk Analyst,Surat,COHORT043,0,0,0,30,32,0,209,1,1,21,37.57,34.4,12.79,0.0,0.0,30.0,32.0,0.0,5,0,-3.68,20.34
EMP050,2026-01-22,21,Risk Analyst,Surat,COHORT043,0,0,0,35,36,0,235,1,1,22,36.71,34.19,0.0,0.0,0.0,35.0,36.0,0.0,5,0,1.32,20.34
EMP050,2026-01-23,22,Risk Analyst,Surat,COHORT043,0,0,0,67,23,0,239,1,1,23,34.57,34.23,0.0,10.12,0.0,67.0,23.0,0.0,5,0,33.32,20.34
EMP050,2026-01-24,23,Risk Analyst,Surat,COHORT043,0,0,0,1,0,0,6,1,1,24,35.43,35.65,97.19,100.0,0.0,1.0,0.0,20.0,4,1,-32.68,20.34
EMP050,2026-01-25,24,Risk Analyst,Surat,COHORT043,0,0,0,3,3,0,16,1,2,25,35.0,34.21,91.23,87.71,0.0,3.0,3.0,0.0,5,0,-30.68,20.34
EMP050,2026-01-26,25,Risk Analyst,Surat,COHORT043,0,0,0,50,47,0,254,1,1,26,35.29,32.96,0.0,0.0,0.0,50.0,47.0,0.0,5,0,16.32,20.34
EMP050,2026-01-27,26,Risk Analyst,Surat,COHORT043,0,0,0,56,27,0,251,1,1,27,36.14,33.62,0.0,0.0,0.0,56.0,27.0,0.0,5,0,22.32,20.34
EMP050,2026-01-28,27,Risk Analyst,Surat,COHORT043,0,0,0,57,33,0,253,1,1,28,34.57,34.44,0.0,0.0,0.0,57.0,33.0,0.0,5,0,23.32,20.34
EMP050,2026-01-29,28,Risk Analyst,Surat,COHORT043,0,0,0,48,41,0,256,1,1,29,38.43,35.25,0.0,0.0,0.0,48.0,41.0,0.0,5,0,14.32,20.34
EMP050,2026-01-30,29,Risk Analyst,Surat,COHORT043,0,0,0,34,21,0,217,1,1,30,40.29,35.69,4.74,17.36,0.0,34.0,21.0,0.0,5,0,0.32,20.34
EMP050,2026-01-31,30,Risk Analyst,Surat,COHORT043,0,0,0,5,7,0,40,1,1,31,35.57,35.63,85.97,72.3,0.0,5.0,7.0,0.0,5,0,-28.68,20.34
EMP050,2026-02-01,31,Risk Analyst,Surat,COHORT043,0,0,0,7,6,0,45,1,1,32,36.14,34.73,79.84,75.41,0.0,7.0,6.0,0.0,5,0,-26.68,20.34
EMP050,2026-02-02,32,Risk Analyst,Surat,COHORT043,0,0,0,43,49,0,215,1,1,33,36.71,33.63,0.0,0.0,0.0,43.0,49.0,0.0,5,0,9.32,20.34
EMP050,2026-02-03,33,Risk Analyst,Surat,COHORT043,0,0,0,37,46,0,247,1,1,34,35.71,34.8,0.0,0.0,0.0,37.0,46.0,0.0,5,0,3.32,20.34
EMP050,2026-02-04,34,Risk Analyst,Surat,COHORT043,0,0,0,45,43,0,269,1,1,35,33.0,36.0,0.0,0.0,0.0,45.0,43.0,0.0,5,0,11.32,20.34
EMP050,2026-02-05,35,Risk Analyst,Surat,COHORT043,0,0,0,53,28,0,232,1,1,36,31.29,36.03,0.0,0.0,0.0,53.0,28.0,0.0,5,0,19.32,20.34
EMP050,2026-02-06,36,Risk Analyst,Surat,COHORT043,0,0,0,33,32,0,245,1,1,37,32.0,35.73,7.64,0.0,0.0,33.0,32.0,0.0,5,0,-0.68,20.34
EMP050,2026-02-07,37,Risk Analyst,Surat,COHORT043,0,0,0,9,5,0,36,1,1,38,31.86,35.4,74.58,81.62,0.0,9.0,5.0,0.0,5,0,-24.68,20.34
EMP050,2026-02-08,38,Risk Analyst,Surat,COHORT043,0,0,0,4,2,0,21,1,1,39,32.43,33.8,88.17,92.4,0.0,4.0,2.0,0.0,5,0,-29.68,20.34
EMP050,2026-02-09,39,Risk Analyst,Surat,COHORT043,0,0,0,38,21,0,202,1,1,40,32.0,32.43,0.0,17.32,0.0,38.0,21.0,0.0,5,0,4.32,20.34
EMP050,2026-02-10,40,Risk Analyst,Surat,COHORT043,0,0,0,32,36,0,216,1,1,41,31.29,33.63,4.85,0.0,0.0,32.0,36.0,0.0,5,0,-1.68,20.34
EMP050,2026-02-11,41,Risk Analyst,Surat,COHORT043,0,0,0,52,30,0,255,1,1,42,30.57,34.5,0.0,0.0,0.0,52.0,30.0,0.0,5,0,18.32,20.34
EMP050,2026-02-12,42,Risk Analyst,Surat,COHORT043,0,0,0,45,41,0,266,1,1,43,31.57,34.6,0.0,0.0,0.0,45.0,41.0,0.0,5,0,11.32,20.34
EMP050,2026-02-13,43,Risk Analyst,Surat,COHORT043,0,0,0,53,39,0,258,1,1,44,30.43,34.9,0.0,0.0,0.0,53.0,39.0,0.0,5,0,19.32,20.34
EMP050,2026-02-14,44,Risk Analyst,Surat,COHORT043,0,0,0,2,1,0,11,1,1,45,33.29,35.47,94.36,96.33,0.0,2.0,1.0,0.0,5,0,-31.68,20.34
EMP050,2026-02-15,45,Risk Analyst,Surat,COHORT043,0,0,0,11,8,0,57,1,1,46,32.29,33.87,67.52,69.08,0.0,11.0,8.0,0.0,5,0,-22.68,20.34
EMP050,2026-02-16,46,Risk Analyst,Surat,COHORT043,0,0,0,45,19,0,210,1,1,47,33.29,32.2,0.0,24.0,0.0,45.0,19.0,0.0,5,0,11.32,20.34
EMP050,2026-02-17,47,Risk Analyst,Surat,COHORT043,0,0,0,37,40,0,237,1,1,48,34.29,33.57,0.0,0.0,0.0,37.0,40.0,0.0,5,0,3.32,20.34
EMP050,2026-02-18,48,Risk Analyst,Surat,COHORT043,0,0,0,52,37,0,244,1,1,49,35.0,34.77,0.0,0.0,0.0,52.0,37.0,0.0,5,0,18.32,20.34
EMP050,2026-02-19,49,Risk Analyst,Surat,COHORT043,0,0,0,32,40,0,234,1,1,50,35.0,35.03,8.65,0.0,0.0,32.0,40.0,0.0,5,0,-1.68,20.34
EMP050,2026-02-20,50,Risk Analyst,Surat,COHORT043,0,0,0,57,41,0,261,1,1,51,33.14,33.87,0.0,0.0,0.0,57.0,41.0,0.0,5,0,23.32,20.34
EMP050,2026-02-21,51,Risk Analyst,Surat,COHORT043,0,0,0,0,0,0,1,1,1,52,33.71,34.77,100.0,100.0,0.0,0.0,0.0,80.0,1,4,-33.68,20.34
EMP050,2026-02-22,52,Risk Analyst,Surat,COHORT043,0,0,0,3,2,0,13,2,2,53,33.43,33.6,91.07,92.17,0.0,3.0,2.0,0.0,5,0,-30.68,20.34
EMP050,2026-02-23,53,Risk Analyst,Surat,COHORT043,0,0,0,49,43,0,282,1,1,54,32.29,31.47,0.0,0.0,0.0,49.0,43.0,0.0,5,0,15.32,20.34
EMP050,2026-02-24,54,Risk Analyst,Surat,COHORT043,0,0,0,32,21,0,224,1,1,55,32.86,33.07,3.24,20.06,0.0,32.0,21.0,0.0,5,0,-1.68,20.34
EMP050,2026-02-25,55,Risk Analyst,Surat,COHORT043,0,0,0,48,36,0,241,1,1,56,32.14,34.03,0.0,0.0,0.0,48.0,36.0,0.0,5,0,14.32,20.34
EMP050,2026-02-26,56,Risk Analyst,Surat,COHORT043,0,0,0,38,35,0,250,1,1,57,31.57,33.97,0.0,0.0,0.0,38.0,35.0,0.0,5,0,4.32,20.34
EMP050,2026-02-27,57,Risk Analyst,Surat,COHORT043,0,0,0,50,22,0,237,1,1,58,32.43,33.37,0.0,17.82,0.0,50.0,22.0,0.0,5,0,16.32,20.34
EMP050,2026-02-28,58,Risk Analyst,Surat,COHORT043,0,0,0,4,2,0,31,1,1,59,31.43,33.13,87.93,92.42,0.0,4.0,2.0,0.0,5,0,-29.68,20.34
EMP050,2026-03-01,59,Risk Analyst,Surat,COHORT043,0,0,0,6,6,0,42,1,1,60,32.0,31.67,81.05,76.1,0.0,6.0,6.0,0.0,5,0,-27.68,20.34
EMP050,2026-03-02,60,Risk Analyst,Surat,COHORT043,0,0,0,32,35,0,236,1,1,61,32.43,30.73,0.0,0.0,0.0,32.0,35.0,0.0,5,0,-1.68,20.34
EMP050,2026-03-03,61,Risk Analyst,Surat,COHORT043,0,0,0,34,24,0,220,1,1,62,30.0,31.63,0.0,5.99,0.0,34.0,24.0,0.0,5,0,0.32,20.34
EMP050,2026-03-04,62,Risk Analyst,Surat,COHORT043,0,0,0,36,47,0,233,1,1,63,30.29,32.53,0.0,0.0,0.0,36.0,47.0,0.0,5,0,2.32,20.34
EMP050,2026-03-05,63,Risk Analyst,Surat,COHORT043,0,0,0,53,32,0,247,1,1,64,28.57,32.3,0.0,0.0,0.0,53.0,32.0,0.0,5,0,19.32,20.34
EMP050,2026-03-06,64,Risk Analyst,Surat,COHORT043,0,0,0,41,39,0,267,1,1,65,30.71,32.83,0.0,0.0,0.0,41.0,39.0,0.0,5,0,7.32,20.34
EMP050,2026-03-07,65,Risk Analyst,Surat,COHORT043,0,0,0,2,1,0,8,1,1,66,29.43,32.7,93.88,96.07,0.0,2.0,1.0,0.0,5,0,-31.68,20.34
EMP050,2026-03-08,66,Risk Analyst,Surat,COHORT043,0,0,0,10,6,0,53,1,1,67,29.14,31.0,67.74,75.58,0.0,10.0,6.0,0.0,5,0,-23.68,20.34
EMP050,2026-03-09,67,Risk Analyst,Surat,COHORT043,0,0,0,41,35,0,225,1,1,68,29.71,30.23,0.0,0.0,0.0,41.0,35.0,0.0,5,0,7.32,20.34
EMP050,2026-03-10,68,Risk Analyst,Surat,COHORT043,0,0,0,65,45,0,302,1,1,69,31.0,31.3,0.0,0.0,0.0,65.0,45.0,0.0,5,0,31.32,20.34
EMP050,2026-03-11,69,Risk Analyst,Surat,COHORT043,0,0,0,47,34,0,210,1,1,70,35.43,33.33,0.0,0.0,0.0,47.0,34.0,0.0,5,0,13.32,20.34
EMP050,2026-03-12,70,Risk Analyst,Surat,COHORT043,0,0,0,60,45,0,243,1,1,71,37.0,33.63,0.0,0.0,0.0,60.0,45.0,0.0,5,0,26.32,20.34
EMP050,2026-03-13,71,Risk Analyst,Surat,COHORT043,0,0,0,40,24,0,258,1,1,72,38.0,34.57,0.0,10.68,0.0,40.0,24.0,0.0,5,0,6.32,20.34
EMP050,2026-03-14,72,Risk Analyst,Surat,COHORT043,0,0,0,0,0,0,0,1,1,73,37.86,34.17,100.0,100.0,0.0,0.0,0.0,100.0,0,5,-33.68,20.34
EMP050,2026-03-15,73,Risk Analyst,Surat,COHORT043,0,0,0,7,5,0,46,2,2,74,37.57,32.67,78.57,80.24,0.0,7.0,5.0,0.0,5,0,-26.68,20.34
EMP050,2026-03-16,74,Risk Analyst,Surat,COHORT043,0,0,0,56,28,0,251,1,1,75,37.14,31.13,0.0,0.0,0.0,56.0,28.0,0.0,5,0,22.32,20.34
EMP050,2026-03-17,75,Risk Analyst,Surat,COHORT043,0,0,0,55,31,0,239,1,1,76,39.29,32.93,0.0,0.0,0.0,55.0,31.0,0.0,5,0,21.32,20.34
EMP050,2026-03-18,76,Risk Analyst,Surat,COHORT043,0,0,0,33,34,0,249,1,1,77,37.86,34.4,4.07,0.0,0.0,33.0,34.0,0.0,5,0,-0.68,20.34
EMP050,2026-03-19,77,Risk Analyst,Surat,COHORT043,0,0,0,40,37,0,242,1,1,78,35.86,34.0,0.0,0.0,0.0,40.0,37.0,0.0,5,0,6.32,20.34
EMP050,2026-03-20,78,Risk Analyst,Surat,COHORT043,0,0,0,53,32,0,250,1,1,79,33.0,34.1,0.0,0.0,0.0,53.0,32.0,0.0,5,0,19.32,20.34
EMP050,2026-03-21,79,Risk Analyst,Surat,COHORT043,0,0,0,4,5,0,25,1,1,80,34.86,34.13,88.28,80.82,0.0,4.0,5.0,0.0,5,0,-29.68,20.34
EMP050,2026-03-22,80,Risk Analyst,Surat,COHORT043,0,0,0,12,10,0,59,1,1,81,35.43,33.2,63.86,59.84,0.0,12.0,10.0,0.0,5,0,-21.68,20.34
EMP050,2026-03-23,81,Risk Analyst,Surat,COHORT043,0,0,0,46,29,0,265,1,1,82,36.14,31.7,0.0,0.0,0.0,46.0,29.0,0.0,5,0,12.32,20.34
EMP050,2026-03-24,82,Risk Analyst,Surat,COHORT043,0,0,0,55,22,0,260,1,1,83,34.71,33.23,0.0,11.4,0.0,55.0,22.0,0.0,5,0,21.32,20.34
EMP050,2026-03-25,83,Risk Analyst,Surat,COHORT043,0,0,0,36,39,0,239,1,1,84,34.71,34.97,0.0,0.0,0.0,36.0,39.0,0.0,5,0,2.32,20.34
EMP050,2026-03-26,84,Risk Analyst,Surat,COHORT043,0,0,0,40,26,0,265,1,1,85,35.14,34.53,0.0,0.0,0.0,40.0,26.0,0.0,5,0,6.32,20.34
EMP050,2026-03-27,85,Risk Analyst,Surat,COHORT043,0,0,0,56,45,0,278,1,1,86,35.14,34.8,0.0,0.0,0.0,56.0,45.0,0.0,5,0,22.32,20.34
EMP050,2026-03-28,86,Risk Analyst,Surat,COHORT043,0,0,0,9,8,0,54,1,1,87,35.57,35.07,74.34,69.03,0.0,9.0,8.0,0.0,5,0,-24.68,20.34
EMP050,2026-03-29,87,Risk Analyst,Surat,COHORT043,0,0,0,0,0,0,0,1,1,88,36.29,34.1,100.0,100.0,0.0,0.0,0.0,100.0,0,5,-33.68,20.34
EMP050,2026-03-30,88,Risk Analyst,Surat,COHORT043,0,0,0,34,29,0,211,2,2,89,34.57,32.43,0.0,0.0,0.0,34.0,29.0,0.0,5,0,0.32,20.34
EMP050,2026-03-31,89,Risk Analyst,Surat,COHORT043,0,0,0,43,30,0,226,1,1,90,32.86,33.43,0.0,0.0,0.0,43.0,30.0,0.0,5,0,9.32,20.34
