employee_id,date,loan_access_count,customer_search_count,audit_access_count,compliance_access_count,override_access_count,total_daily_accesses,days_since_last_audit,days_since_last_compliance,days_since_last_override,rolling_7_day_audit_avg,rolling_14_day_audit_avg,rolling_30_day_audit_avg,rolling_30_day_comp_avg,rolling_30_day_override_avg,rolling_7_day_audit_std,rolling_30_day_audit_std,audit_trend_slope,comp_trend_slope,override_trend_slope,audit_drop_pct,compliance_drop_pct,override_drop_pct,audit_to_loan_ratio,compliance_to_loan_ratio,critical_module_missing_pct,expected_modules_accessed,expected_modules_missing,peer_avg_audit_diff,peer_std_audit,peer_z_score_audit,peer_percentile_audit,login_time_variance,logout_time_variance,avg_session_length_min,context_switching_score,critical_access_ratio,modules_per_session
EMP001,2026-01-01,0,0,0,0,0,0,1,1,1,0.0,0.0,0.0,0.0,0.0,0.0,0.0,0.0,0.0,0.0,0.0,0.0,0.0,0.0,0.0,100.0,0,10,-11.29,15.1,-0.748,50.0,5.07,9.87,564.48,0,0.0,0.0
EMP001,2026-01-02,22,42,33,26,7,192,2,2,2,0.0,0.0,0.0,0.0,0.0,0.0,0.0,0.0,0.0,0.0,0.0,0.0,0.0,1.5,1.1818,0.0,10,0,21.71,15.1,1.438,50.0,5.07,9.87,564.48,10,0.7031,96.0
EMP001,2026-01-03,6,15,6,11,6,67,1,1,1,16.5,16.5,16.5,13.0,3.5,16.5,16.5,0.0,0.0,0.0,63.64,15.38,0.0,1.0,1.8333,0.0,10,0,-5.29,15.1,-0.35,50.0,5.07,9.87,564.48,10,0.6866,33.5
EMP001,2026-01-04,0,0,0,0,0,0,1,1,1,13.0,13.0,13.0,12.33,4.33,14.35,14.35,3.0,5.5,3.0,100.0,100.0,100.0,0.0,0.0,100.0,0,10,-11.29,15.1,-0.748,50.0,5.07,9.87,564.48,0,0.0,0.0
EMP001,2026-01-05,23,28,23,30,11,173,2,2,2,9.75,9.75,9.75,9.25,3.25,13.65,13.65,-2.7,-1.5,-0.1,0.0,0.0,0.0,1.0,1.3043,0.0,10,0,11.71,15.1,0.775,50.0,5.07,9.87,564.48,10,0.7572,86.5
EMP001,2026-01-06,15,22,24,22,13,161,1,1,1,12.4,12.4,12.4,13.4,4.8,13.31,13.31,1.3,3.4,1.5,0.0,0.0,0.0,1.6,1.4667,0.0,10,0,12.71,15.1,0.842,50.0,5.07,9.87,564.48,10,0.764,80.5
EMP001,2026-01-07,8,12,19,11,3,92,1,1,1,14.33,14.33,14.33,14.83,6.17,12.89,12.89,2.4,3.1714,2.0286,0.0,25.83,51.38,2.375,1.375,0.0,10,0,7.71,15.1,0.511,50.0,5.07,9.87,564.48,10,0.7717,46.0
EMP001,2026-01-08,18,36,22,24,6,181,1,1,1,15.0,15.0,15.0,14.29,5.71,12.05,12.05,2.0,1.5714,0.9286,0.0,0.0,0.0,1.2222,1.3333,0.0,10,0,10.71,15.1,0.709,50.0,5.07,9.87,564.48,10,0.7072,90.5
EMP001,2026-01-09,12,20,18,15,6,120,1,1,1,18.14,15.88,15.88,15.5,5.75,10.49,11.5,1.9167,1.8571,0.6429,0.0,3.23,0.0,1.5,1.25,0.0,10,0,6.71,15.1,0.444,50.0,5.07,9.87,564.48,10,0.7333,60.0
EMP001,2026-01-10,11,13,11,7,7,70,1,1,1,16.0,16.11,16.11,15.44,5.78,8.6,10.87,1.4833,1.2667,0.4667,31.72,54.66,0.0,1.0,0.6364,0.0,10,0,-0.29,15.1,-0.019,50.0,5.07,9.87,564.48,10,0.7143,35.0
EMP001,2026-01-11,0,0,0,0,0,0,1,1,1,16.71,15.6,15.6,14.6,5.9,7.92,10.42,0.8,0.4606,0.4061,100.0,100.0,100.0,0.0,0.0,100.0,0,10,-11.29,15.1,-0.748,50.0,5.07,9.87,564.48,0,0.0,0.0
EMP001,2026-01-12,23,39,22,17,8,177,2,2,2,16.71,14.18,14.18,13.27,5.36,7.92,10.9,-0.1091,-0.3182,0.0364,0.0,0.0,0.0,0.9565,0.7391,0.0,10,0,10.71,15.1,0.709,50.0,5.07,9.87,564.48,10,0.7006,88.5
EMP001,2026-01-13,17,35,30,27,22,200,1,1,1,16.57,14.83,14.83,13.58,5.58,7.82,10.66,0.2168,-0.1014,0.1294,0.0,0.0,0.0,1.7647,1.5882,0.0,10,0,18.71,15.1,1.239,50.0,5.07,9.87,564.48,10,0.765,100.0
EMP001,2026-01-14,25,39,19,16,8,169,1,1,1,17.43,16.0,16.0,14.62,6.85,8.85,11.01,0.6703,0.3626,0.6429,0.0,0.0,0.0,0.76,0.64,0.0,10,0,7.71,15.1,0.511,50.0,5.07,9.87,564.48,10,0.6746,84.5
EMP001,2026-01-15,21,24,33,18,15,182,1,1,1,17.43,16.21,16.21,14.71,6.93,8.85,10.64,0.622,0.3297,0.5473,0.0,0.0,0.0,1.5714,0.8571,0.0,10,0,21.71,15.1,1.438,50.0,5.07,9.87,564.48,10,0.7857,91.0
EMP001,2026-01-16,44,36,39,21,13,226,1,1,1,19.0,18.57,17.33,14.93,7.47,10.36,11.1,0.925,0.35,0.6464,0.0,0.0,0.0,0.8864,0.4773,0.0,10,0,27.71,15.1,1.835,50.0,5.07,9.87,564.48,10,0.7434,113.0
EMP001,2026-01-17,10,16,8,6,4,69,1,1,1,22.0,19.0,18.69,15.31,7.81,12.47,11.96,1.2397,0.4221,0.6544,57.2,60.81,48.78,0.8,0.6,0.0,10,0,-3.29,15.1,-0.218,50.0,5.07,9.87,564.48,10,0.6522,34.5
EMP001,2026-01-18,0,0,0,0,0,0,1,1,1,21.57,19.14,18.06,14.76,7.59,12.88,11.87,0.8235,0.1691,0.4706,100.0,100.0,100.0,0.0,0.0,100.0,0,10,-11.29,15.1,-0.748,50.0,5.07,9.87,564.48,0,0.0,0.0
EMP001,2026-01-19,32,43,30,22,17,249,2,2,2,21.57,19.14,17.06,13.94,7.17,12.88,12.25,0.3767,-0.1166,0.2632,0.0,0.0,0.0,0.9375,0.6875,0.0,10,0,18.71,15.1,1.239,50.0,5.07,9.87,564.48,10,0.743,124.5
EMP001,2026-01-20,46,51,32,23,16,250,1,1,1,22.71,19.64,17.74,14.37,7.68,13.22,12.27,0.5246,0.0281,0.3789,0.0,0.0,0.0,0.6957,0.5,0.0,10,0,20.71,15.1,1.372,50.0,5.07,9.87,564.48,10,0.736,125.0
EMP001,2026-01-21,25,34,31,31,13,222,1,1,1,23.0,20.21,18.45,14.8,8.1,13.4,12.36,0.6534,0.1474,0.4436,0.0,0.0,0.0,1.24,1.24,0.0,10,0,19.71,15.1,1.305,50.0,5.07,9.87,564.48,10,0.7568,111.0
EMP001,2026-01-22,26,42,33,20,7,217,1,1,1,24.71,21.07,19.05,15.57,8.33,13.54,12.35,0.7273,0.3377,0.4468,0.0,0.0,15.97,1.2692,0.7692,0.0,10,0,21.71,15.1,1.438,50.0,5.07,9.87,564.48,10,0.7143,108.5
EMP001,2026-01-23,21,57,41,19,13,239,1,1,1,24.71,21.86,19.68,15.77,8.27,13.54,12.41,0.7979,0.3461,0.3727,0.0,0.0,0.0,1.9524,0.9048,0.0,10,0,29.71,15.1,1.968,50.0,5.07,9.87,564.48,10,0.7029,119.5
EMP001,2026-01-24,0,1,0,0,0,2,1,1,1,25.0,23.5,20.61,15.91,8.48,13.86,12.9,0.9298,0.3379,0.3775,100.0,100.0,100.0,0.0,0.0,80.0,2,8,-11.29,15.1,-0.748,50.0,5.07,9.87,564.48,2,0.5,1.0
EMP001,2026-01-25,0,0,0,0,0,0,2,2,2,23.86,22.71,19.75,15.25,8.12,15.45,13.28,0.6122,0.1383,0.2474,100.0,100.0,100.0,0.0,0.0,100.0,0,10,-11.29,15.1,-0.748,50.0,5.07,9.87,564.48,0,0.0,0.0
EMP001,2026-01-26,0,0,0,0,0,0,3,3,3,23.86,22.71,18.96,14.64,7.8,15.45,13.57,0.3592,-0.0185,0.1438,100.0,100.0,100.0,0.0,0.0,100.0,0,10,-11.29,15.1,-0.748,50.0,5.07,9.87,564.48,0,0.0,0.0
EMP001,2026-01-27,49,46,39,29,16,270,4,4,4,19.57,21.14,18.23,14.08,7.5,17.21,13.8,0.1573,-0.1415,0.0612,0.0,0.0,0.0,0.7959,0.5918,0.0,10,0,27.71,15.1,1.835,50.0,5.07,9.87,564.48,10,0.7593,135.0
EMP001,2026-01-28,10,19,15,7,3,95,1,1,1,20.57,21.79,19.0,14.63,7.81,18.09,14.1,0.3053,-0.0079,0.1221,21.05,52.15,61.59,1.5,0.7,0.0,10,0,3.71,15.1,0.246,50.0,5.07,9.87,564.48,10,0.7053,47.5
EMP001,2026-01-29,46,58,64,25,19,334,1,1,1,18.29,21.5,18.86,14.36,7.64,17.63,13.87,0.2441,-0.0635,0.0739,0.0,0.0,0.0,1.3913,0.5435,0.0,10,0,52.71,15.1,3.491,50.0,5.07,9.87,564.48,10,0.7605,167.0
EMP001,2026-01-30,25,72,49,20,14,285,1,1,1,22.71,23.71,20.41,14.72,8.03,23.64,15.92,0.531,0.0163,0.1448,0.0,0.0,0.0,1.96,0.8,0.0,10,0,37.71,15.1,2.497,50.0,5.07,9.87,564.48,10,0.6737,142.5
EMP001,2026-01-31,16,13,10,6,6,87,1,1,1,23.86,24.43,21.37,14.9,8.23,24.67,16.47,0.6641,0.0487,0.1693,53.21,59.73,27.1,0.625,0.375,0.0,10,0,-1.29,15.1,-0.085,50.0,5.07,9.87,564.48,10,0.7356,43.5
EMP001,2026-02-01,0,0,0,0,0,0,1,1,1,25.29,24.57,21.7,15.1,8.43,23.51,16.14,0.4434,-0.1115,0.0981,100.0,100.0,100.0,0.0,0.0,100.0,0,10,-11.29,15.1,-0.748,50.0,5.07,9.87,564.48,0,0.0,0.0
EMP001,2026-02-02,40,62,48,29,21,349,2,2,2,25.29,24.57,20.6,14.23,8.2,23.51,16.45,0.3813,-0.1337,0.0338,0.0,0.0,0.0,1.2,0.725,0.0,10,0,36.71,15.1,2.431,50.0,5.07,9.87,564.48,10,0.7507,174.5
EMP001,2026-02-03,61,77,35,28,22,344,1,1,1,32.14,25.86,22.0,14.83,8.7,22.09,16.93,0.4574,-0.0607,0.1012,0.0,0.0,0.0,0.5738,0.459,0.0,10,0,23.71,15.1,1.57,50.0,5.07,9.87,564.48,10,0.6773,172.0
EMP001,2026-02-04,43,47,26,22,14,253,1,1,1,31.57,26.07,23.17,15.77,9.43,21.95,16.57,0.3895,-0.0781,0.127,0.0,0.0,0.0,0.6047,0.5116,0.0,10,0,14.71,15.1,0.974,50.0,5.07,9.87,564.48,10,0.7233,126.5
EMP001,2026-02-05,25,47,28,16,13,222,1,1,1,33.14,25.71,23.27,15.5,9.53,21.09,16.58,0.4067,0.0603,0.1673,0.0,0.0,0.0,1.12,0.64,0.0,10,0,16.71,15.1,1.107,50.0,5.07,9.87,564.48,10,0.7162,111.0
EMP001,2026-02-06,0,0,0,0,0,0,1,1,1,28.0,25.36,23.4,15.3,9.53,16.91,16.6,0.4423,0.1083,0.2136,100.0,100.0,100.0,0.0,0.0,100.0,0,10,-11.29,15.1,-0.748,50.0,5.07,9.87,564.48,0,0.0,0.0
EMP001,2026-02-07,19,18,10,8,5,99,2,2,2,21.0,22.43,22.77,14.93,9.43,16.91,17.11,0.261,-0.02,0.107,56.08,46.42,46.98,0.5263,0.4211,0.0,10,0,-1.29,15.1,-0.085,50.0,5.07,9.87,564.48,10,0.7475,49.5
EMP001,2026-02-08,0,0,0,0,0,0,1,1,1,21.0,23.14,22.37,14.4,9.4,16.91,17.27,0.1733,-0.0022,0.0547,100.0,100.0,100.0,0.0,0.0,100.0,0,10,-11.29,15.1,-0.748,50.0,5.07,9.87,564.48,0,0.0,0.0
EMP001,2026-02-09,49,47,24,19,7,254,2,2,2,21.0,23.14,21.77,13.9,9.2,16.91,17.71,-0.0011,-0.091,-0.0294,0.0,0.0,23.91,0.4898,0.3878,0.0,10,0,12.71,15.1,0.842,50.0,5.07,9.87,564.48,10,0.7087,127.0
EMP001,2026-02-10,48,47,21,21,9,256,1,1,1,17.57,24.86,22.2,14.3,9.2,13.09,17.6,-0.061,-0.1057,-0.0587,5.41,0.0,2.17,0.4375,0.4375,0.0,10,0,9.71,15.1,0.643,50.0,5.07,9.87,564.48,10,0.7266,128.0
EMP001,2026-02-11,49,46,13,36,8,238,1,1,1,15.57,23.57,22.9,15.0,9.5,11.21,17.12,-0.2218,-0.1611,-0.1235,43.23,0.0,15.79,0.2653,0.7347,0.0,10,0,1.71,15.1,0.113,50.0,5.07,9.87,564.48,10,0.7353,119.0
EMP001,2026-02-12,51,41,18,11,8,243,1,1,1,13.71,23.43,22.6,15.63,9.5,10.37,17.21,-0.2919,-0.0118,-0.1435,20.35,29.62,15.79,0.3529,0.2157,0.0,10,0,6.71,15.1,0.444,50.0,5.07,9.87,564.48,10,0.7572,121.5
EMP001,2026-02-13,43,72,17,15,6,255,1,1,1,12.29,20.14,22.2,15.1,9.03,8.89,17.17,-0.2705,0.0367,-0.067,23.42,0.66,33.55,0.3953,0.3488,0.0,10,0,5.71,15.1,0.378,50.0,5.07,9.87,564.48,10,0.6196,127.5
EMP001,2026-02-14,11,13,4,4,4,77,1,1,1,14.71,17.86,22.13,15.07,8.97,7.4,17.19,-0.3261,0.0423,-0.0937,81.92,73.46,55.41,0.3636,0.3636,0.0,10,0,-7.29,15.1,-0.483,50.0,5.07,9.87,564.48,10,0.7273,38.5
EMP001,2026-02-15,0,0,0,0,0,0,1,1,1,13.86,17.43,21.17,14.6,8.6,8.2,17.36,-0.3682,-0.0089,-0.0841,100.0,100.0,100.0,0.0,0.0,100.0,0,10,-11.29,15.1,-0.748,50.0,5.07,9.87,564.48,0,0.0,0.0
EMP001,2026-02-16,34,56,18,13,9,255,2,2,2,13.86,17.43,19.87,13.9,8.17,8.2,17.44,-0.3818,-0.059,-0.1092,9.41,6.47,0.0,0.5294,0.3824,0.0,10,0,6.71,15.1,0.444,50.0,5.07,9.87,564.48,10,0.6549,127.5
EMP001,2026-02-17,37,58,11,10,5,251,1,1,1,13.0,15.29,20.2,14.13,8.33,7.37,17.31,-0.4756,-0.1192,-0.1326,45.54,29.23,39.98,0.2973,0.2703,0.0,10,0,-0.29,15.1,-0.019,50.0,5.07,9.87,564.48,10,0.6773,125.5
EMP001,2026-02-18,48,66,12,9,3,224,1,1,1,11.57,13.57,20.57,14.47,8.5,6.61,16.99,-0.6743,-0.2434,-0.2116,41.66,37.8,64.71,0.25,0.1875,0.0,10,0,0.71,15.1,0.047,50.0,5.07,9.87,564.48,10,0.6205,112.0
EMP001,2026-02-19,36,62,12,10,4,269,1,1,1,11.43,12.57,19.97,14.03,8.03,6.59,16.96,-0.6645,-0.2267,-0.1884,39.91,28.72,50.19,0.3333,0.2778,0.0,10,0,0.71,15.1,0.047,50.0,5.07,9.87,564.48,10,0.6877,134.5
EMP001,2026-02-20,2,3,0,0,0,8,1,1,1,10.57,11.43,19.3,13.6,7.63,6.04,16.87,-0.6329,-0.1909,-0.1595,100.0,100.0,100.0,0.0,0.0,50.0,5,5,-11.29,15.1,-0.748,50.0,5.07,9.87,564.48,5,0.5,4.0
EMP001,2026-02-21,8,23,2,2,1,79,2,2,2,8.14,11.43,18.27,12.57,7.2,6.38,17.07,-0.6768,-0.1586,-0.1717,89.05,84.09,86.11,0.25,0.25,0.0,10,0,-9.29,15.1,-0.615,50.0,5.07,9.87,564.48,10,0.6203,39.5
EMP001,2026-02-22,0,0,0,0,0,0,1,1,1,7.86,10.86,17.23,11.97,7.0,6.6,17.08,-0.6801,-0.1755,-0.2131,100.0,100.0,100.0,0.0,0.0,100.0,0,10,-11.29,15.1,-0.748,50.0,5.07,9.87,564.48,0,0.0,0.0
EMP001,2026-02-23,40,41,8,6,5,214,2,2,2,7.86,10.86,15.87,11.33,6.57,6.6,16.76,-0.6274,-0.2042,-0.2169,49.59,47.04,23.9,0.2,0.15,0.0,10,0,-3.29,15.1,-0.218,50.0,5.07,9.87,564.48,10,0.6355,107.0
EMP001,2026-02-24,58,68,48,7,3,317,1,1,1,6.43,9.71,16.13,11.53,6.73,5.18,16.57,-0.7875,-0.3168,-0.2723,0.0,39.29,55.42,0.8276,0.1207,0.0,10,0,36.71,15.1,2.431,50.0,5.07,9.87,564.48,10,0.6782,158.5
EMP001,2026-02-25,18,26,2,1,1,96,1,1,1,11.71,11.64,17.73,11.77,6.83,15.58,17.24,-0.6932,-0.4256,-0.3428,88.72,91.5,85.36,0.1111,0.0556,0.0,10,0,-9.29,15.1,-0.615,50.0,5.07,9.87,564.48,10,0.625,48.0
EMP001,2026-02-26,43,58,6,4,3,207,1,1,1,10.29,10.86,17.8,11.8,6.87,15.94,17.18,-0.917,-0.5762,-0.4276,66.29,66.1,56.33,0.1395,0.093,0.0,10,0,-5.29,15.1,-0.35,50.0,5.07,9.87,564.48,10,0.6135,103.5
EMP001,2026-02-27,18,27,1,1,0,109,1,1,1,9.43,10.0,16.7,10.97,6.43,15.99,16.84,-0.8469,-0.5079,-0.3895,94.01,90.88,100.0,0.0556,0.0556,10.0,9,1,-10.29,15.1,-0.681,50.0,5.07,9.87,564.48,9,0.6697,54.5
EMP001,2026-02-28,20,17,1,0,0,80,1,1,2,9.57,8.86,16.23,10.77,6.33,15.91,17.07,-0.96,-0.5996,-0.4547,93.84,100.0,100.0,0.05,0.0,20.0,8,2,-10.29,15.1,-0.681,50.0,5.07,9.87,564.48,8,0.6125,40.0
EMP001,2026-03-01,0,0,0,0,0,0,1,2,3,9.43,8.64,14.13,9.93,5.7,15.98,14.79,-0.7288,-0.5709,-0.4082,100.0,100.0,100.0,0.0,0.0,100.0,0,10,-11.29,15.1,-0.748,50.0,5.07,9.87,564.48,0,0.0,0.0
EMP001,2026-03-02,0,0,0,0,0,0,2,3,4,9.43,8.64,12.5,9.27,5.23,15.98,13.5,-0.5795,-0.5655,-0.3878,100.0,100.0,100.0,0.0,0.0,100.0,0,10,-11.29,15.1,-0.748,50.0,5.07,9.87,564.48,0,0.0,0.0
EMP001,2026-03-03,38,50,0,0,0,227,3,4,5,8.29,7.36,12.17,9.07,5.03,16.32,13.67,-0.6774,-0.6478,-0.4162,100.0,100.0,100.0,0.0,0.0,30.0,7,3,-11.29,15.1,-0.748,50.0,5.07,9.87,564.48,7,0.6564,113.5
EMP001,2026-03-04,36,46,0,0,0,205,4,5,6,1.43,6.57,12.17,9.07,5.03,1.99,13.67,-0.8398,-0.7689,-0.4834,100.0,100.0,100.0,0.0,0.0,30.0,7,3,-11.29,15.1,-0.748,50.0,5.07,9.87,564.48,7,0.639,102.5
EMP001,2026-03-05,16,32,0,0,0,94,5,6,7,1.14,5.71,10.57,8.1,4.33,2.03,12.11,-0.6712,-0.6899,-0.4058,100.0,100.0,100.0,0.0,0.0,30.0,7,3,-11.29,15.1,-0.748,50.0,5.07,9.87,564.48,7,0.5851,47.0
EMP001,2026-03-06,26,67,0,0,0,190,6,7,8,0.29,4.86,9.4,7.17,3.6,0.45,11.36,-0.5709,-0.6049,-0.3119,100.0,100.0,100.0,0.0,0.0,30.0,7,3,-11.29,15.1,-0.748,50.0,5.07,9.87,564.48,7,0.5368,95.0
EMP001,2026-03-07,18,16,0,0,0,79,7,8,9,0.14,4.86,8.53,6.43,3.13,0.35,11.05,-0.517,-0.5488,-0.2634,100.0,100.0,100.0,0.0,0.0,30.0,7,3,-11.29,15.1,-0.748,50.0,5.07,9.87,564.48,7,0.6456,39.5
EMP001,2026-03-08,0,0,0,0,0,0,8,9,10,0.0,4.71,7.6,5.9,2.7,0.0,10.53,-0.4378,-0.5244,-0.2156,100.0,100.0,100.0,0.0,0.0,100.0,0,10,-11.29,15.1,-0.748,50.0,5.07,9.87,564.48,0,0.0,0.0
EMP001,2026-03-09,31,46,0,0,0,179,9,10,11,0.0,4.71,7.6,5.9,2.7,0.0,10.53,-0.5393,-0.6031,-0.2516,100.0,100.0,100.0,0.0,0.0,30.0,7,3,-11.29,15.1,-0.748,50.0,5.07,9.87,564.48,7,0.5531,89.5
EMP001,2026-03-10,58,75,0,0,0,256,10,11,12,0.0,4.14,7.27,5.63,2.53,0.0,10.61,-0.5717,-0.6267,-0.2532,100.0,100.0,100.0,0.0,0.0,30.0,7,3,-11.29,15.1,-0.748,50.0,5.07,9.87,564.48,7,0.6172,128.0
EMP001,2026-03-11,27,72,0,0,0,202,11,12,13,0.0,0.71,7.27,5.63,2.53,0.0,10.61,-0.6687,-0.7019,-0.287,100.0,100.0,100.0,0.0,0.0,30.0,7,3,-11.29,15.1,-0.748,50.0,5.07,9.87,564.48,7,0.5,101.0
EMP001,2026-03-12,32,49,0,0,0,201,12,13,14,0.0,0.57,6.47,5.0,2.3,0.0,10.22,-0.6002,-0.6461,-0.2725,100.0,100.0,100.0,0.0,0.0,30.0,7,3,-11.29,15.1,-0.748,50.0,5.07,9.87,564.48,7,0.5821,100.5
EMP001,2026-03-13,40,43,0,0,0,177,13,14,15,0.0,0.14,5.77,4.3,2.0,0.0,9.91,-0.5417,-0.568,-0.2412,100.0,100.0,100.0,0.0,0.0,30.0,7,3,-11.29,15.1,-0.748,50.0,5.07,9.87,564.48,7,0.6497,88.5
EMP001,2026-03-14,17,20,0,0,0,74,14,15,16,0.0,0.07,5.33,3.1,1.73,0.0,9.87,-0.529,-0.3771,-0.2127,100.0,100.0,100.0,0.0,0.0,30.0,7,3,-11.29,15.1,-0.748,50.0,5.07,9.87,564.48,7,0.6351,37.0
EMP001,2026-03-15,0,0,0,0,0,0,15,16,17,0.0,0.0,4.73,2.73,1.47,0.0,9.63,-0.4761,-0.3426,-0.1806,100.0,100.0,100.0,0.0,0.0,100.0,0,10,-11.29,15.1,-0.748,50.0,5.07,9.87,564.48,0,0.0,0.0
EMP001,2026-03-16,34,51,0,0,0,183,16,17,18,0.0,0.0,4.17,2.23,1.27,0.0,9.38,-0.422,-0.2756,-0.1588,100.0,100.0,100.0,0.0,0.0,30.0,7,3,-11.29,15.1,-0.748,50.0,5.07,9.87,564.48,7,0.5902,91.5
EMP001,2026-03-17,58,52,0,0,0,242,17,18,19,0.0,0.0,4.03,2.1,1.13,0.0,9.41,-0.4501,-0.2779,-0.1482,100.0,100.0,100.0,0.0,0.0,30.0,7,3,-11.29,15.1,-0.748,50.0,5.07,9.87,564.48,7,0.6736,121.0
EMP001,2026-03-18,37,32,0,0,0,167,18,19,20,0.0,0.0,4.03,2.1,1.13,0.0,9.41,-0.5039,-0.3059,-0.1633,100.0,100.0,100.0,0.0,0.0,30.0,7,3,-11.29,15.1,-0.748,50.0,5.07,9.87,564.48,7,0.6048,83.5
EMP001,2026-03-19,59,38,0,0,0,187,19,20,21,0.0,0.0,3.43,1.67,0.83,0.0,9.07,-0.4336,-0.2443,-0.1164,100.0,100.0,100.0,0.0,0.0,30.0,7,3,-11.29,15.1,-0.748,50.0,5.07,9.87,564.48,7,0.6898,93.5
EMP001,2026-03-20,35,49,0,0,0,213,20,21,22,0.0,0.0,3.07,1.33,0.67,0.0,8.98,-0.4036,-0.1976,-0.093,100.0,100.0,100.0,0.0,0.0,30.0,7,3,-11.29,15.1,-0.748,50.0,5.07,9.87,564.48,7,0.6009,106.5
EMP001,2026-03-21,16,18,0,0,0,75,21,22,23,0.0,0.0,2.67,1.03,0.57,0.0,8.84,-0.3617,-0.1533,-0.0812,100.0,100.0,100.0,0.0,0.0,30.0,7,3,-11.29,15.1,-0.748,50.0,5.07,9.87,564.48,7,0.64,37.5
EMP001,2026-03-22,0,0,0,0,0,0,22,23,24,0.0,0.0,2.27,0.7,0.43,0.0,8.68,-0.3146,-0.0981,-0.0612,100.0,100.0,100.0,0.0,0.0,100.0,0,10,-11.29,15.1,-0.748,50.0,5.07,9.87,564.48,0,0.0,0.0
EMP001,2026-03-23,51,56,0,0,0,228,23,24,25,0.0,0.0,2.27,0.7,0.43,0.0,8.68,-0.3448,-0.1075,-0.067,100.0,100.0,100.0,0.0,0.0,30.0,7,3,-11.29,15.1,-0.748,50.0,5.07,9.87,564.48,7,0.636,114.0
EMP001,2026-03-24,63,64,0,0,0,244,24,25,26,0.0,0.0,2.2,0.63,0.4,0.0,8.69,-0.3613,-0.103,-0.0659,100.0,100.0,100.0,0.0,0.0,30.0,7,3,-11.29,15.1,-0.748,50.0,5.07,9.87,564.48,7,0.6107,122.0
EMP001,2026-03-25,20,30,0,0,0,111,25,26,27,0.0,0.0,2.2,0.63,0.4,0.0,8.69,-0.3907,-0.1115,-0.0712,100.0,100.0,100.0,0.0,0.0,30.0,7,3,-11.29,15.1,-0.748,50.0,5.07,9.87,564.48,7,0.6216,55.5
EMP001,2026-03-26,75,81,0,0,0,306,26,27,28,0.0,0.0,1.93,0.43,0.23,0.0,8.63,-0.3648,-0.0785,-0.042,100.0,100.0,100.0,0.0,0.0,30.0,7,3,-11.29,15.1,-0.748,50.0,5.07,9.87,564.48,7,0.6078,153.0
EMP001,2026-03-27,60,62,0,0,0,273,27,28,29,0.0,0.0,0.33,0.2,0.13,0.0,1.14,-0.0596,-0.036,-0.0245,100.0,100.0,100.0,0.0,0.0,30.0,7,3,-11.29,15.1,-0.748,50.0,5.07,9.87,564.48,7,0.619,136.5
EMP001,2026-03-28,32,28,0,0,0,114,28,29,30,0.0,0.0,0.27,0.17,0.1,0.0,1.09,-0.0503,-0.0318,-0.0194,100.0,100.0,100.0,0.0,0.0,30.0,7,3,-11.29,15.1,-0.748,50.0,5.07,9.87,564.48,7,0.614,57.0
EMP001,2026-03-29,0,0,0,0,0,0,29,30,31,0.0,0.0,0.07,0.03,0.0,0.0,0.25,-0.0125,-0.0065,0.0,100.0,100.0,0.0,0.0,0.0,100.0,0,10,-11.29,15.1,-0.748,50.0,5.07,9.87,564.48,0,0.0,0.0
EMP001,2026-03-30,56,55,0,0,0,251,30,31,32,0.0,0.0,0.03,0.0,0.0,0.0,0.18,-0.0065,0.0,0.0,100.0,0.0,0.0,0.0,0.0,30.0,7,3,-11.29,15.1,-0.748,50.0,5.07,9.87,564.48,7,0.6215,125.5
EMP001,2026-03-31,50,60,0,0,0,224,31,32,33,0.0,0.0,0.0,0.0,0.0,0.0,0.0,0.0,0.0,0.0,0.0,0.0,0.0,0.0,0.0,30.0,7,3,-11.29,15.1,-0.748,50.0,5.07,9.87,564.48,7,0.5848,112.0
EMP002,2026-01-01,0,0,0,0,0,0,1,1,1,0.0,0.0,0.0,0.0,0.0,0.0,0.0,0.0,0.0,0.0,0.0,0.0,0.0,0.0,0.0,100.0,0,6,-18.07,12.97,-1.393,50.0,7.92,10.98,493.68,0,0.0,0.0
EMP002,2026-01-02,118,116,35,17,13,378,2,2,2,0.0,0.0,0.0,0.0,0.0,0.0,0.0,0.0,0.0,0.0,0.0,0.0,0.0,0.2966,0.1441,0.0,6,0,16.93,12.97,1.305,50.0,7.92,10.98,493.68,6,0.6931,189.0
EMP002,2026-01-03,58,38,12,7,4,154,1,1,1,17.5,17.5,17.5,8.5,6.5,17.5,17.5,0.0,0.0,0.0,31.43,17.65,38.46,0.2069,0.1207,0.0,6,0,-6.07,12.97,-0.468,50.0,7.92,10.98,493.68,6,0.7532,77.0
EMP002,2026-01-04,0,0,0,0,0,0,1,1,1,15.67,15.67,15.67,8.0,5.67,14.52,14.52,6.0,3.5,2.0,100.0,100.0,100.0,0.0,0.0,100.0,0,6,-18.07,12.97,-1.393,50.0,7.92,10.98,493.68,0,0.0,0.0
EMP002,2026-01-05,150,91,31,16,14,374,2,2,2,11.75,11.75,11.75,6.0,4.25,14.29,14.29,-2.3,-1.0,-0.9,0.0,0.0,0.0,0.2067,0.1067,0.0,6,0,12.93,12.97,0.997,50.0,7.92,10.98,493.68,6,0.7567,187.0
EMP002,2026-01-06,140,121,17,12,12,387,1,1,1,15.6,15.6,15.6,8.0,6.2,14.92,14.92,2.7,1.5,1.5,0.0,0.0,0.0,0.1214,0.0857,0.0,6,0,-1.07,12.97,-0.082,50.0,7.92,10.98,493.68,6,0.6873,193.5
EMP002,2026-01-07,129,110,18,16,13,366,1,1,1,15.83,15.83,15.83,8.67,7.17,13.63,13.63,1.7429,1.4286,1.6857,0.0,0.0,0.0,0.1395,0.124,0.0,6,0,-0.07,12.97,-0.005,50.0,7.92,10.98,493.68,6,0.6995,183.0
EMP002,2026-01-08,132,110,29,17,9,360,1,1,1,16.14,16.14,16.14,9.71,8.0,12.64,12.64,1.3214,1.6786,1.6786,0.0,0.0,0.0,0.2197,0.1288,0.0,6,0,10.93,12.97,0.843,50.0,7.92,10.98,493.68,6,0.6944,180.0
EMP002,2026-01-09,63,66,13,11,4,220,1,1,1,20.29,17.75,17.75,10.62,8.12,11.36,12.57,1.9524,1.7262,1.2024,26.76,0.0,50.74,0.2063,0.1746,0.0,6,0,-5.07,12.97,-0.391,50.0,7.92,10.98,493.68,6,0.7,110.0
EMP002,2026-01-10,50,40,8,7,4,131,1,1,1,17.14,17.22,17.22,10.67,7.67,9.79,11.94,1.05,1.2333,0.5667,53.54,34.4,47.85,0.16,0.14,0.0,6,0,-10.07,12.97,-0.776,50.0,7.92,10.98,493.68,6,0.6947,65.5
EMP002,2026-01-11,0,0,0,0,0,0,1,1,1,16.57,16.3,16.3,10.3,7.3,10.18,11.66,0.2606,0.697,0.2121,100.0,100.0,100.0,0.0,0.0,100.0,0,6,-18.07,12.97,-1.393,50.0,7.92,10.98,493.68,0,0.0,0.0
EMP002,2026-01-12,144,101,26,21,12,376,2,2,2,16.57,14.82,14.82,9.36,6.64,10.18,12.07,-0.5455,0.0545,-0.1727,0.0,0.0,0.0,0.1806,0.1458,0.0,6,0,7.93,12.97,0.611,50.0,7.92,10.98,493.68,6,0.7314,188.0
EMP002,2026-01-13,166,117,32,12,15,435,1,1,1,15.86,15.75,15.75,10.33,7.08,9.28,11.96,0.0105,0.4895,0.0734,0.0,0.0,0.0,0.1928,0.0723,0.0,6,0,13.93,12.97,1.074,50.0,7.92,10.98,493.68,6,0.731,217.5
EMP002,2026-01-14,129,75,18,15,13,312,1,1,1,18.0,17.0,17.0,10.46,7.69,10.89,12.28,0.544,0.4396,0.3187,0.0,0.0,0.0,0.1395,0.1163,0.0,6,0,-0.07,12.97,-0.005,50.0,7.92,10.98,493.68,6,0.7596,156.0
EMP002,2026-01-15,100,95,26,15,12,323,1,1,1,18.0,17.07,17.07,10.79,8.07,10.89,11.83,0.4637,0.4813,0.4066,0.0,0.0,0.0,0.26,0.15,0.0,6,0,7.93,12.97,0.611,50.0,7.92,10.98,493.68,6,0.7059,161.5
EMP002,2026-01-16,117,86,25,14,14,322,1,1,1,17.57,18.93,17.67,11.07,8.33,10.5,11.65,0.6,0.4964,0.4286,0.0,0.0,0.0,0.2137,0.1197,0.0,6,0,6.93,12.97,0.534,50.0,7.92,10.98,493.68,6,0.7329,161.0
EMP002,2026-01-17,40,32,11,6,3,121,1,1,1,19.29,18.21,18.12,11.25,8.69,10.59,11.42,0.6559,0.4735,0.4779,39.29,46.67,65.48,0.275,0.15,0.0,6,0,-7.07,12.97,-0.545,50.0,7.92,10.98,493.68,6,0.7355,60.5
EMP002,2026-01-18,0,0,0,0,0,0,1,1,1,19.71,18.14,17.71,10.94,8.35,10.18,11.2,0.4069,0.2917,0.2868,100.0,100.0,100.0,0.0,0.0,100.0,0,6,-18.07,12.97,-1.393,50.0,7.92,10.98,493.68,0,0.0,0.0
EMP002,2026-01-19,133,107,24,19,12,367,2,2,2,19.71,18.14,16.72,10.33,7.89,10.18,11.62,0.032,0.0537,0.0949,0.0,0.0,0.0,0.1805,0.1429,0.0,6,0,5.93,12.97,0.457,50.0,7.92,10.98,493.68,6,0.7084,183.5
EMP002,2026-01-20,154,92,23,13,11,376,1,1,1,19.43,17.64,17.11,10.79,8.11,10.03,11.42,0.1421,0.1825,0.1456,0.0,0.0,0.0,0.1494,0.0844,0.0,6,0,4.93,12.97,0.38,50.0,7.92,10.98,493.68,6,0.7553,188.0
EMP002,2026-01-21,124,88,17,19,8,326,1,1,1,18.14,18.07,17.4,10.9,8.25,8.84,11.21,0.206,0.188,0.1662,2.3,0.0,3.03,0.1371,0.1532,0.0,6,0,-1.07,12.97,-0.082,50.0,7.92,10.98,493.68,6,0.7301,163.0
EMP002,2026-01-22,101,80,24,11,9,303,1,1,1,18.0,18.0,17.38,11.29,8.24,8.85,10.94,0.1727,0.2675,0.1403,0.0,2.57,0.0,0.2376,0.1089,0.0,6,0,5.93,12.97,0.457,50.0,7.92,10.98,493.68,6,0.736,151.5
EMP002,2026-01-23,126,140,31,15,11,397,1,1,1,17.71,17.64,17.68,11.27,8.27,8.61,10.78,0.2287,0.2292,0.131,0.0,0.0,0.0,0.246,0.119,0.0,6,0,12.93,12.97,0.997,50.0,7.92,10.98,493.68,6,0.6474,198.5
EMP002,2026-01-24,46,36,7,8,5,126,1,1,1,18.57,18.93,18.26,11.43,8.39,9.54,10.88,0.3449,0.2411,0.1443,61.66,30.01,40.41,0.1522,0.1739,0.0,6,0,-11.07,12.97,-0.854,50.0,7.92,10.98,493.68,6,0.7143,63.0
EMP002,2026-01-25,0,0,0,0,0,0,1,1,1,18.0,18.86,17.79,11.29,8.25,10.09,10.89,0.1909,0.1778,0.093,100.0,100.0,100.0,0.0,0.0,100.0,0,6,-18.07,12.97,-1.393,50.0,7.92,10.98,493.68,0,0.0,0.0
EMP002,2026-01-26,0,0,0,0,0,0,2,2,2,18.0,18.86,17.08,10.84,7.92,10.09,11.22,0.0046,0.0531,0.0062,100.0,100.0,100.0,0.0,0.0,100.0,0,6,-18.07,12.97,-1.393,50.0,7.92,10.98,493.68,0,0.0,0.0
EMP002,2026-01-27,117,90,27,18,16,357,3,3,3,14.57,17.0,16.42,10.42,7.62,11.45,11.49,-0.1419,-0.0455,-0.0622,0.0,0.0,0.0,0.2308,0.1538,0.0,6,0,8.93,12.97,0.689,50.0,7.92,10.98,493.68,6,0.7479,178.5
EMP002,2026-01-28,151,85,19,15,10,331,1,1,1,15.14,16.64,16.81,10.7,7.93,11.95,11.45,-0.0427,0.0195,0.011,0.0,0.0,0.0,0.1258,0.0993,0.0,6,0,0.93,12.97,0.072,50.0,7.92,10.98,493.68,6,0.7432,165.5
EMP002,2026-01-29,178,127,34,20,15,451,1,1,1,15.43,16.71,16.89,10.86,8.0,12.01,11.25,-0.0222,0.0493,0.0252,0.0,0.0,0.0,0.191,0.1124,0.0,6,0,15.93,12.97,1.228,50.0,7.92,10.98,493.68,6,0.7184,225.5
EMP002,2026-01-30,164,91,30,20,11,395,1,1,1,16.86,17.29,17.48,11.17,8.24,13.45,11.48,0.098,0.1074,0.0709,0.0,0.0,0.0,0.1829,0.122,0.0,6,0,11.93,12.97,0.92,50.0,7.92,10.98,493.68,6,0.7696,197.5
EMP002,2026-01-31,53,48,11,7,6,152,1,1,1,16.71,17.64,17.9,11.47,8.33,13.31,11.51,0.1693,0.1539,0.0819,38.55,38.97,27.97,0.2075,0.1321,0.0,6,0,-7.07,12.97,-0.545,50.0,7.92,10.98,493.68,6,0.6842,76.0
EMP002,2026-02-01,0,0,0,0,0,0,1,1,1,17.29,17.64,18.27,11.7,8.53,12.96,11.11,0.0013,0.0461,0.0093,100.0,100.0,100.0,0.0,0.0,100.0,0,6,-18.07,12.97,-1.393,50.0,7.92,10.98,493.68,0,0.0,0.0
EMP002,2026-02-02,170,102,39,26,17,453,2,2,2,17.29,17.64,17.1,11.13,8.1,12.96,11.12,-0.0011,0.0071,-0.0149,0.0,0.0,0.0,0.2294,0.1529,0.0,6,0,20.93,12.97,1.614,50.0,7.92,10.98,493.68,6,0.7748,226.5
EMP002,2026-02-03,138,89,22,15,16,384,1,1,1,22.86,18.71,18.0,11.77,8.53,12.71,11.75,0.105,0.0745,0.0142,0.0,0.0,0.0,0.1594,0.1087,0.0,6,0,3.93,12.97,0.303,50.0,7.92,10.98,493.68,6,0.7682,192.0
EMP002,2026-02-04,110,75,27,18,10,318,1,1,1,22.14,18.64,18.73,12.27,9.07,12.6,11.28,0.0067,0.0142,0.0036,0.0,0.0,0.0,0.2455,0.1636,0.0,6,0,8.93,12.97,0.689,50.0,7.92,10.98,493.68,6,0.7642,159.0
EMP002,2026-02-05,151,116,17,10,14,407,1,1,1,23.29,19.36,18.6,12.33,8.93,12.62,11.16,0.1446,0.077,0.0436,8.6,18.9,0.0,0.1126,0.0662,0.0,6,0,-1.07,12.97,-0.082,50.0,7.92,10.98,493.68,6,0.715,203.5
EMP002,2026-02-06,125,102,19,11,8,340,1,1,1,20.86,18.86,18.6,12.27,9.0,11.95,11.16,0.1232,0.0596,0.0974,0.0,10.35,11.11,0.152,0.088,0.0,6,0,0.93,12.97,0.072,50.0,7.92,10.98,493.68,6,0.7,170.0
EMP002,2026-02-07,3,1,0,0,0,5,1,1,1,19.29,18.0,18.63,12.1,8.83,11.35,11.16,0.1217,0.0772,0.1186,100.0,100.0,100.0,0.0,0.0,50.0,3,3,-18.07,12.97,-1.393,50.0,7.92,10.98,493.68,3,0.8,2.5
EMP002,2026-02-08,0,0,0,0,0,0,2,2,2,17.71,17.5,17.67,11.53,8.53,13.02,11.47,0.073,0.0329,0.0627,100.0,100.0,100.0,0.0,0.0,100.0,0,6,-18.07,12.97,-1.393,50.0,7.92,10.98,493.68,0,0.0,0.0
EMP002,2026-02-09,132,136,26,14,12,388,3,3,3,17.71,17.5,17.23,11.17,8.4,13.02,11.88,-0.0732,-0.0452,-0.0236,0.0,0.0,0.0,0.197,0.1061,0.0,6,0,7.93,12.97,0.611,50.0,7.92,10.98,493.68,6,0.6495,194.0
EMP002,2026-02-10,158,98,17,18,14,405,1,1,1,15.86,19.36,17.83,11.4,8.67,10.55,11.85,-0.0803,-0.0556,-0.0307,4.66,0.0,0.0,0.1076,0.1139,0.0,6,0,-1.07,12.97,-0.082,50.0,7.92,10.98,493.68,6,0.758,202.5
EMP002,2026-02-11,131,110,20,18,14,373,1,1,1,15.14,18.64,18.4,12.0,9.13,10.27,11.38,-0.2087,-0.0917,-0.0561,0.0,0.0,0.0,0.1527,0.1374,0.0,6,0,1.93,12.97,0.149,50.0,7.92,10.98,493.68,6,0.7051,186.5
EMP002,2026-02-12,102,93,15,17,11,299,1,1,1,14.14,18.71,18.2,11.9,9.2,9.37,11.3,-0.1459,0.0091,-0.0049,17.58,0.0,0.0,0.1471,0.1667,0.0,6,0,-3.07,12.97,-0.237,50.0,7.92,10.98,493.68,6,0.689,149.5
EMP002,2026-02-13,126,77,28,13,8,341,1,1,1,13.86,17.36,17.63,12.07,9.07,9.31,11.01,-0.0714,0.0427,0.0467,0.0,0.0,11.8,0.2222,0.1032,0.0,6,0,9.93,12.97,0.766,50.0,7.92,10.98,493.68,6,0.7742,170.5
EMP002,2026-02-14,44,38,9,4,5,123,1,1,1,15.14,17.21,17.97,12.0,8.9,10.48,11.17,-0.002,0.069,0.067,49.92,66.67,43.82,0.2045,0.0909,0.0,6,0,-9.07,12.97,-0.699,50.0,7.92,10.98,493.68,6,0.6911,61.5
EMP002,2026-02-15,0,0,0,0,0,0,1,1,1,16.43,17.07,17.4,11.63,8.67,8.99,11.18,-0.0044,0.038,0.0632,100.0,100.0,100.0,0.0,0.0,100.0,0,6,-18.07,12.97,-1.393,50.0,7.92,10.98,493.68,0,0.0,0.0
EMP002,2026-02-16,81,73,22,9,9,257,2,2,2,16.43,17.07,16.57,11.17,8.2,8.99,11.51,-0.0643,-0.0207,0.044,0.0,19.43,0.0,0.2716,0.1111,0.0,6,0,3.93,12.97,0.303,50.0,7.92,10.98,493.68,6,0.716,128.5
EMP002,2026-02-17,138,124,23,17,13,413,1,1,1,15.86,15.86,16.93,11.27,8.4,8.48,11.5,-0.0676,-0.0703,0.0133,0.0,0.0,0.0,0.1667,0.1232,0.0,6,0,4.93,12.97,0.38,50.0,7.92,10.98,493.68,6,0.6998,206.5
EMP002,2026-02-18,121,115,22,12,8,362,1,1,1,16.71,15.93,17.7,11.83,8.83,8.84,11.11,-0.1453,-0.111,-0.0149,0.0,0.0,9.4,0.1818,0.0992,0.0,6,0,3.93,12.97,0.303,50.0,7.92,10.98,493.68,6,0.6823,181.0
EMP002,2026-02-19,120,71,18,13,13,320,1,1,1,17.0,15.57,17.63,11.6,8.7,8.98,11.07,-0.0741,-0.0605,0.0016,0.0,0.0,0.0,0.15,0.1083,0.0,6,0,-0.07,12.97,-0.005,50.0,7.92,10.98,493.68,6,0.7781,160.0
EMP002,2026-02-20,0,0,0,0,0,0,1,1,1,17.43,15.64,17.47,11.6,8.77,8.94,11.03,-0.0347,-0.0418,0.0452,100.0,100.0,100.0,0.0,0.0,100.0,0,6,-18.07,12.97,-1.393,50.0,7.92,10.98,493.68,0,0.0,0.0
EMP002,2026-02-21,34,23,7,2,2,90,2,2,2,13.43,14.29,16.9,10.97,8.5,9.56,11.47,-0.1506,-0.0656,-0.0167,58.58,81.77,76.47,0.2059,0.0588,0.0,6,0,-11.07,12.97,-0.854,50.0,7.92,10.98,493.68,6,0.7444,45.0
EMP002,2026-02-22,0,0,0,0,0,0,1,1,1,13.14,14.79,16.33,10.67,8.27,9.72,11.52,-0.1655,-0.1232,-0.0552,100.0,100.0,100.0,0.0,0.0,100.0,0,6,-18.07,12.97,-1.393,50.0,7.92,10.98,493.68,0,0.0,0.0
EMP002,2026-02-23,147,70,25,16,15,331,2,2,2,13.14,14.79,15.3,10.17,7.9,9.72,11.55,-0.1697,-0.1622,-0.0897,0.0,0.0,0.0,0.1701,0.1088,0.0,6,0,6.93,12.97,0.534,50.0,7.92,10.98,493.68,6,0.7885,165.5
EMP002,2026-02-24,116,87,16,12,17,322,1,1,1,13.57,14.71,15.9,10.43,8.23,10.15,11.57,-0.1644,-0.1395,-0.0638,0.0,0.0,0.0,0.1379,0.1034,0.0,6,0,-2.07,12.97,-0.16,50.0,7.92,10.98,493.68,6,0.7298,161.0
EMP002,2026-02-25,100,94,17,18,15,305,1,1,1,12.57,14.64,16.43,10.83,8.8,9.5,11.19,-0.2734,-0.2013,-0.0641,0.0,0.0,0.0,0.17,0.18,0.0,6,0,-1.07,12.97,-0.082,50.0,7.92,10.98,493.68,6,0.6918,152.5
EMP002,2026-02-26,123,118,28,13,16,399,1,1,1,11.86,14.43,17.0,11.43,9.3,8.94,10.76,-0.3831,-0.2298,-0.0848,0.0,0.0,0.0,0.2276,0.1057,0.0,6,0,9.93,12.97,0.766,50.0,7.92,10.98,493.68,6,0.7043,199.5
EMP002,2026-02-27,154,123,26,11,10,423,1,1,1,13.29,15.36,17.03,11.27,9.3,10.47,10.8,-0.2432,-0.1744,0.0047,0.0,2.4,0.0,0.1688,0.0714,0.0,6,0,7.93,12.97,0.611,50.0,7.92,10.98,493.68,6,0.7092,211.5
EMP002,2026-02-28,54,47,11,9,8,165,1,1,1,17.0,15.21,17.27,11.13,9.3,9.68,10.91,-0.1717,-0.1504,0.014,36.31,19.14,13.98,0.2037,0.1667,0.0,6,0,-7.07,12.97,-0.545,50.0,7.92,10.98,493.68,6,0.7152,82.5
EMP002,2026-03-01,0,0,0,0,0,0,1,1,1,17.57,15.36,16.5,10.77,9.07,9.18,10.51,-0.0968,-0.103,0.0449,100.0,100.0,100.0,0.0,0.0,100.0,0,6,-18.07,12.97,-1.393,50.0,7.92,10.98,493.68,0,0.0,0.0
EMP002,2026-03-02,0,0,0,0,0,0,2,2,2,17.57,15.36,15.5,10.1,8.7,9.18,10.6,-0.1101,-0.1088,-0.0002,100.0,100.0,100.0,0.0,0.0,100.0,0,6,-18.07,12.97,-1.393,50.0,7.92,10.98,493.68,0,0.0,0.0
EMP002,2026-03-03,200,143,31,15,13,513,3,3,3,14.0,13.79,15.13,9.87,8.5,10.38,10.94,-0.2412,-0.1953,-0.075,0.0,0.0,0.0,0.155,0.075,0.0,6,0,12.93,12.97,0.997,50.0,7.92,10.98,493.68,6,0.7212,256.5
EMP002,2026-03-04,118,91,19,11,15,329,1,1,1,16.14,14.36,16.17,10.37,8.93,11.99,10.92,-0.2432,-0.2303,-0.1046,0.0,0.0,0.0,0.161,0.0932,0.0,6,0,0.93,12.97,0.072,50.0,7.92,10.98,493.68,6,0.7234,164.5
EMP002,2026-03-05,108,116,29,16,10,352,1,1,1,16.43,14.14,15.5,9.87,8.87,12.03,10.09,-0.0674,-0.1184,-0.0098,0.0,0.0,0.0,0.2685,0.1481,0.0,6,0,10.93,12.97,0.843,50.0,7.92,10.98,493.68,6,0.6705,176.0
EMP002,2026-03-06,118,92,22,17,9,333,1,1,1,16.57,14.93,15.73,9.9,8.67,12.18,10.31,0.0645,-0.0434,0.0467,0.0,0.0,0.0,0.1864,0.1441,0.0,6,0,3.93,12.97,0.303,50.0,7.92,10.98,493.68,6,0.7237,166.5
EMP002,2026-03-07,45,39,6,6,5,125,1,1,1,16.0,16.5,15.57,9.87,8.63,11.81,10.17,0.1826,0.0583,0.0581,61.46,39.21,42.06,0.1333,0.1333,0.0,6,0,-12.07,12.97,-0.931,50.0,7.92,10.98,493.68,6,0.688,62.5
EMP002,2026-03-08,0,0,0,0,0,0,1,1,1,15.29,16.43,15.2,9.73,8.33,12.23,10.31,0.1308,0.0343,0.0716,100.0,100.0,100.0,0.0,0.0,100.0,0,6,-18.07,12.97,-1.393,50.0,7.92,10.98,493.68,0,0.0,0.0
EMP002,2026-03-09,148,102,25,17,16,370,2,2,2,15.29,16.43,14.57,9.37,8.07,12.23,10.64,0.059,-0.0198,0.0156,0.0,0.0,0.0,0.1689,0.1149,0.0,6,0,6.93,12.97,0.534,50.0,7.92,10.98,493.68,6,0.7243,185.0
EMP002,2026-03-10,144,97,33,18,11,375,1,1,1,18.86,16.43,15.4,9.93,8.6,10.82,10.44,0.0258,-0.0352,0.0111,0.0,0.0,0.0,0.2292,0.125,0.0,6,0,14.93,12.97,1.151,50.0,7.92,10.98,493.68,6,0.7413,187.5
EMP002,2026-03-11,152,84,15,16,12,360,1,1,1,19.14,17.64,16.5,10.53,8.97,11.15,10.5,0.0331,-0.0516,-0.0327,9.09,0.0,0.0,0.0987,0.1053,0.0,6,0,-3.07,12.97,-0.237,50.0,7.92,10.98,493.68,6,0.7667,180.0
EMP002,2026-03-12,105,63,26,14,13,305,1,1,1,18.57,17.5,16.13,10.6,8.97,11.25,10.35,0.089,0.0076,0.0078,0.0,0.0,0.0,0.2476,0.1333,0.0,6,0,7.93,12.97,0.611,50.0,7.92,10.98,493.68,6,0.7934,152.5
EMP002,2026-03-13,123,97,22,20,8,366,1,1,1,18.14,17.36,16.43,10.47,8.93,10.89,10.5,0.1586,0.0805,0.0685,0.0,0.0,10.41,0.1789,0.1626,0.0,6,0,3.93,12.97,0.303,50.0,7.92,10.98,493.68,6,0.735,183.0
EMP002,2026-03-14,50,36,8,6,3,125,1,1,1,18.14,17.07,16.5,10.53,8.73,10.89,10.53,0.2191,0.194,0.0974,51.52,43.02,65.64,0.16,0.12,0.0,6,0,-10.07,12.97,-0.776,50.0,7.92,10.98,493.68,6,0.712,62.5
EMP002,2026-03-15,0,0,0,0,0,0,1,1,1,18.43,16.86,16.27,10.17,8.47,10.59,10.64,0.1539,0.2093,0.0761,100.0,100.0,100.0,0.0,0.0,100.0,0,6,-18.07,12.97,-1.393,50.0,7.92,10.98,493.68,0,0.0,0.0
EMP002,2026-03-16,99,78,25,13,16,293,2,2,2,18.43,16.86,15.33,9.73,8.2,10.59,10.79,0.1299,0.1633,0.0182,0.0,0.0,0.0,0.2525,0.1313,0.0,6,0,6.93,12.97,0.534,50.0,7.92,10.98,493.68,6,0.7338,146.5
EMP002,2026-03-17,108,108,23,11,11,320,1,1,1,18.43,18.64,15.87,10.03,8.57,10.59,10.86,0.1486,0.1448,0.0465,0.0,0.0,0.0,0.213,0.1019,0.0,6,0,4.93,12.97,0.38,50.0,7.92,10.98,493.68,6,0.6625,160.0
EMP002,2026-03-18,104,91,28,20,15,337,1,1,1,17.0,18.07,16.63,10.4,8.93,9.1,10.52,0.0852,0.0819,0.0031,0.0,0.0,0.0,0.2692,0.1923,0.0,6,0,9.93,12.97,0.766,50.0,7.92,10.98,493.68,6,0.73,168.5
EMP002,2026-03-19,9,6,1,1,0,22,1,1,1,18.86,18.71,16.83,10.77,9.13,9.8,10.68,0.1956,0.1341,0.0427,94.06,90.71,100.0,0.1111,0.1111,16.67,5,1,-17.07,12.97,-1.316,50.0,7.92,10.98,493.68,5,0.7273,11.0
EMP002,2026-03-20,116,112,29,20,14,387,1,1,2,15.29,16.71,16.1,10.23,8.7,11.03,10.98,0.1359,0.1141,0.0105,0.0,0.0,0.0,0.25,0.1724,0.0,6,0,10.93,12.97,0.843,50.0,7.92,10.98,493.68,6,0.7106,193.5
EMP002,2026-03-21,58,39,9,4,5,147,1,1,1,16.29,17.21,16.33,10.5,8.9,11.88,11.18,0.2598,0.1893,0.0398,44.89,61.9,43.82,0.1552,0.069,0.0,6,0,-9.07,12.97,-0.699,50.0,7.92,10.98,493.68,6,0.7347,73.5
EMP002,2026-03-22,0,0,0,0,0,0,1,1,1,16.43,17.43,16.03,10.2,8.63,11.78,11.25,0.224,0.1646,0.0429,100.0,100.0,100.0,0.0,0.0,100.0,0,6,-18.07,12.97,-1.393,50.0,7.92,10.98,493.68,0,0.0,0.0
EMP002,2026-03-23,134,124,22,19,11,384,2,2,2,16.43,17.43,16.03,10.2,8.63,11.78,11.25,0.01,0.0285,-0.0723,0.0,0.0,0.0,0.1642,0.1418,0.0,6,0,3.93,12.97,0.303,50.0,7.92,10.98,493.68,6,0.6771,192.0
EMP002,2026-03-24,129,72,37,18,16,373,1,1,1,16.0,17.21,16.53,10.77,8.93,11.51,11.17,-0.0138,0.0287,-0.1028,0.0,0.0,0.0,0.2868,0.1395,0.0,6,0,18.93,12.97,1.46,50.0,7.92,10.98,493.68,6,0.807,186.5
EMP002,2026-03-25,119,104,46,23,27,411,1,1,1,18.0,17.5,17.77,11.37,9.47,13.59,11.32,0.0042,0.0011,-0.1188,0.0,0.0,0.0,0.3866,0.1933,0.0,6,0,27.93,12.97,2.153,50.0,7.92,10.98,493.68,6,0.747,205.5
EMP002,2026-03-26,8,7,3,2,1,27,1,1,1,20.57,19.71,18.47,11.6,9.87,16.6,12.34,0.2363,0.1081,0.0325,83.76,82.76,89.87,0.375,0.25,0.0,6,0,-15.07,12.97,-1.162,50.0,7.92,10.98,493.68,6,0.7407,13.5
EMP002,2026-03-27,135,108,47,27,25,456,1,1,1,20.86,18.07,18.03,11.27,9.33,16.28,12.65,0.1195,0.0489,0.0245,0.0,0.0,0.0,0.3481,0.2,0.0,6,0,28.93,12.97,2.231,50.0,7.92,10.98,493.68,6,0.7632,228.0
EMP002,2026-03-28,70,39,17,14,10,184,1,1,1,23.43,19.86,19.03,11.57,9.67,18.62,13.67,0.2992,0.1969,0.1646,10.67,0.0,0.0,0.2429,0.2,0.0,6,0,-1.07,12.97,-0.082,50.0,7.92,10.98,493.68,6,0.788,92.0
EMP002,2026-03-29,0,0,0,0,0,0,1,1,1,24.57,20.5,18.67,11.6,9.47,17.93,13.57,0.3479,0.2225,0.2105,100.0,100.0,100.0,0.0,0.0,100.0,0,6,-18.07,12.97,-1.393,50.0,7.92,10.98,493.68,0,0.0,0.0
EMP002,2026-03-30,148,136,56,20,18,453,2,2,2,24.57,20.5,17.8,11.23,9.13,17.93,13.9,0.2781,0.1435,0.1531,0.0,0.0,0.0,0.3784,0.1351,0.0,6,0,37.93,12.97,2.924,50.0,7.92,10.98,493.68,6,0.6998,226.5
EMP002,2026-03-31,142,125,45,37,17,455,1,1,1,29.43,22.71,19.3,11.6,9.47,20.93,15.43,0.4776,0.1846,0.2024,0.0,0.0,0.0,0.3169,0.2606,0.0,6,0,26.93,12.97,2.076,50.0,7.92,10.98,493.68,6,0.7253,227.5
EMP003,2026-01-01,0,0,0,0,0,0,1,1,1,0.0,0.0,0.0,0.0,0.0,0.0,0.0,0.0,0.0,0.0,0.0,0.0,0.0,0.0,0.0,100.0,0,6,-14.11,10.82,-1.304,50.0,7.74,9.54,531.54,0,0.0,0.0
EMP003,2026-01-02,91,69,14,13,7,261,2,2,2,0.0,0.0,0.0,0.0,0.0,0.0,0.0,0.0,0.0,0.0,0.0,0.0,0.0,0.1538,0.1429,0.0,6,0,-0.11,10.82,-0.01,50.0,7.74,9.54,531.54,6,0.7356,130.5
EMP003,2026-01-03,38,26,8,5,4,105,1,1,1,7.0,7.0,7.0,6.5,3.5,7.0,7.0,0.0,0.0,0.0,0.0,23.08,0.0,0.2105,0.1316,0.0,6,0,-6.11,10.82,-0.565,50.0,7.74,9.54,531.54,6,0.7524,52.5
EMP003,2026-01-04,0,0,0,0,0,0,1,1,1,7.33,7.33,7.33,6.0,3.67,5.73,5.73,4.0,2.5,2.0,100.0,100.0,100.0,0.0,0.0,100.0,0,6,-14.11,10.82,-1.304,50.0,7.74,9.54,531.54,0,0.0,0.0
EMP003,2026-01-05,80,71,22,14,7,233,2,2,2,5.5,5.5,5.5,4.5,2.75,5.89,5.89,-0.6,-0.8,-0.3,0.0,0.0,0.0,0.275,0.175,0.0,6,0,7.89,10.82,0.729,50.0,7.74,9.54,531.54,6,0.6953,116.5
EMP003,2026-01-06,83,62,18,14,10,227,1,1,1,8.8,8.8,8.8,6.4,3.6,8.45,8.45,3.0,1.5,0.7,0.0,0.0,0.0,0.2169,0.1687,0.0,6,0,3.89,10.82,0.36,50.0,7.74,9.54,531.54,6,0.7269,113.5
EMP003,2026-01-07,72,50,14,11,8,187,1,1,1,10.33,10.33,10.33,7.67,4.67,8.44,8.44,3.0286,1.9429,1.3143,0.0,0.0,0.0,0.1944,0.1528,0.0,6,0,-0.11,10.82,-0.01,50.0,7.74,9.54,531.54,6,0.7326,93.5
EMP003,2026-01-08,85,52,13,10,9,226,1,1,1,10.86,10.86,10.86,8.14,5.14,7.92,7.92,2.2857,1.5714,1.1786,0.0,0.0,0.0,0.1529,0.1176,0.0,6,0,-1.11,10.82,-0.103,50.0,7.74,9.54,531.54,6,0.7699,113.0
EMP003,2026-01-09,72,49,14,12,7,208,1,1,1,12.71,11.12,11.12,8.38,5.62,6.56,7.44,1.7024,1.2024,1.1071,0.0,0.0,0.0,0.1944,0.1667,0.0,6,0,-0.11,10.82,-0.01,50.0,7.74,9.54,531.54,6,0.7644,104.0
EMP003,2026-01-10,34,17,7,4,2,79,1,1,1,12.71,11.44,11.44,8.78,5.78,6.56,7.07,1.3833,1.0833,0.8667,38.81,54.44,65.4,0.2059,0.1176,0.0,6,0,-7.11,10.82,-0.657,50.0,7.74,9.54,531.54,6,0.7848,39.5
EMP003,2026-01-11,0,0,0,0,0,0,1,1,1,12.57,11.0,11.0,8.3,5.4,6.67,6.84,0.7636,0.5273,0.4242,100.0,100.0,100.0,0.0,0.0,100.0,0,6,-14.11,10.82,-1.304,50.0,7.74,9.54,531.54,0,0.0,0.0
EMP003,2026-01-12,73,83,15,8,9,236,2,2,2,12.57,10.0,10.0,7.55,4.91,6.67,7.25,0.0727,0.0182,0.0727,0.0,0.0,0.0,0.2055,0.1096,0.0,6,0,0.89,10.82,0.082,50.0,7.74,9.54,531.54,6,0.6483,118.0
EMP003,2026-01-13,78,54,12,13,9,223,1,1,1,11.57,10.42,10.42,7.58,5.25,5.63,7.08,0.2483,0.0315,0.2133,0.0,0.0,0.0,0.1538,0.1667,0.0,6,0,-2.11,10.82,-0.195,50.0,7.74,9.54,531.54,6,0.7578,111.5
EMP003,2026-01-14,62,68,19,7,7,208,1,1,1,10.71,10.54,10.54,8.0,5.54,5.01,6.81,0.2473,0.2033,0.2912,0.0,12.5,0.0,0.3065,0.1129,0.0,6,0,4.89,10.82,0.452,50.0,7.74,9.54,531.54,6,0.6731,104.0
EMP003,2026-01-15,75,58,17,11,6,227,1,1,1,11.43,11.14,11.14,7.93,5.64,5.73,6.92,0.4396,0.1341,0.2747,0.0,0.0,0.0,0.2267,0.1467,0.0,6,0,2.89,10.82,0.267,50.0,7.74,9.54,531.54,6,0.7445,113.5
EMP003,2026-01-16,99,61,13,10,7,247,1,1,1,12.0,12.36,11.53,8.13,5.67,6.05,6.84,0.5036,0.1857,0.2321,0.0,0.0,0.0,0.1313,0.101,0.0,6,0,-1.11,10.82,-0.103,50.0,7.74,9.54,531.54,6,0.753,123.5
EMP003,2026-01-17,30,30,5,3,2,97,1,1,1,11.86,12.29,11.62,8.25,5.75,6.01,6.63,0.4471,0.1941,0.2206,56.97,63.64,65.22,0.1667,0.1,0.0,6,0,-9.11,10.82,-0.842,50.0,7.74,9.54,531.54,6,0.6907,48.5
EMP003,2026-01-18,0,0,0,0,0,0,1,1,1,11.57,12.07,11.24,7.94,5.53,6.28,6.62,0.2426,0.0588,0.1103,100.0,100.0,100.0,0.0,0.0,100.0,0,6,-14.11,10.82,-1.304,50.0,7.74,9.54,531.54,0,0.0,0.0
EMP003,2026-01-19,82,65,19,8,10,226,2,2,2,11.57,12.07,10.61,7.5,5.22,6.28,6.93,0.0072,-0.0898,-0.0041,0.0,0.0,0.0,0.2317,0.0976,0.0,6,0,4.89,10.82,0.452,50.0,7.74,9.54,531.54,6,0.7124,113.0
EMP003,2026-01-20,0,0,0,0,0,0,1,1,1,12.14,11.86,11.05,7.53,5.47,6.73,7.0,0.1386,-0.0684,0.0719,100.0,100.0,100.0,0.0,0.0,100.0,0,6,-14.11,10.82,-1.304,50.0,7.74,9.54,531.54,0,0.0,0.0
EMP003,2026-01-21,73,95,11,12,7,233,2,2,2,10.43,10.57,10.5,7.15,5.2,7.96,7.24,-0.0391,-0.1662,-0.0165,0.0,0.0,0.0,0.1507,0.1644,0.0,6,0,-3.11,10.82,-0.287,50.0,7.74,9.54,531.54,6,0.5923,116.5
EMP003,2026-01-22,86,54,11,9,7,215,1,1,1,9.29,10.36,10.52,7.38,5.29,7.19,7.06,-0.0273,-0.0805,0.0091,0.0,0.0,0.0,0.1279,0.1047,0.0,6,0,-3.11,10.82,-0.287,50.0,7.74,9.54,531.54,6,0.7488,107.5
EMP003,2026-01-23,67,72,20,11,7,226,1,1,1,8.43,10.21,10.55,7.45,5.36,6.54,6.9,-0.0181,-0.0508,0.0282,0.0,0.0,0.0,0.2985,0.1642,0.0,6,0,5.89,10.82,0.544,50.0,7.74,9.54,531.54,6,0.6814,113.0
EMP003,2026-01-24,31,23,6,4,2,89,1,1,1,9.43,10.64,10.96,7.61,5.43,7.61,7.02,0.087,-0.0059,0.0425,45.26,47.44,63.17,0.1935,0.129,0.0,6,0,-8.11,10.82,-0.75,50.0,7.74,9.54,531.54,6,0.7416,44.5
EMP003,2026-01-25,0,0,0,0,0,0,1,1,1,9.57,10.57,10.75,7.46,5.29,7.54,6.94,0.027,-0.0413,0.003,100.0,100.0,100.0,0.0,0.0,100.0,0,6,-14.11,10.82,-1.304,50.0,7.74,9.54,531.54,0,0.0,0.0
EMP003,2026-01-26,0,0,0,0,0,0,2,2,2,9.57,10.57,10.32,7.16,5.08,7.54,7.12,-0.0754,-0.1054,-0.0462,100.0,100.0,100.0,0.0,0.0,100.0,0,6,-14.11,10.82,-1.304,50.0,7.74,9.54,531.54,0,0.0,0.0
EMP003,2026-01-27,6,4,1,0,0,17,3,3,3,6.86,9.5,9.92,6.88,4.88,7.06,7.26,-0.1552,-0.1549,-0.0844,89.92,100.0,100.0,0.1667,0.0,33.33,4,2,-13.11,10.82,-1.212,50.0,7.74,9.54,531.54,4,0.7647,8.5
EMP003,2026-01-28,75,56,17,8,12,227,1,4,4,7.0,8.71,9.59,6.63,4.7,6.93,7.32,-0.2094,-0.1929,-0.1142,0.0,0.0,0.0,0.2267,0.1067,0.0,6,0,2.89,10.82,0.267,50.0,7.74,9.54,531.54,6,0.7533,113.5
EMP003,2026-01-29,97,78,38,12,8,285,1,1,1,7.86,8.57,9.86,6.68,4.96,7.7,7.32,-0.133,-0.1628,-0.0484,0.0,0.0,0.0,0.3918,0.1237,0.0,6,0,23.89,10.82,2.208,50.0,7.74,9.54,531.54,6,0.7263,142.5
EMP003,2026-01-30,134,98,33,13,13,332,1,1,1,11.71,10.07,10.83,6.86,5.07,13.14,8.84,0.0744,-0.1099,-0.0227,0.0,0.0,0.0,0.2463,0.097,0.0,6,0,18.89,10.82,1.746,50.0,7.74,9.54,531.54,6,0.7048,166.0
EMP003,2026-01-31,40,27,6,4,4,104,1,1,1,13.57,11.5,11.57,7.07,5.33,14.97,9.56,0.2102,-0.0596,0.0307,48.14,43.42,24.95,0.15,0.1,0.0,6,0,-8.11,10.82,-0.75,50.0,7.74,9.54,531.54,6,0.7404,52.0
EMP003,2026-02-01,0,0,0,0,0,0,1,1,1,13.57,11.57,11.77,7.2,5.47,14.97,9.37,0.0945,-0.1281,-0.0147,100.0,100.0,100.0,0.0,0.0,100.0,0,6,-14.11,10.82,-1.304,50.0,7.74,9.54,531.54,0,0.0,0.0
EMP003,2026-02-02,125,109,17,12,8,330,2,2,2,13.57,11.57,11.3,6.77,5.23,14.97,9.6,0.034,-0.1346,-0.0394,0.0,0.0,0.0,0.136,0.096,0.0,6,0,2.89,10.82,0.267,50.0,7.74,9.54,531.54,6,0.6697,165.0
EMP003,2026-02-03,137,107,24,12,16,367,1,1,1,16.0,11.43,11.6,7.0,5.37,13.92,9.63,0.0481,-0.113,-0.03,0.0,0.0,0.0,0.1752,0.0876,0.0,6,0,9.89,10.82,0.914,50.0,7.74,9.54,531.54,6,0.7084,183.5
EMP003,2026-02-04,105,65,17,9,7,253,1,1,1,19.29,13.14,12.4,7.4,5.9,12.65,9.63,0.0481,-0.129,0.0016,0.0,0.0,0.0,0.1619,0.0857,0.0,6,0,2.89,10.82,0.267,50.0,7.74,9.54,531.54,6,0.7431,126.5
EMP003,2026-02-05,97,60,15,9,9,244,1,1,1,19.29,13.57,12.23,7.23,5.9,12.65,9.5,0.1439,-0.0732,0.0162,0.0,0.0,0.0,0.1546,0.0928,0.0,6,0,0.89,10.82,0.082,50.0,7.74,9.54,531.54,6,0.7541,122.0
EMP003,2026-02-06,130,88,24,9,11,322,1,1,1,16.0,13.86,12.13,7.07,5.87,10.09,9.46,0.2016,-0.0151,0.0645,0.0,0.0,0.0,0.1846,0.0692,0.0,6,0,9.89,10.82,0.914,50.0,7.74,9.54,531.54,6,0.7267,161.0
EMP003,2026-02-07,38,27,9,3,4,99,1,1,1,14.71,14.14,12.47,7.0,5.97,8.24,9.69,0.291,0.0245,0.1123,27.83,57.14,33.0,0.2368,0.0789,0.0,6,0,-5.11,10.82,-0.472,50.0,7.74,9.54,531.54,6,0.7273,49.5
EMP003,2026-02-08,0,0,0,0,0,0,1,1,1,15.14,14.36,12.33,6.77,5.8,7.85,9.71,0.2723,0.0194,0.1206,100.0,100.0,100.0,0.0,0.0,100.0,0,6,-14.11,10.82,-1.304,50.0,7.74,9.54,531.54,0,0.0,0.0
EMP003,2026-02-09,117,114,22,14,11,329,2,2,2,15.14,14.36,11.87,6.37,5.57,7.85,9.95,0.2042,0.0118,0.0914,0.0,0.0,0.0,0.188,0.1197,0.0,6,0,7.89,10.82,0.729,50.0,7.74,9.54,531.54,6,0.6535,164.5
EMP003,2026-02-10,113,66,25,21,8,309,1,1,1,15.86,15.93,12.37,6.7,5.87,8.2,10.07,0.236,0.0447,0.1019,0.0,0.0,0.0,0.2212,0.1858,0.0,6,0,10.89,10.82,1.006,50.0,7.74,9.54,531.54,6,0.7864,154.5
EMP003,2026-02-11,92,67,20,14,8,243,1,1,1,16.0,17.64,13.2,7.4,6.13,8.35,10.05,0.2323,0.0908,0.0752,0.0,0.0,0.0,0.2174,0.1522,0.0,6,0,5.89,10.82,0.544,50.0,7.74,9.54,531.54,6,0.7243,121.5
EMP003,2026-02-12,105,83,15,17,12,310,1,1,1,16.43,17.86,13.37,7.6,6.1,8.47,10.12,0.2885,0.1375,0.107,0.0,0.0,0.0,0.1429,0.1619,0.0,6,0,0.89,10.82,0.082,50.0,7.74,9.54,531.54,6,0.7323,155.0
EMP003,2026-02-13,0,0,0,0,0,0,1,1,1,16.43,16.21,13.47,7.73,6.2,8.47,10.12,0.2897,0.2354,0.1651,100.0,100.0,100.0,0.0,0.0,100.0,0,6,-14.11,10.82,-1.304,50.0,7.74,9.54,531.54,0,0.0,0.0
EMP003,2026-02-14,33,26,5,4,3,98,2,2,2,13.0,13.86,12.83,7.5,5.97,9.5,10.34,0.2409,0.1804,0.1306,61.03,46.67,49.75,0.1515,0.1212,0.0,6,0,-9.11,10.82,-0.842,50.0,7.74,9.54,531.54,6,0.7347,49.0
EMP003,2026-02-15,0,0,0,0,0,0,1,1,1,12.43,13.79,12.43,7.27,5.87,9.84,10.41,0.2191,0.182,0.1117,100.0,100.0,100.0,0.0,0.0,100.0,0,6,-14.11,10.82,-1.304,50.0,7.74,9.54,531.54,0,0.0,0.0
EMP003,2026-02-16,108,72,16,9,6,261,2,2,2,12.43,13.79,12.0,6.93,5.63,9.84,10.64,0.1428,0.1539,0.0816,0.0,0.0,0.0,0.1481,0.0833,0.0,6,0,1.89,10.82,0.175,50.0,7.74,9.54,531.54,6,0.7241,130.5
EMP003,2026-02-17,112,83,26,20,9,312,1,1,1,11.57,13.71,12.37,7.13,5.77,9.21,10.58,0.1204,0.1402,0.059,0.0,0.0,0.0,0.2321,0.1786,0.0,6,0,11.89,10.82,1.099,50.0,7.74,9.54,531.54,6,0.734,156.0
EMP003,2026-02-18,105,63,19,11,8,255,1,1,1,11.71,13.86,13.23,7.8,6.07,9.42,10.6,0.123,0.174,0.04,0.0,0.0,0.0,0.181,0.1048,0.0,6,0,4.89,10.82,0.452,50.0,7.74,9.54,531.54,6,0.7529,127.5
EMP003,2026-02-19,94,107,20,14,8,289,1,1,1,11.57,14.0,13.23,7.9,6.0,9.3,10.6,0.2,0.196,0.0796,0.0,0.0,0.0,0.2128,0.1489,0.0,6,0,5.89,10.82,0.544,50.0,7.74,9.54,531.54,6,0.6298,144.5
EMP003,2026-02-20,95,89,22,15,8,312,1,1,1,12.29,14.36,13.9,8.37,6.27,9.72,10.37,0.1524,0.1809,0.0512,0.0,0.0,0.0,0.2316,0.1579,0.0,6,0,7.89,10.82,0.729,50.0,7.74,9.54,531.54,6,0.7147,156.0
EMP003,2026-02-21,35,31,9,5,4,113,1,1,1,15.43,14.21,14.27,8.47,6.3,8.75,10.46,0.1846,0.2487,0.0674,36.93,40.97,36.51,0.2571,0.1429,0.0,6,0,-5.11,10.82,-0.472,50.0,7.74,9.54,531.54,6,0.7257,56.5
EMP003,2026-02-22,0,0,0,0,0,0,1,1,1,16.0,14.21,14.2,8.33,6.2,8.16,10.49,0.1281,0.23,0.0574,100.0,100.0,100.0,0.0,0.0,100.0,0,6,-14.11,10.82,-1.304,50.0,7.74,9.54,531.54,0,0.0,0.0
EMP003,2026-02-23,115,66,22,9,9,301,2,2,2,16.0,14.21,13.53,7.97,5.97,8.16,10.73,0.0765,0.1947,0.0229,0.0,0.0,0.0,0.1913,0.0783,0.0,6,0,7.89,10.82,0.729,50.0,7.74,9.54,531.54,6,0.7807,150.5
EMP003,2026-02-24,120,73,27,8,13,303,1,1,1,16.86,14.21,14.07,8.13,6.2,8.42,10.74,0.0792,0.174,0.0151,0.0,1.6,0.0,0.225,0.0667,0.0,6,0,12.89,10.82,1.191,50.0,7.74,9.54,531.54,6,0.7591,151.5
EMP003,2026-02-25,78,94,17,16,6,280,1,1,1,17.0,14.36,14.97,8.4,6.63,8.59,10.65,0.0656,0.117,0.0162,0.0,0.0,9.5,0.2179,0.2051,0.0,6,0,2.89,10.82,0.267,50.0,7.74,9.54,531.54,6,0.6643,140.0
EMP003,2026-02-26,138,90,30,13,12,330,1,1,1,16.71,14.14,15.53,8.93,6.83,8.55,10.29,-0.0245,0.1081,-0.0336,0.0,0.0,0.0,0.2174,0.0942,0.0,6,0,15.89,10.82,1.469,50.0,7.74,9.54,531.54,6,0.7273,165.0
EMP003,2026-02-27,140,94,17,20,14,359,1,1,1,18.14,15.21,16.5,9.37,7.23,9.73,10.24,-0.0314,0.0727,-0.0474,0.0,0.0,0.0,0.1214,0.1429,0.0,6,0,2.89,10.82,0.267,50.0,7.74,9.54,531.54,6,0.7382,179.5
EMP003,2026-02-28,52,33,10,8,5,133,1,1,1,17.43,16.43,16.5,9.77,7.3,9.6,10.24,-0.0247,0.1319,0.0291,39.39,18.12,31.51,0.1923,0.1538,0.0,6,0,-4.11,10.82,-0.38,50.0,7.74,9.54,531.54,6,0.7519,66.5
EMP003,2026-03-01,0,0,0,0,0,0,1,1,1,17.57,16.79,15.57,9.63,7.2,9.48,9.49,0.0816,0.1359,0.0191,100.0,100.0,100.0,0.0,0.0,100.0,0,6,-14.11,10.82,-1.304,50.0,7.74,9.54,531.54,0,0.0,0.0
EMP003,2026-03-02,0,0,0,0,0,0,2,2,2,17.57,16.79,14.47,9.2,6.77,9.48,9.31,0.1014,0.097,0.0127,100.0,100.0,100.0,0.0,0.0,100.0,0,6,-14.11,10.82,-1.304,50.0,7.74,9.54,531.54,0,0.0,0.0
EMP003,2026-03-03,156,109,35,22,10,419,3,3,3,14.43,15.64,14.27,9.07,6.63,11.02,9.55,-0.0503,0.0018,-0.0501,0.0,0.0,0.0,0.2244,0.141,0.0,6,0,20.89,10.82,1.931,50.0,7.74,9.54,531.54,6,0.7399,209.5
EMP003,2026-03-04,70,87,27,9,9,284,1,1,1,15.57,16.29,15.43,9.8,6.97,12.57,9.87,-0.0149,0.0227,-0.0741,0.0,8.16,0.0,0.3857,0.1286,0.0,6,0,12.89,10.82,1.191,50.0,7.74,9.54,531.54,6,0.6937,142.0
EMP003,2026-03-05,96,84,20,14,7,280,1,1,1,17.0,16.86,15.77,9.7,7.0,13.2,10.09,0.0705,0.0327,-0.0538,0.0,0.0,0.0,0.2083,0.1458,0.0,6,0,5.89,10.82,0.544,50.0,7.74,9.54,531.54,6,0.7,140.0
EMP003,2026-03-06,116,82,26,10,8,305,1,1,1,15.57,16.86,15.63,9.77,6.7,12.22,10.0,0.1546,0.0763,0.0082,0.0,0.0,0.0,0.2241,0.0862,0.0,6,0,11.89,10.82,1.099,50.0,7.74,9.54,531.54,6,0.7311,152.5
EMP003,2026-03-07,46,29,9,6,3,117,1,1,1,16.86,17.14,15.93,9.8,6.73,12.77,10.17,0.2309,0.0725,0.0187,43.5,38.78,55.42,0.1957,0.1304,0.0,6,0,-5.11,10.82,-0.472,50.0,7.74,9.54,531.54,6,0.7521,58.5
EMP003,2026-03-08,0,0,0,0,0,0,1,1,1,16.71,17.14,15.73,9.7,6.53,12.85,10.25,0.1798,0.0425,0.0102,100.0,100.0,100.0,0.0,0.0,100.0,0,6,-14.11,10.82,-1.304,50.0,7.74,9.54,531.54,0,0.0,0.0
EMP003,2026-03-09,74,39,12,5,6,182,2,2,2,16.71,17.14,14.93,9.4,6.17,12.85,10.5,0.1353,-0.0249,-0.0011,19.62,46.81,2.76,0.1622,0.0676,0.0,6,0,-2.11,10.82,-0.195,50.0,7.74,9.54,531.54,6,0.7857,91.0
EMP003,2026-03-10,107,82,31,14,8,311,1,1,1,18.43,16.43,15.03,9.47,6.23,11.2,10.46,0.0754,-0.0974,-0.0171,0.0,0.0,0.0,0.2897,0.1308,0.0,6,0,16.89,10.82,1.561,50.0,7.74,9.54,531.54,6,0.7363,155.5
EMP003,2026-03-11,0,0,0,0,0,0,1,1,1,17.86,16.71,16.07,9.93,6.5,10.41,10.46,0.0747,-0.1335,-0.0487,100.0,100.0,100.0,0.0,0.0,100.0,0,6,-14.11,10.82,-1.304,50.0,7.74,9.54,531.54,0,0.0,0.0
EMP003,2026-03-12,99,80,14,9,8,285,2,2,2,14.0,15.5,15.33,9.47,6.13,11.28,10.78,0.012,-0.1695,-0.0596,8.68,4.96,0.0,0.1414,0.0909,0.0,6,0,-0.11,10.82,-0.01,50.0,7.74,9.54,531.54,6,0.7193,142.5
EMP003,2026-03-13,116,70,24,9,10,283,1,1,1,13.14,14.36,14.97,9.07,6.13,11.01,10.63,0.0701,-0.093,-0.0347,0.0,0.77,0.0,0.2069,0.0776,0.0,6,0,9.89,10.82,0.914,50.0,7.74,9.54,531.54,6,0.7527,141.5
EMP003,2026-03-14,36,24,9,4,4,93,1,1,1,12.86,14.86,15.1,8.9,6.2,10.7,10.72,0.1631,-0.0594,0.0031,40.4,55.06,35.48,0.25,0.1111,0.0,6,0,-5.11,10.82,-0.472,50.0,7.74,9.54,531.54,6,0.7419,46.5
EMP003,2026-03-15,0,0,0,0,0,0,1,1,1,12.86,14.79,14.9,8.47,5.93,10.7,10.77,0.123,-0.0352,0.0289,100.0,100.0,100.0,0.0,0.0,100.0,0,6,-14.11,10.82,-1.304,50.0,7.74,9.54,531.54,0,0.0,0.0
EMP003,2026-03-16,100,67,18,11,9,248,2,2,2,12.86,14.79,14.9,8.47,5.93,10.7,10.77,-0.0759,-0.1482,-0.0503,0.0,0.0,0.0,0.18,0.11,0.0,6,0,3.89,10.82,0.36,50.0,7.74,9.54,531.54,6,0.7298,124.0
EMP003,2026-03-17,143,67,14,12,12,331,1,1,1,13.71,16.07,15.33,8.7,6.13,10.83,10.63,-0.1241,-0.1626,-0.0507,8.68,0.0,0.0,0.0979,0.0839,0.0,6,0,-0.11,10.82,-0.01,50.0,7.74,9.54,531.54,6,0.7976,165.5
EMP003,2026-03-18,90,78,24,16,10,283,1,1,1,11.29,14.57,15.8,9.1,6.53,8.29,10.24,-0.2385,-0.2013,-0.0552,0.0,0.0,0.0,0.2667,0.1778,0.0,6,0,9.89,10.82,0.914,50.0,7.74,9.54,531.54,6,0.7244,141.5
EMP003,2026-03-19,114,63,23,12,11,307,1,1,1,14.71,14.36,16.07,9.33,6.67,7.87,10.35,-0.1842,-0.1575,-0.0365,0.0,0.0,0.0,0.2018,0.1053,0.0,6,0,8.89,10.82,0.822,50.0,7.74,9.54,531.54,6,0.7948,153.5
EMP003,2026-03-20,123,82,12,17,12,310,1,1,1,16.0,14.57,15.97,9.07,6.73,8.37,10.27,-0.071,-0.0667,0.0076,24.86,0.0,0.0,0.0976,0.1382,0.0,6,0,-2.11,10.82,-0.195,50.0,7.74,9.54,531.54,6,0.7355,155.0
EMP003,2026-03-21,26,23,9,6,3,90,1,1,1,14.29,13.57,15.73,9.27,6.87,7.76,10.28,-0.0756,-0.0022,0.0503,42.78,35.28,56.33,0.3462,0.2308,0.0,6,0,-5.11,10.82,-0.472,50.0,7.74,9.54,531.54,6,0.7444,45.0
EMP003,2026-03-22,0,0,0,0,0,0,1,1,1,14.29,13.57,15.37,9.0,6.7,7.76,10.31,-0.0897,0.0093,0.0331,100.0,100.0,100.0,0.0,0.0,100.0,0,6,-14.11,10.82,-1.304,50.0,7.74,9.54,531.54,0,0.0,0.0
EMP003,2026-03-23,9,7,2,1,1,27,2,2,2,14.29,13.57,14.63,8.5,6.43,7.76,10.59,-0.143,-0.0073,-0.0011,86.33,88.24,84.45,0.2222,0.1111,0.0,6,0,-12.11,10.82,-1.119,50.0,7.74,9.54,531.54,6,0.7407,13.5
EMP003,2026-03-24,107,101,16,17,13,300,1,1,1,12.0,12.86,14.4,8.37,6.33,8.64,10.79,-0.2634,-0.0799,-0.0529,0.0,0.0,0.0,0.1495,0.1589,0.0,6,0,1.89,10.82,0.175,50.0,7.74,9.54,531.54,6,0.6633,150.0
EMP003,2026-03-25,155,88,55,19,16,391,1,1,1,12.29,11.79,14.93,8.93,6.77,8.73,10.46,-0.3524,-0.0819,-0.0536,0.0,0.0,0.0,0.3548,0.1226,0.0,6,0,40.89,10.82,3.779,50.0,7.74,9.54,531.54,6,0.7749,195.5
EMP003,2026-03-26,168,82,33,32,15,384,1,1,1,16.71,15.71,16.03,9.27,7.0,17.25,12.65,-0.0452,-0.0165,0.0214,0.0,0.0,0.0,0.1964,0.1905,0.0,6,0,18.89,10.82,1.746,50.0,7.74,9.54,531.54,6,0.7865,192.0
EMP003,2026-03-27,57,44,18,7,7,171,1,1,1,18.14,17.07,16.23,10.07,7.07,18.11,12.87,0.1399,0.1215,0.1143,0.0,30.49,0.99,0.3158,0.1228,0.0,6,0,3.89,10.82,0.36,50.0,7.74,9.54,531.54,6,0.7427,85.5
EMP003,2026-03-28,50,44,16,7,7,150,1,1,1,19.0,16.64,16.27,9.77,7.1,17.94,12.87,0.1566,0.1426,0.1066,1.66,28.35,1.41,0.32,0.14,0.0,6,0,1.89,10.82,0.175,50.0,7.74,9.54,531.54,6,0.7067,75.0
EMP003,2026-03-29,0,0,0,0,0,0,1,1,1,20.0,17.14,15.8,9.57,6.93,17.54,12.61,0.2496,0.1471,0.1397,100.0,100.0,100.0,0.0,0.0,100.0,0,6,-14.11,10.82,-1.304,50.0,7.74,9.54,531.54,0,0.0,0.0
EMP003,2026-03-30,61,36,15,10,10,169,2,2,2,20.0,17.14,15.23,8.9,6.47,17.54,12.92,0.156,0.1573,0.1437,1.51,0.0,0.0,0.2459,0.1639,0.0,6,0,0.89,10.82,0.082,50.0,7.74,9.54,531.54,6,0.787,84.5
EMP003,2026-03-31,118,113,27,26,13,368,1,1,1,21.86,16.93,15.4,8.97,6.63,16.17,12.89,0.1184,0.1582,0.1564,0.0,0.0,0.0,0.2288,0.2203,0.0,6,0,12.89,10.82,1.191,50.0,7.74,9.54,531.54,6,0.6929,184.0
EMP004,2026-01-01,0,0,0,0,0,0,1,1,1,0.0,0.0,0.0,0.0,0.0,0.0,0.0,0.0,0.0,0.0,0.0,0.0,0.0,0.0,0.0,100.0,0,6,-20.84,17.82,-1.169,0.0,5.37,11.63,506.75,0,0.0,0.0
EMP004,2026-01-02,128,84,33,14,13,340,2,2,2,0.0,0.0,0.0,0.0,0.0,0.0,0.0,0.0,0.0,0.0,0.0,0.0,0.0,0.2578,0.1094,0.0,6,0,12.16,17.82,0.682,100.0,5.37,11.63,506.75,6,0.7529,170.0
EMP004,2026-01-03,72,36,10,7,4,168,1,1,1,16.5,16.5,16.5,7.0,6.5,16.5,16.5,0.0,0.0,0.0,39.39,0.0,38.46,0.1389,0.0972,0.0,6,0,-10.84,17.82,-0.608,100.0,5.37,11.63,506.75,6,0.7857,84.0
EMP004,2026-01-04,0,0,0,0,0,0,1,1,1,14.33,14.33,14.33,7.0,5.67,13.82,13.82,5.0,3.5,2.0,100.0,100.0,100.0,0.0,0.0,100.0,0,6,-20.84,17.82,-1.169,0.0,5.37,11.63,506.75,0,0.0,0.0
EMP004,2026-01-05,104,94,30,15,12,352,2,2,2,10.75,10.75,10.75,5.25,4.25,13.48,13.48,-2.3,-0.7,-0.9,0.0,0.0,0.0,0.2885,0.1442,0.0,6,0,9.16,17.82,0.514,100.0,5.37,11.63,506.75,6,0.733,176.0
EMP004,2026-01-06,149,86,20,12,10,346,1,1,1,14.6,14.6,14.6,7.2,5.8,14.31,14.31,2.7,1.6,1.1,0.0,0.0,0.0,0.1342,0.0805,0.0,6,0,-0.84,17.82,-0.047,100.0,5.37,11.63,506.75,6,0.7514,173.0
EMP004,2026-01-07,90,91,16,13,15,315,1,1,1,15.5,15.5,15.5,8.0,6.5,13.21,13.21,2.3143,1.6,1.2286,0.0,0.0,0.0,0.1778,0.1444,0.0,6,0,-4.84,17.82,-0.272,100.0,5.37,11.63,506.75,6,0.7111,157.5
EMP004,2026-01-08,121,64,26,18,9,297,1,1,1,15.57,15.57,15.57,8.71,7.71,12.23,12.23,1.5,1.5357,1.6786,0.0,0.0,0.0,0.2149,0.1488,0.0,6,0,5.16,17.82,0.29,100.0,5.37,11.63,506.75,6,0.7845,148.5
EMP004,2026-01-09,137,116,29,16,8,384,1,1,1,19.29,16.88,16.88,9.88,7.88,10.81,11.95,1.869,1.7976,1.2262,0.0,0.0,0.0,0.2117,0.1168,0.0,6,0,8.16,17.82,0.458,100.0,5.37,11.63,506.75,6,0.6979,192.0
EMP004,2026-01-10,47,30,11,4,3,127,1,1,1,18.71,18.22,18.22,10.56,7.89,10.15,11.9,2.1167,1.6667,0.8667,39.63,62.12,61.98,0.234,0.0851,0.0,6,0,-9.84,17.82,-0.552,0.0,5.37,11.63,506.75,6,0.7638,63.5
EMP004,2026-01-11,0,0,0,0,0,0,1,1,1,18.86,17.5,17.5,9.9,7.4,10.03,11.49,1.1455,0.8545,0.3636,100.0,100.0,100.0,0.0,0.0,100.0,0,6,-20.84,17.82,-1.169,0.0,5.37,11.63,506.75,0,0.0,0.0
EMP004,2026-01-12,9,9,2,0,0,28,2,2,2,18.86,15.91,15.91,9.0,6.73,10.03,12.06,0.0636,0.1909,-0.0636,87.43,100.0,100.0,0.2222,0.0,33.33,4,2,-18.84,17.82,-1.057,0.0,5.37,11.63,506.75,4,0.6786,14.0
EMP004,2026-01-13,116,117,33,16,10,346,1,3,3,14.86,14.75,14.75,8.25,6.17,10.37,12.17,-0.486,-0.1993,-0.3077,0.0,0.0,0.0,0.2845,0.1379,0.0,6,0,12.16,17.82,0.682,100.0,5.37,11.63,506.75,6,0.6618,173.0
EMP004,2026-01-14,138,62,28,11,10,301,1,1,1,16.71,16.15,16.15,8.85,6.46,12.14,12.66,0.2198,0.0989,-0.1154,0.0,0.0,0.0,0.2029,0.0797,0.0,6,0,7.16,17.82,0.402,100.0,5.37,11.63,506.75,6,0.794,150.5
EMP004,2026-01-15,122,94,28,16,14,348,1,1,1,18.43,17.0,17.0,9.0,6.71,12.75,12.58,0.5143,0.1407,0.0088,0.0,0.0,0.0,0.2295,0.1311,0.0,6,0,7.16,17.82,0.402,100.0,5.37,11.63,506.75,6,0.7299,174.0
EMP004,2026-01-16,136,98,17,21,11,369,1,1,1,18.71,19.0,17.73,9.47,7.2,12.94,12.46,0.6929,0.2893,0.1893,4.12,0.0,0.0,0.125,0.1544,0.0,6,0,-3.84,17.82,-0.215,100.0,5.37,11.63,506.75,6,0.7344,184.5
EMP004,2026-01-17,55,28,11,7,3,130,1,1,1,17.0,17.86,17.69,10.19,7.44,12.24,12.06,0.5544,0.4926,0.2397,37.82,31.31,59.68,0.2,0.1273,0.0,6,0,-9.84,17.82,-0.552,100.0,5.37,11.63,506.75,6,0.7846,65.0
EMP004,2026-01-18,0,0,0,0,0,0,1,1,1,17.0,17.93,17.29,10.0,7.18,12.24,11.81,0.3309,0.348,0.1127,100.0,100.0,100.0,0.0,0.0,100.0,0,6,-20.84,17.82,-1.169,0.0,5.37,11.63,506.75,0,0.0,0.0
EMP004,2026-01-19,134,121,19,11,15,369,2,2,2,17.0,17.93,16.33,9.44,6.78,12.24,12.14,-0.0248,0.1176,-0.031,0.0,0.0,0.0,0.1418,0.0821,0.0,6,0,-1.84,17.82,-0.103,100.0,5.37,11.63,506.75,6,0.6721,184.5
EMP004,2026-01-20,161,112,28,12,10,386,1,1,1,19.43,17.14,16.47,9.53,7.21,10.59,11.83,0.0211,0.1246,0.1035,0.0,0.0,0.0,0.1739,0.0745,0.0,6,0,7.16,17.82,0.402,100.0,5.37,11.63,506.75,6,0.7098,193.0
EMP004,2026-01-21,115,104,16,20,15,328,1,1,1,18.71,17.71,17.05,9.65,7.35,9.79,11.8,0.1827,0.1421,0.1286,6.16,0.0,0.0,0.1391,0.1739,0.0,6,0,-4.84,17.82,-0.272,100.0,5.37,11.63,506.75,6,0.6829,164.0
EMP004,2026-01-22,115,78,27,19,11,304,1,1,1,17.0,17.71,17.0,10.14,7.71,9.04,11.52,0.1442,0.2571,0.2104,0.0,0.0,0.0,0.2348,0.1652,0.0,6,0,6.16,17.82,0.346,100.0,5.37,11.63,506.75,6,0.7434,152.0
EMP004,2026-01-23,144,84,27,20,11,343,1,1,1,16.86,17.79,17.45,10.55,7.86,8.87,11.44,0.2439,0.3286,0.2219,0.0,0.0,0.0,0.1875,0.1389,0.0,6,0,6.16,17.82,0.346,100.0,5.37,11.63,506.75,6,0.7551,171.5
EMP004,2026-01-24,54,27,10,4,5,121,1,1,1,18.29,17.64,17.87,10.96,8.0,9.56,11.36,0.3172,0.3903,0.2283,44.04,63.5,37.5,0.1852,0.0741,0.0,6,0,-10.84,17.82,-0.608,0.0,5.37,11.63,506.75,6,0.7769,60.5
EMP004,2026-01-25,0,0,0,0,0,0,1,1,1,18.14,17.57,17.54,10.67,7.88,9.67,11.23,0.2004,0.2739,0.1709,100.0,100.0,100.0,0.0,0.0,100.0,0,6,-20.84,17.82,-1.169,0.0,5.37,11.63,506.75,0,0.0,0.0
EMP004,2026-01-26,0,0,0,0,0,0,2,2,2,18.14,17.57,16.84,10.24,7.56,9.67,11.53,0.0154,0.1438,0.0785,100.0,100.0,100.0,0.0,0.0,100.0,0,6,-20.84,17.82,-1.169,0.0,5.37,11.63,506.75,0,0.0,0.0
EMP004,2026-01-27,149,92,18,24,11,395,3,3,3,15.43,17.43,16.19,9.85,7.27,11.54,11.76,-0.1303,0.0403,0.0051,0.0,0.0,0.0,0.1208,0.1611,0.0,6,0,-2.84,17.82,-0.159,100.0,5.37,11.63,506.75,6,0.7671,197.5
EMP004,2026-01-28,118,90,29,11,11,322,1,1,1,14.0,16.36,16.26,10.37,7.41,10.46,11.55,-0.102,0.1484,0.0342,0.0,0.0,0.0,0.2458,0.0932,0.0,6,0,8.16,17.82,0.458,100.0,5.37,11.63,506.75,6,0.7205,161.0
EMP004,2026-01-29,152,112,45,24,13,413,1,1,1,15.86,16.43,16.71,10.39,7.54,11.73,11.58,0.0027,0.1377,0.0572,0.0,0.0,0.0,0.2961,0.1579,0.0,6,0,24.16,17.82,1.356,100.0,5.37,11.63,506.75,6,0.7288,206.5
EMP004,2026-01-30,174,99,39,13,11,434,1,1,1,18.43,17.64,17.69,10.86,7.72,15.31,12.5,0.1975,0.2177,0.0892,0.0,0.0,0.0,0.2241,0.0747,0.0,6,0,18.16,17.82,1.019,100.0,5.37,11.63,506.75,6,0.7719,217.0
EMP004,2026-01-31,51,32,9,8,6,141,1,1,1,20.14,19.21,18.4,10.93,7.83,16.78,12.87,0.3159,0.2105,0.1017,51.09,26.81,23.37,0.1765,0.1569,0.0,6,0,-11.84,17.82,-0.664,0.0,5.37,11.63,506.75,6,0.773,70.5
EMP004,2026-02-01,0,0,0,0,0,0,1,1,1,20.0,19.07,18.7,11.2,8.03,16.87,12.54,0.1284,0.1161,0.0358,100.0,100.0,100.0,0.0,0.0,100.0,0,6,-20.84,17.82,-1.169,0.0,5.37,11.63,506.75,0,0.0,0.0
EMP004,2026-02-02,168,147,29,22,11,446,2,2,2,20.0,19.07,17.6,10.73,7.6,16.87,12.68,0.1063,0.0632,0.0182,0.0,0.0,0.0,0.1726,0.131,0.0,6,0,8.16,17.82,0.458,100.0,5.37,11.63,506.75,6,0.6704,223.0
EMP004,2026-02-03,133,138,35,13,19,412,1,1,1,24.14,19.79,18.23,11.23,7.83,14.89,12.76,0.1275,0.1101,0.0154,0.0,0.0,0.0,0.2632,0.0977,0.0,6,0,14.16,17.82,0.795,100.0,5.37,11.63,506.75,6,0.665,206.0
EMP004,2026-02-04,121,116,15,11,11,365,1,1,1,26.57,20.29,19.4,11.67,8.47,15.08,12.64,0.1099,0.044,0.0334,22.68,5.74,0.0,0.124,0.0909,0.0,6,0,-5.84,17.82,-0.328,100.0,5.37,11.63,506.75,6,0.6822,182.5
EMP004,2026-02-05,113,88,16,18,14,326,1,1,1,24.57,20.21,18.9,11.53,8.43,15.55,12.5,0.1546,0.0627,0.0741,15.34,0.0,0.0,0.1416,0.1593,0.0,6,0,-4.84,17.82,-0.272,100.0,5.37,11.63,506.75,6,0.7301,163.0
EMP004,2026-02-06,134,108,16,24,12,356,1,1,1,20.43,19.43,18.77,11.73,8.57,13.24,12.51,0.1435,0.1077,0.1208,14.76,0.0,0.0,0.1194,0.1791,0.0,6,0,-4.84,17.82,-0.272,100.0,5.37,11.63,506.75,6,0.6966,178.0
EMP004,2026-02-07,52,37,11,6,4,131,1,1,1,17.14,18.64,18.77,12.1,8.47,10.87,12.51,0.1066,0.1956,0.1873,41.4,50.41,52.77,0.2115,0.1154,0.0,6,0,-9.84,17.82,-0.552,0.0,5.37,11.63,506.75,6,0.7176,65.5
EMP004,2026-02-08,0,0,0,0,0,0,1,1,1,17.43,18.71,18.27,11.7,8.3,10.68,12.51,0.1063,0.1969,0.1622,100.0,100.0,100.0,0.0,0.0,100.0,0,6,-20.84,17.82,-1.169,0.0,5.37,11.63,506.75,0,0.0,0.0
EMP004,2026-02-09,168,100,33,17,8,403,2,2,2,17.43,18.71,17.3,11.17,8.03,10.68,12.76,0.0625,0.1511,0.1066,0.0,0.0,0.37,0.1964,0.1012,0.0,6,0,12.16,17.82,0.682,100.0,5.37,11.63,506.75,6,0.7519,201.5
EMP004,2026-02-10,178,86,28,23,17,390,1,1,1,18.0,21.07,18.03,11.6,8.2,11.36,13.01,0.1204,0.1393,0.0716,0.0,0.0,0.0,0.1573,0.1292,0.0,6,0,7.16,17.82,0.402,100.0,5.37,11.63,506.75,6,0.7795,195.0
EMP004,2026-02-11,92,79,21,21,14,305,1,1,1,17.0,21.79,18.97,12.37,8.77,10.06,12.68,0.0603,0.1328,0.0719,0.0,0.0,0.0,0.2283,0.2283,0.0,6,0,0.16,17.82,0.009,100.0,5.37,11.63,506.75,6,0.741,152.5
EMP004,2026-02-12,90,74,16,13,13,262,1,1,1,17.86,21.21,19.6,13.07,9.23,10.11,12.29,-0.0436,0.1032,0.0452,18.37,0.54,0.0,0.1778,0.1444,0.0,6,0,-4.84,17.82,-0.272,100.0,5.37,11.63,506.75,6,0.7176,131.0
EMP004,2026-02-13,0,0,0,0,0,0,1,1,1,17.86,19.14,19.03,12.97,9.33,10.11,12.05,0.0256,0.123,0.0747,100.0,100.0,100.0,0.0,0.0,100.0,0,6,-20.84,17.82,-1.169,0.0,5.37,11.63,506.75,0,0.0,0.0
EMP004,2026-02-14,51,42,6,6,4,134,2,2,2,15.57,16.36,18.1,12.6,9.0,11.91,12.4,-0.0354,0.0258,0.0191,66.85,52.38,55.56,0.1176,0.1176,0.0,6,0,-14.84,17.82,-0.833,0.0,5.37,11.63,506.75,6,0.6866,67.0
EMP004,2026-02-15,0,0,0,0,0,0,1,1,1,14.86,16.14,17.37,12.27,8.67,12.31,12.44,-0.0452,0.0067,0.0214,100.0,100.0,100.0,0.0,0.0,100.0,0,6,-20.84,17.82,-1.169,0.0,5.37,11.63,506.75,0,0.0,0.0
EMP004,2026-02-16,133,112,25,11,11,360,2,2,2,14.86,16.14,16.8,11.57,8.3,12.31,12.83,-0.1597,-0.0122,-0.0185,0.0,4.93,0.0,0.188,0.0827,0.0,6,0,4.16,17.82,0.233,100.0,5.37,11.63,506.75,6,0.6889,180.0
EMP004,2026-02-17,139,135,28,18,12,395,1,1,1,13.71,15.86,17.27,11.7,8.57,10.86,12.86,-0.1468,-0.0474,-0.0376,0.0,0.0,0.0,0.2014,0.1295,0.0,6,0,7.16,17.82,0.402,100.0,5.37,11.63,506.75,6,0.6582,197.5
EMP004,2026-02-18,126,97,24,17,9,348,1,1,1,13.71,15.36,18.2,12.3,8.97,10.86,12.59,-0.1967,-0.0874,-0.0745,0.0,0.0,0.0,0.1905,0.1349,0.0,6,0,3.16,17.82,0.177,100.0,5.37,11.63,506.75,6,0.7213,174.0
EMP004,2026-02-19,117,112,13,17,11,325,1,1,1,14.14,16.0,18.37,12.5,8.77,11.19,12.63,-0.1537,-0.0661,-0.0327,29.23,0.0,0.0,0.1111,0.1453,0.0,6,0,-7.84,17.82,-0.44,0.0,5.37,11.63,506.75,6,0.6554,162.5
EMP004,2026-02-20,147,133,28,15,13,421,1,1,1,13.71,15.79,17.87,12.67,8.8,11.17,12.53,-0.1219,-0.0405,-0.0098,0.0,0.0,0.0,0.1905,0.102,0.0,6,0,7.16,17.82,0.402,100.0,5.37,11.63,506.75,6,0.6841,210.5
EMP004,2026-02-21,48,40,7,7,4,124,1,1,1,17.71,16.64,18.27,12.5,8.73,10.54,12.66,-0.0694,0.0251,0.0601,61.69,44.0,54.18,0.1458,0.1458,0.0,6,0,-13.84,17.82,-0.777,0.0,5.37,11.63,506.75,6,0.6774,62.0
EMP004,2026-02-22,0,0,0,0,0,0,1,1,1,17.86,16.36,17.6,12.1,8.5,10.38,12.71,-0.0819,0.0345,0.0452,100.0,100.0,100.0,0.0,0.0,100.0,0,6,-20.84,17.82,-1.169,0.0,5.37,11.63,506.75,0,0.0,0.0
EMP004,2026-02-23,145,111,17,22,16,385,2,2,2,17.86,16.36,16.7,11.43,8.13,10.38,12.96,-0.1306,0.0109,0.0076,0.0,0.0,0.0,0.1172,0.1517,0.0,6,0,-3.84,17.82,-0.215,0.0,5.37,11.63,506.75,6,0.7117,192.5
EMP004,2026-02-24,150,102,24,14,16,369,1,1,1,16.71,15.21,16.93,12.03,8.5,9.97,12.9,-0.1749,0.0278,0.0367,0.0,0.0,0.0,0.16,0.0933,0.0,6,0,3.16,17.82,0.177,100.0,5.37,11.63,506.75,6,0.7236,184.5
EMP004,2026-02-25,106,68,26,16,14,313,1,1,1,16.14,14.93,17.73,12.5,9.03,9.4,12.57,-0.2461,-0.0425,0.0265,0.0,0.0,0.0,0.2453,0.1509,0.0,6,0,5.16,17.82,0.29,100.0,5.37,11.63,506.75,6,0.7827,156.5
EMP004,2026-02-26,14,8,2,1,0,30,1,1,1,16.43,15.29,18.6,13.03,9.5,9.66,12.21,-0.315,-0.1061,-0.0038,89.25,92.33,100.0,0.1429,0.0714,16.67,5,1,-18.84,17.82,-1.057,0.0,5.37,11.63,506.75,5,0.7333,15.0
EMP004,2026-02-27,166,112,35,12,12,428,1,1,2,14.86,14.29,18.07,12.27,9.13,10.91,12.57,-0.4263,-0.1081,-0.0547,0.0,2.2,0.0,0.2108,0.0723,0.0,6,0,14.16,17.82,0.795,100.0,5.37,11.63,506.75,6,0.7383,214.0
EMP004,2026-02-28,66,34,19,9,5,160,1,1,1,15.86,16.79,18.27,12.3,9.17,12.3,12.79,-0.2416,-0.1186,-0.0234,0.0,26.83,45.47,0.2879,0.1364,0.0,6,0,-1.84,17.82,-0.103,0.0,5.37,11.63,506.75,6,0.7875,80.0
EMP004,2026-03-01,0,0,0,0,0,0,1,1,1,17.57,17.71,17.4,11.8,8.9,11.77,11.79,-0.0525,-0.0592,-0.0238,100.0,100.0,100.0,0.0,0.0,100.0,0,6,-20.84,17.82,-1.169,0.0,5.37,11.63,506.75,0,0.0,0.0
EMP004,2026-03-02,0,0,0,0,0,0,2,2,2,17.57,17.71,16.1,11.37,8.53,11.77,11.48,-0.0158,-0.127,-0.0667,100.0,100.0,100.0,0.0,0.0,100.0,0,6,-20.84,17.82,-1.169,0.0,5.37,11.63,506.75,0,0.0,0.0
EMP004,2026-03-03,120,147,27,26,16,418,3,3,3,15.14,15.93,15.8,11.1,8.33,13.29,11.77,-0.1686,-0.2236,-0.1393,0.0,0.0,0.0,0.225,0.2167,0.0,6,0,6.16,17.82,0.346,100.0,5.37,11.63,506.75,6,0.6483,209.0
EMP004,2026-03-04,132,71,15,11,14,306,1,1,1,15.57,15.86,16.7,11.97,8.87,13.62,11.56,-0.2053,-0.204,-0.1473,10.18,8.1,0.0,0.1136,0.0833,0.0,6,0,-5.84,17.82,-0.328,0.0,5.37,11.63,506.75,6,0.768,153.0
EMP004,2026-03-05,155,119,18,11,8,414,1,1,1,14.0,15.21,16.23,11.6,8.97,12.94,11.34,-0.1315,-0.141,-0.0994,0.0,5.17,10.81,0.1161,0.071,0.0,6,0,-2.84,17.82,-0.159,0.0,5.37,11.63,506.75,6,0.7126,207.0
EMP004,2026-03-06,129,79,35,16,11,345,1,1,1,16.29,15.57,15.67,11.53,8.6,12.0,10.8,0.0093,-0.1353,-0.0365,0.0,0.0,0.0,0.2713,0.124,0.0,6,0,14.16,17.82,0.795,100.0,5.37,11.63,506.75,6,0.771,172.5
EMP004,2026-03-07,44,30,8,5,3,115,1,1,1,16.29,16.07,16.33,11.7,8.6,12.0,11.34,0.1295,-0.1101,-0.0044,51.01,57.26,65.12,0.1818,0.1136,0.0,6,0,-12.84,17.82,-0.721,0.0,5.37,11.63,506.75,6,0.7391,57.5
EMP004,2026-03-08,0,0,0,0,0,0,1,1,1,14.71,16.14,16.07,11.27,8.23,12.26,11.44,0.0734,-0.1099,-0.0033,100.0,100.0,100.0,0.0,0.0,100.0,0,6,-20.84,17.82,-1.169,0.0,5.37,11.63,506.75,0,0.0,0.0
EMP004,2026-03-09,108,91,30,20,15,338,2,2,2,14.71,16.14,15.53,10.47,7.83,12.26,11.79,-0.0307,-0.0948,-0.0305,0.0,0.0,0.0,0.2778,0.1852,0.0,6,0,9.16,17.82,0.514,100.0,5.37,11.63,506.75,6,0.7308,169.0
EMP004,2026-03-10,157,105,23,16,13,393,1,1,1,19.0,17.07,16.17,10.93,8.2,11.59,12.04,0.0314,-0.0641,-0.0107,0.0,0.0,0.0,0.1465,0.1019,0.0,6,0,2.16,17.82,0.121,0.0,5.37,11.63,506.75,6,0.7328,196.5
EMP004,2026-03-11,124,65,20,11,14,291,1,1,1,18.43,17.0,16.93,11.47,8.63,11.27,11.72,-0.036,-0.1068,-0.0363,0.0,4.1,0.0,0.1613,0.0887,0.0,6,0,-0.84,17.82,-0.047,0.0,5.37,11.63,506.75,6,0.7766,145.5
EMP004,2026-03-12,133,70,16,10,8,310,1,1,1,19.14,16.57,16.5,11.27,8.83,11.19,11.35,0.0945,-0.0716,-0.006,3.03,11.27,9.4,0.1203,0.0752,0.0,6,0,-4.84,17.82,-0.272,0.0,5.37,11.63,506.75,6,0.7742,155.0
EMP004,2026-03-13,110,105,15,12,11,326,1,1,1,18.86,17.57,16.1,10.83,8.53,11.24,11.15,0.1706,0.0011,0.0449,6.83,0.0,0.0,0.1364,0.1091,0.0,6,0,-5.84,17.82,-0.328,0.0,5.37,11.63,506.75,6,0.6779,163.0
EMP004,2026-03-14,50,41,7,7,3,137,1,1,1,16.0,16.14,15.9,10.53,8.43,9.12,11.11,0.1973,0.0788,0.0986,55.97,33.52,64.41,0.14,0.14,0.0,6,0,-13.84,17.82,-0.777,0.0,5.37,11.63,506.75,6,0.7007,68.5
EMP004,2026-03-15,0,0,0,0,0,0,1,1,1,15.86,15.29,15.6,10.33,8.1,9.25,11.22,0.1406,0.073,0.095,100.0,100.0,100.0,0.0,0.0,100.0,0,6,-20.84,17.82,-1.169,0.0,5.37,11.63,506.75,0,0.0,0.0
EMP004,2026-03-16,124,96,15,11,13,334,2,2,2,15.86,15.29,15.6,10.33,8.1,9.25,11.22,-0.0676,-0.065,-0.0131,3.85,0.0,0.0,0.121,0.0887,0.0,6,0,-5.84,17.82,-0.328,0.0,5.37,11.63,506.75,6,0.7126,167.0
EMP004,2026-03-17,138,136,32,20,13,420,1,1,1,13.71,16.36,15.9,10.5,8.4,7.24,11.08,-0.1377,-0.0905,-0.0098,0.0,0.0,0.0,0.2319,0.1449,0.0,6,0,11.16,17.82,0.626,100.0,5.37,11.63,506.75,6,0.6762,210.0
EMP004,2026-03-18,114,85,29,18,13,345,1,1,1,15.0,16.71,16.97,11.17,8.83,9.29,11.04,-0.1435,-0.1017,-0.038,0.0,0.0,0.0,0.2544,0.1579,0.0,6,0,8.16,17.82,0.458,0.0,5.37,11.63,506.75,6,0.7536,172.5
EMP004,2026-03-19,126,64,23,21,13,332,1,1,1,16.29,17.71,17.1,11.4,8.9,10.44,11.16,-0.0105,-0.0587,0.0038,0.0,0.0,0.0,0.1825,0.1667,0.0,6,0,2.16,17.82,0.121,0.0,5.37,11.63,506.75,6,0.8072,166.0
EMP004,2026-03-20,128,92,28,12,14,344,1,1,1,17.29,18.07,16.93,11.5,8.93,10.7,11.03,0.1028,0.0487,0.0516,0.0,0.0,0.0,0.2188,0.0938,0.0,6,0,7.16,17.82,0.402,0.0,5.37,11.63,506.75,6,0.7326,172.0
EMP004,2026-03-21,53,38,8,5,4,140,1,1,1,19.14,17.57,17.07,11.33,9.1,11.26,11.14,0.2229,0.0899,0.0848,53.13,55.87,56.04,0.1509,0.0943,0.0,6,0,-12.84,17.82,-0.721,0.0,5.37,11.63,506.75,6,0.7286,70.0
EMP004,2026-03-22,0,0,0,0,0,0,1,1,1,19.29,17.57,16.9,10.93,8.87,11.11,11.24,0.1364,0.0881,0.065,100.0,100.0,100.0,0.0,0.0,100.0,0,6,-20.84,17.82,-1.169,0.0,5.37,11.63,506.75,0,0.0,0.0
EMP004,2026-03-23,0,0,0,0,0,0,2,2,2,19.29,17.57,15.97,10.43,8.43,11.11,11.44,0.1039,0.0456,0.0363,100.0,100.0,100.0,0.0,0.0,100.0,0,6,-20.84,17.82,-1.169,0.0,5.37,11.63,506.75,0,0.0,0.0
EMP004,2026-03-24,142,88,17,19,13,362,3,3,3,17.14,15.43,15.73,10.2,8.3,13.01,11.69,-0.061,-0.0454,-0.0487,0.0,0.0,0.0,0.1197,0.1338,0.0,6,0,-3.84,17.82,-0.215,0.0,5.37,11.63,506.75,6,0.7569,181.0
EMP004,2026-03-25,170,144,60,37,19,514,1,1,1,15.0,15.0,16.3,10.83,8.73,11.54,11.32,-0.1613,-0.059,-0.0756,0.0,0.0,0.0,0.3529,0.2176,0.0,6,0,39.16,17.82,2.198,100.0,5.37,11.63,506.75,6,0.7198,257.0
EMP004,2026-03-26,141,88,34,28,22,379,1,1,1,19.43,17.86,17.73,11.33,8.83,19.36,13.77,0.1255,0.1869,0.0407,0.0,0.0,0.0,0.2411,0.1986,0.0,6,0,13.16,17.82,0.738,100.0,5.37,11.63,506.75,6,0.7678,189.5
EMP004,2026-03-27,161,155,64,32,32,551,1,1,1,21.0,19.14,18.07,11.8,9.03,20.02,14.04,0.2736,0.3128,0.1751,0.0,0.0,0.0,0.3975,0.1988,0.0,6,0,43.16,17.82,2.422,100.0,5.37,11.63,506.75,6,0.7187,275.5
EMP004,2026-03-28,62,39,19,10,8,173,1,1,1,26.14,22.64,19.33,12.33,9.63,25.13,16.24,0.6247,0.4721,0.3575,1.71,18.9,16.93,0.3065,0.1613,0.0,6,0,-1.84,17.82,-0.103,0.0,5.37,11.63,506.75,6,0.7746,86.5
EMP004,2026-03-29,0,0,0,0,0,0,1,1,1,27.71,23.5,19.9,12.63,9.9,24.28,15.92,0.503,0.3789,0.2805,100.0,100.0,100.0,0.0,0.0,100.0,0,6,-20.84,17.82,-1.169,0.0,5.37,11.63,506.75,0,0.0,0.0
EMP004,2026-03-30,131,150,56,26,17,478,2,2,2,27.71,23.5,18.73,12.23,9.5,24.28,16.05,0.4788,0.293,0.2311,0.0,0.0,0.0,0.4275,0.1985,0.0,6,0,35.16,17.82,1.973,100.0,5.37,11.63,506.75,6,0.6862,239.0
EMP004,2026-03-31,165,138,47,29,23,532,1,1,1,35.71,26.43,19.97,12.8,9.9,23.02,17.39,0.721,0.3595,0.2485,0.0,0.0,0.0,0.2848,0.1758,0.0,6,0,26.16,17.82,1.468,100.0,5.37,11.63,506.75,6,0.7406,266.0
EMP005,2026-01-01,0,0,0,0,0,0,1,1,1,0.0,0.0,0.0,0.0,0.0,0.0,0.0,0.0,0.0,0.0,0.0,0.0,0.0,0.0,0.0,100.0,0,6,-20.84,17.82,-1.169,0.0,7.51,8.74,563.06,0,0.0,0.0
EMP005,2026-01-02,108,92,14,10,12,279,2,2,2,0.0,0.0,0.0,0.0,0.0,0.0,0.0,0.0,0.0,0.0,0.0,0.0,0.0,0.1296,0.0926,0.0,6,0,-6.84,17.82,-0.384,100.0,7.51,8.74,563.06,6,0.6703,139.5
EMP005,2026-01-03,38,24,5,5,4,98,1,1,1,7.0,7.0,7.0,5.0,6.0,7.0,7.0,0.0,0.0,0.0,28.57,0.0,33.33,0.1316,0.1316,0.0,6,0,-15.84,17.82,-0.889,0.0,7.51,8.74,563.06,6,0.7551,49.0
EMP005,2026-01-04,0,0,0,0,0,0,1,1,1,6.33,6.33,6.33,5.0,5.33,5.79,5.79,2.5,2.5,2.0,100.0,100.0,100.0,0.0,0.0,100.0,0,6,-20.84,17.82,-1.169,0.0,7.51,8.74,563.06,0,0.0,0.0
EMP005,2026-01-05,75,64,17,10,8,218,2,2,2,4.75,4.75,4.75,3.75,4.0,5.72,5.72,-0.9,-0.5,-0.8,0.0,0.0,0.0,0.2267,0.1333,0.0,6,0,-3.84,17.82,-0.215,100.0,7.51,8.74,563.06,6,0.7064,109.0
EMP005,2026-01-06,105,58,16,8,6,231,1,1,1,7.2,7.2,7.2,5.0,4.8,7.08,7.08,2.0,1.0,0.4,0.0,0.0,0.0,0.1524,0.0762,0.0,6,0,-4.84,17.82,-0.272,100.0,7.51,8.74,563.06,6,0.7489,115.5
EMP005,2026-01-07,83,61,14,13,9,234,1,1,1,8.67,8.67,8.67,5.5,5.0,7.25,7.25,2.4,1.0,0.4,0.0,0.0,0.0,0.1687,0.1566,0.0,6,0,-6.84,17.82,-0.384,0.0,7.51,8.74,563.06,6,0.7393,117.0
EMP005,2026-01-08,80,50,11,12,11,203,1,1,1,9.43,9.43,9.43,6.57,5.57,6.97,6.97,2.0714,1.4286,0.6786,0.0,0.0,0.0,0.1375,0.15,0.0,6,0,-9.84,17.82,-0.552,0.0,7.51,8.74,563.06,6,0.7537,101.5
EMP005,2026-01-09,108,55,22,12,9,271,1,1,1,11.0,9.62,9.62,7.25,6.25,5.81,6.54,1.5119,1.4048,0.9048,0.0,0.0,0.0,0.2037,0.1111,0.0,6,0,1.16,17.82,0.065,100.0,7.51,8.74,563.06,6,0.797,135.5
EMP005,2026-01-10,32,23,4,5,3,87,1,1,1,12.14,11.0,11.0,7.78,6.56,6.96,7.29,1.8833,1.3,0.8167,63.64,35.73,54.27,0.125,0.1562,0.0,6,0,-16.84,17.82,-0.945,0.0,7.51,8.74,563.06,6,0.7356,43.5
EMP005,2026-01-11,0,0,0,0,0,0,1,1,1,12.0,10.3,10.3,7.5,6.2,7.11,7.23,0.9879,0.7939,0.4,100.0,100.0,100.0,0.0,0.0,100.0,0,6,-20.84,17.82,-1.169,0.0,7.51,8.74,563.06,0,0.0,0.0
EMP005,2026-01-12,8,3,0,0,0,15,2,2,2,12.0,9.36,9.36,6.82,5.64,7.11,7.5,0.2727,0.2545,0.0182,100.0,100.0,100.0,0.0,0.0,50.0,3,3,-20.84,17.82,-1.169,0.0,7.51,8.74,563.06,3,0.8,7.5
EMP005,2026-01-13,85,66,18,14,7,240,3,3,3,9.57,8.58,8.58,6.25,5.17,7.85,7.63,-0.1503,-0.0664,-0.2028,0.0,0.0,0.0,0.2118,0.1647,0.0,6,0,-2.84,17.82,-0.159,100.0,7.51,8.74,563.06,6,0.725,120.0
EMP005,2026-01-14,96,48,20,11,10,228,1,1,1,9.86,9.31,9.31,6.85,5.31,8.11,7.75,0.1923,0.2033,-0.0989,0.0,0.0,0.0,0.2083,0.1146,0.0,6,0,-0.84,17.82,-0.047,100.0,7.51,8.74,563.06,6,0.7895,114.0
EMP005,2026-01-15,39,28,6,5,3,103,1,1,1,10.71,10.07,10.07,7.14,5.64,8.79,7.96,0.4593,0.2813,0.0549,40.42,29.97,46.81,0.1538,0.1282,0.0,6,0,-14.84,17.82,-0.833,0.0,7.51,8.74,563.06,6,0.7282,51.5
EMP005,2026-01-16,96,84,13,10,7,273,1,1,1,10.0,10.5,9.8,7.0,5.47,8.94,7.76,0.2714,0.175,-0.0214,0.0,0.0,0.0,0.1354,0.1042,0.0,6,0,-7.84,17.82,-0.44,0.0,7.51,8.74,563.06,6,0.6923,136.5
EMP005,2026-01-17,2,1,0,0,0,4,1,1,1,8.71,10.43,10.0,7.19,5.56,7.69,7.55,0.2941,0.2103,0.0162,100.0,100.0,100.0,0.0,0.0,50.0,3,3,-20.84,17.82,-1.169,0.0,7.51,8.74,563.06,3,0.75,2.0
EMP005,2026-01-18,0,0,0,0,0,0,2,2,2,8.14,10.07,9.41,6.76,5.24,8.15,7.69,0.049,0.0343,-0.0956,100.0,100.0,100.0,0.0,0.0,100.0,0,6,-20.84,17.82,-1.169,0.0,7.51,8.74,563.06,0,0.0,0.0
EMP005,2026-01-19,88,79,16,12,11,271,3,3,3,8.14,10.07,8.89,6.39,4.94,8.15,7.78,-0.1238,-0.0898,-0.1723,0.0,0.0,0.0,0.1818,0.1364,0.0,6,0,-4.84,17.82,-0.272,0.0,7.51,8.74,563.06,6,0.7085,135.5
EMP005,2026-01-20,111,91,16,15,7,314,1,1,1,10.43,10.0,9.26,6.68,5.26,7.78,7.74,0.007,0.0123,-0.0509,0.0,0.0,0.0,0.1441,0.1351,0.0,6,0,-4.84,17.82,-0.272,0.0,7.51,8.74,563.06,6,0.7102,157.0
EMP005,2026-01-21,106,59,20,17,8,264,1,1,1,10.14,10.0,9.6,7.1,5.35,7.53,7.68,0.1023,0.1293,-0.0188,0.0,0.0,0.0,0.1887,0.1604,0.0,6,0,-0.84,17.82,-0.047,100.0,7.51,8.74,563.06,6,0.7765,132.0
EMP005,2026-01-22,97,96,17,8,8,291,1,1,1,10.14,10.43,10.1,7.57,5.48,7.53,7.82,0.2234,0.2403,0.0182,0.0,0.0,0.0,0.1753,0.0825,0.0,6,0,-3.84,17.82,-0.215,0.0,7.51,8.74,563.06,6,0.6701,145.5
EMP005,2026-01-23,88,82,18,16,12,294,1,1,1,11.71,10.86,10.41,7.59,5.59,7.65,7.77,0.2761,0.214,0.0457,0.0,0.0,0.0,0.2045,0.1818,0.0,6,0,-2.84,17.82,-0.159,100.0,7.51,8.74,563.06,6,0.7211,147.0
EMP005,2026-01-24,52,24,8,6,4,123,1,1,1,12.43,10.57,10.74,7.96,5.87,7.96,7.76,0.3241,0.2787,0.1097,25.51,24.62,31.86,0.1538,0.1154,0.0,6,0,-12.84,17.82,-0.721,0.0,7.51,8.74,563.06,6,0.8049,61.5
EMP005,2026-01-25,0,0,0,0,0,0,1,1,1,13.57,10.86,10.62,7.88,5.79,6.54,7.61,0.2578,0.2257,0.0778,100.0,100.0,100.0,0.0,0.0,100.0,0,6,-20.84,17.82,-1.169,0.0,7.51,8.74,563.06,0,0.0,0.0
EMP005,2026-01-26,0,0,0,0,0,0,2,2,2,13.57,10.86,10.2,7.56,5.56,6.54,7.75,0.13,0.1269,0.0154,100.0,100.0,100.0,0.0,0.0,100.0,0,6,-20.84,17.82,-1.169,0.0,7.51,8.74,563.06,0,0.0,0.0
EMP005,2026-01-27,100,108,28,12,10,325,3,3,3,11.29,10.86,9.81,7.27,5.35,7.94,7.84,0.0284,0.0482,-0.0338,0.0,0.0,0.0,0.28,0.12,0.0,6,0,7.16,17.82,0.402,100.0,7.51,8.74,563.06,6,0.6677,162.5
EMP005,2026-01-28,103,71,17,11,13,290,1,1,1,13.0,11.57,10.48,7.44,5.52,9.84,8.43,0.1697,0.0806,0.0067,0.0,0.0,0.0,0.165,0.1068,0.0,6,0,-3.84,17.82,-0.215,100.0,7.51,8.74,563.06,6,0.7552,145.0
EMP005,2026-01-29,99,107,25,16,10,343,1,1,1,12.57,11.36,10.71,7.57,5.79,9.59,8.37,0.2003,0.0985,0.0613,0.0,0.0,0.0,0.2525,0.1616,0.0,6,0,4.16,17.82,0.233,100.0,7.51,8.74,563.06,6,0.688,171.5
EMP005,2026-01-30,122,76,50,17,14,373,1,1,1,13.71,12.71,11.21,7.86,5.93,10.48,8.62,0.2788,0.1468,0.0842,0.0,0.0,0.0,0.4098,0.1393,0.0,6,0,29.16,17.82,1.636,100.0,7.51,8.74,563.06,6,0.7962,186.5
EMP005,2026-01-31,46,35,12,5,4,142,1,1,1,18.29,15.36,12.5,8.17,6.2,16.57,10.97,0.5021,0.1915,0.1281,4.0,38.8,35.48,0.2609,0.1087,0.0,6,0,-8.84,17.82,-0.496,0.0,7.51,8.74,563.06,6,0.7535,71.0
EMP005,2026-02-01,0,0,0,0,0,0,1,1,1,18.86,16.21,12.9,8.33,6.33,16.27,10.72,0.4127,0.1148,0.0712,100.0,100.0,100.0,0.0,0.0,100.0,0,6,-20.84,17.82,-1.169,0.0,7.51,8.74,563.06,0,0.0,0.0
EMP005,2026-02-02,0,0,0,0,0,0,2,2,2,18.86,16.21,12.43,8.0,5.93,16.27,10.97,0.337,0.0725,0.0694,100.0,100.0,100.0,0.0,0.0,100.0,0,6,-20.84,17.82,-1.169,0.0,7.51,8.74,563.06,0,0.0,0.0
EMP005,2026-02-03,180,154,39,15,19,519,3,3,3,18.86,15.07,12.27,7.83,5.8,16.27,11.12,0.2056,0.0002,0.0178,0.0,0.0,0.0,0.2167,0.0833,0.0,6,0,18.16,17.82,1.019,100.0,7.51,8.74,563.06,6,0.7033,259.5
EMP005,2026-02-04,99,90,24,16,12,293,1,1,1,20.43,16.71,13.57,8.33,6.43,17.56,11.86,0.2934,-0.0076,0.063,0.0,0.0,0.0,0.2424,0.1616,0.0,6,0,3.16,17.82,0.177,100.0,7.51,8.74,563.06,6,0.6928,146.5
EMP005,2026-02-05,135,110,30,10,7,359,1,1,1,21.43,17.0,13.8,8.53,6.57,17.53,12.0,0.3844,0.0534,0.1097,0.0,0.0,0.0,0.2222,0.0741,0.0,6,0,9.16,17.82,0.514,100.0,7.51,8.74,563.06,6,0.6936,179.5
EMP005,2026-02-06,166,94,26,19,11,407,1,1,1,22.14,17.93,14.27,8.6,6.6,17.76,12.34,0.5041,0.0592,0.1086,0.0,0.0,0.0,0.1566,0.1145,0.0,6,0,5.16,17.82,0.29,100.0,7.51,8.74,563.06,6,0.769,203.5
EMP005,2026-02-07,52,40,10,4,4,146,1,1,1,18.71,18.5,14.67,8.8,6.67,13.97,12.52,0.578,0.1566,0.1535,31.83,54.55,40.03,0.1923,0.0769,0.0,6,0,-10.84,17.82,-0.608,0.0,7.51,8.74,563.06,6,0.726,73.0
EMP005,2026-02-08,0,0,0,0,0,0,1,1,1,18.43,18.64,14.63,8.53,6.43,14.12,12.53,0.5226,0.1477,0.1662,100.0,100.0,100.0,0.0,0.0,100.0,0,6,-20.84,17.82,-1.169,0.0,7.51,8.74,563.06,0,0.0,0.0
EMP005,2026-02-09,0,0,0,0,0,0,2,2,2,18.43,18.64,13.9,8.13,6.13,14.12,12.72,0.479,0.1166,0.1424,100.0,100.0,100.0,0.0,0.0,100.0,0,6,-20.84,17.82,-1.169,0.0,7.51,8.74,563.06,0,0.0,0.0
EMP005,2026-02-10,151,126,32,13,13,401,3,3,3,18.43,18.64,13.77,7.97,6.03,14.12,12.84,0.321,0.0425,0.0812,0.0,0.0,0.0,0.2119,0.0861,0.0,6,0,11.16,17.82,0.626,100.0,7.51,8.74,563.06,6,0.6858,200.5
EMP005,2026-02-11,120,98,28,10,10,371,1,1,1,17.43,18.93,14.83,8.4,6.47,12.82,12.98,0.3437,0.02,0.0845,0.0,0.0,0.0,0.2333,0.0833,0.0,6,0,7.16,17.82,0.402,100.0,7.51,8.74,563.06,6,0.7358,185.5
EMP005,2026-02-12,134,115,17,13,11,376,1,1,1,18.0,19.71,15.77,8.73,6.8,13.18,12.89,0.3264,-0.0276,0.0627,0.0,0.0,0.0,0.1269,0.097,0.0,6,0,-3.84,17.82,-0.215,0.0,7.51,8.74,563.06,6,0.6941,188.0
EMP005,2026-02-13,108,125,35,14,11,381,1,1,1,16.14,19.14,15.73,8.7,6.93,12.24,12.88,0.3497,0.0363,0.0912,0.0,0.0,0.0,0.3241,0.1296,0.0,6,0,14.16,17.82,0.795,100.0,7.51,8.74,563.06,6,0.6719,190.5
EMP005,2026-02-14,60,48,12,6,3,157,1,1,1,17.43,18.07,16.23,8.8,6.97,13.61,13.32,0.5034,0.0863,0.1386,26.06,31.82,56.96,0.2,0.1,0.0,6,0,-8.84,17.82,-0.496,0.0,7.51,8.74,563.06,6,0.6943,78.5
EMP005,2026-02-15,0,0,0,0,0,0,1,1,1,17.71,18.07,16.43,8.83,6.97,13.47,13.21,0.4056,0.042,0.0857,100.0,100.0,100.0,0.0,0.0,100.0,0,6,-20.84,17.82,-1.169,0.0,7.51,8.74,563.06,0,0.0,0.0
EMP005,2026-02-16,147,114,21,15,15,410,2,2,2,17.71,18.07,16.0,8.5,6.73,13.47,13.53,0.2759,-0.0069,0.0409,0.0,0.0,0.0,0.1429,0.102,0.0,6,0,0.16,17.82,0.009,100.0,7.51,8.74,563.06,6,0.722,205.0
EMP005,2026-02-17,193,112,23,14,13,458,1,1,1,20.71,19.57,16.7,9.0,7.23,11.36,13.22,0.1978,-0.0236,0.0478,0.0,0.0,0.0,0.1192,0.0725,0.0,6,0,2.16,17.82,0.121,100.0,7.51,8.74,563.06,6,0.7555,229.0
EMP005,2026-02-18,151,88,24,20,14,375,1,1,1,19.43,18.43,17.47,9.47,7.67,10.49,12.89,0.1232,-0.0534,0.0352,0.0,0.0,0.0,0.1589,0.1325,0.0,6,0,3.16,17.82,0.177,100.0,7.51,8.74,563.06,6,0.7653,187.5
EMP005,2026-02-19,167,82,19,16,14,378,1,1,1,18.86,18.43,17.73,9.73,7.77,10.11,12.94,0.1553,0.032,0.099,0.0,0.0,0.0,0.1138,0.0958,0.0,6,0,-1.84,17.82,-0.103,100.0,7.51,8.74,563.06,6,0.7831,189.0
EMP005,2026-02-20,51,64,39,32,27,312,1,1,1,19.14,17.64,17.83,9.77,8.0,10.08,12.94,0.1515,0.1088,0.1339,0.0,0.0,0.0,0.7647,0.6275,0.0,6,0,18.16,17.82,1.019,100.0,7.51,8.74,563.06,10,0.7019,156.0
EMP005,2026-02-21,19,23,16,12,4,113,1,1,1,19.71,18.57,18.47,10.27,8.63,11.03,13.49,0.303,0.3021,0.2565,13.37,0.0,53.65,0.8421,0.6316,0.0,6,0,-4.84,17.82,-0.272,0.0,7.51,8.74,563.06,10,0.6991,56.5
EMP005,2026-02-22,0,0,0,0,0,0,1,1,1,20.29,19.0,18.43,10.4,8.5,10.71,13.49,0.277,0.2977,0.2222,100.0,100.0,100.0,0.0,0.0,100.0,0,6,-20.84,17.82,-1.169,0.0,7.51,8.74,563.06,0,0.0,0.0
EMP005,2026-02-23,61,63,37,29,17,316,2,2,2,20.29,19.0,17.83,9.87,8.1,10.71,13.89,0.1551,0.2692,0.1915,0.0,0.0,0.0,0.6066,0.4754,0.0,6,0,16.16,17.82,0.907,100.0,7.51,8.74,563.06,10,0.7184,158.0
EMP005,2026-02-24,30,72,38,30,19,305,1,1,1,22.57,21.64,18.8,10.63,8.53,12.22,14.18,0.2109,0.366,0.2207,0.0,0.0,0.0,1.2667,1.0,0.0,6,0,17.16,17.82,0.963,100.0,7.51,8.74,563.06,10,0.6787,152.5
EMP005,2026-02-25,47,70,41,27,21,295,1,1,1,24.71,22.07,20.07,11.63,9.17,13.37,14.14,0.2051,0.4176,0.2294,0.0,0.0,0.0,0.8723,0.5745,0.0,6,0,20.16,17.82,1.131,100.0,7.51,8.74,563.06,10,0.7051,147.5
EMP005,2026-02-26,59,68,59,30,29,333,1,1,1,27.14,23.0,21.43,12.53,9.87,14.52,14.12,0.2018,0.4365,0.2425,0.0,0.0,0.0,1.0,0.5085,0.0,6,0,38.16,17.82,2.141,100.0,7.51,8.74,563.06,10,0.7147,166.5
EMP005,2026-02-27,39,78,58,53,34,414,1,1,1,32.86,26.0,22.47,13.13,10.5,17.71,15.61,0.4894,0.5455,0.3669,0.0,0.0,0.0,1.4872,1.359,0.0,6,0,37.16,17.82,2.085,100.0,7.51,8.74,563.06,10,0.7174,207.0
EMP005,2026-02-28,26,20,20,17,5,128,1,1,1,35.57,27.64,23.83,14.53,11.2,19.78,16.82,0.681,0.788,0.5357,16.07,0.0,55.36,0.7692,0.6538,0.0,6,0,-0.84,17.82,-0.047,100.0,7.51,8.74,563.06,10,0.75,64.0
EMP005,2026-03-01,0,0,0,0,0,0,1,1,1,36.14,28.21,23.67,14.57,11.03,19.25,16.84,0.6643,0.814,0.4874,100.0,100.0,100.0,0.0,0.0,100.0,0,6,-20.84,17.82,-1.169,0.0,7.51,8.74,563.06,0,0.0,0.0
EMP005,2026-03-02,0,0,0,0,0,0,2,2,2,36.14,28.21,22.0,14.0,10.57,19.25,16.62,0.6932,0.7368,0.4367,100.0,100.0,100.0,0.0,0.0,100.0,0,6,-20.84,17.82,-1.169,0.0,7.51,8.74,563.06,0,0.0,0.0
EMP005,2026-03-03,58,99,66,61,39,446,3,3,3,30.86,26.71,21.6,13.83,10.43,23.01,17.0,0.4823,0.5844,0.3232,0.0,0.0,0.0,1.1379,1.0517,0.0,6,0,45.16,17.82,2.534,100.0,7.51,8.74,563.06,10,0.6726,223.0
EMP005,2026-03-04,0,0,0,0,0,0,1,1,1,34.86,29.79,23.8,15.87,11.73,26.12,18.28,0.6198,0.7933,0.4356,100.0,100.0,100.0,0.0,0.0,100.0,0,6,-20.84,17.82,-1.169,0.0,7.51,8.74,563.06,0,0.0,0.0
EMP005,2026-03-05,50,43,51,49,26,314,2,2,2,29.0,28.07,23.8,15.87,11.73,28.57,18.28,0.3021,0.5815,0.279,0.0,0.0,0.0,1.02,0.98,0.0,6,0,30.16,17.82,1.692,100.0,7.51,8.74,563.06,10,0.793,157.0
EMP005,2026-03-06,30,49,44,25,29,332,1,1,1,27.86,30.36,24.2,17.0,11.97,27.49,18.73,0.5824,0.7893,0.4211,0.0,0.0,0.0,1.4667,0.8333,0.0,6,0,23.16,17.82,1.3,100.0,7.51,8.74,563.06,10,0.741,166.0
EMP005,2026-03-07,12,22,15,9,9,108,1,1,1,25.86,30.71,24.87,17.3,12.53,25.67,19.07,0.7088,0.834,0.5313,39.69,47.98,28.17,1.25,0.75,0.0,6,0,-5.84,17.82,-0.328,0.0,7.51,8.74,563.06,10,0.6944,54.0
EMP005,2026-03-08,0,0,0,0,0,0,1,1,1,25.14,30.64,24.37,17.27,12.6,25.89,19.12,0.6805,0.7301,0.4703,100.0,100.0,100.0,0.0,0.0,100.0,0,6,-20.84,17.82,-1.169,0.0,7.51,8.74,563.06,0,0.0,0.0
EMP005,2026-03-09,54,45,48,35,26,326,2,2,2,25.14,30.64,23.5,16.63,12.23,25.89,19.61,0.5346,0.6307,0.378,0.0,0.0,0.0,0.8889,0.6481,0.0,6,0,27.16,17.82,1.524,100.0,7.51,8.74,563.06,10,0.7546,163.0
EMP005,2026-03-10,43,48,40,55,15,346,1,1,1,32.0,31.43,24.77,17.67,12.97,24.65,19.92,0.5996,0.6621,0.41,0.0,0.0,0.0,0.9302,1.2791,0.0,6,0,19.16,17.82,1.075,100.0,7.51,8.74,563.06,10,0.7601,173.0
EMP005,2026-03-11,22,25,25,14,4,138,1,1,1,28.29,31.57,26.1,19.5,13.47,20.93,19.56,0.527,0.7811,0.3337,4.21,28.21,70.3,1.1364,0.6364,0.0,6,0,4.16,17.82,0.233,100.0,7.51,8.74,563.06,10,0.7319,69.0
EMP005,2026-03-12,29,63,43,30,11,286,1,1,1,31.86,30.43,26.93,19.97,13.6,17.68,18.95,0.3399,0.6111,0.1798,0.0,0.0,19.12,1.4828,1.0345,0.0,6,0,22.16,17.82,1.244,100.0,7.51,8.74,563.06,10,0.7203,143.0
EMP005,2026-03-13,45,60,50,31,13,299,1,1,1,30.71,29.29,27.3,20.53,13.53,16.63,19.15,0.4785,0.6278,0.1588,0.0,0.0,3.92,1.1111,0.6889,0.0,6,0,29.16,17.82,1.636,100.0,7.51,8.74,563.06,10,0.7391,149.5
EMP005,2026-03-14,13,14,19,13,8,111,1,1,1,31.57,28.71,28.03,21.23,13.63,17.43,19.58,0.6298,0.6227,0.131,32.22,38.77,41.31,1.4615,1.0,0.0,6,0,-1.84,17.82,-0.103,100.0,7.51,8.74,563.06,10,0.7568,55.5
EMP005,2026-03-15,0,0,0,0,0,0,1,1,1,32.14,28.64,28.1,21.23,13.53,16.93,19.55,0.4954,0.5128,0.0765,100.0,100.0,100.0,0.0,0.0,100.0,0,6,-20.84,17.82,-1.169,0.0,7.51,8.74,563.06,0,0.0,0.0
EMP005,2026-03-16,26,48,50,25,14,287,2,2,2,32.14,28.64,26.93,20.77,13.17,16.93,20.13,0.3617,0.3259,-0.0283,0.0,0.0,0.0,1.9231,0.9615,0.0,6,0,29.16,17.82,1.636,100.0,7.51,8.74,563.06,10,0.7352,143.5
EMP005,2026-03-17,34,60,54,35,15,349,1,1,1,32.43,32.21,28.2,21.4,13.53,17.21,20.35,0.4076,0.2514,-0.093,0.0,0.0,0.0,1.5882,1.0294,0.0,6,0,33.16,17.82,1.861,100.0,7.51,8.74,563.06,10,0.7278,174.5
EMP005,2026-03-18,55,41,33,36,16,284,1,1,1,34.43,31.36,30.0,22.57,14.03,18.72,20.16,0.3795,0.1915,-0.1769,0.0,0.0,0.0,0.6,0.6545,0.0,6,0,12.16,17.82,0.682,100.0,7.51,8.74,563.06,10,0.7711,142.0
EMP005,2026-03-19,39,44,32,27,26,272,1,1,1,35.57,33.71,30.4,23.27,14.07,18.35,20.1,0.3368,0.226,-0.1575,0.0,0.0,0.0,0.8205,0.6923,0.0,6,0,11.16,17.82,0.626,100.0,7.51,8.74,563.06,10,0.7169,136.0
EMP005,2026-03-20,60,64,31,44,30,381,1,1,1,34.0,32.36,30.7,23.7,14.5,18.12,20.05,0.2961,0.1862,-0.0879,0.0,0.0,0.0,0.5167,0.7333,0.0,6,0,10.16,17.82,0.57,100.0,7.51,8.74,563.06,10,0.7533,190.5
EMP005,2026-03-21,10,25,14,13,5,107,1,1,1,31.29,31.43,30.93,24.5,15.03,16.9,20.01,0.2518,0.2917,0.0087,54.74,46.94,66.73,1.4,1.3,0.0,6,0,-6.84,17.82,-0.384,0.0,7.51,8.74,563.06,10,0.6636,53.5
EMP005,2026-03-22,0,0,0,0,0,0,1,1,1,30.57,31.36,30.77,24.4,14.73,17.5,20.13,0.0603,0.1588,-0.0632,100.0,100.0,100.0,0.0,0.0,100.0,0,6,-20.84,17.82,-1.169,0.0,7.51,8.74,563.06,0,0.0,0.0
EMP005,2026-03-23,34,50,36,37,31,322,2,2,2,30.57,31.36,29.47,23.33,13.83,17.5,20.81,-0.0814,0.0538,-0.0736,0.0,0.0,0.0,1.0588,1.0882,0.0,6,0,15.16,17.82,0.851,100.0,7.51,8.74,563.06,10,0.7671,161.0
EMP005,2026-03-24,62,59,40,56,31,358,1,1,1,28.57,30.5,30.13,24.17,14.73,15.89,20.69,-0.1321,0.0638,-0.0307,0.0,0.0,0.0,0.6452,0.9032,0.0,6,0,19.16,17.82,1.075,100.0,7.51,8.74,563.06,10,0.7542,179.0
EMP005,2026-03-25,50,79,78,56,40,433,1,1,1,26.57,30.5,31.47,26.03,15.77,13.22,19.98,-0.2763,0.1026,-0.0274,0.0,0.0,0.0,1.56,1.12,0.0,6,0,57.16,17.82,3.208,100.0,7.51,8.74,563.06,10,0.7714,216.5
EMP005,2026-03-26,3,4,4,2,3,21,1,1,1,33.0,34.29,32.83,26.93,16.53,22.48,21.64,0.0621,0.3164,0.1375,87.82,92.57,81.85,1.3333,0.6667,0.0,6,0,-16.84,17.82,-0.945,0.0,7.51,8.74,563.06,9,0.7619,10.5
EMP005,2026-03-27,37,103,71,49,61,495,1,1,1,29.0,31.5,31.7,26.0,16.0,24.69,22.22,-0.0883,0.1766,0.0672,0.0,0.0,0.0,1.9189,1.3243,0.0,6,0,50.16,17.82,2.815,100.0,7.51,8.74,563.06,10,0.6909,247.5
EMP005,2026-03-28,20,23,40,16,14,166,1,1,1,34.71,33.0,32.7,26.73,17.33,28.78,23.27,0.2294,0.3319,0.392,0.0,40.14,19.22,2.0,0.8,0.0,6,0,19.16,17.82,1.075,100.0,7.51,8.74,563.06,10,0.8012,83.0
EMP005,2026-03-29,0,0,0,0,0,0,1,1,1,38.43,34.5,32.07,26.27,16.83,27.52,22.8,0.4578,0.2852,0.4509,100.0,100.0,100.0,0.0,0.0,100.0,0,6,-20.84,17.82,-1.169,0.0,7.51,8.74,563.06,0,0.0,0.0
EMP005,2026-03-30,62,66,72,67,26,433,2,2,2,38.43,34.5,30.13,24.5,15.7,27.52,22.98,0.4298,0.3001,0.4607,0.0,0.0,0.0,1.1613,1.0806,0.0,6,0,51.16,17.82,2.871,100.0,7.51,8.74,563.06,10,0.7921,216.5
EMP005,2026-03-31,59,82,79,66,50,480,1,1,1,43.57,36.07,31.87,26.17,16.4,29.85,24.08,0.63,0.5226,0.4534,0.0,0.0,0.0,1.339,1.1186,0.0,6,0,58.16,17.82,3.264,100.0,7.51,8.74,563.06,10,0.7542,240.0
EMP006,2026-01-01,0,0,0,0,0,0,1,1,1,0.0,0.0,0.0,0.0,0.0,0.0,0.0,0.0,0.0,0.0,0.0,0.0,0.0,0.0,0.0,100.0,0,6,-17.4,12.92,-1.347,50.0,6.79,8.87,527.13,0,0.0,0.0
EMP006,2026-01-02,182,118,25,26,15,494,2,2,2,0.0,0.0,0.0,0.0,0.0,0.0,0.0,0.0,0.0,0.0,0.0,0.0,0.0,0.1374,0.1429,0.0,6,0,7.6,12.92,0.588,50.0,6.79,8.87,527.13,6,0.7611,247.0
EMP006,2026-01-03,55,38,9,8,5,159,1,1,1,12.5,12.5,12.5,13.0,7.5,12.5,12.5,0.0,0.0,0.0,28.0,38.46,33.33,0.1636,0.1455,0.0,6,0,-8.4,12.92,-0.65,50.0,6.79,8.87,527.13,6,0.761,79.5
EMP006,2026-01-04,0,0,0,0,0,0,1,1,1,11.33,11.33,11.33,11.33,6.67,10.34,10.34,4.5,4.0,2.5,100.0,100.0,100.0,0.0,0.0,100.0,0,6,-17.4,12.92,-1.347,50.0,6.79,8.87,527.13,0,0.0,0.0
EMP006,2026-01-05,0,0,0,0,0,0,2,2,2,8.5,8.5,8.5,8.5,5.0,10.21,10.21,-1.6,-1.8,-1.0,100.0,100.0,100.0,0.0,0.0,100.0,0,6,-17.4,12.92,-1.347,50.0,6.79,8.87,527.13,0,0.0,0.0
EMP006,2026-01-06,113,82,21,19,14,346,3,3,3,6.8,6.8,6.8,6.8,4.0,9.74,9.74,-2.5,-2.6,-1.5,0.0,0.0,0.0,0.1858,0.1681,0.0,6,0,3.6,12.92,0.279,50.0,6.79,8.87,527.13,6,0.763,173.0
EMP006,2026-01-07,128,101,18,10,12,345,1,1,1,9.17,9.17,9.17,8.83,5.67,10.35,10.35,0.6,0.2571,0.5714,0.0,0.0,0.0,0.1406,0.0781,0.0,6,0,0.6,12.92,0.046,50.0,6.79,8.87,527.13,6,0.7072,172.5
EMP006,2026-01-08,141,110,31,10,15,391,1,1,1,10.43,10.43,10.43,9.0,6.57,10.07,10.07,1.3214,0.2857,1.0357,0.0,0.0,0.0,0.2199,0.0709,0.0,6,0,13.6,12.92,1.053,50.0,6.79,8.87,527.13,6,0.7187,195.5
EMP006,2026-01-09,145,112,27,16,14,404,1,1,1,14.86,13.0,13.0,9.12,7.62,11.26,11.62,2.5952,0.2738,1.3929,0.0,0.0,0.0,0.1862,0.1103,0.0,6,0,9.6,12.92,0.743,50.0,6.79,8.87,527.13,6,0.7228,202.0
EMP006,2026-01-10,18,14,3,2,1,53,1,1,1,15.14,14.56,14.56,9.89,8.33,11.53,11.8,2.75,0.65,1.4,79.4,79.78,88.0,0.1667,0.1111,0.0,6,0,-14.4,12.92,-1.115,50.0,6.79,8.87,527.13,6,0.7358,26.5
EMP006,2026-01-11,0,0,0,0,0,0,1,1,1,14.29,13.4,13.4,9.1,7.6,12.16,11.72,1.3697,0.0424,0.6182,100.0,100.0,100.0,0.0,0.0,100.0,0,6,-17.4,12.92,-1.347,50.0,6.79,8.87,527.13,0,0.0,0.0
EMP006,2026-01-12,107,85,17,11,11,299,2,2,2,14.29,12.18,12.18,8.27,6.91,12.16,11.82,0.4182,-0.3818,0.1182,0.0,0.0,0.0,0.1589,0.1028,0.0,6,0,-0.4,12.92,-0.031,50.0,6.79,8.87,527.13,6,0.7157,149.5
EMP006,2026-01-13,10,8,1,1,0,27,1,1,1,16.71,12.58,12.58,8.5,7.25,10.67,11.4,0.507,-0.1888,0.2483,92.05,88.24,100.0,0.1,0.1,16.67,5,1,-16.4,12.92,-1.269,50.0,6.79,8.87,527.13,5,0.7037,13.5
EMP006,2026-01-14,112,76,15,12,13,291,1,1,2,13.86,11.69,11.69,7.92,6.69,11.76,11.38,0.0165,-0.3956,-0.044,0.0,0.0,0.0,0.1339,0.1071,0.0,6,0,-2.4,12.92,-0.186,50.0,6.79,8.87,527.13,6,0.7388,145.5
EMP006,2026-01-15,116,83,18,11,8,316,1,1,1,13.43,11.93,11.93,8.21,7.14,11.66,11.0,0.1077,-0.2,0.1451,0.0,0.0,0.0,0.1552,0.0948,0.0,6,0,0.6,12.92,0.046,50.0,6.79,8.87,527.13,6,0.7373,158.0
EMP006,2026-01-16,123,111,31,12,8,353,1,1,1,11.57,13.21,12.33,8.4,7.2,9.56,10.73,0.2393,-0.0929,0.1393,0.0,0.0,0.0,0.252,0.0976,0.0,6,0,13.6,12.92,1.053,50.0,6.79,8.87,527.13,6,0.6856,176.5
EMP006,2026-01-17,48,40,12,6,3,147,1,1,1,12.14,13.64,13.5,8.62,7.25,10.53,11.33,0.6088,0.0029,0.1324,11.11,30.39,58.62,0.25,0.125,0.0,6,0,-5.4,12.92,-0.418,50.0,6.79,8.87,527.13,6,0.7279,73.5
EMP006,2026-01-18,0,0,0,0,0,0,1,1,1,13.43,13.86,13.41,8.47,7.0,9.87,11.0,0.4779,-0.049,0.027,100.0,100.0,100.0,0.0,0.0,100.0,0,6,-17.4,12.92,-1.347,50.0,6.79,8.87,527.13,0,0.0,0.0
EMP006,2026-01-19,100,118,27,16,9,322,2,2,2,13.43,13.86,12.67,8.0,6.61,9.87,11.12,0.1672,-0.1899,-0.1001,0.0,0.0,0.0,0.27,0.16,0.0,6,0,9.6,12.92,0.743,50.0,6.79,8.87,527.13,6,0.6335,161.0
EMP006,2026-01-20,149,104,31,23,11,389,1,1,1,14.86,15.79,13.42,8.42,6.74,10.95,11.29,0.3684,-0.0351,-0.0474,0.0,0.0,0.0,0.2081,0.1544,0.0,6,0,13.6,12.92,1.053,50.0,6.79,8.87,527.13,6,0.7326,194.5
EMP006,2026-01-21,0,0,0,0,0,0,1,1,1,19.14,16.5,14.3,9.15,6.95,10.55,11.65,0.5669,0.1782,0.0203,100.0,100.0,100.0,0.0,0.0,100.0,0,6,-17.4,12.92,-1.347,50.0,6.79,8.87,527.13,0,0.0,0.0
EMP006,2026-01-22,107,103,23,16,13,329,2,2,2,17.0,15.21,13.62,8.71,6.62,12.51,11.77,0.3039,0.0351,-0.0727,0.0,0.0,0.0,0.215,0.1495,0.0,6,0,5.6,12.92,0.433,50.0,6.79,8.87,527.13,6,0.6869,164.5
EMP006,2026-01-23,141,100,31,12,17,356,1,1,1,17.71,14.64,14.05,9.05,6.91,12.69,11.66,0.3755,0.1169,0.0124,0.0,0.0,0.0,0.2199,0.0851,0.0,6,0,13.6,12.92,1.053,50.0,6.79,8.87,527.13,6,0.7191,178.0
EMP006,2026-01-24,56,32,5,7,4,124,1,1,1,17.71,14.93,14.78,9.17,7.35,12.69,11.92,0.5128,0.1344,0.1206,66.17,23.66,45.58,0.0893,0.125,0.0,6,0,-12.4,12.92,-0.96,50.0,6.79,8.87,527.13,6,0.7419,62.0
EMP006,2026-01-25,0,0,0,0,0,0,1,1,1,16.71,15.07,14.38,9.08,7.21,13.36,11.83,0.3535,0.0965,0.0726,100.0,100.0,100.0,0.0,0.0,100.0,0,6,-17.4,12.92,-1.347,50.0,6.79,8.87,527.13,0,0.0,0.0
EMP006,2026-01-26,0,0,0,0,0,0,2,2,2,16.71,15.07,13.8,8.72,6.92,13.36,11.93,0.18,0.0015,-0.0023,100.0,100.0,100.0,0.0,0.0,100.0,0,6,-17.4,12.92,-1.347,50.0,6.79,8.87,527.13,0,0.0,0.0
EMP006,2026-01-27,138,102,19,12,12,345,3,3,3,12.86,13.86,13.27,8.38,6.65,13.73,12.0,0.0421,-0.0732,-0.0612,0.0,0.0,0.0,0.1377,0.087,0.0,6,0,1.6,12.92,0.124,50.0,6.79,8.87,527.13,6,0.7043,172.5
EMP006,2026-01-28,98,101,20,16,8,319,1,1,1,11.14,15.14,13.48,8.52,6.85,11.99,11.82,0.083,-0.0366,-0.0122,0.0,0.0,0.0,0.2041,0.1633,0.0,6,0,2.6,12.92,0.201,50.0,6.79,8.87,527.13,6,0.6834,159.5
EMP006,2026-01-29,154,118,48,15,10,415,1,1,1,14.0,15.5,13.71,8.79,6.89,11.36,11.67,0.1226,0.0224,-0.0025,0.0,0.0,0.0,0.3117,0.0974,0.0,6,0,30.6,12.92,2.368,50.0,6.79,8.87,527.13,6,0.7157,207.5
EMP006,2026-01-30,159,82,32,24,18,417,1,1,1,17.57,17.64,14.9,9.0,7.0,16.43,13.06,0.3468,0.0631,0.0192,0.0,0.0,0.0,0.2013,0.1509,0.0,6,0,14.6,12.92,1.13,50.0,6.79,8.87,527.13,6,0.8034,208.5
EMP006,2026-01-31,53,46,7,8,4,152,1,1,1,17.71,17.71,15.47,9.5,7.37,16.55,13.21,0.4236,0.1537,0.0883,54.75,15.79,45.73,0.1321,0.1509,0.0,6,0,-10.4,12.92,-0.805,50.0,6.79,8.87,527.13,6,0.6974,76.0
EMP006,2026-02-01,0,0,0,0,0,0,1,1,1,18.0,17.36,15.7,9.77,7.5,16.34,12.99,0.2623,0.0785,0.0158,100.0,100.0,100.0,0.0,0.0,100.0,0,6,-17.4,12.92,-1.347,50.0,6.79,8.87,527.13,0,0.0,0.0
EMP006,2026-02-02,157,112,25,23,15,419,2,2,2,18.0,17.36,14.87,8.9,7.0,16.34,13.17,0.2251,0.1275,0.0191,0.0,0.0,0.0,0.1592,0.1465,0.0,6,0,7.6,12.92,0.588,50.0,6.79,8.87,527.13,6,0.7327,209.5
EMP006,2026-02-03,187,107,37,23,11,446,1,1,1,21.57,17.21,15.4,9.4,7.33,14.67,13.24,0.2501,0.2122,0.057,0.0,0.0,0.0,0.1979,0.123,0.0,6,0,19.6,12.92,1.517,50.0,6.79,8.87,527.13,6,0.7601,223.0
EMP006,2026-02-04,121,98,14,11,9,346,1,1,1,24.14,17.64,16.63,10.17,7.7,15.54,13.47,0.2832,0.2352,0.03,15.81,0.0,0.0,0.1157,0.0909,0.0,6,0,-3.4,12.92,-0.263,50.0,6.79,8.87,527.13,6,0.7168,173.0
EMP006,2026-02-05,102,89,22,21,9,320,1,1,1,23.29,18.64,17.1,10.53,8.0,15.91,13.13,0.1515,0.1704,-0.0147,0.0,0.0,0.0,0.2157,0.2059,0.0,6,0,4.6,12.92,0.356,50.0,6.79,8.87,527.13,6,0.7219,160.0
EMP006,2026-02-06,116,96,33,11,16,354,1,1,1,19.57,18.57,17.13,10.6,7.83,12.34,13.14,0.21,0.2963,0.0331,0.0,0.0,0.0,0.2845,0.0948,0.0,6,0,15.6,12.92,1.207,50.0,6.79,8.87,527.13,6,0.7288,177.0
EMP006,2026-02-07,53,48,7,4,4,146,1,1,1,19.71,18.71,17.63,10.63,7.97,12.49,13.44,0.3184,0.2948,0.1146,60.29,62.37,49.81,0.1321,0.0755,0.0,6,0,-10.4,12.92,-0.805,50.0,6.79,8.87,527.13,6,0.6712,73.0
EMP006,2026-02-08,0,0,0,0,0,0,1,1,1,19.71,18.86,16.83,10.43,7.6,12.49,13.34,0.3419,0.2476,0.1375,100.0,100.0,100.0,0.0,0.0,100.0,0,6,-17.4,12.92,-1.347,50.0,6.79,8.87,527.13,0,0.0,0.0
EMP006,2026-02-09,135,101,20,23,9,363,2,2,2,19.71,18.86,15.93,9.9,7.13,12.49,13.53,0.3034,0.2187,0.1326,0.0,0.0,0.0,0.1481,0.1704,0.0,6,0,2.6,12.92,0.201,50.0,6.79,8.87,527.13,6,0.7218,181.5
EMP006,2026-02-10,8,7,1,1,0,21,1,1,1,19.0,20.29,16.5,10.6,7.4,12.31,13.33,0.2405,0.2487,0.1023,93.94,90.57,100.0,0.125,0.125,16.67,5,1,-16.4,12.92,-1.269,50.0,6.79,8.87,527.13,5,0.6667,10.5
EMP006,2026-02-11,98,101,30,11,8,337,1,1,2,13.86,19.0,16.53,10.63,7.4,11.18,13.29,0.0267,0.1137,0.0036,0.0,0.0,0.0,0.3061,0.1122,0.0,6,0,12.6,12.92,0.975,50.0,6.79,8.87,527.13,6,0.7003,168.5
EMP006,2026-02-12,130,86,29,19,7,334,1,1,1,16.14,19.71,16.97,10.63,7.3,12.53,13.51,0.1168,0.1186,0.0323,0.0,0.0,4.11,0.2231,0.1462,0.0,6,0,11.6,12.92,0.898,50.0,6.79,8.87,527.13,6,0.7425,167.0
EMP006,2026-02-13,136,83,28,22,14,347,1,1,1,17.14,18.36,17.9,11.23,7.53,13.22,13.34,0.0843,0.1061,-0.02,0.0,0.0,0.0,0.2059,0.1618,0.0,6,0,10.6,12.92,0.82,50.0,6.79,8.87,527.13,6,0.7608,173.5
EMP006,2026-02-14,43,32,6,7,3,120,1,1,1,16.43,18.07,18.33,11.57,7.57,12.45,13.45,0.1295,0.1809,0.0594,67.27,39.5,60.37,0.1395,0.1628,0.0,6,0,-11.4,12.92,-0.882,50.0,6.79,8.87,527.13,6,0.7333,60.0
EMP006,2026-02-15,0,0,0,0,0,0,1,1,1,16.29,18.0,17.93,11.43,7.4,12.57,13.63,0.0476,0.1475,0.0329,100.0,100.0,100.0,0.0,0.0,100.0,0,6,-17.4,12.92,-1.347,50.0,6.79,8.87,527.13,0,0.0,0.0
EMP006,2026-02-16,131,95,19,20,11,354,2,2,2,16.29,18.0,16.9,11.03,7.13,12.57,13.78,0.022,0.0776,-0.0107,0.0,0.0,0.0,0.145,0.1527,0.0,6,0,1.6,12.92,0.124,50.0,6.79,8.87,527.13,6,0.7316,177.0
EMP006,2026-02-17,139,118,24,17,16,422,1,1,1,16.14,17.57,17.13,11.5,7.4,12.53,13.75,0.0018,0.1008,-0.0142,0.0,0.0,0.0,0.1727,0.1223,0.0,6,0,6.6,12.92,0.511,50.0,6.79,8.87,527.13,6,0.7204,211.0
EMP006,2026-02-18,98,108,23,16,9,340,1,1,1,19.43,16.64,17.93,12.07,7.93,11.06,13.42,-0.0721,0.057,-0.0098,0.0,0.0,0.0,0.2347,0.1633,0.0,6,0,5.6,12.92,0.433,50.0,6.79,8.87,527.13,6,0.6824,170.0
EMP006,2026-02-19,143,88,21,14,10,349,1,1,1,18.43,17.29,17.8,12.07,7.93,10.35,13.35,0.0231,0.1095,0.0044,0.0,0.0,0.0,0.1469,0.0979,0.0,6,0,3.6,12.92,0.279,50.0,6.79,8.87,527.13,6,0.7479,174.5
EMP006,2026-02-20,148,105,29,18,12,411,1,1,1,17.29,17.21,17.47,11.77,7.9,9.53,13.14,0.1348,0.1973,0.0389,0.0,0.0,0.0,0.1959,0.1216,0.0,6,0,11.6,12.92,0.898,50.0,6.79,8.87,527.13,6,0.7445,205.5
EMP006,2026-02-21,47,33,9,6,5,127,1,1,1,17.43,16.93,18.43,12.37,8.3,9.69,12.89,0.0888,0.1564,0.0109,51.17,51.5,39.76,0.1915,0.1277,0.0,6,0,-8.4,12.92,-0.65,50.0,6.79,8.87,527.13,6,0.7402,63.5
EMP006,2026-02-22,0,0,0,0,0,0,1,1,1,17.86,17.07,17.97,12.03,8.03,9.23,12.97,0.0594,0.1404,0.022,100.0,100.0,100.0,0.0,0.0,100.0,0,6,-17.4,12.92,-1.347,50.0,6.79,8.87,527.13,0,0.0,0.0
EMP006,2026-02-23,162,96,27,11,11,379,2,2,2,17.86,17.07,16.93,11.63,7.47,9.23,13.12,0.0334,0.0625,0.032,0.0,5.42,0.0,0.1667,0.0679,0.0,6,0,9.6,12.92,0.743,50.0,6.79,8.87,527.13,6,0.7467,189.5
EMP006,2026-02-24,125,87,28,21,11,341,1,1,1,19.0,17.57,17.67,11.77,7.7,9.78,13.05,0.016,0.0265,0.0309,0.0,0.0,0.0,0.224,0.168,0.0,6,0,10.6,12.92,0.82,50.0,6.79,8.87,527.13,6,0.7449,170.5
EMP006,2026-02-25,91,64,25,11,15,264,1,1,1,19.57,19.5,18.6,12.47,8.07,10.17,12.75,-0.0392,0.0049,-0.0009,0.0,11.79,0.0,0.2747,0.1209,0.0,6,0,7.6,12.92,0.588,50.0,6.79,8.87,527.13,6,0.7576,132.0
EMP006,2026-02-26,161,123,39,18,12,445,1,1,1,19.86,19.14,19.43,12.83,8.57,10.29,12.31,-0.1261,-0.0905,-0.0118,0.0,0.0,0.0,0.2422,0.1118,0.0,6,0,21.6,12.92,1.672,50.0,6.79,8.87,527.13,6,0.7236,222.5
EMP006,2026-02-27,159,130,31,11,20,420,1,1,1,22.43,19.86,20.1,13.03,8.57,12.3,12.8,-0.0029,-0.063,0.034,0.0,15.58,0.0,0.195,0.0692,0.0,6,0,13.6,12.92,1.053,50.0,6.79,8.87,527.13,6,0.6905,210.0
EMP006,2026-02-28,60,51,18,6,6,180,1,1,1,22.71,20.07,20.47,12.87,8.97,12.48,12.95,0.0667,-0.0556,0.1039,12.07,53.38,33.11,0.3,0.1,0.0,6,0,0.6,12.92,0.046,50.0,6.79,8.87,527.13,6,0.7167,90.0
EMP006,2026-03-01,0,0,0,0,0,0,1,1,1,24.0,20.93,19.47,12.57,8.83,11.41,11.9,0.2407,-0.0852,0.0919,100.0,100.0,100.0,0.0,0.0,100.0,0,6,-17.4,12.92,-1.347,50.0,6.79,8.87,527.13,0,0.0,0.0
EMP006,2026-03-02,0,0,0,0,0,0,2,2,2,24.0,20.93,18.4,11.77,8.23,11.41,12.16,0.2016,-0.0874,0.0981,100.0,100.0,100.0,0.0,0.0,100.0,0,6,-17.4,12.92,-1.347,50.0,6.79,8.87,527.13,0,0.0,0.0
EMP006,2026-03-03,155,138,22,27,19,450,3,3,3,20.14,19.57,18.17,11.5,8.1,14.01,12.44,0.0042,-0.1893,0.0158,0.0,0.0,0.0,0.1419,0.1742,0.0,6,0,4.6,12.92,0.356,50.0,6.79,8.87,527.13,6,0.6933,225.0
EMP006,2026-03-04,132,89,29,16,14,359,1,1,1,19.29,19.43,18.9,12.4,8.73,13.69,11.99,-0.0963,-0.1686,0.0303,0.0,0.0,0.0,0.2197,0.1212,0.0,6,0,11.6,12.92,0.898,50.0,6.79,8.87,527.13,6,0.7521,179.5
EMP006,2026-03-05,140,85,28,12,14,342,1,1,1,19.86,19.86,19.03,12.17,8.7,13.99,12.08,0.0109,-0.0723,0.1075,0.0,1.4,0.0,0.2,0.0857,0.0,6,0,10.6,12.92,0.82,50.0,6.79,8.87,527.13,6,0.7515,171.0
EMP006,2026-03-06,86,55,12,9,11,227,1,1,1,18.29,20.36,18.73,11.8,8.8,12.27,11.74,0.1927,0.0013,0.1575,35.93,23.73,0.0,0.1395,0.1047,0.0,6,0,-5.4,12.92,-0.418,50.0,6.79,8.87,527.13,6,0.7577,113.5
EMP006,2026-03-07,53,43,9,6,6,142,1,1,1,15.57,19.14,18.67,11.73,8.87,11.21,11.77,0.1166,-0.0222,0.1731,51.79,48.85,32.36,0.1698,0.1132,0.0,6,0,-8.4,12.92,-0.65,50.0,6.79,8.87,527.13,6,0.6972,71.0
EMP006,2026-03-08,0,0,0,0,0,0,1,1,1,14.29,19.14,18.23,11.23,8.77,11.37,11.88,0.0772,0.0047,0.1555,100.0,100.0,100.0,0.0,0.0,100.0,0,6,-17.4,12.92,-1.347,50.0,6.79,8.87,527.13,0,0.0,0.0
EMP006,2026-03-09,119,96,18,20,14,325,2,2,2,14.29,19.14,17.13,10.87,8.23,11.37,11.99,0.0614,-0.0694,0.1488,0.0,0.0,0.0,0.1513,0.1681,0.0,6,0,0.6,12.92,0.046,50.0,6.79,8.87,527.13,6,0.7046,162.5
EMP006,2026-03-10,148,71,26,13,17,350,1,1,1,16.86,18.5,17.5,11.4,8.57,9.78,11.84,-0.0029,-0.0578,0.1568,0.0,0.0,0.0,0.1757,0.0878,0.0,6,0,8.6,12.92,0.666,50.0,6.79,8.87,527.13,6,0.7971,175.0
EMP006,2026-03-11,107,94,14,14,9,305,1,1,1,17.43,18.36,18.37,11.83,9.13,10.17,11.47,-0.0687,-0.1261,0.1522,23.79,0.0,1.42,0.1308,0.1308,0.0,6,0,-3.4,12.92,-0.263,50.0,6.79,8.87,527.13,6,0.6918,152.5
EMP006,2026-03-12,141,81,24,13,7,347,1,1,1,15.29,17.57,18.17,11.53,9.13,9.02,11.5,-0.0857,-0.0352,0.1504,0.0,0.0,23.33,0.1702,0.0922,0.0,6,0,6.6,12.92,0.511,50.0,6.79,8.87,527.13,6,0.7666,173.5
EMP006,2026-03-13,127,106,27,12,11,349,1,1,1,14.71,16.5,18.93,11.93,9.37,8.29,11.08,-0.1664,-0.0983,0.0736,0.0,0.0,0.0,0.2126,0.0945,0.0,6,0,9.6,12.92,0.743,50.0,6.79,8.87,527.13,6,0.6963,174.5
EMP006,2026-03-14,45,35,6,6,3,126,1,1,1,16.86,16.21,18.83,11.97,9.47,9.2,11.0,-0.038,-0.1043,0.0747,68.14,49.87,68.32,0.1333,0.1333,0.0,6,0,-11.4,12.92,-0.882,50.0,6.79,8.87,527.13,6,0.7222,63.0
EMP006,2026-03-15,0,0,0,0,0,0,1,1,1,16.43,15.36,18.07,11.53,9.33,9.62,11.06,-0.0507,-0.0943,0.016,100.0,100.0,100.0,0.0,0.0,100.0,0,6,-17.4,12.92,-1.347,50.0,6.79,8.87,527.13,0,0.0,0.0
EMP006,2026-03-16,126,88,25,12,9,347,2,2,2,16.43,15.36,17.13,10.8,8.87,9.62,11.36,-0.0988,-0.0966,-0.012,0.0,0.0,0.0,0.1984,0.0952,0.0,6,0,7.6,12.92,0.588,50.0,6.79,8.87,527.13,6,0.7464,173.5
EMP006,2026-03-17,53,38,8,5,6,140,1,1,1,17.43,17.14,17.77,10.97,9.07,10.08,11.25,-0.1248,-0.115,-0.0516,54.98,54.42,33.85,0.1509,0.0943,0.0,6,0,-9.4,12.92,-0.728,50.0,6.79,8.87,527.13,6,0.7286,70.0
EMP006,2026-03-18,123,82,18,11,11,302,1,1,1,14.86,16.14,18.03,11.13,9.27,9.86,10.92,-0.3103,-0.2291,-0.1339,0.17,1.17,0.0,0.1463,0.0894,0.0,6,0,0.6,12.92,0.046,50.0,6.79,8.87,527.13,6,0.7285,151.0
EMP006,2026-03-19,133,91,23,18,8,362,1,1,1,15.43,15.36,18.0,10.83,9.27,9.91,10.92,-0.3039,-0.1689,-0.1108,0.0,0.0,13.7,0.1729,0.1353,0.0,6,0,5.6,12.92,0.433,50.0,6.79,8.87,527.13,6,0.7486,181.0
EMP006,2026-03-20,0,0,0,0,0,0,1,1,1,15.29,15.0,17.97,10.87,9.0,9.79,10.9,-0.2303,-0.0801,-0.0725,100.0,100.0,100.0,0.0,0.0,100.0,0,6,-17.4,12.92,-1.347,50.0,6.79,8.87,527.13,0,0.0,0.0
EMP006,2026-03-21,46,41,8,7,4,126,2,2,2,11.43,14.14,17.2,10.33,8.7,9.74,11.32,-0.3115,-0.1148,-0.1306,53.49,32.24,54.02,0.1739,0.1522,0.0,6,0,-9.4,12.92,-0.728,50.0,6.79,8.87,527.13,6,0.6746,63.0
EMP006,2026-03-22,0,0,0,0,0,0,1,1,1,11.71,14.07,16.77,10.1,8.5,9.6,11.42,-0.3446,-0.111,-0.1519,100.0,100.0,100.0,0.0,0.0,100.0,0,6,-17.4,12.92,-1.347,50.0,6.79,8.87,527.13,0,0.0,0.0
EMP006,2026-03-23,119,110,20,16,11,360,2,2,2,11.71,14.07,15.8,9.5,8.1,9.6,11.57,-0.3684,-0.1217,-0.1826,0.0,0.0,0.0,0.1681,0.1345,0.0,6,0,2.6,12.92,0.201,50.0,6.79,8.87,527.13,6,0.6944,180.0
EMP006,2026-03-24,138,74,27,19,17,337,1,1,1,11.0,14.21,16.17,9.83,8.3,8.73,11.52,-0.3882,-0.1039,-0.1853,0.0,0.0,0.0,0.1957,0.1377,0.0,6,0,9.6,12.92,0.743,50.0,6.79,8.87,527.13,6,0.7804,168.5
EMP006,2026-03-25,157,122,46,25,17,445,1,1,1,13.71,14.29,17.07,10.47,8.87,10.21,11.27,-0.4298,-0.1126,-0.1864,0.0,0.0,0.0,0.293,0.1592,0.0,6,0,28.6,12.92,2.214,50.0,6.79,8.87,527.13,6,0.7258,222.5
EMP006,2026-03-26,178,105,38,28,28,471,1,1,1,17.71,16.57,17.7,10.93,9.07,15.31,12.3,-0.1746,-0.0151,-0.1192,0.0,0.0,0.0,0.2135,0.1573,0.0,6,0,20.6,12.92,1.594,50.0,6.79,8.87,527.13,6,0.7771,235.5
EMP006,2026-03-27,197,158,42,45,30,567,1,1,1,19.86,17.57,18.03,11.17,9.63,16.87,12.7,0.0274,0.1644,0.0162,0.0,0.0,0.0,0.2132,0.2284,0.0,6,0,24.6,12.92,1.904,50.0,6.79,8.87,527.13,6,0.7213,283.5
EMP006,2026-03-28,67,44,15,7,7,169,1,1,1,25.86,18.64,18.6,12.3,10.13,16.2,13.36,0.23,0.3815,0.1846,19.35,43.09,30.9,0.2239,0.1045,0.0,6,0,-2.4,12.92,-0.186,50.0,6.79,8.87,527.13,6,0.7396,84.5
EMP006,2026-03-29,0,0,0,0,0,0,1,1,1,26.86,19.29,17.8,11.93,9.97,15.25,12.83,0.3475,0.3867,0.1773,100.0,100.0,100.0,0.0,0.0,100.0,0,6,-17.4,12.92,-1.347,50.0,6.79,8.87,527.13,0,0.0,0.0
EMP006,2026-03-30,136,112,34,37,24,415,2,2,2,26.86,19.29,16.77,11.57,9.3,15.25,12.97,0.3237,0.3032,0.1822,0.0,0.0,0.0,0.25,0.2721,0.0,6,0,16.6,12.92,1.285,50.0,6.79,8.87,527.13,6,0.7301,207.5
EMP006,2026-03-31,162,120,31,31,29,464,1,1,1,28.86,19.93,17.3,12.6,9.9,15.14,13.33,0.4434,0.4289,0.2543,0.0,0.0,0.0,0.1914,0.1914,0.0,6,0,13.6,12.92,1.053,50.0,6.79,8.87,527.13,6,0.7414,232.0
EMP007,2026-01-01,0,0,0,0,0,0,1,1,1,0.0,0.0,0.0,0.0,0.0,0.0,0.0,0.0,0.0,0.0,0.0,0.0,0.0,0.0,0.0,100.0,0,6,-21.99,15.97,-1.377,50.0,5.18,7.74,599.01,0,0.0,0.0
EMP007,2026-01-02,185,122,27,24,21,498,2,2,2,0.0,0.0,0.0,0.0,0.0,0.0,0.0,0.0,0.0,0.0,0.0,0.0,0.0,0.1459,0.1297,0.0,6,0,5.01,15.97,0.314,50.0,5.18,7.74,599.01,6,0.755,249.0
EMP007,2026-01-03,54,55,11,10,7,180,1,1,1,13.5,13.5,13.5,12.0,10.5,13.5,13.5,0.0,0.0,0.0,18.52,16.67,33.33,0.2037,0.1852,0.0,6,0,-10.99,15.97,-0.688,50.0,5.18,7.74,599.01,6,0.6944,90.0
EMP007,2026-01-04,0,0,0,0,0,0,1,1,1,12.67,12.67,12.67,11.33,9.33,11.09,11.09,5.5,5.0,3.5,100.0,100.0,100.0,0.0,0.0,100.0,0,6,-21.99,15.97,-1.377,50.0,5.18,7.74,599.01,0,0.0,0.0
EMP007,2026-01-05,154,87,32,18,15,369,2,2,2,9.5,9.5,9.5,8.5,7.0,11.06,11.06,-1.6,-1.4,-1.4,0.0,0.0,0.0,0.2078,0.1169,0.0,6,0,10.01,15.97,0.627,50.0,5.18,7.74,599.01,6,0.7642,184.5
EMP007,2026-01-06,161,128,30,26,15,428,1,1,1,14.0,14.0,14.0,10.4,8.6,13.37,13.37,3.7,1.2,0.9,0.0,0.0,0.0,0.1863,0.1615,0.0,6,0,8.01,15.97,0.502,50.0,5.18,7.74,599.01,6,0.7009,214.0
EMP007,2026-01-07,134,113,25,11,13,370,1,1,1,16.67,16.67,16.67,13.0,9.67,13.59,13.59,4.4,2.9143,1.4286,0.0,15.38,0.0,0.1866,0.0821,0.0,6,0,3.01,15.97,0.188,50.0,5.18,7.74,599.01,6,0.6946,185.0
EMP007,2026-01-08,148,125,35,21,10,405,1,1,1,17.86,17.86,17.86,12.71,10.14,12.91,12.91,3.6429,1.6071,1.25,0.0,0.0,1.38,0.2365,0.1419,0.0,6,0,13.01,15.97,0.815,50.0,5.18,7.74,599.01,6,0.6914,202.5
EMP007,2026-01-09,163,137,27,21,18,436,1,1,1,22.86,20.0,20.0,13.75,10.12,11.75,13.34,3.8571,1.7619,0.8214,0.0,0.0,0.0,0.1656,0.1288,0.0,6,0,5.01,15.97,0.314,50.0,5.18,7.74,599.01,6,0.6858,218.0
EMP007,2026-01-10,63,47,13,7,5,159,1,1,1,22.86,20.78,20.78,14.56,11.0,11.75,12.77,3.1667,1.7167,1.1,37.44,51.92,54.55,0.2063,0.1111,0.0,6,0,-8.99,15.97,-0.563,50.0,5.18,7.74,599.01,6,0.7044,79.5
EMP007,2026-01-11,0,0,0,0,0,0,1,1,1,23.14,20.0,20.0,13.8,10.4,11.48,12.34,1.8788,0.8364,0.4727,100.0,100.0,100.0,0.0,0.0,100.0,0,6,-21.99,15.97,-1.377,50.0,5.18,7.74,599.01,0,0.0,0.0
EMP007,2026-01-12,130,102,36,24,9,385,2,2,2,23.14,18.18,18.18,12.55,9.45,11.48,13.09,0.5,0.0,-0.1182,0.0,0.0,4.76,0.2769,0.1846,0.0,6,0,14.01,15.97,0.877,50.0,5.18,7.74,599.01,6,0.7351,192.5
EMP007,2026-01-13,178,96,38,23,13,445,1,1,1,23.71,19.67,19.67,13.5,9.42,12.0,13.47,1.0699,0.4406,-0.1084,0.0,0.0,0.0,0.2135,0.1292,0.0,6,0,16.01,15.97,1.003,50.0,5.18,7.74,599.01,6,0.7843,222.5
EMP007,2026-01-14,119,109,19,21,13,354,1,1,1,24.86,21.08,21.08,14.23,9.69,12.89,13.83,1.4451,0.6593,0.033,9.87,0.0,0.0,0.1597,0.1765,0.0,6,0,-2.99,15.97,-0.187,50.0,5.18,7.74,599.01,6,0.6921,177.0
EMP007,2026-01-15,130,92,27,14,16,344,1,1,1,24.0,20.93,20.93,14.71,9.93,13.05,13.34,1.0967,0.7209,0.1209,0.0,4.83,0.0,0.2077,0.1077,0.0,6,0,5.01,15.97,0.314,50.0,5.18,7.74,599.01,6,0.7326,172.0
EMP007,2026-01-16,123,90,22,26,15,356,1,1,1,22.86,22.86,21.33,14.67,10.33,12.37,12.98,1.0429,0.5679,0.25,0.0,0.0,0.0,0.1789,0.2114,0.0,6,0,0.01,15.97,0.001,50.0,5.18,7.74,599.01,6,0.7472,178.0
EMP007,2026-01-17,48,48,11,6,5,152,1,1,1,22.14,22.5,21.38,15.38,10.62,12.25,12.56,0.8735,0.7176,0.3088,48.55,60.99,52.92,0.2292,0.125,0.0,6,0,-10.99,15.97,-0.688,50.0,5.18,7.74,599.01,6,0.6842,76.0
EMP007,2026-01-18,0,0,0,0,0,0,1,1,1,21.86,22.5,20.76,14.82,10.29,12.48,12.43,0.5245,0.4142,0.1471,100.0,100.0,100.0,0.0,0.0,100.0,0,6,-21.99,15.97,-1.377,50.0,5.18,7.74,599.01,0,0.0,0.0
EMP007,2026-01-19,136,141,29,21,11,399,2,2,2,21.86,22.5,19.61,14.0,9.72,12.48,12.98,0.0774,0.0888,-0.0568,0.0,0.0,0.0,0.2132,0.1544,0.0,6,0,7.01,15.97,0.439,50.0,5.18,7.74,599.01,6,0.6466,199.5
EMP007,2026-01-20,150,134,23,15,18,429,1,1,1,20.86,22.29,20.11,14.37,9.79,11.56,12.81,0.214,0.186,-0.0281,0.0,0.0,0.0,0.1533,0.1,0.0,6,0,1.01,15.97,0.063,50.0,5.18,7.74,599.01,6,0.6876,214.5
EMP007,2026-01-21,171,90,25,17,13,389,1,1,1,18.71,21.79,20.25,14.4,10.2,9.36,12.5,0.2248,0.1684,0.0932,0.0,0.0,0.0,0.1462,0.0994,0.0,6,0,3.01,15.97,0.188,50.0,5.18,7.74,599.01,6,0.7686,194.5
EMP007,2026-01-22,148,129,18,24,15,400,1,1,1,19.57,21.79,20.48,14.52,10.33,9.62,12.24,0.2558,0.1792,0.1169,12.11,0.0,0.0,0.1216,0.1622,0.0,6,0,-3.99,15.97,-0.25,50.0,5.18,7.74,599.01,6,0.6775,200.0
EMP007,2026-01-23,170,122,32,17,15,442,1,1,1,18.29,20.57,20.36,14.95,10.55,9.13,11.97,0.1931,0.2682,0.157,0.0,0.0,0.0,0.1882,0.1,0.0,6,0,10.01,15.97,0.627,50.0,5.18,7.74,599.01,6,0.724,221.0
EMP007,2026-01-24,55,41,13,7,5,144,1,1,1,19.71,20.93,20.87,15.04,10.74,10.31,11.95,0.2955,0.2569,0.1858,37.71,53.46,53.45,0.2364,0.1273,0.0,6,0,-8.99,15.97,-0.563,50.0,5.18,7.74,599.01,6,0.7153,72.0
EMP007,2026-01-25,0,0,0,0,0,0,1,1,1,20.0,20.93,20.54,14.71,10.5,10.09,11.8,0.1813,0.1457,0.1061,100.0,100.0,100.0,0.0,0.0,100.0,0,6,-21.99,15.97,-1.377,50.0,5.18,7.74,599.01,0,0.0,0.0
EMP007,2026-01-26,0,0,0,0,0,0,2,2,2,20.0,20.93,19.72,14.12,10.08,10.09,12.24,-0.0292,-0.0069,-0.0031,100.0,100.0,100.0,0.0,0.0,100.0,0,6,-21.99,15.97,-1.377,50.0,5.18,7.74,599.01,0,0.0,0.0
EMP007,2026-01-27,146,120,35,22,11,401,3,3,3,15.86,18.36,18.96,13.58,9.69,11.41,12.59,-0.1945,-0.1268,-0.0889,0.0,0.0,0.0,0.2397,0.1507,0.0,6,0,13.01,15.97,0.815,50.0,5.18,7.74,599.01,6,0.7007,200.5
EMP007,2026-01-28,129,102,25,20,10,364,1,1,1,17.57,18.14,19.56,13.89,9.74,13.12,12.72,-0.0464,-0.0464,-0.069,0.0,0.0,0.0,0.1938,0.155,0.0,6,0,3.01,15.97,0.188,50.0,5.18,7.74,599.01,6,0.7198,182.0
EMP007,2026-01-29,177,130,58,19,13,477,1,1,1,17.57,18.57,19.75,14.11,9.75,13.12,12.53,-0.0014,0.0036,-0.0599,0.0,0.0,0.0,0.3277,0.1073,0.0,6,0,36.01,15.97,2.255,50.0,5.18,7.74,599.01,6,0.7275,238.5
EMP007,2026-01-30,121,67,26,9,8,280,1,1,1,23.29,20.79,21.07,14.28,9.86,19.31,14.15,0.2626,0.0369,-0.0315,0.0,36.97,18.86,0.2149,0.0744,0.0,6,0,4.01,15.97,0.251,50.0,5.18,7.74,599.01,6,0.7607,140.0
EMP007,2026-01-31,73,50,14,8,5,182,1,1,1,22.43,21.07,21.23,14.1,9.8,19.04,13.94,0.269,-0.0007,-0.0405,34.06,43.26,48.98,0.1918,0.1096,0.0,6,0,-7.99,15.97,-0.5,50.0,5.18,7.74,599.01,6,0.7253,91.0
EMP007,2026-02-01,0,0,0,0,0,0,1,1,1,22.57,21.29,21.7,14.37,9.97,18.97,13.45,0.0759,-0.1373,-0.139,100.0,100.0,100.0,0.0,0.0,100.0,0,6,-21.99,15.97,-1.377,50.0,5.18,7.74,599.01,0,0.0,0.0
EMP007,2026-02-02,192,125,39,16,16,491,2,2,2,22.57,21.29,20.8,13.57,9.27,18.97,13.96,-0.0276,-0.1635,-0.1273,0.0,0.0,0.0,0.2031,0.0833,0.0,6,0,17.01,15.97,1.065,50.0,5.18,7.74,599.01,6,0.7454,245.5
EMP007,2026-02-03,166,130,47,19,25,467,1,1,1,28.14,22.0,21.73,13.77,9.57,17.17,14.21,0.0222,-0.1724,-0.0994,0.0,0.0,0.0,0.2831,0.1145,0.0,6,0,25.01,15.97,1.566,50.0,5.18,7.74,599.01,6,0.7216,233.5
EMP007,2026-02-04,156,113,24,12,14,390,1,1,1,29.86,23.71,23.3,14.4,10.4,18.33,14.32,0.0354,-0.2336,-0.0659,0.0,16.67,0.0,0.1538,0.0769,0.0,6,0,2.01,15.97,0.126,50.0,5.18,7.74,599.01,6,0.7103,195.0
EMP007,2026-02-05,191,112,32,18,12,432,1,1,1,29.71,23.64,23.03,14.2,10.37,18.37,14.23,0.0999,-0.2242,-0.0109,0.0,0.0,0.0,0.1675,0.0942,0.0,6,0,10.01,15.97,0.627,50.0,5.18,7.74,599.01,6,0.7407,216.0
EMP007,2026-02-06,178,102,36,16,17,446,1,1,1,26.0,24.64,23.1,13.93,10.27,14.49,14.26,0.2058,-0.1184,0.0316,0.0,0.0,0.0,0.2022,0.0899,0.0,6,0,14.01,15.97,0.877,50.0,5.18,7.74,599.01,6,0.7713,223.0
EMP007,2026-02-07,45,55,9,5,5,149,1,1,1,27.43,24.93,23.47,14.1,10.4,14.91,14.45,0.3021,-0.1253,0.0939,61.65,64.54,51.92,0.2,0.1111,0.0,6,0,-12.99,15.97,-0.813,50.0,5.18,7.74,599.01,6,0.6309,74.5
EMP007,2026-02-08,0,0,0,0,0,0,1,1,1,26.71,24.64,22.6,13.57,10.23,15.64,14.51,0.2883,-0.1364,0.0563,100.0,100.0,100.0,0.0,0.0,100.0,0,6,-21.99,15.97,-1.377,50.0,5.18,7.74,599.01,0,0.0,0.0
EMP007,2026-02-09,80,58,16,5,5,193,2,2,2,26.71,24.64,21.7,12.87,9.63,15.64,15.04,0.1729,-0.1726,0.0438,26.27,61.15,48.08,0.2,0.0625,0.0,6,0,-5.99,15.97,-0.375,50.0,5.18,7.74,599.01,6,0.6995,96.5
EMP007,2026-02-10,129,146,42,19,13,403,1,1,1,23.43,25.79,21.8,12.8,9.63,15.12,14.99,0.0761,-0.2638,-0.018,0.0,0.0,0.0,0.3256,0.1473,0.0,6,0,20.01,15.97,1.253,50.0,5.18,7.74,599.01,6,0.6377,201.5
EMP007,2026-02-11,121,97,23,21,11,370,1,1,1,22.71,26.29,23.2,13.43,10.07,14.07,14.85,0.0561,-0.3121,-0.0627,0.86,0.0,0.0,0.1901,0.1736,0.0,6,0,1.01,15.97,0.063,50.0,5.18,7.74,599.01,6,0.7378,185.0
EMP007,2026-02-12,119,95,20,16,11,351,1,1,1,22.57,26.14,22.77,13.33,10.13,14.06,14.66,0.143,-0.1904,-0.0641,12.17,0.0,0.0,0.1681,0.1345,0.0,6,0,-1.99,15.97,-0.125,50.0,5.18,7.74,599.01,6,0.7293,175.5
EMP007,2026-02-13,141,121,18,19,18,408,1,1,1,20.86,23.43,22.17,13.1,10.07,13.53,14.39,0.2303,-0.1066,-0.0387,18.81,0.0,0.0,0.1277,0.1348,0.0,6,0,-3.99,15.97,-0.25,50.0,5.18,7.74,599.01,6,0.7034,204.0
EMP007,2026-02-14,65,42,10,4,6,158,1,1,1,18.29,22.86,22.13,13.03,10.23,12.03,14.39,0.1815,-0.014,0.0327,54.81,69.3,41.35,0.1538,0.0615,0.0,6,0,-11.99,15.97,-0.751,50.0,5.18,7.74,599.01,6,0.7342,79.0
EMP007,2026-02-15,0,0,0,0,0,0,1,1,1,18.43,22.57,21.57,12.7,9.9,11.93,14.53,0.1368,-0.0656,0.0452,100.0,100.0,100.0,0.0,0.0,100.0,0,6,-21.99,15.97,-1.377,50.0,5.18,7.74,599.01,0,0.0,0.0
EMP007,2026-02-16,145,117,34,18,15,403,2,2,2,18.43,22.57,20.83,11.83,9.4,11.93,15.03,0.0007,-0.0558,0.0165,0.0,0.0,0.0,0.2345,0.1241,0.0,6,0,12.01,15.97,0.752,50.0,5.18,7.74,599.01,6,0.7097,201.5
EMP007,2026-02-17,148,124,23,21,17,437,1,1,1,21.0,22.21,21.6,12.23,9.73,13.02,15.1,0.0178,-0.0563,0.0222,0.0,0.0,0.0,0.1554,0.1419,0.0,6,0,1.01,15.97,0.063,50.0,5.18,7.74,599.01,6,0.7162,218.5
EMP007,2026-02-18,128,114,31,19,13,374,1,1,1,18.29,20.5,22.37,12.93,10.3,9.98,14.55,-0.1221,-0.0841,0.002,0.0,0.0,0.0,0.2422,0.1484,0.0,6,0,9.01,15.97,0.564,50.0,5.18,7.74,599.01,6,0.6952,187.0
EMP007,2026-02-19,135,91,25,20,10,349,1,1,1,19.43,21.0,22.43,12.87,10.37,10.87,14.59,-0.0207,0.0107,0.0242,0.0,0.0,3.57,0.1852,0.1481,0.0,6,0,3.01,15.97,0.188,50.0,5.18,7.74,599.01,6,0.7393,174.5
EMP007,2026-02-20,177,101,26,18,10,426,1,1,1,20.14,20.5,22.5,13.03,10.1,11.05,14.6,-0.0002,0.0714,0.0745,0.0,0.0,0.99,0.1469,0.1017,0.0,6,0,4.01,15.97,0.251,50.0,5.18,7.74,599.01,6,0.7629,213.0
EMP007,2026-02-21,4,2,0,0,0,7,1,1,1,21.29,19.79,22.53,13.07,10.0,11.18,14.6,0.0396,0.1308,0.0939,100.0,100.0,100.0,0.0,0.0,50.0,3,3,-21.99,15.97,-1.377,50.0,5.18,7.74,599.01,3,0.7143,3.5
EMP007,2026-02-22,0,0,0,0,0,0,2,2,2,19.86,19.14,21.93,12.27,9.5,13.02,15.14,-0.137,0.1219,0.0638,100.0,100.0,100.0,0.0,0.0,100.0,0,6,-21.99,15.97,-1.377,50.0,5.18,7.74,599.01,0,0.0,0.0
EMP007,2026-02-23,132,117,31,26,10,399,3,3,3,19.86,19.14,20.87,11.7,9.0,13.02,15.51,-0.2091,0.0754,0.0405,0.0,0.0,0.0,0.2348,0.197,0.0,6,0,9.01,15.97,0.564,50.0,5.18,7.74,599.01,6,0.7068,199.5
EMP007,2026-02-24,137,134,33,29,15,464,1,1,1,19.43,20.21,21.47,12.33,9.17,12.59,15.55,-0.198,0.1353,0.0194,0.0,0.0,0.0,0.2409,0.2117,0.0,6,0,11.01,15.97,0.689,50.0,5.18,7.74,599.01,6,0.7112,232.0
EMP007,2026-02-25,128,81,21,23,13,339,1,1,1,20.86,19.57,22.57,13.3,9.67,13.45,15.15,-0.2716,0.1577,-0.0062,6.96,0.0,0.0,0.1641,0.1797,0.0,6,0,-0.99,15.97,-0.062,50.0,5.18,7.74,599.01,6,0.7611,169.5
EMP007,2026-02-26,187,113,37,20,15,463,1,1,1,19.43,19.43,23.27,14.07,10.1,12.82,14.56,-0.4374,0.1286,-0.0514,0.0,0.0,0.0,0.1979,0.107,0.0,6,0,15.01,15.97,0.94,50.0,5.18,7.74,599.01,6,0.7559,231.5
EMP007,2026-02-27,106,63,22,12,8,253,1,1,1,21.14,20.64,23.33,14.0,10.23,14.18,14.62,-0.2679,0.2216,-0.0136,5.7,14.29,21.8,0.2075,0.1132,0.0,6,0,0.01,15.97,0.001,50.0,5.18,7.74,599.01,6,0.751,126.5
EMP007,2026-02-28,63,50,20,10,7,183,1,1,1,20.57,20.93,23.23,13.73,10.17,14.05,14.62,-0.265,0.2501,-0.0296,13.9,27.17,31.17,0.3175,0.1587,0.0,6,0,-1.99,15.97,-0.125,50.0,5.18,7.74,599.01,6,0.7268,91.5
EMP007,2026-03-01,0,0,0,0,0,0,1,1,1,23.43,21.64,21.97,13.43,9.97,11.35,13.12,-0.0461,0.2623,-0.0305,100.0,100.0,100.0,0.0,0.0,100.0,0,6,-21.99,15.97,-1.377,50.0,5.18,7.74,599.01,0,0.0,0.0
EMP007,2026-03-02,0,0,0,0,0,0,2,2,2,23.43,21.64,21.1,13.13,9.7,11.35,13.68,-0.16,0.1451,-0.1083,100.0,100.0,100.0,0.0,0.0,100.0,0,6,-21.99,15.97,-1.377,50.0,5.18,7.74,599.01,0,0.0,0.0
EMP007,2026-03-03,138,146,38,19,17,481,3,3,3,19.0,19.21,20.63,12.87,9.53,13.4,14.14,-0.3451,0.0249,-0.2033,0.0,0.0,0.0,0.2754,0.1377,0.0,6,0,16.01,15.97,1.003,50.0,5.18,7.74,599.01,6,0.6965,240.5
EMP007,2026-03-04,157,105,28,18,13,393,1,1,1,19.71,20.29,21.9,13.5,10.1,14.23,13.94,-0.3753,-0.0242,-0.2209,0.0,0.0,0.0,0.1783,0.1146,0.0,6,0,6.01,15.97,0.376,50.0,5.18,7.74,599.01,6,0.7328,196.5
EMP007,2026-03-05,126,86,37,13,15,376,1,1,1,20.71,20.07,21.53,13.57,10.0,14.53,13.62,-0.218,0.022,-0.1615,0.0,4.2,0.0,0.2937,0.1032,0.0,6,0,15.01,15.97,0.94,50.0,5.18,7.74,599.01,6,0.7713,188.0
EMP007,2026-03-06,102,104,20,13,13,334,1,1,1,20.71,20.93,21.2,13.37,9.67,14.53,13.11,0.0574,0.0558,-0.0258,5.66,2.77,0.0,0.1961,0.1275,0.0,6,0,-1.99,15.97,-0.125,50.0,5.18,7.74,599.01,6,0.6886,167.0
EMP007,2026-03-07,39,43,8,8,3,124,1,1,1,20.43,20.5,21.07,13.4,9.63,14.52,13.1,0.069,0.044,0.0256,62.03,40.3,68.85,0.2051,0.2051,0.0,6,0,-13.99,15.97,-0.876,50.0,5.18,7.74,599.01,6,0.6532,62.0
EMP007,2026-03-08,0,0,0,0,0,0,1,1,1,18.71,21.07,20.27,13.07,9.33,15.16,13.14,0.0601,0.0409,-0.0009,100.0,100.0,100.0,0.0,0.0,100.0,0,6,-21.99,15.97,-1.377,50.0,5.18,7.74,599.01,0,0.0,0.0
EMP007,2026-03-09,170,78,21,22,11,374,2,2,2,18.71,21.07,19.07,12.53,8.77,15.16,13.29,0.0378,-0.0231,-0.0082,0.0,0.0,0.0,0.1235,0.1294,0.0,6,0,-0.99,15.97,-0.062,50.0,5.18,7.74,599.01,6,0.7914,187.0
EMP007,2026-03-10,167,136,25,25,13,457,1,1,1,21.71,20.36,19.47,13.1,8.97,13.1,13.16,-0.0191,-0.014,-0.0198,0.0,0.0,0.0,0.1497,0.1497,0.0,6,0,3.01,15.97,0.188,50.0,5.18,7.74,599.01,6,0.7024,228.5
EMP007,2026-03-11,166,79,26,20,16,384,1,1,1,19.86,19.79,20.3,13.93,9.4,11.48,12.69,-0.1177,-0.0276,-0.0556,0.0,0.0,0.0,0.1566,0.1205,0.0,6,0,4.01,15.97,0.251,50.0,5.18,7.74,599.01,6,0.7943,192.0
EMP007,2026-03-12,10,7,2,1,1,26,1,1,1,19.57,20.14,20.63,14.43,9.77,11.3,12.7,-0.1106,-0.0501,-0.0434,90.31,93.07,89.76,0.2,0.1,0.0,6,0,-19.99,15.97,-1.252,50.0,5.18,7.74,599.01,6,0.7308,13.0
EMP007,2026-03-13,153,123,24,21,12,401,1,1,1,14.57,17.64,19.3,13.83,9.37,10.17,12.49,-0.0834,-0.1052,-0.0776,0.0,0.0,0.0,0.1569,0.1373,0.0,6,0,2.01,15.97,0.126,50.0,5.18,7.74,599.01,6,0.6933,200.5
EMP007,2026-03-14,54,43,10,6,5,143,1,1,1,15.14,17.79,19.33,13.83,9.4,10.56,12.5,-0.0276,-0.0096,-0.0494,48.27,56.62,46.81,0.1852,0.1111,0.0,6,0,-11.99,15.97,-0.751,50.0,5.18,7.74,599.01,6,0.6993,71.5
EMP007,2026-03-15,0,0,0,0,0,0,1,1,1,15.43,17.07,19.0,13.5,9.2,10.39,12.61,-0.0832,-0.0452,-0.0667,100.0,100.0,100.0,0.0,0.0,100.0,0,6,-21.99,15.97,-1.377,50.0,5.18,7.74,599.01,0,0.0,0.0
EMP007,2026-03-16,185,111,32,19,15,443,2,2,2,15.43,17.07,18.4,12.87,8.6,10.39,13.06,-0.2127,-0.0943,-0.0654,0.0,0.0,0.0,0.173,0.1027,0.0,6,0,10.01,15.97,0.627,50.0,5.18,7.74,599.01,6,0.7494,221.5
EMP007,2026-03-17,170,129,27,14,17,427,1,1,1,17.0,19.36,19.13,13.37,8.9,11.84,13.19,-0.1829,-0.1159,-0.042,0.0,0.0,0.0,0.1588,0.0824,0.0,6,0,5.01,15.97,0.314,50.0,5.18,7.74,599.01,6,0.6979,213.5
EMP007,2026-03-18,147,121,31,18,9,426,1,1,1,17.29,18.57,20.03,13.83,9.47,12.06,12.76,-0.2641,-0.204,-0.0512,0.0,0.0,4.96,0.2109,0.1224,0.0,6,0,9.01,15.97,0.564,50.0,5.18,7.74,599.01,6,0.716,213.0
EMP007,2026-03-19,0,0,0,0,0,0,1,1,1,18.0,18.79,19.93,13.83,9.27,12.68,12.66,-0.097,-0.1484,-0.016,100.0,100.0,100.0,0.0,0.0,100.0,0,6,-21.99,15.97,-1.377,50.0,5.18,7.74,599.01,0,0.0,0.0
EMP007,2026-03-20,139,88,18,21,13,344,2,2,2,17.71,16.14,19.17,13.13,8.7,13.06,13.14,-0.2044,-0.1882,-0.0225,6.1,0.0,0.0,0.1295,0.1511,0.0,6,0,-3.99,15.97,-0.25,50.0,5.18,7.74,599.01,6,0.7442,172.0
EMP007,2026-03-21,50,42,9,5,6,138,1,1,1,16.86,16.0,18.73,13.2,8.7,12.81,12.96,-0.1304,-0.097,0.0349,51.95,62.12,31.03,0.18,0.1,0.0,6,0,-12.99,15.97,-0.813,50.0,5.18,7.74,599.01,6,0.6957,69.0
EMP007,2026-03-22,0,0,0,0,0,0,1,1,1,16.71,16.07,18.2,12.7,8.57,12.89,13.02,-0.1499,-0.103,0.0265,100.0,100.0,100.0,0.0,0.0,100.0,0,6,-21.99,15.97,-1.377,50.0,5.18,7.74,599.01,0,0.0,0.0
EMP007,2026-03-23,134,82,39,16,17,367,2,2,2,16.71,16.07,17.33,12.1,8.23,12.89,13.33,-0.2136,-0.1484,-0.0189,0.0,0.0,0.0,0.291,0.1194,0.0,6,0,17.01,15.97,1.065,50.0,5.18,7.74,599.01,6,0.7766,183.5
EMP007,2026-03-24,179,119,31,21,13,451,1,1,1,17.71,17.36,18.63,12.63,8.8,14.24,13.48,-0.1933,-0.2067,-0.0191,0.0,0.0,0.0,0.1732,0.1173,0.0,6,0,9.01,15.97,0.564,50.0,5.18,7.74,599.01,6,0.7361,225.5
EMP007,2026-03-25,209,167,33,26,20,538,1,1,1,18.29,17.79,19.67,13.33,9.23,14.67,13.2,-0.242,-0.2398,-0.0527,0.0,0.0,0.0,0.1579,0.1244,0.0,6,0,11.01,15.97,0.689,50.0,5.18,7.74,599.01,6,0.6896,269.0
EMP007,2026-03-26,208,144,56,35,23,544,1,1,1,18.57,18.29,19.73,13.33,9.57,14.94,13.26,-0.0779,-0.0707,0.022,0.0,0.0,0.0,0.2692,0.1683,0.0,6,0,34.01,15.97,2.13,50.0,5.18,7.74,599.01,6,0.7353,272.0
EMP007,2026-03-27,189,157,83,24,19,587,1,1,1,26.57,22.14,20.5,13.53,9.83,17.61,14.6,0.2476,0.1771,0.1462,0.0,0.0,0.0,0.4392,0.127,0.0,6,0,61.01,15.97,3.82,50.0,5.18,7.74,599.01,6,0.7325,293.5
EMP007,2026-03-28,78,58,17,9,13,213,1,1,1,35.86,26.36,22.57,13.57,10.03,25.85,18.41,0.6543,0.3099,0.2271,24.68,33.68,0.0,0.2179,0.1154,0.0,6,0,-4.99,15.97,-0.312,50.0,5.18,7.74,599.01,6,0.7277,106.5
EMP007,2026-03-29,0,0,0,0,0,0,1,1,1,37.0,26.86,21.9,13.2,9.97,24.79,18.24,0.7179,0.3248,0.2805,100.0,100.0,100.0,0.0,0.0,100.0,0,6,-21.99,15.97,-1.377,50.0,5.18,7.74,599.01,0,0.0,0.0
EMP007,2026-03-30,165,151,58,28,32,557,2,2,2,37.0,26.86,21.17,12.8,9.7,24.79,18.66,0.5773,0.2314,0.2027,0.0,0.0,0.0,0.3515,0.1697,0.0,6,0,36.01,15.97,2.255,50.0,5.18,7.74,599.01,6,0.7289,278.5
EMP007,2026-03-31,171,147,36,45,18,558,1,1,1,39.71,28.71,22.43,13.4,10.53,25.88,19.79,0.8069,0.3101,0.3279,0.0,0.0,0.0,0.2105,0.2632,0.0,6,0,14.01,15.97,0.877,50.0,5.18,7.74,599.01,6,0.7366,279.0
EMP008,2026-01-01,0,0,0,0,0,0,1,1,1,0.0,0.0,0.0,0.0,0.0,0.0,0.0,0.0,0.0,0.0,0.0,0.0,0.0,0.0,0.0,100.0,0,6,-17.59,13.74,-1.28,50.0,8.76,10.06,501.1,0,0.0,0.0
EMP008,2026-01-02,180,100,18,18,19,406,2,2,2,0.0,0.0,0.0,0.0,0.0,0.0,0.0,0.0,0.0,0.0,0.0,0.0,0.0,0.1,0.1,0.0,6,0,0.41,13.74,0.03,50.0,8.76,10.06,501.1,6,0.7537,203.0
EMP008,2026-01-03,60,33,13,5,6,155,1,1,1,9.0,9.0,9.0,9.0,9.5,9.0,9.0,0.0,0.0,0.0,0.0,44.44,36.84,0.2167,0.0833,0.0,6,0,-4.59,13.74,-0.334,50.0,8.76,10.06,501.1,6,0.7871,77.5
EMP008,2026-01-04,0,0,0,0,0,0,1,1,1,10.33,10.33,10.33,7.67,8.33,7.59,7.59,6.5,2.5,3.0,100.0,100.0,100.0,0.0,0.0,100.0,0,6,-17.59,13.74,-1.28,50.0,8.76,10.06,501.1,0,0.0,0.0
EMP008,2026-01-05,117,89,18,13,11,325,2,2,2,7.75,7.75,7.75,5.75,6.25,7.95,7.95,-0.5,-1.3,-1.3,0.0,0.0,0.0,0.1538,0.1111,0.0,6,0,0.41,13.74,0.03,50.0,8.76,10.06,501.1,6,0.7262,162.5
EMP008,2026-01-06,144,113,28,14,10,396,1,1,1,9.8,9.8,9.8,7.2,7.2,8.21,8.21,1.8,0.8,0.3,0.0,0.0,0.0,0.1944,0.0972,0.0,6,0,10.41,13.74,0.758,50.0,8.76,10.06,501.1,6,0.7146,198.0
EMP008,2026-01-07,115,91,17,15,14,334,1,1,1,12.83,12.83,12.83,8.33,7.67,10.11,10.11,3.6286,1.4286,0.5714,0.0,0.0,0.0,0.1478,0.1304,0.0,6,0,-0.59,13.74,-0.043,50.0,8.76,10.06,501.1,6,0.7275,167.0
EMP008,2026-01-08,101,76,18,13,9,281,1,1,1,13.43,13.43,13.43,9.29,8.57,9.47,9.47,2.7143,1.6071,1.0357,0.0,0.0,0.0,0.1782,0.1287,0.0,6,0,0.41,13.74,0.03,50.0,8.76,10.06,501.1,6,0.7295,140.5
EMP008,2026-01-09,75,75,14,8,10,226,1,1,1,16.0,14.0,14.0,9.75,8.62,7.76,8.99,2.1905,1.381,0.7262,0.0,17.95,0.0,0.1867,0.1067,0.0,6,0,-3.59,13.74,-0.261,50.0,8.76,10.06,501.1,6,0.6681,113.0
EMP008,2026-01-10,5,3,0,0,0,10,1,1,1,15.43,14.0,14.0,9.56,8.78,7.74,8.47,1.5333,0.85,0.6,100.0,100.0,100.0,0.0,0.0,50.0,3,3,-17.59,13.74,-1.28,50.0,8.76,10.06,501.1,3,0.7,5.0
EMP008,2026-01-11,0,0,0,0,0,0,2,2,2,13.57,12.6,12.6,8.6,7.9,9.47,9.07,0.3515,0.097,-0.0424,100.0,100.0,100.0,0.0,0.0,100.0,0,6,-17.59,13.74,-1.28,50.0,8.76,10.06,501.1,0,0.0,0.0
EMP008,2026-01-12,0,0,0,0,0,0,3,3,3,13.57,11.45,11.45,7.82,7.18,9.47,9.37,-0.3091,-0.3182,-0.3909,100.0,100.0,100.0,0.0,0.0,100.0,0,6,-17.59,13.74,-1.28,50.0,8.76,10.06,501.1,0,0.0,0.0
EMP008,2026-01-13,143,117,19,13,10,398,4,4,4,11.0,10.5,10.5,7.17,6.58,10.32,9.52,-0.6783,-0.5455,-0.5769,0.0,0.0,0.0,0.1329,0.0909,0.0,6,0,1.41,13.74,0.103,50.0,8.76,10.06,501.1,6,0.706,199.0
EMP008,2026-01-14,9,6,1,0,0,21,1,1,1,9.71,11.15,11.15,7.62,6.85,8.53,9.42,-0.2527,-0.2363,-0.3407,91.03,100.0,100.0,0.1111,0.0,33.33,4,2,-16.59,13.74,-1.207,50.0,8.76,10.06,501.1,4,0.7143,10.5
EMP008,2026-01-15,126,89,14,19,15,312,1,2,2,7.43,10.43,10.43,7.07,6.36,8.42,9.45,-0.4923,-0.4066,-0.4681,0.0,0.0,0.0,0.1111,0.1508,0.0,6,0,-3.59,13.74,-0.261,50.0,8.76,10.06,501.1,6,0.7147,156.0
EMP008,2026-01-16,159,82,30,24,16,411,1,1,1,6.86,11.43,10.67,7.87,6.93,7.79,9.17,-0.3107,-0.0321,-0.1643,0.0,0.0,0.0,0.1887,0.1509,0.0,6,0,12.41,13.74,0.903,50.0,8.76,10.06,501.1,6,0.8005,205.5
EMP008,2026-01-17,43,30,12,4,4,111,1,1,1,9.14,12.29,11.88,8.88,7.5,11.17,10.04,0.1706,0.3294,0.0647,0.0,54.95,46.67,0.2791,0.093,0.0,6,0,-5.59,13.74,-0.407,50.0,8.76,10.06,501.1,6,0.7297,55.5
EMP008,2026-01-18,0,0,0,0,0,0,1,1,1,10.86,12.21,11.88,8.59,7.29,10.53,9.74,0.1446,0.1789,-0.0147,100.0,100.0,100.0,0.0,0.0,100.0,0,6,-17.59,13.74,-1.28,50.0,8.76,10.06,501.1,0,0.0,0.0
EMP008,2026-01-19,97,95,21,11,8,285,2,2,2,10.86,12.21,11.22,8.11,6.89,10.53,9.85,-0.0867,0.0,-0.1404,0.0,0.0,0.0,0.2165,0.1134,0.0,6,0,3.41,13.74,0.248,50.0,8.76,10.06,501.1,6,0.6667,142.5
EMP008,2026-01-20,141,133,23,11,11,404,1,1,1,13.86,12.43,11.74,8.26,6.95,9.99,9.83,0.0807,0.0456,-0.1018,0.0,0.0,0.0,0.1631,0.078,0.0,6,0,5.41,13.74,0.394,50.0,8.76,10.06,501.1,6,0.6708,202.0
EMP008,2026-01-21,149,76,23,19,14,343,1,1,1,14.43,12.07,12.3,8.4,7.15,10.38,9.89,0.2301,0.0782,-0.0293,0.0,0.0,0.0,0.1544,0.1275,0.0,6,0,5.41,13.74,0.394,50.0,8.76,10.06,501.1,6,0.7784,171.5
EMP008,2026-01-22,75,64,22,10,7,227,1,1,1,17.57,12.5,12.81,8.9,7.48,9.08,9.92,0.3377,0.2052,0.0636,0.0,0.0,6.42,0.2933,0.1333,0.0,6,0,4.41,13.74,0.321,50.0,8.76,10.06,501.1,6,0.7181,113.5
EMP008,2026-01-23,0,0,0,0,0,0,1,1,1,18.71,12.79,13.23,8.95,7.45,9.07,9.88,0.4026,0.1914,0.0497,100.0,100.0,100.0,0.0,0.0,100.0,0,6,-17.59,13.74,-1.28,50.0,8.76,10.06,501.1,0,0.0,0.0
EMP008,2026-01-24,53,32,6,5,3,129,2,2,2,14.43,11.79,12.65,8.57,7.13,9.78,10.03,0.2085,0.0702,-0.0375,52.57,41.66,57.92,0.1132,0.0943,0.0,6,0,-11.59,13.74,-0.844,50.0,8.76,10.06,501.1,6,0.7519,64.5
EMP008,2026-01-25,0,0,0,0,0,0,1,1,1,13.57,12.21,12.38,8.42,6.96,10.21,9.91,0.117,0.0261,-0.0743,100.0,100.0,100.0,0.0,0.0,100.0,0,6,-17.59,13.74,-1.28,50.0,8.76,10.06,501.1,0,0.0,0.0
EMP008,2026-01-26,0,0,0,0,0,0,2,2,2,13.57,12.21,11.88,8.08,6.68,10.21,10.01,-0.0108,-0.0546,-0.13,100.0,100.0,100.0,0.0,0.0,100.0,0,6,-17.59,13.74,-1.28,50.0,8.76,10.06,501.1,0,0.0,0.0
EMP008,2026-01-27,132,133,17,23,11,426,3,3,3,10.57,12.21,11.42,7.77,6.42,10.66,10.07,-0.1111,-0.1176,-0.1726,0.0,0.0,0.0,0.1288,0.1742,0.0,6,0,-0.59,13.74,-0.043,50.0,8.76,10.06,501.1,6,0.6878,213.0
EMP008,2026-01-28,130,78,17,18,14,324,1,1,1,9.71,12.07,11.63,8.33,6.59,9.84,9.94,-0.0549,0.0159,-0.1178,0.0,0.0,0.0,0.1308,0.1385,0.0,6,0,-0.59,13.74,-0.043,50.0,8.76,10.06,501.1,6,0.7593,162.0
EMP008,2026-01-29,148,111,32,12,14,408,1,1,1,8.86,13.21,11.82,8.68,6.86,8.85,9.81,-0.0096,0.0857,-0.0509,0.0,0.0,0.0,0.2162,0.0811,0.0,6,0,14.41,13.74,1.049,50.0,8.76,10.06,501.1,6,0.7279,204.0
EMP008,2026-01-30,177,139,36,24,10,451,1,1,1,10.29,14.5,12.52,8.79,7.1,11.32,10.32,0.1305,0.1,0.0034,0.0,0.0,0.0,0.2034,0.1356,0.0,6,0,18.41,13.74,1.34,50.0,8.76,10.06,501.1,6,0.6918,225.5
EMP008,2026-01-31,61,42,7,7,4,144,1,1,1,15.43,14.93,13.3,9.3,7.2,13.46,10.99,0.2694,0.1884,0.0218,47.37,24.73,44.44,0.1148,0.1148,0.0,6,0,-10.59,13.74,-0.771,50.0,8.76,10.06,501.1,6,0.7083,72.0
EMP008,2026-02-01,0,0,0,0,0,0,1,1,1,15.57,14.57,13.53,9.53,7.33,13.36,10.78,0.137,0.1095,-0.0485,100.0,100.0,100.0,0.0,0.0,100.0,0,6,-17.59,13.74,-1.28,50.0,8.76,10.06,501.1,0,0.0,0.0
EMP008,2026-02-02,178,97,35,19,13,462,2,2,2,15.57,14.57,12.93,8.93,6.7,13.36,11.01,0.0805,0.1063,-0.0154,0.0,0.0,0.0,0.1966,0.1067,0.0,6,0,17.41,13.74,1.267,50.0,8.76,10.06,501.1,6,0.79,231.0
EMP008,2026-02-03,149,136,33,27,13,484,1,1,1,20.57,15.57,13.67,9.4,6.93,13.15,11.7,0.2234,0.1442,0.0205,0.0,0.0,0.0,0.2215,0.1812,0.0,6,0,15.41,13.74,1.122,50.0,8.76,10.06,501.1,6,0.719,242.0
EMP008,2026-02-04,133,74,16,12,8,318,1,1,1,22.86,16.29,14.77,10.3,7.37,13.71,11.91,0.2538,0.1929,0.0118,0.0,0.0,0.0,0.1203,0.0902,0.0,6,0,-1.59,13.74,-0.116,50.0,8.76,10.06,501.1,6,0.7673,159.0
EMP008,2026-02-05,130,85,32,18,12,330,1,1,1,22.71,15.79,14.7,10.27,7.27,13.77,11.9,0.2841,0.2225,0.0409,0.0,0.0,0.0,0.2462,0.1385,0.0,6,0,14.41,13.74,1.049,50.0,8.76,10.06,501.1,6,0.7424,165.0
EMP008,2026-02-06,136,81,24,14,16,360,1,1,1,22.71,16.5,14.83,10.4,7.33,13.77,12.07,0.4874,0.2981,0.0903,0.0,0.0,0.0,0.1765,0.1029,0.0,6,0,6.41,13.74,0.467,50.0,8.76,10.06,501.1,6,0.775,180.0
EMP008,2026-02-07,49,35,6,4,4,122,1,1,1,21.0,18.21,15.07,10.37,7.4,12.72,12.18,0.5615,0.3531,0.1922,60.19,61.43,45.95,0.1224,0.0816,0.0,6,0,-11.59,13.74,-0.844,50.0,8.76,10.06,501.1,6,0.7131,61.0
EMP008,2026-02-08,0,0,0,0,0,0,1,1,1,20.86,18.21,14.67,10.07,7.23,12.88,12.27,0.5232,0.3301,0.1813,100.0,100.0,100.0,0.0,0.0,100.0,0,6,-17.59,13.74,-1.28,50.0,8.76,10.06,501.1,0,0.0,0.0
EMP008,2026-02-09,108,89,26,13,11,306,2,2,2,20.86,18.21,14.2,9.8,6.9,12.88,12.55,0.424,0.2509,0.1537,0.0,0.0,0.0,0.2407,0.1204,0.0,6,0,8.41,13.74,0.612,50.0,8.76,10.06,501.1,6,0.7092,153.0
EMP008,2026-02-10,155,97,21,17,13,378,1,1,1,19.57,20.07,15.07,10.23,7.27,11.81,12.44,0.4022,0.204,0.1326,0.0,0.0,0.0,0.1355,0.1097,0.0,6,0,3.41,13.74,0.248,50.0,8.76,10.06,501.1,6,0.7434,189.0
EMP008,2026-02-11,111,94,26,12,11,326,1,1,1,17.86,20.36,15.77,10.8,7.7,10.53,12.16,0.3366,0.1771,0.1195,0.0,0.0,0.0,0.2342,0.1081,0.0,6,0,8.41,13.74,0.612,50.0,8.76,10.06,501.1,6,0.7117,163.0
EMP008,2026-02-12,98,87,15,16,11,305,1,1,1,19.29,21.0,16.63,11.2,8.07,10.86,11.93,0.2939,0.1103,0.0877,9.8,0.0,0.0,0.1531,0.1633,0.0,6,0,-2.59,13.74,-0.189,50.0,8.76,10.06,501.1,6,0.7148,152.5
EMP008,2026-02-13,125,100,26,13,8,339,1,1,1,16.86,19.79,16.5,11.3,8.1,9.57,11.92,0.2997,0.1537,0.1199,0.0,0.0,1.23,0.208,0.104,0.0,6,0,8.41,13.74,0.612,50.0,8.76,10.06,501.1,6,0.705,169.5
EMP008,2026-02-14,47,34,9,5,5,125,1,1,1,17.14,19.07,17.33,11.73,8.37,9.8,11.68,0.2541,0.0868,0.0634,48.07,57.37,40.26,0.1915,0.1064,0.0,6,0,-8.59,13.74,-0.625,50.0,8.76,10.06,501.1,6,0.728,62.5
EMP008,2026-02-15,0,0,0,0,0,0,1,1,1,17.57,19.21,17.17,11.27,8.03,9.36,11.76,0.1773,0.0934,0.0874,100.0,100.0,100.0,0.0,0.0,100.0,0,6,-17.59,13.74,-1.28,50.0,8.76,10.06,501.1,0,0.0,0.0
EMP008,2026-02-16,122,123,34,13,14,362,2,2,2,17.57,19.21,16.17,10.47,7.5,9.36,11.9,0.1551,0.1086,0.0905,0.0,0.0,0.0,0.2787,0.1066,0.0,6,0,16.41,13.74,1.194,50.0,8.76,10.06,501.1,6,0.6602,181.0
EMP008,2026-02-17,141,88,18,18,17,355,1,1,1,18.71,19.14,16.9,10.77,7.83,10.71,12.29,0.2414,0.0803,0.1083,0.0,0.0,0.0,0.1277,0.1277,0.0,6,0,0.41,13.74,0.03,50.0,8.76,10.06,501.1,6,0.7521,177.5
EMP008,2026-02-18,119,93,23,23,12,350,1,1,1,18.29,18.07,17.5,11.37,8.4,10.67,11.89,0.1319,0.0527,0.1135,0.0,0.0,0.0,0.1933,0.1933,0.0,6,0,5.41,13.74,0.394,50.0,8.76,10.06,501.1,6,0.7343,175.0
EMP008,2026-02-19,134,91,16,18,13,340,1,1,1,17.86,18.57,17.57,11.77,8.53,10.41,11.91,0.1915,0.1253,0.1339,8.94,0.0,0.0,0.1194,0.1343,0.0,6,0,-1.59,13.74,-0.116,50.0,8.76,10.06,501.1,6,0.7324,170.0
EMP008,2026-02-20,133,93,26,15,14,373,1,1,1,18.0,17.43,17.33,12.0,8.6,10.38,11.87,0.2189,0.1602,0.1798,0.0,0.0,0.0,0.1955,0.1128,0.0,6,0,8.41,13.74,0.612,50.0,8.76,10.06,501.1,6,0.7507,186.5
EMP008,2026-02-21,54,40,8,6,6,138,1,1,1,18.0,17.57,17.43,11.87,8.6,10.38,11.93,0.3139,0.2278,0.2518,54.1,49.45,30.23,0.1481,0.1111,0.0,6,0,-9.59,13.74,-0.698,50.0,8.76,10.06,501.1,6,0.7101,69.0
EMP008,2026-02-22,0,0,0,0,0,0,1,1,1,17.86,17.71,16.97,11.73,8.57,10.51,12.02,0.2845,0.1771,0.224,100.0,100.0,100.0,0.0,0.0,100.0,0,6,-17.59,13.74,-1.28,50.0,8.76,10.06,501.1,0,0.0,0.0
EMP008,2026-02-23,139,92,20,17,14,367,2,2,2,17.86,17.71,16.97,11.73,8.57,10.51,12.02,0.0581,0.0205,0.1097,0.0,0.0,0.0,0.1439,0.1223,0.0,6,0,2.41,13.74,0.175,50.0,8.76,10.06,501.1,6,0.7493,183.5
EMP008,2026-02-24,119,129,32,20,9,388,1,1,1,15.86,17.29,17.43,12.13,8.93,8.36,11.85,0.002,0.008,0.1063,0.0,0.0,0.0,0.2689,0.1681,0.0,6,0,14.41,13.74,1.049,50.0,8.76,10.06,501.1,6,0.6675,194.0
EMP008,2026-02-25,136,103,23,16,15,387,1,1,1,17.86,18.07,18.5,12.8,9.23,10.12,11.68,-0.0242,-0.0249,0.0452,0.0,0.0,0.0,0.1691,0.1176,0.0,6,0,5.41,13.74,0.394,50.0,8.76,10.06,501.1,6,0.7339,193.5
EMP008,2026-02-26,115,155,24,12,9,400,1,1,1,17.86,17.86,19.27,13.33,9.73,10.12,11.18,-0.1228,-0.0925,0.0187,0.0,9.98,7.5,0.2087,0.1043,0.0,6,0,6.41,13.74,0.467,50.0,8.76,10.06,501.1,6,0.6125,200.0
EMP008,2026-02-27,139,101,39,12,16,386,1,1,1,19.0,18.5,19.5,12.97,9.67,10.3,11.2,-0.1079,-0.0345,0.0227,0.0,7.48,0.0,0.2806,0.0863,0.0,6,0,21.41,13.74,1.558,50.0,8.76,10.06,501.1,6,0.7383,193.0
EMP008,2026-02-28,47,40,19,5,6,151,1,1,1,20.86,19.43,20.23,12.77,9.73,12.36,11.72,0.0007,-0.006,0.0934,6.08,60.85,38.34,0.4043,0.1064,0.0,6,0,1.41,13.74,0.103,50.0,8.76,10.06,501.1,6,0.7351,75.5
EMP008,2026-03-01,0,0,0,0,0,0,1,1,1,22.43,20.14,19.8,12.53,9.47,11.27,11.52,0.0739,-0.0614,0.0988,100.0,100.0,100.0,0.0,0.0,100.0,0,6,-17.59,13.74,-1.28,50.0,8.76,10.06,501.1,0,0.0,0.0
EMP008,2026-03-02,0,0,0,0,0,0,2,2,2,22.43,20.14,18.6,11.73,9.13,11.27,11.64,0.0578,-0.0632,0.0414,100.0,100.0,100.0,0.0,0.0,100.0,0,6,-17.59,13.74,-1.28,50.0,8.76,10.06,501.1,0,0.0,0.0
EMP008,2026-03-03,189,132,44,20,24,533,3,3,3,19.57,17.71,18.37,11.5,9.0,13.78,11.94,-0.1422,-0.1715,-0.0529,0.0,0.0,0.0,0.2328,0.1058,0.0,6,0,26.41,13.74,1.922,50.0,8.76,10.06,501.1,6,0.7523,266.5
EMP008,2026-03-04,120,88,16,11,17,343,1,1,1,21.29,19.57,19.83,12.17,9.8,15.82,12.29,-0.1034,-0.196,-0.0182,19.31,9.61,0.0,0.1333,0.0917,0.0,6,0,-1.59,13.74,-0.116,50.0,8.76,10.06,501.1,6,0.7434,171.5
EMP008,2026-03-05,111,92,33,16,9,340,1,1,1,20.29,19.07,19.2,11.9,9.93,15.9,11.98,-0.0236,-0.1564,0.0503,0.0,0.0,9.37,0.2973,0.1441,0.0,6,0,15.41,13.74,1.122,50.0,8.76,10.06,501.1,6,0.7294,170.0
EMP008,2026-03-06,113,111,18,14,9,353,1,1,1,21.57,20.29,19.2,11.53,9.8,16.5,11.98,0.1606,-0.0258,0.0654,6.25,0.0,8.16,0.1593,0.1239,0.0,6,0,0.41,13.74,0.03,50.0,8.76,10.06,501.1,6,0.6856,176.5
EMP008,2026-03-07,41,32,6,7,6,120,1,1,1,18.57,19.71,19.27,11.6,9.83,14.89,11.97,0.1308,-0.0067,0.0478,68.86,39.66,38.96,0.1463,0.1707,0.0,6,0,-11.59,13.74,-0.844,50.0,8.76,10.06,501.1,6,0.7333,60.0
EMP008,2026-03-08,0,0,0,0,0,0,1,1,1,16.71,19.57,18.4,11.23,9.63,15.52,11.95,0.133,0.0078,0.038,100.0,100.0,100.0,0.0,0.0,100.0,0,6,-17.59,13.74,-1.28,50.0,8.76,10.06,501.1,0,0.0,0.0
EMP008,2026-03-09,144,72,29,22,9,357,2,2,2,16.71,19.57,17.6,10.77,9.1,15.52,12.35,0.0529,-0.0456,0.0198,0.0,0.0,1.1,0.2014,0.1528,0.0,6,0,11.41,13.74,0.83,50.0,8.76,10.06,501.1,6,0.7983,178.5
EMP008,2026-03-10,129,105,17,23,16,368,1,1,1,20.86,20.21,18.37,11.37,9.27,14.33,12.32,0.0465,-0.0198,-0.016,7.46,0.0,0.0,0.1318,0.1783,0.0,6,0,-0.59,13.74,-0.043,50.0,8.76,10.06,501.1,6,0.7147,184.0
EMP008,2026-03-11,98,89,21,17,8,294,1,1,1,17.0,19.14,18.93,12.13,9.8,10.77,11.84,-0.089,-0.0231,-0.0365,0.0,0.0,18.37,0.2143,0.1735,0.0,6,0,3.41,13.74,0.248,50.0,8.76,10.06,501.1,6,0.6973,147.0
EMP008,2026-03-12,106,74,21,12,7,294,1,1,1,17.71,19.0,18.77,12.27,9.7,10.85,11.78,-0.0269,0.0142,-0.0398,0.0,2.2,27.84,0.1981,0.1132,0.0,6,0,3.41,13.74,0.248,50.0,8.76,10.06,501.1,6,0.7483,147.0
EMP008,2026-03-13,132,68,20,13,13,314,1,1,1,16.0,18.79,18.77,12.1,9.5,9.1,11.78,0.0029,0.0452,-0.0345,0.0,0.0,0.0,0.1515,0.0985,0.0,6,0,2.41,13.74,0.175,50.0,8.76,10.06,501.1,6,0.7834,157.0
EMP008,2026-03-14,53,41,7,4,5,139,1,1,1,16.29,17.43,18.57,12.13,9.57,9.19,11.7,0.0607,0.0503,-0.0016,62.3,67.02,47.75,0.1321,0.0755,0.0,6,0,-10.59,13.74,-0.771,50.0,8.76,10.06,501.1,6,0.705,69.5
EMP008,2026-03-15,0,0,0,0,0,0,1,1,1,16.43,16.57,18.3,11.73,9.37,9.04,11.87,-0.0385,0.0245,-0.0211,100.0,100.0,100.0,0.0,0.0,100.0,0,6,-17.59,13.74,-1.28,50.0,8.76,10.06,501.1,0,0.0,0.0
EMP008,2026-03-16,98,81,16,12,16,289,2,2,2,16.43,16.57,17.43,11.3,9.1,9.04,12.22,-0.1034,-0.0425,-0.091,8.2,0.0,0.0,0.1633,0.1224,0.0,6,0,-1.59,13.74,-0.116,50.0,8.76,10.06,501.1,6,0.7197,144.5
EMP008,2026-03-17,0,0,0,0,0,0,1,1,1,14.57,17.71,17.67,11.53,9.47,7.46,12.13,-0.1709,-0.0814,-0.0747,100.0,100.0,100.0,0.0,0.0,100.0,0,6,-17.59,13.74,-1.28,50.0,8.76,10.06,501.1,0,0.0,0.0
EMP008,2026-03-18,103,92,25,20,9,309,2,2,2,12.14,14.57,17.67,11.53,9.47,8.9,12.13,-0.4067,-0.2354,-0.2011,0.0,0.0,4.96,0.2427,0.1942,0.0,6,0,7.41,13.74,0.539,50.0,8.76,10.06,501.1,6,0.7023,154.5
EMP008,2026-03-19,148,92,32,14,8,347,1,1,1,12.71,15.21,17.37,11.77,9.3,9.56,11.83,-0.2467,-0.1706,-0.1729,0.0,0.0,13.98,0.2162,0.0946,0.0,6,0,14.41,13.74,1.049,50.0,8.76,10.06,501.1,6,0.7349,173.5
EMP008,2026-03-20,152,90,16,13,11,366,1,1,1,14.29,15.14,17.83,11.63,9.0,11.5,12.11,-0.1479,-0.1132,-0.1281,10.26,0.0,0.0,0.1053,0.0855,0.0,6,0,-1.59,13.74,-0.116,50.0,8.76,10.06,501.1,6,0.7541,183.0
EMP008,2026-03-21,40,44,6,7,4,130,1,1,1,13.71,15.0,17.6,11.3,8.97,11.3,12.08,-0.1241,-0.026,-0.0945,65.91,38.05,55.41,0.15,0.175,0.0,6,0,-11.59,13.74,-0.844,50.0,8.76,10.06,501.1,6,0.6615,65.0
EMP008,2026-03-22,0,0,0,0,0,0,1,1,1,13.57,15.0,17.27,10.93,8.67,11.39,12.26,-0.21,-0.0076,-0.0988,100.0,100.0,100.0,0.0,0.0,100.0,0,6,-17.59,13.74,-1.28,50.0,8.76,10.06,501.1,0,0.0,0.0
EMP008,2026-03-23,129,88,24,22,15,336,2,2,2,13.57,15.0,16.4,10.43,8.2,11.39,12.52,-0.2612,-0.0501,-0.1179,0.0,0.0,0.0,0.186,0.1705,0.0,6,0,6.41,13.74,0.467,50.0,8.76,10.06,501.1,6,0.7381,168.0
EMP008,2026-03-24,127,116,21,14,12,353,1,1,1,14.71,14.64,16.93,10.97,8.5,11.96,12.5,-0.2701,-0.006,-0.0892,0.0,0.0,0.0,0.1654,0.1102,0.0,6,0,3.41,13.74,0.248,50.0,8.76,10.06,501.1,6,0.6714,176.5
EMP008,2026-03-25,126,107,44,27,21,405,1,1,1,17.71,14.93,17.63,11.43,8.9,10.43,12.11,-0.3606,-0.0621,-0.1253,0.0,0.0,0.0,0.3492,0.2143,0.0,6,0,26.41,13.74,1.922,50.0,8.76,10.06,501.1,6,0.7358,202.5
EMP008,2026-03-26,210,141,61,24,14,555,1,1,1,20.43,16.57,18.43,11.77,9.13,13.88,13.0,-0.1742,0.0768,-0.012,0.0,0.0,0.0,0.2905,0.1143,0.0,6,0,43.41,13.74,3.159,50.0,8.76,10.06,501.1,6,0.7459,277.5
EMP008,2026-03-27,195,114,42,30,25,520,1,1,1,24.57,19.43,19.4,11.9,9.3,19.78,14.91,0.194,0.2125,0.0185,0.0,0.0,0.0,0.2154,0.1538,0.0,6,0,24.41,13.74,1.777,50.0,8.76,10.06,501.1,6,0.7808,260.0
EMP008,2026-03-28,67,52,11,14,10,186,1,1,1,28.29,21.0,20.03,12.37,9.63,20.26,15.44,0.3646,0.3575,0.1591,45.08,0.0,0.0,0.1642,0.209,0.0,6,0,-6.59,13.74,-0.48,50.0,8.76,10.06,501.1,6,0.7204,93.0
EMP008,2026-03-29,0,0,0,0,0,0,1,1,1,29.0,21.29,19.6,12.43,9.67,19.54,15.51,0.3337,0.3655,0.1571,100.0,100.0,100.0,0.0,0.0,100.0,0,6,-17.59,13.74,-1.28,50.0,8.76,10.06,501.1,0,0.0,0.0
EMP008,2026-03-30,169,126,49,18,18,462,2,2,2,29.0,21.29,18.3,12.03,9.13,19.54,15.46,0.341,0.2823,0.1384,0.0,0.0,0.0,0.2899,0.1065,0.0,6,0,31.41,13.74,2.286,50.0,8.76,10.06,501.1,6,0.7273,231.0
EMP008,2026-03-31,189,117,47,17,19,494,1,1,1,32.57,23.64,19.3,12.47,9.53,20.56,16.42,0.5439,0.2723,0.174,0.0,0.0,0.0,0.2487,0.0899,0.0,6,0,29.41,13.74,2.14,50.0,8.76,10.06,501.1,6,0.7632,247.0
EMP009,2026-01-01,0,0,0,0,0,0,1,1,1,0.0,0.0,0.0,0.0,0.0,0.0,0.0,0.0,0.0,0.0,0.0,0.0,0.0,0.0,0.0,100.0,0,6,-13.93,11.25,-1.238,50.0,7.34,10.32,481.61,0,0.0,0.0
EMP009,2026-01-02,74,47,13,9,7,190,2,2,2,0.0,0.0,0.0,0.0,0.0,0.0,0.0,0.0,0.0,0.0,0.0,0.0,0.0,0.1757,0.1216,0.0,6,0,-0.93,11.25,-0.083,50.0,7.34,10.32,481.61,6,0.7526,95.0
EMP009,2026-01-03,45,31,7,6,5,131,1,1,1,6.5,6.5,6.5,4.5,3.5,6.5,6.5,0.0,0.0,0.0,0.0,0.0,0.0,0.1556,0.1333,0.0,6,0,-6.93,11.25,-0.616,50.0,7.34,10.32,481.61,6,0.7634,65.5
EMP009,2026-01-04,0,0,0,0,0,0,1,1,1,6.67,6.67,6.67,5.0,4.0,5.31,5.31,3.5,3.0,2.5,100.0,100.0,100.0,0.0,0.0,100.0,0,6,-13.93,11.25,-1.238,50.0,7.34,10.32,481.61,0,0.0,0.0
EMP009,2026-01-05,115,56,21,10,12,260,2,2,2,5.0,5.0,5.0,3.75,3.0,5.43,5.43,-0.6,-0.3,-0.2,0.0,0.0,0.0,0.1826,0.087,0.0,6,0,7.07,11.25,0.628,50.0,7.34,10.32,481.61,6,0.7846,130.0
EMP009,2026-01-06,108,66,27,19,9,288,1,1,1,8.2,8.2,8.2,5.0,4.8,8.03,8.03,2.9,1.1,1.7,0.0,0.0,0.0,0.25,0.1759,0.0,6,0,13.07,11.25,1.162,50.0,7.34,10.32,481.61,6,0.7708,144.0
EMP009,2026-01-07,90,66,17,8,8,251,1,1,1,11.33,11.33,11.33,7.33,5.5,10.14,10.14,4.3429,2.6286,1.5714,0.0,0.0,0.0,0.1889,0.0889,0.0,6,0,3.07,11.25,0.273,50.0,7.34,10.32,481.61,6,0.7371,125.5
EMP009,2026-01-08,92,69,24,9,9,284,1,1,1,12.14,12.14,12.14,7.43,5.86,9.6,9.6,3.3214,1.7143,1.25,0.0,0.0,0.0,0.2609,0.0978,0.0,6,0,10.07,11.25,0.895,50.0,7.34,10.32,481.61,6,0.757,142.0
EMP009,2026-01-09,102,63,19,16,10,289,1,1,1,15.57,13.62,13.62,7.62,6.25,8.91,9.8,3.2024,1.2738,1.0952,0.0,0.0,0.0,0.1863,0.1569,0.0,6,0,5.07,11.25,0.451,50.0,7.34,10.32,481.61,6,0.782,144.5
EMP009,2026-01-10,43,27,7,4,4,108,1,1,1,16.43,14.22,14.22,8.56,6.67,8.91,9.39,2.6,1.45,1.0167,50.77,53.27,40.03,0.1628,0.093,0.0,6,0,-6.93,11.25,-0.616,50.0,7.34,10.32,481.61,6,0.75,54.0
EMP009,2026-01-11,0,0,0,0,0,0,1,1,1,16.43,13.5,13.5,8.1,6.4,8.91,9.17,1.497,0.8061,0.5939,100.0,100.0,100.0,0.0,0.0,100.0,0,6,-13.93,11.25,-1.238,50.0,7.34,10.32,481.61,0,0.0,0.0
EMP009,2026-01-12,116,54,15,7,9,272,2,2,2,16.43,12.27,12.27,7.36,5.82,8.91,9.56,0.5091,0.2364,0.1545,0.0,4.89,0.0,0.1293,0.0603,0.0,6,0,1.07,11.25,0.095,50.0,7.34,10.32,481.61,6,0.8015,136.0
EMP009,2026-01-13,8,8,1,0,0,23,1,1,1,15.57,12.5,12.5,7.33,6.08,8.72,9.19,0.4965,0.1678,0.2413,92.0,100.0,100.0,0.125,0.0,33.33,4,2,-12.93,11.25,-1.149,50.0,7.34,10.32,481.61,4,0.6522,11.5
EMP009,2026-01-14,84,82,26,17,10,257,1,2,2,11.86,11.62,11.62,6.77,5.62,8.59,9.34,0.011,-0.1099,-0.011,0.0,0.0,0.0,0.3095,0.2024,0.0,6,0,12.07,11.25,1.073,50.0,7.34,10.32,481.61,6,0.6809,128.5
EMP009,2026-01-15,89,74,14,12,9,271,1,1,1,13.14,12.64,12.64,7.5,5.93,9.85,9.74,0.4198,0.2044,0.1165,0.0,0.0,0.0,0.1573,0.1348,0.0,6,0,0.07,11.25,0.006,50.0,7.34,10.32,481.61,6,0.7269,135.5
EMP009,2026-01-16,120,88,14,8,8,294,1,1,1,11.71,13.64,12.73,7.8,6.13,8.84,9.41,0.375,0.2786,0.1714,0.0,0.0,0.0,0.1167,0.0667,0.0,6,0,0.07,11.25,0.006,50.0,7.34,10.32,481.61,6,0.7007,147.0
EMP009,2026-01-17,44,25,4,6,5,103,1,1,1,11.0,13.71,12.81,7.81,6.25,8.42,9.12,0.3368,0.2338,0.1824,68.77,23.18,20.0,0.0909,0.1364,0.0,6,0,-9.93,11.25,-0.883,50.0,7.34,10.32,481.61,6,0.7573,51.5
EMP009,2026-01-18,0,0,0,0,0,0,1,1,1,10.57,13.5,12.29,7.71,6.18,8.68,9.09,0.1078,0.1593,0.1275,100.0,100.0,100.0,0.0,0.0,100.0,0,6,-13.93,11.25,-1.238,50.0,7.34,10.32,481.61,0,0.0,0.0
EMP009,2026-01-19,124,85,23,17,11,307,2,2,2,10.57,13.5,11.61,7.28,5.83,8.68,9.27,-0.1249,-0.001,-0.001,0.0,0.0,0.0,0.1855,0.1371,0.0,6,0,9.07,11.25,0.806,50.0,7.34,10.32,481.61,6,0.7231,153.5
EMP009,2026-01-20,108,78,20,10,12,277,1,1,1,11.71,13.64,12.21,7.79,6.11,9.66,9.37,0.0737,0.1526,0.0807,0.0,0.0,0.0,0.1852,0.0926,0.0,6,0,6.07,11.25,0.54,50.0,7.34,10.32,481.61,6,0.7184,138.5
EMP009,2026-01-21,0,0,0,0,0,0,1,1,1,14.43,13.14,12.6,7.9,6.4,8.91,9.29,0.1744,0.1624,0.1534,100.0,100.0,100.0,0.0,0.0,100.0,0,6,-13.93,11.25,-1.238,50.0,7.34,10.32,481.61,0,0.0,0.0
EMP009,2026-01-22,118,87,26,13,7,325,2,2,2,10.71,11.93,12.0,7.52,6.1,8.73,9.46,-0.013,0.0377,0.0494,0.0,0.0,0.0,0.2203,0.1102,0.0,6,0,12.07,11.25,1.073,50.0,7.34,10.32,481.61,6,0.7323,162.5
EMP009,2026-01-23,122,62,20,10,10,303,1,1,1,12.43,12.07,12.64,7.77,6.14,10.25,9.69,0.1547,0.0977,0.0536,0.0,0.0,0.0,0.1639,0.082,0.0,6,0,6.07,11.25,0.54,50.0,7.34,10.32,481.61,6,0.7954,151.5
EMP009,2026-01-24,32,24,9,6,4,99,1,1,1,13.29,12.14,12.96,7.87,6.3,10.59,9.59,0.2154,0.1097,0.0889,30.56,23.76,36.51,0.2812,0.1875,0.0,6,0,-4.93,11.25,-0.438,50.0,7.34,10.32,481.61,6,0.7576,49.5
EMP009,2026-01-25,0,0,0,0,0,0,1,1,1,14.0,12.29,12.79,7.79,6.21,10.1,9.43,0.15,0.0778,0.0552,100.0,100.0,100.0,0.0,0.0,100.0,0,6,-13.93,11.25,-1.238,50.0,7.34,10.32,481.61,0,0.0,0.0
EMP009,2026-01-26,0,0,0,0,0,0,2,2,2,14.0,12.29,12.28,7.48,5.96,10.1,9.57,0.0146,-0.0031,-0.0085,100.0,100.0,100.0,0.0,0.0,100.0,0,6,-13.93,11.25,-1.238,50.0,7.34,10.32,481.61,0,0.0,0.0
EMP009,2026-01-27,123,87,27,15,10,318,3,3,3,10.71,11.21,11.81,7.19,5.73,10.37,9.68,-0.092,-0.0667,-0.0585,0.0,0.0,0.0,0.2195,0.122,0.0,6,0,13.07,11.25,1.162,50.0,7.34,10.32,481.61,6,0.7264,159.0
EMP009,2026-01-28,105,87,19,11,11,292,1,1,1,11.71,13.07,12.37,7.48,5.89,11.5,9.92,0.0385,0.0024,-0.0183,0.0,0.0,0.0,0.181,0.1048,0.0,6,0,5.07,11.25,0.451,50.0,7.34,10.32,481.61,6,0.7021,146.0
EMP009,2026-01-29,120,66,28,17,10,307,1,1,1,14.43,12.57,12.61,7.61,6.07,10.62,9.82,0.0835,0.0282,0.0213,0.0,0.0,0.0,0.2333,0.1417,0.0,6,0,14.07,11.25,1.251,50.0,7.34,10.32,481.61,6,0.785,153.5
EMP009,2026-01-30,117,110,23,17,10,330,1,1,1,14.71,13.57,13.14,7.93,6.21,10.95,10.05,0.1813,0.0901,0.0463,0.0,0.0,0.0,0.1966,0.1453,0.0,6,0,9.07,11.25,0.806,50.0,7.34,10.32,481.61,6,0.6667,165.0
EMP009,2026-01-31,38,29,10,4,3,108,1,1,1,15.14,14.21,13.47,8.23,6.33,11.2,10.04,0.2274,0.1399,0.0663,25.76,51.4,52.61,0.2632,0.1053,0.0,6,0,-3.93,11.25,-0.349,50.0,7.34,10.32,481.61,6,0.7315,54.0
EMP009,2026-02-01,0,0,0,0,0,0,1,1,1,15.29,14.64,13.8,8.37,6.43,11.13,9.74,0.1121,0.0558,0.0011,100.0,100.0,100.0,0.0,0.0,100.0,0,6,-13.93,11.25,-1.238,50.0,7.34,10.32,481.61,0,0.0,0.0
EMP009,2026-02-02,120,88,14,19,12,336,2,2,2,15.29,14.64,13.37,8.07,6.2,11.13,10.05,0.0176,0.0062,-0.0365,0.0,0.0,0.0,0.1167,0.1583,0.0,6,0,0.07,11.25,0.006,50.0,7.34,10.32,481.61,6,0.7381,168.0
EMP009,2026-02-03,143,88,25,9,16,339,1,1,1,17.29,14.0,13.6,8.5,6.43,9.32,9.99,-0.0222,0.0625,-0.0073,0.0,0.0,0.0,0.1748,0.0629,0.0,6,0,11.07,11.25,0.984,50.0,7.34,10.32,481.61,6,0.7404,169.5
EMP009,2026-02-04,88,79,20,9,7,266,1,1,1,17.0,14.36,14.43,8.8,6.97,9.04,9.86,-0.0425,0.0071,0.01,0.0,0.0,0.0,0.2273,0.1023,0.0,6,0,6.07,11.25,0.54,50.0,7.34,10.32,481.61,6,0.703,133.0
EMP009,2026-02-05,8,7,1,1,0,23,1,1,1,17.14,15.79,14.4,8.77,6.8,9.08,9.84,0.0387,0.0167,0.0449,93.06,88.6,100.0,0.125,0.125,16.67,5,1,-12.93,11.25,-1.149,50.0,7.34,10.32,481.61,5,0.6957,11.5
EMP009,2026-02-06,109,82,18,9,7,281,1,1,2,13.29,14.0,13.53,8.17,6.5,9.38,9.83,0.0392,0.0372,0.0162,0.0,0.0,0.0,0.1651,0.0826,0.0,6,0,4.07,11.25,0.362,50.0,7.34,10.32,481.61,6,0.7082,140.5
EMP009,2026-02-07,32,34,5,4,4,95,1,1,1,12.57,13.86,13.57,8.2,6.47,8.78,9.85,0.0919,0.0414,0.0298,63.15,51.22,38.18,0.1562,0.125,0.0,6,0,-8.93,11.25,-0.794,50.0,7.34,10.32,481.61,6,0.6421,47.5
EMP009,2026-02-08,0,0,0,0,0,0,1,1,1,11.86,13.57,12.93,8.03,6.3,9.16,9.77,0.1086,0.0198,0.0314,100.0,100.0,100.0,0.0,0.0,100.0,0,6,-13.93,11.25,-1.238,50.0,7.34,10.32,481.61,0,0.0,0.0
EMP009,2026-02-09,123,87,16,10,7,336,2,2,2,11.86,13.57,12.3,7.5,5.97,9.16,9.97,0.067,0.0229,0.0162,0.0,0.0,0.0,0.1301,0.0813,0.0,6,0,2.07,11.25,0.184,50.0,7.34,10.32,481.61,6,0.7411,168.0
EMP009,2026-02-10,0,0,0,0,0,0,1,1,1,12.14,14.71,12.6,7.7,6.07,9.25,9.94,0.0543,0.0149,0.0093,100.0,100.0,100.0,0.0,0.0,100.0,0,6,-13.93,11.25,-1.238,50.0,7.34,10.32,481.61,0,0.0,0.0
EMP009,2026-02-11,102,62,19,9,9,267,2,2,2,8.57,12.79,12.6,7.7,6.07,8.38,9.94,-0.1139,-0.0879,-0.0716,0.0,0.0,0.0,0.1863,0.0882,0.0,6,0,5.07,11.25,0.451,50.0,7.34,10.32,481.61,6,0.7678,133.5
EMP009,2026-02-12,89,72,17,9,9,262,1,1,1,8.43,12.79,12.73,7.77,6.07,8.19,10.0,-0.0561,-0.0843,-0.0325,0.0,0.0,0.0,0.191,0.1011,0.0,6,0,3.07,11.25,0.273,50.0,7.34,10.32,481.61,6,0.7252,131.0
EMP009,2026-02-13,108,82,24,14,7,285,1,1,1,10.71,12.0,13.27,8.07,6.37,8.03,9.78,-0.1095,-0.1299,-0.0554,0.0,0.0,0.0,0.2222,0.1296,0.0,6,0,10.07,11.25,0.895,50.0,7.34,10.32,481.61,6,0.7123,142.5
EMP009,2026-02-14,23,12,3,2,2,52,1,1,1,11.57,12.07,13.2,7.97,6.27,9.02,9.7,0.0476,-0.03,-0.0263,77.27,74.91,68.1,0.1304,0.087,0.0,6,0,-10.93,11.25,-0.972,50.0,7.34,10.32,481.61,6,0.7692,26.0
EMP009,2026-02-15,0,0,0,0,0,0,1,1,1,11.29,11.57,12.83,7.63,6.03,9.25,9.87,-0.0127,-0.0407,-0.0349,100.0,100.0,100.0,0.0,0.0,100.0,0,6,-13.93,11.25,-1.238,50.0,7.34,10.32,481.61,0,0.0,0.0
EMP009,2026-02-16,96,68,26,8,10,253,2,2,2,11.29,11.57,12.37,7.37,5.77,9.25,10.13,-0.0874,-0.0874,-0.0603,0.0,0.0,0.0,0.2708,0.0833,0.0,6,0,12.07,11.25,1.073,50.0,7.34,10.32,481.61,6,0.7312,126.5
EMP009,2026-02-17,133,86,28,16,9,346,1,1,1,12.71,12.43,13.1,7.43,5.93,10.55,10.29,-0.0572,-0.0928,-0.0383,0.0,0.0,0.0,0.2105,0.1203,0.0,6,0,14.07,11.25,1.251,50.0,7.34,10.32,481.61,6,0.7514,173.0
EMP009,2026-02-18,82,65,18,15,8,271,1,1,1,16.71,12.64,14.03,7.97,6.23,10.28,10.33,-0.0514,-0.0888,-0.0594,0.0,0.0,0.0,0.2195,0.1829,0.0,6,0,4.07,11.25,0.362,50.0,7.34,10.32,481.61,6,0.7601,135.5
EMP009,2026-02-19,108,69,19,12,10,277,1,1,1,16.57,12.5,13.87,7.9,6.13,10.25,10.23,0.036,0.0189,-0.0151,0.0,0.0,0.0,0.1759,0.1111,0.0,6,0,5.07,11.25,0.451,50.0,7.34,10.32,481.61,6,0.7509,138.5
EMP009,2026-02-20,115,62,14,10,12,274,1,1,1,16.86,13.79,13.83,7.97,6.07,10.29,10.21,0.1115,0.0598,0.0503,0.0,0.0,0.0,0.1217,0.087,0.0,6,0,0.07,11.25,0.006,50.0,7.34,10.32,481.61,6,0.7737,137.0
EMP009,2026-02-21,35,33,5,5,2,97,1,1,1,15.43,13.5,14.3,8.3,6.47,9.88,9.88,0.0171,0.018,0.0467,65.03,39.76,69.09,0.1429,0.1429,0.0,6,0,-8.93,11.25,-0.794,50.0,7.34,10.32,481.61,6,0.6598,48.5
EMP009,2026-02-22,0,0,0,0,0,0,1,1,1,15.71,13.5,13.6,8.03,6.3,9.54,9.77,0.0378,0.0291,0.0216,100.0,100.0,100.0,0.0,0.0,100.0,0,6,-13.93,11.25,-1.238,50.0,7.34,10.32,481.61,0,0.0,0.0
EMP009,2026-02-23,122,88,18,20,10,344,2,2,2,15.71,13.5,12.93,7.7,5.97,9.54,9.99,-0.0058,-0.0091,0.0065,0.0,0.0,0.0,0.1475,0.1639,0.0,6,0,4.07,11.25,0.362,50.0,7.34,10.32,481.61,6,0.7442,172.0
EMP009,2026-02-24,123,64,17,14,8,296,1,1,1,14.57,13.64,13.23,8.17,6.17,8.68,10.0,-0.0002,0.0585,0.0189,0.0,0.0,0.0,0.1382,0.1138,0.0,6,0,3.07,11.25,0.273,50.0,7.34,10.32,481.61,6,0.7838,148.0
EMP009,2026-02-25,107,95,14,15,6,298,1,1,1,13.0,14.86,13.8,8.63,6.43,6.93,9.71,-0.0672,0.0398,-0.0118,0.0,0.0,6.69,0.1308,0.1402,0.0,6,0,0.07,11.25,0.006,50.0,7.34,10.32,481.61,6,0.6812,149.0
EMP009,2026-02-26,0,0,0,0,0,0,1,1,1,12.43,14.5,14.27,9.13,6.63,6.65,9.37,-0.1611,0.0214,-0.059,100.0,100.0,100.0,0.0,0.0,100.0,0,6,-13.93,11.25,-1.238,50.0,7.34,10.32,481.61,0,0.0,0.0
EMP009,2026-02-27,136,80,30,16,11,322,2,2,2,9.71,13.29,13.37,8.63,6.3,7.26,9.4,-0.1653,0.0029,-0.0785,0.0,0.0,0.0,0.2206,0.1176,0.0,6,0,16.07,11.25,1.428,50.0,7.34,10.32,481.61,6,0.7516,161.0
EMP009,2026-02-28,53,37,13,6,5,134,1,1,1,12.0,13.71,13.73,8.8,6.3,10.18,9.82,-0.0191,0.0667,-0.0158,5.32,31.82,20.63,0.2453,0.1132,0.0,6,0,-0.93,11.25,-0.083,50.0,7.34,10.32,481.61,6,0.7239,67.0
EMP009,2026-03-01,0,0,0,0,0,0,1,1,1,13.14,14.43,13.23,8.43,6.13,9.78,9.45,0.0745,0.1052,0.0013,100.0,100.0,100.0,0.0,0.0,100.0,0,6,-13.93,11.25,-1.238,50.0,7.34,10.32,481.61,0,0.0,0.0
EMP009,2026-03-02,0,0,0,0,0,0,2,2,2,13.14,14.43,12.47,7.87,5.8,9.78,9.56,0.0565,0.1099,-0.0116,100.0,100.0,100.0,0.0,0.0,100.0,0,6,-13.93,11.25,-1.238,50.0,7.34,10.32,481.61,0,0.0,0.0
EMP009,2026-03-03,154,108,33,10,13,410,3,3,3,10.57,12.57,12.13,7.73,5.7,10.5,9.81,-0.0409,0.0325,-0.0683,0.0,0.0,0.0,0.2143,0.0649,0.0,6,0,19.07,11.25,1.695,50.0,7.34,10.32,481.61,6,0.7366,205.0
EMP009,2026-03-04,105,76,25,16,12,277,1,1,1,12.86,12.93,13.23,8.07,6.13,13.08,10.23,0.01,-0.0062,-0.0605,0.0,0.0,0.0,0.2381,0.1524,0.0,6,0,11.07,11.25,0.984,50.0,7.34,10.32,481.61,6,0.7256,138.5
EMP009,2026-03-05,88,92,20,10,6,286,1,1,1,14.43,13.43,13.6,7.97,6.13,13.76,10.45,0.0912,0.1204,0.0178,0.0,0.0,2.12,0.2273,0.1136,0.0,6,0,6.07,11.25,0.54,50.0,7.34,10.32,481.61,6,0.6783,143.0
EMP009,2026-03-06,96,77,13,13,8,254,1,1,1,17.29,13.5,13.43,8.0,5.8,12.49,10.3,0.2111,0.1406,0.085,3.2,0.0,0.0,0.1354,0.1354,0.0,6,0,-0.93,11.25,-0.083,50.0,7.34,10.32,481.61,6,0.6969,127.0
EMP009,2026-03-07,34,24,7,4,4,94,1,1,1,14.86,13.43,13.2,8.13,5.83,11.38,10.23,0.2536,0.1798,0.1075,46.97,50.8,31.39,0.2059,0.1176,0.0,6,0,-6.93,11.25,-0.616,50.0,7.34,10.32,481.61,6,0.7447,47.0
EMP009,2026-03-08,0,0,0,0,0,0,1,1,1,14.0,13.57,13.4,8.23,5.97,11.71,10.05,0.1295,0.1039,0.0554,100.0,100.0,100.0,0.0,0.0,100.0,0,6,-13.93,11.25,-1.238,50.0,7.34,10.32,481.61,0,0.0,0.0
EMP009,2026-03-09,0,0,0,0,0,0,2,2,2,14.0,13.57,12.8,7.93,5.73,11.71,10.29,0.0747,0.0561,0.024,100.0,100.0,100.0,0.0,0.0,100.0,0,6,-13.93,11.25,-1.238,50.0,7.34,10.32,481.61,0,0.0,0.0
EMP009,2026-03-10,98,70,18,12,11,273,3,3,3,14.0,12.29,12.63,7.8,5.6,11.71,10.45,-0.0616,-0.0222,-0.0249,0.0,0.0,0.0,0.1837,0.1224,0.0,6,0,4.07,11.25,0.362,50.0,7.34,10.32,481.61,6,0.7436,136.5
EMP009,2026-03-11,82,64,19,10,12,228,1,1,1,11.86,12.36,13.23,8.2,5.97,9.12,10.23,-0.1141,-0.0489,-0.0287,0.0,0.0,0.0,0.2317,0.122,0.0,6,0,5.07,11.25,0.451,50.0,7.34,10.32,481.61,6,0.7193,114.0
EMP009,2026-03-12,103,79,19,9,10,282,1,1,1,11.0,12.71,13.33,8.2,6.13,8.07,10.27,-0.0578,-0.0249,0.0174,0.0,0.0,0.0,0.1845,0.0874,0.0,6,0,5.07,11.25,0.451,50.0,7.34,10.32,481.61,6,0.7199,141.0
EMP009,2026-03-13,111,92,23,13,8,299,1,1,1,10.86,14.07,13.97,8.5,6.47,7.92,10.01,-0.1132,-0.0763,0.0,0.0,0.0,0.0,0.2072,0.1171,0.0,6,0,9.07,11.25,0.806,50.0,7.34,10.32,481.61,6,0.6923,149.5
EMP009,2026-03-14,26,20,5,2,1,69,1,1,1,12.29,13.57,14.1,8.63,6.43,9.0,10.1,-0.0202,-0.0438,0.0274,64.54,76.83,84.45,0.1923,0.0769,0.0,6,0,-8.93,11.25,-0.794,50.0,7.34,10.32,481.61,6,0.7101,34.5
EMP009,2026-03-15,0,0,0,0,0,0,1,1,1,12.0,13.0,13.7,8.4,6.17,9.2,10.21,-0.059,-0.0841,0.01,100.0,100.0,100.0,0.0,0.0,100.0,0,6,-13.93,11.25,-1.238,50.0,7.34,10.32,481.61,0,0.0,0.0
EMP009,2026-03-16,45,32,9,6,3,118,2,2,2,12.0,13.0,12.9,7.93,5.93,9.2,10.32,-0.0763,-0.0997,-0.024,30.23,24.34,49.41,0.2,0.1333,0.0,6,0,-4.93,11.25,-0.438,50.0,7.34,10.32,481.61,6,0.7288,59.0
EMP009,2026-03-17,124,83,17,16,7,319,1,1,1,13.29,13.64,13.1,8.07,5.97,7.98,10.18,-0.1697,-0.1531,-0.0701,0.0,0.0,0.0,0.1371,0.129,0.0,6,0,3.07,11.25,0.273,50.0,7.34,10.32,481.61,6,0.7398,159.5
EMP009,2026-03-18,96,58,18,12,7,276,1,1,1,13.14,12.5,13.67,8.6,6.2,7.9,9.9,-0.2349,-0.1575,-0.1046,0.0,0.0,0.0,0.1875,0.125,0.0,6,0,4.07,11.25,0.362,50.0,7.34,10.32,481.61,6,0.7899,138.0
EMP009,2026-03-19,103,89,18,16,13,315,1,1,1,13.0,12.0,13.4,8.73,6.1,7.8,9.67,-0.1219,-0.1397,-0.0732,0.0,0.0,0.0,0.1748,0.1553,0.0,6,0,4.07,11.25,0.362,50.0,7.34,10.32,481.61,6,0.7175,157.5
EMP009,2026-03-20,120,92,14,16,9,309,1,1,1,12.86,11.86,13.07,8.73,6.23,7.7,9.33,0.0085,-0.0427,-0.0087,0.0,0.0,0.0,0.1167,0.1333,0.0,6,0,0.07,11.25,0.006,50.0,7.34,10.32,481.61,6,0.7023,154.5
EMP009,2026-03-21,40,23,5,3,3,96,1,1,1,11.57,11.93,12.93,8.77,6.27,6.57,9.29,0.0485,0.0474,0.0214,61.33,65.79,52.15,0.125,0.075,0.0,6,0,-8.93,11.25,-0.794,50.0,7.34,10.32,481.61,6,0.7604,48.0
EMP009,2026-03-22,0,0,0,0,0,0,1,1,1,11.57,11.79,12.47,8.47,6.03,6.57,9.32,0.0392,0.0325,0.026,100.0,100.0,100.0,0.0,0.0,100.0,0,6,-13.93,11.25,-1.238,50.0,7.34,10.32,481.61,0,0.0,0.0
EMP009,2026-03-23,123,103,13,13,10,324,2,2,2,11.57,11.79,12.0,8.13,5.63,6.57,9.58,-0.0307,-0.0116,0.0283,0.0,0.0,0.0,0.1057,0.1057,0.0,6,0,-0.93,11.25,-0.083,50.0,7.34,10.32,481.61,6,0.6821,162.0
EMP009,2026-03-24,76,97,20,18,13,276,1,1,1,12.14,12.71,12.27,8.4,5.9,6.49,9.49,-0.0725,-0.0018,0.0314,0.0,0.0,0.0,0.2632,0.2368,0.0,6,0,6.07,11.25,0.54,50.0,7.34,10.32,481.61,6,0.6486,138.0
EMP009,2026-03-25,129,113,46,24,25,393,1,1,1,12.57,12.86,12.93,9.0,6.33,6.88,9.31,-0.1072,0.0022,0.0365,0.0,0.0,0.0,0.3566,0.186,0.0,6,0,32.07,11.25,2.851,50.0,7.34,10.32,481.61,6,0.7125,196.5
EMP009,2026-03-26,128,115,40,16,27,421,1,1,1,16.57,14.79,13.87,9.13,6.83,13.67,11.02,0.141,0.1749,0.1822,0.0,0.0,0.0,0.3125,0.125,0.0,6,0,26.07,11.25,2.317,50.0,7.34,10.32,481.61,6,0.7268,210.5
EMP009,2026-03-27,136,102,28,33,14,423,1,1,1,19.71,16.29,14.63,9.2,7.47,15.97,11.97,0.3313,0.2527,0.3204,0.0,0.0,0.0,0.2059,0.2426,0.0,6,0,14.07,11.25,1.251,50.0,7.34,10.32,481.61,6,0.7589,211.5
EMP009,2026-03-28,52,30,16,8,5,135,1,1,1,21.71,16.64,15.1,9.8,7.73,16.01,12.2,0.4131,0.4463,0.3524,0.0,18.37,35.32,0.3077,0.1538,0.0,6,0,2.07,11.25,0.184,50.0,7.34,10.32,481.61,6,0.7778,67.5
EMP009,2026-03-29,0,0,0,0,0,0,1,1,1,23.29,17.43,15.63,10.07,7.9,14.78,11.88,0.3148,0.3671,0.2814,100.0,100.0,100.0,0.0,0.0,100.0,0,6,-13.93,11.25,-1.238,50.0,7.34,10.32,481.61,0,0.0,0.0
EMP009,2026-03-30,95,76,50,18,17,326,2,2,2,23.29,17.43,14.63,9.53,7.53,14.78,11.89,0.313,0.343,0.2518,0.0,0.0,0.0,0.5263,0.1895,0.0,6,0,36.07,11.25,3.206,50.0,7.34,10.32,481.61,6,0.7669,163.0
EMP009,2026-03-31,0,0,0,0,0,0,1,1,1,28.57,20.36,15.87,9.93,7.93,16.65,13.47,0.5299,0.3733,0.2954,100.0,100.0,100.0,0.0,0.0,100.0,0,6,-13.93,11.25,-1.238,50.0,7.34,10.32,481.61,0,0.0,0.0
EMP010,2026-01-01,0,0,0,0,0,0,1,1,1,0.0,0.0,0.0,0.0,0.0,0.0,0.0,0.0,0.0,0.0,0.0,0.0,0.0,0.0,0.0,100.0,0,10,-32.2,24.06,-1.338,50.0,7.68,12.43,586.74,0,0.0,0.0
EMP010,2026-01-02,31,78,63,54,16,369,2,2,2,0.0,0.0,0.0,0.0,0.0,0.0,0.0,0.0,0.0,0.0,0.0,0.0,0.0,2.0323,1.7419,0.0,10,0,30.8,24.06,1.28,50.0,7.68,12.43,586.74,10,0.6829,184.5
EMP010,2026-01-03,18,18,20,12,8,122,1,1,1,31.5,31.5,31.5,27.0,8.0,31.5,31.5,0.0,0.0,0.0,36.51,55.56,0.0,1.1111,0.6667,0.0,10,0,-12.2,24.06,-0.507,50.0,7.68,12.43,586.74,10,0.7541,61.0
EMP010,2026-01-04,0,0,0,0,0,0,1,1,1,27.67,27.67,27.67,22.0,8.0,26.28,26.28,10.0,6.0,4.0,100.0,100.0,100.0,0.0,0.0,100.0,0,10,-32.2,24.06,-1.338,50.0,7.68,12.43,586.74,0,0.0,0.0
EMP010,2026-01-05,48,51,32,51,30,350,2,2,2,20.75,20.75,20.75,16.5,6.0,25.72,25.72,-4.3,-4.2,-0.8,0.0,0.0,0.0,0.6667,1.0625,0.0,10,0,-0.2,24.06,-0.008,50.0,7.68,12.43,586.74,10,0.7714,175.0
EMP010,2026-01-06,48,52,59,43,25,384,1,1,1,23.0,23.0,23.0,23.4,10.8,23.44,23.44,0.1,4.8,4.4,0.0,0.0,0.0,1.2292,0.8958,0.0,10,0,26.8,24.06,1.114,50.0,7.68,12.43,586.74,10,0.7943,192.0
EMP010,2026-01-07,42,59,28,29,14,270,1,1,1,29.0,29.0,29.0,26.67,13.17,25.26,25.26,5.2,5.5429,4.5429,3.45,0.0,0.0,0.6667,0.6905,0.0,10,0,-4.2,24.06,-0.175,50.0,7.68,12.43,586.74,10,0.6926,135.0
EMP010,2026-01-08,31,68,28,37,15,305,1,1,1,28.86,28.86,28.86,27.0,13.29,23.39,23.39,3.1429,3.7143,2.9286,2.98,0.0,0.0,0.9032,1.1935,0.0,10,0,-4.2,24.06,-0.175,50.0,7.68,12.43,586.74,10,0.6852,152.5
EMP010,2026-01-09,3,4,2,2,1,15,1,1,1,32.86,28.75,28.75,28.25,13.5,20.3,21.88,2.0238,3.3095,2.0952,93.04,92.92,92.59,0.6667,0.6667,20.0,8,2,-30.2,24.06,-1.255,50.0,7.68,12.43,586.74,8,0.6667,7.5
EMP010,2026-01-10,14,25,17,8,6,115,1,1,1,24.14,25.78,25.78,25.33,12.11,18.5,22.27,-0.3667,0.5667,0.6333,34.06,68.42,50.45,1.2143,0.5714,0.0,10,0,-15.2,24.06,-0.632,50.0,7.68,12.43,586.74,10,0.7217,57.5
EMP010,2026-01-11,0,0,0,0,0,0,1,1,1,23.71,24.9,24.9,23.6,11.5,18.63,21.3,-0.7455,-0.5333,0.1273,100.0,100.0,100.0,0.0,0.0,100.0,0,10,-32.2,24.06,-1.338,50.0,7.68,12.43,586.74,0,0.0,0.0
EMP010,2026-01-12,52,50,32,30,25,287,2,2,2,23.71,22.64,22.64,21.45,10.45,18.63,21.53,-1.6909,-1.4727,-0.4273,0.0,0.0,0.0,0.6154,0.5769,0.0,10,0,-0.2,24.06,-0.008,50.0,7.68,12.43,586.74,10,0.7631,143.5
EMP010,2026-01-13,48,38,52,26,23,329,1,1,1,23.71,23.42,23.42,22.17,11.67,18.63,20.77,-0.9406,-0.8042,0.2308,0.0,0.0,0.0,1.0833,0.5417,0.0,10,0,19.8,24.06,0.823,50.0,7.68,12.43,586.74,10,0.8055,164.5
EMP010,2026-01-14,49,55,31,20,12,271,1,1,1,22.71,25.62,25.62,22.46,12.54,16.81,21.36,0.2033,-0.5055,0.5549,0.0,10.95,4.31,0.6327,0.4082,0.0,10,0,-1.2,24.06,-0.05,50.0,7.68,12.43,586.74,10,0.7306,135.5
EMP010,2026-01-15,61,61,51,43,16,337,1,1,1,23.14,26.0,26.0,22.29,12.5,16.97,20.63,0.3165,-0.4747,0.4286,0.0,0.0,0.0,0.8361,0.7049,0.0,10,0,18.8,24.06,0.781,50.0,7.68,12.43,586.74,10,0.73,168.5
EMP010,2026-01-16,50,54,56,25,18,304,1,1,1,26.43,29.64,27.67,23.67,12.73,19.62,20.89,0.8821,0.1321,0.4357,0.0,0.0,0.0,1.12,0.5,0.0,10,0,23.8,24.06,0.989,50.0,7.68,12.43,586.74,10,0.7533,152.0
EMP010,2026-01-17,15,23,18,18,10,134,1,1,1,34.14,29.14,29.44,23.75,13.06,19.1,21.35,1.3515,0.1382,0.475,38.86,24.21,23.43,1.2,1.2,0.0,10,0,-14.2,24.06,-0.59,50.0,7.68,12.43,586.74,10,0.7537,67.0
EMP010,2026-01-18,0,0,0,0,0,0,1,1,1,34.29,29.0,28.76,23.41,12.88,18.98,20.89,0.902,0.0025,0.3358,100.0,100.0,100.0,0.0,0.0,100.0,0,10,-32.2,24.06,-1.338,50.0,7.68,12.43,586.74,0,0.0,0.0
EMP010,2026-01-19,50,74,50,25,27,340,2,2,2,34.29,29.0,27.17,22.11,12.17,18.98,21.34,0.2549,-0.4087,0.0568,0.0,0.0,0.0,1.0,0.5,0.0,10,0,17.8,24.06,0.74,50.0,7.68,12.43,586.74,10,0.7206,170.0
EMP010,2026-01-20,54,46,44,26,40,342,1,1,1,36.86,30.29,28.37,22.26,12.95,19.7,21.39,0.5772,-0.3018,0.2825,0.0,0.0,0.0,0.8148,0.4815,0.0,10,0,11.8,24.06,0.49,50.0,7.68,12.43,586.74,10,0.7924,171.0
EMP010,2026-01-21,24,40,48,33,27,291,1,1,1,35.71,29.21,29.15,22.45,14.3,19.01,21.13,0.718,-0.2053,0.6286,0.0,0.0,0.0,2.0,1.375,0.0,10,0,15.8,24.06,0.657,50.0,7.68,12.43,586.74,10,0.7973,145.5
EMP010,2026-01-22,25,63,39,31,35,300,1,1,1,38.14,30.64,30.05,22.95,14.9,19.33,21.0,0.8649,-0.0403,0.7078,0.0,0.0,0.0,1.56,1.24,0.0,10,0,6.8,24.06,0.283,50.0,7.68,12.43,586.74,10,0.68,150.0
EMP010,2026-01-23,51,61,39,26,18,346,1,1,1,36.43,31.43,30.45,23.32,15.82,18.64,20.61,0.8583,0.0604,0.8538,0.0,0.0,0.0,0.7647,0.5098,0.0,10,0,6.8,24.06,0.283,50.0,7.68,12.43,586.74,10,0.7399,173.0
EMP010,2026-01-24,18,27,14,14,9,120,1,1,1,34.0,34.07,30.83,23.43,15.91,16.96,20.23,0.8439,0.082,0.7708,54.59,40.25,43.43,0.7778,0.7778,0.0,10,0,-18.2,24.06,-0.756,50.0,7.68,12.43,586.74,10,0.725,60.0
EMP010,2026-01-25,0,0,0,0,0,0,1,1,1,33.43,33.86,30.12,23.04,15.62,17.55,20.09,0.5743,-0.0222,0.6091,100.0,100.0,100.0,0.0,0.0,100.0,0,10,-32.2,24.06,-1.338,50.0,7.68,12.43,586.74,0,0.0,0.0
EMP010,2026-01-26,0,0,0,0,0,0,2,2,2,33.43,33.86,28.92,22.12,15.0,17.55,20.55,0.23,-0.2323,0.3946,100.0,100.0,100.0,0.0,0.0,100.0,0,10,-32.2,24.06,-1.338,50.0,7.68,12.43,586.74,0,0.0,0.0
EMP010,2026-01-27,44,60,47,42,25,356,3,3,3,26.29,31.57,27.81,21.27,14.42,19.43,20.9,-0.0427,-0.3956,0.2226,0.0,0.0,0.0,1.0682,0.9545,0.0,10,0,14.8,24.06,0.615,50.0,7.68,12.43,586.74,10,0.7612,178.0
EMP010,2026-01-28,48,52,32,24,24,275,1,1,1,26.71,31.21,28.52,22.04,14.81,19.84,20.83,0.1142,-0.1886,0.2827,0.0,0.0,0.0,0.6667,0.5,0.0,10,0,-0.2,24.06,-0.008,50.0,7.68,12.43,586.74,10,0.7127,137.5
EMP010,2026-01-29,33,45,77,54,12,370,1,1,1,24.43,31.29,28.64,22.11,15.14,18.1,20.46,0.1281,-0.1546,0.3213,0.0,0.0,20.74,2.3333,1.6364,0.0,10,0,44.8,24.06,1.862,50.0,7.68,12.43,586.74,10,0.7973,185.0
EMP010,2026-01-30,29,46,93,56,34,384,1,1,1,29.86,33.14,30.31,23.21,15.03,25.74,21.96,0.4488,0.0808,0.2675,0.0,0.0,0.0,3.2069,1.931,0.0,10,0,60.8,24.06,2.527,50.0,7.68,12.43,586.74,10,0.7682,192.0
EMP010,2026-01-31,7,11,12,12,4,71,1,1,1,37.57,35.79,32.4,24.3,15.67,34.07,24.35,0.8098,0.2845,0.364,62.96,50.62,74.47,1.7143,1.7143,0.0,10,0,-20.2,24.06,-0.84,50.0,7.68,12.43,586.74,10,0.7887,35.5
EMP010,2026-02-01,0,0,0,0,0,0,1,1,1,37.29,35.36,32.8,24.7,15.8,34.27,23.9,0.4547,0.0376,0.1806,100.0,100.0,100.0,0.0,0.0,100.0,0,10,-32.2,24.06,-1.338,50.0,7.68,12.43,586.74,0,0.0,0.0
EMP010,2026-02-02,30,98,53,60,23,416,2,2,2,37.29,35.36,30.7,22.9,15.27,34.27,23.93,0.4514,0.0803,0.0801,0.0,0.0,0.0,1.7667,2.0,0.0,10,0,20.8,24.06,0.865,50.0,7.68,12.43,586.74,10,0.6827,208.0
EMP010,2026-02-03,36,90,46,46,17,409,1,1,1,44.86,35.57,31.8,24.5,15.77,30.89,24.17,0.5215,0.2445,0.0799,0.0,0.0,0.0,1.2778,1.2778,0.0,10,0,13.8,24.06,0.574,50.0,7.68,12.43,586.74,10,0.665,204.5
EMP010,2026-02-04,58,36,33,27,11,266,1,1,1,44.71,35.71,33.33,26.03,16.33,30.88,23.55,0.3938,0.2142,-0.0209,0.99,0.0,32.64,0.569,0.4655,0.0,10,0,0.8,24.06,0.033,50.0,7.68,12.43,586.74,10,0.797,133.0
EMP010,2026-02-05,53,33,39,24,14,282,1,1,1,44.86,34.64,33.37,25.23,15.7,30.82,23.55,0.3824,0.3927,0.0389,0.0,4.88,10.83,0.7358,0.4528,0.0,10,0,6.8,24.06,0.283,50.0,7.68,12.43,586.74,10,0.7943,141.0
EMP010,2026-02-06,32,55,43,26,18,317,1,1,1,39.43,34.64,32.7,24.6,15.33,27.89,23.09,0.5956,0.5072,0.0921,0.0,0.0,0.0,1.3438,0.8125,0.0,10,0,10.8,24.06,0.449,50.0,7.68,12.43,586.74,10,0.7192,158.5
EMP010,2026-02-07,14,22,16,12,5,114,1,1,1,32.29,34.93,33.2,24.5,15.47,17.85,23.15,0.6296,0.5466,0.1001,51.81,51.02,67.68,1.1429,0.8571,0.0,10,0,-16.2,24.06,-0.673,50.0,7.68,12.43,586.74,10,0.7105,57.0
EMP010,2026-02-08,0,0,0,0,0,0,1,1,1,32.86,35.07,32.8,23.67,15.13,17.25,23.34,0.4828,0.5522,0.0294,100.0,100.0,100.0,0.0,0.0,100.0,0,10,-32.2,24.06,-1.338,50.0,7.68,12.43,586.74,0,0.0,0.0
EMP010,2026-02-09,51,44,37,25,19,290,2,2,2,32.86,35.07,32.73,23.6,15.1,17.25,23.43,0.0587,0.2501,-0.1657,0.0,0.0,0.0,0.7255,0.4902,0.0,10,0,4.8,24.06,0.2,50.0,7.68,12.43,586.74,10,0.7483,145.0
EMP010,2026-02-10,56,60,52,43,22,375,1,1,1,30.57,37.71,33.4,24.17,15.53,15.39,23.26,-0.0222,0.1515,-0.2033,0.0,0.0,0.0,0.9286,0.7679,0.0,10,0,19.8,24.06,0.823,50.0,7.68,12.43,586.74,10,0.7787,187.5
EMP010,2026-02-11,44,40,36,37,9,282,1,1,1,31.43,38.07,35.13,25.6,16.27,16.36,22.63,-0.1326,0.1063,-0.2687,0.0,0.0,44.68,0.8182,0.8409,0.0,10,0,3.8,24.06,0.158,50.0,7.68,12.43,586.74,10,0.7872,141.0
EMP010,2026-02-12,51,61,39,35,10,291,1,1,1,31.86,38.36,35.27,25.83,15.73,16.44,22.62,-0.1486,0.2102,-0.2554,0.0,0.0,36.43,0.7647,0.6863,0.0,10,0,6.8,24.06,0.283,50.0,7.68,12.43,586.74,10,0.7148,145.5
EMP010,2026-02-13,42,39,31,33,8,275,1,1,1,31.86,35.64,34.83,26.13,15.3,16.44,22.42,-0.0091,0.2705,-0.2423,11.0,0.0,47.71,0.7381,0.7857,0.0,10,0,-1.2,24.06,-0.05,50.0,7.68,12.43,586.74,10,0.7636,137.5
EMP010,2026-02-14,19,18,16,15,7,114,1,1,1,30.14,31.21,34.83,26.57,15.17,15.8,22.42,-0.0603,0.2725,-0.3121,54.06,43.55,53.86,0.8421,0.7895,0.0,10,0,-16.2,24.06,-0.673,50.0,7.68,12.43,586.74,10,0.7544,57.0
EMP010,2026-02-15,0,0,0,0,0,0,1,1,1,30.14,31.5,33.67,25.63,14.87,15.8,22.46,-0.0703,0.3112,-0.3591,100.0,100.0,100.0,0.0,0.0,100.0,0,10,-32.2,24.06,-1.338,50.0,7.68,12.43,586.74,0,0.0,0.0
EMP010,2026-02-16,62,68,46,25,19,336,2,2,2,30.14,31.5,31.8,24.8,14.27,15.8,22.85,-0.1335,0.1415,-0.4334,0.0,0.0,0.0,0.7419,0.4032,0.0,10,0,13.8,24.06,0.574,50.0,7.68,12.43,586.74,10,0.7083,168.0
EMP010,2026-02-17,35,62,60,47,8,321,1,1,1,31.43,31.0,32.73,25.03,14.57,16.65,22.84,-0.137,0.0959,-0.4323,0.0,0.0,45.09,1.7143,1.3429,0.0,10,0,27.8,24.06,1.155,50.0,7.68,12.43,586.74,10,0.729,160.5
EMP010,2026-02-18,40,63,32,44,9,322,1,1,1,32.57,32.0,34.73,26.6,14.83,18.22,22.51,-0.1869,0.065,-0.5751,7.86,0.0,39.31,0.8,1.1,0.0,10,0,-0.2,24.06,-0.008,50.0,7.68,12.43,586.74,10,0.705,161.0
EMP010,2026-02-19,45,39,31,48,8,288,1,1,1,32.0,31.93,34.13,27.23,14.23,18.17,22.34,-0.0992,0.1662,-0.5288,9.17,0.0,43.78,0.6889,1.0667,0.0,10,0,-1.2,24.06,-0.05,50.0,7.68,12.43,586.74,10,0.7917,144.0
EMP010,2026-02-20,60,41,39,36,11,305,1,1,1,30.86,31.36,33.7,27.97,13.17,17.94,22.27,-0.0514,0.2917,-0.3913,0.0,0.0,16.48,0.65,0.6,0.0,10,0,6.8,24.06,0.283,50.0,7.68,12.43,586.74,10,0.7443,152.5
EMP010,2026-02-21,22,24,18,15,4,130,1,1,1,32.0,31.07,33.4,28.07,12.63,18.17,22.13,0.0814,0.3782,-0.3099,46.11,46.56,68.33,0.8182,0.6818,0.0,10,0,-14.2,24.06,-0.59,50.0,7.68,12.43,586.74,10,0.7231,65.0
EMP010,2026-02-22,0,0,0,0,0,0,1,1,1,32.29,31.21,32.7,27.53,11.6,17.93,22.28,0.0207,0.3141,-0.2113,100.0,100.0,100.0,0.0,0.0,100.0,0,10,-32.2,24.06,-1.338,50.0,7.68,12.43,586.74,0,0.0,0.0
EMP010,2026-02-23,25,31,25,22,3,178,2,2,2,32.29,31.21,31.4,26.67,11.0,17.93,23.0,-0.1468,0.1259,-0.242,20.38,17.51,72.73,1.0,0.88,0.0,10,0,-7.2,24.06,-0.299,50.0,7.68,12.43,586.74,10,0.7472,89.0
EMP010,2026-02-24,58,66,54,63,9,384,1,1,1,29.29,30.36,31.77,26.93,10.8,17.12,22.8,-0.3081,0.0085,-0.3075,0.0,0.0,16.67,0.931,1.0862,0.0,10,0,21.8,24.06,0.906,50.0,7.68,12.43,586.74,10,0.7396,192.0
EMP010,2026-02-25,47,42,37,43,10,298,1,1,1,28.43,30.5,33.57,29.03,11.1,15.65,22.35,-0.3838,0.0554,-0.3935,0.0,0.0,9.91,0.7872,0.9149,0.0,10,0,4.8,24.06,0.2,50.0,7.68,12.43,586.74,10,0.7685,149.0
EMP010,2026-02-26,70,43,33,49,7,348,1,1,1,29.14,30.57,34.8,30.47,11.43,15.91,21.47,-0.5931,-0.0547,-0.4772,5.17,0.0,38.76,0.4714,0.7,0.0,10,0,0.8,24.06,0.033,50.0,7.68,12.43,586.74,10,0.7615,174.0
EMP010,2026-02-27,33,52,37,30,10,291,1,1,1,29.43,30.14,34.33,30.7,10.83,15.95,21.35,-0.5206,0.1444,-0.4122,0.0,2.28,7.66,1.1212,0.9091,0.0,10,0,4.8,24.06,0.2,50.0,7.68,12.43,586.74,10,0.732,145.5
EMP010,2026-02-28,21,24,23,15,2,138,1,1,1,29.14,30.57,34.5,30.9,10.37,15.8,21.35,-0.5195,0.0937,-0.3268,33.33,51.46,80.71,1.0952,0.7143,0.0,10,0,-9.2,24.06,-0.382,50.0,7.68,12.43,586.74,10,0.7391,69.0
EMP010,2026-03-01,0,0,0,0,0,0,1,1,1,29.86,31.07,32.7,29.6,10.03,15.38,19.92,-0.3006,0.1504,-0.3695,100.0,100.0,100.0,0.0,0.0,100.0,0,10,-32.2,24.06,-1.338,50.0,7.68,12.43,586.74,0,0.0,0.0
EMP010,2026-03-02,0,0,0,0,0,0,2,2,2,29.86,31.07,29.6,27.73,8.9,15.38,17.37,-0.0957,0.1415,-0.269,100.0,100.0,100.0,0.0,0.0,100.0,0,10,-32.2,24.06,-1.338,50.0,7.68,12.43,586.74,0,0.0,0.0
EMP010,2026-03-03,57,55,66,38,8,353,3,3,3,26.29,27.79,29.2,27.33,8.77,18.65,17.9,-0.408,-0.1459,-0.3602,0.0,0.0,8.78,1.1579,0.6667,0.0,10,0,33.8,24.06,1.405,50.0,7.68,12.43,586.74,10,0.7365,176.5
EMP010,2026-03-04,57,50,37,25,4,293,1,1,1,28.0,28.21,31.4,28.6,9.03,21.46,18.23,-0.372,-0.2656,-0.4256,0.0,12.59,55.7,0.6491,0.4386,0.0,10,0,4.8,24.06,0.2,50.0,7.68,12.43,586.74,10,0.7167,146.5
EMP010,2026-03-05,59,65,30,27,2,274,1,1,1,28.0,28.57,30.87,27.43,8.4,21.46,17.82,-0.1869,-0.0723,-0.3617,2.82,1.57,76.19,0.5085,0.4576,0.0,10,0,-2.2,24.06,-0.091,50.0,7.68,12.43,586.74,10,0.6642,137.0
EMP010,2026-03-06,46,48,32,26,3,283,1,1,1,27.57,28.5,30.33,26.8,7.9,21.39,17.59,-0.0881,0.0529,-0.3437,0.0,2.99,62.03,0.6957,0.5652,0.0,10,0,-0.2,24.06,-0.008,50.0,7.68,12.43,586.74,10,0.7067,141.5
EMP010,2026-03-07,14,17,18,9,1,98,1,1,1,26.86,28.0,30.3,26.77,7.63,21.14,17.59,-0.059,0.0492,-0.3539,40.59,66.38,86.89,1.2857,0.6429,0.0,10,0,-14.2,24.06,-0.59,50.0,7.68,12.43,586.74,10,0.7347,49.0
EMP010,2026-03-08,0,0,0,0,0,0,1,1,1,26.14,28.0,29.6,26.27,7.2,21.34,17.65,-0.0783,-0.0845,-0.3528,100.0,100.0,100.0,0.0,0.0,100.0,0,10,-32.2,24.06,-1.338,50.0,7.68,12.43,586.74,0,0.0,0.0
EMP010,2026-03-09,41,55,44,32,27,349,2,2,2,26.14,28.0,28.17,25.4,6.6,21.34,18.24,-0.1769,-0.2558,-0.3248,0.0,0.0,0.0,1.0732,0.7805,0.0,10,0,11.8,24.06,0.49,50.0,7.68,12.43,586.74,10,0.7249,174.5
EMP010,2026-03-10,33,70,40,43,1,306,1,1,1,32.43,29.36,29.1,26.07,7.33,19.08,18.31,-0.1586,-0.3057,-0.2042,0.0,0.0,86.36,1.2121,1.303,0.0,10,0,7.8,24.06,0.324,50.0,7.68,12.43,586.74,10,0.6471,153.0
EMP010,2026-03-11,59,57,50,24,1,308,1,1,1,28.71,28.36,30.43,27.5,7.37,14.05,17.58,-0.289,-0.3762,-0.2957,0.0,12.73,86.43,0.8475,0.4068,0.0,10,0,17.8,24.06,0.74,50.0,7.68,12.43,586.74,10,0.7143,154.0
EMP010,2026-03-12,44,66,28,26,1,278,1,1,1,30.57,29.29,30.87,27.47,6.77,15.77,17.9,-0.1175,-0.416,-0.2565,9.3,5.35,85.23,0.6364,0.5909,0.0,10,0,-4.2,24.06,-0.175,50.0,7.68,12.43,586.74,10,0.6835,139.0
EMP010,2026-03-13,0,0,0,0,0,0,1,1,1,30.29,28.93,30.07,26.9,6.07,15.8,17.46,0.0098,-0.3184,-0.1887,100.0,100.0,100.0,0.0,0.0,100.0,0,10,-32.2,24.06,-1.338,50.0,7.68,12.43,586.74,0,0.0,0.0
EMP010,2026-03-14,0,2,1,1,0,5,2,2,2,25.71,26.29,28.87,25.67,5.77,18.96,18.24,-0.1433,-0.4222,-0.2076,96.54,96.1,100.0,1.0,1.0,60.0,4,6,-31.2,24.06,-1.297,50.0,7.68,12.43,586.74,4,0.6,2.5
EMP010,2026-03-15,0,0,0,0,0,0,1,1,3,23.29,24.71,27.6,24.53,5.43,20.79,18.8,-0.2532,-0.517,-0.2156,100.0,100.0,100.0,0.0,0.0,100.0,0,10,-32.2,24.06,-1.338,50.0,7.68,12.43,586.74,0,0.0,0.0
EMP010,2026-03-16,52,66,39,27,1,289,2,2,4,23.29,24.71,26.57,23.43,5.17,20.79,19.42,-0.4078,-0.6169,-0.2329,0.0,0.0,80.66,0.75,0.5192,0.0,10,0,6.8,24.06,0.283,50.0,7.68,12.43,586.74,10,0.6678,144.5
EMP010,2026-03-17,29,54,47,30,26,320,1,1,1,22.57,27.5,27.33,23.83,4.97,20.14,19.45,-0.4004,-0.6521,-0.2472,0.0,0.0,0.0,1.6207,1.0345,0.0,10,0,14.8,24.06,0.615,50.0,7.68,12.43,586.74,10,0.7625,160.0
EMP010,2026-03-18,48,55,52,23,0,278,1,1,1,23.57,26.14,28.9,24.83,5.83,21.13,19.07,-0.4621,-0.7766,-0.1457,0.0,7.37,100.0,1.0833,0.4792,10.0,9,1,19.8,24.06,0.823,50.0,7.68,12.43,586.74,9,0.7338,139.0
EMP010,2026-03-19,42,62,48,25,1,277,1,1,2,23.86,27.21,29.1,24.77,5.2,21.5,19.28,-0.1951,-0.7873,-0.0925,0.0,0.0,80.77,1.1429,0.5952,0.0,10,0,15.8,24.06,0.657,50.0,7.68,12.43,586.74,10,0.6787,138.5
EMP010,2026-03-20,60,60,39,44,0,301,1,1,1,26.71,28.5,28.7,24.03,4.97,23.13,18.75,0.1399,-0.6325,-0.1003,0.0,0.0,100.0,0.65,0.7333,10.0,9,1,6.8,24.06,0.283,50.0,7.68,12.43,586.74,9,0.6844,150.5
EMP010,2026-03-21,12,23,16,12,0,92,1,1,2,32.29,29.0,28.93,24.03,4.67,20.58,18.83,0.2291,-0.366,-0.1046,44.69,50.06,100.0,1.3333,1.0,10.0,9,1,-16.2,24.06,-0.673,50.0,7.68,12.43,586.74,9,0.6739,46.0
EMP010,2026-03-22,0,0,0,0,0,0,1,1,3,34.43,28.86,28.43,22.83,4.4,17.8,18.97,0.16,-0.2783,-0.1117,100.0,100.0,100.0,0.0,0.0,100.0,0,10,-32.2,24.06,-1.338,50.0,7.68,12.43,586.74,0,0.0,0.0
EMP010,2026-03-23,36,48,36,31,1,283,2,2,4,34.43,28.86,27.13,21.63,4.03,17.8,19.53,0.0494,-0.3348,-0.0945,0.0,0.0,75.19,1.0,0.8611,0.0,10,0,3.8,24.06,0.158,50.0,7.68,12.43,586.74,10,0.7102,141.5
EMP010,2026-03-24,55,46,50,50,0,319,1,1,1,34.0,28.29,27.73,22.17,3.93,17.72,19.52,0.0436,-0.3201,-0.1143,0.0,0.0,100.0,0.9091,0.9091,10.0,9,1,17.8,24.06,0.74,50.0,7.68,12.43,586.74,9,0.7492,159.5
EMP010,2026-03-25,0,0,0,0,0,0,1,1,2,34.43,29.0,29.4,23.83,3.93,18.06,19.21,-0.004,-0.2934,-0.1669,100.0,100.0,100.0,0.0,0.0,100.0,0,10,-32.2,24.06,-1.338,50.0,7.68,12.43,586.74,0,0.0,0.0
EMP010,2026-03-26,81,72,77,63,1,441,2,2,3,27.0,25.43,28.57,23.1,3.83,19.91,19.91,-0.224,-0.4598,-0.1987,0.0,0.0,73.89,0.9506,0.7778,0.0,10,0,44.8,24.06,1.862,50.0,7.68,12.43,586.74,10,0.7302,220.5
EMP010,2026-03-27,60,82,108,83,1,501,1,1,1,31.14,28.93,29.33,23.1,3.57,25.95,21.27,0.2638,0.0727,-0.1813,0.0,0.0,71.99,1.8,1.3833,0.0,10,0,75.8,24.06,3.15,50.0,7.68,12.43,586.74,10,0.7844,250.5
EMP010,2026-03-28,12,15,14,14,0,80,1,1,1,41.0,36.64,31.7,24.43,3.27,37.57,25.52,0.8242,0.5964,-0.1535,55.84,42.69,100.0,1.1667,1.1667,20.0,8,2,-18.2,24.06,-0.756,50.0,7.68,12.43,586.74,8,0.7375,40.0
EMP010,2026-03-29,0,0,0,0,0,0,1,1,2,40.71,37.57,31.07,23.27,3.03,37.76,25.72,0.719,0.6986,-0.1488,100.0,100.0,100.0,0.0,0.0,100.0,0,10,-32.2,24.06,-1.338,50.0,7.68,12.43,586.74,0,0.0,0.0
EMP010,2026-03-30,58,52,91,69,2,449,2,2,3,40.71,37.57,29.83,22.27,2.7,37.76,26.28,0.5595,0.5949,-0.1204,0.0,0.0,25.93,1.569,1.1897,0.0,10,0,58.8,24.06,2.444,50.0,7.68,12.43,586.74,10,0.7906,224.5
EMP010,2026-03-31,60,103,75,63,2,439,1,1,1,48.57,41.29,32.1,24.07,2.7,41.5,28.44,0.907,0.8463,-0.1297,0.0,0.0,25.93,1.25,1.05,0.0,10,0,42.8,24.06,1.779,50.0,7.68,12.43,586.74,10,0.7039,219.5
EMP011,2026-01-01,0,0,0,0,0,0,1,1,1,0.0,0.0,0.0,0.0,0.0,0.0,0.0,0.0,0.0,0.0,0.0,0.0,0.0,0.0,0.0,100.0,0,10,-29.57,21.09,-1.402,50.0,7.32,5.99,532.39,0,0.0,0.0
EMP011,2026-01-02,66,39,33,40,22,346,2,2,2,0.0,0.0,0.0,0.0,0.0,0.0,0.0,0.0,0.0,0.0,0.0,0.0,0.0,0.5,0.6061,0.0,10,0,3.43,21.09,0.163,50.0,7.32,5.99,532.39,10,0.8237,173.0
EMP011,2026-01-03,24,22,18,16,10,131,1,1,1,16.5,16.5,16.5,20.0,11.0,16.5,16.5,0.0,0.0,0.0,0.0,20.0,9.09,0.75,0.6667,0.0,10,0,-11.57,21.09,-0.549,50.0,7.32,5.99,532.39,10,0.7634,65.5
EMP011,2026-01-04,0,0,0,0,0,0,1,1,1,17.0,17.0,17.0,18.67,10.67,13.49,13.49,9.0,8.0,5.0,100.0,100.0,100.0,0.0,0.0,100.0,0,10,-29.57,21.09,-1.402,50.0,7.32,5.99,532.39,0,0.0,0.0
EMP011,2026-01-05,34,34,41,36,12,258,2,2,2,12.75,12.75,12.75,14.0,8.0,13.81,13.81,-1.5,-2.4,-1.2,0.0,0.0,0.0,1.2059,1.0588,0.0,10,0,11.43,21.09,0.542,50.0,7.32,5.99,532.39,10,0.7791,129.0
EMP011,2026-01-06,23,39,44,34,24,266,1,1,1,18.4,18.4,18.4,18.4,8.8,16.74,16.74,4.9,3.2,0.2,0.0,0.0,0.0,1.913,1.4783,0.0,10,0,14.43,21.09,0.684,50.0,7.32,5.99,532.39,10,0.7669,133.0
EMP011,2026-01-07,26,44,38,38,23,243,1,1,1,22.67,22.67,22.67,21.0,11.33,18.02,18.02,6.4571,4.0571,2.2857,0.0,0.0,0.0,1.4615,1.4615,0.0,10,0,8.43,21.09,0.4,50.0,7.32,5.99,532.39,10,0.7284,121.5
EMP011,2026-01-08,24,57,49,33,14,277,1,1,1,24.86,24.86,24.86,23.43,13.0,17.52,17.52,5.6786,4.3571,2.6786,0.0,0.0,0.0,2.0417,1.375,0.0,10,0,19.43,21.09,0.921,50.0,7.32,5.99,532.39,10,0.6823,138.5
EMP011,2026-01-09,20,30,36,36,19,255,1,1,1,31.86,27.88,27.88,24.62,13.12,15.91,18.23,5.7976,3.7024,1.869,0.0,0.0,0.0,1.8,1.8,0.0,10,0,6.43,21.09,0.305,50.0,7.32,5.99,532.39,10,0.8078,127.5
EMP011,2026-01-10,1,1,1,1,0,6,1,1,1,32.29,28.78,28.78,25.89,13.78,15.97,17.38,4.6,3.35,1.7,96.53,96.14,100.0,1.0,1.0,40.0,6,4,-28.57,21.09,-1.355,50.0,7.32,5.99,532.39,6,0.6667,3.0
EMP011,2026-01-11,0,0,0,0,0,0,1,1,2,29.86,26.0,26.0,23.4,12.4,18.97,18.47,1.8303,1.0788,0.4848,100.0,100.0,100.0,0.0,0.0,100.0,0,10,-29.57,21.09,-1.402,50.0,7.32,5.99,532.39,0,0.0,0.0
EMP011,2026-01-12,22,34,42,34,16,250,2,2,3,29.86,23.64,23.64,21.27,11.27,18.97,19.13,0.1909,-0.2545,-0.2,0.0,0.0,0.0,1.9091,1.5455,0.0,10,0,12.43,21.09,0.589,50.0,7.32,5.99,532.39,10,0.756,125.0
EMP011,2026-01-13,25,27,24,27,10,179,1,1,1,30.0,25.17,25.17,22.33,11.67,19.06,19.01,0.8531,0.2937,0.028,4.65,0.0,14.31,0.96,1.08,0.0,10,0,-5.57,21.09,-0.264,50.0,7.32,5.99,532.39,10,0.7598,89.5
EMP011,2026-01-14,49,27,28,32,12,236,1,1,1,27.14,25.08,25.08,22.69,11.54,18.22,18.26,0.6319,0.3846,-0.033,0.0,0.0,0.0,0.5714,0.6531,0.0,10,0,-1.57,21.09,-0.074,50.0,7.32,5.99,532.39,10,0.8051,118.0
EMP011,2026-01-15,44,60,34,31,11,255,1,1,1,25.71,25.29,25.29,23.36,11.57,17.7,17.62,0.589,0.5736,-0.0132,0.0,0.0,4.93,0.7727,0.7045,0.0,10,0,4.43,21.09,0.21,50.0,7.32,5.99,532.39,10,0.6706,127.5
EMP011,2026-01-16,33,54,29,37,17,258,1,1,1,23.57,27.71,25.87,23.87,11.53,15.53,17.16,0.6964,0.6571,-0.025,0.0,0.0,0.0,0.8788,1.1212,0.0,10,0,-0.57,21.09,-0.027,50.0,7.32,5.99,532.39,10,0.7093,129.0
EMP011,2026-01-17,12,12,15,14,7,100,1,1,1,22.57,27.43,26.06,24.69,11.88,14.91,16.63,0.6426,0.8309,0.1,42.44,43.3,41.08,1.25,1.1667,0.0,10,0,-14.57,21.09,-0.691,50.0,7.32,5.99,532.39,10,0.78,50.0
EMP011,2026-01-18,0,0,0,0,0,0,1,1,1,24.57,27.21,25.41,24.06,11.59,12.65,16.34,0.3186,0.4828,-0.0123,100.0,100.0,100.0,0.0,0.0,100.0,0,10,-29.57,21.09,-1.402,50.0,7.32,5.99,532.39,0,0.0,0.0
EMP011,2026-01-19,47,41,36,38,23,288,2,2,2,24.57,27.21,24.0,22.72,10.94,12.65,16.91,-0.1775,-0.0155,-0.2136,0.0,0.0,0.0,0.766,0.8085,0.0,10,0,6.43,21.09,0.305,50.0,7.32,5.99,532.39,10,0.7361,144.0
EMP011,2026-01-20,59,34,41,31,26,312,1,1,1,23.71,26.86,24.63,23.53,11.58,11.6,16.68,0.0386,0.2281,0.0088,0.0,0.0,0.0,0.6949,0.5254,0.0,10,0,11.43,21.09,0.542,50.0,7.32,5.99,532.39,10,0.7821,156.0
EMP011,2026-01-21,42,44,43,37,10,253,1,1,1,26.14,26.64,25.45,23.9,12.3,13.09,16.64,0.2669,0.3023,0.2135,0.0,0.0,18.7,1.0238,0.881,0.0,10,0,13.43,21.09,0.637,50.0,7.32,5.99,532.39,10,0.7233,126.5
EMP011,2026-01-22,46,33,37,27,16,238,1,1,1,28.29,27.0,26.29,24.52,12.19,14.38,16.67,0.4584,0.4312,0.1545,0.0,0.0,0.0,0.8043,0.587,0.0,10,0,7.43,21.09,0.352,50.0,7.32,5.99,532.39,10,0.7941,119.0
EMP011,2026-01-23,46,47,41,39,20,278,1,1,1,28.71,26.14,26.77,24.64,12.36,14.59,16.44,0.5257,0.4043,0.1796,0.0,0.0,0.0,0.8913,0.8478,0.0,10,0,11.43,21.09,0.542,50.0,7.32,5.99,532.39,10,0.7662,139.0
EMP011,2026-01-24,15,19,9,11,7,98,1,1,1,30.43,26.5,27.39,25.26,12.7,15.21,16.34,0.6146,0.5099,0.2401,67.14,56.45,44.88,0.6,0.7333,0.0,10,0,-20.57,21.09,-0.975,50.0,7.32,5.99,532.39,10,0.7041,49.0
EMP011,2026-01-25,0,0,0,0,0,0,1,1,1,29.57,27.07,26.62,24.67,12.46,16.19,16.41,0.357,0.3061,0.1543,100.0,100.0,100.0,0.0,0.0,100.0,0,10,-29.57,21.09,-1.402,50.0,7.32,5.99,532.39,0,0.0,0.0
EMP011,2026-01-26,0,0,0,0,0,0,2,2,2,29.57,27.07,25.56,23.68,11.96,16.19,16.9,0.07,0.0431,0.0215,100.0,100.0,100.0,0.0,0.0,100.0,0,10,-29.57,21.09,-1.402,50.0,7.32,5.99,532.39,0,0.0,0.0
EMP011,2026-01-27,4,5,2,3,2,25,3,3,3,24.43,24.07,24.58,22.77,11.5,18.84,17.29,-0.1562,-0.1641,-0.0831,91.86,86.82,82.61,0.5,0.75,0.0,10,0,-27.57,21.09,-1.307,50.0,7.32,5.99,532.39,10,0.76,12.5
EMP011,2026-01-28,38,34,29,21,18,250,1,1,1,18.86,22.5,23.74,22.04,11.15,18.88,17.49,-0.3187,-0.3034,-0.1496,0.0,4.72,0.0,0.7632,0.5526,0.0,10,0,-0.57,21.09,-0.027,50.0,7.32,5.99,532.39,10,0.748,125.0
EMP011,2026-01-29,60,60,77,38,14,352,1,1,1,16.86,22.57,23.93,22.0,11.39,16.85,17.2,-0.2469,-0.2797,-0.0835,0.0,0.0,0.0,1.2833,0.6333,0.0,10,0,47.43,21.09,2.249,50.0,7.32,5.99,532.39,10,0.7756,176.0
EMP011,2026-01-30,41,73,85,30,25,369,1,1,1,22.57,25.64,25.76,22.55,11.48,26.65,19.48,0.1438,-0.1414,-0.0571,0.0,0.0,0.0,2.0732,0.7317,0.0,10,0,55.43,21.09,2.628,50.0,7.32,5.99,532.39,10,0.7317,184.5
EMP011,2026-01-31,12,17,17,17,9,117,1,1,1,28.86,29.64,27.73,22.8,11.93,34.33,21.91,0.5121,-0.0796,0.0356,38.69,25.44,24.56,1.4167,1.4167,0.0,10,0,-12.57,21.09,-0.596,50.0,7.32,5.99,532.39,10,0.8034,58.5
EMP011,2026-02-01,0,0,0,0,0,0,1,1,1,30.0,29.79,28.3,23.37,12.23,33.78,21.4,0.2516,-0.2743,-0.0656,100.0,100.0,100.0,0.0,0.0,100.0,0,10,-29.57,21.09,-1.402,50.0,7.32,5.99,532.39,0,0.0,0.0
EMP011,2026-02-02,58,39,34,50,27,326,2,2,2,30.0,29.79,27.2,22.03,11.5,33.78,21.97,0.1014,-0.3103,-0.0772,0.0,0.0,0.0,0.5862,0.8621,0.0,10,0,4.43,21.09,0.21,50.0,7.32,5.99,532.39,10,0.7883,163.0
EMP011,2026-02-03,73,49,41,30,22,338,1,1,1,34.86,29.64,27.73,23.17,12.07,31.48,21.93,0.0819,-0.1715,0.0125,0.0,0.0,0.0,0.5616,0.411,0.0,10,0,11.43,21.09,0.542,50.0,7.32,5.99,532.39,10,0.7515,169.0
EMP011,2026-02-04,32,57,34,24,14,246,1,1,1,40.43,29.64,29.1,24.17,12.8,28.48,21.43,-0.0238,-0.2872,-0.0067,0.0,0.7,0.0,1.0625,0.75,0.0,10,0,4.43,21.09,0.21,50.0,7.32,5.99,532.39,10,0.6992,123.0
EMP011,2026-02-05,31,40,45,31,13,262,1,1,1,41.14,29.0,28.87,23.77,12.87,28.25,21.34,0.0899,-0.2067,-0.0044,0.0,0.0,0.0,1.4516,1.0,0.0,10,0,15.43,21.09,0.732,50.0,7.32,5.99,532.39,10,0.7672,131.0
EMP011,2026-02-06,33,40,39,37,24,273,1,1,1,36.57,29.57,28.9,23.67,12.5,24.41,21.37,0.2983,-0.0894,0.0732,0.0,0.0,0.0,1.1818,1.1212,0.0,10,0,9.43,21.09,0.447,50.0,7.32,5.99,532.39,10,0.7582,136.5
EMP011,2026-02-07,11,16,13,15,4,90,1,1,1,30.0,29.43,28.93,23.63,12.53,14.77,21.38,0.4263,0.0954,0.2198,55.06,36.52,68.08,1.1818,1.3636,0.0,10,0,-16.57,21.09,-0.786,50.0,7.32,5.99,532.39,10,0.7333,45.0
EMP011,2026-02-08,0,0,0,0,0,0,1,1,1,29.43,29.71,27.73,23.03,12.2,15.33,21.23,0.4618,0.1043,0.1749,100.0,100.0,100.0,0.0,0.0,100.0,0,10,-29.57,21.09,-1.402,50.0,7.32,5.99,532.39,0,0.0,0.0
EMP011,2026-02-09,37,58,55,40,11,285,2,2,2,29.43,29.71,26.53,21.83,11.57,15.33,21.74,0.3399,0.0452,0.143,0.0,0.0,4.93,1.4865,1.0811,0.0,10,0,25.43,21.09,1.206,50.0,7.32,5.99,532.39,10,0.7404,142.5
EMP011,2026-02-10,42,60,50,21,25,284,1,1,1,32.43,33.64,28.33,23.13,11.93,17.79,21.79,0.3475,0.0187,0.0596,0.0,9.21,0.0,1.1905,0.5,0.0,10,0,20.43,21.09,0.969,50.0,7.32,5.99,532.39,10,0.7254,142.0
EMP011,2026-02-11,27,56,44,26,10,258,1,1,1,33.71,37.07,30.0,23.83,12.77,18.67,21.47,0.2919,-0.1546,0.0616,0.0,0.0,21.69,1.6296,0.963,0.0,10,0,14.43,21.09,0.684,50.0,7.32,5.99,532.39,10,0.6822,129.0
EMP011,2026-02-12,25,64,26,19,11,225,1,1,1,35.14,38.14,30.07,23.57,12.57,19.01,21.51,0.465,-0.0705,0.0661,13.54,19.39,12.49,1.04,0.76,0.0,10,0,-3.57,21.09,-0.169,50.0,7.32,5.99,532.39,10,0.6356,112.5
EMP011,2026-02-13,30,21,23,18,16,172,1,1,1,32.43,34.5,30.13,23.3,12.6,18.77,21.49,0.3969,-0.0763,0.0383,23.66,22.75,0.0,0.7667,0.6,0.0,10,0,-6.57,21.09,-0.312,50.0,7.32,5.99,532.39,10,0.7616,86.0
EMP011,2026-02-14,0,0,0,0,0,0,1,1,1,30.14,30.07,29.97,22.83,12.73,18.8,21.53,0.3362,-0.0505,0.0561,100.0,100.0,100.0,0.0,0.0,100.0,0,10,-29.57,21.09,-1.402,50.0,7.32,5.99,532.39,0,0.0,0.0
EMP011,2026-02-15,0,0,0,0,0,0,2,2,2,28.29,28.86,28.83,21.8,12.37,20.93,22.17,0.1706,-0.1415,-0.038,100.0,100.0,100.0,0.0,0.0,100.0,0,10,-29.57,21.09,-1.402,50.0,7.32,5.99,532.39,0,0.0,0.0
EMP011,2026-02-16,32,43,29,37,17,269,3,3,3,28.29,28.86,27.87,20.57,11.8,20.93,22.77,-0.0142,-0.1773,-0.0859,0.0,0.0,0.0,0.9062,1.1562,0.0,10,0,-0.57,21.09,-0.027,50.0,7.32,5.99,532.39,10,0.7621,134.5
EMP011,2026-02-17,39,70,41,41,23,312,1,1,1,24.57,28.5,28.33,21.33,12.13,17.95,22.64,-0.0957,-0.1166,-0.0854,0.0,0.0,0.0,1.0513,1.0513,0.0,10,0,11.43,21.09,0.542,50.0,7.32,5.99,532.39,10,0.6955,156.0
EMP011,2026-02-18,41,54,35,46,16,266,1,1,1,23.29,28.5,29.7,22.7,12.9,16.33,22.12,-0.2093,-0.1368,-0.099,0.0,0.0,0.0,0.8537,1.122,0.0,10,0,5.43,21.09,0.257,50.0,7.32,5.99,532.39,10,0.7331,133.0
EMP011,2026-02-19,27,33,33,24,14,225,1,1,1,22.0,28.57,29.67,22.97,12.67,14.95,22.11,-0.1317,0.119,-0.0093,0.0,0.0,0.0,1.2222,0.8889,0.0,10,0,3.43,21.09,0.163,50.0,7.32,5.99,532.39,10,0.7244,112.5
EMP011,2026-02-20,30,52,37,25,20,282,1,1,1,23.0,27.71,29.4,22.73,12.27,15.41,22.02,-0.032,0.1811,0.0912,0.0,0.0,0.0,1.2333,0.8333,0.0,10,0,7.43,21.09,0.352,50.0,7.32,5.99,532.39,10,0.7128,141.0
EMP011,2026-02-21,12,20,17,14,5,108,1,1,1,25.0,27.57,29.2,22.33,12.6,16.17,21.92,0.1108,0.2941,0.1255,41.78,37.3,60.32,1.4167,1.1667,0.0,10,0,-12.57,21.09,-0.596,50.0,7.32,5.99,532.39,10,0.7593,54.0
EMP011,2026-02-22,0,0,0,0,0,0,1,1,1,27.43,27.86,28.53,21.9,12.23,13.24,21.98,0.0859,0.2725,0.0999,100.0,100.0,100.0,0.0,0.0,100.0,0,10,-29.57,21.09,-1.402,50.0,7.32,5.99,532.39,0,0.0,0.0
EMP011,2026-02-23,25,38,33,33,23,259,2,2,2,27.43,27.86,27.17,20.6,11.57,13.24,22.43,-0.0122,0.2492,0.0745,0.0,0.0,0.0,1.32,1.32,0.0,10,0,3.43,21.09,0.163,50.0,7.32,5.99,532.39,10,0.7413,129.5
EMP011,2026-02-24,42,49,29,29,14,295,1,1,1,28.0,26.29,27.97,21.33,12.1,13.38,22.2,-0.0999,0.263,0.1168,0.0,0.0,0.0,0.6905,0.6905,0.0,10,0,-0.57,21.09,-0.027,50.0,7.32,5.99,532.39,10,0.7356,147.5
EMP011,2026-02-25,20,42,32,24,24,250,1,1,1,26.29,24.79,28.93,22.3,12.57,12.34,21.58,-0.2861,0.1653,0.0456,0.0,0.0,0.0,1.6,1.2,0.0,10,0,2.43,21.09,0.115,50.0,7.32,5.99,532.39,10,0.712,125.0
EMP011,2026-02-26,21,45,48,22,13,259,1,1,1,25.86,23.93,30.0,23.1,13.37,12.08,20.9,-0.4659,0.0225,0.0327,0.0,4.76,2.77,2.2857,1.0476,0.0,10,0,18.43,21.09,0.874,50.0,7.32,5.99,532.39,10,0.7259,129.5
EMP011,2026-02-27,39,53,49,46,26,321,1,1,1,28.0,25.5,31.53,23.73,13.73,14.28,20.48,-0.5428,-0.1232,-0.0481,0.0,0.0,0.0,1.2564,1.1795,0.0,10,0,19.43,21.09,0.921,50.0,7.32,5.99,532.39,10,0.7726,160.5
EMP011,2026-02-28,8,23,31,10,5,117,1,1,1,29.71,27.36,32.2,24.57,14.0,15.89,20.71,-0.4476,0.0016,0.0605,3.73,59.3,64.29,3.875,1.25,0.0,10,0,1.43,21.09,0.068,50.0,7.32,5.99,532.39,10,0.7179,58.5
EMP011,2026-03-01,0,0,0,0,0,0,1,1,1,31.71,29.57,30.67,23.63,13.7,15.02,18.96,-0.1464,0.0002,0.0024,100.0,100.0,100.0,0.0,0.0,100.0,0,10,-29.57,21.09,-1.402,50.0,7.32,5.99,532.39,0,0.0,0.0
EMP011,2026-03-02,0,0,0,0,0,0,2,2,2,31.71,29.57,27.83,22.63,12.87,15.02,16.87,0.0305,-0.1083,-0.008,100.0,100.0,100.0,0.0,0.0,100.0,0,10,-29.57,21.09,-1.402,50.0,7.32,5.99,532.39,0,0.0,0.0
EMP011,2026-03-03,63,71,67,48,23,381,3,3,3,27.0,27.5,27.27,22.07,12.57,18.62,17.5,-0.2238,-0.2932,-0.1177,0.0,0.0,0.0,1.0635,0.7619,0.0,10,0,37.43,21.09,1.775,50.0,7.32,5.99,532.39,10,0.7454,190.5
EMP011,2026-03-04,22,39,43,35,23,279,1,1,1,32.43,29.36,29.5,23.67,13.33,23.35,18.14,-0.1555,-0.2781,-0.137,0.0,0.0,0.0,1.9545,1.5909,0.0,10,0,13.43,21.09,0.637,50.0,7.32,5.99,532.39,10,0.7742,139.5
EMP011,2026-03-05,0,0,0,0,0,0,1,1,1,34.0,29.93,29.8,23.17,13.2,23.64,18.28,-0.0374,-0.0234,0.0196,100.0,100.0,100.0,0.0,0.0,100.0,0,10,-29.57,21.09,-1.402,50.0,7.32,5.99,532.39,0,0.0,0.0
EMP011,2026-03-06,28,29,27,13,12,170,2,2,2,27.14,27.57,28.43,22.17,12.47,25.48,18.92,-0.1524,-0.1257,-0.0049,5.03,41.36,3.77,0.9643,0.4643,0.0,10,0,-2.57,21.09,-0.122,50.0,7.32,5.99,532.39,10,0.7412,85.0
EMP011,2026-03-07,12,13,17,14,5,109,1,1,1,24.0,26.86,28.2,21.8,12.4,23.89,18.89,-0.1232,-0.1722,0.0027,39.72,35.78,59.68,1.4167,1.1667,0.0,10,0,-12.57,21.09,-0.596,50.0,7.32,5.99,532.39,10,0.7798,54.5
EMP011,2026-03-08,0,0,0,0,0,0,1,1,1,22.0,26.86,27.27,21.23,12.13,23.81,18.73,-0.0796,-0.1591,-0.0409,100.0,100.0,100.0,0.0,0.0,100.0,0,10,-29.57,21.09,-1.402,50.0,7.32,5.99,532.39,0,0.0,0.0
EMP011,2026-03-09,27,38,44,42,15,278,2,2,2,22.0,26.86,25.97,20.0,11.33,23.81,19.22,-0.1746,-0.1873,-0.0374,0.0,0.0,0.0,1.6296,1.5556,0.0,10,0,14.43,21.09,0.684,50.0,7.32,5.99,532.39,10,0.7662,139.0
EMP011,2026-03-10,44,66,28,34,26,294,1,1,1,28.29,27.64,27.0,20.9,11.7,22.96,19.32,-0.1477,-0.0799,-0.0643,0.0,0.0,0.0,0.6364,0.7727,0.0,10,0,-1.57,21.09,-0.074,50.0,7.32,5.99,532.39,10,0.7075,147.0
EMP011,2026-03-11,39,53,29,34,22,267,1,1,1,22.71,27.57,27.93,22.03,12.57,16.8,18.66,-0.3275,-0.1395,-0.0527,0.0,0.0,0.0,0.7436,0.8718,0.0,10,0,-0.57,21.09,-0.027,50.0,7.32,5.99,532.39,10,0.7154,133.5
EMP011,2026-03-12,37,38,39,27,10,241,1,1,1,20.71,27.36,27.07,21.83,12.93,15.0,17.98,-0.1339,0.0616,-0.0027,0.0,0.0,22.66,1.0541,0.7297,0.0,10,0,9.43,21.09,0.447,50.0,7.32,5.99,532.39,10,0.7261,120.5
EMP011,2026-03-13,39,52,35,41,10,276,1,1,1,26.29,26.71,26.7,22.03,12.43,13.43,17.61,0.1012,0.0892,0.0616,0.0,0.0,19.55,0.8974,1.0513,0.0,10,0,5.43,21.09,0.257,50.0,7.32,5.99,532.39,10,0.7065,138.0
EMP011,2026-03-14,12,21,12,14,5,99,1,1,1,27.43,25.71,26.4,22.53,12.43,13.78,17.39,0.2741,0.2389,0.0291,54.55,37.86,59.77,1.0,1.1667,0.0,10,0,-17.57,21.09,-0.833,50.0,7.32,5.99,532.39,10,0.6768,49.5
EMP011,2026-03-15,0,0,0,0,0,0,1,1,1,26.71,24.36,25.93,22.37,12.23,14.42,17.58,0.1784,0.1595,-0.0287,100.0,100.0,100.0,0.0,0.0,100.0,0,10,-29.57,21.09,-1.402,50.0,7.32,5.99,532.39,0,0.0,0.0
EMP011,2026-03-16,29,51,43,27,14,255,2,2,2,26.71,24.36,25.17,21.77,11.7,14.42,18.18,-0.0091,-0.0149,-0.0816,0.0,0.0,0.0,1.4828,0.931,0.0,10,0,13.43,21.09,0.637,50.0,7.32,5.99,532.39,10,0.6941,127.5
EMP011,2026-03-17,33,41,29,44,20,251,1,1,1,26.57,27.43,26.6,22.67,12.17,14.25,17.84,-0.0676,-0.1313,-0.1475,0.0,0.0,0.0,0.8788,1.3333,0.0,10,0,-0.57,21.09,-0.027,50.0,7.32,5.99,532.39,10,0.7689,125.5
EMP011,2026-03-18,25,60,35,33,14,266,1,1,1,26.71,24.71,27.57,24.13,12.83,14.27,17.14,-0.2356,-0.1499,-0.1809,0.0,0.0,0.0,1.4,1.32,0.0,10,0,5.43,21.09,0.257,50.0,7.32,5.99,532.39,10,0.7105,133.0
EMP011,2026-03-19,36,52,50,22,15,264,1,1,1,27.57,24.14,27.77,24.0,12.73,14.56,17.19,-0.1778,-0.004,-0.1446,0.0,8.33,0.0,1.3889,0.6111,0.0,10,0,20.43,21.09,0.969,50.0,7.32,5.99,532.39,10,0.7311,132.0
EMP011,2026-03-20,23,53,36,29,20,273,1,1,1,29.14,27.71,28.07,23.37,12.47,16.21,17.49,0.057,0.1003,-0.0592,0.0,0.0,0.0,1.5652,1.2609,0.0,10,0,6.43,21.09,0.305,50.0,7.32,5.99,532.39,10,0.7143,136.5
EMP011,2026-03-21,15,27,17,14,4,110,1,1,1,29.29,28.36,28.1,22.8,12.6,16.26,17.51,0.156,0.2928,0.0138,39.5,38.6,68.25,1.1333,0.9333,0.0,10,0,-12.57,21.09,-0.596,50.0,7.32,5.99,532.39,10,0.7,55.0
EMP011,2026-03-22,0,0,0,0,0,0,1,1,1,30.0,28.36,27.57,22.47,12.27,15.58,17.59,0.1181,0.2443,-0.032,100.0,100.0,100.0,0.0,0.0,100.0,0,10,-29.57,21.09,-1.402,50.0,7.32,5.99,532.39,0,0.0,0.0
EMP011,2026-03-23,22,38,45,45,29,286,2,2,2,30.0,28.36,26.33,21.63,11.6,15.58,18.18,0.0053,0.1168,-0.0578,0.0,0.0,0.0,2.0455,2.0455,0.0,10,0,15.43,21.09,0.732,50.0,7.32,5.99,532.39,10,0.7587,143.0
EMP011,2026-03-24,41,66,51,33,17,338,1,1,1,30.29,28.43,27.27,22.67,12.4,15.84,18.39,0.0614,0.2149,0.0089,0.0,0.0,0.0,1.2439,0.8049,0.0,10,0,21.43,21.09,1.016,50.0,7.32,5.99,532.39,10,0.7071,169.0
EMP011,2026-03-25,50,45,54,52,40,383,1,1,1,33.43,30.07,28.97,23.77,12.97,17.38,18.15,0.0265,0.1253,-0.0469,0.0,0.0,0.0,1.08,1.04,0.0,10,0,24.43,21.09,1.158,50.0,7.32,5.99,532.39,10,0.812,191.5
EMP011,2026-03-26,46,58,94,77,36,466,1,1,1,36.14,31.86,29.67,24.4,13.53,18.83,18.69,0.2158,0.3711,0.1967,0.0,0.0,0.0,2.0435,1.6739,0.0,10,0,64.43,21.09,3.055,50.0,7.32,5.99,532.39,10,0.7983,233.0
EMP011,2026-03-27,23,27,43,24,15,209,1,1,1,42.43,35.79,31.83,26.0,14.27,27.68,21.97,0.6263,0.7422,0.3448,0.0,7.69,0.0,1.8696,1.0435,0.0,10,0,13.43,21.09,0.637,50.0,7.32,5.99,532.39,10,0.799,104.5
EMP011,2026-03-28,14,21,28,17,19,164,1,1,1,43.43,36.36,32.2,26.0,13.97,27.55,22.06,0.6994,0.7155,0.4167,13.04,34.62,0.0,2.0,1.2143,0.0,10,0,-1.57,21.09,-0.074,50.0,7.32,5.99,532.39,10,0.7927,82.0
EMP011,2026-03-29,0,0,0,0,0,0,1,1,1,45.0,37.5,31.53,25.83,14.17,26.28,21.87,0.7813,0.6298,0.4425,100.0,100.0,100.0,0.0,0.0,100.0,0,10,-29.57,21.09,-1.402,50.0,7.32,5.99,532.39,0,0.0,0.0
EMP011,2026-03-30,26,60,79,55,22,357,2,2,2,45.0,37.5,29.9,24.3,13.3,26.28,22.33,0.6983,0.6022,0.4327,0.0,0.0,0.0,3.0385,2.1154,0.0,10,0,49.43,21.09,2.344,50.0,7.32,5.99,532.39,10,0.7703,178.5
EMP011,2026-03-31,35,47,49,47,39,350,1,1,1,49.86,40.07,31.5,25.8,13.87,28.85,24.01,1.0227,0.7017,0.4316,0.0,0.0,0.0,1.4,1.3429,0.0,10,0,19.43,21.09,0.921,50.0,7.32,5.99,532.39,10,0.7914,175.0
EMP012,2026-01-01,0,0,0,0,0,0,1,1,1,0.0,0.0,0.0,0.0,0.0,0.0,0.0,0.0,0.0,0.0,0.0,0.0,0.0,0.0,0.0,100.0,0,10,-32.36,24.2,-1.337,50.0,5.24,11.78,552.1,0,0.0,0.0
EMP012,2026-01-02,59,81,68,44,16,430,2,2,2,0.0,0.0,0.0,0.0,0.0,0.0,0.0,0.0,0.0,0.0,0.0,0.0,0.0,1.1525,0.7458,0.0,10,0,35.64,24.2,1.473,50.0,5.24,11.78,552.1,10,0.6953,215.0
EMP012,2026-01-03,12,24,23,11,6,134,1,1,1,34.0,34.0,34.0,22.0,8.0,34.0,34.0,0.0,0.0,0.0,32.35,50.0,25.0,1.9167,0.9167,0.0,10,0,-9.36,24.2,-0.387,50.0,5.24,11.78,552.1,10,0.7015,67.0
EMP012,2026-01-04,0,0,0,0,0,0,1,1,1,30.33,30.33,30.33,18.33,7.33,28.24,28.24,11.5,5.5,3.0,100.0,100.0,100.0,0.0,0.0,100.0,0,10,-32.36,24.2,-1.337,50.0,5.24,11.78,552.1,0,0.0,0.0
EMP012,2026-01-05,46,41,43,24,27,294,2,2,2,22.75,22.75,22.75,13.75,5.5,27.76,27.76,-4.5,-3.3,-1.0,0.0,0.0,0.0,0.9348,0.5217,0.0,10,0,10.64,24.2,0.44,50.0,5.24,11.78,552.1,10,0.7585,147.0
EMP012,2026-01-06,44,62,52,31,25,325,1,1,1,26.8,26.8,26.8,15.8,9.8,26.12,26.12,1.8,0.4,3.8,0.0,0.0,0.0,1.1818,0.7045,0.0,10,0,19.64,24.2,0.812,50.0,5.24,11.78,552.1,10,0.7446,162.5
EMP012,2026-01-07,34,67,35,41,27,301,1,1,1,31.0,31.0,31.0,18.33,12.33,25.63,25.63,4.6286,2.4,4.3429,0.0,0.0,0.0,1.0294,1.2059,0.0,10,0,2.64,24.2,0.109,50.0,5.24,11.78,552.1,10,0.701,150.5
EMP012,2026-01-08,28,59,49,27,31,302,1,1,1,31.57,31.57,31.57,21.57,14.43,23.77,23.77,3.3214,3.9286,4.2857,0.0,0.0,0.0,1.75,0.9643,0.0,10,0,16.64,24.2,0.688,50.0,5.24,11.78,552.1,10,0.7119,151.0
EMP012,2026-01-09,17,42,22,25,10,198,1,1,1,38.57,33.75,33.75,22.25,16.5,20.42,22.97,3.6667,3.0714,4.2381,34.81,0.0,39.39,1.2941,1.4706,0.0,10,0,-10.36,24.2,-0.428,50.0,5.24,11.78,552.1,10,0.7222,99.0
EMP012,2026-01-10,10,23,18,11,5,104,1,1,1,32.0,32.44,32.44,22.56,15.78,17.0,21.97,1.7833,2.3333,2.5333,44.51,51.24,68.31,1.8,1.1,0.0,10,0,-14.36,24.2,-0.593,50.0,5.24,11.78,552.1,10,0.6827,52.0
EMP012,2026-01-11,0,0,0,0,0,0,1,1,1,31.29,31.0,31.0,21.4,14.7,17.47,21.28,0.5091,1.0667,1.2545,100.0,100.0,100.0,0.0,0.0,100.0,0,10,-32.36,24.2,-1.337,50.0,5.24,11.78,552.1,0,0.0,0.0
EMP012,2026-01-12,31,32,21,20,17,205,2,2,2,31.29,28.18,28.18,19.45,13.36,17.47,22.16,-1.0273,-0.1727,0.2727,25.48,0.0,0.0,0.6774,0.6452,0.0,10,0,-11.36,24.2,-0.469,50.0,5.24,11.78,552.1,10,0.7902,102.5
EMP012,2026-01-13,57,69,33,25,30,334,1,1,1,28.14,27.58,27.58,19.5,13.67,17.05,21.31,-1.0664,-0.1119,0.3497,0.0,0.0,0.0,0.5789,0.4386,0.0,10,0,0.64,24.2,0.026,50.0,5.24,11.78,552.1,10,0.6796,167.0
EMP012,2026-01-14,31,51,29,32,17,257,1,1,1,25.43,28.0,28.0,19.92,14.92,14.33,20.53,-0.6593,0.0934,0.8132,0.0,0.0,0.0,0.9355,1.0323,0.0,10,0,-3.36,24.2,-0.139,50.0,5.24,11.78,552.1,10,0.716,128.5
EMP012,2026-01-15,28,58,42,40,20,283,1,1,1,24.57,28.07,28.07,20.79,15.07,13.91,19.78,-0.4989,0.4198,0.7099,0.0,0.0,0.0,1.5,1.4286,0.0,10,0,9.64,24.2,0.398,50.0,5.24,11.78,552.1,10,0.7314,141.5
EMP012,2026-01-16,55,45,32,39,19,327,1,1,1,23.57,31.07,29.0,22.07,15.4,12.27,19.43,-0.0571,0.8214,0.7,0.0,0.0,0.0,0.5818,0.7091,0.0,10,0,-0.36,24.2,-0.015,50.0,5.24,11.78,552.1,10,0.7798,163.5
EMP012,2026-01-17,21,22,20,16,9,124,1,1,1,25.0,28.5,29.19,23.12,15.62,12.58,18.82,0.0191,1.05,0.6559,31.48,30.8,42.38,0.9524,0.7619,0.0,10,0,-12.36,24.2,-0.511,50.0,5.24,11.78,552.1,10,0.7742,62.0
EMP012,2026-01-18,0,0,0,0,0,0,1,1,1,25.29,28.29,28.65,22.71,15.24,12.44,18.39,-0.1642,0.7353,0.4167,100.0,100.0,100.0,0.0,0.0,100.0,0,10,-32.36,24.2,-1.337,50.0,5.24,11.78,552.1,0,0.0,0.0
EMP012,2026-01-19,37,75,46,48,18,331,2,2,2,25.29,28.29,27.06,21.44,14.39,12.44,19.04,-0.6409,0.2208,0.0836,0.0,0.0,0.0,1.2432,1.2973,0.0,10,0,13.64,24.2,0.564,50.0,5.24,11.78,552.1,10,0.6918,165.5
EMP012,2026-01-20,34,66,51,37,19,350,1,1,1,28.86,28.5,28.05,22.84,14.58,14.17,19.01,-0.2456,0.607,0.1281,0.0,0.0,0.0,1.5,1.0882,0.0,10,0,18.64,24.2,0.77,50.0,5.24,11.78,552.1,10,0.7257,175.0
EMP012,2026-01-21,5,4,4,3,2,25,1,1,1,31.43,28.43,29.2,23.55,14.8,16.18,19.19,0.1173,0.7226,0.1729,86.3,87.26,86.49,0.8,0.6,0.0,10,0,-28.36,24.2,-1.172,50.0,5.24,11.78,552.1,10,0.76,12.5
EMP012,2026-01-22,31,54,37,38,24,312,1,1,1,27.86,26.21,28.0,22.57,14.19,18.86,19.48,-0.226,0.3571,-0.0169,0.0,0.0,0.0,1.1935,1.2258,0.0,10,0,4.64,24.2,0.192,50.0,5.24,11.78,552.1,10,0.7372,156.0
EMP012,2026-01-23,22,40,36,49,30,328,1,1,1,27.14,25.36,28.41,23.27,14.64,18.4,19.12,-0.0898,0.4935,0.1016,0.0,0.0,0.0,1.6364,2.2273,0.0,10,0,3.64,24.2,0.15,50.0,5.24,11.78,552.1,10,0.7591,164.0
EMP012,2026-01-24,22,29,20,12,10,141,1,1,1,27.71,26.36,28.74,24.39,15.3,18.6,18.77,0.004,0.7115,0.2559,30.41,50.8,34.64,0.9091,0.5455,0.0,10,0,-12.36,24.2,-0.511,50.0,5.24,11.78,552.1,10,0.7163,70.5
EMP012,2026-01-25,0,0,0,0,0,0,1,1,1,27.71,26.5,28.38,23.88,15.08,18.6,18.45,-0.0839,0.5022,0.1722,100.0,100.0,100.0,0.0,0.0,100.0,0,10,-32.36,24.2,-1.337,50.0,5.24,11.78,552.1,0,0.0,0.0
EMP012,2026-01-26,0,0,0,0,0,0,2,2,2,27.71,26.5,27.24,22.92,14.48,18.6,18.92,-0.3362,0.2238,0.0131,100.0,100.0,100.0,0.0,0.0,100.0,0,10,-32.36,24.2,-1.337,50.0,5.24,11.78,552.1,0,0.0,0.0
EMP012,2026-01-27,30,78,48,35,23,364,3,3,3,21.14,25.0,26.19,22.04,13.92,19.1,19.28,-0.5316,0.0031,-0.1121,0.0,0.0,0.0,1.6,1.1667,0.0,10,0,15.64,24.2,0.646,50.0,5.24,11.78,552.1,10,0.7115,182.0
EMP012,2026-01-28,40,42,48,43,12,284,1,1,1,20.71,26.07,27.0,22.52,14.26,18.44,19.36,-0.3016,0.1056,-0.0281,0.0,0.0,15.85,1.2,1.075,0.0,10,0,15.64,24.2,0.646,50.0,5.24,11.78,552.1,10,0.7782,142.0
EMP012,2026-01-29,0,0,0,0,0,0,1,1,1,27.0,27.43,27.75,23.25,14.18,19.16,19.4,-0.1152,0.246,-0.0419,100.0,100.0,100.0,0.0,0.0,100.0,0,10,-32.36,24.2,-1.337,50.0,5.24,11.78,552.1,0,0.0,0.0
EMP012,2026-01-30,45,80,80,46,32,440,2,2,2,21.71,24.43,26.79,22.45,13.69,20.71,19.73,-0.2951,0.0611,-0.1355,0.0,0.0,0.0,1.7778,1.0222,0.0,10,0,47.64,24.2,1.969,50.0,5.24,11.78,552.1,10,0.7432,220.0
EMP012,2026-01-31,22,23,20,14,11,135,1,1,1,28.0,27.86,28.57,23.23,14.3,29.08,21.62,0.0768,0.2071,-0.0042,30.0,39.73,23.08,0.9091,0.6364,0.0,10,0,-12.36,24.2,-0.511,50.0,5.24,11.78,552.1,10,0.763,67.5
EMP012,2026-02-01,0,0,0,0,0,0,1,1,1,28.0,27.86,29.23,23.7,14.67,29.08,21.03,-0.1755,-0.0127,-0.1241,100.0,100.0,100.0,0.0,0.0,100.0,0,10,-32.36,24.2,-1.337,50.0,5.24,11.78,552.1,0,0.0,0.0
EMP012,2026-02-02,78,75,63,56,22,444,2,2,2,28.0,27.86,26.97,22.23,14.13,29.08,20.38,-0.0968,-0.0256,-0.2096,0.0,0.0,0.0,0.8077,0.7179,0.0,10,0,30.64,24.2,1.266,50.0,5.24,11.78,552.1,10,0.741,222.0
EMP012,2026-02-03,53,57,41,39,30,366,1,1,1,37.0,29.07,28.3,23.73,14.67,28.77,21.37,0.1083,0.1148,-0.2149,0.0,0.0,0.0,0.7736,0.7358,0.0,10,0,8.64,24.2,0.357,50.0,5.24,11.78,552.1,10,0.7732,183.0
EMP012,2026-02-04,33,39,39,43,19,275,1,1,1,36.0,28.36,29.67,25.03,15.67,28.49,20.82,-0.0049,0.0496,-0.2171,0.0,0.0,0.0,1.1818,1.303,0.0,10,0,6.64,24.2,0.274,50.0,5.24,11.78,552.1,10,0.76,137.5
EMP012,2026-02-05,30,38,62,43,18,303,1,1,1,34.71,30.86,29.53,25.67,15.4,28.12,20.74,0.1473,0.1584,-0.1175,0.0,0.0,0.0,2.0667,1.4333,0.0,10,0,29.64,24.2,1.225,50.0,5.24,11.78,552.1,10,0.769,151.5
EMP012,2026-02-06,63,45,37,43,17,326,1,1,1,43.57,32.64,29.87,26.07,15.17,25.43,21.18,0.5117,0.307,-0.0345,0.0,0.0,0.0,0.5873,0.6825,0.0,10,0,4.64,24.2,0.192,50.0,5.24,11.78,552.1,10,0.7515,163.0
EMP012,2026-02-07,17,22,11,14,10,115,1,1,1,37.43,32.71,29.93,26.13,14.83,20.62,21.2,0.5931,0.5192,0.059,63.25,46.42,32.57,0.6471,0.8235,0.0,10,0,-21.36,24.2,-0.883,50.0,5.24,11.78,552.1,10,0.6957,57.5
EMP012,2026-02-08,0,0,0,0,0,0,1,1,1,36.14,32.07,28.67,25.7,14.13,21.91,21.15,0.6024,0.4469,0.1393,100.0,100.0,100.0,0.0,0.0,100.0,0,10,-32.36,24.2,-1.337,50.0,5.24,11.78,552.1,0,0.0,0.0
EMP012,2026-02-09,30,69,32,44,17,344,2,2,2,36.14,32.07,27.93,24.87,13.8,21.91,21.75,0.3715,0.2763,0.0196,0.0,0.0,0.0,1.0667,1.4667,0.0,10,0,-0.36,24.2,-0.015,50.0,5.24,11.78,552.1,10,0.7151,172.0
EMP012,2026-02-10,62,67,47,58,17,368,1,1,1,31.71,34.36,28.4,25.97,14.2,18.97,21.68,0.3293,0.3041,-0.0205,0.0,0.0,0.0,0.7581,0.9355,0.0,10,0,14.64,24.2,0.605,50.0,5.24,11.78,552.1,10,0.7473,184.0
EMP012,2026-02-11,0,0,0,0,0,0,1,1,1,32.57,34.29,29.97,27.9,14.77,19.5,21.26,0.2534,0.3317,-0.1003,100.0,100.0,100.0,0.0,0.0,100.0,0,10,-32.36,24.2,-1.337,50.0,5.24,11.78,552.1,0,0.0,0.0
EMP012,2026-02-12,47,52,43,36,22,323,2,2,2,27.0,30.86,29.27,27.23,14.2,22.25,21.88,-0.0018,0.0972,-0.1802,0.0,0.0,0.0,0.9149,0.766,0.0,10,0,10.64,24.2,0.44,50.0,5.24,11.78,552.1,10,0.7616,161.5
EMP012,2026-02-13,36,54,27,50,25,291,1,1,1,24.29,33.93,29.6,27.6,13.93,18.68,22.01,0.1126,0.1384,-0.0209,8.78,0.0,0.0,0.75,1.3889,0.0,10,0,-5.36,24.2,-0.221,50.0,5.24,11.78,552.1,10,0.7491,145.5
EMP012,2026-02-14,20,17,14,16,6,103,1,1,1,22.86,30.14,29.53,28.2,14.2,18.03,22.02,0.0917,0.3132,0.0716,52.59,43.26,57.75,0.7,0.8,0.0,10,0,-18.36,24.2,-0.759,50.0,5.24,11.78,552.1,10,0.7573,51.5
EMP012,2026-02-15,0,0,0,0,0,0,1,1,1,23.29,29.71,28.6,27.4,13.73,17.77,22.06,0.0774,0.3159,0.0587,100.0,100.0,100.0,0.0,0.0,100.0,0,10,-32.36,24.2,-1.337,50.0,5.24,11.78,552.1,0,0.0,0.0
EMP012,2026-02-16,51,81,36,38,30,352,2,2,2,23.29,29.71,27.53,26.1,13.1,17.77,22.64,-0.0836,0.2191,0.0065,0.0,0.0,0.0,0.7059,0.7451,0.0,10,0,3.64,24.2,0.15,50.0,5.24,11.78,552.1,10,0.6648,176.0
EMP012,2026-02-17,42,84,54,34,14,355,1,1,1,23.86,27.79,28.07,26.83,13.8,18.11,22.64,-0.081,0.2263,0.0872,0.0,0.0,0.0,1.2857,0.8095,0.0,10,0,21.64,24.2,0.894,50.0,5.24,11.78,552.1,10,0.6986,177.5
EMP012,2026-02-18,35,50,40,26,26,311,1,1,1,24.86,28.71,29.87,27.97,14.27,19.5,22.49,-0.1072,0.0874,-0.0067,0.0,7.04,0.0,1.1429,0.7429,0.0,10,0,7.64,24.2,0.316,50.0,5.24,11.78,552.1,10,0.7235,155.5
EMP012,2026-02-19,44,66,32,37,16,284,1,1,1,30.57,28.79,29.67,27.23,14.53,17.09,22.37,0.0694,0.2129,0.0948,0.0,0.0,0.0,0.7273,0.8409,0.0,10,0,-0.36,24.2,-0.015,50.0,5.24,11.78,552.1,10,0.6725,142.0
EMP012,2026-02-20,41,69,32,37,22,294,1,1,1,29.0,26.64,29.03,27.23,14.43,16.36,22.02,0.2316,0.3433,0.135,0.0,0.0,0.0,0.7805,0.9024,0.0,10,0,-0.36,24.2,-0.015,50.0,5.24,11.78,552.1,10,0.6973,147.0
EMP012,2026-02-21,21,14,14,15,6,111,1,1,1,29.71,26.29,29.97,28.37,15.1,16.37,21.53,0.0781,0.2392,0.0981,53.29,47.13,60.26,0.6667,0.7143,0.0,10,0,-18.36,24.2,-0.759,50.0,5.24,11.78,552.1,10,0.7658,55.5
EMP012,2026-02-22,0,0,0,0,0,0,1,1,1,29.71,26.5,29.2,27.6,14.5,16.37,21.67,0.0236,0.2194,0.1008,100.0,100.0,100.0,0.0,0.0,100.0,0,10,-32.36,24.2,-1.337,50.0,5.24,11.78,552.1,0,0.0,0.0
EMP012,2026-02-23,36,67,46,35,30,341,2,2,2,29.71,26.5,28.0,25.97,13.5,16.37,22.25,-0.1179,0.1889,0.1141,0.0,0.0,0.0,1.2778,0.9722,0.0,10,0,13.64,24.2,0.564,50.0,5.24,11.78,552.1,10,0.7449,170.5
EMP012,2026-02-24,51,48,46,42,25,300,1,1,1,31.14,27.5,28.87,26.73,14.17,17.27,22.43,-0.057,0.1508,0.1964,0.0,0.0,0.0,0.902,0.8235,0.0,10,0,13.64,24.2,0.564,50.0,5.24,11.78,552.1,10,0.77,150.0
EMP012,2026-02-25,31,34,29,29,16,233,1,1,1,30.0,27.43,30.4,28.13,15.0,15.93,21.97,-0.1455,0.065,0.1686,4.61,0.0,0.0,0.9355,0.9355,0.0,10,0,-3.36,24.2,-0.139,50.0,5.24,11.78,552.1,10,0.7511,116.5
EMP012,2026-02-26,43,90,63,29,26,375,1,1,1,28.43,29.5,31.37,29.1,15.53,15.4,21.24,-0.3642,-0.1235,0.0716,0.0,0.34,0.0,1.4651,0.6744,0.0,10,0,30.64,24.2,1.266,50.0,5.24,11.78,552.1,10,0.6453,187.5
EMP012,2026-02-27,72,55,56,48,21,376,1,1,1,32.86,30.93,31.87,28.9,15.63,19.66,21.79,-0.0454,-0.0834,0.1907,0.0,0.0,0.0,0.7778,0.6667,0.0,10,0,23.64,24.2,0.977,50.0,5.24,11.78,552.1,10,0.7686,188.0
EMP012,2026-02-28,22,24,19,21,11,158,1,1,1,36.29,33.0,32.13,29.07,15.93,21.24,22.04,0.2216,0.137,0.2002,40.87,27.76,30.95,0.8636,0.9545,0.0,10,0,-13.36,24.2,-0.552,50.0,5.24,11.78,552.1,10,0.7532,79.0
EMP012,2026-03-01,0,0,0,0,0,0,1,1,1,37.0,33.36,32.77,29.77,16.3,20.55,21.37,-0.0848,-0.1155,0.0585,100.0,100.0,100.0,0.0,0.0,100.0,0,10,-32.36,24.2,-1.337,50.0,5.24,11.78,552.1,0,0.0,0.0
EMP012,2026-03-02,0,0,0,0,0,0,2,2,2,37.0,33.36,30.1,28.23,15.23,20.55,20.27,0.0296,-0.1956,0.0616,100.0,100.0,100.0,0.0,0.0,100.0,0,10,-32.36,24.2,-1.337,50.0,5.24,11.78,552.1,0,0.0,0.0
EMP012,2026-03-03,52,96,50,58,33,414,3,3,3,30.43,30.79,29.43,27.77,14.87,23.73,20.91,-0.2343,-0.4759,-0.0659,0.0,0.0,0.0,0.9615,1.1154,0.0,10,0,17.64,24.2,0.729,50.0,5.24,11.78,552.1,10,0.6739,207.0
EMP012,2026-03-04,54,40,46,41,23,314,1,1,1,31.0,30.5,31.1,29.7,15.97,24.14,20.49,-0.3046,-0.4723,-0.0514,0.0,0.0,0.0,0.8519,0.7593,0.0,10,0,13.64,24.2,0.564,50.0,5.24,11.78,552.1,10,0.7962,157.0
EMP012,2026-03-05,53,60,44,36,16,335,1,1,1,33.43,30.93,30.53,29.2,16.0,24.67,19.82,0.0116,-0.218,0.0356,0.0,0.0,0.0,0.8302,0.6792,0.0,10,0,11.64,24.2,0.481,50.0,5.24,11.78,552.1,10,0.7164,167.5
EMP012,2026-03-06,43,72,35,39,17,309,1,1,1,30.71,31.79,30.63,29.1,15.53,22.19,19.88,0.1706,-0.1066,0.1321,0.0,0.0,0.0,0.814,0.907,0.0,10,0,2.64,24.2,0.109,50.0,5.24,11.78,552.1,10,0.6537,154.5
EMP012,2026-03-07,1,1,0,0,0,3,1,1,1,27.71,32.0,30.5,28.97,15.47,19.86,19.84,0.2565,0.0532,0.1655,100.0,100.0,100.0,0.0,0.0,70.0,3,7,-32.36,24.2,-1.337,50.0,5.24,11.78,552.1,3,0.6667,1.5
EMP012,2026-03-08,0,0,0,0,0,0,2,2,2,25.0,31.0,28.43,27.53,14.87,22.05,19.68,0.277,-0.0369,0.0832,100.0,100.0,100.0,0.0,0.0,100.0,0,10,-32.36,24.2,-1.337,50.0,5.24,11.78,552.1,0,0.0,0.0
EMP012,2026-03-09,58,49,43,39,17,342,3,3,3,25.0,31.0,27.2,26.1,14.3,22.05,20.25,0.1526,-0.1079,0.002,0.0,0.0,0.0,0.7414,0.6724,0.0,10,0,10.64,24.2,0.44,50.0,5.24,11.78,552.1,10,0.7515,171.0
EMP012,2026-03-10,26,47,35,29,30,317,1,1,1,31.14,30.79,28.27,26.93,14.53,20.13,20.21,0.1428,-0.1081,-0.0102,0.0,0.0,0.0,1.3462,1.1154,0.0,10,0,2.64,24.2,0.109,50.0,5.24,11.78,552.1,10,0.735,158.5
EMP012,2026-03-11,33,66,33,44,17,283,1,1,1,29.0,30.0,29.43,27.9,15.53,18.76,19.55,-0.0087,-0.2805,-0.0107,0.0,0.0,0.0,1.0,1.3333,0.0,10,0,0.64,24.2,0.026,50.0,5.24,11.78,552.1,10,0.6784,141.5
EMP012,2026-03-12,43,56,37,24,11,300,1,1,1,27.14,30.29,29.47,27.9,15.53,17.59,19.55,0.032,-0.0656,0.0089,0.0,13.98,29.17,0.8605,0.5581,0.0,10,0,4.64,24.2,0.192,50.0,5.24,11.78,552.1,10,0.73,150.0
EMP012,2026-03-13,36,45,36,51,22,319,1,1,1,26.14,28.43,29.13,26.77,15.33,16.79,19.34,0.2016,0.1168,-0.0102,0.0,0.0,0.0,1.0,1.4167,0.0,10,0,3.64,24.2,0.15,50.0,5.24,11.78,552.1,10,0.7994,159.5
EMP012,2026-03-14,14,18,15,11,7,98,1,1,1,26.29,27.0,30.33,28.47,16.07,16.87,18.59,0.0449,0.0885,-0.073,50.54,61.36,56.44,1.0714,0.7857,0.0,10,0,-17.36,24.2,-0.717,50.0,5.24,11.78,552.1,10,0.7041,49.0
EMP012,2026-03-15,0,0,0,0,0,0,1,1,1,28.43,26.71,29.4,27.63,15.57,14.12,18.64,0.0334,0.0278,-0.0905,100.0,100.0,100.0,0.0,0.0,100.0,0,10,-32.36,24.2,-1.337,50.0,5.24,11.78,552.1,0,0.0,0.0
EMP012,2026-03-16,28,66,39,26,12,285,2,2,2,28.43,26.71,28.5,25.97,14.73,14.12,19.37,-0.1729,0.0038,-0.1259,0.0,0.0,18.53,1.3929,0.9286,0.0,10,0,6.64,24.2,0.274,50.0,5.24,11.78,552.1,10,0.6526,142.5
EMP012,2026-03-17,54,40,39,23,21,290,1,1,1,27.86,29.5,29.33,26.3,14.93,13.59,19.26,-0.2051,-0.0647,-0.2038,0.0,12.55,0.0,0.7222,0.4259,0.0,10,0,6.64,24.2,0.274,50.0,5.24,11.78,552.1,10,0.7724,145.0
EMP012,2026-03-18,43,35,31,29,18,247,1,1,1,28.43,28.71,30.63,27.07,15.63,13.96,18.54,-0.3451,-0.2674,-0.2676,0.0,0.0,0.0,0.7209,0.6744,0.0,10,0,-1.36,24.2,-0.056,50.0,5.24,11.78,552.1,10,0.7449,123.5
EMP012,2026-03-19,51,56,45,28,21,321,1,1,1,28.14,27.64,30.47,26.77,15.23,13.88,18.52,-0.3057,-0.1795,-0.1533,0.0,0.0,0.0,0.8824,0.549,0.0,10,0,12.64,24.2,0.522,50.0,5.24,11.78,552.1,10,0.7227,160.5
EMP012,2026-03-20,51,72,48,49,22,382,1,1,1,29.29,27.71,30.17,26.57,15.47,14.86,18.2,-0.0496,-0.1217,-0.1246,0.0,0.0,0.0,0.9412,0.9608,0.0,10,0,15.64,24.2,0.646,50.0,5.24,11.78,552.1,10,0.7356,191.0
EMP012,2026-03-21,10,25,18,15,9,119,1,1,1,31.0,28.64,30.43,27.33,15.33,16.17,18.4,0.1333,0.0191,-0.0098,40.85,45.12,41.29,1.8,1.5,0.0,10,0,-14.36,24.2,-0.593,50.0,5.24,11.78,552.1,10,0.7227,59.5
EMP012,2026-03-22,0,0,0,0,0,0,1,1,1,31.43,29.93,29.97,26.6,15.1,15.77,18.53,0.0638,0.0062,-0.0461,100.0,100.0,100.0,0.0,0.0,100.0,0,10,-32.36,24.2,-1.337,50.0,5.24,11.78,552.1,0,0.0,0.0
EMP012,2026-03-23,60,63,37,29,16,304,2,2,2,31.43,29.93,28.9,25.37,14.37,15.77,19.29,-0.1155,-0.0937,-0.0959,0.0,0.0,0.0,0.6167,0.4833,0.0,10,0,4.64,24.2,0.192,50.0,5.24,11.78,552.1,10,0.7039,152.0
EMP012,2026-03-24,46,71,37,46,17,363,1,1,1,31.14,29.5,29.67,25.83,14.7,15.65,19.14,-0.166,-0.1417,-0.143,0.0,0.0,0.0,0.8043,1.0,0.0,10,0,4.64,24.2,0.192,50.0,5.24,11.78,552.1,10,0.7135,181.5
EMP012,2026-03-25,59,52,103,69,40,438,1,1,1,30.86,29.64,30.9,27.37,15.27,15.52,18.37,-0.3232,-0.1898,-0.2296,0.0,0.0,0.0,1.7458,1.1695,0.0,10,0,70.64,24.2,2.919,50.0,5.24,11.78,552.1,10,0.8014,219.0
EMP012,2026-03-26,78,67,96,82,44,514,1,1,1,41.14,34.64,32.8,28.5,15.6,29.64,22.35,0.2461,0.1315,0.0316,0.0,0.0,0.0,1.2308,1.0513,0.0,10,0,63.64,24.2,2.63,50.0,5.24,11.78,552.1,10,0.8035,257.0
EMP012,2026-03-27,75,77,88,51,44,469,1,1,1,48.43,38.86,34.47,29.83,16.23,35.4,24.98,0.7448,0.5697,0.2796,0.0,0.0,0.0,1.1733,0.68,0.0,10,0,55.64,24.2,2.299,50.0,5.24,11.78,552.1,10,0.774,234.5
EMP012,2026-03-28,23,31,30,34,14,183,1,1,1,54.14,42.57,36.43,30.57,17.17,38.01,26.73,1.0525,0.7006,0.4572,17.65,0.0,18.46,1.3043,1.4783,0.0,10,0,-2.36,24.2,-0.098,50.0,5.24,11.78,552.1,10,0.7541,91.5
EMP012,2026-03-29,0,0,0,0,0,0,1,1,1,55.86,43.64,35.33,30.73,16.77,36.58,26.29,1.1942,0.7119,0.4977,100.0,100.0,100.0,0.0,0.0,100.0,0,10,-32.36,24.2,-1.337,50.0,5.24,11.78,552.1,0,0.0,0.0
EMP012,2026-03-30,53,65,72,56,50,447,2,2,2,55.86,43.64,33.47,29.13,16.07,36.58,26.74,1.1088,0.6327,0.4187,0.0,0.0,0.0,1.3585,1.0566,0.0,10,0,39.64,24.2,1.638,50.0,5.24,11.78,552.1,10,0.7673,223.5
EMP012,2026-03-31,39,53,95,54,25,431,1,1,1,60.86,46.0,35.23,30.3,17.37,36.05,27.47,1.2576,0.7499,0.6027,0.0,0.0,0.0,2.4359,1.3846,0.0,10,0,62.64,24.2,2.588,50.0,5.24,11.78,552.1,10,0.7889,215.5
EMP013,2026-01-01,0,0,0,0,0,0,1,1,1,0.0,0.0,0.0,0.0,0.0,0.0,0.0,0.0,0.0,0.0,0.0,0.0,0.0,0.0,0.0,100.0,0,10,-27.5,20.06,-1.371,50.0,6.41,9.24,516.86,0,0.0,0.0
EMP013,2026-01-02,48,47,38,52,18,316,2,2,2,0.0,0.0,0.0,0.0,0.0,0.0,0.0,0.0,0.0,0.0,0.0,0.0,0.0,0.7917,1.0833,0.0,10,0,10.5,20.06,0.523,50.0,6.41,9.24,516.86,10,0.7911,158.0
EMP013,2026-01-03,15,20,18,9,10,116,1,1,1,19.0,19.0,19.0,26.0,9.0,19.0,19.0,0.0,0.0,0.0,5.26,65.38,0.0,1.2,0.6,0.0,10,0,-9.5,20.06,-0.474,50.0,6.41,9.24,516.86,10,0.7069,58.0
EMP013,2026-01-04,0,0,0,0,0,0,1,1,1,18.67,18.67,18.67,20.33,9.33,15.52,15.52,9.0,4.5,5.0,100.0,100.0,100.0,0.0,0.0,100.0,0,10,-27.5,20.06,-1.371,50.0,6.41,9.24,516.86,0,0.0,0.0
EMP013,2026-01-05,13,20,16,14,9,149,2,2,2,14.0,14.0,14.0,15.25,7.0,15.68,15.68,-2.0,-4.3,-0.8,0.0,8.2,0.0,1.2308,1.0769,0.0,10,0,-11.5,20.06,-0.573,50.0,6.41,9.24,516.86,10,0.7315,74.5
EMP013,2026-01-06,43,49,31,35,21,272,1,1,1,14.4,14.4,14.4,15.0,7.4,14.05,14.05,-0.6,-2.4,0.0,0.0,0.0,0.0,0.7209,0.814,0.0,10,0,3.5,20.06,0.174,50.0,6.41,9.24,516.86,10,0.7206,136.0
EMP013,2026-01-07,0,0,0,0,0,0,1,1,1,17.17,17.17,17.17,18.33,9.67,14.24,14.24,2.0286,1.4857,1.9429,100.0,100.0,100.0,0.0,0.0,100.0,0,10,-27.5,20.06,-1.371,50.0,6.41,9.24,516.86,0,0.0,0.0
EMP013,2026-01-08,26,37,45,28,23,251,2,2,2,14.71,14.71,14.71,15.71,8.29,14.49,14.49,-0.5714,-1.0357,0.1786,0.0,0.0,0.0,1.7308,1.0769,0.0,10,0,17.5,20.06,0.872,50.0,6.41,9.24,516.86,10,0.7649,125.5
EMP013,2026-01-09,35,57,35,46,16,289,1,1,1,21.14,18.5,18.5,17.25,10.12,16.39,16.85,2.1429,0.3333,1.3452,0.0,0.0,0.0,1.0,1.3143,0.0,10,0,7.5,20.06,0.374,50.0,6.41,9.24,516.86,10,0.7059,144.5
EMP013,2026-01-10,10,19,12,8,3,82,1,1,1,20.71,20.33,20.33,20.44,10.78,15.98,16.71,2.6,2.15,1.3333,40.97,60.86,72.17,1.2,0.8,0.0,10,0,-15.5,20.06,-0.773,50.0,6.41,9.24,516.86,10,0.6707,41.0
EMP013,2026-01-11,0,0,0,0,0,0,1,1,1,19.86,19.5,19.5,19.2,10.0,16.26,16.05,1.4364,0.8848,0.5455,100.0,100.0,100.0,0.0,0.0,100.0,0,10,-27.5,20.06,-1.371,50.0,6.41,9.24,516.86,0,0.0,0.0
EMP013,2026-01-12,35,42,39,47,13,273,2,2,2,19.86,17.73,17.73,17.45,9.09,16.26,16.3,0.1909,-0.2091,-0.0455,0.0,0.0,0.0,1.1143,1.3429,0.0,10,0,11.5,20.06,0.573,50.0,6.41,9.24,516.86,10,0.7729,136.5
EMP013,2026-01-13,24,64,53,40,27,324,1,1,1,23.14,19.5,19.5,19.92,9.42,17.43,16.68,0.965,0.9755,0.1154,0.0,0.0,0.0,2.2083,1.6667,0.0,10,0,25.5,20.06,1.271,50.0,6.41,9.24,516.86,10,0.713,162.0
EMP013,2026-01-14,39,34,26,27,17,200,1,1,1,26.29,22.08,22.08,21.46,10.77,20.31,18.34,1.8626,1.4286,0.6703,0.0,0.0,0.0,0.6667,0.6923,0.0,10,0,-1.5,20.06,-0.075,50.0,6.41,9.24,516.86,10,0.735,100.0
EMP013,2026-01-15,38,58,22,26,24,271,1,1,1,30.0,22.36,22.36,21.86,11.21,17.32,17.7,1.6022,1.3011,0.7143,1.61,0.0,0.0,0.5789,0.6842,0.0,10,0,-5.5,20.06,-0.274,50.0,6.41,9.24,516.86,10,0.7196,135.5
EMP013,2026-01-16,53,37,44,32,13,276,1,1,1,26.71,23.93,22.33,22.13,12.07,16.32,17.1,1.2929,1.1607,0.9,0.0,0.0,0.0,0.8302,0.6038,0.0,10,0,16.5,20.06,0.823,50.0,6.41,9.24,516.86,10,0.7645,138.0
EMP013,2026-01-17,16,13,11,16,6,93,1,1,1,28.0,24.36,23.69,22.75,12.12,17.25,17.37,1.5426,1.1735,0.7618,53.57,29.67,50.5,0.6875,1.0,0.0,10,0,-16.5,20.06,-0.823,50.0,6.41,9.24,516.86,10,0.7957,46.5
EMP013,2026-01-18,0,0,0,0,0,0,1,1,1,27.86,23.86,22.94,22.35,11.76,17.38,17.11,1.0368,0.8456,0.5147,100.0,100.0,100.0,0.0,0.0,100.0,0,10,-27.5,20.06,-1.371,50.0,6.41,9.24,516.86,0,0.0,0.0
EMP013,2026-01-19,44,62,35,31,24,297,2,2,2,27.86,23.86,21.67,21.11,11.11,17.38,17.44,0.4706,0.3199,0.227,0.0,0.0,0.0,0.7955,0.7045,0.0,10,0,7.5,20.06,0.374,50.0,6.41,9.24,516.86,10,0.7138,148.5
EMP013,2026-01-20,4,5,3,3,1,21,1,1,1,27.29,25.21,22.37,21.63,11.79,17.07,17.24,0.6105,0.4281,0.3965,86.59,86.13,91.52,0.75,0.75,10.0,9,1,-24.5,20.06,-1.221,50.0,6.41,9.24,516.86,9,0.6667,10.5
EMP013,2026-01-21,18,28,21,17,14,171,1,1,1,20.14,23.21,21.4,20.7,11.25,15.17,17.32,0.2466,0.1008,0.1857,1.87,17.87,0.0,1.1667,0.9444,0.0,10,0,-6.5,20.06,-0.324,50.0,6.41,9.24,516.86,10,0.7251,85.5
EMP013,2026-01-22,40,61,38,38,26,272,1,1,1,19.43,24.71,21.38,20.52,11.38,14.99,16.9,0.2078,0.039,0.1961,0.0,0.0,0.0,0.95,0.95,0.0,10,0,10.5,20.06,0.523,50.0,6.41,9.24,516.86,10,0.6912,136.0
EMP013,2026-01-23,0,0,0,0,0,0,1,1,1,21.71,24.21,22.14,21.32,12.05,16.37,16.87,0.3778,0.2411,0.3439,100.0,100.0,100.0,0.0,0.0,100.0,0,10,-27.5,20.06,-1.371,50.0,6.41,9.24,516.86,0,0.0,0.0
EMP013,2026-01-24,15,20,16,10,5,96,2,2,2,15.43,21.71,21.17,20.39,11.52,14.99,17.11,0.0899,-0.0208,0.17,24.42,50.96,56.6,1.0667,0.6667,0.0,10,0,-11.5,20.06,-0.573,50.0,6.41,9.24,516.86,10,0.7188,48.0
EMP013,2026-01-25,0,0,0,0,0,0,1,1,1,16.14,22.0,20.96,19.96,11.25,14.88,16.78,0.0274,-0.1222,0.0843,100.0,100.0,100.0,0.0,0.0,100.0,0,10,-27.5,20.06,-1.371,50.0,6.41,9.24,516.86,0,0.0,0.0
EMP013,2026-01-26,0,0,0,0,0,0,2,2,2,16.14,22.0,20.12,19.16,10.8,14.88,16.95,-0.1692,-0.2923,-0.0292,100.0,100.0,100.0,0.0,0.0,100.0,0,10,-27.5,20.06,-1.371,50.0,6.41,9.24,516.86,0,0.0,0.0
EMP013,2026-01-27,43,54,41,33,23,294,3,3,3,11.14,19.21,19.35,18.42,10.38,13.53,17.06,-0.3224,-0.4236,-0.1183,0.0,0.0,0.0,0.9535,0.7674,0.0,10,0,13.5,20.06,0.673,50.0,6.41,9.24,516.86,10,0.7381,147.0
EMP013,2026-01-28,17,30,25,19,7,139,1,1,1,16.57,18.36,20.15,18.96,10.85,16.47,17.24,-0.116,-0.2625,-0.0055,0.0,0.0,35.48,1.4706,1.1176,0.0,10,0,-2.5,20.06,-0.125,50.0,6.41,9.24,516.86,10,0.7338,69.5
EMP013,2026-01-29,42,59,68,27,25,332,1,1,1,17.14,18.29,20.32,18.96,10.71,16.69,16.95,-0.0681,-0.2351,-0.0334,0.0,0.0,0.0,1.619,0.6429,0.0,10,0,40.5,20.06,2.019,50.0,6.41,9.24,516.86,10,0.759,166.0
EMP013,2026-01-30,43,53,56,44,21,304,1,1,1,21.43,21.57,21.97,19.24,11.21,23.82,18.79,0.2675,-0.1562,0.0685,0.0,0.0,0.0,1.3023,1.0233,0.0,10,0,28.5,20.06,1.421,50.0,6.41,9.24,516.86,10,0.7664,152.0
EMP013,2026-01-31,14,23,20,11,12,126,1,1,1,29.43,22.43,23.1,20.07,11.53,24.67,19.46,0.4612,0.0187,0.125,13.42,45.19,0.0,1.4286,0.7857,0.0,10,0,-7.5,20.06,-0.374,50.0,6.41,9.24,516.86,10,0.7619,63.0
EMP013,2026-02-01,0,0,0,0,0,0,1,1,1,30.0,23.07,23.77,20.43,11.93,24.4,18.99,0.2819,-0.1782,0.0485,100.0,100.0,100.0,0.0,0.0,100.0,0,10,-27.5,20.06,-1.371,50.0,6.41,9.24,516.86,0,0.0,0.0
EMP013,2026-02-02,29,33,54,51,23,344,2,2,2,30.0,23.07,22.5,18.7,11.33,24.4,19.27,0.2267,-0.0923,0.0133,0.0,0.0,0.0,1.8621,1.7586,0.0,10,0,26.5,20.06,1.321,50.0,6.41,9.24,516.86,10,0.7907,172.0
EMP013,2026-02-03,64,69,57,42,19,357,1,1,1,37.71,24.43,23.7,20.1,11.77,22.12,20.05,0.3989,0.0492,0.0794,0.0,0.0,0.0,0.8906,0.6562,0.0,10,0,29.5,20.06,1.471,50.0,6.41,9.24,516.86,10,0.7031,178.5
EMP013,2026-02-04,33,57,36,30,18,278,1,1,1,40.0,28.29,25.6,21.5,12.4,23.15,20.42,0.4503,0.0518,0.0449,0.0,0.0,0.0,1.0909,0.9091,0.0,10,0,8.5,20.06,0.424,50.0,6.41,9.24,516.86,10,0.7266,139.0
EMP013,2026-02-05,29,44,37,38,21,275,1,1,1,41.57,29.36,26.27,22.03,12.7,22.44,20.42,0.4512,0.0549,0.0576,0.0,0.0,0.0,1.2759,1.3103,0.0,10,0,9.5,20.06,0.474,50.0,6.41,9.24,516.86,10,0.76,137.5
EMP013,2026-02-06,50,48,37,28,20,280,1,1,1,37.14,29.29,26.47,22.13,12.7,19.67,20.49,0.5531,0.2474,0.1684,0.0,0.0,0.0,0.74,0.56,0.0,10,0,9.5,20.06,0.474,50.0,6.41,9.24,516.86,10,0.7607,140.0
EMP013,2026-02-07,8,9,6,5,3,47,1,1,1,34.43,31.93,27.7,23.07,13.37,18.13,19.97,0.4385,0.1326,0.1279,78.34,78.33,77.56,0.75,0.625,0.0,10,0,-21.5,20.06,-1.072,50.0,6.41,9.24,516.86,10,0.7447,23.5
EMP013,2026-02-08,0,0,0,0,0,0,1,1,1,32.43,31.21,26.4,22.3,12.7,20.26,20.07,0.4178,0.0501,0.1275,100.0,100.0,100.0,0.0,0.0,100.0,0,10,-27.5,20.06,-1.371,50.0,6.41,9.24,516.86,0,0.0,0.0
EMP013,2026-02-09,58,64,46,36,25,351,2,2,2,32.43,31.21,25.23,20.77,12.17,20.26,20.55,0.3068,0.0696,0.0683,0.0,0.0,0.0,0.7931,0.6207,0.0,10,0,18.5,20.06,0.922,50.0,6.41,9.24,516.86,10,0.7407,175.5
EMP013,2026-02-10,26,35,32,39,13,249,1,1,1,31.29,34.5,26.37,21.7,12.9,19.21,20.72,0.3495,0.0799,0.0879,0.0,0.0,0.0,1.2308,1.5,0.0,10,0,4.5,20.06,0.224,50.0,6.41,9.24,516.86,10,0.755,124.5
EMP013,2026-02-11,36,42,38,26,15,264,1,1,1,27.71,33.86,27.43,23.0,13.33,16.18,20.15,0.204,0.0418,-0.0004,0.0,0.0,0.0,1.0556,0.7222,0.0,10,0,10.5,20.06,0.523,50.0,6.41,9.24,516.86,10,0.7235,132.0
EMP013,2026-02-12,43,38,33,29,20,259,1,1,1,28.0,34.79,27.4,22.3,13.4,16.34,20.14,0.3519,0.2267,0.008,0.0,0.0,0.0,0.7674,0.6744,0.0,10,0,5.5,20.06,0.274,50.0,6.41,9.24,516.86,10,0.749,129.5
EMP013,2026-02-13,30,53,40,30,24,275,1,1,1,27.43,32.29,26.73,21.93,13.17,16.09,19.6,0.5646,0.392,0.1444,0.0,0.0,0.0,1.3333,1.0,0.0,10,0,12.5,20.06,0.623,50.0,6.41,9.24,516.86,10,0.7018,137.5
EMP013,2026-02-14,20,15,10,14,9,95,1,1,1,27.86,31.14,27.2,22.03,13.4,16.37,19.74,0.6452,0.479,0.2407,63.24,36.45,32.84,0.5,0.7,0.0,10,0,-17.5,20.06,-0.872,50.0,6.41,9.24,516.86,10,0.7895,47.5
EMP013,2026-02-15,0,0,0,0,0,0,1,1,1,28.43,30.43,26.8,21.63,12.9,15.66,19.97,0.4983,0.4545,0.2854,100.0,100.0,100.0,0.0,0.0,100.0,0,10,-27.5,20.06,-1.371,50.0,6.41,9.24,516.86,0,0.0,0.0
EMP013,2026-02-16,53,38,44,38,16,258,2,2,2,28.43,30.43,25.33,20.57,12.47,15.66,20.26,0.444,0.3864,0.2029,0.0,0.0,0.0,0.8302,0.717,0.0,10,0,16.5,20.06,0.823,50.0,6.41,9.24,516.86,10,0.7868,129.0
EMP013,2026-02-17,32,56,33,29,13,269,1,1,1,28.14,29.71,26.43,21.3,12.8,15.35,20.35,0.4656,0.4674,0.1811,0.0,0.0,0.0,1.0312,0.9062,0.0,10,0,5.5,20.06,0.274,50.0,6.41,9.24,516.86,10,0.7063,134.5
EMP013,2026-02-18,39,44,35,22,21,260,1,1,1,28.29,28.0,27.53,22.27,13.23,15.39,19.77,0.3257,0.3702,0.0941,0.0,1.21,0.0,0.8974,0.5641,0.0,10,0,7.5,20.06,0.374,50.0,6.41,9.24,516.86,10,0.7731,130.0
EMP013,2026-02-19,33,26,32,30,16,223,1,1,1,27.86,27.93,27.53,21.97,13.13,15.15,19.77,0.4254,0.4287,0.2185,0.0,0.0,0.0,0.9697,0.9091,0.0,10,0,4.5,20.06,0.224,50.0,6.41,9.24,516.86,10,0.7758,111.5
EMP013,2026-02-20,40,47,46,40,23,319,1,1,1,27.71,27.57,28.5,22.87,13.63,15.11,19.25,0.285,0.3497,0.1533,0.0,0.0,0.0,1.15,1.0,0.0,10,0,18.5,20.06,0.922,50.0,6.41,9.24,516.86,10,0.7774,159.5
EMP013,2026-02-21,13,12,16,12,10,97,1,1,1,28.57,28.21,29.33,23.63,13.93,15.93,19.45,0.3462,0.4198,0.2162,45.45,49.22,28.21,1.2308,0.9231,0.0,10,0,-11.5,20.06,-0.573,50.0,6.41,9.24,516.86,10,0.8041,48.5
EMP013,2026-02-22,0,0,0,0,0,0,1,1,1,29.43,28.93,28.6,22.77,13.4,15.04,19.53,0.3199,0.4438,0.2741,100.0,100.0,100.0,0.0,0.0,100.0,0,10,-27.5,20.06,-1.371,50.0,6.41,9.24,516.86,0,0.0,0.0
EMP013,2026-02-23,53,41,39,37,16,290,2,2,2,29.43,28.93,28.6,22.77,13.4,15.04,19.53,-0.0618,0.1399,0.0952,0.0,0.0,0.0,0.7358,0.6981,0.0,10,0,11.5,20.06,0.573,50.0,6.41,9.24,516.86,10,0.7793,145.0
EMP013,2026-02-24,46,43,48,35,28,303,1,1,1,28.71,28.43,29.37,23.67,13.77,14.44,19.47,-0.0816,0.1437,0.0541,0.0,0.0,0.0,1.0435,0.7609,0.0,10,0,20.5,20.06,1.022,50.0,6.41,9.24,516.86,10,0.7822,151.5
EMP013,2026-02-25,21,46,42,30,11,228,1,1,1,30.86,29.57,30.97,24.83,14.7,15.95,18.95,-0.164,0.0536,0.0509,0.0,0.0,25.17,2.0,1.4286,0.0,10,0,14.5,20.06,0.723,50.0,6.41,9.24,516.86,10,0.7281,114.0
EMP013,2026-02-26,48,43,41,31,15,306,1,1,1,31.86,29.86,32.37,25.83,15.07,16.39,18.15,-0.3063,-0.0843,-0.0743,0.0,0.0,0.46,0.8542,0.6458,0.0,10,0,13.5,20.06,0.673,50.0,6.41,9.24,516.86,10,0.7614,153.0
EMP013,2026-02-27,35,56,35,25,13,293,1,1,1,33.14,30.43,32.37,25.77,14.8,16.7,18.15,-0.1911,-0.0016,-0.02,0.0,2.99,12.16,1.0,0.7143,0.0,10,0,7.5,20.06,0.374,50.0,6.41,9.24,516.86,10,0.6826,146.5
EMP013,2026-02-28,18,19,22,15,8,132,1,1,1,31.57,30.07,32.7,25.97,15.0,15.92,18.1,-0.2249,-0.0532,-0.0854,32.72,42.24,46.67,1.2222,0.8333,0.0,10,0,-5.5,20.06,-0.274,50.0,6.41,9.24,516.86,10,0.7727,66.0
EMP013,2026-03-01,0,0,0,0,0,0,1,1,1,32.43,30.93,31.17,25.57,14.43,15.2,16.96,-0.0505,-0.1168,-0.0616,100.0,100.0,100.0,0.0,0.0,100.0,0,10,-27.5,20.06,-1.371,50.0,6.41,9.24,516.86,0,0.0,0.0
EMP013,2026-03-02,0,0,0,0,0,0,2,2,2,32.43,30.93,29.3,24.1,13.73,15.2,17.2,-0.0803,-0.1546,-0.1095,100.0,100.0,100.0,0.0,0.0,100.0,0,10,-27.5,20.06,-1.371,50.0,6.41,9.24,516.86,0,0.0,0.0
EMP013,2026-03-03,70,40,60,30,24,339,3,3,3,26.86,27.79,28.63,23.73,13.33,18.55,17.92,-0.3335,-0.4004,-0.21,0.0,0.0,0.0,0.8571,0.4286,0.0,10,0,32.5,20.06,1.62,50.0,6.41,9.24,516.86,10,0.7935,169.5
EMP013,2026-03-04,36,43,30,32,12,256,1,1,1,28.57,29.71,30.63,24.73,14.13,20.84,17.96,-0.3286,-0.5237,-0.2331,2.06,0.0,15.07,0.8333,0.8889,0.0,10,0,2.5,20.06,0.125,50.0,6.41,9.24,516.86,10,0.7188,128.0
EMP013,2026-03-05,51,44,31,32,17,278,1,1,1,26.86,29.36,29.83,24.1,13.77,20.15,17.43,-0.1715,-0.2957,-0.1858,0.0,0.0,0.0,0.6078,0.6275,0.0,10,0,3.5,20.06,0.174,50.0,6.41,9.24,516.86,10,0.741,139.0
EMP013,2026-03-06,56,34,47,26,16,268,1,1,1,25.43,29.29,28.97,23.77,13.7,19.43,16.69,0.0234,-0.1212,-0.1288,0.0,0.0,0.0,0.8393,0.4643,0.0,10,0,19.5,20.06,0.972,50.0,6.41,9.24,516.86,10,0.7687,134.0
EMP013,2026-03-07,10,19,11,10,9,85,1,1,1,27.14,29.36,29.33,23.63,13.63,20.69,16.96,0.1882,-0.0638,-0.0843,62.5,57.68,33.97,1.1,1.0,0.0,10,0,-16.5,20.06,-0.823,50.0,6.41,9.24,516.86,10,0.7059,42.5
EMP013,2026-03-08,0,0,0,0,0,0,1,1,1,25.57,29.0,28.47,22.7,13.23,21.43,17.21,0.1228,-0.0527,-0.0634,100.0,100.0,100.0,0.0,0.0,100.0,0,10,-27.5,20.06,-1.371,50.0,6.41,9.24,516.86,0,0.0,0.0
EMP013,2026-03-09,50,62,39,22,16,318,2,2,2,25.57,29.0,27.23,21.77,12.57,21.43,17.87,-0.002,-0.1626,-0.1021,0.0,0.0,0.0,0.78,0.44,0.0,10,0,11.5,20.06,0.573,50.0,6.41,9.24,516.86,10,0.7233,159.0
EMP013,2026-03-10,40,69,34,27,14,292,1,1,1,31.14,29.0,28.33,22.33,13.0,18.98,17.54,-0.0725,-0.2768,-0.1459,0.0,0.0,0.0,0.85,0.675,0.0,10,0,6.5,20.06,0.324,50.0,6.41,9.24,516.86,10,0.6986,146.0
EMP013,2026-03-11,49,48,39,30,25,282,1,1,1,27.43,28.0,29.47,23.23,13.47,15.13,16.75,-0.2314,-0.4007,-0.2291,0.0,0.0,0.0,0.7959,0.6122,0.0,10,0,11.5,20.06,0.573,50.0,6.41,9.24,516.86,10,0.7624,141.0
EMP013,2026-03-12,31,49,27,29,17,266,1,1,1,28.71,27.79,29.23,23.03,13.47,15.66,16.57,-0.0558,-0.269,-0.0752,7.63,0.0,0.0,0.871,0.9355,0.0,10,0,-0.5,20.06,-0.025,50.0,6.41,9.24,516.86,10,0.703,133.0
EMP013,2026-03-13,38,63,37,21,18,277,1,1,1,28.14,26.79,29.07,22.7,13.6,15.64,16.56,-0.0512,-0.1204,-0.0556,0.0,7.49,0.0,0.9737,0.5526,0.0,10,0,9.5,20.06,0.474,50.0,6.41,9.24,516.86,10,0.6968,138.5
EMP013,2026-03-14,18,19,11,14,7,109,1,1,1,26.71,26.93,29.03,22.53,13.7,14.25,16.55,0.0616,-0.1086,-0.0176,62.11,37.86,48.91,0.6111,0.7778,0.0,10,0,-16.5,20.06,-0.823,50.0,6.41,9.24,516.86,10,0.7798,54.5
EMP013,2026-03-15,0,0,0,0,0,0,1,1,1,26.71,26.14,28.3,22.03,13.27,14.25,16.84,-0.0274,-0.119,-0.0174,100.0,100.0,100.0,0.0,0.0,100.0,0,10,-27.5,20.06,-1.371,50.0,6.41,9.24,516.86,0,0.0,0.0
EMP013,2026-03-16,18,17,20,9,7,114,2,2,2,26.71,26.14,26.97,21.03,12.47,14.25,17.43,-0.1293,-0.2062,-0.0289,25.84,57.2,43.87,1.1111,0.5,0.0,10,0,-7.5,20.06,-0.374,50.0,6.41,9.24,516.86,10,0.7719,57.0
EMP013,2026-03-17,50,36,51,33,26,304,1,1,1,24.0,27.57,27.3,20.87,12.4,13.44,17.2,-0.2912,-0.3324,-0.0881,0.0,0.0,0.0,1.02,0.66,0.0,10,0,23.5,20.06,1.171,50.0,6.41,9.24,516.86,10,0.7961,152.0
EMP013,2026-03-18,24,51,22,25,19,224,1,1,1,26.43,26.93,29.0,21.97,13.27,16.26,16.94,-0.3266,-0.398,-0.0859,24.14,0.0,0.0,0.9167,1.0417,0.0,10,0,-5.5,20.06,-0.274,50.0,6.41,9.24,516.86,10,0.683,112.0
EMP013,2026-03-19,37,59,30,24,17,259,1,1,1,24.0,26.36,28.27,21.53,13.37,15.46,16.75,-0.2683,-0.2679,-0.03,0.0,0.0,0.0,0.8108,0.6486,0.0,10,0,2.5,20.06,0.125,50.0,6.41,9.24,516.86,10,0.6873,129.5
EMP013,2026-03-20,23,61,28,34,23,264,1,1,1,24.43,26.29,28.17,21.37,13.5,15.57,16.73,-0.2245,-0.2004,-0.0091,0.6,0.0,0.0,1.2174,1.4783,0.0,10,0,0.5,20.06,0.025,50.0,6.41,9.24,516.86,10,0.7008,132.0
EMP013,2026-03-21,1,1,1,1,0,5,1,1,1,23.14,24.93,27.93,21.77,13.57,14.84,16.68,-0.1784,-0.1146,0.1039,96.42,95.41,100.0,1.0,1.0,50.0,5,5,-26.5,20.06,-1.321,50.0,6.41,9.24,516.86,5,0.8,2.5
EMP013,2026-03-22,0,0,0,0,0,0,1,1,2,21.71,24.21,26.9,20.8,13.03,16.34,17.34,-0.3241,-0.1918,0.0331,100.0,100.0,100.0,0.0,0.0,100.0,0,10,-27.5,20.06,-1.371,50.0,6.41,9.24,516.86,0,0.0,0.0
EMP013,2026-03-23,1,3,2,1,1,13,2,2,3,21.71,24.21,25.37,19.47,12.27,16.34,17.62,-0.366,-0.1935,0.0178,92.12,94.86,91.85,2.0,1.0,10.0,9,1,-25.5,20.06,-1.271,50.0,6.41,9.24,516.86,9,0.6154,6.5
EMP013,2026-03-24,49,39,32,44,27,299,1,1,1,19.14,21.57,24.9,19.1,11.97,17.76,18.04,-0.5813,-0.3642,-0.0705,0.0,0.0,0.0,0.6531,0.898,0.0,10,0,4.5,20.06,0.224,50.0,6.41,9.24,516.86,10,0.7993,149.5
EMP013,2026-03-25,46,72,68,78,39,417,1,1,1,16.43,21.43,25.97,20.57,12.87,13.67,17.47,-0.7072,-0.3353,-0.0561,0.0,0.0,0.0,1.4783,1.6957,0.0,10,0,40.5,20.06,2.019,50.0,6.41,9.24,516.86,10,0.7722,208.5
EMP013,2026-03-26,35,55,65,61,22,385,1,1,1,23.0,23.5,26.93,21.93,13.63,22.78,18.91,-0.3462,0.1486,0.1341,0.0,0.0,0.0,1.8571,1.7429,0.0,10,0,37.5,20.06,1.869,50.0,6.41,9.24,516.86,10,0.7636,192.5
EMP013,2026-03-27,31,57,60,83,47,392,1,1,1,28.0,26.21,27.5,22.8,13.43,27.19,19.77,0.0447,0.4908,0.2872,0.0,0.0,0.0,1.9355,2.6774,0.0,10,0,32.5,20.06,1.62,50.0,6.41,9.24,516.86,10,0.7755,196.0
EMP013,2026-03-28,12,14,27,21,14,130,1,1,1,32.57,27.86,28.1,24.57,14.63,29.4,20.46,0.3544,0.9288,0.487,3.91,14.53,4.31,2.25,1.75,0.0,10,0,-0.5,20.06,-0.025,50.0,6.41,9.24,516.86,10,0.8154,65.0
EMP013,2026-03-29,0,0,0,0,0,0,1,1,1,36.29,29.0,27.63,24.23,14.6,26.7,20.32,0.4363,0.9502,0.4854,100.0,100.0,100.0,0.0,0.0,100.0,0,10,-27.5,20.06,-1.371,50.0,6.41,9.24,516.86,0,0.0,0.0
EMP013,2026-03-30,48,56,58,62,20,338,2,2,2,36.29,29.0,26.47,23.4,14.17,26.7,20.86,0.3088,0.7991,0.3802,0.0,0.0,0.0,1.2083,1.2917,0.0,10,0,30.5,20.06,1.52,50.0,6.41,9.24,516.86,10,0.7722,169.0
EMP013,2026-03-31,35,48,73,49,25,356,1,1,1,44.29,31.71,27.67,24.97,14.57,23.41,21.59,0.4814,0.9902,0.3753,0.0,0.0,0.0,2.0857,1.4,0.0,10,0,45.5,20.06,2.268,50.0,6.41,9.24,516.86,10,0.7584,178.0
EMP014,2026-01-01,0,0,0,0,0,0,1,1,1,0.0,0.0,0.0,0.0,0.0,0.0,0.0,0.0,0.0,0.0,0.0,0.0,0.0,0.0,0.0,100.0,0,10,-23.49,17.43,-1.348,50.0,6.32,11.38,493.5,0,0.0,0.0
EMP014,2026-01-02,11,22,15,14,5,107,2,2,2,0.0,0.0,0.0,0.0,0.0,0.0,0.0,0.0,0.0,0.0,0.0,0.0,0.0,1.3636,1.2727,0.0,10,0,-8.49,17.43,-0.487,50.0,6.32,11.38,493.5,10,0.729,53.5
EMP014,2026-01-03,20,18,11,13,7,99,1,1,1,7.5,7.5,7.5,7.0,2.5,7.5,7.5,0.0,0.0,0.0,0.0,0.0,0.0,0.55,0.65,0.0,10,0,-12.49,17.43,-0.717,50.0,6.32,11.38,493.5,10,0.7576,49.5
EMP014,2026-01-04,0,0,0,0,0,0,1,1,1,8.67,8.67,8.67,9.0,4.0,6.34,6.34,5.5,6.5,3.5,100.0,100.0,100.0,0.0,0.0,100.0,0,10,-23.49,17.43,-1.348,50.0,6.32,11.38,493.5,0,0.0,0.0
EMP014,2026-01-05,41,52,38,22,22,267,2,2,2,6.5,6.5,6.5,6.75,3.0,6.65,6.65,-0.4,-0.1,0.2,0.0,0.0,0.0,0.9268,0.5366,0.0,10,0,14.51,17.43,0.832,50.0,6.32,11.38,493.5,10,0.7378,133.5
EMP014,2026-01-06,25,38,26,26,16,223,1,1,1,12.8,12.8,12.8,9.8,6.8,13.93,13.93,6.1,3.0,3.9,0.0,0.0,0.0,1.04,1.04,0.0,10,0,2.51,17.43,0.144,50.0,6.32,11.38,493.5,10,0.7444,111.5
EMP014,2026-01-07,1,1,1,1,0,7,1,1,1,15.0,15.0,15.0,12.5,8.33,13.64,13.64,5.3714,4.0286,3.5429,93.33,92.0,100.0,1.0,1.0,30.0,7,3,-22.49,17.43,-1.29,50.0,6.32,11.38,493.5,7,0.7143,3.5
EMP014,2026-01-08,45,40,37,20,15,237,1,1,2,13.0,13.0,13.0,10.86,7.14,13.54,13.54,1.8571,1.2857,1.3214,0.0,0.0,0.0,0.8222,0.4444,0.0,10,0,13.51,17.43,0.775,50.0,6.32,11.38,493.5,10,0.7722,118.5
EMP014,2026-01-09,12,20,24,13,12,123,1,1,1,18.29,16.0,16.0,12.0,8.12,14.62,14.95,3.2381,1.619,1.5357,0.0,0.0,0.0,2.0,1.0833,0.0,10,0,0.51,17.43,0.029,50.0,6.32,11.38,493.5,10,0.7642,61.5
EMP014,2026-01-10,15,16,9,10,5,82,1,1,1,19.57,16.89,16.89,12.11,8.56,14.67,14.32,2.8,1.2,1.3333,46.71,17.42,41.59,0.6,0.6667,0.0,10,0,-14.49,17.43,-0.831,50.0,6.32,11.38,493.5,10,0.6951,41.0
EMP014,2026-01-11,0,0,0,0,0,0,1,1,1,19.29,16.1,16.1,11.9,8.2,14.85,13.79,1.6061,0.7576,0.7758,100.0,100.0,100.0,0.0,0.0,100.0,0,10,-23.49,17.43,-1.348,50.0,6.32,11.38,493.5,0,0.0,0.0
EMP014,2026-01-12,21,44,26,22,16,210,2,2,2,19.29,14.64,14.64,10.82,7.45,14.85,13.94,0.4727,0.0273,0.2091,0.0,0.0,0.0,1.2381,1.0476,0.0,10,0,2.51,17.43,0.144,50.0,6.32,11.38,493.5,10,0.7048,105.0
EMP014,2026-01-13,36,50,27,30,9,221,1,1,1,17.57,15.58,15.58,11.75,8.17,13.19,13.71,0.8007,0.451,0.4895,0.0,0.0,0.0,0.75,0.8333,0.0,10,0,3.51,17.43,0.201,50.0,6.32,11.38,493.5,10,0.7059,110.5
EMP014,2026-01-14,25,33,32,33,14,230,1,1,1,17.71,16.46,16.46,13.15,8.23,13.28,13.52,1.0055,0.956,0.4121,0.0,0.0,0.0,1.28,1.32,0.0,10,0,8.51,17.43,0.488,50.0,6.32,11.38,493.5,10,0.7826,115.0
EMP014,2026-01-15,33,27,27,26,9,196,1,1,1,22.14,17.57,17.57,14.57,8.64,12.09,13.63,1.2484,1.3319,0.4945,0.0,0.0,0.0,0.8182,0.7879,0.0,10,0,3.51,17.43,0.201,50.0,6.32,11.38,493.5,10,0.7704,98.0
EMP014,2026-01-16,35,39,27,20,10,199,1,1,1,20.71,19.5,18.2,15.33,8.67,10.77,13.37,1.25,1.3679,0.4107,0.0,0.0,0.0,0.7714,0.5714,0.0,10,0,3.51,17.43,0.201,50.0,6.32,11.38,493.5,10,0.7337,99.5
EMP014,2026-01-17,5,5,8,3,1,38,1,1,1,21.14,20.36,18.75,15.62,8.75,10.95,13.12,1.2235,1.2294,0.3676,57.33,80.79,88.57,1.6,0.6,0.0,10,0,-15.49,17.43,-0.889,50.0,6.32,11.38,493.5,10,0.7368,19.0
EMP014,2026-01-18,0,0,0,0,0,0,1,1,1,21.0,20.14,18.12,14.88,8.29,11.11,12.98,0.8088,0.777,0.1544,100.0,100.0,100.0,0.0,0.0,100.0,0,10,-23.49,17.43,-1.348,50.0,6.32,11.38,493.5,0,0.0,0.0
EMP014,2026-01-19,18,54,27,35,14,251,2,2,2,21.0,20.14,17.11,14.06,7.83,11.11,13.28,0.3633,0.3932,-0.0155,0.0,0.0,0.0,1.5,1.9444,0.0,10,0,3.51,17.43,0.201,50.0,6.32,11.38,493.5,10,0.6853,125.5
EMP014,2026-01-20,46,38,28,26,24,239,1,1,1,21.14,19.36,17.63,15.16,8.16,11.18,13.11,0.4649,0.6649,0.0842,0.0,0.0,0.0,0.6087,0.5652,0.0,10,0,4.51,17.43,0.259,50.0,6.32,11.38,493.5,10,0.7615,119.5
EMP014,2026-01-21,16,39,27,20,9,187,1,1,1,21.29,19.5,18.15,15.7,8.95,11.26,12.98,0.5466,0.7248,0.2985,0.0,0.0,0.0,1.6875,1.25,0.0,10,0,3.51,17.43,0.201,50.0,6.32,11.38,493.5,10,0.6738,93.5
EMP014,2026-01-22,27,25,26,33,9,214,1,1,1,20.57,21.36,18.57,15.9,8.95,10.7,12.8,0.587,0.6818,0.2584,0.0,0.0,0.0,0.963,1.2222,0.0,10,0,2.51,17.43,0.144,50.0,6.32,11.38,493.5,10,0.7804,107.0
EMP014,2026-01-23,39,43,30,21,15,225,1,1,1,20.43,20.57,18.91,16.68,8.95,10.62,12.61,0.5985,0.7956,0.2253,0.0,0.0,0.0,0.7692,0.5385,0.0,10,0,6.51,17.43,0.373,50.0,6.32,11.38,493.5,10,0.72,112.5
EMP014,2026-01-24,11,12,14,13,4,79,1,1,1,20.86,21.0,19.39,16.87,9.22,10.93,12.53,0.6443,0.7431,0.2628,27.8,22.94,56.62,1.2727,1.1818,0.0,10,0,-9.49,17.43,-0.544,50.0,6.32,11.38,493.5,10,0.7595,39.5
EMP014,2026-01-25,0,0,0,0,0,0,1,1,1,21.71,21.36,19.17,16.71,9.0,10.1,12.32,0.513,0.6152,0.1791,100.0,100.0,100.0,0.0,0.0,100.0,0,10,-23.49,17.43,-1.348,50.0,6.32,11.38,493.5,0,0.0,0.0
EMP014,2026-01-26,0,0,0,0,0,0,2,2,2,21.71,21.36,18.4,16.04,8.64,10.1,12.64,0.2769,0.39,0.0754,100.0,100.0,100.0,0.0,0.0,100.0,0,10,-23.49,17.43,-1.348,50.0,6.32,11.38,493.5,0,0.0,0.0
EMP014,2026-01-27,41,38,41,31,18,266,3,3,3,17.86,19.5,17.69,15.42,8.31,12.26,12.89,0.0889,0.2096,-0.0068,0.0,0.0,0.0,1.0,0.7561,0.0,10,0,17.51,17.43,1.005,50.0,6.32,11.38,493.5,10,0.7669,133.0
EMP014,2026-01-28,40,43,33,24,13,212,1,1,1,19.71,20.5,18.56,16.0,8.67,14.45,13.39,0.2643,0.3107,0.0708,0.0,0.0,0.0,0.825,0.6,0.0,10,0,9.51,17.43,0.546,50.0,6.32,11.38,493.5,10,0.684,106.0
EMP014,2026-01-29,43,55,49,30,11,284,1,1,1,20.57,20.57,19.07,16.29,8.82,15.02,13.42,0.3437,0.3377,0.0955,0.0,0.0,0.0,1.1395,0.6977,0.0,10,0,25.51,17.43,1.464,50.0,6.32,11.38,493.5,10,0.7218,142.0
EMP014,2026-01-30,32,53,64,29,11,279,1,1,1,23.86,22.14,20.1,16.76,8.9,18.06,14.27,0.5158,0.3985,0.101,0.0,0.0,0.0,2.0,0.9062,0.0,10,0,40.51,17.43,2.324,50.0,6.32,11.38,493.5,10,0.7491,139.5
EMP014,2026-01-31,9,11,12,8,4,77,1,1,1,28.71,24.79,21.57,17.17,8.97,22.96,16.09,0.7491,0.4389,0.1048,44.37,53.41,55.41,1.3333,0.8889,0.0,10,0,-11.49,17.43,-0.659,50.0,6.32,11.38,493.5,10,0.7143,38.5
EMP014,2026-02-01,0,0,0,0,0,0,1,1,1,28.43,25.07,21.97,17.43,9.1,23.16,15.7,0.5386,0.2614,0.0109,100.0,100.0,100.0,0.0,0.0,100.0,0,10,-23.49,17.43,-1.348,50.0,6.32,11.38,493.5,0,0.0,0.0
EMP014,2026-02-02,40,61,24,27,10,266,2,2,2,28.43,25.07,21.47,16.97,8.93,23.16,16.14,0.3488,0.1253,-0.0761,0.0,0.0,0.0,0.6,0.675,0.0,10,0,0.51,17.43,0.029,50.0,6.32,11.38,493.5,10,0.6955,133.0
EMP014,2026-02-03,43,45,43,29,11,259,1,1,1,31.86,24.86,21.9,17.43,9.03,20.29,16.03,0.293,0.1626,-0.0825,0.0,0.0,0.0,1.0,0.6744,0.0,10,0,19.51,17.43,1.119,50.0,6.32,11.38,493.5,10,0.7452,129.5
EMP014,2026-02-04,24,41,30,25,11,194,1,1,1,32.14,25.93,23.33,18.4,9.4,20.43,15.93,0.2781,0.117,-0.1321,0.0,0.0,0.0,1.25,1.0417,0.0,10,0,6.51,17.43,0.373,50.0,6.32,11.38,493.5,10,0.7062,97.0
EMP014,2026-02-05,20,32,28,20,9,192,1,1,1,31.71,26.14,23.07,18.5,9.03,20.44,15.75,0.4222,0.1844,-0.0349,0.0,0.0,0.33,1.4,1.0,0.0,10,0,4.51,17.43,0.259,50.0,6.32,11.38,493.5,10,0.7396,96.0
EMP014,2026-02-06,20,53,24,21,10,224,1,1,1,28.71,26.29,23.13,18.3,8.8,19.19,15.77,0.4743,0.2458,0.0129,0.0,0.0,0.0,1.2,1.05,0.0,10,0,0.51,17.43,0.029,50.0,6.32,11.38,493.5,10,0.6964,112.0
EMP014,2026-02-07,9,16,10,9,5,78,1,1,1,23.0,25.86,23.9,18.97,9.13,12.68,15.22,0.3273,0.1439,-0.04,58.16,52.56,45.24,1.1111,1.0,0.0,10,0,-13.49,17.43,-0.774,50.0,6.32,11.38,493.5,10,0.6795,39.0
EMP014,2026-02-08,0,0,0,0,0,0,1,1,1,22.71,25.57,23.0,18.6,8.8,12.95,15.22,0.3279,0.0868,-0.0263,100.0,100.0,100.0,0.0,0.0,100.0,0,10,-23.49,17.43,-1.348,50.0,6.32,11.38,493.5,0,0.0,0.0
EMP014,2026-02-09,43,42,39,19,11,236,2,2,2,22.71,25.57,22.2,18.17,8.4,12.95,15.77,0.1864,-0.0719,-0.061,0.0,0.0,0.0,0.907,0.4419,0.0,10,0,15.51,17.43,0.89,50.0,6.32,11.38,493.5,10,0.75,118.0
EMP014,2026-02-10,33,34,22,32,11,232,1,1,1,24.86,28.36,23.2,18.47,8.6,14.17,15.85,0.2038,-0.1228,-0.0676,5.17,0.0,0.0,0.6667,0.9697,0.0,10,0,-1.49,17.43,-0.085,50.0,6.32,11.38,493.5,10,0.7241,116.0
EMP014,2026-02-11,29,39,28,24,18,213,1,1,1,21.86,27.0,23.93,19.53,8.97,12.08,15.26,0.036,-0.1628,-0.1115,0.0,0.0,0.0,0.9655,0.8276,0.0,10,0,4.51,17.43,0.259,50.0,6.32,11.38,493.5,10,0.7277,106.5
EMP014,2026-02-12,29,39,24,20,14,193,1,1,1,21.57,26.64,24.0,19.6,9.03,11.9,15.27,0.0765,-0.117,-0.0047,0.0,0.0,0.0,0.8276,0.6897,0.0,10,0,0.51,17.43,0.029,50.0,6.32,11.38,493.5,10,0.7047,96.5
EMP014,2026-02-13,0,0,0,0,0,0,1,1,1,21.0,24.86,23.9,19.27,9.2,11.67,15.26,0.0972,-0.0427,0.0271,100.0,100.0,100.0,0.0,0.0,100.0,0,10,-23.49,17.43,-1.348,50.0,6.32,11.38,493.5,0,0.0,0.0
EMP014,2026-02-14,7,17,11,6,5,73,2,2,2,17.57,20.29,22.83,18.17,8.73,13.65,15.77,-0.0011,-0.0723,0.0009,51.82,66.98,42.73,1.5714,0.8571,0.0,10,0,-12.49,17.43,-0.717,50.0,6.32,11.38,493.5,10,0.6849,36.5
EMP014,2026-02-15,0,0,0,0,0,0,1,1,1,17.71,20.21,22.3,17.5,8.6,13.57,15.89,-0.0487,-0.0968,-0.0214,100.0,100.0,100.0,0.0,0.0,100.0,0,10,-23.49,17.43,-1.348,50.0,6.32,11.38,493.5,0,0.0,0.0
EMP014,2026-02-16,41,52,25,19,10,232,2,2,2,17.71,20.21,21.4,16.83,8.27,13.57,16.35,-0.1602,-0.1924,-0.0672,0.0,0.0,0.0,0.6098,0.4634,0.0,10,0,1.51,17.43,0.087,50.0,6.32,11.38,493.5,10,0.6724,116.0
EMP014,2026-02-17,34,47,40,34,11,254,1,1,1,15.71,20.29,21.97,17.37,8.57,11.09,16.17,-0.2294,-0.2739,-0.1061,0.0,0.0,0.0,1.1765,1.0,0.0,10,0,16.51,17.43,0.947,50.0,6.32,11.38,493.5,10,0.752,127.0
EMP014,2026-02-18,40,41,29,25,15,226,1,1,1,18.29,20.07,23.3,18.5,8.93,13.97,15.95,-0.2645,-0.2863,-0.1495,0.0,0.0,0.0,0.725,0.625,0.0,10,0,5.51,17.43,0.316,50.0,6.32,11.38,493.5,10,0.7522,113.0
EMP014,2026-02-19,42,37,32,31,13,223,1,1,1,18.43,20.0,23.37,18.17,8.97,14.07,15.97,-0.2022,-0.1306,-0.0754,0.0,0.0,0.0,0.7619,0.7381,0.0,10,0,8.51,17.43,0.488,50.0,6.32,11.38,493.5,10,0.7713,111.5
EMP014,2026-02-20,20,37,29,31,21,241,1,1,1,19.57,20.29,23.5,18.33,8.6,14.78,16.03,-0.1146,0.0062,0.0543,0.0,0.0,0.0,1.45,1.55,0.0,10,0,5.51,17.43,0.316,50.0,6.32,11.38,493.5,10,0.7635,120.5
EMP014,2026-02-21,14,16,11,7,3,80,1,1,1,23.71,20.64,23.57,18.7,9.0,12.62,16.05,-0.0549,0.0994,0.137,53.33,62.57,66.67,0.7857,0.5,0.0,10,0,-12.49,17.43,-0.717,50.0,6.32,11.38,493.5,10,0.7375,40.0
EMP014,2026-02-22,0,0,0,0,0,0,1,1,1,23.71,20.71,23.07,17.83,8.8,12.62,16.19,-0.1192,0.1226,0.0983,100.0,100.0,100.0,0.0,0.0,100.0,0,10,-23.49,17.43,-1.348,50.0,6.32,11.38,493.5,0,0.0,0.0
EMP014,2026-02-23,38,41,33,23,12,245,2,2,2,23.71,20.71,22.07,17.13,8.3,12.62,16.66,-0.2202,0.0294,0.0843,0.0,0.0,0.0,0.8684,0.6053,0.0,10,0,9.51,17.43,0.546,50.0,6.32,11.38,493.5,10,0.7347,122.5
EMP014,2026-02-24,45,29,28,19,21,223,1,1,1,24.86,20.29,22.7,17.47,8.57,13.04,16.7,-0.2053,0.0387,0.0785,0.0,0.0,0.0,0.6222,0.4222,0.0,10,0,4.51,17.43,0.259,50.0,6.32,11.38,493.5,10,0.7937,111.5
EMP014,2026-02-25,34,29,22,21,11,204,1,1,1,23.14,20.71,23.63,18.1,9.27,11.65,16.18,-0.3277,-0.0719,0.0997,6.9,0.0,0.0,0.6471,0.6176,0.0,10,0,-1.49,17.43,-0.085,50.0,6.32,11.38,493.5,10,0.75,102.0
EMP014,2026-02-26,36,51,40,35,15,275,1,1,1,22.14,20.29,24.37,18.8,9.63,11.41,15.58,-0.5012,-0.178,0.0469,0.0,0.0,0.0,1.1111,0.9722,0.0,10,0,16.51,17.43,0.947,50.0,6.32,11.38,493.5,10,0.6982,137.5
EMP014,2026-02-27,40,37,40,36,17,264,1,1,1,23.29,21.43,24.33,18.93,9.53,12.67,15.54,-0.2857,0.0107,0.1393,0.0,0.0,0.0,1.0,0.9,0.0,10,0,16.51,17.43,0.947,50.0,6.32,11.38,493.5,10,0.7652,132.0
EMP014,2026-02-28,14,10,15,12,9,91,1,1,1,24.86,24.29,24.57,19.33,9.67,13.9,15.72,-0.1248,0.1557,0.2113,38.95,37.92,6.93,1.0714,0.8571,0.0,10,0,-8.49,17.43,-0.487,50.0,6.32,11.38,493.5,10,0.8352,45.5
EMP014,2026-03-01,0,0,0,0,0,0,1,1,1,25.43,24.57,23.43,18.73,9.6,13.39,15.13,-0.018,0.182,0.2162,100.0,100.0,100.0,0.0,0.0,100.0,0,10,-23.49,17.43,-1.348,50.0,6.32,11.38,493.5,0,0.0,0.0
EMP014,2026-03-02,0,0,0,0,0,0,2,2,2,25.43,24.57,21.3,17.77,9.23,13.39,13.71,0.1106,0.1319,0.164,100.0,100.0,100.0,0.0,0.0,100.0,0,10,-23.49,17.43,-1.348,50.0,6.32,11.38,493.5,0,0.0,0.0
EMP014,2026-03-03,36,65,41,37,27,290,3,3,3,20.71,22.79,20.9,17.5,9.1,15.54,14.14,-0.091,-0.0501,0.0683,0.0,0.0,0.0,1.1389,1.0278,0.0,10,0,17.51,17.43,1.005,50.0,6.32,11.38,493.5,10,0.7172,145.0
EMP014,2026-03-04,29,42,35,30,18,236,1,1,1,22.57,22.86,22.27,18.73,10.0,17.0,14.04,-0.1055,-0.0449,0.121,0.0,0.0,0.0,1.2069,1.0345,0.0,10,0,11.51,17.43,0.66,50.0,6.32,11.38,493.5,10,0.7585,118.0
EMP014,2026-03-05,33,47,29,34,16,246,1,1,1,24.43,23.29,22.63,18.83,10.27,17.54,14.22,-0.0113,0.0848,0.1726,0.0,0.0,0.0,0.8788,1.0303,0.0,10,0,5.51,17.43,0.316,50.0,6.32,11.38,493.5,10,0.752,123.0
EMP014,2026-03-06,0,0,0,0,0,0,1,1,1,22.86,23.07,22.17,19.0,10.43,16.54,13.77,0.1702,0.2527,0.2147,100.0,100.0,100.0,0.0,0.0,100.0,0,10,-23.49,17.43,-1.348,50.0,6.32,11.38,493.5,0,0.0,0.0
EMP014,2026-03-07,16,13,11,8,8,83,2,2,2,17.14,21.0,21.17,18.17,10.07,16.54,14.24,0.0812,0.1715,0.1513,48.04,55.97,20.56,0.6875,0.5,0.0,10,0,-12.49,17.43,-0.717,50.0,6.32,11.38,493.5,10,0.759,41.5
EMP014,2026-03-08,0,0,0,0,0,0,1,1,1,16.57,21.0,20.6,17.77,10.03,16.67,14.3,0.0627,0.1186,0.1306,100.0,100.0,100.0,0.0,0.0,100.0,0,10,-23.49,17.43,-1.348,50.0,6.32,11.38,493.5,0,0.0,0.0
EMP014,2026-03-09,36,29,38,31,20,248,2,2,2,16.57,21.0,19.8,17.07,9.7,16.67,14.75,-0.0467,0.0263,0.0656,0.0,0.0,0.0,1.0556,0.8611,0.0,10,0,14.51,17.43,0.832,50.0,6.32,11.38,493.5,10,0.7984,124.0
EMP014,2026-03-10,32,43,33,30,9,244,1,1,1,22.0,21.36,20.73,17.8,10.2,16.58,14.98,0.0031,0.0605,0.0997,0.0,0.0,11.76,1.0312,0.9375,0.0,10,0,9.51,17.43,0.546,50.0,6.32,11.38,493.5,10,0.7336,122.0
EMP014,2026-03-11,39,29,29,21,18,222,1,1,1,20.86,21.71,21.83,18.8,10.5,15.47,14.63,-0.0607,0.0165,0.0216,0.0,0.0,0.0,0.7436,0.5385,0.0,10,0,5.51,17.43,0.316,50.0,6.32,11.38,493.5,10,0.7838,111.0
EMP014,2026-03-12,3,4,3,1,0,15,1,1,1,20.0,22.21,21.5,18.87,10.73,14.81,14.35,0.1039,0.032,0.0734,86.05,94.7,100.0,1.0,0.3333,20.0,8,2,-20.49,17.43,-1.176,50.0,6.32,11.38,493.5,8,0.6667,7.5
EMP014,2026-03-13,20,13,16,9,6,112,1,1,2,16.29,19.57,20.87,17.83,10.37,15.34,14.72,-0.012,0.0073,0.006,23.33,49.52,42.14,0.8,0.45,0.0,10,0,-7.49,17.43,-0.43,50.0,6.32,11.38,493.5,10,0.7946,56.0
EMP014,2026-03-14,8,14,13,7,3,69,1,1,1,18.57,17.86,20.47,17.33,9.97,13.87,14.69,0.0058,-0.0071,0.0305,36.49,59.61,69.91,1.625,0.875,0.0,10,0,-10.49,17.43,-0.602,50.0,6.32,11.38,493.5,10,0.7246,34.5
EMP014,2026-03-15,0,0,0,0,0,0,1,1,1,18.86,17.71,20.1,16.9,9.6,13.73,14.73,-0.018,-0.0554,0.0133,100.0,100.0,100.0,0.0,0.0,100.0,0,10,-23.49,17.43,-1.348,50.0,6.32,11.38,493.5,0,0.0,0.0
EMP014,2026-03-16,26,32,29,32,14,202,2,2,2,18.86,17.71,20.1,16.9,9.6,13.73,14.73,-0.2863,-0.281,-0.1148,0.0,0.0,0.0,1.1154,1.2308,0.0,10,0,5.51,17.43,0.316,50.0,6.32,11.38,493.5,10,0.7525,101.0
EMP014,2026-03-17,19,39,48,21,12,217,1,1,1,17.57,19.79,20.7,17.77,9.9,12.21,14.72,-0.2917,-0.2587,-0.1181,0.0,0.0,0.0,2.5263,1.1053,0.0,10,0,24.51,17.43,1.406,50.0,6.32,11.38,493.5,10,0.7419,108.5
EMP014,2026-03-18,24,48,37,31,12,239,1,1,1,19.71,20.29,22.3,18.47,10.3,15.58,14.98,-0.2583,-0.3604,-0.1729,0.0,0.0,0.0,1.5417,1.2917,0.0,10,0,13.51,17.43,0.775,50.0,6.32,11.38,493.5,10,0.6987,119.5
EMP014,2026-03-19,40,36,38,30,15,237,1,1,1,20.86,20.43,22.7,18.87,10.37,16.49,15.21,-0.1448,-0.2759,-0.164,0.0,0.0,0.0,0.95,0.75,0.0,10,0,14.51,17.43,0.832,50.0,6.32,11.38,493.5,10,0.7595,118.5
EMP014,2026-03-20,22,30,30,20,10,177,1,1,1,25.86,21.07,22.63,18.73,10.5,15.6,15.14,0.0732,-0.0997,-0.1297,0.0,0.0,4.76,1.3636,0.9091,0.0,10,0,6.51,17.43,0.373,50.0,6.32,11.38,493.5,10,0.7345,88.5
EMP014,2026-03-21,13,10,7,8,3,65,1,1,1,27.86,23.21,22.67,18.57,10.33,15.09,15.15,0.1646,-0.0483,-0.1019,69.12,56.92,70.96,0.5385,0.6154,0.0,10,0,-16.49,17.43,-0.946,50.0,6.32,11.38,493.5,10,0.7692,32.5
EMP014,2026-03-22,0,0,0,0,0,0,1,1,1,27.0,22.93,21.83,17.8,10.0,16.05,15.3,0.1279,-0.0307,-0.1308,100.0,100.0,100.0,0.0,0.0,100.0,0,10,-23.49,17.43,-1.348,50.0,6.32,11.38,493.5,0,0.0,0.0
EMP014,2026-03-23,31,48,35,37,15,259,2,2,2,27.0,22.93,20.87,16.77,9.3,16.05,15.73,0.0365,-0.0545,-0.1195,0.0,0.0,0.0,1.129,1.1935,0.0,10,0,11.51,17.43,0.66,50.0,6.32,11.38,493.5,10,0.7413,129.5
EMP014,2026-03-24,38,54,24,22,9,224,1,1,1,27.86,22.71,21.67,17.77,9.7,16.3,15.82,0.0596,0.0087,-0.1261,0.0,0.0,7.22,0.6316,0.5789,0.0,10,0,0.51,17.43,0.029,50.0,6.32,11.38,493.5,10,0.692,112.0
EMP014,2026-03-25,39,52,40,55,33,309,1,1,1,24.43,22.07,22.47,18.5,10.0,14.07,15.3,-0.0747,-0.0865,-0.1976,0.0,0.0,0.0,1.0256,1.4103,0.0,10,0,16.51,17.43,0.947,50.0,6.32,11.38,493.5,10,0.7573,154.5
EMP014,2026-03-26,56,62,66,45,23,374,1,1,1,24.86,22.86,22.7,19.57,10.7,14.49,15.51,0.111,0.18,-0.0354,0.0,0.0,0.0,1.1786,0.8036,0.0,10,0,42.51,17.43,2.439,50.0,6.32,11.38,493.5,10,0.7834,187.0
EMP014,2026-03-27,48,64,60,46,30,365,1,1,1,28.86,27.36,23.97,20.43,10.77,20.27,17.34,0.4269,0.3402,0.115,0.0,0.0,0.0,1.25,0.9583,0.0,10,0,36.51,17.43,2.095,50.0,6.32,11.38,493.5,10,0.7479,182.5
EMP014,2026-03-28,14,22,31,24,12,147,1,1,1,33.14,30.5,25.23,21.27,11.4,23.04,18.5,0.6458,0.509,0.2407,0.0,0.0,0.0,2.2143,1.7143,0.0,10,0,7.51,17.43,0.431,50.0,6.32,11.38,493.5,10,0.7687,73.5
EMP014,2026-03-29,0,0,0,0,0,0,1,1,1,36.57,31.79,24.93,20.9,11.3,20.55,18.33,0.7849,0.6214,0.2694,100.0,100.0,100.0,0.0,0.0,100.0,0,10,-23.49,17.43,-1.348,50.0,6.32,11.38,493.5,0,0.0,0.0
EMP014,2026-03-30,47,43,66,61,37,362,2,2,2,36.57,31.79,23.6,19.7,10.73,20.55,18.63,0.7279,0.5907,0.2358,0.0,0.0,0.0,1.4043,1.2979,0.0,10,0,42.51,17.43,2.439,50.0,6.32,11.38,493.5,10,0.8343,181.0
EMP014,2026-03-31,38,62,69,65,23,353,1,1,1,41.0,34.43,25.3,21.33,11.67,22.93,20.05,0.9422,0.804,0.3933,0.0,0.0,0.0,1.8158,1.7105,0.0,10,0,45.51,17.43,2.611,50.0,6.32,11.38,493.5,10,0.7677,176.5
EMP015,2026-01-01,0,0,0,0,0,0,1,1,1,0.0,0.0,0.0,0.0,0.0,0.0,0.0,0.0,0.0,0.0,0.0,0.0,0.0,0.0,0.0,100.0,0,5,0.0,1.0,0.0,50.0,6.37,9.21,556.75,0,0.0,0.0
EMP015,2026-01-02,0,92,0,0,0,676,2,2,2,0.0,0.0,0.0,0.0,0.0,0.0,0.0,0.0,0.0,0.0,0.0,0.0,0.0,0.0,0.0,0.0,5,0,0.0,1.0,0.0,50.0,6.37,9.21,556.75,5,0.6731,338.0
EMP015,2026-01-03,0,30,0,0,0,260,3,3,3,0.0,0.0,0.0,0.0,0.0,0.0,0.0,0.0,0.0,0.0,0.0,0.0,0.0,0.0,0.0,0.0,5,0,0.0,1.0,0.0,50.0,6.37,9.21,556.75,5,0.7538,130.0
EMP015,2026-01-04,0,0,0,0,0,0,4,4,4,0.0,0.0,0.0,0.0,0.0,0.0,0.0,0.0,0.0,0.0,0.0,0.0,0.0,0.0,0.0,100.0,0,5,0.0,1.0,0.0,50.0,6.37,9.21,556.75,0,0.0,0.0
EMP015,2026-01-05,0,79,0,0,0,611,5,5,5,0.0,0.0,0.0,0.0,0.0,0.0,0.0,0.0,0.0,0.0,0.0,0.0,0.0,0.0,0.0,0.0,5,0,0.0,1.0,0.0,50.0,6.37,9.21,556.75,5,0.7741,305.5
EMP015,2026-01-06,0,29,0,0,0,244,6,6,6,0.0,0.0,0.0,0.0,0.0,0.0,0.0,0.0,0.0,0.0,0.0,0.0,0.0,0.0,0.0,0.0,5,0,0.0,1.0,0.0,50.0,6.37,9.21,556.75,5,0.7254,122.0
EMP015,2026-01-07,0,0,0,0,0,0,7,7,7,0.0,0.0,0.0,0.0,0.0,0.0,0.0,0.0,0.0,0.0,0.0,0.0,0.0,0.0,0.0,100.0,0,5,0.0,1.0,0.0,50.0,6.37,9.21,556.75,0,0.0,0.0
EMP015,2026-01-08,0,73,0,0,0,638,8,8,8,0.0,0.0,0.0,0.0,0.0,0.0,0.0,0.0,0.0,0.0,0.0,0.0,0.0,0.0,0.0,0.0,5,0,0.0,1.0,0.0,50.0,6.37,9.21,556.75,5,0.6959,319.0
EMP015,2026-01-09,0,80,0,0,0,609,9,9,9,0.0,0.0,0.0,0.0,0.0,0.0,0.0,0.0,0.0,0.0,0.0,0.0,0.0,0.0,0.0,0.0,5,0,0.0,1.0,0.0,50.0,6.37,9.21,556.75,5,0.6634,304.5
EMP015,2026-01-10,0,18,0,0,0,171,10,10,10,0.0,0.0,0.0,0.0,0.0,0.0,0.0,0.0,0.0,0.0,0.0,0.0,0.0,0.0,0.0,0.0,5,0,0.0,1.0,0.0,50.0,6.37,9.21,556.75,5,0.7076,85.5
EMP015,2026-01-11,0,0,0,0,0,0,11,11,11,0.0,0.0,0.0,0.0,0.0,0.0,0.0,0.0,0.0,0.0,0.0,0.0,0.0,0.0,0.0,100.0,0,5,0.0,1.0,0.0,50.0,6.37,9.21,556.75,0,0.0,0.0
EMP015,2026-01-12,0,52,0,0,0,562,12,12,12,0.0,0.0,0.0,0.0,0.0,0.0,0.0,0.0,0.0,0.0,0.0,0.0,0.0,0.0,0.0,0.0,5,0,0.0,1.0,0.0,50.0,6.37,9.21,556.75,5,0.7705,281.0
EMP015,2026-01-13,0,56,0,0,0,522,13,13,13,0.0,0.0,0.0,0.0,0.0,0.0,0.0,0.0,0.0,0.0,0.0,0.0,0.0,0.0,0.0,0.0,5,0,0.0,1.0,0.0,50.0,6.37,9.21,556.75,5,0.7529,261.0
EMP015,2026-01-14,0,85,0,0,0,527,14,14,14,0.0,0.0,0.0,0.0,0.0,0.0,0.0,0.0,0.0,0.0,0.0,0.0,0.0,0.0,0.0,0.0,5,0,0.0,1.0,0.0,50.0,6.37,9.21,556.75,5,0.6698,263.5
EMP015,2026-01-15,0,67,0,0,0,455,15,15,15,0.0,0.0,0.0,0.0,0.0,0.0,0.0,0.0,0.0,0.0,0.0,0.0,0.0,0.0,0.0,0.0,5,0,0.0,1.0,0.0,50.0,6.37,9.21,556.75,5,0.6637,227.5
EMP015,2026-01-16,0,72,0,0,0,587,16,16,16,0.0,0.0,0.0,0.0,0.0,0.0,0.0,0.0,0.0,0.0,0.0,0.0,0.0,0.0,0.0,0.0,5,0,0.0,1.0,0.0,50.0,6.37,9.21,556.75,5,0.7359,293.5
EMP015,2026-01-17,0,23,0,0,0,202,17,17,17,0.0,0.0,0.0,0.0,0.0,0.0,0.0,0.0,0.0,0.0,0.0,0.0,0.0,0.0,0.0,0.0,5,0,0.0,1.0,0.0,50.0,6.37,9.21,556.75,5,0.6881,101.0
EMP015,2026-01-18,0,0,0,0,0,0,18,18,18,0.0,0.0,0.0,0.0,0.0,0.0,0.0,0.0,0.0,0.0,0.0,0.0,0.0,0.0,0.0,100.0,0,5,0.0,1.0,0.0,50.0,6.37,9.21,556.75,0,0.0,0.0
EMP015,2026-01-19,0,92,0,0,0,596,19,19,19,0.0,0.0,0.0,0.0,0.0,0.0,0.0,0.0,0.0,0.0,0.0,0.0,0.0,0.0,0.0,0.0,5,0,0.0,1.0,0.0,50.0,6.37,9.21,556.75,5,0.7349,298.0
EMP015,2026-01-20,0,64,0,0,0,718,20,20,20,0.0,0.0,0.0,0.0,0.0,0.0,0.0,0.0,0.0,0.0,0.0,0.0,0.0,0.0,0.0,0.0,5,0,0.0,1.0,0.0,50.0,6.37,9.21,556.75,5,0.7925,359.0
EMP015,2026-01-21,0,48,0,0,0,460,21,21,21,0.0,0.0,0.0,0.0,0.0,0.0,0.0,0.0,0.0,0.0,0.0,0.0,0.0,0.0,0.0,0.0,5,0,0.0,1.0,0.0,50.0,6.37,9.21,556.75,5,0.75,230.0
EMP015,2026-01-22,0,85,0,0,0,530,22,22,22,0.0,0.0,0.0,0.0,0.0,0.0,0.0,0.0,0.0,0.0,0.0,0.0,0.0,0.0,0.0,0.0,5,0,0.0,1.0,0.0,50.0,6.37,9.21,556.75,5,0.6528,265.0
EMP015,2026-01-23,0,74,0,0,0,476,23,23,23,0.0,0.0,0.0,0.0,0.0,0.0,0.0,0.0,0.0,0.0,0.0,0.0,0.0,0.0,0.0,0.0,5,0,0.0,1.0,0.0,50.0,6.37,9.21,556.75,5,0.7227,238.0
EMP015,2026-01-24,0,19,0,0,0,213,24,24,24,0.0,0.0,0.0,0.0,0.0,0.0,0.0,0.0,0.0,0.0,0.0,0.0,0.0,0.0,0.0,0.0,5,0,0.0,1.0,0.0,50.0,6.37,9.21,556.75,5,0.7653,106.5
EMP015,2026-01-25,0,0,0,0,0,0,25,25,25,0.0,0.0,0.0,0.0,0.0,0.0,0.0,0.0,0.0,0.0,0.0,0.0,0.0,0.0,0.0,100.0,0,5,0.0,1.0,0.0,50.0,6.37,9.21,556.75,0,0.0,0.0
EMP015,2026-01-26,0,0,0,0,0,0,26,26,26,0.0,0.0,0.0,0.0,0.0,0.0,0.0,0.0,0.0,0.0,0.0,0.0,0.0,0.0,0.0,100.0,0,5,0.0,1.0,0.0,50.0,6.37,9.21,556.75,0,0.0,0.0
EMP015,2026-01-27,0,111,0,0,0,608,27,27,27,0.0,0.0,0.0,0.0,0.0,0.0,0.0,0.0,0.0,0.0,0.0,0.0,0.0,0.0,0.0,0.0,5,0,0.0,1.0,0.0,50.0,6.37,9.21,556.75,5,0.6743,304.0
EMP015,2026-01-28,0,81,0,0,0,554,28,28,28,0.0,0.0,0.0,0.0,0.0,0.0,0.0,0.0,0.0,0.0,0.0,0.0,0.0,0.0,0.0,0.0,5,0,0.0,1.0,0.0,50.0,6.37,9.21,556.75,5,0.7329,277.0
EMP015,2026-01-29,0,54,0,0,0,649,29,29,29,0.0,0.0,0.0,0.0,0.0,0.0,0.0,0.0,0.0,0.0,0.0,0.0,0.0,0.0,0.0,0.0,5,0,0.0,1.0,0.0,50.0,6.37,9.21,556.75,5,0.792,324.5
EMP015,2026-01-30,0,107,0,0,0,563,30,30,30,0.0,0.0,0.0,0.0,0.0,0.0,0.0,0.0,0.0,0.0,0.0,0.0,0.0,0.0,0.0,0.0,5,0,0.0,1.0,0.0,50.0,6.37,9.21,556.75,5,0.659,281.5
EMP015,2026-01-31,0,22,0,0,0,207,31,31,31,0.0,0.0,0.0,0.0,0.0,0.0,0.0,0.0,0.0,0.0,0.0,0.0,0.0,0.0,0.0,0.0,5,0,0.0,1.0,0.0,50.0,6.37,9.21,556.75,5,0.7681,103.5
EMP015,2026-02-01,0,0,0,0,0,0,32,32,32,0.0,0.0,0.0,0.0,0.0,0.0,0.0,0.0,0.0,0.0,0.0,0.0,0.0,0.0,0.0,100.0,0,5,0.0,1.0,0.0,50.0,6.37,9.21,556.75,0,0.0,0.0
EMP015,2026-02-02,0,74,0,0,0,661,33,33,33,0.0,0.0,0.0,0.0,0.0,0.0,0.0,0.0,0.0,0.0,0.0,0.0,0.0,0.0,0.0,0.0,5,0,0.0,1.0,0.0,50.0,6.37,9.21,556.75,5,0.7035,330.5
EMP015,2026-02-03,0,71,0,0,0,633,34,34,34,0.0,0.0,0.0,0.0,0.0,0.0,0.0,0.0,0.0,0.0,0.0,0.0,0.0,0.0,0.0,0.0,5,0,0.0,1.0,0.0,50.0,6.37,9.21,556.75,5,0.6872,316.5
EMP015,2026-02-04,0,89,0,0,0,564,35,35,35,0.0,0.0,0.0,0.0,0.0,0.0,0.0,0.0,0.0,0.0,0.0,0.0,0.0,0.0,0.0,0.0,5,0,0.0,1.0,0.0,50.0,6.37,9.21,556.75,5,0.6738,282.0
EMP015,2026-02-05,0,80,0,0,0,596,36,36,36,0.0,0.0,0.0,0.0,0.0,0.0,0.0,0.0,0.0,0.0,0.0,0.0,0.0,0.0,0.0,0.0,5,0,0.0,1.0,0.0,50.0,6.37,9.21,556.75,5,0.7433,298.0
EMP015,2026-02-06,0,59,0,0,0,471,37,37,37,0.0,0.0,0.0,0.0,0.0,0.0,0.0,0.0,0.0,0.0,0.0,0.0,0.0,0.0,0.0,0.0,5,0,0.0,1.0,0.0,50.0,6.37,9.21,556.75,5,0.7134,235.5
EMP015,2026-02-07,0,20,0,0,0,192,38,38,38,0.0,0.0,0.0,0.0,0.0,0.0,0.0,0.0,0.0,0.0,0.0,0.0,0.0,0.0,0.0,0.0,5,0,0.0,1.0,0.0,50.0,6.37,9.21,556.75,5,0.7188,96.0
EMP015,2026-02-08,0,0,0,0,0,0,39,39,39,0.0,0.0,0.0,0.0,0.0,0.0,0.0,0.0,0.0,0.0,0.0,0.0,0.0,0.0,0.0,100.0,0,5,0.0,1.0,0.0,50.0,6.37,9.21,556.75,0,0.0,0.0
EMP015,2026-02-09,0,97,0,0,0,604,40,40,40,0.0,0.0,0.0,0.0,0.0,0.0,0.0,0.0,0.0,0.0,0.0,0.0,0.0,0.0,0.0,0.0,5,0,0.0,1.0,0.0,50.0,6.37,9.21,556.75,5,0.6921,302.0
EMP015,2026-02-10,0,58,0,0,0,524,41,41,41,0.0,0.0,0.0,0.0,0.0,0.0,0.0,0.0,0.0,0.0,0.0,0.0,0.0,0.0,0.0,0.0,5,0,0.0,1.0,0.0,50.0,6.37,9.21,556.75,5,0.6546,262.0
EMP015,2026-02-11,0,87,0,0,0,516,42,42,42,0.0,0.0,0.0,0.0,0.0,0.0,0.0,0.0,0.0,0.0,0.0,0.0,0.0,0.0,0.0,0.0,5,0,0.0,1.0,0.0,50.0,6.37,9.21,556.75,5,0.6337,258.0
EMP015,2026-02-12,0,80,0,0,0,525,43,43,43,0.0,0.0,0.0,0.0,0.0,0.0,0.0,0.0,0.0,0.0,0.0,0.0,0.0,0.0,0.0,0.0,5,0,0.0,1.0,0.0,50.0,6.37,9.21,556.75,5,0.7314,262.5
EMP015,2026-02-13,0,91,0,0,0,579,44,44,44,0.0,0.0,0.0,0.0,0.0,0.0,0.0,0.0,0.0,0.0,0.0,0.0,0.0,0.0,0.0,0.0,5,0,0.0,1.0,0.0,50.0,6.37,9.21,556.75,5,0.6753,289.5
EMP015,2026-02-14,0,19,0,0,0,203,45,45,45,0.0,0.0,0.0,0.0,0.0,0.0,0.0,0.0,0.0,0.0,0.0,0.0,0.0,0.0,0.0,0.0,5,0,0.0,1.0,0.0,50.0,6.37,9.21,556.75,5,0.7389,101.5
EMP015,2026-02-15,0,0,0,0,0,0,46,46,46,0.0,0.0,0.0,0.0,0.0,0.0,0.0,0.0,0.0,0.0,0.0,0.0,0.0,0.0,0.0,100.0,0,5,0.0,1.0,0.0,50.0,6.37,9.21,556.75,0,0.0,0.0
EMP015,2026-02-16,0,49,0,0,0,549,47,47,47,0.0,0.0,0.0,0.0,0.0,0.0,0.0,0.0,0.0,0.0,0.0,0.0,0.0,0.0,0.0,0.0,5,0,0.0,1.0,0.0,50.0,6.37,9.21,556.75,5,0.7942,274.5
EMP015,2026-02-17,0,68,0,0,0,497,48,48,48,0.0,0.0,0.0,0.0,0.0,0.0,0.0,0.0,0.0,0.0,0.0,0.0,0.0,0.0,0.0,0.0,5,0,0.0,1.0,0.0,50.0,6.37,9.21,556.75,5,0.7324,248.5
EMP015,2026-02-18,0,79,0,0,0,516,49,49,49,0.0,0.0,0.0,0.0,0.0,0.0,0.0,0.0,0.0,0.0,0.0,0.0,0.0,0.0,0.0,0.0,5,0,0.0,1.0,0.0,50.0,6.37,9.21,556.75,5,0.6357,258.0
EMP015,2026-02-19,0,70,0,0,0,474,50,50,50,0.0,0.0,0.0,0.0,0.0,0.0,0.0,0.0,0.0,0.0,0.0,0.0,0.0,0.0,0.0,0.0,5,0,0.0,1.0,0.0,50.0,6.37,9.21,556.75,5,0.654,237.0
EMP015,2026-02-20,0,98,0,0,0,551,51,51,51,0.0,0.0,0.0,0.0,0.0,0.0,0.0,0.0,0.0,0.0,0.0,0.0,0.0,0.0,0.0,0.0,5,0,0.0,1.0,0.0,50.0,6.37,9.21,556.75,5,0.677,275.5
EMP015,2026-02-21,0,28,0,0,0,188,52,52,52,0.0,0.0,0.0,0.0,0.0,0.0,0.0,0.0,0.0,0.0,0.0,0.0,0.0,0.0,0.0,0.0,5,0,0.0,1.0,0.0,50.0,6.37,9.21,556.75,5,0.6277,94.0
EMP015,2026-02-22,0,0,0,0,0,0,53,53,53,0.0,0.0,0.0,0.0,0.0,0.0,0.0,0.0,0.0,0.0,0.0,0.0,0.0,0.0,0.0,100.0,0,5,0.0,1.0,0.0,50.0,6.37,9.21,556.75,0,0.0,0.0
EMP015,2026-02-23,0,73,0,0,0,509,54,54,54,0.0,0.0,0.0,0.0,0.0,0.0,0.0,0.0,0.0,0.0,0.0,0.0,0.0,0.0,0.0,0.0,5,0,0.0,1.0,0.0,50.0,6.37,9.21,556.75,5,0.7348,254.5
EMP015,2026-02-24,0,91,0,0,0,562,55,55,55,0.0,0.0,0.0,0.0,0.0,0.0,0.0,0.0,0.0,0.0,0.0,0.0,0.0,0.0,0.0,0.0,5,0,0.0,1.0,0.0,50.0,6.37,9.21,556.75,5,0.6957,281.0
EMP015,2026-02-25,0,49,0,0,0,579,56,56,56,0.0,0.0,0.0,0.0,0.0,0.0,0.0,0.0,0.0,0.0,0.0,0.0,0.0,0.0,0.0,0.0,5,0,0.0,1.0,0.0,50.0,6.37,9.21,556.75,5,0.753,289.5
EMP015,2026-02-26,0,105,0,0,0,691,57,57,57,0.0,0.0,0.0,0.0,0.0,0.0,0.0,0.0,0.0,0.0,0.0,0.0,0.0,0.0,0.0,0.0,5,0,0.0,1.0,0.0,50.0,6.37,9.21,556.75,5,0.7279,345.5
EMP015,2026-02-27,0,116,0,0,0,666,58,58,58,0.0,0.0,0.0,0.0,0.0,0.0,0.0,0.0,0.0,0.0,0.0,0.0,0.0,0.0,0.0,0.0,5,0,0.0,1.0,0.0,50.0,6.37,9.21,556.75,5,0.6712,333.0
EMP015,2026-02-28,0,19,0,0,0,133,59,59,59,0.0,0.0,0.0,0.0,0.0,0.0,0.0,0.0,0.0,0.0,0.0,0.0,0.0,0.0,0.0,0.0,5,0,0.0,1.0,0.0,50.0,6.37,9.21,556.75,5,0.6842,66.5
EMP015,2026-03-01,0,0,0,0,0,0,60,60,60,0.0,0.0,0.0,0.0,0.0,0.0,0.0,0.0,0.0,0.0,0.0,0.0,0.0,0.0,0.0,100.0,0,5,0.0,1.0,0.0,50.0,6.37,9.21,556.75,0,0.0,0.0
EMP015,2026-03-02,0,0,0,0,0,0,61,61,61,0.0,0.0,0.0,0.0,0.0,0.0,0.0,0.0,0.0,0.0,0.0,0.0,0.0,0.0,0.0,100.0,0,5,0.0,1.0,0.0,50.0,6.37,9.21,556.75,0,0.0,0.0
EMP015,2026-03-03,0,114,0,0,0,716,62,62,62,0.0,0.0,0.0,0.0,0.0,0.0,0.0,0.0,0.0,0.0,0.0,0.0,0.0,0.0,0.0,0.0,5,0,0.0,1.0,0.0,50.0,6.37,9.21,556.75,5,0.7053,358.0
EMP015,2026-03-04,0,3,0,0,0,30,63,63,63,0.0,0.0,0.0,0.0,0.0,0.0,0.0,0.0,0.0,0.0,0.0,0.0,0.0,0.0,0.0,20.0,4,1,0.0,1.0,0.0,50.0,6.37,9.21,556.75,4,0.7667,15.0
EMP015,2026-03-05,0,60,0,0,0,486,64,64,64,0.0,0.0,0.0,0.0,0.0,0.0,0.0,0.0,0.0,0.0,0.0,0.0,0.0,0.0,0.0,0.0,5,0,0.0,1.0,0.0,50.0,6.37,9.21,556.75,5,0.7099,243.0
EMP015,2026-03-06,0,61,0,0,0,469,65,65,65,0.0,0.0,0.0,0.0,0.0,0.0,0.0,0.0,0.0,0.0,0.0,0.0,0.0,0.0,0.0,0.0,5,0,0.0,1.0,0.0,50.0,6.37,9.21,556.75,5,0.7122,234.5
EMP015,2026-03-07,0,10,0,0,0,97,66,66,66,0.0,0.0,0.0,0.0,0.0,0.0,0.0,0.0,0.0,0.0,0.0,0.0,0.0,0.0,0.0,20.0,4,1,0.0,1.0,0.0,50.0,6.37,9.21,556.75,4,0.7526,48.5
EMP015,2026-03-08,0,0,0,0,0,0,67,67,67,0.0,0.0,0.0,0.0,0.0,0.0,0.0,0.0,0.0,0.0,0.0,0.0,0.0,0.0,0.0,100.0,0,5,0.0,1.0,0.0,50.0,6.37,9.21,556.75,0,0.0,0.0
EMP015,2026-03-09,0,53,0,0,0,659,68,68,68,0.0,0.0,0.0,0.0,0.0,0.0,0.0,0.0,0.0,0.0,0.0,0.0,0.0,0.0,0.0,0.0,5,0,0.0,1.0,0.0,50.0,6.37,9.21,556.75,5,0.7557,329.5
EMP015,2026-03-10,0,59,0,0,0,550,69,69,69,0.0,0.0,0.0,0.0,0.0,0.0,0.0,0.0,0.0,0.0,0.0,0.0,0.0,0.0,0.0,0.0,5,0,0.0,1.0,0.0,50.0,6.37,9.21,556.75,5,0.7364,275.0
EMP015,2026-03-11,0,46,0,0,0,495,70,70,70,0.0,0.0,0.0,0.0,0.0,0.0,0.0,0.0,0.0,0.0,0.0,0.0,0.0,0.0,0.0,0.0,5,0,0.0,1.0,0.0,50.0,6.37,9.21,556.75,5,0.6929,247.5
EMP015,2026-03-12,0,67,0,0,0,552,71,71,71,0.0,0.0,0.0,0.0,0.0,0.0,0.0,0.0,0.0,0.0,0.0,0.0,0.0,0.0,0.0,0.0,5,0,0.0,1.0,0.0,50.0,6.37,9.21,556.75,5,0.7754,276.0
EMP015,2026-03-13,0,70,0,0,0,507,72,72,72,0.0,0.0,0.0,0.0,0.0,0.0,0.0,0.0,0.0,0.0,0.0,0.0,0.0,0.0,0.0,0.0,5,0,0.0,1.0,0.0,50.0,6.37,9.21,556.75,5,0.6963,253.5
EMP015,2026-03-14,0,27,0,0,0,216,73,73,73,0.0,0.0,0.0,0.0,0.0,0.0,0.0,0.0,0.0,0.0,0.0,0.0,0.0,0.0,0.0,0.0,5,0,0.0,1.0,0.0,50.0,6.37,9.21,556.75,5,0.7083,108.0
EMP015,2026-03-15,0,0,0,0,0,0,74,74,74,0.0,0.0,0.0,0.0,0.0,0.0,0.0,0.0,0.0,0.0,0.0,0.0,0.0,0.0,0.0,100.0,0,5,0.0,1.0,0.0,50.0,6.37,9.21,556.75,0,0.0,0.0
EMP015,2026-03-16,0,75,0,0,0,501,75,75,75,0.0,0.0,0.0,0.0,0.0,0.0,0.0,0.0,0.0,0.0,0.0,0.0,0.0,0.0,0.0,0.0,5,0,0.0,1.0,0.0,50.0,6.37,9.21,556.75,5,0.6806,250.5
EMP015,2026-03-17,0,71,0,0,0,538,76,76,76,0.0,0.0,0.0,0.0,0.0,0.0,0.0,0.0,0.0,0.0,0.0,0.0,0.0,0.0,0.0,0.0,5,0,0.0,1.0,0.0,50.0,6.37,9.21,556.75,5,0.7063,269.0
EMP015,2026-03-18,0,94,0,0,0,597,77,77,77,0.0,0.0,0.0,0.0,0.0,0.0,0.0,0.0,0.0,0.0,0.0,0.0,0.0,0.0,0.0,0.0,5,0,0.0,1.0,0.0,50.0,6.37,9.21,556.75,5,0.7404,298.5
EMP015,2026-03-19,0,71,0,0,0,605,78,78,78,0.0,0.0,0.0,0.0,0.0,0.0,0.0,0.0,0.0,0.0,0.0,0.0,0.0,0.0,0.0,0.0,5,0,0.0,1.0,0.0,50.0,6.37,9.21,556.75,5,0.7554,302.5
EMP015,2026-03-20,0,0,0,0,0,0,79,79,79,0.0,0.0,0.0,0.0,0.0,0.0,0.0,0.0,0.0,0.0,0.0,0.0,0.0,0.0,0.0,100.0,0,5,0.0,1.0,0.0,50.0,6.37,9.21,556.75,0,0.0,0.0
EMP015,2026-03-21,0,30,0,0,0,198,80,80,80,0.0,0.0,0.0,0.0,0.0,0.0,0.0,0.0,0.0,0.0,0.0,0.0,0.0,0.0,0.0,0.0,5,0,0.0,1.0,0.0,50.0,6.37,9.21,556.75,5,0.7222,99.0
EMP015,2026-03-22,0,0,0,0,0,0,81,81,81,0.0,0.0,0.0,0.0,0.0,0.0,0.0,0.0,0.0,0.0,0.0,0.0,0.0,0.0,0.0,100.0,0,5,0.0,1.0,0.0,50.0,6.37,9.21,556.75,0,0.0,0.0
EMP015,2026-03-23,0,58,0,0,0,360,82,82,82,0.0,0.0,0.0,0.0,0.0,0.0,0.0,0.0,0.0,0.0,0.0,0.0,0.0,0.0,0.0,0.0,5,0,0.0,1.0,0.0,50.0,6.37,9.21,556.75,5,0.675,180.0
EMP015,2026-03-24,0,92,0,0,0,566,83,83,83,0.0,0.0,0.0,0.0,0.0,0.0,0.0,0.0,0.0,0.0,0.0,0.0,0.0,0.0,0.0,0.0,5,0,0.0,1.0,0.0,50.0,6.37,9.21,556.75,5,0.6802,283.0
EMP015,2026-03-25,0,107,0,0,0,641,84,84,84,0.0,0.0,0.0,0.0,0.0,0.0,0.0,0.0,0.0,0.0,0.0,0.0,0.0,0.0,0.0,0.0,5,0,0.0,1.0,0.0,50.0,6.37,9.21,556.75,5,0.7192,320.5
EMP015,2026-03-26,0,100,0,0,0,665,85,85,85,0.0,0.0,0.0,0.0,0.0,0.0,0.0,0.0,0.0,0.0,0.0,0.0,0.0,0.0,0.0,0.0,5,0,0.0,1.0,0.0,50.0,6.37,9.21,556.75,5,0.7098,332.5
EMP015,2026-03-27,0,64,0,0,0,681,86,86,86,0.0,0.0,0.0,0.0,0.0,0.0,0.0,0.0,0.0,0.0,0.0,0.0,0.0,0.0,0.0,0.0,5,0,0.0,1.0,0.0,50.0,6.37,9.21,556.75,5,0.7885,340.5
EMP015,2026-03-28,0,44,0,0,0,309,87,87,87,0.0,0.0,0.0,0.0,0.0,0.0,0.0,0.0,0.0,0.0,0.0,0.0,0.0,0.0,0.0,0.0,5,0,0.0,1.0,0.0,50.0,6.37,9.21,556.75,5,0.7217,154.5
EMP015,2026-03-29,0,0,0,0,0,0,88,88,88,0.0,0.0,0.0,0.0,0.0,0.0,0.0,0.0,0.0,0.0,0.0,0.0,0.0,0.0,0.0,100.0,0,5,0.0,1.0,0.0,50.0,6.37,9.21,556.75,0,0.0,0.0
EMP015,2026-03-30,0,56,0,0,0,553,89,89,89,0.0,0.0,0.0,0.0,0.0,0.0,0.0,0.0,0.0,0.0,0.0,0.0,0.0,0.0,0.0,0.0,5,0,0.0,1.0,0.0,50.0,6.37,9.21,556.75,5,0.7432,276.5
EMP015,2026-03-31,0,0,0,0,0,0,90,90,90,0.0,0.0,0.0,0.0,0.0,0.0,0.0,0.0,0.0,0.0,0.0,0.0,0.0,0.0,0.0,100.0,0,5,0.0,1.0,0.0,50.0,6.37,9.21,556.75,0,0.0,0.0
EMP016,2026-01-01,0,0,0,0,0,0,1,1,1,0.0,0.0,0.0,0.0,0.0,0.0,0.0,0.0,0.0,0.0,0.0,0.0,0.0,0.0,0.0,100.0,0,5,0.0,1.0,0.0,50.0,7.1,9.9,511.26,0,0.0,0.0
EMP016,2026-01-02,0,96,0,0,0,538,2,2,2,0.0,0.0,0.0,0.0,0.0,0.0,0.0,0.0,0.0,0.0,0.0,0.0,0.0,0.0,0.0,0.0,5,0,0.0,1.0,0.0,50.0,7.1,9.9,511.26,5,0.5948,269.0
EMP016,2026-01-03,0,37,0,0,0,214,3,3,3,0.0,0.0,0.0,0.0,0.0,0.0,0.0,0.0,0.0,0.0,0.0,0.0,0.0,0.0,0.0,0.0,5,0,0.0,1.0,0.0,50.0,7.1,9.9,511.26,5,0.6495,107.0
EMP016,2026-01-04,0,0,0,0,0,0,4,4,4,0.0,0.0,0.0,0.0,0.0,0.0,0.0,0.0,0.0,0.0,0.0,0.0,0.0,0.0,0.0,100.0,0,5,0.0,1.0,0.0,50.0,7.1,9.9,511.26,0,0.0,0.0
EMP016,2026-01-05,0,50,0,0,0,488,5,5,5,0.0,0.0,0.0,0.0,0.0,0.0,0.0,0.0,0.0,0.0,0.0,0.0,0.0,0.0,0.0,0.0,5,0,0.0,1.0,0.0,50.0,7.1,9.9,511.26,5,0.7008,244.0
EMP016,2026-01-06,0,78,0,0,0,552,6,6,6,0.0,0.0,0.0,0.0,0.0,0.0,0.0,0.0,0.0,0.0,0.0,0.0,0.0,0.0,0.0,0.0,5,0,0.0,1.0,0.0,50.0,7.1,9.9,511.26,5,0.6649,276.0
EMP016,2026-01-07,0,77,0,0,0,491,7,7,7,0.0,0.0,0.0,0.0,0.0,0.0,0.0,0.0,0.0,0.0,0.0,0.0,0.0,0.0,0.0,0.0,5,0,0.0,1.0,0.0,50.0,7.1,9.9,511.26,5,0.6741,245.5
EMP016,2026-01-08,0,57,0,0,0,496,8,8,8,0.0,0.0,0.0,0.0,0.0,0.0,0.0,0.0,0.0,0.0,0.0,0.0,0.0,0.0,0.0,0.0,5,0,0.0,1.0,0.0,50.0,7.1,9.9,511.26,5,0.7198,248.0
EMP016,2026-01-09,0,77,0,0,0,400,9,9,9,0.0,0.0,0.0,0.0,0.0,0.0,0.0,0.0,0.0,0.0,0.0,0.0,0.0,0.0,0.0,0.0,5,0,0.0,1.0,0.0,50.0,7.1,9.9,511.26,5,0.6475,200.0
EMP016,2026-01-10,0,28,0,0,0,186,10,10,10,0.0,0.0,0.0,0.0,0.0,0.0,0.0,0.0,0.0,0.0,0.0,0.0,0.0,0.0,0.0,0.0,5,0,0.0,1.0,0.0,50.0,7.1,9.9,511.26,5,0.7204,93.0
EMP016,2026-01-11,0,0,0,0,0,0,11,11,11,0.0,0.0,0.0,0.0,0.0,0.0,0.0,0.0,0.0,0.0,0.0,0.0,0.0,0.0,0.0,100.0,0,5,0.0,1.0,0.0,50.0,7.1,9.9,511.26,0,0.0,0.0
EMP016,2026-01-12,0,81,0,0,0,444,12,12,12,0.0,0.0,0.0,0.0,0.0,0.0,0.0,0.0,0.0,0.0,0.0,0.0,0.0,0.0,0.0,0.0,5,0,0.0,1.0,0.0,50.0,7.1,9.9,511.26,5,0.6239,222.0
EMP016,2026-01-13,0,51,0,0,0,244,13,13,13,0.0,0.0,0.0,0.0,0.0,0.0,0.0,0.0,0.0,0.0,0.0,0.0,0.0,0.0,0.0,0.0,5,0,0.0,1.0,0.0,50.0,7.1,9.9,511.26,5,0.6639,122.0
EMP016,2026-01-14,0,42,0,0,0,412,14,14,14,0.0,0.0,0.0,0.0,0.0,0.0,0.0,0.0,0.0,0.0,0.0,0.0,0.0,0.0,0.0,0.0,5,0,0.0,1.0,0.0,50.0,7.1,9.9,511.26,5,0.7451,206.0
EMP016,2026-01-15,0,2,0,0,0,23,15,15,15,0.0,0.0,0.0,0.0,0.0,0.0,0.0,0.0,0.0,0.0,0.0,0.0,0.0,0.0,0.0,20.0,4,1,0.0,1.0,0.0,50.0,7.1,9.9,511.26,4,0.7826,11.5
EMP016,2026-01-16,0,68,0,0,0,510,16,16,16,0.0,0.0,0.0,0.0,0.0,0.0,0.0,0.0,0.0,0.0,0.0,0.0,0.0,0.0,0.0,0.0,5,0,0.0,1.0,0.0,50.0,7.1,9.9,511.26,5,0.7373,255.0
EMP016,2026-01-17,0,29,0,0,0,200,17,17,17,0.0,0.0,0.0,0.0,0.0,0.0,0.0,0.0,0.0,0.0,0.0,0.0,0.0,0.0,0.0,0.0,5,0,0.0,1.0,0.0,50.0,7.1,9.9,511.26,5,0.715,100.0
EMP016,2026-01-18,0,0,0,0,0,0,18,18,18,0.0,0.0,0.0,0.0,0.0,0.0,0.0,0.0,0.0,0.0,0.0,0.0,0.0,0.0,0.0,100.0,0,5,0.0,1.0,0.0,50.0,7.1,9.9,511.26,0,0.0,0.0
EMP016,2026-01-19,0,59,0,0,0,505,19,19,19,0.0,0.0,0.0,0.0,0.0,0.0,0.0,0.0,0.0,0.0,0.0,0.0,0.0,0.0,0.0,0.0,5,0,0.0,1.0,0.0,50.0,7.1,9.9,511.26,5,0.7347,252.5
EMP016,2026-01-20,0,83,0,0,0,575,20,20,20,0.0,0.0,0.0,0.0,0.0,0.0,0.0,0.0,0.0,0.0,0.0,0.0,0.0,0.0,0.0,0.0,5,0,0.0,1.0,0.0,50.0,7.1,9.9,511.26,5,0.6591,287.5
EMP016,2026-01-21,0,66,0,0,0,488,21,21,21,0.0,0.0,0.0,0.0,0.0,0.0,0.0,0.0,0.0,0.0,0.0,0.0,0.0,0.0,0.0,0.0,5,0,0.0,1.0,0.0,50.0,7.1,9.9,511.26,5,0.7541,244.0
EMP016,2026-01-22,0,53,0,0,0,416,22,22,22,0.0,0.0,0.0,0.0,0.0,0.0,0.0,0.0,0.0,0.0,0.0,0.0,0.0,0.0,0.0,0.0,5,0,0.0,1.0,0.0,50.0,7.1,9.9,511.26,5,0.7067,208.0
EMP016,2026-01-23,0,80,0,0,0,481,23,23,23,0.0,0.0,0.0,0.0,0.0,0.0,0.0,0.0,0.0,0.0,0.0,0.0,0.0,0.0,0.0,0.0,5,0,0.0,1.0,0.0,50.0,7.1,9.9,511.26,5,0.6819,240.5
EMP016,2026-01-24,0,16,0,0,0,184,24,24,24,0.0,0.0,0.0,0.0,0.0,0.0,0.0,0.0,0.0,0.0,0.0,0.0,0.0,0.0,0.0,0.0,5,0,0.0,1.0,0.0,50.0,7.1,9.9,511.26,5,0.7391,92.0
EMP016,2026-01-25,0,0,0,0,0,0,25,25,25,0.0,0.0,0.0,0.0,0.0,0.0,0.0,0.0,0.0,0.0,0.0,0.0,0.0,0.0,0.0,100.0,0,5,0.0,1.0,0.0,50.0,7.1,9.9,511.26,0,0.0,0.0
EMP016,2026-01-26,0,0,0,0,0,0,26,26,26,0.0,0.0,0.0,0.0,0.0,0.0,0.0,0.0,0.0,0.0,0.0,0.0,0.0,0.0,0.0,100.0,0,5,0.0,1.0,0.0,50.0,7.1,9.9,511.26,0,0.0,0.0
EMP016,2026-01-27,0,0,0,0,0,0,27,27,27,0.0,0.0,0.0,0.0,0.0,0.0,0.0,0.0,0.0,0.0,0.0,0.0,0.0,0.0,0.0,100.0,0,5,0.0,1.0,0.0,50.0,7.1,9.9,511.26,0,0.0,0.0
EMP016,2026-01-28,0,44,0,0,0,402,28,28,28,0.0,0.0,0.0,0.0,0.0,0.0,0.0,0.0,0.0,0.0,0.0,0.0,0.0,0.0,0.0,0.0,5,0,0.0,1.0,0.0,50.0,7.1,9.9,511.26,5,0.7438,201.0
EMP016,2026-01-29,0,84,0,0,0,593,29,29,29,0.0,0.0,0.0,0.0,0.0,0.0,0.0,0.0,0.0,0.0,0.0,0.0,0.0,0.0,0.0,0.0,5,0,0.0,1.0,0.0,50.0,7.1,9.9,511.26,5,0.7015,296.5
EMP016,2026-01-30,0,0,0,0,0,0,30,30,30,0.0,0.0,0.0,0.0,0.0,0.0,0.0,0.0,0.0,0.0,0.0,0.0,0.0,0.0,0.0,100.0,0,5,0.0,1.0,0.0,50.0,7.1,9.9,511.26,0,0.0,0.0
EMP016,2026-01-31,0,26,0,0,0,190,31,31,31,0.0,0.0,0.0,0.0,0.0,0.0,0.0,0.0,0.0,0.0,0.0,0.0,0.0,0.0,0.0,0.0,5,0,0.0,1.0,0.0,50.0,7.1,9.9,511.26,5,0.7,95.0
EMP016,2026-02-01,0,0,0,0,0,0,32,32,32,0.0,0.0,0.0,0.0,0.0,0.0,0.0,0.0,0.0,0.0,0.0,0.0,0.0,0.0,0.0,100.0,0,5,0.0,1.0,0.0,50.0,7.1,9.9,511.26,0,0.0,0.0
EMP016,2026-02-02,0,64,0,0,0,632,33,33,33,0.0,0.0,0.0,0.0,0.0,0.0,0.0,0.0,0.0,0.0,0.0,0.0,0.0,0.0,0.0,0.0,5,0,0.0,1.0,0.0,50.0,7.1,9.9,511.26,5,0.712,316.0
EMP016,2026-02-03,0,71,0,0,0,617,34,34,34,0.0,0.0,0.0,0.0,0.0,0.0,0.0,0.0,0.0,0.0,0.0,0.0,0.0,0.0,0.0,0.0,5,0,0.0,1.0,0.0,50.0,7.1,9.9,511.26,5,0.7812,308.5
EMP016,2026-02-04,0,41,0,0,0,436,35,35,35,0.0,0.0,0.0,0.0,0.0,0.0,0.0,0.0,0.0,0.0,0.0,0.0,0.0,0.0,0.0,0.0,5,0,0.0,1.0,0.0,50.0,7.1,9.9,511.26,5,0.7179,218.0
EMP016,2026-02-05,0,46,0,0,0,498,36,36,36,0.0,0.0,0.0,0.0,0.0,0.0,0.0,0.0,0.0,0.0,0.0,0.0,0.0,0.0,0.0,0.0,5,0,0.0,1.0,0.0,50.0,7.1,9.9,511.26,5,0.751,249.0
EMP016,2026-02-06,0,39,0,0,0,264,37,37,37,0.0,0.0,0.0,0.0,0.0,0.0,0.0,0.0,0.0,0.0,0.0,0.0,0.0,0.0,0.0,0.0,5,0,0.0,1.0,0.0,50.0,7.1,9.9,511.26,5,0.7121,132.0
EMP016,2026-02-07,0,24,0,0,0,195,38,38,38,0.0,0.0,0.0,0.0,0.0,0.0,0.0,0.0,0.0,0.0,0.0,0.0,0.0,0.0,0.0,0.0,5,0,0.0,1.0,0.0,50.0,7.1,9.9,511.26,5,0.7487,97.5
EMP016,2026-02-08,0,0,0,0,0,0,39,39,39,0.0,0.0,0.0,0.0,0.0,0.0,0.0,0.0,0.0,0.0,0.0,0.0,0.0,0.0,0.0,100.0,0,5,0.0,1.0,0.0,50.0,7.1,9.9,511.26,0,0.0,0.0
EMP016,2026-02-09,0,80,0,0,0,430,40,40,40,0.0,0.0,0.0,0.0,0.0,0.0,0.0,0.0,0.0,0.0,0.0,0.0,0.0,0.0,0.0,0.0,5,0,0.0,1.0,0.0,50.0,7.1,9.9,511.26,5,0.6791,215.0
EMP016,2026-02-10,0,88,0,0,0,606,41,41,41,0.0,0.0,0.0,0.0,0.0,0.0,0.0,0.0,0.0,0.0,0.0,0.0,0.0,0.0,0.0,0.0,5,0,0.0,1.0,0.0,50.0,7.1,9.9,511.26,5,0.6931,303.0
EMP016,2026-02-11,0,42,0,0,0,452,42,42,42,0.0,0.0,0.0,0.0,0.0,0.0,0.0,0.0,0.0,0.0,0.0,0.0,0.0,0.0,0.0,0.0,5,0,0.0,1.0,0.0,50.0,7.1,9.9,511.26,5,0.7743,226.0
EMP016,2026-02-12,0,75,0,0,0,418,43,43,43,0.0,0.0,0.0,0.0,0.0,0.0,0.0,0.0,0.0,0.0,0.0,0.0,0.0,0.0,0.0,0.0,5,0,0.0,1.0,0.0,50.0,7.1,9.9,511.26,5,0.6124,209.0
EMP016,2026-02-13,0,0,0,0,0,0,44,44,44,0.0,0.0,0.0,0.0,0.0,0.0,0.0,0.0,0.0,0.0,0.0,0.0,0.0,0.0,0.0,100.0,0,5,0.0,1.0,0.0,50.0,7.1,9.9,511.26,0,0.0,0.0
EMP016,2026-02-14,0,18,0,0,0,162,45,45,45,0.0,0.0,0.0,0.0,0.0,0.0,0.0,0.0,0.0,0.0,0.0,0.0,0.0,0.0,0.0,0.0,5,0,0.0,1.0,0.0,50.0,7.1,9.9,511.26,5,0.7284,81.0
EMP016,2026-02-15,0,0,0,0,0,0,46,46,46,0.0,0.0,0.0,0.0,0.0,0.0,0.0,0.0,0.0,0.0,0.0,0.0,0.0,0.0,0.0,100.0,0,5,0.0,1.0,0.0,50.0,7.1,9.9,511.26,0,0.0,0.0
EMP016,2026-02-16,0,53,0,0,0,490,47,47,47,0.0,0.0,0.0,0.0,0.0,0.0,0.0,0.0,0.0,0.0,0.0,0.0,0.0,0.0,0.0,0.0,5,0,0.0,1.0,0.0,50.0,7.1,9.9,511.26,5,0.7633,245.0
EMP016,2026-02-17,0,52,0,0,0,525,48,48,48,0.0,0.0,0.0,0.0,0.0,0.0,0.0,0.0,0.0,0.0,0.0,0.0,0.0,0.0,0.0,0.0,5,0,0.0,1.0,0.0,50.0,7.1,9.9,511.26,5,0.72,262.5
EMP016,2026-02-18,0,48,0,0,0,427,49,49,49,0.0,0.0,0.0,0.0,0.0,0.0,0.0,0.0,0.0,0.0,0.0,0.0,0.0,0.0,0.0,0.0,5,0,0.0,1.0,0.0,50.0,7.1,9.9,511.26,5,0.7518,213.5
EMP016,2026-02-19,0,57,0,0,0,399,50,50,50,0.0,0.0,0.0,0.0,0.0,0.0,0.0,0.0,0.0,0.0,0.0,0.0,0.0,0.0,0.0,0.0,5,0,0.0,1.0,0.0,50.0,7.1,9.9,511.26,5,0.6992,199.5
EMP016,2026-02-20,0,48,0,0,0,483,51,51,51,0.0,0.0,0.0,0.0,0.0,0.0,0.0,0.0,0.0,0.0,0.0,0.0,0.0,0.0,0.0,0.0,5,0,0.0,1.0,0.0,50.0,7.1,9.9,511.26,5,0.6832,241.5
EMP016,2026-02-21,0,23,0,0,0,149,52,52,52,0.0,0.0,0.0,0.0,0.0,0.0,0.0,0.0,0.0,0.0,0.0,0.0,0.0,0.0,0.0,0.0,5,0,0.0,1.0,0.0,50.0,7.1,9.9,511.26,5,0.6846,74.5
EMP016,2026-02-22,0,0,0,0,0,0,53,53,53,0.0,0.0,0.0,0.0,0.0,0.0,0.0,0.0,0.0,0.0,0.0,0.0,0.0,0.0,0.0,100.0,0,5,0.0,1.0,0.0,50.0,7.1,9.9,511.26,0,0.0,0.0
EMP016,2026-02-23,0,0,0,0,0,0,54,54,54,0.0,0.0,0.0,0.0,0.0,0.0,0.0,0.0,0.0,0.0,0.0,0.0,0.0,0.0,0.0,100.0,0,5,0.0,1.0,0.0,50.0,7.1,9.9,511.26,0,0.0,0.0
EMP016,2026-02-24,0,83,0,0,0,605,55,55,55,0.0,0.0,0.0,0.0,0.0,0.0,0.0,0.0,0.0,0.0,0.0,0.0,0.0,0.0,0.0,0.0,5,0,0.0,1.0,0.0,50.0,7.1,9.9,511.26,5,0.7322,302.5
EMP016,2026-02-25,0,64,0,0,0,446,56,56,56,0.0,0.0,0.0,0.0,0.0,0.0,0.0,0.0,0.0,0.0,0.0,0.0,0.0,0.0,0.0,0.0,5,0,0.0,1.0,0.0,50.0,7.1,9.9,511.26,5,0.6637,223.0
EMP016,2026-02-26,0,61,0,0,0,484,57,57,57,0.0,0.0,0.0,0.0,0.0,0.0,0.0,0.0,0.0,0.0,0.0,0.0,0.0,0.0,0.0,0.0,5,0,0.0,1.0,0.0,50.0,7.1,9.9,511.26,5,0.6488,242.0
EMP016,2026-02-27,0,43,0,0,0,256,58,58,58,0.0,0.0,0.0,0.0,0.0,0.0,0.0,0.0,0.0,0.0,0.0,0.0,0.0,0.0,0.0,0.0,5,0,0.0,1.0,0.0,50.0,7.1,9.9,511.26,5,0.707,128.0
EMP016,2026-02-28,0,32,0,0,0,217,59,59,59,0.0,0.0,0.0,0.0,0.0,0.0,0.0,0.0,0.0,0.0,0.0,0.0,0.0,0.0,0.0,0.0,5,0,0.0,1.0,0.0,50.0,7.1,9.9,511.26,5,0.6636,108.5
EMP016,2026-03-01,0,0,0,0,0,0,60,60,60,0.0,0.0,0.0,0.0,0.0,0.0,0.0,0.0,0.0,0.0,0.0,0.0,0.0,0.0,0.0,100.0,0,5,0.0,1.0,0.0,50.0,7.1,9.9,511.26,0,0.0,0.0
EMP016,2026-03-02,0,0,0,0,0,0,61,61,61,0.0,0.0,0.0,0.0,0.0,0.0,0.0,0.0,0.0,0.0,0.0,0.0,0.0,0.0,0.0,100.0,0,5,0.0,1.0,0.0,50.0,7.1,9.9,511.26,0,0.0,0.0
EMP016,2026-03-03,0,80,0,0,0,618,62,62,62,0.0,0.0,0.0,0.0,0.0,0.0,0.0,0.0,0.0,0.0,0.0,0.0,0.0,0.0,0.0,0.0,5,0,0.0,1.0,0.0,50.0,7.1,9.9,511.26,5,0.7152,309.0
EMP016,2026-03-04,0,73,0,0,0,448,63,63,63,0.0,0.0,0.0,0.0,0.0,0.0,0.0,0.0,0.0,0.0,0.0,0.0,0.0,0.0,0.0,0.0,5,0,0.0,1.0,0.0,50.0,7.1,9.9,511.26,5,0.6629,224.0
EMP016,2026-03-05,0,61,0,0,0,521,64,64,64,0.0,0.0,0.0,0.0,0.0,0.0,0.0,0.0,0.0,0.0,0.0,0.0,0.0,0.0,0.0,0.0,5,0,0.0,1.0,0.0,50.0,7.1,9.9,511.26,5,0.7793,260.5
EMP016,2026-03-06,0,51,0,0,0,528,65,65,65,0.0,0.0,0.0,0.0,0.0,0.0,0.0,0.0,0.0,0.0,0.0,0.0,0.0,0.0,0.0,0.0,5,0,0.0,1.0,0.0,50.0,7.1,9.9,511.26,5,0.733,264.0
EMP016,2026-03-07,0,19,0,0,0,178,66,66,66,0.0,0.0,0.0,0.0,0.0,0.0,0.0,0.0,0.0,0.0,0.0,0.0,0.0,0.0,0.0,0.0,5,0,0.0,1.0,0.0,50.0,7.1,9.9,511.26,5,0.7584,89.0
EMP016,2026-03-08,0,0,0,0,0,0,67,67,67,0.0,0.0,0.0,0.0,0.0,0.0,0.0,0.0,0.0,0.0,0.0,0.0,0.0,0.0,0.0,100.0,0,5,0.0,1.0,0.0,50.0,7.1,9.9,511.26,0,0.0,0.0
EMP016,2026-03-09,0,68,0,0,0,562,68,68,68,0.0,0.0,0.0,0.0,0.0,0.0,0.0,0.0,0.0,0.0,0.0,0.0,0.0,0.0,0.0,0.0,5,0,0.0,1.0,0.0,50.0,7.1,9.9,511.26,5,0.7064,281.0
EMP016,2026-03-10,0,65,0,0,0,489,69,69,69,0.0,0.0,0.0,0.0,0.0,0.0,0.0,0.0,0.0,0.0,0.0,0.0,0.0,0.0,0.0,0.0,5,0,0.0,1.0,0.0,50.0,7.1,9.9,511.26,5,0.6483,244.5
EMP016,2026-03-11,0,64,0,0,0,442,70,70,70,0.0,0.0,0.0,0.0,0.0,0.0,0.0,0.0,0.0,0.0,0.0,0.0,0.0,0.0,0.0,0.0,5,0,0.0,1.0,0.0,50.0,7.1,9.9,511.26,5,0.7466,221.0
EMP016,2026-03-12,0,84,0,0,0,420,71,71,71,0.0,0.0,0.0,0.0,0.0,0.0,0.0,0.0,0.0,0.0,0.0,0.0,0.0,0.0,0.0,0.0,5,0,0.0,1.0,0.0,50.0,7.1,9.9,511.26,5,0.6905,210.0
EMP016,2026-03-13,0,48,0,0,0,426,72,72,72,0.0,0.0,0.0,0.0,0.0,0.0,0.0,0.0,0.0,0.0,0.0,0.0,0.0,0.0,0.0,0.0,5,0,0.0,1.0,0.0,50.0,7.1,9.9,511.26,5,0.6643,213.0
EMP016,2026-03-14,0,25,0,0,0,190,73,73,73,0.0,0.0,0.0,0.0,0.0,0.0,0.0,0.0,0.0,0.0,0.0,0.0,0.0,0.0,0.0,0.0,5,0,0.0,1.0,0.0,50.0,7.1,9.9,511.26,5,0.7421,95.0
EMP016,2026-03-15,0,0,0,0,0,0,74,74,74,0.0,0.0,0.0,0.0,0.0,0.0,0.0,0.0,0.0,0.0,0.0,0.0,0.0,0.0,0.0,100.0,0,5,0.0,1.0,0.0,50.0,7.1,9.9,511.26,0,0.0,0.0
EMP016,2026-03-16,0,39,0,0,0,411,75,75,75,0.0,0.0,0.0,0.0,0.0,0.0,0.0,0.0,0.0,0.0,0.0,0.0,0.0,0.0,0.0,0.0,5,0,0.0,1.0,0.0,50.0,7.1,9.9,511.26,5,0.708,205.5
EMP016,2026-03-17,0,72,0,0,0,571,76,76,76,0.0,0.0,0.0,0.0,0.0,0.0,0.0,0.0,0.0,0.0,0.0,0.0,0.0,0.0,0.0,0.0,5,0,0.0,1.0,0.0,50.0,7.1,9.9,511.26,5,0.7128,285.5
EMP016,2026-03-18,0,57,0,0,0,394,77,77,77,0.0,0.0,0.0,0.0,0.0,0.0,0.0,0.0,0.0,0.0,0.0,0.0,0.0,0.0,0.0,0.0,5,0,0.0,1.0,0.0,50.0,7.1,9.9,511.26,5,0.7056,197.0
EMP016,2026-03-19,0,69,0,0,0,443,78,78,78,0.0,0.0,0.0,0.0,0.0,0.0,0.0,0.0,0.0,0.0,0.0,0.0,0.0,0.0,0.0,0.0,5,0,0.0,1.0,0.0,50.0,7.1,9.9,511.26,5,0.7404,221.5
EMP016,2026-03-20,0,80,0,0,0,483,79,79,79,0.0,0.0,0.0,0.0,0.0,0.0,0.0,0.0,0.0,0.0,0.0,0.0,0.0,0.0,0.0,0.0,5,0,0.0,1.0,0.0,50.0,7.1,9.9,511.26,5,0.6584,241.5
EMP016,2026-03-21,0,16,0,0,0,94,80,80,80,0.0,0.0,0.0,0.0,0.0,0.0,0.0,0.0,0.0,0.0,0.0,0.0,0.0,0.0,0.0,0.0,5,0,0.0,1.0,0.0,50.0,7.1,9.9,511.26,5,0.6915,47.0
EMP016,2026-03-22,0,0,0,0,0,0,81,81,81,0.0,0.0,0.0,0.0,0.0,0.0,0.0,0.0,0.0,0.0,0.0,0.0,0.0,0.0,0.0,100.0,0,5,0.0,1.0,0.0,50.0,7.1,9.9,511.26,0,0.0,0.0
EMP016,2026-03-23,0,66,0,0,0,400,82,82,82,0.0,0.0,0.0,0.0,0.0,0.0,0.0,0.0,0.0,0.0,0.0,0.0,0.0,0.0,0.0,0.0,5,0,0.0,1.0,0.0,50.0,7.1,9.9,511.26,5,0.665,200.0
EMP016,2026-03-24,0,104,0,0,0,568,83,83,83,0.0,0.0,0.0,0.0,0.0,0.0,0.0,0.0,0.0,0.0,0.0,0.0,0.0,0.0,0.0,0.0,5,0,0.0,1.0,0.0,50.0,7.1,9.9,511.26,5,0.6391,284.0
EMP016,2026-03-25,0,59,0,0,0,568,84,84,84,0.0,0.0,0.0,0.0,0.0,0.0,0.0,0.0,0.0,0.0,0.0,0.0,0.0,0.0,0.0,0.0,5,0,0.0,1.0,0.0,50.0,7.1,9.9,511.26,5,0.7201,284.0
EMP016,2026-03-26,0,111,0,0,0,570,85,85,85,0.0,0.0,0.0,0.0,0.0,0.0,0.0,0.0,0.0,0.0,0.0,0.0,0.0,0.0,0.0,0.0,5,0,0.0,1.0,0.0,50.0,7.1,9.9,511.26,5,0.6281,285.0
EMP016,2026-03-27,0,84,0,0,0,734,86,86,86,0.0,0.0,0.0,0.0,0.0,0.0,0.0,0.0,0.0,0.0,0.0,0.0,0.0,0.0,0.0,0.0,5,0,0.0,1.0,0.0,50.0,7.1,9.9,511.26,5,0.7193,367.0
EMP016,2026-03-28,0,32,0,0,0,233,87,87,87,0.0,0.0,0.0,0.0,0.0,0.0,0.0,0.0,0.0,0.0,0.0,0.0,0.0,0.0,0.0,0.0,5,0,0.0,1.0,0.0,50.0,7.1,9.9,511.26,5,0.6996,116.5
EMP016,2026-03-29,0,0,0,0,0,0,88,88,88,0.0,0.0,0.0,0.0,0.0,0.0,0.0,0.0,0.0,0.0,0.0,0.0,0.0,0.0,0.0,100.0,0,5,0.0,1.0,0.0,50.0,7.1,9.9,511.26,0,0.0,0.0
EMP016,2026-03-30,0,75,0,0,0,483,89,89,89,0.0,0.0,0.0,0.0,0.0,0.0,0.0,0.0,0.0,0.0,0.0,0.0,0.0,0.0,0.0,0.0,5,0,0.0,1.0,0.0,50.0,7.1,9.9,511.26,5,0.7329,241.5
EMP016,2026-03-31,0,64,0,0,0,626,90,90,90,0.0,0.0,0.0,0.0,0.0,0.0,0.0,0.0,0.0,0.0,0.0,0.0,0.0,0.0,0.0,0.0,5,0,0.0,1.0,0.0,50.0,7.1,9.9,511.26,5,0.6965,313.0
EMP017,2026-01-01,0,0,0,0,0,0,1,1,1,0.0,0.0,0.0,0.0,0.0,0.0,0.0,0.0,0.0,0.0,0.0,0.0,0.0,0.0,0.0,100.0,0,5,0.0,1.0,0.0,0.0,5.78,10.43,556.92,0,0.0,0.0
EMP017,2026-01-02,0,39,0,0,0,333,2,2,2,0.0,0.0,0.0,0.0,0.0,0.0,0.0,0.0,0.0,0.0,0.0,0.0,0.0,0.0,0.0,0.0,5,0,0.0,1.0,0.0,0.0,5.78,10.43,556.92,5,0.7508,166.5
EMP017,2026-01-03,0,35,0,0,0,237,3,3,3,0.0,0.0,0.0,0.0,0.0,0.0,0.0,0.0,0.0,0.0,0.0,0.0,0.0,0.0,0.0,0.0,5,0,0.0,1.0,0.0,0.0,5.78,10.43,556.92,5,0.7131,118.5
EMP017,2026-01-04,0,0,0,0,0,0,4,4,4,0.0,0.0,0.0,0.0,0.0,0.0,0.0,0.0,0.0,0.0,0.0,0.0,0.0,0.0,0.0,100.0,0,5,0.0,1.0,0.0,0.0,5.78,10.43,556.92,0,0.0,0.0
EMP017,2026-01-05,0,97,0,0,0,621,5,5,5,0.0,0.0,0.0,0.0,0.0,0.0,0.0,0.0,0.0,0.0,0.0,0.0,0.0,0.0,0.0,0.0,5,0,0.0,1.0,0.0,0.0,5.78,10.43,556.92,5,0.744,310.5
EMP017,2026-01-06,0,62,0,0,0,535,6,6,6,0.0,0.0,0.0,0.0,0.0,0.0,0.0,0.0,0.0,0.0,0.0,0.0,0.0,0.0,0.0,0.0,5,0,0.0,1.0,0.0,0.0,5.78,10.43,556.92,5,0.7327,267.5
EMP017,2026-01-07,0,40,0,0,0,459,7,7,7,0.0,0.0,0.0,0.0,0.0,0.0,0.0,0.0,0.0,0.0,0.0,0.0,0.0,0.0,0.0,0.0,5,0,0.0,1.0,0.0,0.0,5.78,10.43,556.92,5,0.7429,229.5
EMP017,2026-01-08,0,62,0,0,0,614,8,8,8,0.0,0.0,0.0,0.0,0.0,0.0,0.0,0.0,0.0,0.0,0.0,0.0,0.0,0.0,0.0,0.0,5,0,0.0,1.0,0.0,0.0,5.78,10.43,556.92,5,0.7296,307.0
EMP017,2026-01-09,0,69,0,0,0,471,9,9,9,0.0,0.0,0.0,0.0,0.0,0.0,0.0,0.0,0.0,0.0,0.0,0.0,0.0,0.0,0.0,0.0,5,0,0.0,1.0,0.0,0.0,5.78,10.43,556.92,5,0.6752,235.5
EMP017,2026-01-10,0,30,0,0,0,206,10,10,10,0.0,0.0,0.0,0.0,0.0,0.0,0.0,0.0,0.0,0.0,0.0,0.0,0.0,0.0,0.0,0.0,5,0,0.0,1.0,0.0,0.0,5.78,10.43,556.92,5,0.7282,103.0
EMP017,2026-01-11,0,0,0,0,0,0,11,11,11,0.0,0.0,0.0,0.0,0.0,0.0,0.0,0.0,0.0,0.0,0.0,0.0,0.0,0.0,0.0,100.0,0,5,0.0,1.0,0.0,0.0,5.78,10.43,556.92,0,0.0,0.0
EMP017,2026-01-12,0,75,0,0,0,507,12,12,12,0.0,0.0,0.0,0.0,0.0,0.0,0.0,0.0,0.0,0.0,0.0,0.0,0.0,0.0,0.0,0.0,5,0,0.0,1.0,0.0,0.0,5.78,10.43,556.92,5,0.6686,253.5
EMP017,2026-01-13,0,79,0,0,0,605,13,13,13,0.0,0.0,0.0,0.0,0.0,0.0,0.0,0.0,0.0,0.0,0.0,0.0,0.0,0.0,0.0,0.0,5,0,0.0,1.0,0.0,0.0,5.78,10.43,556.92,5,0.7554,302.5
EMP017,2026-01-14,0,0,0,0,0,0,14,14,14,0.0,0.0,0.0,0.0,0.0,0.0,0.0,0.0,0.0,0.0,0.0,0.0,0.0,0.0,0.0,100.0,0,5,0.0,1.0,0.0,0.0,5.78,10.43,556.92,0,0.0,0.0
EMP017,2026-01-15,0,72,0,0,0,555,15,15,15,0.0,0.0,0.0,0.0,0.0,0.0,0.0,0.0,0.0,0.0,0.0,0.0,0.0,0.0,0.0,0.0,5,0,0.0,1.0,0.0,0.0,5.78,10.43,556.92,5,0.6937,277.5
EMP017,2026-01-16,0,57,0,0,0,467,16,16,16,0.0,0.0,0.0,0.0,0.0,0.0,0.0,0.0,0.0,0.0,0.0,0.0,0.0,0.0,0.0,0.0,5,0,0.0,1.0,0.0,0.0,5.78,10.43,556.92,5,0.7366,233.5
EMP017,2026-01-17,0,28,0,0,0,208,17,17,17,0.0,0.0,0.0,0.0,0.0,0.0,0.0,0.0,0.0,0.0,0.0,0.0,0.0,0.0,0.0,0.0,5,0,0.0,1.0,0.0,0.0,5.78,10.43,556.92,5,0.6635,104.0
EMP017,2026-01-18,0,0,0,0,0,0,18,18,18,0.0,0.0,0.0,0.0,0.0,0.0,0.0,0.0,0.0,0.0,0.0,0.0,0.0,0.0,0.0,100.0,0,5,0.0,1.0,0.0,0.0,5.78,10.43,556.92,0,0.0,0.0
EMP017,2026-01-19,0,68,0,0,0,494,19,19,19,0.0,0.0,0.0,0.0,0.0,0.0,0.0,0.0,0.0,0.0,0.0,0.0,0.0,0.0,0.0,0.0,5,0,0.0,1.0,0.0,0.0,5.78,10.43,556.92,5,0.7146,247.0
EMP017,2026-01-20,0,93,0,0,0,651,20,20,20,0.0,0.0,0.0,0.0,0.0,0.0,0.0,0.0,0.0,0.0,0.0,0.0,0.0,0.0,0.0,0.0,5,0,0.0,1.0,0.0,0.0,5.78,10.43,556.92,5,0.745,325.5
EMP017,2026-01-21,0,34,0,0,0,320,21,21,21,0.0,0.0,0.0,0.0,0.0,0.0,0.0,0.0,0.0,0.0,0.0,0.0,0.0,0.0,0.0,0.0,5,0,0.0,1.0,0.0,0.0,5.78,10.43,556.92,5,0.7844,160.0
EMP017,2026-01-22,0,53,0,0,0,550,22,22,22,0.0,0.0,0.0,0.0,0.0,0.0,0.0,0.0,0.0,0.0,0.0,0.0,0.0,0.0,0.0,0.0,5,0,0.0,1.0,0.0,0.0,5.78,10.43,556.92,5,0.7055,275.0
EMP017,2026-01-23,0,80,0,0,0,487,23,23,23,0.0,0.0,0.0,0.0,0.0,0.0,0.0,0.0,0.0,0.0,0.0,0.0,0.0,0.0,0.0,0.0,5,0,0.0,1.0,0.0,0.0,5.78,10.43,556.92,5,0.6468,243.5
EMP017,2026-01-24,0,20,0,0,0,170,24,24,24,0.0,0.0,0.0,0.0,0.0,0.0,0.0,0.0,0.0,0.0,0.0,0.0,0.0,0.0,0.0,0.0,5,0,0.0,1.0,0.0,0.0,5.78,10.43,556.92,5,0.7353,85.0
EMP017,2026-01-25,0,0,0,0,0,0,25,25,25,0.0,0.0,0.0,0.0,0.0,0.0,0.0,0.0,0.0,0.0,0.0,0.0,0.0,0.0,0.0,100.0,0,5,0.0,1.0,0.0,0.0,5.78,10.43,556.92,0,0.0,0.0
EMP017,2026-01-26,0,0,0,0,0,0,26,26,26,0.0,0.0,0.0,0.0,0.0,0.0,0.0,0.0,0.0,0.0,0.0,0.0,0.0,0.0,0.0,100.0,0,5,0.0,1.0,0.0,0.0,5.78,10.43,556.92,0,0.0,0.0
EMP017,2026-01-27,0,62,0,0,0,460,27,27,27,0.0,0.0,0.0,0.0,0.0,0.0,0.0,0.0,0.0,0.0,0.0,0.0,0.0,0.0,0.0,0.0,5,0,0.0,1.0,0.0,0.0,5.78,10.43,556.92,5,0.6913,230.0
EMP017,2026-01-28,0,56,0,0,0,426,28,28,28,0.0,0.0,0.0,0.0,0.0,0.0,0.0,0.0,0.0,0.0,0.0,0.0,0.0,0.0,0.0,0.0,5,0,0.0,1.0,0.0,0.0,5.78,10.43,556.92,5,0.7418,213.0
EMP017,2026-01-29,0,79,0,0,0,703,29,29,29,0.0,0.0,0.0,0.0,0.0,0.0,0.0,0.0,0.0,0.0,0.0,0.0,0.0,0.0,0.0,0.0,5,0,0.0,1.0,0.0,0.0,5.78,10.43,556.92,5,0.7539,351.5
EMP017,2026-01-30,0,58,0,0,0,707,30,30,30,0.0,0.0,0.0,0.0,0.0,0.0,0.0,0.0,0.0,0.0,0.0,0.0,0.0,0.0,0.0,0.0,5,0,0.0,1.0,0.0,0.0,5.78,10.43,556.92,5,0.7496,353.5
EMP017,2026-01-31,0,30,0,0,0,196,31,31,31,0.0,0.0,0.0,0.0,0.0,0.0,0.0,0.0,0.0,0.0,0.0,0.0,0.0,0.0,0.0,0.0,5,0,0.0,1.0,0.0,0.0,5.78,10.43,556.92,5,0.6684,98.0
EMP017,2026-02-01,0,0,0,0,0,0,32,32,32,0.0,0.0,0.0,0.0,0.0,0.0,0.0,0.0,0.0,0.0,0.0,0.0,0.0,0.0,0.0,100.0,0,5,0.0,1.0,0.0,0.0,5.78,10.43,556.92,0,0.0,0.0
EMP017,2026-02-02,0,75,0,0,0,645,33,33,33,0.0,0.0,0.0,0.0,0.0,0.0,0.0,0.0,0.0,0.0,0.0,0.0,0.0,0.0,0.0,0.0,5,0,0.0,1.0,0.0,0.0,5.78,10.43,556.92,5,0.7581,322.5
EMP017,2026-02-03,0,104,0,0,0,657,34,34,34,0.0,0.0,0.0,0.0,0.0,0.0,0.0,0.0,0.0,0.0,0.0,0.0,0.0,0.0,0.0,0.0,5,0,0.0,1.0,0.0,0.0,5.78,10.43,556.92,5,0.691,328.5
EMP017,2026-02-04,0,80,0,0,0,543,35,35,35,0.0,0.0,0.0,0.0,0.0,0.0,0.0,0.0,0.0,0.0,0.0,0.0,0.0,0.0,0.0,0.0,5,0,0.0,1.0,0.0,0.0,5.78,10.43,556.92,5,0.6703,271.5
EMP017,2026-02-05,0,88,0,0,0,567,36,36,36,0.0,0.0,0.0,0.0,0.0,0.0,0.0,0.0,0.0,0.0,0.0,0.0,0.0,0.0,0.0,0.0,5,0,0.0,1.0,0.0,0.0,5.78,10.43,556.92,5,0.7231,283.5
EMP017,2026-02-06,0,0,0,0,0,0,37,37,37,0.0,0.0,0.0,0.0,0.0,0.0,0.0,0.0,0.0,0.0,0.0,0.0,0.0,0.0,0.0,100.0,0,5,0.0,1.0,0.0,0.0,5.78,10.43,556.92,0,0.0,0.0
EMP017,2026-02-07,0,22,0,0,0,214,38,38,38,0.0,0.0,0.0,0.0,0.0,0.0,0.0,0.0,0.0,0.0,0.0,0.0,0.0,0.0,0.0,0.0,5,0,0.0,1.0,0.0,0.0,5.78,10.43,556.92,5,0.7383,107.0
EMP017,2026-02-08,0,0,0,0,0,0,39,39,39,0.0,0.0,0.0,0.0,0.0,0.0,0.0,0.0,0.0,0.0,0.0,0.0,0.0,0.0,0.0,100.0,0,5,0.0,1.0,0.0,0.0,5.78,10.43,556.92,0,0.0,0.0
EMP017,2026-02-09,0,77,0,0,0,594,40,40,40,0.0,0.0,0.0,0.0,0.0,0.0,0.0,0.0,0.0,0.0,0.0,0.0,0.0,0.0,0.0,0.0,5,0,0.0,1.0,0.0,0.0,5.78,10.43,556.92,5,0.7576,297.0
EMP017,2026-02-10,0,8,0,0,0,50,41,41,41,0.0,0.0,0.0,0.0,0.0,0.0,0.0,0.0,0.0,0.0,0.0,0.0,0.0,0.0,0.0,0.0,5,0,0.0,1.0,0.0,0.0,5.78,10.43,556.92,5,0.68,25.0
EMP017,2026-02-11,0,74,0,0,0,592,42,42,42,0.0,0.0,0.0,0.0,0.0,0.0,0.0,0.0,0.0,0.0,0.0,0.0,0.0,0.0,0.0,0.0,5,0,0.0,1.0,0.0,0.0,5.78,10.43,556.92,5,0.7078,296.0
EMP017,2026-02-12,0,79,0,0,0,558,43,43,43,0.0,0.0,0.0,0.0,0.0,0.0,0.0,0.0,0.0,0.0,0.0,0.0,0.0,0.0,0.0,0.0,5,0,0.0,1.0,0.0,0.0,5.78,10.43,556.92,5,0.6989,279.0
EMP017,2026-02-13,0,42,0,0,0,500,44,44,44,0.0,0.0,0.0,0.0,0.0,0.0,0.0,0.0,0.0,0.0,0.0,0.0,0.0,0.0,0.0,0.0,5,0,0.0,1.0,0.0,0.0,5.78,10.43,556.92,5,0.728,250.0
EMP017,2026-02-14,0,23,0,0,0,182,45,45,45,0.0,0.0,0.0,0.0,0.0,0.0,0.0,0.0,0.0,0.0,0.0,0.0,0.0,0.0,0.0,0.0,5,0,0.0,1.0,0.0,0.0,5.78,10.43,556.92,5,0.7253,91.0
EMP017,2026-02-15,0,0,0,0,0,0,46,46,46,0.0,0.0,0.0,0.0,0.0,0.0,0.0,0.0,0.0,0.0,0.0,0.0,0.0,0.0,0.0,100.0,0,5,0.0,1.0,0.0,0.0,5.78,10.43,556.92,0,0.0,0.0
EMP017,2026-02-16,0,57,0,0,0,541,47,47,47,0.0,0.0,0.0,0.0,0.0,0.0,0.0,0.0,0.0,0.0,0.0,0.0,0.0,0.0,0.0,0.0,5,0,0.0,1.0,0.0,0.0,5.78,10.43,556.92,5,0.7505,270.5
EMP017,2026-02-17,0,67,0,0,0,520,48,48,48,0.0,0.0,0.0,0.0,0.0,0.0,0.0,0.0,0.0,0.0,0.0,0.0,0.0,0.0,0.0,0.0,5,0,0.0,1.0,0.0,0.0,5.78,10.43,556.92,5,0.7154,260.0
EMP017,2026-02-18,0,79,0,0,0,547,49,49,49,0.0,0.0,0.0,0.0,0.0,0.0,0.0,0.0,0.0,0.0,0.0,0.0,0.0,0.0,0.0,0.0,5,0,0.0,1.0,0.0,0.0,5.78,10.43,556.92,5,0.6764,273.5
EMP017,2026-02-19,0,77,0,0,0,528,50,50,50,0.0,0.0,0.0,0.0,0.0,0.0,0.0,0.0,0.0,0.0,0.0,0.0,0.0,0.0,0.0,0.0,5,0,0.0,1.0,0.0,0.0,5.78,10.43,556.92,5,0.6837,264.0
EMP017,2026-02-20,0,70,0,0,0,612,51,51,51,0.0,0.0,0.0,0.0,0.0,0.0,0.0,0.0,0.0,0.0,0.0,0.0,0.0,0.0,0.0,0.0,5,0,0.0,1.0,0.0,0.0,5.78,10.43,556.92,5,0.7206,306.0
EMP017,2026-02-21,0,29,0,0,0,203,52,52,52,0.0,0.0,0.0,0.0,0.0,0.0,0.0,0.0,0.0,0.0,0.0,0.0,0.0,0.0,0.0,0.0,5,0,0.0,1.0,0.0,0.0,5.78,10.43,556.92,5,0.7094,101.5
EMP017,2026-02-22,0,0,0,0,0,0,53,53,53,0.0,0.0,0.0,0.0,0.0,0.0,0.0,0.0,0.0,0.0,0.0,0.0,0.0,0.0,0.0,100.0,0,5,0.0,1.0,0.0,0.0,5.78,10.43,556.92,0,0.0,0.0
EMP017,2026-02-23,0,61,0,0,0,643,54,54,54,0.0,0.0,0.0,0.0,0.0,0.0,0.0,0.0,0.0,0.0,0.0,0.0,0.0,0.0,0.0,0.0,5,0,0.0,1.0,0.0,0.0,5.78,10.43,556.92,5,0.7729,321.5
EMP017,2026-02-24,0,56,0,0,0,500,55,55,55,0.0,0.0,0.0,0.0,0.0,0.0,0.0,0.0,0.0,0.0,0.0,0.0,0.0,0.0,0.0,0.0,5,0,0.0,1.0,0.0,0.0,5.78,10.43,556.92,5,0.728,250.0
EMP017,2026-02-25,0,64,0,0,0,513,56,56,56,0.0,0.0,0.0,0.0,0.0,0.0,0.0,0.0,0.0,0.0,0.0,0.0,0.0,0.0,0.0,0.0,5,0,0.0,1.0,0.0,0.0,5.78,10.43,556.92,5,0.7251,256.5
EMP017,2026-02-26,0,97,0,0,0,579,57,57,57,0.0,0.0,0.0,0.0,0.0,0.0,0.0,0.0,0.0,0.0,0.0,0.0,0.0,0.0,0.0,0.0,5,0,0.0,1.0,0.0,0.0,5.78,10.43,556.92,5,0.6926,289.5
EMP017,2026-02-27,0,84,0,0,0,659,58,58,58,0.0,0.0,0.0,0.0,0.0,0.0,0.0,0.0,0.0,0.0,0.0,0.0,0.0,0.0,0.0,0.0,5,0,0.0,1.0,0.0,0.0,5.78,10.43,556.92,5,0.7299,329.5
EMP017,2026-02-28,0,24,0,0,0,219,59,59,59,0.0,0.0,0.0,0.0,0.0,0.0,0.0,0.0,0.0,0.0,0.0,0.0,0.0,0.0,0.0,0.0,5,0,0.0,1.0,0.0,0.0,5.78,10.43,556.92,5,0.7123,109.5
EMP017,2026-03-01,0,0,0,0,0,0,60,60,60,0.0,0.0,0.0,0.0,0.0,0.0,0.0,0.0,0.0,0.0,0.0,0.0,0.0,0.0,0.0,100.0,0,5,0.0,1.0,0.0,0.0,5.78,10.43,556.92,0,0.0,0.0
EMP017,2026-03-02,0,0,0,0,0,0,61,61,61,0.0,0.0,0.0,0.0,0.0,0.0,0.0,0.0,0.0,0.0,0.0,0.0,0.0,0.0,0.0,100.0,0,5,0.0,1.0,0.0,0.0,5.78,10.43,556.92,0,0.0,0.0
EMP017,2026-03-03,0,103,0,0,0,734,62,62,62,0.0,0.0,0.0,0.0,0.0,0.0,0.0,0.0,0.0,0.0,0.0,0.0,0.0,0.0,0.0,0.0,5,0,0.0,1.0,0.0,0.0,5.78,10.43,556.92,5,0.7289,367.0
EMP017,2026-03-04,0,27,0,0,0,215,63,63,63,0.0,0.0,0.0,0.0,0.0,0.0,0.0,0.0,0.0,0.0,0.0,0.0,0.0,0.0,0.0,0.0,5,0,0.0,1.0,0.0,0.0,5.78,10.43,556.92,5,0.6512,107.5
EMP017,2026-03-05,0,74,0,0,0,519,64,64,64,0.0,0.0,0.0,0.0,0.0,0.0,0.0,0.0,0.0,0.0,0.0,0.0,0.0,0.0,0.0,0.0,5,0,0.0,1.0,0.0,0.0,5.78,10.43,556.92,5,0.738,259.5
EMP017,2026-03-06,0,88,0,0,0,489,65,65,65,0.0,0.0,0.0,0.0,0.0,0.0,0.0,0.0,0.0,0.0,0.0,0.0,0.0,0.0,0.0,0.0,5,0,0.0,1.0,0.0,0.0,5.78,10.43,556.92,5,0.7035,244.5
EMP017,2026-03-07,0,21,0,0,0,177,66,66,66,0.0,0.0,0.0,0.0,0.0,0.0,0.0,0.0,0.0,0.0,0.0,0.0,0.0,0.0,0.0,0.0,5,0,0.0,1.0,0.0,0.0,5.78,10.43,556.92,5,0.7684,88.5
EMP017,2026-03-08,0,0,0,0,0,0,67,67,67,0.0,0.0,0.0,0.0,0.0,0.0,0.0,0.0,0.0,0.0,0.0,0.0,0.0,0.0,0.0,100.0,0,5,0.0,1.0,0.0,0.0,5.78,10.43,556.92,0,0.0,0.0
EMP017,2026-03-09,0,89,0,0,0,646,68,68,68,0.0,0.0,0.0,0.0,0.0,0.0,0.0,0.0,0.0,0.0,0.0,0.0,0.0,0.0,0.0,0.0,5,0,0.0,1.0,0.0,0.0,5.78,10.43,556.92,5,0.7307,323.0
EMP017,2026-03-10,0,105,0,0,0,608,69,69,69,0.0,0.0,0.0,0.0,0.0,0.0,0.0,0.0,0.0,0.0,0.0,0.0,0.0,0.0,0.0,0.0,5,0,0.0,1.0,0.0,0.0,5.78,10.43,556.92,5,0.6859,304.0
EMP017,2026-03-11,0,55,0,0,0,518,70,70,70,0.0,0.0,0.0,0.0,0.0,0.0,0.0,0.0,0.0,0.0,0.0,0.0,0.0,0.0,0.0,0.0,5,0,0.0,1.0,0.0,0.0,5.78,10.43,556.92,5,0.7201,259.0
EMP017,2026-03-12,0,98,0,0,0,569,71,71,71,0.0,0.0,0.0,0.0,0.0,0.0,0.0,0.0,0.0,0.0,0.0,0.0,0.0,0.0,0.0,0.0,5,0,0.0,1.0,0.0,0.0,5.78,10.43,556.92,5,0.6397,284.5
EMP017,2026-03-13,0,98,0,0,0,615,72,72,72,0.0,0.0,0.0,0.0,0.0,0.0,0.0,0.0,0.0,0.0,0.0,0.0,0.0,0.0,0.0,0.0,5,0,0.0,1.0,0.0,0.0,5.78,10.43,556.92,5,0.7041,307.5
EMP017,2026-03-14,0,19,0,0,0,195,73,73,73,0.0,0.0,0.0,0.0,0.0,0.0,0.0,0.0,0.0,0.0,0.0,0.0,0.0,0.0,0.0,0.0,5,0,0.0,1.0,0.0,0.0,5.78,10.43,556.92,5,0.7744,97.5
EMP017,2026-03-15,0,0,0,0,0,0,74,74,74,0.0,0.0,0.0,0.0,0.0,0.0,0.0,0.0,0.0,0.0,0.0,0.0,0.0,0.0,0.0,100.0,0,5,0.0,1.0,0.0,0.0,5.78,10.43,556.92,0,0.0,0.0
EMP017,2026-03-16,0,90,0,0,0,532,75,75,75,0.0,0.0,0.0,0.0,0.0,0.0,0.0,0.0,0.0,0.0,0.0,0.0,0.0,0.0,0.0,0.0,5,0,0.0,1.0,0.0,0.0,5.78,10.43,556.92,5,0.7274,266.0
EMP017,2026-03-17,0,81,0,0,0,688,76,76,76,0.0,0.0,0.0,0.0,0.0,0.0,0.0,0.0,0.0,0.0,0.0,0.0,0.0,0.0,0.0,0.0,5,0,0.0,1.0,0.0,0.0,5.78,10.43,556.92,5,0.7529,344.0
EMP017,2026-03-18,0,67,0,0,0,588,77,77,77,0.0,0.0,0.0,0.0,0.0,0.0,0.0,0.0,0.0,0.0,0.0,0.0,0.0,0.0,0.0,0.0,5,0,0.0,1.0,0.0,0.0,5.78,10.43,556.92,5,0.7415,294.0
EMP017,2026-03-19,0,48,0,0,0,505,78,78,78,0.0,0.0,0.0,0.0,0.0,0.0,0.0,0.0,0.0,0.0,0.0,0.0,0.0,0.0,0.0,0.0,5,0,0.0,1.0,0.0,0.0,5.78,10.43,556.92,5,0.7465,252.5
EMP017,2026-03-20,0,56,0,0,0,534,79,79,79,0.0,0.0,0.0,0.0,0.0,0.0,0.0,0.0,0.0,0.0,0.0,0.0,0.0,0.0,0.0,0.0,5,0,0.0,1.0,0.0,0.0,5.78,10.43,556.92,5,0.7154,267.0
EMP017,2026-03-21,0,18,0,0,0,201,80,80,80,0.0,0.0,0.0,0.0,0.0,0.0,0.0,0.0,0.0,0.0,0.0,0.0,0.0,0.0,0.0,0.0,5,0,0.0,1.0,0.0,0.0,5.78,10.43,556.92,5,0.7214,100.5
EMP017,2026-03-22,0,0,0,0,0,0,81,81,81,0.0,0.0,0.0,0.0,0.0,0.0,0.0,0.0,0.0,0.0,0.0,0.0,0.0,0.0,0.0,100.0,0,5,0.0,1.0,0.0,0.0,5.78,10.43,556.92,0,0.0,0.0
EMP017,2026-03-23,0,60,0,0,0,609,82,82,82,0.0,0.0,0.0,0.0,0.0,0.0,0.0,0.0,0.0,0.0,0.0,0.0,0.0,0.0,0.0,0.0,5,0,0.0,1.0,0.0,0.0,5.78,10.43,556.92,5,0.7077,304.5
EMP017,2026-03-24,0,81,0,0,0,580,83,83,83,0.0,0.0,0.0,0.0,0.0,0.0,0.0,0.0,0.0,0.0,0.0,0.0,0.0,0.0,0.0,0.0,5,0,0.0,1.0,0.0,0.0,5.78,10.43,556.92,5,0.6914,290.0
EMP017,2026-03-25,0,0,0,0,0,0,84,84,84,0.0,0.0,0.0,0.0,0.0,0.0,0.0,0.0,0.0,0.0,0.0,0.0,0.0,0.0,0.0,100.0,0,5,0.0,1.0,0.0,0.0,5.78,10.43,556.92,0,0.0,0.0
EMP017,2026-03-26,0,5,0,0,0,39,85,85,85,0.0,0.0,0.0,0.0,0.0,0.0,0.0,0.0,0.0,0.0,0.0,0.0,0.0,0.0,0.0,20.0,4,1,0.0,1.0,0.0,0.0,5.78,10.43,556.92,4,0.7179,19.5
EMP017,2026-03-27,0,118,0,0,0,711,86,86,86,0.0,0.0,0.0,0.0,0.0,0.0,0.0,0.0,0.0,0.0,0.0,0.0,0.0,0.0,0.0,0.0,5,0,0.0,1.0,0.0,0.0,5.78,10.43,556.92,5,0.6779,355.5
EMP017,2026-03-28,0,32,0,0,0,265,87,87,87,0.0,0.0,0.0,0.0,0.0,0.0,0.0,0.0,0.0,0.0,0.0,0.0,0.0,0.0,0.0,0.0,5,0,0.0,1.0,0.0,0.0,5.78,10.43,556.92,5,0.6717,132.5
EMP017,2026-03-29,0,0,0,0,0,0,88,88,88,0.0,0.0,0.0,0.0,0.0,0.0,0.0,0.0,0.0,0.0,0.0,0.0,0.0,0.0,0.0,100.0,0,5,0.0,1.0,0.0,0.0,5.78,10.43,556.92,0,0.0,0.0
EMP017,2026-03-30,0,113,0,0,0,687,89,89,89,0.0,0.0,0.0,0.0,0.0,0.0,0.0,0.0,0.0,0.0,0.0,0.0,0.0,0.0,0.0,0.0,5,0,0.0,1.0,0.0,0.0,5.78,10.43,556.92,5,0.6608,343.5
EMP017,2026-03-31,0,88,0,0,0,637,90,90,90,0.0,0.0,0.0,0.0,0.0,0.0,0.0,0.0,0.0,0.0,0.0,0.0,0.0,0.0,0.0,0.0,5,0,0.0,1.0,0.0,0.0,5.78,10.43,556.92,5,0.7127,318.5
EMP018,2026-01-01,0,0,0,0,0,0,1,1,1,0.0,0.0,0.0,0.0,0.0,0.0,0.0,0.0,0.0,0.0,0.0,0.0,0.0,0.0,0.0,100.0,0,5,0.0,1.0,0.0,50.0,7.57,8.01,530.96,0,0.0,0.0
EMP018,2026-01-02,0,83,0,0,0,608,2,2,2,0.0,0.0,0.0,0.0,0.0,0.0,0.0,0.0,0.0,0.0,0.0,0.0,0.0,0.0,0.0,0.0,5,0,0.0,1.0,0.0,50.0,7.57,8.01,530.96,5,0.6678,304.0
EMP018,2026-01-03,0,15,0,0,0,108,3,3,3,0.0,0.0,0.0,0.0,0.0,0.0,0.0,0.0,0.0,0.0,0.0,0.0,0.0,0.0,0.0,0.0,5,0,0.0,1.0,0.0,50.0,7.57,8.01,530.96,5,0.75,54.0
EMP018,2026-01-04,0,0,0,0,0,0,4,4,4,0.0,0.0,0.0,0.0,0.0,0.0,0.0,0.0,0.0,0.0,0.0,0.0,0.0,0.0,0.0,100.0,0,5,0.0,1.0,0.0,50.0,7.57,8.01,530.96,0,0.0,0.0
EMP018,2026-01-05,0,0,0,0,0,0,5,5,5,0.0,0.0,0.0,0.0,0.0,0.0,0.0,0.0,0.0,0.0,0.0,0.0,0.0,0.0,0.0,100.0,0,5,0.0,1.0,0.0,50.0,7.57,8.01,530.96,0,0.0,0.0
EMP018,2026-01-06,0,46,0,0,0,476,6,6,6,0.0,0.0,0.0,0.0,0.0,0.0,0.0,0.0,0.0,0.0,0.0,0.0,0.0,0.0,0.0,0.0,5,0,0.0,1.0,0.0,50.0,7.57,8.01,530.96,5,0.7395,238.0
EMP018,2026-01-07,0,58,0,0,0,397,7,7,7,0.0,0.0,0.0,0.0,0.0,0.0,0.0,0.0,0.0,0.0,0.0,0.0,0.0,0.0,0.0,0.0,5,0,0.0,1.0,0.0,50.0,7.57,8.01,530.96,5,0.7028,198.5
EMP018,2026-01-08,0,52,0,0,0,456,8,8,8,0.0,0.0,0.0,0.0,0.0,0.0,0.0,0.0,0.0,0.0,0.0,0.0,0.0,0.0,0.0,0.0,5,0,0.0,1.0,0.0,50.0,7.57,8.01,530.96,5,0.7632,228.0
EMP018,2026-01-09,0,77,0,0,0,456,9,9,9,0.0,0.0,0.0,0.0,0.0,0.0,0.0,0.0,0.0,0.0,0.0,0.0,0.0,0.0,0.0,0.0,5,0,0.0,1.0,0.0,50.0,7.57,8.01,530.96,5,0.6864,228.0
EMP018,2026-01-10,0,23,0,0,0,180,10,10,10,0.0,0.0,0.0,0.0,0.0,0.0,0.0,0.0,0.0,0.0,0.0,0.0,0.0,0.0,0.0,0.0,5,0,0.0,1.0,0.0,50.0,7.57,8.01,530.96,5,0.7111,90.0
EMP018,2026-01-11,0,0,0,0,0,0,11,11,11,0.0,0.0,0.0,0.0,0.0,0.0,0.0,0.0,0.0,0.0,0.0,0.0,0.0,0.0,0.0,100.0,0,5,0.0,1.0,0.0,50.0,7.57,8.01,530.96,0,0.0,0.0
EMP018,2026-01-12,0,54,0,0,0,467,12,12,12,0.0,0.0,0.0,0.0,0.0,0.0,0.0,0.0,0.0,0.0,0.0,0.0,0.0,0.0,0.0,0.0,5,0,0.0,1.0,0.0,50.0,7.57,8.01,530.96,5,0.7109,233.5
EMP018,2026-01-13,0,84,0,0,0,518,13,13,13,0.0,0.0,0.0,0.0,0.0,0.0,0.0,0.0,0.0,0.0,0.0,0.0,0.0,0.0,0.0,0.0,5,0,0.0,1.0,0.0,50.0,7.57,8.01,530.96,5,0.666,259.0
EMP018,2026-01-14,0,63,0,0,0,429,14,14,14,0.0,0.0,0.0,0.0,0.0,0.0,0.0,0.0,0.0,0.0,0.0,0.0,0.0,0.0,0.0,0.0,5,0,0.0,1.0,0.0,50.0,7.57,8.01,530.96,5,0.683,214.5
EMP018,2026-01-15,0,50,0,0,0,464,15,15,15,0.0,0.0,0.0,0.0,0.0,0.0,0.0,0.0,0.0,0.0,0.0,0.0,0.0,0.0,0.0,0.0,5,0,0.0,1.0,0.0,50.0,7.57,8.01,530.96,5,0.7651,232.0
EMP018,2026-01-16,0,23,0,0,0,205,16,16,16,0.0,0.0,0.0,0.0,0.0,0.0,0.0,0.0,0.0,0.0,0.0,0.0,0.0,0.0,0.0,0.0,5,0,0.0,1.0,0.0,50.0,7.57,8.01,530.96,5,0.7171,102.5
EMP018,2026-01-17,0,26,0,0,0,175,17,17,17,0.0,0.0,0.0,0.0,0.0,0.0,0.0,0.0,0.0,0.0,0.0,0.0,0.0,0.0,0.0,0.0,5,0,0.0,1.0,0.0,50.0,7.57,8.01,530.96,5,0.68,87.5
EMP018,2026-01-18,0,0,0,0,0,0,18,18,18,0.0,0.0,0.0,0.0,0.0,0.0,0.0,0.0,0.0,0.0,0.0,0.0,0.0,0.0,0.0,100.0,0,5,0.0,1.0,0.0,50.0,7.57,8.01,530.96,0,0.0,0.0
EMP018,2026-01-19,0,78,0,0,0,491,19,19,19,0.0,0.0,0.0,0.0,0.0,0.0,0.0,0.0,0.0,0.0,0.0,0.0,0.0,0.0,0.0,0.0,5,0,0.0,1.0,0.0,50.0,7.57,8.01,530.96,5,0.7108,245.5
EMP018,2026-01-20,0,87,0,0,0,576,20,20,20,0.0,0.0,0.0,0.0,0.0,0.0,0.0,0.0,0.0,0.0,0.0,0.0,0.0,0.0,0.0,0.0,5,0,0.0,1.0,0.0,50.0,7.57,8.01,530.96,5,0.6649,288.0
EMP018,2026-01-21,0,59,0,0,0,418,21,21,21,0.0,0.0,0.0,0.0,0.0,0.0,0.0,0.0,0.0,0.0,0.0,0.0,0.0,0.0,0.0,0.0,5,0,0.0,1.0,0.0,50.0,7.57,8.01,530.96,5,0.6962,209.0
EMP018,2026-01-22,0,54,0,0,0,439,22,22,22,0.0,0.0,0.0,0.0,0.0,0.0,0.0,0.0,0.0,0.0,0.0,0.0,0.0,0.0,0.0,0.0,5,0,0.0,1.0,0.0,50.0,7.57,8.01,530.96,5,0.713,219.5
EMP018,2026-01-23,0,47,0,0,0,427,23,23,23,0.0,0.0,0.0,0.0,0.0,0.0,0.0,0.0,0.0,0.0,0.0,0.0,0.0,0.0,0.0,0.0,5,0,0.0,1.0,0.0,50.0,7.57,8.01,530.96,5,0.7213,213.5
EMP018,2026-01-24,0,29,0,0,0,191,24,24,24,0.0,0.0,0.0,0.0,0.0,0.0,0.0,0.0,0.0,0.0,0.0,0.0,0.0,0.0,0.0,0.0,5,0,0.0,1.0,0.0,50.0,7.57,8.01,530.96,5,0.7225,95.5
EMP018,2026-01-25,0,0,0,0,0,0,25,25,25,0.0,0.0,0.0,0.0,0.0,0.0,0.0,0.0,0.0,0.0,0.0,0.0,0.0,0.0,0.0,100.0,0,5,0.0,1.0,0.0,50.0,7.57,8.01,530.96,0,0.0,0.0
EMP018,2026-01-26,0,0,0,0,0,0,26,26,26,0.0,0.0,0.0,0.0,0.0,0.0,0.0,0.0,0.0,0.0,0.0,0.0,0.0,0.0,0.0,100.0,0,5,0.0,1.0,0.0,50.0,7.57,8.01,530.96,0,0.0,0.0
EMP018,2026-01-27,0,75,0,0,0,459,27,27,27,0.0,0.0,0.0,0.0,0.0,0.0,0.0,0.0,0.0,0.0,0.0,0.0,0.0,0.0,0.0,0.0,5,0,0.0,1.0,0.0,50.0,7.57,8.01,530.96,5,0.6841,229.5
EMP018,2026-01-28,0,49,0,0,0,368,28,28,28,0.0,0.0,0.0,0.0,0.0,0.0,0.0,0.0,0.0,0.0,0.0,0.0,0.0,0.0,0.0,0.0,5,0,0.0,1.0,0.0,50.0,7.57,8.01,530.96,5,0.7201,184.0
EMP018,2026-01-29,0,74,0,0,0,564,29,29,29,0.0,0.0,0.0,0.0,0.0,0.0,0.0,0.0,0.0,0.0,0.0,0.0,0.0,0.0,0.0,0.0,5,0,0.0,1.0,0.0,50.0,7.57,8.01,530.96,5,0.7163,282.0
EMP018,2026-01-30,0,79,0,0,0,539,30,30,30,0.0,0.0,0.0,0.0,0.0,0.0,0.0,0.0,0.0,0.0,0.0,0.0,0.0,0.0,0.0,0.0,5,0,0.0,1.0,0.0,50.0,7.57,8.01,530.96,5,0.6994,269.5
EMP018,2026-01-31,0,32,0,0,0,230,31,31,31,0.0,0.0,0.0,0.0,0.0,0.0,0.0,0.0,0.0,0.0,0.0,0.0,0.0,0.0,0.0,0.0,5,0,0.0,1.0,0.0,50.0,7.57,8.01,530.96,5,0.6913,115.0
EMP018,2026-02-01,0,0,0,0,0,0,32,32,32,0.0,0.0,0.0,0.0,0.0,0.0,0.0,0.0,0.0,0.0,0.0,0.0,0.0,0.0,0.0,100.0,0,5,0.0,1.0,0.0,50.0,7.57,8.01,530.96,0,0.0,0.0
EMP018,2026-02-02,0,79,0,0,0,543,33,33,33,0.0,0.0,0.0,0.0,0.0,0.0,0.0,0.0,0.0,0.0,0.0,0.0,0.0,0.0,0.0,0.0,5,0,0.0,1.0,0.0,50.0,7.57,8.01,530.96,5,0.6998,271.5
EMP018,2026-02-03,0,70,0,0,0,550,34,34,34,0.0,0.0,0.0,0.0,0.0,0.0,0.0,0.0,0.0,0.0,0.0,0.0,0.0,0.0,0.0,0.0,5,0,0.0,1.0,0.0,50.0,7.57,8.01,530.96,5,0.7164,275.0
EMP018,2026-02-04,0,49,0,0,0,426,35,35,35,0.0,0.0,0.0,0.0,0.0,0.0,0.0,0.0,0.0,0.0,0.0,0.0,0.0,0.0,0.0,0.0,5,0,0.0,1.0,0.0,50.0,7.57,8.01,530.96,5,0.7066,213.0
EMP018,2026-02-05,0,72,0,0,0,457,36,36,36,0.0,0.0,0.0,0.0,0.0,0.0,0.0,0.0,0.0,0.0,0.0,0.0,0.0,0.0,0.0,0.0,5,0,0.0,1.0,0.0,50.0,7.57,8.01,530.96,5,0.6718,228.5
EMP018,2026-02-06,0,85,0,0,0,628,37,37,37,0.0,0.0,0.0,0.0,0.0,0.0,0.0,0.0,0.0,0.0,0.0,0.0,0.0,0.0,0.0,0.0,5,0,0.0,1.0,0.0,50.0,7.57,8.01,530.96,5,0.7261,314.0
EMP018,2026-02-07,0,30,0,0,0,180,38,38,38,0.0,0.0,0.0,0.0,0.0,0.0,0.0,0.0,0.0,0.0,0.0,0.0,0.0,0.0,0.0,0.0,5,0,0.0,1.0,0.0,50.0,7.57,8.01,530.96,5,0.6889,90.0
EMP018,2026-02-08,0,0,0,0,0,0,39,39,39,0.0,0.0,0.0,0.0,0.0,0.0,0.0,0.0,0.0,0.0,0.0,0.0,0.0,0.0,0.0,100.0,0,5,0.0,1.0,0.0,50.0,7.57,8.01,530.96,0,0.0,0.0
EMP018,2026-02-09,0,59,0,0,0,464,40,40,40,0.0,0.0,0.0,0.0,0.0,0.0,0.0,0.0,0.0,0.0,0.0,0.0,0.0,0.0,0.0,0.0,5,0,0.0,1.0,0.0,50.0,7.57,8.01,530.96,5,0.7478,232.0
EMP018,2026-02-10,0,89,0,0,0,553,41,41,41,0.0,0.0,0.0,0.0,0.0,0.0,0.0,0.0,0.0,0.0,0.0,0.0,0.0,0.0,0.0,0.0,5,0,0.0,1.0,0.0,50.0,7.57,8.01,530.96,5,0.7197,276.5
EMP018,2026-02-11,0,38,0,0,0,369,42,42,42,0.0,0.0,0.0,0.0,0.0,0.0,0.0,0.0,0.0,0.0,0.0,0.0,0.0,0.0,0.0,0.0,5,0,0.0,1.0,0.0,50.0,7.57,8.01,530.96,5,0.7561,184.5
EMP018,2026-02-12,0,45,0,0,0,441,43,43,43,0.0,0.0,0.0,0.0,0.0,0.0,0.0,0.0,0.0,0.0,0.0,0.0,0.0,0.0,0.0,0.0,5,0,0.0,1.0,0.0,50.0,7.57,8.01,530.96,5,0.6689,220.5
EMP018,2026-02-13,0,48,0,0,0,423,44,44,44,0.0,0.0,0.0,0.0,0.0,0.0,0.0,0.0,0.0,0.0,0.0,0.0,0.0,0.0,0.0,0.0,5,0,0.0,1.0,0.0,50.0,7.57,8.01,530.96,5,0.7045,211.5
EMP018,2026-02-14,0,18,0,0,0,187,45,45,45,0.0,0.0,0.0,0.0,0.0,0.0,0.0,0.0,0.0,0.0,0.0,0.0,0.0,0.0,0.0,0.0,5,0,0.0,1.0,0.0,50.0,7.57,8.01,530.96,5,0.7968,93.5
EMP018,2026-02-15,0,0,0,0,0,0,46,46,46,0.0,0.0,0.0,0.0,0.0,0.0,0.0,0.0,0.0,0.0,0.0,0.0,0.0,0.0,0.0,100.0,0,5,0.0,1.0,0.0,50.0,7.57,8.01,530.96,0,0.0,0.0
EMP018,2026-02-16,0,53,0,0,0,475,47,47,47,0.0,0.0,0.0,0.0,0.0,0.0,0.0,0.0,0.0,0.0,0.0,0.0,0.0,0.0,0.0,0.0,5,0,0.0,1.0,0.0,50.0,7.57,8.01,530.96,5,0.7305,237.5
EMP018,2026-02-17,0,57,0,0,0,581,48,48,48,0.0,0.0,0.0,0.0,0.0,0.0,0.0,0.0,0.0,0.0,0.0,0.0,0.0,0.0,0.0,0.0,5,0,0.0,1.0,0.0,50.0,7.57,8.01,530.96,5,0.7608,290.5
EMP018,2026-02-18,0,54,0,0,0,398,49,49,49,0.0,0.0,0.0,0.0,0.0,0.0,0.0,0.0,0.0,0.0,0.0,0.0,0.0,0.0,0.0,0.0,5,0,0.0,1.0,0.0,50.0,7.57,8.01,530.96,5,0.7337,199.0
EMP018,2026-02-19,0,57,0,0,0,470,50,50,50,0.0,0.0,0.0,0.0,0.0,0.0,0.0,0.0,0.0,0.0,0.0,0.0,0.0,0.0,0.0,0.0,5,0,0.0,1.0,0.0,50.0,7.57,8.01,530.96,5,0.6957,235.0
EMP018,2026-02-20,0,64,0,0,0,451,51,51,51,0.0,0.0,0.0,0.0,0.0,0.0,0.0,0.0,0.0,0.0,0.0,0.0,0.0,0.0,0.0,0.0,5,0,0.0,1.0,0.0,50.0,7.57,8.01,530.96,5,0.7007,225.5
EMP018,2026-02-21,0,20,0,0,0,166,52,52,52,0.0,0.0,0.0,0.0,0.0,0.0,0.0,0.0,0.0,0.0,0.0,0.0,0.0,0.0,0.0,0.0,5,0,0.0,1.0,0.0,50.0,7.57,8.01,530.96,5,0.7229,83.0
EMP018,2026-02-22,0,0,0,0,0,0,53,53,53,0.0,0.0,0.0,0.0,0.0,0.0,0.0,0.0,0.0,0.0,0.0,0.0,0.0,0.0,0.0,100.0,0,5,0.0,1.0,0.0,50.0,7.57,8.01,530.96,0,0.0,0.0
EMP018,2026-02-23,0,56,0,0,0,474,54,54,54,0.0,0.0,0.0,0.0,0.0,0.0,0.0,0.0,0.0,0.0,0.0,0.0,0.0,0.0,0.0,0.0,5,0,0.0,1.0,0.0,50.0,7.57,8.01,530.96,5,0.6878,237.0
EMP018,2026-02-24,0,71,0,0,0,572,55,55,55,0.0,0.0,0.0,0.0,0.0,0.0,0.0,0.0,0.0,0.0,0.0,0.0,0.0,0.0,0.0,0.0,5,0,0.0,1.0,0.0,50.0,7.57,8.01,530.96,5,0.7255,286.0
EMP018,2026-02-25,0,69,0,0,0,401,56,56,56,0.0,0.0,0.0,0.0,0.0,0.0,0.0,0.0,0.0,0.0,0.0,0.0,0.0,0.0,0.0,0.0,5,0,0.0,1.0,0.0,50.0,7.57,8.01,530.96,5,0.6658,200.5
EMP018,2026-02-26,0,45,0,0,0,444,57,57,57,0.0,0.0,0.0,0.0,0.0,0.0,0.0,0.0,0.0,0.0,0.0,0.0,0.0,0.0,0.0,0.0,5,0,0.0,1.0,0.0,50.0,7.57,8.01,530.96,5,0.7252,222.0
EMP018,2026-02-27,0,82,0,0,0,579,58,58,58,0.0,0.0,0.0,0.0,0.0,0.0,0.0,0.0,0.0,0.0,0.0,0.0,0.0,0.0,0.0,0.0,5,0,0.0,1.0,0.0,50.0,7.57,8.01,530.96,5,0.7254,289.5
EMP018,2026-02-28,0,24,0,0,0,173,59,59,59,0.0,0.0,0.0,0.0,0.0,0.0,0.0,0.0,0.0,0.0,0.0,0.0,0.0,0.0,0.0,0.0,5,0,0.0,1.0,0.0,50.0,7.57,8.01,530.96,5,0.7052,86.5
EMP018,2026-03-01,0,0,0,0,0,0,60,60,60,0.0,0.0,0.0,0.0,0.0,0.0,0.0,0.0,0.0,0.0,0.0,0.0,0.0,0.0,0.0,100.0,0,5,0.0,1.0,0.0,50.0,7.57,8.01,530.96,0,0.0,0.0
EMP018,2026-03-02,0,0,0,0,0,0,61,61,61,0.0,0.0,0.0,0.0,0.0,0.0,0.0,0.0,0.0,0.0,0.0,0.0,0.0,0.0,0.0,100.0,0,5,0.0,1.0,0.0,50.0,7.57,8.01,530.96,0,0.0,0.0
EMP018,2026-03-03,0,63,0,0,0,561,62,62,62,0.0,0.0,0.0,0.0,0.0,0.0,0.0,0.0,0.0,0.0,0.0,0.0,0.0,0.0,0.0,0.0,5,0,0.0,1.0,0.0,50.0,7.57,8.01,530.96,5,0.7683,280.5
EMP018,2026-03-04,0,38,0,0,0,411,63,63,63,0.0,0.0,0.0,0.0,0.0,0.0,0.0,0.0,0.0,0.0,0.0,0.0,0.0,0.0,0.0,0.0,5,0,0.0,1.0,0.0,50.0,7.57,8.01,530.96,5,0.7543,205.5
EMP018,2026-03-05,0,64,0,0,0,451,64,64,64,0.0,0.0,0.0,0.0,0.0,0.0,0.0,0.0,0.0,0.0,0.0,0.0,0.0,0.0,0.0,0.0,5,0,0.0,1.0,0.0,50.0,7.57,8.01,530.96,5,0.6674,225.5
EMP018,2026-03-06,0,4,0,0,0,42,65,65,65,0.0,0.0,0.0,0.0,0.0,0.0,0.0,0.0,0.0,0.0,0.0,0.0,0.0,0.0,0.0,0.0,5,0,0.0,1.0,0.0,50.0,7.57,8.01,530.96,5,0.7381,21.0
EMP018,2026-03-07,0,18,0,0,0,167,66,66,66,0.0,0.0,0.0,0.0,0.0,0.0,0.0,0.0,0.0,0.0,0.0,0.0,0.0,0.0,0.0,0.0,5,0,0.0,1.0,0.0,50.0,7.57,8.01,530.96,5,0.7186,83.5
EMP018,2026-03-08,0,0,0,0,0,0,67,67,67,0.0,0.0,0.0,0.0,0.0,0.0,0.0,0.0,0.0,0.0,0.0,0.0,0.0,0.0,0.0,100.0,0,5,0.0,1.0,0.0,50.0,7.57,8.01,530.96,0,0.0,0.0
EMP018,2026-03-09,0,49,0,0,0,567,68,68,68,0.0,0.0,0.0,0.0,0.0,0.0,0.0,0.0,0.0,0.0,0.0,0.0,0.0,0.0,0.0,0.0,5,0,0.0,1.0,0.0,50.0,7.57,8.01,530.96,5,0.7513,283.5
EMP018,2026-03-10,0,60,0,0,0,493,69,69,69,0.0,0.0,0.0,0.0,0.0,0.0,0.0,0.0,0.0,0.0,0.0,0.0,0.0,0.0,0.0,0.0,5,0,0.0,1.0,0.0,50.0,7.57,8.01,530.96,5,0.6755,246.5
EMP018,2026-03-11,0,39,0,0,0,369,70,70,70,0.0,0.0,0.0,0.0,0.0,0.0,0.0,0.0,0.0,0.0,0.0,0.0,0.0,0.0,0.0,0.0,5,0,0.0,1.0,0.0,50.0,7.57,8.01,530.96,5,0.7127,184.5
EMP018,2026-03-12,0,64,0,0,0,533,71,71,71,0.0,0.0,0.0,0.0,0.0,0.0,0.0,0.0,0.0,0.0,0.0,0.0,0.0,0.0,0.0,0.0,5,0,0.0,1.0,0.0,50.0,7.57,8.01,530.96,5,0.7054,266.5
EMP018,2026-03-13,0,64,0,0,0,496,72,72,72,0.0,0.0,0.0,0.0,0.0,0.0,0.0,0.0,0.0,0.0,0.0,0.0,0.0,0.0,0.0,0.0,5,0,0.0,1.0,0.0,50.0,7.57,8.01,530.96,5,0.7278,248.0
EMP018,2026-03-14,0,23,0,0,0,167,73,73,73,0.0,0.0,0.0,0.0,0.0,0.0,0.0,0.0,0.0,0.0,0.0,0.0,0.0,0.0,0.0,0.0,5,0,0.0,1.0,0.0,50.0,7.57,8.01,530.96,5,0.7485,83.5
EMP018,2026-03-15,0,0,0,0,0,0,74,74,74,0.0,0.0,0.0,0.0,0.0,0.0,0.0,0.0,0.0,0.0,0.0,0.0,0.0,0.0,0.0,100.0,0,5,0.0,1.0,0.0,50.0,7.57,8.01,530.96,0,0.0,0.0
EMP018,2026-03-16,0,75,0,0,0,416,75,75,75,0.0,0.0,0.0,0.0,0.0,0.0,0.0,0.0,0.0,0.0,0.0,0.0,0.0,0.0,0.0,0.0,5,0,0.0,1.0,0.0,50.0,7.57,8.01,530.96,5,0.6058,208.0
EMP018,2026-03-17,0,0,0,0,0,0,76,76,76,0.0,0.0,0.0,0.0,0.0,0.0,0.0,0.0,0.0,0.0,0.0,0.0,0.0,0.0,0.0,100.0,0,5,0.0,1.0,0.0,50.0,7.57,8.01,530.96,0,0.0,0.0
EMP018,2026-03-18,0,55,0,0,0,436,77,77,77,0.0,0.0,0.0,0.0,0.0,0.0,0.0,0.0,0.0,0.0,0.0,0.0,0.0,0.0,0.0,0.0,5,0,0.0,1.0,0.0,50.0,7.57,8.01,530.96,5,0.6812,218.0
EMP018,2026-03-19,0,51,0,0,0,438,78,78,78,0.0,0.0,0.0,0.0,0.0,0.0,0.0,0.0,0.0,0.0,0.0,0.0,0.0,0.0,0.0,0.0,5,0,0.0,1.0,0.0,50.0,7.57,8.01,530.96,5,0.7397,219.0
EMP018,2026-03-20,0,72,0,0,0,492,79,79,79,0.0,0.0,0.0,0.0,0.0,0.0,0.0,0.0,0.0,0.0,0.0,0.0,0.0,0.0,0.0,0.0,5,0,0.0,1.0,0.0,50.0,7.57,8.01,530.96,5,0.7093,246.0
EMP018,2026-03-21,0,30,0,0,0,196,80,80,80,0.0,0.0,0.0,0.0,0.0,0.0,0.0,0.0,0.0,0.0,0.0,0.0,0.0,0.0,0.0,0.0,5,0,0.0,1.0,0.0,50.0,7.57,8.01,530.96,5,0.7449,98.0
EMP018,2026-03-22,0,0,0,0,0,0,81,81,81,0.0,0.0,0.0,0.0,0.0,0.0,0.0,0.0,0.0,0.0,0.0,0.0,0.0,0.0,0.0,100.0,0,5,0.0,1.0,0.0,50.0,7.57,8.01,530.96,0,0.0,0.0
EMP018,2026-03-23,0,86,0,0,0,579,82,82,82,0.0,0.0,0.0,0.0,0.0,0.0,0.0,0.0,0.0,0.0,0.0,0.0,0.0,0.0,0.0,0.0,5,0,0.0,1.0,0.0,50.0,7.57,8.01,530.96,5,0.6839,289.5
EMP018,2026-03-24,0,0,0,0,0,0,83,83,83,0.0,0.0,0.0,0.0,0.0,0.0,0.0,0.0,0.0,0.0,0.0,0.0,0.0,0.0,0.0,100.0,0,5,0.0,1.0,0.0,50.0,7.57,8.01,530.96,0,0.0,0.0
EMP018,2026-03-25,0,67,0,0,0,561,84,84,84,0.0,0.0,0.0,0.0,0.0,0.0,0.0,0.0,0.0,0.0,0.0,0.0,0.0,0.0,0.0,0.0,5,0,0.0,1.0,0.0,50.0,7.57,8.01,530.96,5,0.6809,280.5
EMP018,2026-03-26,0,69,0,0,0,618,85,85,85,0.0,0.0,0.0,0.0,0.0,0.0,0.0,0.0,0.0,0.0,0.0,0.0,0.0,0.0,0.0,0.0,5,0,0.0,1.0,0.0,50.0,7.57,8.01,530.96,5,0.7168,309.0
EMP018,2026-03-27,0,80,0,0,0,694,86,86,86,0.0,0.0,0.0,0.0,0.0,0.0,0.0,0.0,0.0,0.0,0.0,0.0,0.0,0.0,0.0,0.0,5,0,0.0,1.0,0.0,50.0,7.57,8.01,530.96,5,0.7363,347.0
EMP018,2026-03-28,0,31,0,0,0,217,87,87,87,0.0,0.0,0.0,0.0,0.0,0.0,0.0,0.0,0.0,0.0,0.0,0.0,0.0,0.0,0.0,0.0,5,0,0.0,1.0,0.0,50.0,7.57,8.01,530.96,5,0.6912,108.5
EMP018,2026-03-29,0,0,0,0,0,0,88,88,88,0.0,0.0,0.0,0.0,0.0,0.0,0.0,0.0,0.0,0.0,0.0,0.0,0.0,0.0,0.0,100.0,0,5,0.0,1.0,0.0,50.0,7.57,8.01,530.96,0,0.0,0.0
EMP018,2026-03-30,0,72,0,0,0,517,89,89,89,0.0,0.0,0.0,0.0,0.0,0.0,0.0,0.0,0.0,0.0,0.0,0.0,0.0,0.0,0.0,0.0,5,0,0.0,1.0,0.0,50.0,7.57,8.01,530.96,5,0.648,258.5
EMP018,2026-03-31,0,78,0,0,0,636,90,90,90,0.0,0.0,0.0,0.0,0.0,0.0,0.0,0.0,0.0,0.0,0.0,0.0,0.0,0.0,0.0,0.0,5,0,0.0,1.0,0.0,50.0,7.57,8.01,530.96,5,0.6918,318.0
EMP019,2026-01-01,0,0,0,0,0,0,1,1,1,0.0,0.0,0.0,0.0,0.0,0.0,0.0,0.0,0.0,0.0,0.0,0.0,0.0,0.0,0.0,100.0,0,5,0.0,1.0,0.0,50.0,7.28,10.8,485.39,0,0.0,0.0
EMP019,2026-01-02,0,59,0,0,0,513,2,2,2,0.0,0.0,0.0,0.0,0.0,0.0,0.0,0.0,0.0,0.0,0.0,0.0,0.0,0.0,0.0,0.0,5,0,0.0,1.0,0.0,50.0,7.28,10.8,485.39,5,0.6823,256.5
EMP019,2026-01-03,0,24,0,0,0,180,3,3,3,0.0,0.0,0.0,0.0,0.0,0.0,0.0,0.0,0.0,0.0,0.0,0.0,0.0,0.0,0.0,0.0,5,0,0.0,1.0,0.0,50.0,7.28,10.8,485.39,5,0.7111,90.0
EMP019,2026-01-04,0,0,0,0,0,0,4,4,4,0.0,0.0,0.0,0.0,0.0,0.0,0.0,0.0,0.0,0.0,0.0,0.0,0.0,0.0,0.0,100.0,0,5,0.0,1.0,0.0,50.0,7.28,10.8,485.39,0,0.0,0.0
EMP019,2026-01-05,0,46,0,0,0,365,5,5,5,0.0,0.0,0.0,0.0,0.0,0.0,0.0,0.0,0.0,0.0,0.0,0.0,0.0,0.0,0.0,0.0,5,0,0.0,1.0,0.0,50.0,7.28,10.8,485.39,5,0.7151,182.5
EMP019,2026-01-06,0,27,0,0,0,222,6,6,6,0.0,0.0,0.0,0.0,0.0,0.0,0.0,0.0,0.0,0.0,0.0,0.0,0.0,0.0,0.0,0.0,5,0,0.0,1.0,0.0,50.0,7.28,10.8,485.39,5,0.7613,111.0
EMP019,2026-01-07,0,61,0,0,0,443,7,7,7,0.0,0.0,0.0,0.0,0.0,0.0,0.0,0.0,0.0,0.0,0.0,0.0,0.0,0.0,0.0,0.0,5,0,0.0,1.0,0.0,50.0,7.28,10.8,485.39,5,0.6975,221.5
EMP019,2026-01-08,0,56,0,0,0,450,8,8,8,0.0,0.0,0.0,0.0,0.0,0.0,0.0,0.0,0.0,0.0,0.0,0.0,0.0,0.0,0.0,0.0,5,0,0.0,1.0,0.0,50.0,7.28,10.8,485.39,5,0.7044,225.0
EMP019,2026-01-09,0,40,0,0,0,386,9,9,9,0.0,0.0,0.0,0.0,0.0,0.0,0.0,0.0,0.0,0.0,0.0,0.0,0.0,0.0,0.0,0.0,5,0,0.0,1.0,0.0,50.0,7.28,10.8,485.39,5,0.7124,193.0
EMP019,2026-01-10,0,13,0,0,0,141,10,10,10,0.0,0.0,0.0,0.0,0.0,0.0,0.0,0.0,0.0,0.0,0.0,0.0,0.0,0.0,0.0,0.0,5,0,0.0,1.0,0.0,50.0,7.28,10.8,485.39,5,0.8014,70.5
EMP019,2026-01-11,0,0,0,0,0,0,11,11,11,0.0,0.0,0.0,0.0,0.0,0.0,0.0,0.0,0.0,0.0,0.0,0.0,0.0,0.0,0.0,100.0,0,5,0.0,1.0,0.0,50.0,7.28,10.8,485.39,0,0.0,0.0
EMP019,2026-01-12,0,53,0,0,0,437,12,12,12,0.0,0.0,0.0,0.0,0.0,0.0,0.0,0.0,0.0,0.0,0.0,0.0,0.0,0.0,0.0,0.0,5,0,0.0,1.0,0.0,50.0,7.28,10.8,485.39,5,0.7277,218.5
EMP019,2026-01-13,0,59,0,0,0,446,13,13,13,0.0,0.0,0.0,0.0,0.0,0.0,0.0,0.0,0.0,0.0,0.0,0.0,0.0,0.0,0.0,0.0,5,0,0.0,1.0,0.0,50.0,7.28,10.8,485.39,5,0.7422,223.0
EMP019,2026-01-14,0,42,0,0,0,339,14,14,14,0.0,0.0,0.0,0.0,0.0,0.0,0.0,0.0,0.0,0.0,0.0,0.0,0.0,0.0,0.0,0.0,5,0,0.0,1.0,0.0,50.0,7.28,10.8,485.39,5,0.7611,169.5
EMP019,2026-01-15,0,0,0,0,0,0,15,15,15,0.0,0.0,0.0,0.0,0.0,0.0,0.0,0.0,0.0,0.0,0.0,0.0,0.0,0.0,0.0,100.0,0,5,0.0,1.0,0.0,50.0,7.28,10.8,485.39,0,0.0,0.0
EMP019,2026-01-16,0,66,0,0,0,375,16,16,16,0.0,0.0,0.0,0.0,0.0,0.0,0.0,0.0,0.0,0.0,0.0,0.0,0.0,0.0,0.0,0.0,5,0,0.0,1.0,0.0,50.0,7.28,10.8,485.39,5,0.6747,187.5
EMP019,2026-01-17,0,24,0,0,0,136,17,17,17,0.0,0.0,0.0,0.0,0.0,0.0,0.0,0.0,0.0,0.0,0.0,0.0,0.0,0.0,0.0,0.0,5,0,0.0,1.0,0.0,50.0,7.28,10.8,485.39,5,0.6397,68.0
EMP019,2026-01-18,0,0,0,0,0,0,18,18,18,0.0,0.0,0.0,0.0,0.0,0.0,0.0,0.0,0.0,0.0,0.0,0.0,0.0,0.0,0.0,100.0,0,5,0.0,1.0,0.0,50.0,7.28,10.8,485.39,0,0.0,0.0
EMP019,2026-01-19,0,61,0,0,0,380,19,19,19,0.0,0.0,0.0,0.0,0.0,0.0,0.0,0.0,0.0,0.0,0.0,0.0,0.0,0.0,0.0,0.0,5,0,0.0,1.0,0.0,50.0,7.28,10.8,485.39,5,0.7184,190.0
EMP019,2026-01-20,0,67,0,0,0,467,20,20,20,0.0,0.0,0.0,0.0,0.0,0.0,0.0,0.0,0.0,0.0,0.0,0.0,0.0,0.0,0.0,0.0,5,0,0.0,1.0,0.0,50.0,7.28,10.8,485.39,5,0.7152,233.5
EMP019,2026-01-21,0,0,0,0,0,0,21,21,21,0.0,0.0,0.0,0.0,0.0,0.0,0.0,0.0,0.0,0.0,0.0,0.0,0.0,0.0,0.0,100.0,0,5,0.0,1.0,0.0,50.0,7.28,10.8,485.39,0,0.0,0.0
EMP019,2026-01-22,0,57,0,0,0,446,22,22,22,0.0,0.0,0.0,0.0,0.0,0.0,0.0,0.0,0.0,0.0,0.0,0.0,0.0,0.0,0.0,0.0,5,0,0.0,1.0,0.0,50.0,7.28,10.8,485.39,5,0.6816,223.0
EMP019,2026-01-23,0,43,0,0,0,362,23,23,23,0.0,0.0,0.0,0.0,0.0,0.0,0.0,0.0,0.0,0.0,0.0,0.0,0.0,0.0,0.0,0.0,5,0,0.0,1.0,0.0,50.0,7.28,10.8,485.39,5,0.7127,181.0
EMP019,2026-01-24,0,15,0,0,0,156,24,24,24,0.0,0.0,0.0,0.0,0.0,0.0,0.0,0.0,0.0,0.0,0.0,0.0,0.0,0.0,0.0,0.0,5,0,0.0,1.0,0.0,50.0,7.28,10.8,485.39,5,0.7821,78.0
EMP019,2026-01-25,0,0,0,0,0,0,25,25,25,0.0,0.0,0.0,0.0,0.0,0.0,0.0,0.0,0.0,0.0,0.0,0.0,0.0,0.0,0.0,100.0,0,5,0.0,1.0,0.0,50.0,7.28,10.8,485.39,0,0.0,0.0
EMP019,2026-01-26,0,0,0,0,0,0,26,26,26,0.0,0.0,0.0,0.0,0.0,0.0,0.0,0.0,0.0,0.0,0.0,0.0,0.0,0.0,0.0,100.0,0,5,0.0,1.0,0.0,50.0,7.28,10.8,485.39,0,0.0,0.0
EMP019,2026-01-27,0,78,0,0,0,457,27,27,27,0.0,0.0,0.0,0.0,0.0,0.0,0.0,0.0,0.0,0.0,0.0,0.0,0.0,0.0,0.0,0.0,5,0,0.0,1.0,0.0,50.0,7.28,10.8,485.39,5,0.6433,228.5
EMP019,2026-01-28,0,0,0,0,0,0,28,28,28,0.0,0.0,0.0,0.0,0.0,0.0,0.0,0.0,0.0,0.0,0.0,0.0,0.0,0.0,0.0,100.0,0,5,0.0,1.0,0.0,50.0,7.28,10.8,485.39,0,0.0,0.0
EMP019,2026-01-29,0,49,0,0,0,442,29,29,29,0.0,0.0,0.0,0.0,0.0,0.0,0.0,0.0,0.0,0.0,0.0,0.0,0.0,0.0,0.0,0.0,5,0,0.0,1.0,0.0,50.0,7.28,10.8,485.39,5,0.733,221.0
EMP019,2026-01-30,0,64,0,0,0,518,30,30,30,0.0,0.0,0.0,0.0,0.0,0.0,0.0,0.0,0.0,0.0,0.0,0.0,0.0,0.0,0.0,0.0,5,0,0.0,1.0,0.0,50.0,7.28,10.8,485.39,5,0.6931,259.0
EMP019,2026-01-31,0,26,0,0,0,157,31,31,31,0.0,0.0,0.0,0.0,0.0,0.0,0.0,0.0,0.0,0.0,0.0,0.0,0.0,0.0,0.0,0.0,5,0,0.0,1.0,0.0,50.0,7.28,10.8,485.39,5,0.6688,78.5
EMP019,2026-02-01,0,0,0,0,0,0,32,32,32,0.0,0.0,0.0,0.0,0.0,0.0,0.0,0.0,0.0,0.0,0.0,0.0,0.0,0.0,0.0,100.0,0,5,0.0,1.0,0.0,50.0,7.28,10.8,485.39,0,0.0,0.0
EMP019,2026-02-02,0,82,0,0,0,532,33,33,33,0.0,0.0,0.0,0.0,0.0,0.0,0.0,0.0,0.0,0.0,0.0,0.0,0.0,0.0,0.0,0.0,5,0,0.0,1.0,0.0,50.0,7.28,10.8,485.39,5,0.6861,266.0
EMP019,2026-02-03,0,0,0,0,0,0,34,34,34,0.0,0.0,0.0,0.0,0.0,0.0,0.0,0.0,0.0,0.0,0.0,0.0,0.0,0.0,0.0,100.0,0,5,0.0,1.0,0.0,50.0,7.28,10.8,485.39,0,0.0,0.0
EMP019,2026-02-04,0,34,0,0,0,323,35,35,35,0.0,0.0,0.0,0.0,0.0,0.0,0.0,0.0,0.0,0.0,0.0,0.0,0.0,0.0,0.0,0.0,5,0,0.0,1.0,0.0,50.0,7.28,10.8,485.39,5,0.7214,161.5
EMP019,2026-02-05,0,60,0,0,0,453,36,36,36,0.0,0.0,0.0,0.0,0.0,0.0,0.0,0.0,0.0,0.0,0.0,0.0,0.0,0.0,0.0,0.0,5,0,0.0,1.0,0.0,50.0,7.28,10.8,485.39,5,0.7616,226.5
EMP019,2026-02-06,0,42,0,0,0,368,37,37,37,0.0,0.0,0.0,0.0,0.0,0.0,0.0,0.0,0.0,0.0,0.0,0.0,0.0,0.0,0.0,0.0,5,0,0.0,1.0,0.0,50.0,7.28,10.8,485.39,5,0.7228,184.0
EMP019,2026-02-07,0,20,0,0,0,129,38,38,38,0.0,0.0,0.0,0.0,0.0,0.0,0.0,0.0,0.0,0.0,0.0,0.0,0.0,0.0,0.0,0.0,5,0,0.0,1.0,0.0,50.0,7.28,10.8,485.39,5,0.6667,64.5
EMP019,2026-02-08,0,0,0,0,0,0,39,39,39,0.0,0.0,0.0,0.0,0.0,0.0,0.0,0.0,0.0,0.0,0.0,0.0,0.0,0.0,0.0,100.0,0,5,0.0,1.0,0.0,50.0,7.28,10.8,485.39,0,0.0,0.0
EMP019,2026-02-09,0,35,0,0,0,396,40,40,40,0.0,0.0,0.0,0.0,0.0,0.0,0.0,0.0,0.0,0.0,0.0,0.0,0.0,0.0,0.0,0.0,5,0,0.0,1.0,0.0,50.0,7.28,10.8,485.39,5,0.8005,198.0
EMP019,2026-02-10,0,63,0,0,0,424,41,41,41,0.0,0.0,0.0,0.0,0.0,0.0,0.0,0.0,0.0,0.0,0.0,0.0,0.0,0.0,0.0,0.0,5,0,0.0,1.0,0.0,50.0,7.28,10.8,485.39,5,0.6698,212.0
EMP019,2026-02-11,0,55,0,0,0,382,42,42,42,0.0,0.0,0.0,0.0,0.0,0.0,0.0,0.0,0.0,0.0,0.0,0.0,0.0,0.0,0.0,0.0,5,0,0.0,1.0,0.0,50.0,7.28,10.8,485.39,5,0.6597,191.0
EMP019,2026-02-12,0,34,0,0,0,380,43,43,43,0.0,0.0,0.0,0.0,0.0,0.0,0.0,0.0,0.0,0.0,0.0,0.0,0.0,0.0,0.0,0.0,5,0,0.0,1.0,0.0,50.0,7.28,10.8,485.39,5,0.7158,190.0
EMP019,2026-02-13,0,2,0,0,0,18,44,44,44,0.0,0.0,0.0,0.0,0.0,0.0,0.0,0.0,0.0,0.0,0.0,0.0,0.0,0.0,0.0,20.0,4,1,0.0,1.0,0.0,50.0,7.28,10.8,485.39,4,0.7778,9.0
EMP019,2026-02-14,0,27,0,0,0,143,45,45,45,0.0,0.0,0.0,0.0,0.0,0.0,0.0,0.0,0.0,0.0,0.0,0.0,0.0,0.0,0.0,0.0,5,0,0.0,1.0,0.0,50.0,7.28,10.8,485.39,5,0.6503,71.5
EMP019,2026-02-15,0,0,0,0,0,0,46,46,46,0.0,0.0,0.0,0.0,0.0,0.0,0.0,0.0,0.0,0.0,0.0,0.0,0.0,0.0,0.0,100.0,0,5,0.0,1.0,0.0,50.0,7.28,10.8,485.39,0,0.0,0.0
EMP019,2026-02-16,0,58,0,0,0,395,47,47,47,0.0,0.0,0.0,0.0,0.0,0.0,0.0,0.0,0.0,0.0,0.0,0.0,0.0,0.0,0.0,0.0,5,0,0.0,1.0,0.0,50.0,7.28,10.8,485.39,5,0.6633,197.5
EMP019,2026-02-17,0,45,0,0,0,391,48,48,48,0.0,0.0,0.0,0.0,0.0,0.0,0.0,0.0,0.0,0.0,0.0,0.0,0.0,0.0,0.0,0.0,5,0,0.0,1.0,0.0,50.0,7.28,10.8,485.39,5,0.7417,195.5
EMP019,2026-02-18,0,47,0,0,0,404,49,49,49,0.0,0.0,0.0,0.0,0.0,0.0,0.0,0.0,0.0,0.0,0.0,0.0,0.0,0.0,0.0,0.0,5,0,0.0,1.0,0.0,50.0,7.28,10.8,485.39,5,0.7896,202.0
EMP019,2026-02-19,0,52,0,0,0,410,50,50,50,0.0,0.0,0.0,0.0,0.0,0.0,0.0,0.0,0.0,0.0,0.0,0.0,0.0,0.0,0.0,0.0,5,0,0.0,1.0,0.0,50.0,7.28,10.8,485.39,5,0.7268,205.0
EMP019,2026-02-20,0,68,0,0,0,488,51,51,51,0.0,0.0,0.0,0.0,0.0,0.0,0.0,0.0,0.0,0.0,0.0,0.0,0.0,0.0,0.0,0.0,5,0,0.0,1.0,0.0,50.0,7.28,10.8,485.39,5,0.7193,244.0
EMP019,2026-02-21,0,18,0,0,0,155,52,52,52,0.0,0.0,0.0,0.0,0.0,0.0,0.0,0.0,0.0,0.0,0.0,0.0,0.0,0.0,0.0,0.0,5,0,0.0,1.0,0.0,50.0,7.28,10.8,485.39,5,0.7097,77.5
EMP019,2026-02-22,0,0,0,0,0,0,53,53,53,0.0,0.0,0.0,0.0,0.0,0.0,0.0,0.0,0.0,0.0,0.0,0.0,0.0,0.0,0.0,100.0,0,5,0.0,1.0,0.0,50.0,7.28,10.8,485.39,0,0.0,0.0
EMP019,2026-02-23,0,78,0,0,0,398,54,54,54,0.0,0.0,0.0,0.0,0.0,0.0,0.0,0.0,0.0,0.0,0.0,0.0,0.0,0.0,0.0,0.0,5,0,0.0,1.0,0.0,50.0,7.28,10.8,485.39,5,0.6231,199.0
EMP019,2026-02-24,0,59,0,0,0,422,55,55,55,0.0,0.0,0.0,0.0,0.0,0.0,0.0,0.0,0.0,0.0,0.0,0.0,0.0,0.0,0.0,0.0,5,0,0.0,1.0,0.0,50.0,7.28,10.8,485.39,5,0.6896,211.0
EMP019,2026-02-25,0,51,0,0,0,303,56,56,56,0.0,0.0,0.0,0.0,0.0,0.0,0.0,0.0,0.0,0.0,0.0,0.0,0.0,0.0,0.0,0.0,5,0,0.0,1.0,0.0,50.0,7.28,10.8,485.39,5,0.7195,151.5
EMP019,2026-02-26,0,75,0,0,0,431,57,57,57,0.0,0.0,0.0,0.0,0.0,0.0,0.0,0.0,0.0,0.0,0.0,0.0,0.0,0.0,0.0,0.0,5,0,0.0,1.0,0.0,50.0,7.28,10.8,485.39,5,0.6613,215.5
EMP019,2026-02-27,0,73,0,0,0,438,58,58,58,0.0,0.0,0.0,0.0,0.0,0.0,0.0,0.0,0.0,0.0,0.0,0.0,0.0,0.0,0.0,0.0,5,0,0.0,1.0,0.0,50.0,7.28,10.8,485.39,5,0.7009,219.0
EMP019,2026-02-28,0,26,0,0,0,155,59,59,59,0.0,0.0,0.0,0.0,0.0,0.0,0.0,0.0,0.0,0.0,0.0,0.0,0.0,0.0,0.0,0.0,5,0,0.0,1.0,0.0,50.0,7.28,10.8,485.39,5,0.6645,77.5
EMP019,2026-03-01,0,0,0,0,0,0,60,60,60,0.0,0.0,0.0,0.0,0.0,0.0,0.0,0.0,0.0,0.0,0.0,0.0,0.0,0.0,0.0,100.0,0,5,0.0,1.0,0.0,50.0,7.28,10.8,485.39,0,0.0,0.0
EMP019,2026-03-02,0,0,0,0,0,0,61,61,61,0.0,0.0,0.0,0.0,0.0,0.0,0.0,0.0,0.0,0.0,0.0,0.0,0.0,0.0,0.0,100.0,0,5,0.0,1.0,0.0,50.0,7.28,10.8,485.39,0,0.0,0.0
EMP019,2026-03-03,0,51,0,0,0,509,62,62,62,0.0,0.0,0.0,0.0,0.0,0.0,0.0,0.0,0.0,0.0,0.0,0.0,0.0,0.0,0.0,0.0,5,0,0.0,1.0,0.0,50.0,7.28,10.8,485.39,5,0.721,254.5
EMP019,2026-03-04,0,52,0,0,0,331,63,63,63,0.0,0.0,0.0,0.0,0.0,0.0,0.0,0.0,0.0,0.0,0.0,0.0,0.0,0.0,0.0,0.0,5,0,0.0,1.0,0.0,50.0,7.28,10.8,485.39,5,0.719,165.5
EMP019,2026-03-05,0,44,0,0,0,323,64,64,64,0.0,0.0,0.0,0.0,0.0,0.0,0.0,0.0,0.0,0.0,0.0,0.0,0.0,0.0,0.0,0.0,5,0,0.0,1.0,0.0,50.0,7.28,10.8,485.39,5,0.6904,161.5
EMP019,2026-03-06,0,42,0,0,0,372,65,65,65,0.0,0.0,0.0,0.0,0.0,0.0,0.0,0.0,0.0,0.0,0.0,0.0,0.0,0.0,0.0,0.0,5,0,0.0,1.0,0.0,50.0,7.28,10.8,485.39,5,0.7043,186.0
EMP019,2026-03-07,0,25,0,0,0,133,66,66,66,0.0,0.0,0.0,0.0,0.0,0.0,0.0,0.0,0.0,0.0,0.0,0.0,0.0,0.0,0.0,0.0,5,0,0.0,1.0,0.0,50.0,7.28,10.8,485.39,5,0.6617,66.5
EMP019,2026-03-08,0,0,0,0,0,0,67,67,67,0.0,0.0,0.0,0.0,0.0,0.0,0.0,0.0,0.0,0.0,0.0,0.0,0.0,0.0,0.0,100.0,0,5,0.0,1.0,0.0,50.0,7.28,10.8,485.39,0,0.0,0.0
EMP019,2026-03-09,0,4,0,0,0,24,68,68,68,0.0,0.0,0.0,0.0,0.0,0.0,0.0,0.0,0.0,0.0,0.0,0.0,0.0,0.0,0.0,20.0,4,1,0.0,1.0,0.0,50.0,7.28,10.8,485.39,4,0.7083,12.0
EMP019,2026-03-10,0,47,0,0,0,452,69,69,69,0.0,0.0,0.0,0.0,0.0,0.0,0.0,0.0,0.0,0.0,0.0,0.0,0.0,0.0,0.0,0.0,5,0,0.0,1.0,0.0,50.0,7.28,10.8,485.39,5,0.7677,226.0
EMP019,2026-03-11,0,47,0,0,0,313,70,70,70,0.0,0.0,0.0,0.0,0.0,0.0,0.0,0.0,0.0,0.0,0.0,0.0,0.0,0.0,0.0,0.0,5,0,0.0,1.0,0.0,50.0,7.28,10.8,485.39,5,0.7316,156.5
EMP019,2026-03-12,0,34,0,0,0,196,71,71,71,0.0,0.0,0.0,0.0,0.0,0.0,0.0,0.0,0.0,0.0,0.0,0.0,0.0,0.0,0.0,0.0,5,0,0.0,1.0,0.0,50.0,7.28,10.8,485.39,5,0.6633,98.0
EMP019,2026-03-13,0,32,0,0,0,348,72,72,72,0.0,0.0,0.0,0.0,0.0,0.0,0.0,0.0,0.0,0.0,0.0,0.0,0.0,0.0,0.0,0.0,5,0,0.0,1.0,0.0,50.0,7.28,10.8,485.39,5,0.7098,174.0
EMP019,2026-03-14,0,21,0,0,0,143,73,73,73,0.0,0.0,0.0,0.0,0.0,0.0,0.0,0.0,0.0,0.0,0.0,0.0,0.0,0.0,0.0,0.0,5,0,0.0,1.0,0.0,50.0,7.28,10.8,485.39,5,0.6923,71.5
EMP019,2026-03-15,0,0,0,0,0,0,74,74,74,0.0,0.0,0.0,0.0,0.0,0.0,0.0,0.0,0.0,0.0,0.0,0.0,0.0,0.0,0.0,100.0,0,5,0.0,1.0,0.0,50.0,7.28,10.8,485.39,0,0.0,0.0
EMP019,2026-03-16,0,60,0,0,0,345,75,75,75,0.0,0.0,0.0,0.0,0.0,0.0,0.0,0.0,0.0,0.0,0.0,0.0,0.0,0.0,0.0,0.0,5,0,0.0,1.0,0.0,50.0,7.28,10.8,485.39,5,0.6377,172.5
EMP019,2026-03-17,0,66,0,0,0,475,76,76,76,0.0,0.0,0.0,0.0,0.0,0.0,0.0,0.0,0.0,0.0,0.0,0.0,0.0,0.0,0.0,0.0,5,0,0.0,1.0,0.0,50.0,7.28,10.8,485.39,5,0.7368,237.5
EMP019,2026-03-18,0,20,0,0,0,190,77,77,77,0.0,0.0,0.0,0.0,0.0,0.0,0.0,0.0,0.0,0.0,0.0,0.0,0.0,0.0,0.0,0.0,5,0,0.0,1.0,0.0,50.0,7.28,10.8,485.39,5,0.7421,95.0
EMP019,2026-03-19,0,43,0,0,0,365,78,78,78,0.0,0.0,0.0,0.0,0.0,0.0,0.0,0.0,0.0,0.0,0.0,0.0,0.0,0.0,0.0,0.0,5,0,0.0,1.0,0.0,50.0,7.28,10.8,485.39,5,0.7041,182.5
EMP019,2026-03-20,0,39,0,0,0,376,79,79,79,0.0,0.0,0.0,0.0,0.0,0.0,0.0,0.0,0.0,0.0,0.0,0.0,0.0,0.0,0.0,0.0,5,0,0.0,1.0,0.0,50.0,7.28,10.8,485.39,5,0.7447,188.0
EMP019,2026-03-21,0,13,0,0,0,138,80,80,80,0.0,0.0,0.0,0.0,0.0,0.0,0.0,0.0,0.0,0.0,0.0,0.0,0.0,0.0,0.0,0.0,5,0,0.0,1.0,0.0,50.0,7.28,10.8,485.39,5,0.7971,69.0
EMP019,2026-03-22,0,0,0,0,0,0,81,81,81,0.0,0.0,0.0,0.0,0.0,0.0,0.0,0.0,0.0,0.0,0.0,0.0,0.0,0.0,0.0,100.0,0,5,0.0,1.0,0.0,50.0,7.28,10.8,485.39,0,0.0,0.0
EMP019,2026-03-23,0,52,0,0,0,419,82,82,82,0.0,0.0,0.0,0.0,0.0,0.0,0.0,0.0,0.0,0.0,0.0,0.0,0.0,0.0,0.0,0.0,5,0,0.0,1.0,0.0,50.0,7.28,10.8,485.39,5,0.7232,209.5
EMP019,2026-03-24,0,51,0,0,0,346,83,83,83,0.0,0.0,0.0,0.0,0.0,0.0,0.0,0.0,0.0,0.0,0.0,0.0,0.0,0.0,0.0,0.0,5,0,0.0,1.0,0.0,50.0,7.28,10.8,485.39,5,0.6821,173.0
EMP019,2026-03-25,0,61,0,0,0,524,84,84,84,0.0,0.0,0.0,0.0,0.0,0.0,0.0,0.0,0.0,0.0,0.0,0.0,0.0,0.0,0.0,0.0,5,0,0.0,1.0,0.0,50.0,7.28,10.8,485.39,5,0.7366,262.0
EMP019,2026-03-26,0,66,0,0,0,462,85,85,85,0.0,0.0,0.0,0.0,0.0,0.0,0.0,0.0,0.0,0.0,0.0,0.0,0.0,0.0,0.0,0.0,5,0,0.0,1.0,0.0,50.0,7.28,10.8,485.39,5,0.7468,231.0
EMP019,2026-03-27,0,47,0,0,0,263,86,86,86,0.0,0.0,0.0,0.0,0.0,0.0,0.0,0.0,0.0,0.0,0.0,0.0,0.0,0.0,0.0,0.0,5,0,0.0,1.0,0.0,50.0,7.28,10.8,485.39,5,0.6882,131.5
EMP019,2026-03-28,0,18,0,0,0,179,87,87,87,0.0,0.0,0.0,0.0,0.0,0.0,0.0,0.0,0.0,0.0,0.0,0.0,0.0,0.0,0.0,0.0,5,0,0.0,1.0,0.0,50.0,7.28,10.8,485.39,5,0.7654,89.5
EMP019,2026-03-29,0,0,0,0,0,0,88,88,88,0.0,0.0,0.0,0.0,0.0,0.0,0.0,0.0,0.0,0.0,0.0,0.0,0.0,0.0,0.0,100.0,0,5,0.0,1.0,0.0,50.0,7.28,10.8,485.39,0,0.0,0.0
EMP019,2026-03-30,0,95,0,0,0,511,89,89,89,0.0,0.0,0.0,0.0,0.0,0.0,0.0,0.0,0.0,0.0,0.0,0.0,0.0,0.0,0.0,0.0,5,0,0.0,1.0,0.0,50.0,7.28,10.8,485.39,5,0.6497,255.5
EMP019,2026-03-31,0,84,0,0,0,482,90,90,90,0.0,0.0,0.0,0.0,0.0,0.0,0.0,0.0,0.0,0.0,0.0,0.0,0.0,0.0,0.0,0.0,5,0,0.0,1.0,0.0,50.0,7.28,10.8,485.39,5,0.666,241.0
EMP020,2026-01-01,0,0,0,0,0,0,1,1,1,0.0,0.0,0.0,0.0,0.0,0.0,0.0,0.0,0.0,0.0,0.0,0.0,0.0,0.0,0.0,100.0,0,5,0.0,1.0,0.0,0.0,6.85,12.57,579.55,0,0.0,0.0
EMP020,2026-01-02,0,81,0,0,0,610,2,2,2,0.0,0.0,0.0,0.0,0.0,0.0,0.0,0.0,0.0,0.0,0.0,0.0,0.0,0.0,0.0,0.0,5,0,0.0,1.0,0.0,0.0,6.85,12.57,579.55,5,0.6672,305.0
EMP020,2026-01-03,0,22,0,0,0,240,3,3,3,0.0,0.0,0.0,0.0,0.0,0.0,0.0,0.0,0.0,0.0,0.0,0.0,0.0,0.0,0.0,0.0,5,0,0.0,1.0,0.0,0.0,6.85,12.57,579.55,5,0.775,120.0
EMP020,2026-01-04,0,0,0,0,0,0,4,4,4,0.0,0.0,0.0,0.0,0.0,0.0,0.0,0.0,0.0,0.0,0.0,0.0,0.0,0.0,0.0,100.0,0,5,0.0,1.0,0.0,0.0,6.85,12.57,579.55,0,0.0,0.0
EMP020,2026-01-05,0,72,0,0,0,444,5,5,5,0.0,0.0,0.0,0.0,0.0,0.0,0.0,0.0,0.0,0.0,0.0,0.0,0.0,0.0,0.0,0.0,5,0,0.0,1.0,0.0,0.0,6.85,12.57,579.55,5,0.5811,222.0
EMP020,2026-01-06,0,63,0,0,0,541,6,6,6,0.0,0.0,0.0,0.0,0.0,0.0,0.0,0.0,0.0,0.0,0.0,0.0,0.0,0.0,0.0,0.0,5,0,0.0,1.0,0.0,0.0,6.85,12.57,579.55,5,0.7468,270.5
EMP020,2026-01-07,0,51,0,0,0,479,7,7,7,0.0,0.0,0.0,0.0,0.0,0.0,0.0,0.0,0.0,0.0,0.0,0.0,0.0,0.0,0.0,0.0,5,0,0.0,1.0,0.0,0.0,6.85,12.57,579.55,5,0.7495,239.5
EMP020,2026-01-08,0,76,0,0,0,505,8,8,8,0.0,0.0,0.0,0.0,0.0,0.0,0.0,0.0,0.0,0.0,0.0,0.0,0.0,0.0,0.0,0.0,5,0,0.0,1.0,0.0,0.0,6.85,12.57,579.55,5,0.7129,252.5
EMP020,2026-01-09,0,46,0,0,0,553,9,9,9,0.0,0.0,0.0,0.0,0.0,0.0,0.0,0.0,0.0,0.0,0.0,0.0,0.0,0.0,0.0,0.0,5,0,0.0,1.0,0.0,0.0,6.85,12.57,579.55,5,0.7089,276.5
EMP020,2026-01-10,0,20,0,0,0,186,10,10,10,0.0,0.0,0.0,0.0,0.0,0.0,0.0,0.0,0.0,0.0,0.0,0.0,0.0,0.0,0.0,0.0,5,0,0.0,1.0,0.0,0.0,6.85,12.57,579.55,5,0.7634,93.0
EMP020,2026-01-11,0,0,0,0,0,0,11,11,11,0.0,0.0,0.0,0.0,0.0,0.0,0.0,0.0,0.0,0.0,0.0,0.0,0.0,0.0,0.0,100.0,0,5,0.0,1.0,0.0,0.0,6.85,12.57,579.55,0,0.0,0.0
EMP020,2026-01-12,0,68,0,0,0,549,12,12,12,0.0,0.0,0.0,0.0,0.0,0.0,0.0,0.0,0.0,0.0,0.0,0.0,0.0,0.0,0.0,0.0,5,0,0.0,1.0,0.0,0.0,6.85,12.57,579.55,5,0.7231,274.5
EMP020,2026-01-13,0,0,0,0,0,0,13,13,13,0.0,0.0,0.0,0.0,0.0,0.0,0.0,0.0,0.0,0.0,0.0,0.0,0.0,0.0,0.0,100.0,0,5,0.0,1.0,0.0,0.0,6.85,12.57,579.55,0,0.0,0.0
EMP020,2026-01-14,0,41,0,0,0,421,14,14,14,0.0,0.0,0.0,0.0,0.0,0.0,0.0,0.0,0.0,0.0,0.0,0.0,0.0,0.0,0.0,0.0,5,0,0.0,1.0,0.0,0.0,6.85,12.57,579.55,5,0.7601,210.5
EMP020,2026-01-15,0,52,0,0,0,573,15,15,15,0.0,0.0,0.0,0.0,0.0,0.0,0.0,0.0,0.0,0.0,0.0,0.0,0.0,0.0,0.0,0.0,5,0,0.0,1.0,0.0,0.0,6.85,12.57,579.55,5,0.6998,286.5
EMP020,2026-01-16,0,98,0,0,0,585,16,16,16,0.0,0.0,0.0,0.0,0.0,0.0,0.0,0.0,0.0,0.0,0.0,0.0,0.0,0.0,0.0,0.0,5,0,0.0,1.0,0.0,0.0,6.85,12.57,579.55,5,0.6547,292.5
EMP020,2026-01-17,0,26,0,0,0,182,17,17,17,0.0,0.0,0.0,0.0,0.0,0.0,0.0,0.0,0.0,0.0,0.0,0.0,0.0,0.0,0.0,0.0,5,0,0.0,1.0,0.0,0.0,6.85,12.57,579.55,5,0.6923,91.0
EMP020,2026-01-18,0,0,0,0,0,0,18,18,18,0.0,0.0,0.0,0.0,0.0,0.0,0.0,0.0,0.0,0.0,0.0,0.0,0.0,0.0,0.0,100.0,0,5,0.0,1.0,0.0,0.0,6.85,12.57,579.55,0,0.0,0.0
EMP020,2026-01-19,0,75,0,0,0,539,19,19,19,0.0,0.0,0.0,0.0,0.0,0.0,0.0,0.0,0.0,0.0,0.0,0.0,0.0,0.0,0.0,0.0,5,0,0.0,1.0,0.0,0.0,6.85,12.57,579.55,5,0.6623,269.5
EMP020,2026-01-20,0,76,0,0,0,582,20,20,20,0.0,0.0,0.0,0.0,0.0,0.0,0.0,0.0,0.0,0.0,0.0,0.0,0.0,0.0,0.0,0.0,5,0,0.0,1.0,0.0,0.0,6.85,12.57,579.55,5,0.744,291.0
EMP020,2026-01-21,0,67,0,0,0,417,21,21,21,0.0,0.0,0.0,0.0,0.0,0.0,0.0,0.0,0.0,0.0,0.0,0.0,0.0,0.0,0.0,0.0,5,0,0.0,1.0,0.0,0.0,6.85,12.57,579.55,5,0.6715,208.5
EMP020,2026-01-22,0,5,0,0,0,45,22,22,22,0.0,0.0,0.0,0.0,0.0,0.0,0.0,0.0,0.0,0.0,0.0,0.0,0.0,0.0,0.0,0.0,5,0,0.0,1.0,0.0,0.0,6.85,12.57,579.55,5,0.7111,22.5
EMP020,2026-01-23,0,89,0,0,0,597,23,23,23,0.0,0.0,0.0,0.0,0.0,0.0,0.0,0.0,0.0,0.0,0.0,0.0,0.0,0.0,0.0,0.0,5,0,0.0,1.0,0.0,0.0,6.85,12.57,579.55,5,0.6683,298.5
EMP020,2026-01-24,0,8,0,0,0,76,24,24,24,0.0,0.0,0.0,0.0,0.0,0.0,0.0,0.0,0.0,0.0,0.0,0.0,0.0,0.0,0.0,0.0,5,0,0.0,1.0,0.0,0.0,6.85,12.57,579.55,5,0.7632,38.0
EMP020,2026-01-25,0,0,0,0,0,0,25,25,25,0.0,0.0,0.0,0.0,0.0,0.0,0.0,0.0,0.0,0.0,0.0,0.0,0.0,0.0,0.0,100.0,0,5,0.0,1.0,0.0,0.0,6.85,12.57,579.55,0,0.0,0.0
EMP020,2026-01-26,0,0,0,0,0,0,26,26,26,0.0,0.0,0.0,0.0,0.0,0.0,0.0,0.0,0.0,0.0,0.0,0.0,0.0,0.0,0.0,100.0,0,5,0.0,1.0,0.0,0.0,6.85,12.57,579.55,0,0.0,0.0
EMP020,2026-01-27,0,74,0,0,0,642,27,27,27,0.0,0.0,0.0,0.0,0.0,0.0,0.0,0.0,0.0,0.0,0.0,0.0,0.0,0.0,0.0,0.0,5,0,0.0,1.0,0.0,0.0,6.85,12.57,579.55,5,0.7555,321.0
EMP020,2026-01-28,0,86,0,0,0,489,28,28,28,0.0,0.0,0.0,0.0,0.0,0.0,0.0,0.0,0.0,0.0,0.0,0.0,0.0,0.0,0.0,0.0,5,0,0.0,1.0,0.0,0.0,6.85,12.57,579.55,5,0.6299,244.5
EMP020,2026-01-29,0,80,0,0,0,623,29,29,29,0.0,0.0,0.0,0.0,0.0,0.0,0.0,0.0,0.0,0.0,0.0,0.0,0.0,0.0,0.0,0.0,5,0,0.0,1.0,0.0,0.0,6.85,12.57,579.55,5,0.6726,311.5
EMP020,2026-01-30,0,112,0,0,0,703,30,30,30,0.0,0.0,0.0,0.0,0.0,0.0,0.0,0.0,0.0,0.0,0.0,0.0,0.0,0.0,0.0,0.0,5,0,0.0,1.0,0.0,0.0,6.85,12.57,579.55,5,0.7425,351.5
EMP020,2026-01-31,0,21,0,0,0,196,31,31,31,0.0,0.0,0.0,0.0,0.0,0.0,0.0,0.0,0.0,0.0,0.0,0.0,0.0,0.0,0.0,0.0,5,0,0.0,1.0,0.0,0.0,6.85,12.57,579.55,5,0.75,98.0
EMP020,2026-02-01,0,0,0,0,0,0,32,32,32,0.0,0.0,0.0,0.0,0.0,0.0,0.0,0.0,0.0,0.0,0.0,0.0,0.0,0.0,0.0,100.0,0,5,0.0,1.0,0.0,0.0,6.85,12.57,579.55,0,0.0,0.0
EMP020,2026-02-02,0,103,0,0,0,655,33,33,33,0.0,0.0,0.0,0.0,0.0,0.0,0.0,0.0,0.0,0.0,0.0,0.0,0.0,0.0,0.0,0.0,5,0,0.0,1.0,0.0,0.0,6.85,12.57,579.55,5,0.7084,327.5
EMP020,2026-02-03,0,61,0,0,0,728,34,34,34,0.0,0.0,0.0,0.0,0.0,0.0,0.0,0.0,0.0,0.0,0.0,0.0,0.0,0.0,0.0,0.0,5,0,0.0,1.0,0.0,0.0,6.85,12.57,579.55,5,0.7225,364.0
EMP020,2026-02-04,0,72,0,0,0,546,35,35,35,0.0,0.0,0.0,0.0,0.0,0.0,0.0,0.0,0.0,0.0,0.0,0.0,0.0,0.0,0.0,0.0,5,0,0.0,1.0,0.0,0.0,6.85,12.57,579.55,5,0.7198,273.0
EMP020,2026-02-05,0,90,0,0,0,625,36,36,36,0.0,0.0,0.0,0.0,0.0,0.0,0.0,0.0,0.0,0.0,0.0,0.0,0.0,0.0,0.0,0.0,5,0,0.0,1.0,0.0,0.0,6.85,12.57,579.55,5,0.7296,312.5
EMP020,2026-02-06,0,82,0,0,0,612,37,37,37,0.0,0.0,0.0,0.0,0.0,0.0,0.0,0.0,0.0,0.0,0.0,0.0,0.0,0.0,0.0,0.0,5,0,0.0,1.0,0.0,0.0,6.85,12.57,579.55,5,0.7157,306.0
EMP020,2026-02-07,0,21,0,0,0,170,38,38,38,0.0,0.0,0.0,0.0,0.0,0.0,0.0,0.0,0.0,0.0,0.0,0.0,0.0,0.0,0.0,0.0,5,0,0.0,1.0,0.0,0.0,6.85,12.57,579.55,5,0.7235,85.0
EMP020,2026-02-08,0,0,0,0,0,0,39,39,39,0.0,0.0,0.0,0.0,0.0,0.0,0.0,0.0,0.0,0.0,0.0,0.0,0.0,0.0,0.0,100.0,0,5,0.0,1.0,0.0,0.0,6.85,12.57,579.55,0,0.0,0.0
EMP020,2026-02-09,0,101,0,0,0,553,40,40,40,0.0,0.0,0.0,0.0,0.0,0.0,0.0,0.0,0.0,0.0,0.0,0.0,0.0,0.0,0.0,0.0,5,0,0.0,1.0,0.0,0.0,6.85,12.57,579.55,5,0.6835,276.5
EMP020,2026-02-10,0,93,0,0,0,597,41,41,41,0.0,0.0,0.0,0.0,0.0,0.0,0.0,0.0,0.0,0.0,0.0,0.0,0.0,0.0,0.0,0.0,5,0,0.0,1.0,0.0,0.0,6.85,12.57,579.55,5,0.7404,298.5
EMP020,2026-02-11,0,75,0,0,0,549,42,42,42,0.0,0.0,0.0,0.0,0.0,0.0,0.0,0.0,0.0,0.0,0.0,0.0,0.0,0.0,0.0,0.0,5,0,0.0,1.0,0.0,0.0,6.85,12.57,579.55,5,0.7304,274.5
EMP020,2026-02-12,0,50,0,0,0,485,43,43,43,0.0,0.0,0.0,0.0,0.0,0.0,0.0,0.0,0.0,0.0,0.0,0.0,0.0,0.0,0.0,0.0,5,0,0.0,1.0,0.0,0.0,6.85,12.57,579.55,5,0.7691,242.5
EMP020,2026-02-13,0,66,0,0,0,503,44,44,44,0.0,0.0,0.0,0.0,0.0,0.0,0.0,0.0,0.0,0.0,0.0,0.0,0.0,0.0,0.0,0.0,5,0,0.0,1.0,0.0,0.0,6.85,12.57,579.55,5,0.7058,251.5
EMP020,2026-02-14,0,21,0,0,0,205,45,45,45,0.0,0.0,0.0,0.0,0.0,0.0,0.0,0.0,0.0,0.0,0.0,0.0,0.0,0.0,0.0,0.0,5,0,0.0,1.0,0.0,0.0,6.85,12.57,579.55,5,0.7659,102.5
EMP020,2026-02-15,0,0,0,0,0,0,46,46,46,0.0,0.0,0.0,0.0,0.0,0.0,0.0,0.0,0.0,0.0,0.0,0.0,0.0,0.0,0.0,100.0,0,5,0.0,1.0,0.0,0.0,6.85,12.57,579.55,0,0.0,0.0
EMP020,2026-02-16,0,73,0,0,0,548,47,47,47,0.0,0.0,0.0,0.0,0.0,0.0,0.0,0.0,0.0,0.0,0.0,0.0,0.0,0.0,0.0,0.0,5,0,0.0,1.0,0.0,0.0,6.85,12.57,579.55,5,0.6934,274.0
EMP020,2026-02-17,0,84,0,0,0,691,48,48,48,0.0,0.0,0.0,0.0,0.0,0.0,0.0,0.0,0.0,0.0,0.0,0.0,0.0,0.0,0.0,0.0,5,0,0.0,1.0,0.0,0.0,6.85,12.57,579.55,5,0.7395,345.5
EMP020,2026-02-18,0,46,0,0,0,501,49,49,49,0.0,0.0,0.0,0.0,0.0,0.0,0.0,0.0,0.0,0.0,0.0,0.0,0.0,0.0,0.0,0.0,5,0,0.0,1.0,0.0,0.0,6.85,12.57,579.55,5,0.6926,250.5
EMP020,2026-02-19,0,57,0,0,0,512,50,50,50,0.0,0.0,0.0,0.0,0.0,0.0,0.0,0.0,0.0,0.0,0.0,0.0,0.0,0.0,0.0,0.0,5,0,0.0,1.0,0.0,0.0,6.85,12.57,579.55,5,0.75,256.0
EMP020,2026-02-20,0,59,0,0,0,607,51,51,51,0.0,0.0,0.0,0.0,0.0,0.0,0.0,0.0,0.0,0.0,0.0,0.0,0.0,0.0,0.0,0.0,5,0,0.0,1.0,0.0,0.0,6.85,12.57,579.55,5,0.7743,303.5
EMP020,2026-02-21,0,25,0,0,0,224,52,52,52,0.0,0.0,0.0,0.0,0.0,0.0,0.0,0.0,0.0,0.0,0.0,0.0,0.0,0.0,0.0,0.0,5,0,0.0,1.0,0.0,0.0,6.85,12.57,579.55,5,0.7098,112.0
EMP020,2026-02-22,0,0,0,0,0,0,53,53,53,0.0,0.0,0.0,0.0,0.0,0.0,0.0,0.0,0.0,0.0,0.0,0.0,0.0,0.0,0.0,100.0,0,5,0.0,1.0,0.0,0.0,6.85,12.57,579.55,0,0.0,0.0
EMP020,2026-02-23,0,94,0,0,0,620,54,54,54,0.0,0.0,0.0,0.0,0.0,0.0,0.0,0.0,0.0,0.0,0.0,0.0,0.0,0.0,0.0,0.0,5,0,0.0,1.0,0.0,0.0,6.85,12.57,579.55,5,0.6871,310.0
EMP020,2026-02-24,0,64,0,0,0,600,55,55,55,0.0,0.0,0.0,0.0,0.0,0.0,0.0,0.0,0.0,0.0,0.0,0.0,0.0,0.0,0.0,0.0,5,0,0.0,1.0,0.0,0.0,6.85,12.57,579.55,5,0.7033,300.0
EMP020,2026-02-25,0,47,0,0,0,489,56,56,56,0.0,0.0,0.0,0.0,0.0,0.0,0.0,0.0,0.0,0.0,0.0,0.0,0.0,0.0,0.0,0.0,5,0,0.0,1.0,0.0,0.0,6.85,12.57,579.55,5,0.7914,244.5
EMP020,2026-02-26,0,87,0,0,0,571,57,57,57,0.0,0.0,0.0,0.0,0.0,0.0,0.0,0.0,0.0,0.0,0.0,0.0,0.0,0.0,0.0,0.0,5,0,0.0,1.0,0.0,0.0,6.85,12.57,579.55,5,0.718,285.5
EMP020,2026-02-27,0,84,0,0,0,765,58,58,58,0.0,0.0,0.0,0.0,0.0,0.0,0.0,0.0,0.0,0.0,0.0,0.0,0.0,0.0,0.0,0.0,5,0,0.0,1.0,0.0,0.0,6.85,12.57,579.55,5,0.7386,382.5
EMP020,2026-02-28,0,23,0,0,0,228,59,59,59,0.0,0.0,0.0,0.0,0.0,0.0,0.0,0.0,0.0,0.0,0.0,0.0,0.0,0.0,0.0,0.0,5,0,0.0,1.0,0.0,0.0,6.85,12.57,579.55,5,0.7588,114.0
EMP020,2026-03-01,0,0,0,0,0,0,60,60,60,0.0,0.0,0.0,0.0,0.0,0.0,0.0,0.0,0.0,0.0,0.0,0.0,0.0,0.0,0.0,100.0,0,5,0.0,1.0,0.0,0.0,6.85,12.57,579.55,0,0.0,0.0
EMP020,2026-03-02,0,0,0,0,0,0,61,61,61,0.0,0.0,0.0,0.0,0.0,0.0,0.0,0.0,0.0,0.0,0.0,0.0,0.0,0.0,0.0,100.0,0,5,0.0,1.0,0.0,0.0,6.85,12.57,579.55,0,0.0,0.0
EMP020,2026-03-03,0,65,0,0,0,541,62,62,62,0.0,0.0,0.0,0.0,0.0,0.0,0.0,0.0,0.0,0.0,0.0,0.0,0.0,0.0,0.0,0.0,5,0,0.0,1.0,0.0,0.0,6.85,12.57,579.55,5,0.7227,270.5
EMP020,2026-03-04,0,79,0,0,0,553,63,63,63,0.0,0.0,0.0,0.0,0.0,0.0,0.0,0.0,0.0,0.0,0.0,0.0,0.0,0.0,0.0,0.0,5,0,0.0,1.0,0.0,0.0,6.85,12.57,579.55,5,0.7052,276.5
EMP020,2026-03-05,0,47,0,0,0,455,64,64,64,0.0,0.0,0.0,0.0,0.0,0.0,0.0,0.0,0.0,0.0,0.0,0.0,0.0,0.0,0.0,0.0,5,0,0.0,1.0,0.0,0.0,6.85,12.57,579.55,5,0.6967,227.5
EMP020,2026-03-06,0,104,0,0,0,586,65,65,65,0.0,0.0,0.0,0.0,0.0,0.0,0.0,0.0,0.0,0.0,0.0,0.0,0.0,0.0,0.0,0.0,5,0,0.0,1.0,0.0,0.0,6.85,12.57,579.55,5,0.7116,293.0
EMP020,2026-03-07,0,29,0,0,0,199,66,66,66,0.0,0.0,0.0,0.0,0.0,0.0,0.0,0.0,0.0,0.0,0.0,0.0,0.0,0.0,0.0,0.0,5,0,0.0,1.0,0.0,0.0,6.85,12.57,579.55,5,0.6533,99.5
EMP020,2026-03-08,0,0,0,0,0,0,67,67,67,0.0,0.0,0.0,0.0,0.0,0.0,0.0,0.0,0.0,0.0,0.0,0.0,0.0,0.0,0.0,100.0,0,5,0.0,1.0,0.0,0.0,6.85,12.57,579.55,0,0.0,0.0
EMP020,2026-03-09,0,53,0,0,0,602,68,68,68,0.0,0.0,0.0,0.0,0.0,0.0,0.0,0.0,0.0,0.0,0.0,0.0,0.0,0.0,0.0,0.0,5,0,0.0,1.0,0.0,0.0,6.85,12.57,579.55,5,0.7442,301.0
EMP020,2026-03-10,0,79,0,0,0,600,69,69,69,0.0,0.0,0.0,0.0,0.0,0.0,0.0,0.0,0.0,0.0,0.0,0.0,0.0,0.0,0.0,0.0,5,0,0.0,1.0,0.0,0.0,6.85,12.57,579.55,5,0.655,300.0
EMP020,2026-03-11,0,95,0,0,0,527,70,70,70,0.0,0.0,0.0,0.0,0.0,0.0,0.0,0.0,0.0,0.0,0.0,0.0,0.0,0.0,0.0,0.0,5,0,0.0,1.0,0.0,0.0,6.85,12.57,579.55,5,0.6641,263.5
EMP020,2026-03-12,0,86,0,0,0,552,71,71,71,0.0,0.0,0.0,0.0,0.0,0.0,0.0,0.0,0.0,0.0,0.0,0.0,0.0,0.0,0.0,0.0,5,0,0.0,1.0,0.0,0.0,6.85,12.57,579.55,5,0.6649,276.0
EMP020,2026-03-13,0,64,0,0,0,519,72,72,72,0.0,0.0,0.0,0.0,0.0,0.0,0.0,0.0,0.0,0.0,0.0,0.0,0.0,0.0,0.0,0.0,5,0,0.0,1.0,0.0,0.0,6.85,12.57,579.55,5,0.6936,259.5
EMP020,2026-03-14,0,23,0,0,0,221,73,73,73,0.0,0.0,0.0,0.0,0.0,0.0,0.0,0.0,0.0,0.0,0.0,0.0,0.0,0.0,0.0,0.0,5,0,0.0,1.0,0.0,0.0,6.85,12.57,579.55,5,0.7647,110.5
EMP020,2026-03-15,0,0,0,0,0,0,74,74,74,0.0,0.0,0.0,0.0,0.0,0.0,0.0,0.0,0.0,0.0,0.0,0.0,0.0,0.0,0.0,100.0,0,5,0.0,1.0,0.0,0.0,6.85,12.57,579.55,0,0.0,0.0
EMP020,2026-03-16,0,52,0,0,0,530,75,75,75,0.0,0.0,0.0,0.0,0.0,0.0,0.0,0.0,0.0,0.0,0.0,0.0,0.0,0.0,0.0,0.0,5,0,0.0,1.0,0.0,0.0,6.85,12.57,579.55,5,0.7774,265.0
EMP020,2026-03-17,0,34,0,0,0,394,76,76,76,0.0,0.0,0.0,0.0,0.0,0.0,0.0,0.0,0.0,0.0,0.0,0.0,0.0,0.0,0.0,0.0,5,0,0.0,1.0,0.0,0.0,6.85,12.57,579.55,5,0.7563,197.0
EMP020,2026-03-18,0,71,0,0,0,516,77,77,77,0.0,0.0,0.0,0.0,0.0,0.0,0.0,0.0,0.0,0.0,0.0,0.0,0.0,0.0,0.0,0.0,5,0,0.0,1.0,0.0,0.0,6.85,12.57,579.55,5,0.7209,258.0
EMP020,2026-03-19,0,48,0,0,0,535,78,78,78,0.0,0.0,0.0,0.0,0.0,0.0,0.0,0.0,0.0,0.0,0.0,0.0,0.0,0.0,0.0,0.0,5,0,0.0,1.0,0.0,0.0,6.85,12.57,579.55,5,0.757,267.5
EMP020,2026-03-20,0,54,0,0,0,482,79,79,79,0.0,0.0,0.0,0.0,0.0,0.0,0.0,0.0,0.0,0.0,0.0,0.0,0.0,0.0,0.0,0.0,5,0,0.0,1.0,0.0,0.0,6.85,12.57,579.55,5,0.7282,241.0
EMP020,2026-03-21,0,0,0,0,0,4,80,80,80,0.0,0.0,0.0,0.0,0.0,0.0,0.0,0.0,0.0,0.0,0.0,0.0,0.0,0.0,0.0,80.0,1,4,0.0,1.0,0.0,0.0,6.85,12.57,579.55,1,1.0,2.0
EMP020,2026-03-22,0,0,0,0,0,0,81,81,81,0.0,0.0,0.0,0.0,0.0,0.0,0.0,0.0,0.0,0.0,0.0,0.0,0.0,0.0,0.0,100.0,0,5,0.0,1.0,0.0,0.0,6.85,12.57,579.55,0,0.0,0.0
EMP020,2026-03-23,0,82,0,0,0,573,82,82,82,0.0,0.0,0.0,0.0,0.0,0.0,0.0,0.0,0.0,0.0,0.0,0.0,0.0,0.0,0.0,0.0,5,0,0.0,1.0,0.0,0.0,6.85,12.57,579.55,5,0.6789,286.5
EMP020,2026-03-24,0,80,0,0,0,504,83,83,83,0.0,0.0,0.0,0.0,0.0,0.0,0.0,0.0,0.0,0.0,0.0,0.0,0.0,0.0,0.0,0.0,5,0,0.0,1.0,0.0,0.0,6.85,12.57,579.55,5,0.6647,252.0
EMP020,2026-03-25,0,94,0,0,0,677,84,84,84,0.0,0.0,0.0,0.0,0.0,0.0,0.0,0.0,0.0,0.0,0.0,0.0,0.0,0.0,0.0,0.0,5,0,0.0,1.0,0.0,0.0,6.85,12.57,579.55,5,0.678,338.5
EMP020,2026-03-26,0,92,0,0,0,726,85,85,85,0.0,0.0,0.0,0.0,0.0,0.0,0.0,0.0,0.0,0.0,0.0,0.0,0.0,0.0,0.0,0.0,5,0,0.0,1.0,0.0,0.0,6.85,12.57,579.55,5,0.77,363.0
EMP020,2026-03-27,0,40,0,0,0,293,86,86,86,0.0,0.0,0.0,0.0,0.0,0.0,0.0,0.0,0.0,0.0,0.0,0.0,0.0,0.0,0.0,0.0,5,0,0.0,1.0,0.0,0.0,6.85,12.57,579.55,5,0.686,146.5
EMP020,2026-03-28,0,35,0,0,0,295,87,87,87,0.0,0.0,0.0,0.0,0.0,0.0,0.0,0.0,0.0,0.0,0.0,0.0,0.0,0.0,0.0,0.0,5,0,0.0,1.0,0.0,0.0,6.85,12.57,579.55,5,0.722,147.5
EMP020,2026-03-29,0,0,0,0,0,0,88,88,88,0.0,0.0,0.0,0.0,0.0,0.0,0.0,0.0,0.0,0.0,0.0,0.0,0.0,0.0,0.0,100.0,0,5,0.0,1.0,0.0,0.0,6.85,12.57,579.55,0,0.0,0.0
EMP020,2026-03-30,0,93,0,0,0,731,89,89,89,0.0,0.0,0.0,0.0,0.0,0.0,0.0,0.0,0.0,0.0,0.0,0.0,0.0,0.0,0.0,0.0,5,0,0.0,1.0,0.0,0.0,6.85,12.57,579.55,5,0.7305,365.5
EMP020,2026-03-31,0,71,0,0,0,665,90,90,90,0.0,0.0,0.0,0.0,0.0,0.0,0.0,0.0,0.0,0.0,0.0,0.0,0.0,0.0,0.0,0.0,5,0,0.0,1.0,0.0,0.0,6.85,12.57,579.55,5,0.7143,332.5
EMP021,2026-01-01,0,0,0,0,0,0,1,1,1,0.0,0.0,0.0,0.0,0.0,0.0,0.0,0.0,0.0,0.0,0.0,0.0,0.0,0.0,0.0,100.0,0,5,0.0,1.0,0.0,50.0,3.67,10.53,552.01,0,0.0,0.0
EMP021,2026-01-02,0,63,0,0,0,442,2,2,2,0.0,0.0,0.0,0.0,0.0,0.0,0.0,0.0,0.0,0.0,0.0,0.0,0.0,0.0,0.0,0.0,5,0,0.0,1.0,0.0,50.0,3.67,10.53,552.01,5,0.7353,221.0
EMP021,2026-01-03,0,33,0,0,0,251,3,3,3,0.0,0.0,0.0,0.0,0.0,0.0,0.0,0.0,0.0,0.0,0.0,0.0,0.0,0.0,0.0,0.0,5,0,0.0,1.0,0.0,50.0,3.67,10.53,552.01,5,0.7171,125.5
EMP021,2026-01-04,0,0,0,0,0,0,4,4,4,0.0,0.0,0.0,0.0,0.0,0.0,0.0,0.0,0.0,0.0,0.0,0.0,0.0,0.0,0.0,100.0,0,5,0.0,1.0,0.0,50.0,3.67,10.53,552.01,0,0.0,0.0
EMP021,2026-01-05,0,84,0,0,0,663,5,5,5,0.0,0.0,0.0,0.0,0.0,0.0,0.0,0.0,0.0,0.0,0.0,0.0,0.0,0.0,0.0,0.0,5,0,0.0,1.0,0.0,50.0,3.67,10.53,552.01,5,0.7345,331.5
EMP021,2026-01-06,0,81,0,0,0,615,6,6,6,0.0,0.0,0.0,0.0,0.0,0.0,0.0,0.0,0.0,0.0,0.0,0.0,0.0,0.0,0.0,0.0,5,0,0.0,1.0,0.0,50.0,3.67,10.53,552.01,5,0.6764,307.5
EMP021,2026-01-07,0,89,0,0,0,572,7,7,7,0.0,0.0,0.0,0.0,0.0,0.0,0.0,0.0,0.0,0.0,0.0,0.0,0.0,0.0,0.0,0.0,5,0,0.0,1.0,0.0,50.0,3.67,10.53,552.01,5,0.6888,286.0
EMP021,2026-01-08,0,67,0,0,0,535,8,8,8,0.0,0.0,0.0,0.0,0.0,0.0,0.0,0.0,0.0,0.0,0.0,0.0,0.0,0.0,0.0,0.0,5,0,0.0,1.0,0.0,50.0,3.67,10.53,552.01,5,0.7215,267.5
EMP021,2026-01-09,0,61,0,0,0,516,9,9,9,0.0,0.0,0.0,0.0,0.0,0.0,0.0,0.0,0.0,0.0,0.0,0.0,0.0,0.0,0.0,0.0,5,0,0.0,1.0,0.0,50.0,3.67,10.53,552.01,5,0.7267,258.0
EMP021,2026-01-10,0,23,0,0,0,183,10,10,10,0.0,0.0,0.0,0.0,0.0,0.0,0.0,0.0,0.0,0.0,0.0,0.0,0.0,0.0,0.0,0.0,5,0,0.0,1.0,0.0,50.0,3.67,10.53,552.01,5,0.6831,91.5
EMP021,2026-01-11,0,0,0,0,0,0,11,11,11,0.0,0.0,0.0,0.0,0.0,0.0,0.0,0.0,0.0,0.0,0.0,0.0,0.0,0.0,0.0,100.0,0,5,0.0,1.0,0.0,50.0,3.67,10.53,552.01,0,0.0,0.0
EMP021,2026-01-12,0,86,0,0,0,586,12,12,12,0.0,0.0,0.0,0.0,0.0,0.0,0.0,0.0,0.0,0.0,0.0,0.0,0.0,0.0,0.0,0.0,5,0,0.0,1.0,0.0,50.0,3.67,10.53,552.01,5,0.7406,293.0
EMP021,2026-01-13,0,89,0,0,0,482,13,13,13,0.0,0.0,0.0,0.0,0.0,0.0,0.0,0.0,0.0,0.0,0.0,0.0,0.0,0.0,0.0,0.0,5,0,0.0,1.0,0.0,50.0,3.67,10.53,552.01,5,0.6701,241.0
EMP021,2026-01-14,0,73,0,0,0,500,14,14,14,0.0,0.0,0.0,0.0,0.0,0.0,0.0,0.0,0.0,0.0,0.0,0.0,0.0,0.0,0.0,0.0,5,0,0.0,1.0,0.0,50.0,3.67,10.53,552.01,5,0.734,250.0
EMP021,2026-01-15,0,66,0,0,0,569,15,15,15,0.0,0.0,0.0,0.0,0.0,0.0,0.0,0.0,0.0,0.0,0.0,0.0,0.0,0.0,0.0,0.0,5,0,0.0,1.0,0.0,50.0,3.67,10.53,552.01,5,0.6837,284.5
EMP021,2026-01-16,0,55,0,0,0,558,16,16,16,0.0,0.0,0.0,0.0,0.0,0.0,0.0,0.0,0.0,0.0,0.0,0.0,0.0,0.0,0.0,0.0,5,0,0.0,1.0,0.0,50.0,3.67,10.53,552.01,5,0.7312,279.0
EMP021,2026-01-17,0,23,0,0,0,181,17,17,17,0.0,0.0,0.0,0.0,0.0,0.0,0.0,0.0,0.0,0.0,0.0,0.0,0.0,0.0,0.0,0.0,5,0,0.0,1.0,0.0,50.0,3.67,10.53,552.01,5,0.7514,90.5
EMP021,2026-01-18,0,0,0,0,0,0,18,18,18,0.0,0.0,0.0,0.0,0.0,0.0,0.0,0.0,0.0,0.0,0.0,0.0,0.0,0.0,0.0,100.0,0,5,0.0,1.0,0.0,50.0,3.67,10.53,552.01,0,0.0,0.0
EMP021,2026-01-19,0,41,0,0,0,251,19,19,19,0.0,0.0,0.0,0.0,0.0,0.0,0.0,0.0,0.0,0.0,0.0,0.0,0.0,0.0,0.0,0.0,5,0,0.0,1.0,0.0,50.0,3.67,10.53,552.01,5,0.6972,125.5
EMP021,2026-01-20,0,0,0,0,0,0,20,20,20,0.0,0.0,0.0,0.0,0.0,0.0,0.0,0.0,0.0,0.0,0.0,0.0,0.0,0.0,0.0,100.0,0,5,0.0,1.0,0.0,50.0,3.67,10.53,552.01,0,0.0,0.0
EMP021,2026-01-21,0,59,0,0,0,508,21,21,21,0.0,0.0,0.0,0.0,0.0,0.0,0.0,0.0,0.0,0.0,0.0,0.0,0.0,0.0,0.0,0.0,5,0,0.0,1.0,0.0,50.0,3.67,10.53,552.01,5,0.7579,254.0
EMP021,2026-01-22,0,95,0,0,0,563,22,22,22,0.0,0.0,0.0,0.0,0.0,0.0,0.0,0.0,0.0,0.0,0.0,0.0,0.0,0.0,0.0,0.0,5,0,0.0,1.0,0.0,50.0,3.67,10.53,552.01,5,0.6803,281.5
EMP021,2026-01-23,0,51,0,0,0,615,23,23,23,0.0,0.0,0.0,0.0,0.0,0.0,0.0,0.0,0.0,0.0,0.0,0.0,0.0,0.0,0.0,0.0,5,0,0.0,1.0,0.0,50.0,3.67,10.53,552.01,5,0.7984,307.5
EMP021,2026-01-24,0,22,0,0,0,198,24,24,24,0.0,0.0,0.0,0.0,0.0,0.0,0.0,0.0,0.0,0.0,0.0,0.0,0.0,0.0,0.0,0.0,5,0,0.0,1.0,0.0,50.0,3.67,10.53,552.01,5,0.7374,99.0
EMP021,2026-01-25,0,0,0,0,0,0,25,25,25,0.0,0.0,0.0,0.0,0.0,0.0,0.0,0.0,0.0,0.0,0.0,0.0,0.0,0.0,0.0,100.0,0,5,0.0,1.0,0.0,50.0,3.67,10.53,552.01,0,0.0,0.0
EMP021,2026-01-26,0,0,0,0,0,0,26,26,26,0.0,0.0,0.0,0.0,0.0,0.0,0.0,0.0,0.0,0.0,0.0,0.0,0.0,0.0,0.0,100.0,0,5,0.0,1.0,0.0,50.0,3.67,10.53,552.01,0,0.0,0.0
EMP021,2026-01-27,0,52,0,0,0,650,27,27,27,0.0,0.0,0.0,0.0,0.0,0.0,0.0,0.0,0.0,0.0,0.0,0.0,0.0,0.0,0.0,0.0,5,0,0.0,1.0,0.0,50.0,3.67,10.53,552.01,5,0.7369,325.0
EMP021,2026-01-28,0,43,0,0,0,480,28,28,28,0.0,0.0,0.0,0.0,0.0,0.0,0.0,0.0,0.0,0.0,0.0,0.0,0.0,0.0,0.0,0.0,5,0,0.0,1.0,0.0,50.0,3.67,10.53,552.01,5,0.7438,240.0
EMP021,2026-01-29,0,68,0,0,0,543,29,29,29,0.0,0.0,0.0,0.0,0.0,0.0,0.0,0.0,0.0,0.0,0.0,0.0,0.0,0.0,0.0,0.0,5,0,0.0,1.0,0.0,50.0,3.67,10.53,552.01,5,0.709,271.5
EMP021,2026-01-30,0,94,0,0,0,547,30,30,30,0.0,0.0,0.0,0.0,0.0,0.0,0.0,0.0,0.0,0.0,0.0,0.0,0.0,0.0,0.0,0.0,5,0,0.0,1.0,0.0,50.0,3.67,10.53,552.01,5,0.6856,273.5
EMP021,2026-01-31,0,30,0,0,0,217,31,31,31,0.0,0.0,0.0,0.0,0.0,0.0,0.0,0.0,0.0,0.0,0.0,0.0,0.0,0.0,0.0,0.0,5,0,0.0,1.0,0.0,50.0,3.67,10.53,552.01,5,0.6728,108.5
EMP021,2026-02-01,0,0,0,0,0,0,32,32,32,0.0,0.0,0.0,0.0,0.0,0.0,0.0,0.0,0.0,0.0,0.0,0.0,0.0,0.0,0.0,100.0,0,5,0.0,1.0,0.0,50.0,3.67,10.53,552.01,0,0.0,0.0
EMP021,2026-02-02,0,86,0,0,0,602,33,33,33,0.0,0.0,0.0,0.0,0.0,0.0,0.0,0.0,0.0,0.0,0.0,0.0,0.0,0.0,0.0,0.0,5,0,0.0,1.0,0.0,50.0,3.67,10.53,552.01,5,0.7226,301.0
EMP021,2026-02-03,0,74,0,0,0,603,34,34,34,0.0,0.0,0.0,0.0,0.0,0.0,0.0,0.0,0.0,0.0,0.0,0.0,0.0,0.0,0.0,0.0,5,0,0.0,1.0,0.0,50.0,3.67,10.53,552.01,5,0.7081,301.5
EMP021,2026-02-04,0,5,0,0,0,44,35,35,35,0.0,0.0,0.0,0.0,0.0,0.0,0.0,0.0,0.0,0.0,0.0,0.0,0.0,0.0,0.0,0.0,5,0,0.0,1.0,0.0,50.0,3.67,10.53,552.01,5,0.7727,22.0
EMP021,2026-02-05,0,49,0,0,0,499,36,36,36,0.0,0.0,0.0,0.0,0.0,0.0,0.0,0.0,0.0,0.0,0.0,0.0,0.0,0.0,0.0,0.0,5,0,0.0,1.0,0.0,50.0,3.67,10.53,552.01,5,0.7234,249.5
EMP021,2026-02-06,0,58,0,0,0,544,37,37,37,0.0,0.0,0.0,0.0,0.0,0.0,0.0,0.0,0.0,0.0,0.0,0.0,0.0,0.0,0.0,0.0,5,0,0.0,1.0,0.0,50.0,3.67,10.53,552.01,5,0.7371,272.0
EMP021,2026-02-07,0,30,0,0,0,214,38,38,38,0.0,0.0,0.0,0.0,0.0,0.0,0.0,0.0,0.0,0.0,0.0,0.0,0.0,0.0,0.0,0.0,5,0,0.0,1.0,0.0,50.0,3.67,10.53,552.01,5,0.7477,107.0
EMP021,2026-02-08,0,0,0,0,0,0,39,39,39,0.0,0.0,0.0,0.0,0.0,0.0,0.0,0.0,0.0,0.0,0.0,0.0,0.0,0.0,0.0,100.0,0,5,0.0,1.0,0.0,50.0,3.67,10.53,552.01,0,0.0,0.0
EMP021,2026-02-09,0,84,0,0,0,601,40,40,40,0.0,0.0,0.0,0.0,0.0,0.0,0.0,0.0,0.0,0.0,0.0,0.0,0.0,0.0,0.0,0.0,5,0,0.0,1.0,0.0,50.0,3.67,10.53,552.01,5,0.7188,300.5
EMP021,2026-02-10,0,74,0,0,0,574,41,41,41,0.0,0.0,0.0,0.0,0.0,0.0,0.0,0.0,0.0,0.0,0.0,0.0,0.0,0.0,0.0,0.0,5,0,0.0,1.0,0.0,50.0,3.67,10.53,552.01,5,0.6707,287.0
EMP021,2026-02-11,0,4,0,0,0,32,42,42,42,0.0,0.0,0.0,0.0,0.0,0.0,0.0,0.0,0.0,0.0,0.0,0.0,0.0,0.0,0.0,20.0,4,1,0.0,1.0,0.0,50.0,3.67,10.53,552.01,4,0.7812,16.0
EMP021,2026-02-12,0,84,0,0,0,470,43,43,43,0.0,0.0,0.0,0.0,0.0,0.0,0.0,0.0,0.0,0.0,0.0,0.0,0.0,0.0,0.0,0.0,5,0,0.0,1.0,0.0,50.0,3.67,10.53,552.01,5,0.683,235.0
EMP021,2026-02-13,0,57,0,0,0,512,44,44,44,0.0,0.0,0.0,0.0,0.0,0.0,0.0,0.0,0.0,0.0,0.0,0.0,0.0,0.0,0.0,0.0,5,0,0.0,1.0,0.0,50.0,3.67,10.53,552.01,5,0.6777,256.0
EMP021,2026-02-14,0,24,0,0,0,168,45,45,45,0.0,0.0,0.0,0.0,0.0,0.0,0.0,0.0,0.0,0.0,0.0,0.0,0.0,0.0,0.0,0.0,5,0,0.0,1.0,0.0,50.0,3.67,10.53,552.01,5,0.6845,84.0
EMP021,2026-02-15,0,0,0,0,0,0,46,46,46,0.0,0.0,0.0,0.0,0.0,0.0,0.0,0.0,0.0,0.0,0.0,0.0,0.0,0.0,0.0,100.0,0,5,0.0,1.0,0.0,50.0,3.67,10.53,552.01,0,0.0,0.0
EMP021,2026-02-16,0,78,0,0,0,625,47,47,47,0.0,0.0,0.0,0.0,0.0,0.0,0.0,0.0,0.0,0.0,0.0,0.0,0.0,0.0,0.0,0.0,5,0,0.0,1.0,0.0,50.0,3.67,10.53,552.01,5,0.7088,312.5
EMP021,2026-02-17,0,78,0,0,0,570,48,48,48,0.0,0.0,0.0,0.0,0.0,0.0,0.0,0.0,0.0,0.0,0.0,0.0,0.0,0.0,0.0,0.0,5,0,0.0,1.0,0.0,50.0,3.67,10.53,552.01,5,0.6895,285.0
EMP021,2026-02-18,0,71,0,0,0,524,49,49,49,0.0,0.0,0.0,0.0,0.0,0.0,0.0,0.0,0.0,0.0,0.0,0.0,0.0,0.0,0.0,0.0,5,0,0.0,1.0,0.0,50.0,3.67,10.53,552.01,5,0.708,262.0
EMP021,2026-02-19,0,7,0,0,0,49,50,50,50,0.0,0.0,0.0,0.0,0.0,0.0,0.0,0.0,0.0,0.0,0.0,0.0,0.0,0.0,0.0,0.0,5,0,0.0,1.0,0.0,50.0,3.67,10.53,552.01,5,0.6939,24.5
EMP021,2026-02-20,0,70,0,0,0,585,51,51,51,0.0,0.0,0.0,0.0,0.0,0.0,0.0,0.0,0.0,0.0,0.0,0.0,0.0,0.0,0.0,0.0,5,0,0.0,1.0,0.0,50.0,3.67,10.53,552.01,5,0.735,292.5
EMP021,2026-02-21,0,22,0,0,0,188,52,52,52,0.0,0.0,0.0,0.0,0.0,0.0,0.0,0.0,0.0,0.0,0.0,0.0,0.0,0.0,0.0,0.0,5,0,0.0,1.0,0.0,50.0,3.67,10.53,552.01,5,0.7234,94.0
EMP021,2026-02-22,0,0,0,0,0,0,53,53,53,0.0,0.0,0.0,0.0,0.0,0.0,0.0,0.0,0.0,0.0,0.0,0.0,0.0,0.0,0.0,100.0,0,5,0.0,1.0,0.0,50.0,3.67,10.53,552.01,0,0.0,0.0
EMP021,2026-02-23,0,87,0,0,0,639,54,54,54,0.0,0.0,0.0,0.0,0.0,0.0,0.0,0.0,0.0,0.0,0.0,0.0,0.0,0.0,0.0,0.0,5,0,0.0,1.0,0.0,50.0,3.67,10.53,552.01,5,0.7559,319.5
EMP021,2026-02-24,0,99,0,0,0,555,55,55,55,0.0,0.0,0.0,0.0,0.0,0.0,0.0,0.0,0.0,0.0,0.0,0.0,0.0,0.0,0.0,0.0,5,0,0.0,1.0,0.0,50.0,3.67,10.53,552.01,5,0.6577,277.5
EMP021,2026-02-25,0,50,0,0,0,474,56,56,56,0.0,0.0,0.0,0.0,0.0,0.0,0.0,0.0,0.0,0.0,0.0,0.0,0.0,0.0,0.0,0.0,5,0,0.0,1.0,0.0,50.0,3.67,10.53,552.01,5,0.692,237.0
EMP021,2026-02-26,0,54,0,0,0,372,57,57,57,0.0,0.0,0.0,0.0,0.0,0.0,0.0,0.0,0.0,0.0,0.0,0.0,0.0,0.0,0.0,0.0,5,0,0.0,1.0,0.0,50.0,3.67,10.53,552.01,5,0.7204,186.0
EMP021,2026-02-27,0,104,0,0,0,704,58,58,58,0.0,0.0,0.0,0.0,0.0,0.0,0.0,0.0,0.0,0.0,0.0,0.0,0.0,0.0,0.0,0.0,5,0,0.0,1.0,0.0,50.0,3.67,10.53,552.01,5,0.7131,352.0
EMP021,2026-02-28,0,38,0,0,0,217,59,59,59,0.0,0.0,0.0,0.0,0.0,0.0,0.0,0.0,0.0,0.0,0.0,0.0,0.0,0.0,0.0,0.0,5,0,0.0,1.0,0.0,50.0,3.67,10.53,552.01,5,0.7005,108.5
EMP021,2026-03-01,0,0,0,0,0,0,60,60,60,0.0,0.0,0.0,0.0,0.0,0.0,0.0,0.0,0.0,0.0,0.0,0.0,0.0,0.0,0.0,100.0,0,5,0.0,1.0,0.0,50.0,3.67,10.53,552.01,0,0.0,0.0
EMP021,2026-03-02,0,0,0,0,0,0,61,61,61,0.0,0.0,0.0,0.0,0.0,0.0,0.0,0.0,0.0,0.0,0.0,0.0,0.0,0.0,0.0,100.0,0,5,0.0,1.0,0.0,50.0,3.67,10.53,552.01,0,0.0,0.0
EMP021,2026-03-03,0,0,0,0,0,0,62,62,62,0.0,0.0,0.0,0.0,0.0,0.0,0.0,0.0,0.0,0.0,0.0,0.0,0.0,0.0,0.0,100.0,0,5,0.0,1.0,0.0,50.0,3.67,10.53,552.01,0,0.0,0.0
EMP021,2026-03-04,0,46,0,0,0,533,63,63,63,0.0,0.0,0.0,0.0,0.0,0.0,0.0,0.0,0.0,0.0,0.0,0.0,0.0,0.0,0.0,0.0,5,0,0.0,1.0,0.0,50.0,3.67,10.53,552.01,5,0.7392,266.5
EMP021,2026-03-05,0,83,0,0,0,564,64,64,64,0.0,0.0,0.0,0.0,0.0,0.0,0.0,0.0,0.0,0.0,0.0,0.0,0.0,0.0,0.0,0.0,5,0,0.0,1.0,0.0,50.0,3.67,10.53,552.01,5,0.7394,282.0
EMP021,2026-03-06,0,77,0,0,0,611,65,65,65,0.0,0.0,0.0,0.0,0.0,0.0,0.0,0.0,0.0,0.0,0.0,0.0,0.0,0.0,0.0,0.0,5,0,0.0,1.0,0.0,50.0,3.67,10.53,552.01,5,0.761,305.5
EMP021,2026-03-07,0,23,0,0,0,186,66,66,66,0.0,0.0,0.0,0.0,0.0,0.0,0.0,0.0,0.0,0.0,0.0,0.0,0.0,0.0,0.0,0.0,5,0,0.0,1.0,0.0,50.0,3.67,10.53,552.01,5,0.7419,93.0
EMP021,2026-03-08,0,0,0,0,0,0,67,67,67,0.0,0.0,0.0,0.0,0.0,0.0,0.0,0.0,0.0,0.0,0.0,0.0,0.0,0.0,0.0,100.0,0,5,0.0,1.0,0.0,50.0,3.67,10.53,552.01,0,0.0,0.0
EMP021,2026-03-09,0,74,0,0,0,643,68,68,68,0.0,0.0,0.0,0.0,0.0,0.0,0.0,0.0,0.0,0.0,0.0,0.0,0.0,0.0,0.0,0.0,5,0,0.0,1.0,0.0,50.0,3.67,10.53,552.01,5,0.7325,321.5
EMP021,2026-03-10,0,89,0,0,0,671,69,69,69,0.0,0.0,0.0,0.0,0.0,0.0,0.0,0.0,0.0,0.0,0.0,0.0,0.0,0.0,0.0,0.0,5,0,0.0,1.0,0.0,50.0,3.67,10.53,552.01,5,0.7243,335.5
EMP021,2026-03-11,0,0,0,0,0,0,70,70,70,0.0,0.0,0.0,0.0,0.0,0.0,0.0,0.0,0.0,0.0,0.0,0.0,0.0,0.0,0.0,100.0,0,5,0.0,1.0,0.0,50.0,3.67,10.53,552.01,0,0.0,0.0
EMP021,2026-03-12,0,87,0,0,0,475,71,71,71,0.0,0.0,0.0,0.0,0.0,0.0,0.0,0.0,0.0,0.0,0.0,0.0,0.0,0.0,0.0,0.0,5,0,0.0,1.0,0.0,50.0,3.67,10.53,552.01,5,0.6126,237.5
EMP021,2026-03-13,0,90,0,0,0,561,72,72,72,0.0,0.0,0.0,0.0,0.0,0.0,0.0,0.0,0.0,0.0,0.0,0.0,0.0,0.0,0.0,0.0,5,0,0.0,1.0,0.0,50.0,3.67,10.53,552.01,5,0.6934,280.5
EMP021,2026-03-14,0,33,0,0,0,215,73,73,73,0.0,0.0,0.0,0.0,0.0,0.0,0.0,0.0,0.0,0.0,0.0,0.0,0.0,0.0,0.0,0.0,5,0,0.0,1.0,0.0,50.0,3.67,10.53,552.01,5,0.707,107.5
EMP021,2026-03-15,0,0,0,0,0,0,74,74,74,0.0,0.0,0.0,0.0,0.0,0.0,0.0,0.0,0.0,0.0,0.0,0.0,0.0,0.0,0.0,100.0,0,5,0.0,1.0,0.0,50.0,3.67,10.53,552.01,0,0.0,0.0
EMP021,2026-03-16,0,70,0,0,0,547,75,75,75,0.0,0.0,0.0,0.0,0.0,0.0,0.0,0.0,0.0,0.0,0.0,0.0,0.0,0.0,0.0,0.0,5,0,0.0,1.0,0.0,50.0,3.67,10.53,552.01,5,0.7587,273.5
EMP021,2026-03-17,0,67,0,0,0,521,76,76,76,0.0,0.0,0.0,0.0,0.0,0.0,0.0,0.0,0.0,0.0,0.0,0.0,0.0,0.0,0.0,0.0,5,0,0.0,1.0,0.0,50.0,3.67,10.53,552.01,5,0.6891,260.5
EMP021,2026-03-18,0,101,0,0,0,555,77,77,77,0.0,0.0,0.0,0.0,0.0,0.0,0.0,0.0,0.0,0.0,0.0,0.0,0.0,0.0,0.0,0.0,5,0,0.0,1.0,0.0,50.0,3.67,10.53,552.01,5,0.6847,277.5
EMP021,2026-03-19,0,90,0,0,0,501,78,78,78,0.0,0.0,0.0,0.0,0.0,0.0,0.0,0.0,0.0,0.0,0.0,0.0,0.0,0.0,0.0,0.0,5,0,0.0,1.0,0.0,50.0,3.67,10.53,552.01,5,0.6487,250.5
EMP021,2026-03-20,0,82,0,0,0,575,79,79,79,0.0,0.0,0.0,0.0,0.0,0.0,0.0,0.0,0.0,0.0,0.0,0.0,0.0,0.0,0.0,0.0,5,0,0.0,1.0,0.0,50.0,3.67,10.53,552.01,5,0.7009,287.5
EMP021,2026-03-21,0,34,0,0,0,216,80,80,80,0.0,0.0,0.0,0.0,0.0,0.0,0.0,0.0,0.0,0.0,0.0,0.0,0.0,0.0,0.0,0.0,5,0,0.0,1.0,0.0,50.0,3.67,10.53,552.01,5,0.6898,108.0
EMP021,2026-03-22,0,0,0,0,0,0,81,81,81,0.0,0.0,0.0,0.0,0.0,0.0,0.0,0.0,0.0,0.0,0.0,0.0,0.0,0.0,0.0,100.0,0,5,0.0,1.0,0.0,50.0,3.67,10.53,552.01,0,0.0,0.0
EMP021,2026-03-23,0,20,0,0,0,196,82,82,82,0.0,0.0,0.0,0.0,0.0,0.0,0.0,0.0,0.0,0.0,0.0,0.0,0.0,0.0,0.0,0.0,5,0,0.0,1.0,0.0,50.0,3.67,10.53,552.01,5,0.7143,98.0
EMP021,2026-03-24,0,67,0,0,0,557,83,83,83,0.0,0.0,0.0,0.0,0.0,0.0,0.0,0.0,0.0,0.0,0.0,0.0,0.0,0.0,0.0,0.0,5,0,0.0,1.0,0.0,50.0,3.67,10.53,552.01,5,0.6876,278.5
EMP021,2026-03-25,0,103,0,0,0,612,84,84,84,0.0,0.0,0.0,0.0,0.0,0.0,0.0,0.0,0.0,0.0,0.0,0.0,0.0,0.0,0.0,0.0,5,0,0.0,1.0,0.0,50.0,3.67,10.53,552.01,5,0.7141,306.0
EMP021,2026-03-26,0,87,0,0,0,748,85,85,85,0.0,0.0,0.0,0.0,0.0,0.0,0.0,0.0,0.0,0.0,0.0,0.0,0.0,0.0,0.0,0.0,5,0,0.0,1.0,0.0,50.0,3.67,10.53,552.01,5,0.6898,374.0
EMP021,2026-03-27,0,82,0,0,0,762,86,86,86,0.0,0.0,0.0,0.0,0.0,0.0,0.0,0.0,0.0,0.0,0.0,0.0,0.0,0.0,0.0,0.0,5,0,0.0,1.0,0.0,50.0,3.67,10.53,552.01,5,0.6929,381.0
EMP021,2026-03-28,0,37,0,0,0,306,87,87,87,0.0,0.0,0.0,0.0,0.0,0.0,0.0,0.0,0.0,0.0,0.0,0.0,0.0,0.0,0.0,0.0,5,0,0.0,1.0,0.0,50.0,3.67,10.53,552.01,5,0.7255,153.0
EMP021,2026-03-29,0,0,0,0,0,0,88,88,88,0.0,0.0,0.0,0.0,0.0,0.0,0.0,0.0,0.0,0.0,0.0,0.0,0.0,0.0,0.0,100.0,0,5,0.0,1.0,0.0,50.0,3.67,10.53,552.01,0,0.0,0.0
EMP021,2026-03-30,0,96,0,0,0,597,89,89,89,0.0,0.0,0.0,0.0,0.0,0.0,0.0,0.0,0.0,0.0,0.0,0.0,0.0,0.0,0.0,0.0,5,0,0.0,1.0,0.0,50.0,3.67,10.53,552.01,5,0.6583,298.5
EMP021,2026-03-31,0,94,0,0,0,656,90,90,90,0.0,0.0,0.0,0.0,0.0,0.0,0.0,0.0,0.0,0.0,0.0,0.0,0.0,0.0,0.0,0.0,5,0,0.0,1.0,0.0,50.0,3.67,10.53,552.01,5,0.7515,328.0
EMP022,2026-01-01,0,0,0,0,0,0,1,1,1,0.0,0.0,0.0,0.0,0.0,0.0,0.0,0.0,0.0,0.0,0.0,0.0,0.0,0.0,0.0,100.0,0,5,0.0,1.0,0.0,50.0,7.92,9.62,512.35,0,0.0,0.0
EMP022,2026-01-02,0,102,0,0,0,570,2,2,2,0.0,0.0,0.0,0.0,0.0,0.0,0.0,0.0,0.0,0.0,0.0,0.0,0.0,0.0,0.0,0.0,5,0,0.0,1.0,0.0,50.0,7.92,9.62,512.35,5,0.6193,285.0
EMP022,2026-01-03,0,25,0,0,0,226,3,3,3,0.0,0.0,0.0,0.0,0.0,0.0,0.0,0.0,0.0,0.0,0.0,0.0,0.0,0.0,0.0,0.0,5,0,0.0,1.0,0.0,50.0,7.92,9.62,512.35,5,0.7345,113.0
EMP022,2026-01-04,0,0,0,0,0,0,4,4,4,0.0,0.0,0.0,0.0,0.0,0.0,0.0,0.0,0.0,0.0,0.0,0.0,0.0,0.0,0.0,100.0,0,5,0.0,1.0,0.0,50.0,7.92,9.62,512.35,0,0.0,0.0
EMP022,2026-01-05,0,95,0,0,0,452,5,5,5,0.0,0.0,0.0,0.0,0.0,0.0,0.0,0.0,0.0,0.0,0.0,0.0,0.0,0.0,0.0,0.0,5,0,0.0,1.0,0.0,50.0,7.92,9.62,512.35,5,0.5819,226.0
EMP022,2026-01-06,0,50,0,0,0,548,6,6,6,0.0,0.0,0.0,0.0,0.0,0.0,0.0,0.0,0.0,0.0,0.0,0.0,0.0,0.0,0.0,0.0,5,0,0.0,1.0,0.0,50.0,7.92,9.62,512.35,5,0.7664,274.0
EMP022,2026-01-07,0,35,0,0,0,271,7,7,7,0.0,0.0,0.0,0.0,0.0,0.0,0.0,0.0,0.0,0.0,0.0,0.0,0.0,0.0,0.0,0.0,5,0,0.0,1.0,0.0,50.0,7.92,9.62,512.35,5,0.7786,135.5
EMP022,2026-01-08,0,46,0,0,0,405,8,8,8,0.0,0.0,0.0,0.0,0.0,0.0,0.0,0.0,0.0,0.0,0.0,0.0,0.0,0.0,0.0,0.0,5,0,0.0,1.0,0.0,50.0,7.92,9.62,512.35,5,0.7284,202.5
EMP022,2026-01-09,0,78,0,0,0,432,9,9,9,0.0,0.0,0.0,0.0,0.0,0.0,0.0,0.0,0.0,0.0,0.0,0.0,0.0,0.0,0.0,0.0,5,0,0.0,1.0,0.0,50.0,7.92,9.62,512.35,5,0.6644,216.0
EMP022,2026-01-10,0,1,0,0,0,10,10,10,10,0.0,0.0,0.0,0.0,0.0,0.0,0.0,0.0,0.0,0.0,0.0,0.0,0.0,0.0,0.0,40.0,3,2,0.0,1.0,0.0,50.0,7.92,9.62,512.35,3,0.8,5.0
EMP022,2026-01-11,0,0,0,0,0,0,11,11,11,0.0,0.0,0.0,0.0,0.0,0.0,0.0,0.0,0.0,0.0,0.0,0.0,0.0,0.0,0.0,100.0,0,5,0.0,1.0,0.0,50.0,7.92,9.62,512.35,0,0.0,0.0
EMP022,2026-01-12,0,40,0,0,0,472,12,12,12,0.0,0.0,0.0,0.0,0.0,0.0,0.0,0.0,0.0,0.0,0.0,0.0,0.0,0.0,0.0,0.0,5,0,0.0,1.0,0.0,50.0,7.92,9.62,512.35,5,0.7648,236.0
EMP022,2026-01-13,0,57,0,0,0,396,13,13,13,0.0,0.0,0.0,0.0,0.0,0.0,0.0,0.0,0.0,0.0,0.0,0.0,0.0,0.0,0.0,0.0,5,0,0.0,1.0,0.0,50.0,7.92,9.62,512.35,5,0.6793,198.0
EMP022,2026-01-14,0,39,0,0,0,454,14,14,14,0.0,0.0,0.0,0.0,0.0,0.0,0.0,0.0,0.0,0.0,0.0,0.0,0.0,0.0,0.0,0.0,5,0,0.0,1.0,0.0,50.0,7.92,9.62,512.35,5,0.7952,227.0
EMP022,2026-01-15,0,45,0,0,0,270,15,15,15,0.0,0.0,0.0,0.0,0.0,0.0,0.0,0.0,0.0,0.0,0.0,0.0,0.0,0.0,0.0,0.0,5,0,0.0,1.0,0.0,50.0,7.92,9.62,512.35,5,0.6889,135.0
EMP022,2026-01-16,0,53,0,0,0,430,16,16,16,0.0,0.0,0.0,0.0,0.0,0.0,0.0,0.0,0.0,0.0,0.0,0.0,0.0,0.0,0.0,0.0,5,0,0.0,1.0,0.0,50.0,7.92,9.62,512.35,5,0.686,215.0
EMP022,2026-01-17,0,28,0,0,0,175,17,17,17,0.0,0.0,0.0,0.0,0.0,0.0,0.0,0.0,0.0,0.0,0.0,0.0,0.0,0.0,0.0,0.0,5,0,0.0,1.0,0.0,50.0,7.92,9.62,512.35,5,0.7029,87.5
EMP022,2026-01-18,0,0,0,0,0,0,18,18,18,0.0,0.0,0.0,0.0,0.0,0.0,0.0,0.0,0.0,0.0,0.0,0.0,0.0,0.0,0.0,100.0,0,5,0.0,1.0,0.0,50.0,7.92,9.62,512.35,0,0.0,0.0
EMP022,2026-01-19,0,84,0,0,0,473,19,19,19,0.0,0.0,0.0,0.0,0.0,0.0,0.0,0.0,0.0,0.0,0.0,0.0,0.0,0.0,0.0,0.0,5,0,0.0,1.0,0.0,50.0,7.92,9.62,512.35,5,0.6977,236.5
EMP022,2026-01-20,0,42,0,0,0,431,20,20,20,0.0,0.0,0.0,0.0,0.0,0.0,0.0,0.0,0.0,0.0,0.0,0.0,0.0,0.0,0.0,0.0,5,0,0.0,1.0,0.0,50.0,7.92,9.62,512.35,5,0.7633,215.5
EMP022,2026-01-21,0,65,0,0,0,422,21,21,21,0.0,0.0,0.0,0.0,0.0,0.0,0.0,0.0,0.0,0.0,0.0,0.0,0.0,0.0,0.0,0.0,5,0,0.0,1.0,0.0,50.0,7.92,9.62,512.35,5,0.6493,211.0
EMP022,2026-01-22,0,75,0,0,0,532,22,22,22,0.0,0.0,0.0,0.0,0.0,0.0,0.0,0.0,0.0,0.0,0.0,0.0,0.0,0.0,0.0,0.0,5,0,0.0,1.0,0.0,50.0,7.92,9.62,512.35,5,0.6917,266.0
EMP022,2026-01-23,0,93,0,0,0,430,23,23,23,0.0,0.0,0.0,0.0,0.0,0.0,0.0,0.0,0.0,0.0,0.0,0.0,0.0,0.0,0.0,0.0,5,0,0.0,1.0,0.0,50.0,7.92,9.62,512.35,5,0.6023,215.0
EMP022,2026-01-24,0,26,0,0,0,178,24,24,24,0.0,0.0,0.0,0.0,0.0,0.0,0.0,0.0,0.0,0.0,0.0,0.0,0.0,0.0,0.0,0.0,5,0,0.0,1.0,0.0,50.0,7.92,9.62,512.35,5,0.7135,89.0
EMP022,2026-01-25,0,0,0,0,0,0,25,25,25,0.0,0.0,0.0,0.0,0.0,0.0,0.0,0.0,0.0,0.0,0.0,0.0,0.0,0.0,0.0,100.0,0,5,0.0,1.0,0.0,50.0,7.92,9.62,512.35,0,0.0,0.0
EMP022,2026-01-26,0,0,0,0,0,0,26,26,26,0.0,0.0,0.0,0.0,0.0,0.0,0.0,0.0,0.0,0.0,0.0,0.0,0.0,0.0,0.0,100.0,0,5,0.0,1.0,0.0,50.0,7.92,9.62,512.35,0,0.0,0.0
EMP022,2026-01-27,0,72,0,0,0,446,27,27,27,0.0,0.0,0.0,0.0,0.0,0.0,0.0,0.0,0.0,0.0,0.0,0.0,0.0,0.0,0.0,0.0,5,0,0.0,1.0,0.0,50.0,7.92,9.62,512.35,5,0.6637,223.0
EMP022,2026-01-28,0,0,0,0,0,0,28,28,28,0.0,0.0,0.0,0.0,0.0,0.0,0.0,0.0,0.0,0.0,0.0,0.0,0.0,0.0,0.0,100.0,0,5,0.0,1.0,0.0,50.0,7.92,9.62,512.35,0,0.0,0.0
EMP022,2026-01-29,0,76,0,0,0,636,29,29,29,0.0,0.0,0.0,0.0,0.0,0.0,0.0,0.0,0.0,0.0,0.0,0.0,0.0,0.0,0.0,0.0,5,0,0.0,1.0,0.0,50.0,7.92,9.62,512.35,5,0.7327,318.0
EMP022,2026-01-30,0,101,0,0,0,597,30,30,30,0.0,0.0,0.0,0.0,0.0,0.0,0.0,0.0,0.0,0.0,0.0,0.0,0.0,0.0,0.0,0.0,5,0,0.0,1.0,0.0,50.0,7.92,9.62,512.35,5,0.6482,298.5
EMP022,2026-01-31,0,22,0,0,0,212,31,31,31,0.0,0.0,0.0,0.0,0.0,0.0,0.0,0.0,0.0,0.0,0.0,0.0,0.0,0.0,0.0,0.0,5,0,0.0,1.0,0.0,50.0,7.92,9.62,512.35,5,0.7594,106.0
EMP022,2026-02-01,0,0,0,0,0,0,32,32,32,0.0,0.0,0.0,0.0,0.0,0.0,0.0,0.0,0.0,0.0,0.0,0.0,0.0,0.0,0.0,100.0,0,5,0.0,1.0,0.0,50.0,7.92,9.62,512.35,0,0.0,0.0
EMP022,2026-02-02,0,80,0,0,0,595,33,33,33,0.0,0.0,0.0,0.0,0.0,0.0,0.0,0.0,0.0,0.0,0.0,0.0,0.0,0.0,0.0,0.0,5,0,0.0,1.0,0.0,50.0,7.92,9.62,512.35,5,0.6521,297.5
EMP022,2026-02-03,0,103,0,0,0,577,34,34,34,0.0,0.0,0.0,0.0,0.0,0.0,0.0,0.0,0.0,0.0,0.0,0.0,0.0,0.0,0.0,0.0,5,0,0.0,1.0,0.0,50.0,7.92,9.62,512.35,5,0.6915,288.5
EMP022,2026-02-04,0,64,0,0,0,425,35,35,35,0.0,0.0,0.0,0.0,0.0,0.0,0.0,0.0,0.0,0.0,0.0,0.0,0.0,0.0,0.0,0.0,5,0,0.0,1.0,0.0,50.0,7.92,9.62,512.35,5,0.64,212.5
EMP022,2026-02-05,0,78,0,0,0,527,36,36,36,0.0,0.0,0.0,0.0,0.0,0.0,0.0,0.0,0.0,0.0,0.0,0.0,0.0,0.0,0.0,0.0,5,0,0.0,1.0,0.0,50.0,7.92,9.62,512.35,5,0.6831,263.5
EMP022,2026-02-06,0,32,0,0,0,321,37,37,37,0.0,0.0,0.0,0.0,0.0,0.0,0.0,0.0,0.0,0.0,0.0,0.0,0.0,0.0,0.0,0.0,5,0,0.0,1.0,0.0,50.0,7.92,9.62,512.35,5,0.7819,160.5
EMP022,2026-02-07,0,24,0,0,0,177,38,38,38,0.0,0.0,0.0,0.0,0.0,0.0,0.0,0.0,0.0,0.0,0.0,0.0,0.0,0.0,0.0,0.0,5,0,0.0,1.0,0.0,50.0,7.92,9.62,512.35,5,0.7401,88.5
EMP022,2026-02-08,0,0,0,0,0,0,39,39,39,0.0,0.0,0.0,0.0,0.0,0.0,0.0,0.0,0.0,0.0,0.0,0.0,0.0,0.0,0.0,100.0,0,5,0.0,1.0,0.0,50.0,7.92,9.62,512.35,0,0.0,0.0
EMP022,2026-02-09,0,46,0,0,0,445,40,40,40,0.0,0.0,0.0,0.0,0.0,0.0,0.0,0.0,0.0,0.0,0.0,0.0,0.0,0.0,0.0,0.0,5,0,0.0,1.0,0.0,50.0,7.92,9.62,512.35,5,0.7596,222.5
EMP022,2026-02-10,0,51,0,0,0,449,41,41,41,0.0,0.0,0.0,0.0,0.0,0.0,0.0,0.0,0.0,0.0,0.0,0.0,0.0,0.0,0.0,0.0,5,0,0.0,1.0,0.0,50.0,7.92,9.62,512.35,5,0.7283,224.5
EMP022,2026-02-11,0,0,0,0,0,0,42,42,42,0.0,0.0,0.0,0.0,0.0,0.0,0.0,0.0,0.0,0.0,0.0,0.0,0.0,0.0,0.0,100.0,0,5,0.0,1.0,0.0,50.0,7.92,9.62,512.35,0,0.0,0.0
EMP022,2026-02-12,0,5,0,0,0,33,43,43,43,0.0,0.0,0.0,0.0,0.0,0.0,0.0,0.0,0.0,0.0,0.0,0.0,0.0,0.0,0.0,20.0,4,1,0.0,1.0,0.0,50.0,7.92,9.62,512.35,4,0.7273,16.5
EMP022,2026-02-13,0,63,0,0,0,471,44,44,44,0.0,0.0,0.0,0.0,0.0,0.0,0.0,0.0,0.0,0.0,0.0,0.0,0.0,0.0,0.0,0.0,5,0,0.0,1.0,0.0,50.0,7.92,9.62,512.35,5,0.7473,235.5
EMP022,2026-02-14,0,23,0,0,0,162,45,45,45,0.0,0.0,0.0,0.0,0.0,0.0,0.0,0.0,0.0,0.0,0.0,0.0,0.0,0.0,0.0,0.0,5,0,0.0,1.0,0.0,50.0,7.92,9.62,512.35,5,0.6111,81.0
EMP022,2026-02-15,0,0,0,0,0,0,46,46,46,0.0,0.0,0.0,0.0,0.0,0.0,0.0,0.0,0.0,0.0,0.0,0.0,0.0,0.0,0.0,100.0,0,5,0.0,1.0,0.0,50.0,7.92,9.62,512.35,0,0.0,0.0
EMP022,2026-02-16,0,40,0,0,0,528,47,47,47,0.0,0.0,0.0,0.0,0.0,0.0,0.0,0.0,0.0,0.0,0.0,0.0,0.0,0.0,0.0,0.0,5,0,0.0,1.0,0.0,50.0,7.92,9.62,512.35,5,0.7614,264.0
EMP022,2026-02-17,0,90,0,0,0,530,48,48,48,0.0,0.0,0.0,0.0,0.0,0.0,0.0,0.0,0.0,0.0,0.0,0.0,0.0,0.0,0.0,0.0,5,0,0.0,1.0,0.0,50.0,7.92,9.62,512.35,5,0.6868,265.0
EMP022,2026-02-18,0,38,0,0,0,470,49,49,49,0.0,0.0,0.0,0.0,0.0,0.0,0.0,0.0,0.0,0.0,0.0,0.0,0.0,0.0,0.0,0.0,5,0,0.0,1.0,0.0,50.0,7.92,9.62,512.35,5,0.7574,235.0
EMP022,2026-02-19,0,68,0,0,0,448,50,50,50,0.0,0.0,0.0,0.0,0.0,0.0,0.0,0.0,0.0,0.0,0.0,0.0,0.0,0.0,0.0,0.0,5,0,0.0,1.0,0.0,50.0,7.92,9.62,512.35,5,0.7121,224.0
EMP022,2026-02-20,0,47,0,0,0,505,51,51,51,0.0,0.0,0.0,0.0,0.0,0.0,0.0,0.0,0.0,0.0,0.0,0.0,0.0,0.0,0.0,0.0,5,0,0.0,1.0,0.0,50.0,7.92,9.62,512.35,5,0.7505,252.5
EMP022,2026-02-21,0,26,0,0,0,205,52,52,52,0.0,0.0,0.0,0.0,0.0,0.0,0.0,0.0,0.0,0.0,0.0,0.0,0.0,0.0,0.0,0.0,5,0,0.0,1.0,0.0,50.0,7.92,9.62,512.35,5,0.7122,102.5
EMP022,2026-02-22,0,0,0,0,0,0,53,53,53,0.0,0.0,0.0,0.0,0.0,0.0,0.0,0.0,0.0,0.0,0.0,0.0,0.0,0.0,0.0,100.0,0,5,0.0,1.0,0.0,50.0,7.92,9.62,512.35,0,0.0,0.0
EMP022,2026-02-23,0,64,0,0,0,456,54,54,54,0.0,0.0,0.0,0.0,0.0,0.0,0.0,0.0,0.0,0.0,0.0,0.0,0.0,0.0,0.0,0.0,5,0,0.0,1.0,0.0,50.0,7.92,9.62,512.35,5,0.7171,228.0
EMP022,2026-02-24,0,62,0,0,0,536,55,55,55,0.0,0.0,0.0,0.0,0.0,0.0,0.0,0.0,0.0,0.0,0.0,0.0,0.0,0.0,0.0,0.0,5,0,0.0,1.0,0.0,50.0,7.92,9.62,512.35,5,0.7071,268.0
EMP022,2026-02-25,0,94,0,0,0,447,56,56,56,0.0,0.0,0.0,0.0,0.0,0.0,0.0,0.0,0.0,0.0,0.0,0.0,0.0,0.0,0.0,0.0,5,0,0.0,1.0,0.0,50.0,7.92,9.62,512.35,5,0.6353,223.5
EMP022,2026-02-26,0,80,0,0,0,581,57,57,57,0.0,0.0,0.0,0.0,0.0,0.0,0.0,0.0,0.0,0.0,0.0,0.0,0.0,0.0,0.0,0.0,5,0,0.0,1.0,0.0,50.0,7.92,9.62,512.35,5,0.6954,290.5
EMP022,2026-02-27,0,56,0,0,0,532,58,58,58,0.0,0.0,0.0,0.0,0.0,0.0,0.0,0.0,0.0,0.0,0.0,0.0,0.0,0.0,0.0,0.0,5,0,0.0,1.0,0.0,50.0,7.92,9.62,512.35,5,0.6917,266.0
EMP022,2026-02-28,0,33,0,0,0,241,59,59,59,0.0,0.0,0.0,0.0,0.0,0.0,0.0,0.0,0.0,0.0,0.0,0.0,0.0,0.0,0.0,0.0,5,0,0.0,1.0,0.0,50.0,7.92,9.62,512.35,5,0.7386,120.5
EMP022,2026-03-01,0,0,0,0,0,0,60,60,60,0.0,0.0,0.0,0.0,0.0,0.0,0.0,0.0,0.0,0.0,0.0,0.0,0.0,0.0,0.0,100.0,0,5,0.0,1.0,0.0,50.0,7.92,9.62,512.35,0,0.0,0.0
EMP022,2026-03-02,0,0,0,0,0,0,61,61,61,0.0,0.0,0.0,0.0,0.0,0.0,0.0,0.0,0.0,0.0,0.0,0.0,0.0,0.0,0.0,100.0,0,5,0.0,1.0,0.0,50.0,7.92,9.62,512.35,0,0.0,0.0
EMP022,2026-03-03,0,80,0,0,0,459,62,62,62,0.0,0.0,0.0,0.0,0.0,0.0,0.0,0.0,0.0,0.0,0.0,0.0,0.0,0.0,0.0,0.0,5,0,0.0,1.0,0.0,50.0,7.92,9.62,512.35,5,0.7015,229.5
EMP022,2026-03-04,0,75,0,0,0,511,63,63,63,0.0,0.0,0.0,0.0,0.0,0.0,0.0,0.0,0.0,0.0,0.0,0.0,0.0,0.0,0.0,0.0,5,0,0.0,1.0,0.0,50.0,7.92,9.62,512.35,5,0.6869,255.5
EMP022,2026-03-05,0,68,0,0,0,572,64,64,64,0.0,0.0,0.0,0.0,0.0,0.0,0.0,0.0,0.0,0.0,0.0,0.0,0.0,0.0,0.0,0.0,5,0,0.0,1.0,0.0,50.0,7.92,9.62,512.35,5,0.757,286.0
EMP022,2026-03-06,0,71,0,0,0,441,65,65,65,0.0,0.0,0.0,0.0,0.0,0.0,0.0,0.0,0.0,0.0,0.0,0.0,0.0,0.0,0.0,0.0,5,0,0.0,1.0,0.0,50.0,7.92,9.62,512.35,5,0.6576,220.5
EMP022,2026-03-07,0,22,0,0,0,183,66,66,66,0.0,0.0,0.0,0.0,0.0,0.0,0.0,0.0,0.0,0.0,0.0,0.0,0.0,0.0,0.0,0.0,5,0,0.0,1.0,0.0,50.0,7.92,9.62,512.35,5,0.6776,91.5
EMP022,2026-03-08,0,0,0,0,0,0,67,67,67,0.0,0.0,0.0,0.0,0.0,0.0,0.0,0.0,0.0,0.0,0.0,0.0,0.0,0.0,0.0,100.0,0,5,0.0,1.0,0.0,50.0,7.92,9.62,512.35,0,0.0,0.0
EMP022,2026-03-09,0,49,0,0,0,315,68,68,68,0.0,0.0,0.0,0.0,0.0,0.0,0.0,0.0,0.0,0.0,0.0,0.0,0.0,0.0,0.0,0.0,5,0,0.0,1.0,0.0,50.0,7.92,9.62,512.35,5,0.6984,157.5
EMP022,2026-03-10,0,98,0,0,0,463,69,69,69,0.0,0.0,0.0,0.0,0.0,0.0,0.0,0.0,0.0,0.0,0.0,0.0,0.0,0.0,0.0,0.0,5,0,0.0,1.0,0.0,50.0,7.92,9.62,512.35,5,0.6587,231.5
EMP022,2026-03-11,0,52,0,0,0,482,70,70,70,0.0,0.0,0.0,0.0,0.0,0.0,0.0,0.0,0.0,0.0,0.0,0.0,0.0,0.0,0.0,0.0,5,0,0.0,1.0,0.0,50.0,7.92,9.62,512.35,5,0.7054,241.0
EMP022,2026-03-12,0,74,0,0,0,470,71,71,71,0.0,0.0,0.0,0.0,0.0,0.0,0.0,0.0,0.0,0.0,0.0,0.0,0.0,0.0,0.0,0.0,5,0,0.0,1.0,0.0,50.0,7.92,9.62,512.35,5,0.6979,235.0
EMP022,2026-03-13,0,54,0,0,0,551,72,72,72,0.0,0.0,0.0,0.0,0.0,0.0,0.0,0.0,0.0,0.0,0.0,0.0,0.0,0.0,0.0,0.0,5,0,0.0,1.0,0.0,50.0,7.92,9.62,512.35,5,0.7278,275.5
EMP022,2026-03-14,0,19,0,0,0,158,73,73,73,0.0,0.0,0.0,0.0,0.0,0.0,0.0,0.0,0.0,0.0,0.0,0.0,0.0,0.0,0.0,0.0,5,0,0.0,1.0,0.0,50.0,7.92,9.62,512.35,5,0.7215,79.0
EMP022,2026-03-15,0,0,0,0,0,0,74,74,74,0.0,0.0,0.0,0.0,0.0,0.0,0.0,0.0,0.0,0.0,0.0,0.0,0.0,0.0,0.0,100.0,0,5,0.0,1.0,0.0,50.0,7.92,9.62,512.35,0,0.0,0.0
EMP022,2026-03-16,0,63,0,0,0,466,75,75,75,0.0,0.0,0.0,0.0,0.0,0.0,0.0,0.0,0.0,0.0,0.0,0.0,0.0,0.0,0.0,0.0,5,0,0.0,1.0,0.0,50.0,7.92,9.62,512.35,5,0.7103,233.0
EMP022,2026-03-17,0,75,0,0,0,488,76,76,76,0.0,0.0,0.0,0.0,0.0,0.0,0.0,0.0,0.0,0.0,0.0,0.0,0.0,0.0,0.0,0.0,5,0,0.0,1.0,0.0,50.0,7.92,9.62,512.35,5,0.668,244.0
EMP022,2026-03-18,0,64,0,0,0,427,77,77,77,0.0,0.0,0.0,0.0,0.0,0.0,0.0,0.0,0.0,0.0,0.0,0.0,0.0,0.0,0.0,0.0,5,0,0.0,1.0,0.0,50.0,7.92,9.62,512.35,5,0.6862,213.5
EMP022,2026-03-19,0,0,0,0,0,0,78,78,78,0.0,0.0,0.0,0.0,0.0,0.0,0.0,0.0,0.0,0.0,0.0,0.0,0.0,0.0,0.0,100.0,0,5,0.0,1.0,0.0,50.0,7.92,9.62,512.35,0,0.0,0.0
EMP022,2026-03-20,0,75,0,0,0,524,79,79,79,0.0,0.0,0.0,0.0,0.0,0.0,0.0,0.0,0.0,0.0,0.0,0.0,0.0,0.0,0.0,0.0,5,0,0.0,1.0,0.0,50.0,7.92,9.62,512.35,5,0.7004,262.0
EMP022,2026-03-21,0,18,0,0,0,168,80,80,80,0.0,0.0,0.0,0.0,0.0,0.0,0.0,0.0,0.0,0.0,0.0,0.0,0.0,0.0,0.0,0.0,5,0,0.0,1.0,0.0,50.0,7.92,9.62,512.35,5,0.6964,84.0
EMP022,2026-03-22,0,0,0,0,0,0,81,81,81,0.0,0.0,0.0,0.0,0.0,0.0,0.0,0.0,0.0,0.0,0.0,0.0,0.0,0.0,0.0,100.0,0,5,0.0,1.0,0.0,50.0,7.92,9.62,512.35,0,0.0,0.0
EMP022,2026-03-23,0,24,0,0,0,217,82,82,82,0.0,0.0,0.0,0.0,0.0,0.0,0.0,0.0,0.0,0.0,0.0,0.0,0.0,0.0,0.0,0.0,5,0,0.0,1.0,0.0,50.0,7.92,9.62,512.35,5,0.682,108.5
EMP022,2026-03-24,0,66,0,0,0,471,83,83,83,0.0,0.0,0.0,0.0,0.0,0.0,0.0,0.0,0.0,0.0,0.0,0.0,0.0,0.0,0.0,0.0,5,0,0.0,1.0,0.0,50.0,7.92,9.62,512.35,5,0.7219,235.5
EMP022,2026-03-25,0,93,0,0,0,602,84,84,84,0.0,0.0,0.0,0.0,0.0,0.0,0.0,0.0,0.0,0.0,0.0,0.0,0.0,0.0,0.0,0.0,5,0,0.0,1.0,0.0,50.0,7.92,9.62,512.35,5,0.6528,301.0
EMP022,2026-03-26,0,116,0,0,0,645,85,85,85,0.0,0.0,0.0,0.0,0.0,0.0,0.0,0.0,0.0,0.0,0.0,0.0,0.0,0.0,0.0,0.0,5,0,0.0,1.0,0.0,50.0,7.92,9.62,512.35,5,0.6682,322.5
EMP022,2026-03-27,0,111,0,0,0,594,86,86,86,0.0,0.0,0.0,0.0,0.0,0.0,0.0,0.0,0.0,0.0,0.0,0.0,0.0,0.0,0.0,0.0,5,0,0.0,1.0,0.0,50.0,7.92,9.62,512.35,5,0.6751,297.0
EMP022,2026-03-28,0,28,0,0,0,213,87,87,87,0.0,0.0,0.0,0.0,0.0,0.0,0.0,0.0,0.0,0.0,0.0,0.0,0.0,0.0,0.0,0.0,5,0,0.0,1.0,0.0,50.0,7.92,9.62,512.35,5,0.6995,106.5
EMP022,2026-03-29,0,0,0,0,0,0,88,88,88,0.0,0.0,0.0,0.0,0.0,0.0,0.0,0.0,0.0,0.0,0.0,0.0,0.0,0.0,0.0,100.0,0,5,0.0,1.0,0.0,50.0,7.92,9.62,512.35,0,0.0,0.0
EMP022,2026-03-30,0,99,0,0,0,648,89,89,89,0.0,0.0,0.0,0.0,0.0,0.0,0.0,0.0,0.0,0.0,0.0,0.0,0.0,0.0,0.0,0.0,5,0,0.0,1.0,0.0,50.0,7.92,9.62,512.35,5,0.6806,324.0
EMP022,2026-03-31,0,96,0,0,0,639,90,90,90,0.0,0.0,0.0,0.0,0.0,0.0,0.0,0.0,0.0,0.0,0.0,0.0,0.0,0.0,0.0,0.0,5,0,0.0,1.0,0.0,50.0,7.92,9.62,512.35,5,0.7371,319.5
EMP023,2026-01-01,0,0,0,0,0,0,1,1,1,0.0,0.0,0.0,0.0,0.0,0.0,0.0,0.0,0.0,0.0,0.0,0.0,0.0,0.0,0.0,100.0,0,5,-90.01,61.43,-1.465,50.0,6.77,10.35,575.23,0,0.0,0.0
EMP023,2026-01-02,0,0,151,98,47,372,2,2,2,0.0,0.0,0.0,0.0,0.0,0.0,0.0,0.0,0.0,0.0,0.0,0.0,0.0,151.0,98.0,0.0,5,0,60.99,61.43,0.993,50.0,6.77,10.35,575.23,5,0.7957,186.0
EMP023,2026-01-03,0,0,41,28,17,125,1,1,1,75.5,75.5,75.5,49.0,23.5,75.5,75.5,0.0,0.0,0.0,45.7,42.86,27.66,41.0,28.0,0.0,5,0,-49.01,61.43,-0.798,50.0,6.77,10.35,575.23,5,0.688,62.5
EMP023,2026-01-04,0,0,0,0,0,0,1,1,1,64.0,64.0,64.0,42.0,21.33,63.75,63.75,20.5,14.0,8.5,100.0,100.0,100.0,0.0,0.0,100.0,0,5,-90.01,61.43,-1.465,50.0,6.77,10.35,575.23,0,0.0,0.0
EMP023,2026-01-05,0,0,104,72,25,271,2,2,2,48.0,48.0,48.0,31.5,16.0,61.78,61.78,-11.0,-7.0,-3.0,0.0,0.0,0.0,104.0,72.0,0.0,5,0,13.99,61.43,0.228,50.0,6.77,10.35,575.23,5,0.7417,135.5
EMP023,2026-01-06,0,0,141,85,29,347,1,1,1,59.2,59.2,59.2,39.6,17.8,59.62,59.62,5.7,4.6,0.3,0.0,0.0,0.0,141.0,85.0,0.0,5,0,50.99,61.43,0.83,50.0,6.77,10.35,575.23,5,0.7349,173.5
EMP023,2026-01-07,0,0,106,49,39,272,1,1,1,72.83,72.83,72.83,47.17,19.67,62.38,62.38,14.9429,9.1143,1.7714,0.0,0.0,0.0,106.0,49.0,0.0,5,0,15.99,61.43,0.26,50.0,6.77,10.35,575.23,5,0.7132,136.0
EMP023,2026-01-08,0,0,114,73,30,296,1,1,1,77.57,77.57,77.57,47.43,22.43,58.91,58.91,12.8929,5.8929,3.1786,0.0,0.0,0.0,114.0,73.0,0.0,5,0,23.99,61.43,0.391,50.0,6.77,10.35,575.23,5,0.7331,148.0
EMP023,2026-01-09,0,0,116,49,32,268,1,1,1,93.86,82.12,82.12,50.62,23.38,50.35,56.41,11.631,6.0595,2.75,0.0,3.2,0.0,116.0,49.0,0.0,5,0,25.99,61.43,0.423,50.0,6.77,10.35,575.23,5,0.7351,134.0
EMP023,2026-01-10,0,0,50,25,16,114,1,1,1,88.86,85.89,85.89,50.44,24.33,45.98,54.24,10.4,4.1333,2.5,41.79,50.44,34.24,50.0,25.0,0.0,5,0,-40.01,61.43,-0.651,50.0,6.77,10.35,575.23,5,0.7982,57.0
EMP023,2026-01-11,0,0,0,0,0,0,1,1,1,90.14,82.3,82.3,47.9,23.5,44.73,52.57,5.6061,1.6182,1.3636,100.0,100.0,100.0,0.0,0.0,100.0,0,5,-90.01,61.43,-1.465,50.0,6.77,10.35,575.23,0,0.0,0.0
EMP023,2026-01-12,0,0,146,82,37,335,2,2,2,90.14,74.82,74.82,43.55,21.36,44.73,55.43,0.4636,-0.9636,-0.0455,0.0,0.0,0.0,146.0,82.0,0.0,5,0,55.99,61.43,0.911,50.0,6.77,10.35,575.23,5,0.791,167.5
EMP023,2026-01-13,0,0,153,56,32,309,1,1,1,96.14,80.75,80.75,46.75,22.67,48.82,56.6,3.0944,0.7378,0.5664,0.0,0.0,0.0,153.0,56.0,0.0,5,0,62.99,61.43,1.025,50.0,6.77,10.35,575.23,5,0.7799,154.5
EMP023,2026-01-14,0,0,84,53,26,236,1,1,1,97.86,86.31,86.31,47.46,23.38,50.54,57.68,4.8132,0.8846,0.7527,2.68,0.0,0.0,84.0,53.0,0.0,5,0,-6.01,61.43,-0.098,50.0,6.77,10.35,575.23,5,0.6907,118.0
EMP023,2026-01-15,0,0,113,47,24,256,1,1,1,94.71,86.14,86.14,47.86,23.57,50.62,55.59,3.7846,0.8659,0.6769,0.0,1.8,0.0,113.0,47.0,0.0,5,0,22.99,61.43,0.374,50.0,6.77,10.35,575.23,5,0.7188,128.0
EMP023,2026-01-16,0,0,112,76,30,313,1,1,1,94.57,94.21,87.93,47.8,23.6,50.57,54.12,3.7464,0.6821,0.5607,0.0,0.0,0.0,112.0,76.0,0.0,5,0,21.99,61.43,0.358,50.0,6.77,10.35,575.23,5,0.6965,156.5
EMP023,2026-01-17,0,0,28,20,10,86,1,1,1,94.0,91.43,89.44,49.56,24.0,50.34,52.72,3.6162,1.1838,0.6029,68.69,59.64,58.33,28.0,20.0,0.0,5,0,-62.01,61.43,-1.009,50.0,6.77,10.35,575.23,5,0.6744,43.0
EMP023,2026-01-18,0,0,0,0,0,0,1,1,1,90.86,90.5,85.82,47.82,23.18,53.58,53.15,1.8088,0.4069,0.2279,100.0,100.0,100.0,0.0,0.0,100.0,0,5,-90.01,61.43,-1.465,50.0,6.77,10.35,575.23,0,0.0,0.0
EMP023,2026-01-19,0,0,129,83,39,362,2,2,2,90.86,90.5,81.06,45.17,21.89,53.58,55.27,0.0175,-0.4964,-0.2147,0.0,0.0,0.0,129.0,83.0,0.0,5,0,38.99,61.43,0.635,50.0,6.77,10.35,575.23,5,0.6934,181.0
EMP023,2026-01-20,0,0,124,95,47,331,1,1,1,88.43,92.29,83.58,47.16,22.79,51.36,54.85,0.7719,0.1754,0.0877,0.0,0.0,0.0,124.0,95.0,0.0,5,0,33.99,61.43,0.553,50.0,6.77,10.35,575.23,5,0.8036,165.5
EMP023,2026-01-21,0,0,133,44,35,302,1,1,1,84.29,91.07,85.6,49.55,24.0,46.97,54.18,1.2391,0.8338,0.4211,0.0,11.2,0.0,133.0,44.0,0.0,5,0,42.99,61.43,0.7,50.0,6.77,10.35,575.23,5,0.702,151.0
EMP023,2026-01-22,0,0,112,78,28,294,1,1,1,91.29,93.0,87.86,49.29,24.52,49.96,53.83,1.6857,0.6481,0.5065,0.0,0.0,0.0,112.0,78.0,0.0,5,0,21.99,61.43,0.358,50.0,6.77,10.35,575.23,5,0.7415,147.0
EMP023,2026-01-23,0,0,106,79,39,307,1,1,1,91.14,92.86,88.95,50.59,24.68,49.9,52.83,1.7521,0.904,0.4816,0.0,0.0,0.0,106.0,79.0,0.0,5,0,15.99,61.43,0.26,50.0,6.77,10.35,575.23,5,0.7296,153.5
EMP023,2026-01-24,0,0,2,1,0,4,1,1,1,90.29,92.14,89.7,51.83,25.3,49.58,51.79,1.7184,1.0998,0.5771,97.77,98.07,100.0,2.0,1.0,40.0,3,2,-88.01,61.43,-1.433,50.0,6.77,10.35,575.23,3,0.75,2.0
EMP023,2026-01-25,0,0,0,0,0,0,1,1,2,86.57,88.71,86.04,49.71,24.25,54.81,53.64,0.6352,0.4596,0.2548,100.0,100.0,100.0,0.0,0.0,100.0,0,5,-90.01,61.43,-1.465,50.0,6.77,10.35,575.23,0,0.0,0.0
EMP023,2026-01-26,0,0,0,0,0,0,2,2,3,86.57,88.71,82.6,47.72,23.28,54.81,55.2,-0.2323,-0.0523,0.0015,100.0,100.0,100.0,0.0,0.0,100.0,0,5,-90.01,61.43,-1.465,50.0,6.77,10.35,575.23,0,0.0,0.0
EMP023,2026-01-27,0,0,149,83,39,368,3,3,4,68.14,78.29,79.42,45.88,22.38,58.97,56.41,-0.9125,-0.4544,-0.1976,0.0,0.0,0.0,149.0,83.0,0.0,5,0,58.99,61.43,0.96,50.0,6.77,10.35,575.23,5,0.7364,184.0
EMP023,2026-01-28,0,0,106,57,34,273,1,1,1,71.71,78.0,82.0,47.26,23.0,62.88,56.89,-0.2625,-0.1111,-0.0446,0.0,0.0,0.0,106.0,57.0,0.0,5,0,15.99,61.43,0.26,50.0,6.77,10.35,575.23,5,0.7216,136.5
EMP023,2026-01-29,0,0,218,91,38,416,1,1,1,67.86,79.57,82.86,47.61,23.39,59.75,56.04,-0.058,-0.0276,0.0413,0.0,0.0,0.0,218.0,91.0,0.0,5,0,127.99,61.43,2.084,50.0,6.77,10.35,575.23,5,0.8341,208.0
EMP023,2026-01-30,0,0,211,87,32,438,1,1,1,83.0,87.07,87.52,49.1,23.9,79.26,60.34,0.8798,0.2744,0.1379,0.0,0.0,0.0,211.0,87.0,0.0,5,0,120.99,61.43,1.97,50.0,6.77,10.35,575.23,5,0.7534,219.0
EMP023,2026-01-31,0,0,60,30,20,138,1,1,1,98.0,94.14,91.63,50.37,24.17,91.23,63.33,1.5913,0.4923,0.1769,34.52,40.44,17.25,60.0,30.0,0.0,5,0,-30.01,61.43,-0.489,50.0,6.77,10.35,575.23,5,0.7971,69.0
EMP023,2026-02-01,0,0,0,0,0,0,1,1,1,106.29,96.43,93.63,51.37,24.83,84.52,61.32,0.7553,0.0136,-0.0167,100.0,100.0,100.0,0.0,0.0,100.0,0,5,-90.01,61.43,-1.465,50.0,6.77,10.35,575.23,0,0.0,0.0
EMP023,2026-02-02,0,0,165,60,34,337,2,2,2,106.29,96.43,88.6,48.1,23.27,84.52,62.59,0.5468,0.0038,-0.024,0.0,0.0,0.0,165.0,60.0,0.0,5,0,74.99,61.43,1.221,50.0,6.77,10.35,575.23,5,0.7685,168.5
EMP023,2026-02-03,0,0,128,76,50,335,1,1,1,129.86,99.0,92.73,49.17,23.83,73.94,63.4,0.7115,-0.0581,0.002,0.0,0.0,0.0,128.0,76.0,0.0,5,0,37.99,61.43,0.618,50.0,6.77,10.35,575.23,5,0.7582,167.5
EMP023,2026-02-04,0,0,105,67,48,285,1,1,1,126.86,99.29,97.0,51.7,25.5,73.52,61.28,0.2994,-0.224,0.0065,0.0,0.0,0.0,105.0,67.0,0.0,5,0,14.99,61.43,0.244,50.0,6.77,10.35,575.23,5,0.7719,142.5
EMP023,2026-02-05,0,0,114,67,27,280,1,1,1,126.71,97.29,97.03,51.53,26.27,73.57,61.29,0.3993,0.0147,0.1482,0.0,0.0,0.0,114.0,67.0,0.0,5,0,23.99,61.43,0.391,50.0,6.77,10.35,575.23,5,0.7429,140.0
EMP023,2026-02-06,0,0,164,65,44,362,1,1,1,111.86,97.43,96.13,50.93,26.2,63.43,60.83,0.812,0.3453,0.1717,0.0,0.0,0.0,164.0,65.0,0.0,5,0,73.99,61.43,1.204,50.0,6.77,10.35,575.23,5,0.7541,181.0
EMP023,2026-02-07,0,0,37,19,12,101,1,1,1,105.14,101.57,98.07,51.47,26.37,54.43,62.03,1.3179,0.4227,0.3749,62.27,63.09,54.49,37.0,19.0,0.0,5,0,-53.01,61.43,-0.863,50.0,6.77,10.35,575.23,5,0.6733,50.5
EMP023,2026-02-08,0,0,0,0,0,0,1,1,1,101.86,104.07,95.5,49.67,25.77,57.66,62.9,1.0338,0.3617,0.3072,100.0,100.0,100.0,0.0,0.0,100.0,0,5,-90.01,61.43,-1.465,50.0,6.77,10.35,575.23,0,0.0,0.0
EMP023,2026-02-09,0,0,89,57,28,269,2,2,2,101.86,104.07,91.63,48.03,24.7,57.66,65.05,0.5591,0.0367,0.184,2.87,0.0,0.0,89.0,57.0,0.0,5,0,-1.01,61.43,-0.016,50.0,6.77,10.35,575.23,5,0.6468,134.5
EMP023,2026-02-10,0,0,132,76,38,339,1,1,1,91.0,110.43,92.93,49.1,25.1,51.58,64.59,0.2549,-0.0643,0.1453,0.0,0.0,0.0,132.0,76.0,0.0,5,0,41.99,61.43,0.684,50.0,6.77,10.35,575.23,5,0.7257,169.5
EMP023,2026-02-11,0,0,117,33,21,238,1,1,1,91.57,109.21,97.33,51.63,26.37,52.01,62.58,-0.1339,-0.2294,0.0554,0.0,36.08,20.36,117.0,33.0,0.0,5,0,26.99,61.43,0.439,50.0,6.77,10.35,575.23,5,0.7185,119.0
EMP023,2026-02-12,0,0,112,58,17,268,1,1,1,93.29,110.0,96.37,50.0,25.83,52.62,62.04,0.3286,-0.1402,0.0941,0.0,0.0,34.19,112.0,58.0,0.0,5,0,21.99,61.43,0.358,50.0,6.77,10.35,575.23,5,0.6978,134.0
EMP023,2026-02-13,0,0,80,55,30,250,1,1,1,93.0,102.43,95.0,50.07,25.33,52.51,61.22,0.82,-0.0472,0.0796,15.79,0.0,0.0,80.0,55.0,0.0,5,0,-10.01,61.43,-0.163,50.0,6.77,10.35,575.23,5,0.66,125.0
EMP023,2026-02-14,0,0,33,17,8,85,1,1,1,81.0,93.07,94.87,50.13,25.47,43.79,61.25,0.6474,0.0049,0.1143,65.22,66.09,68.59,33.0,17.0,0.0,5,0,-57.01,61.43,-0.928,50.0,6.77,10.35,575.23,5,0.6824,42.5
EMP023,2026-02-15,0,0,0,0,0,0,1,1,1,80.43,91.14,92.2,49.13,24.93,44.38,62.14,0.3733,-0.2305,-0.0085,100.0,100.0,100.0,0.0,0.0,100.0,0,5,-90.01,61.43,-1.465,50.0,6.77,10.35,575.23,0,0.0,0.0
EMP023,2026-02-16,0,0,134,70,26,312,2,2,2,80.43,91.14,88.47,46.6,23.93,44.38,64.17,-0.085,-0.3622,-0.1344,0.0,0.0,0.0,134.0,70.0,0.0,5,0,43.99,61.43,0.716,50.0,6.77,10.35,575.23,5,0.7372,156.0
EMP023,2026-02-17,0,0,149,34,34,311,1,1,1,86.86,88.93,92.0,48.27,24.47,48.24,63.66,-0.2082,-0.3947,-0.2171,0.0,29.56,0.0,149.0,34.0,0.0,5,0,58.99,61.43,0.96,50.0,6.77,10.35,575.23,5,0.6977,155.5
EMP023,2026-02-18,0,0,77,43,22,222,1,1,1,89.29,90.43,96.97,49.4,25.6,50.82,62.08,-0.475,-0.8196,-0.3244,20.59,12.96,14.06,77.0,43.0,0.0,5,0,-13.01,61.43,-0.212,50.0,6.77,10.35,575.23,5,0.6396,111.0
EMP023,2026-02-19,0,0,97,50,24,261,1,1,1,83.57,88.43,95.23,48.07,25.03,49.61,61.89,-0.3829,-0.6291,-0.2552,0.0,0.0,4.12,97.0,50.0,0.0,5,0,6.99,61.43,0.114,50.0,6.77,10.35,575.23,5,0.6552,130.5
EMP023,2026-02-20,0,0,127,52,29,281,1,1,1,81.43,87.21,94.33,46.57,24.27,48.65,61.66,-0.1731,-0.293,-0.1103,0.0,0.0,0.0,127.0,52.0,0.0,5,0,36.99,61.43,0.602,50.0,6.77,10.35,575.23,5,0.7402,140.5
EMP023,2026-02-21,0,0,24,7,4,54,1,1,1,88.14,84.57,94.13,46.83,24.07,51.17,61.54,0.3043,-0.2756,-0.0058,74.5,85.05,83.38,24.0,7.0,0.0,5,0,-66.01,61.43,-1.075,50.0,6.77,10.35,575.23,5,0.6481,27.0
EMP023,2026-02-22,0,0,0,0,0,0,1,1,1,86.86,83.64,91.2,44.47,23.27,52.63,62.71,-0.0249,-0.3177,-0.1081,100.0,100.0,100.0,0.0,0.0,100.0,0,5,-90.01,61.43,-1.465,50.0,6.77,10.35,575.23,0,0.0,0.0
EMP023,2026-02-23,0,0,11,3,1,23,2,2,2,86.86,83.64,87.67,41.83,21.97,52.63,64.73,-0.5112,-0.3664,-0.1497,87.45,92.83,95.45,11.0,3.0,0.0,5,0,-79.01,61.43,-1.286,50.0,6.77,10.35,575.23,5,0.6522,11.5
EMP023,2026-02-24,0,0,89,42,29,276,1,1,1,69.29,78.07,87.97,41.9,22.0,54.46,64.35,-1.5967,-0.8986,-0.4365,0.0,0.0,0.0,89.0,42.0,0.0,5,0,-1.01,61.43,-0.016,50.0,6.77,10.35,575.23,5,0.5797,138.0
EMP023,2026-02-25,0,0,112,35,20,260,1,1,1,60.71,75.0,90.93,43.3,22.97,45.17,62.24,-2.1967,-1.1869,-0.543,0.0,19.17,12.93,112.0,35.0,0.0,5,0,21.99,61.43,0.358,50.0,6.77,10.35,575.23,5,0.6423,130.0
EMP023,2026-02-26,0,0,140,35,18,281,1,1,1,65.71,74.64,94.67,44.47,23.63,48.51,59.99,-2.6879,-1.539,-0.7206,0.0,21.3,23.83,140.0,35.0,0.0,5,0,49.99,61.43,0.814,50.0,6.77,10.35,575.23,5,0.6868,140.5
EMP023,2026-02-27,0,0,161,43,22,331,1,1,1,71.86,76.64,94.37,42.87,22.93,54.44,59.74,-2.0207,-1.3344,-0.6509,0.0,0.0,4.06,161.0,43.0,0.0,5,0,70.99,61.43,1.156,50.0,6.77,10.35,575.23,5,0.6828,165.5
EMP023,2026-02-28,0,0,55,13,16,125,1,1,1,76.71,82.43,96.2,42.4,22.53,60.34,60.9,-1.5106,-1.236,-0.5806,42.83,69.34,28.98,55.0,13.0,0.0,5,0,-35.01,61.43,-0.57,50.0,6.77,10.35,575.23,5,0.672,62.5
EMP023,2026-03-01,0,0,0,0,0,0,1,1,1,81.14,84.0,90.77,39.8,21.8,57.37,56.94,-0.9364,-1.0905,-0.5161,100.0,100.0,100.0,0.0,0.0,100.0,0,5,-90.01,61.43,-1.465,50.0,6.77,10.35,575.23,0,0.0,0.0
EMP023,2026-03-02,0,0,0,0,0,0,2,2,2,81.14,84.0,83.73,36.9,20.73,57.37,54.64,-0.6928,-1.0218,-0.5864,100.0,100.0,100.0,0.0,0.0,100.0,0,5,-90.01,61.43,-1.465,50.0,6.77,10.35,575.23,0,0.0,0.0
EMP023,2026-03-03,0,0,168,28,22,312,3,3,3,79.57,74.43,81.73,35.9,20.07,59.39,56.53,-1.3967,-1.3075,-0.7253,0.0,22.01,0.0,168.0,28.0,0.0,5,0,77.99,61.43,1.27,50.0,6.77,10.35,575.23,5,0.6987,156.0
EMP023,2026-03-04,0,0,81,24,11,185,1,1,1,90.86,75.79,87.33,36.83,20.8,67.11,56.48,-1.4038,-1.606,-0.8512,7.25,34.84,47.12,81.0,24.0,0.0,5,0,-9.01,61.43,-0.147,50.0,6.77,10.35,575.23,5,0.627,92.5
EMP023,2026-03-05,0,0,132,65,8,291,1,1,1,86.43,76.07,84.53,35.63,20.03,66.59,54.61,-0.909,-1.529,-0.8234,0.0,0.0,60.06,132.0,65.0,0.0,5,0,41.99,61.43,0.684,50.0,6.77,10.35,575.23,5,0.7045,145.5
EMP023,2026-03-06,0,0,146,22,16,289,1,1,1,85.29,78.57,84.67,35.27,18.63,65.73,54.72,-0.303,-1.0612,-0.6943,0.0,37.62,14.12,146.0,22.0,0.0,5,0,55.99,61.43,0.911,50.0,6.77,10.35,575.23,5,0.6367,144.5
EMP023,2026-03-07,0,0,27,3,1,44,1,1,1,83.14,79.93,86.03,33.77,17.57,63.43,55.72,0.2329,-0.9279,-0.5088,68.62,91.12,94.31,27.0,3.0,0.0,5,0,-63.01,61.43,-1.026,50.0,6.77,10.35,575.23,5,0.7045,22.0
EMP023,2026-03-08,0,0,0,0,0,0,1,1,1,79.14,80.14,83.13,31.63,16.7,65.91,56.45,0.0449,-0.8972,-0.5506,100.0,100.0,100.0,0.0,0.0,100.0,0,5,-90.01,61.43,-1.465,50.0,6.77,10.35,575.23,0,0.0,0.0
EMP023,2026-03-09,0,0,146,9,5,242,2,2,2,79.14,80.14,77.67,29.47,15.23,65.91,56.29,0.0663,-0.8712,-0.4701,0.0,69.46,67.17,146.0,9.0,0.0,5,0,55.99,61.43,0.911,50.0,6.77,10.35,575.23,5,0.6612,121.0
EMP023,2026-03-10,0,0,108,12,9,229,1,1,1,100.0,89.79,81.3,29.13,15.0,60.44,57.06,0.2267,-1.0754,-0.5584,0.0,58.81,40.0,108.0,12.0,0.0,5,0,17.99,61.43,0.293,50.0,6.77,10.35,575.23,5,0.5633,114.5
EMP023,2026-03-11,0,0,78,11,7,158,1,1,1,91.43,91.14,84.9,29.53,15.3,54.11,55.19,-0.1617,-1.3869,-0.7006,8.13,62.75,54.25,78.0,11.0,0.0,5,0,-12.01,61.43,-0.196,50.0,6.77,10.35,575.23,5,0.6076,79.0
EMP023,2026-03-12,0,0,119,8,3,203,1,1,1,91.0,88.71,84.53,28.0,14.6,54.2,55.2,-0.178,-1.317,-0.6665,0.0,71.43,79.45,119.0,8.0,0.0,5,0,28.99,61.43,0.472,50.0,6.77,10.35,575.23,5,0.6404,101.5
EMP023,2026-03-13,0,0,80,9,5,176,1,1,1,89.14,87.21,84.1,25.73,13.43,52.98,54.88,0.3717,-1.115,-0.58,4.88,65.02,62.77,80.0,9.0,0.0,5,0,-10.01,61.43,-0.163,50.0,6.77,10.35,575.23,5,0.5341,88.0
EMP023,2026-03-14,0,0,48,20,1,99,1,1,1,79.71,81.43,82.87,24.93,12.9,47.62,54.54,0.5722,-1.1729,-0.5822,42.08,19.78,92.25,48.0,20.0,0.0,5,0,-42.01,61.43,-0.684,50.0,6.77,10.35,575.23,5,0.697,49.5
EMP023,2026-03-15,0,0,0,0,0,0,1,1,1,82.71,80.93,80.73,23.67,12.37,44.78,54.61,0.5482,-0.9766,-0.6307,100.0,100.0,100.0,0.0,0.0,100.0,0,5,-90.01,61.43,-1.465,50.0,6.77,10.35,575.23,0,0.0,0.0
EMP023,2026-03-16,0,0,138,2,2,244,2,2,2,82.71,80.93,78.07,21.83,11.37,44.78,56.5,0.0222,-0.9132,-0.5889,0.0,90.84,82.41,138.0,2.0,0.0,5,0,47.99,61.43,0.781,50.0,6.77,10.35,575.23,5,0.582,122.0
EMP023,2026-03-17,0,0,120,2,0,205,1,1,1,81.57,90.79,81.57,21.33,11.17,43.23,56.85,0.0981,-1.0745,-0.6725,0.0,90.62,100.0,120.0,2.0,20.0,4,1,29.99,61.43,0.488,50.0,6.77,10.35,575.23,4,0.5951,102.5
EMP023,2026-03-18,0,0,100,2,0,180,1,1,2,83.29,87.36,85.57,21.4,11.17,44.46,55.17,-0.2165,-1.3464,-0.8216,0.0,90.65,100.0,100.0,2.0,20.0,4,1,9.99,61.43,0.163,50.0,6.77,10.35,575.23,4,0.5667,90.0
EMP023,2026-03-19,0,0,96,2,1,178,1,1,3,86.43,88.71,84.43,19.13,10.3,44.75,54.51,0.2107,-1.1364,-0.7913,0.0,89.55,90.29,96.0,2.0,0.0,5,0,5.99,61.43,0.098,50.0,6.77,10.35,575.23,5,0.5562,89.0
EMP023,2026-03-20,0,0,158,2,1,261,1,1,1,83.14,86.14,82.67,18.07,9.2,43.05,53.23,0.7306,-1.1444,-0.6879,0.0,88.93,89.13,158.0,2.0,0.0,5,0,67.99,61.43,1.107,50.0,6.77,10.35,575.23,5,0.6169,130.5
EMP023,2026-03-21,0,0,2,0,0,3,1,1,1,94.29,87.0,85.37,16.7,8.5,50.28,54.9,1.1775,-1.0761,-0.6525,97.66,100.0,100.0,2.0,0.0,60.0,2,3,-88.01,61.43,-1.433,50.0,6.77,10.35,575.23,2,0.6667,1.5
EMP023,2026-03-22,0,0,0,0,0,0,1,2,2,87.71,85.21,82.2,15.03,7.7,58.27,56.85,0.7199,-0.9542,-0.6004,100.0,100.0,100.0,0.0,0.0,100.0,0,5,-90.01,61.43,-1.465,50.0,6.77,10.35,575.23,0,0.0,0.0
EMP023,2026-03-23,0,0,0,0,0,0,2,3,3,87.71,85.21,77.97,13.3,6.73,58.27,58.07,0.4986,-0.7962,-0.5032,100.0,100.0,100.0,0.0,0.0,100.0,0,5,-90.01,61.43,-1.465,50.0,6.77,10.35,575.23,0,0.0,0.0
EMP023,2026-03-24,0,0,117,1,1,207,3,4,4,68.0,74.79,77.17,13.07,6.6,61.2,58.96,-0.3766,-0.9255,-0.5655,0.0,92.35,84.85,117.0,1.0,0.0,5,0,26.99,61.43,0.439,50.0,6.77,10.35,575.23,5,0.5749,103.5
EMP023,2026-03-25,0,0,235,2,2,354,1,1,1,67.57,75.43,81.07,13.1,6.63,60.84,57.58,-0.6518,-1.0934,-0.6472,0.0,84.73,69.83,235.0,2.0,0.0,5,0,144.99,61.43,2.36,50.0,6.77,10.35,575.23,5,0.6751,177.0
EMP023,2026-03-26,0,0,162,5,1,269,1,1,1,86.86,86.64,88.53,13.07,6.67,84.76,62.34,-0.1419,-1.2347,-0.7159,0.0,61.74,85.01,162.0,5.0,0.0,5,0,71.99,61.43,1.172,50.0,6.77,10.35,575.23,5,0.6245,134.5
EMP023,2026-03-27,0,0,160,3,2,265,1,1,1,96.29,89.71,90.97,11.83,5.73,88.83,63.72,0.3353,-1.0872,-0.5984,0.0,74.64,65.1,160.0,3.0,0.0,5,0,69.99,61.43,1.139,50.0,6.77,10.35,575.23,5,0.6226,132.5
EMP023,2026-03-28,0,0,92,1,1,139,1,1,1,96.57,95.43,92.57,10.77,5.13,89.03,64.82,0.9257,-0.9844,-0.5241,0.62,90.71,80.51,92.0,1.0,0.0,5,0,1.99,61.43,0.032,50.0,6.77,10.35,575.23,5,0.6763,69.5
EMP023,2026-03-29,0,0,0,0,0,0,1,1,1,109.43,98.57,90.97,9.63,4.57,80.53,64.22,1.2492,-0.8803,-0.4621,100.0,100.0,100.0,0.0,0.0,100.0,0,5,-90.01,61.43,-1.465,50.0,6.77,10.35,575.23,0,0.0,0.0
EMP023,2026-03-30,0,0,154,4,1,251,2,2,2,109.43,98.57,85.6,8.2,3.83,80.53,64.87,1.1453,-0.7123,-0.3713,0.0,51.22,73.89,154.0,4.0,0.0,5,0,63.99,61.43,1.042,50.0,6.77,10.35,575.23,5,0.6335,125.5
EMP023,2026-03-31,0,0,173,3,2,254,1,1,1,131.43,99.71,88.9,7.9,3.33,67.64,65.74,1.3755,-0.7063,-0.3057,0.0,62.03,39.94,173.0,3.0,0.0,5,0,82.99,61.43,1.351,50.0,6.77,10.35,575.23,5,0.7008,127.0
EMP024,2026-01-01,0,0,0,0,0,0,1,1,1,0.0,0.0,0.0,0.0,0.0,0.0,0.0,0.0,0.0,0.0,0.0,0.0,0.0,0.0,0.0,100.0,0,5,-68.38,55.14,-1.24,0.0,8.07,10.17,513.27,0,0.0,0.0
EMP024,2026-01-02,0,0,114,63,26,305,2,2,2,0.0,0.0,0.0,0.0,0.0,0.0,0.0,0.0,0.0,0.0,0.0,0.0,0.0,114.0,63.0,0.0,5,0,45.62,55.14,0.827,100.0,8.07,10.17,513.27,5,0.6656,152.5
EMP024,2026-01-03,0,0,49,22,17,121,1,1,1,57.0,57.0,57.0,31.5,13.0,57.0,57.0,0.0,0.0,0.0,14.04,30.16,0.0,49.0,22.0,0.0,5,0,-19.38,55.14,-0.351,0.0,8.07,10.17,513.27,5,0.7273,60.5
EMP024,2026-01-04,0,0,0,0,0,0,1,1,1,54.33,54.33,54.33,28.33,14.33,46.69,46.69,24.5,11.0,8.5,100.0,100.0,100.0,0.0,0.0,100.0,0,5,-68.38,55.14,-1.24,0.0,8.07,10.17,513.27,0,0.0,0.0
EMP024,2026-01-05,0,0,53,30,13,125,2,2,2,40.75,40.75,40.75,21.25,10.75,46.78,46.78,-6.5,-4.1,-0.9,0.0,0.0,0.0,53.0,30.0,0.0,5,0,-15.38,55.14,-0.279,100.0,8.07,10.17,513.27,5,0.768,62.5
EMP024,2026-01-06,0,0,98,58,36,263,1,1,1,43.2,43.2,43.2,23.0,11.2,42.13,42.13,-0.8,-0.3,0.0,0.0,0.0,0.0,98.0,58.0,0.0,5,0,29.62,55.14,0.537,100.0,8.07,10.17,513.27,5,0.73,131.5
EMP024,2026-01-07,0,0,85,54,25,234,1,1,1,52.33,52.33,52.33,28.83,15.33,43.55,43.55,7.3714,4.8286,3.5429,0.0,0.0,0.0,85.0,54.0,0.0,5,0,16.62,55.14,0.301,100.0,8.07,10.17,513.27,5,0.7009,117.0
EMP024,2026-01-08,0,0,108,55,31,261,1,1,1,57.0,57.0,57.0,32.43,16.71,41.9,41.9,8.1071,5.7143,3.25,0.0,0.0,0.0,108.0,55.0,0.0,5,0,39.62,55.14,0.719,100.0,8.07,10.17,513.27,5,0.7433,130.5
EMP024,2026-01-09,0,0,77,53,40,243,1,1,1,72.43,63.38,63.38,35.25,18.5,37.75,42.67,9.6548,5.6905,3.3571,0.0,0.0,0.0,77.0,53.0,0.0,5,0,8.62,55.14,0.156,100.0,8.07,10.17,513.27,5,0.6996,121.5
EMP024,2026-01-10,0,0,46,26,11,107,1,1,1,67.14,64.89,64.89,37.22,20.89,33.96,40.46,7.6667,5.1667,3.7833,29.11,30.15,47.34,46.0,26.0,0.0,5,0,-22.38,55.14,-0.406,0.0,8.07,10.17,513.27,5,0.7757,53.5
EMP024,2026-01-11,0,0,0,0,0,0,1,1,1,66.71,63.0,63.0,36.1,19.9,34.21,38.8,4.5455,3.1455,2.2121,100.0,100.0,100.0,0.0,0.0,100.0,0,5,-68.38,55.14,-1.24,0.0,8.07,10.17,513.27,0,0.0,0.0
EMP024,2026-01-12,0,0,110,47,28,254,2,2,2,66.71,57.27,57.27,32.82,18.09,34.21,41.19,0.5455,0.7182,0.7545,0.0,0.0,0.0,110.0,47.0,0.0,5,0,41.62,55.14,0.755,100.0,8.07,10.17,513.27,5,0.7283,127.0
EMP024,2026-01-13,0,0,124,55,30,271,1,1,1,74.86,61.67,61.67,34.0,18.92,36.67,42.04,2.4476,1.0979,0.9615,0.0,0.0,0.0,124.0,55.0,0.0,5,0,55.62,55.14,1.009,100.0,8.07,10.17,513.27,5,0.7712,135.5
EMP024,2026-01-14,0,0,52,22,11,111,1,1,1,78.57,66.46,66.46,35.62,19.77,39.99,43.67,3.978,1.5549,1.1209,21.76,38.24,44.36,52.0,22.0,0.0,5,0,-16.38,55.14,-0.297,0.0,8.07,10.17,513.27,5,0.7658,55.5
EMP024,2026-01-15,0,0,75,54,22,221,1,1,1,73.86,65.43,65.43,34.64,19.14,40.89,42.25,2.7692,0.8549,0.6462,0.0,0.0,0.0,75.0,54.0,0.0,5,0,6.62,55.14,0.12,100.0,8.07,10.17,513.27,5,0.6833,110.5
EMP024,2026-01-16,0,0,108,58,27,261,1,1,1,69.14,70.79,66.07,35.93,19.33,38.52,40.89,2.4893,1.1786,0.5964,0.0,0.0,0.0,108.0,58.0,0.0,5,0,39.62,55.14,0.719,100.0,8.07,10.17,513.27,5,0.7395,130.5
EMP024,2026-01-17,0,0,21,14,5,60,1,1,1,73.57,70.36,68.69,37.31,19.81,40.88,40.87,2.975,1.4574,0.6603,69.43,62.48,74.76,21.0,14.0,0.0,5,0,-47.38,55.14,-0.859,0.0,8.07,10.17,513.27,5,0.6667,30.0
EMP024,2026-01-18,0,0,0,0,0,0,1,1,1,70.0,68.36,65.88,35.94,18.94,44.09,41.21,1.5441,0.7574,0.2598,100.0,100.0,100.0,0.0,0.0,100.0,0,5,-68.38,55.14,-1.24,0.0,8.07,10.17,513.27,0,0.0,0.0
EMP024,2026-01-19,0,0,125,60,34,315,2,2,2,70.0,68.36,62.22,33.94,17.89,44.09,42.79,0.1445,0.0072,-0.1135,0.0,0.0,0.0,125.0,60.0,0.0,5,0,56.62,55.14,1.027,100.0,8.07,10.17,513.27,5,0.6952,157.5
EMP024,2026-01-20,0,0,83,70,29,254,1,1,1,72.14,73.5,65.53,35.32,18.74,46.3,43.95,1.114,0.4175,0.1579,0.0,0.0,0.0,83.0,70.0,0.0,5,0,14.62,55.14,0.265,100.0,8.07,10.17,513.27,5,0.7165,127.0
EMP024,2026-01-21,0,0,69,54,21,206,1,1,1,66.29,72.43,66.4,37.05,19.25,41.73,43.01,1.2045,0.8534,0.282,0.0,0.0,0.0,69.0,54.0,0.0,5,0,0.62,55.14,0.011,100.0,8.07,10.17,513.27,5,0.699,103.0
EMP024,2026-01-22,0,0,72,20,16,138,1,1,1,68.71,71.29,66.52,37.86,19.33,41.32,41.97,1.074,0.9571,0.2662,0.0,47.17,17.23,72.0,20.0,0.0,5,0,3.62,55.14,0.066,100.0,8.07,10.17,513.27,5,0.7826,69.0
EMP024,2026-01-23,0,0,5,2,2,12,1,1,1,68.29,68.71,66.77,37.05,19.18,41.27,41.02,0.9989,0.6206,0.192,92.51,94.6,89.57,5.0,2.0,0.0,5,0,-63.38,55.14,-1.149,0.0,8.07,10.17,513.27,5,0.75,6.0
EMP024,2026-01-24,0,0,35,19,9,81,1,1,1,53.57,63.57,64.09,35.52,18.43,42.82,42.05,0.2026,0.1621,-0.0188,45.39,46.51,51.17,35.0,19.0,0.0,5,0,-33.38,55.14,-0.605,0.0,8.07,10.17,513.27,5,0.7778,40.5
EMP024,2026-01-25,0,0,0,0,0,0,1,1,1,55.57,62.79,62.88,34.83,18.04,41.56,41.58,-0.1126,-0.0226,-0.1109,100.0,100.0,100.0,0.0,0.0,100.0,0,5,-68.38,55.14,-1.24,0.0,8.07,10.17,513.27,0,0.0,0.0
EMP024,2026-01-26,0,0,0,0,0,0,2,2,2,55.57,62.79,60.36,33.44,17.32,41.56,42.56,-0.68,-0.3415,-0.2646,100.0,100.0,100.0,0.0,0.0,100.0,0,5,-68.38,55.14,-1.24,0.0,8.07,10.17,513.27,0,0.0,0.0
EMP024,2026-01-27,0,0,89,51,36,252,3,3,3,37.71,54.93,58.04,32.15,16.65,34.07,43.32,-1.1203,-0.5894,-0.3832,0.0,0.0,0.0,89.0,51.0,0.0,5,0,20.62,55.14,0.374,100.0,8.07,10.17,513.27,5,0.6984,126.0
EMP024,2026-01-28,0,0,77,59,29,225,1,1,1,38.57,52.43,59.19,32.85,17.37,35.26,42.91,-0.7546,-0.3767,-0.1886,0.0,0.0,0.0,77.0,59.0,0.0,5,0,8.62,55.14,0.156,100.0,8.07,10.17,513.27,5,0.7333,112.5
EMP024,2026-01-29,0,0,132,78,49,333,1,1,1,39.71,54.21,59.82,33.79,17.79,36.34,42.26,-0.5449,-0.1445,-0.0832,0.0,0.0,0.0,132.0,78.0,0.0,5,0,63.62,55.14,1.154,100.0,8.07,10.17,513.27,5,0.7778,166.5
EMP024,2026-01-30,0,0,153,67,35,316,1,1,1,48.29,58.29,62.31,35.31,18.86,48.11,43.57,0.0074,0.1749,0.1404,0.0,0.0,0.0,153.0,67.0,0.0,5,0,84.62,55.14,1.535,100.0,8.07,10.17,513.27,5,0.807,158.0
EMP024,2026-01-31,0,0,43,20,15,113,1,1,1,69.43,61.5,65.33,36.37,19.4,56.27,45.82,0.5918,0.3624,0.2309,34.18,45.01,22.68,43.0,20.0,0.0,5,0,-25.38,55.14,-0.46,0.0,8.07,10.17,513.27,5,0.6903,56.5
EMP024,2026-02-01,0,0,0,0,0,0,1,1,1,70.57,63.07,66.77,37.03,19.9,55.64,44.41,-0.0029,0.006,0.0687,100.0,100.0,100.0,0.0,0.0,100.0,0,5,-68.38,55.14,-1.24,0.0,8.07,10.17,513.27,0,0.0,0.0
EMP024,2026-02-02,0,0,162,58,44,351,2,2,2,70.57,63.07,62.97,34.93,19.03,55.64,45.08,-0.1079,-0.0538,-0.0176,0.0,0.0,0.0,162.0,58.0,0.0,5,0,93.62,55.14,1.698,100.0,8.07,10.17,513.27,5,0.7521,175.5
EMP024,2026-02-03,0,0,165,56,45,344,1,1,1,93.71,65.71,66.73,36.13,19.93,55.16,48.35,0.4347,0.0058,0.1295,0.0,0.0,0.0,165.0,56.0,0.0,5,0,96.62,55.14,1.752,100.0,8.07,10.17,513.27,5,0.7733,172.0
EMP024,2026-02-04,0,0,137,45,28,284,1,1,1,104.57,71.57,72.23,38.0,21.43,60.4,49.81,0.6085,-0.1152,0.1537,0.0,0.0,0.0,137.0,45.0,0.0,5,0,68.62,55.14,1.244,100.0,8.07,10.17,513.27,5,0.7394,142.0
EMP024,2026-02-05,0,0,98,49,36,244,1,1,1,113.14,76.43,75.03,38.5,21.93,60.13,51.0,0.8937,-0.1253,0.1379,0.0,0.0,0.0,98.0,49.0,0.0,5,0,29.62,55.14,0.537,100.0,8.07,10.17,513.27,5,0.75,122.0
EMP024,2026-02-06,0,0,97,52,33,277,1,1,1,108.29,78.29,75.03,38.2,21.93,59.78,51.0,1.2002,0.077,0.3257,0.0,0.0,0.0,97.0,52.0,0.0,5,0,28.62,55.14,0.519,100.0,8.07,10.17,513.27,5,0.657,138.5
EMP024,2026-02-07,0,0,45,26,12,108,1,1,1,100.29,84.86,75.43,38.13,22.2,56.95,51.12,1.4107,0.275,0.4182,40.34,31.81,45.95,45.0,26.0,0.0,5,0,-23.38,55.14,-0.424,0.0,8.07,10.17,513.27,5,0.7685,54.0
EMP024,2026-02-08,0,0,0,0,0,0,1,1,1,100.57,85.57,73.33,37.17,21.57,56.66,51.04,1.4389,0.313,0.4131,100.0,100.0,100.0,0.0,0.0,100.0,0,5,-68.38,55.14,-1.24,0.0,8.07,10.17,513.27,0,0.0,0.0
EMP024,2026-02-09,0,0,119,61,25,297,2,2,2,100.57,85.57,70.77,35.4,20.23,56.66,52.7,0.9911,0.1824,0.4011,0.0,0.0,0.0,119.0,61.0,0.0,5,0,50.62,55.14,0.918,100.0,8.07,10.17,513.27,5,0.6902,148.5
EMP024,2026-02-10,0,0,93,56,39,266,1,1,1,94.43,94.07,73.2,36.57,20.7,51.79,53.18,1.1315,0.2828,0.3682,0.0,0.0,0.0,93.0,56.0,0.0,5,0,24.62,55.14,0.446,100.0,8.07,10.17,513.27,5,0.7068,133.0
EMP024,2026-02-11,0,0,120,53,39,298,1,1,1,84.14,94.36,76.3,38.43,22.0,43.19,51.51,0.7544,0.156,0.3435,0.0,0.0,0.0,120.0,53.0,0.0,5,0,51.62,55.14,0.936,100.0,8.07,10.17,513.27,5,0.7114,149.0
EMP024,2026-02-12,0,0,114,62,28,255,1,1,1,81.71,97.43,76.63,38.63,22.37,40.55,51.75,1.2687,0.309,0.4945,0.0,0.0,0.0,114.0,62.0,0.0,5,0,45.62,55.14,0.827,100.0,8.07,10.17,513.27,5,0.8,127.5
EMP024,2026-02-13,0,0,119,56,22,274,1,1,1,84.0,96.14,76.3,38.87,22.3,41.83,51.48,1.8365,0.5726,0.5835,0.0,0.0,1.35,119.0,56.0,0.0,5,0,50.62,55.14,0.918,100.0,8.07,10.17,513.27,5,0.719,137.0
EMP024,2026-02-14,0,0,30,24,8,86,1,1,1,87.14,93.71,78.53,40.0,22.67,43.48,51.83,1.9444,0.5669,0.5037,61.8,40.0,64.71,30.0,24.0,0.0,5,0,-38.38,55.14,-0.696,0.0,8.07,10.17,513.27,5,0.7209,43.0
EMP024,2026-02-15,0,0,0,0,0,0,1,1,1,85.0,92.79,77.03,39.0,22.2,45.81,52.56,1.6069,0.5602,0.4044,100.0,100.0,100.0,0.0,0.0,100.0,0,5,-68.38,55.14,-1.24,0.0,8.07,10.17,513.27,0,0.0,0.0
EMP024,2026-02-16,0,0,140,55,28,281,2,2,2,85.0,92.79,73.43,37.07,21.3,45.81,53.99,1.3235,0.4396,0.2943,0.0,0.0,0.0,140.0,55.0,0.0,5,0,71.62,55.14,1.299,100.0,8.07,10.17,513.27,5,0.7936,140.5
EMP024,2026-02-17,0,0,141,70,46,339,1,1,1,88.0,91.21,77.4,38.43,22.07,48.55,54.36,1.3913,0.3962,0.2251,0.0,0.0,0.0,141.0,70.0,0.0,5,0,72.62,55.14,1.317,100.0,8.07,10.17,513.27,5,0.7581,169.5
EMP024,2026-02-18,0,0,110,51,25,272,1,1,1,94.86,89.5,82.1,40.77,23.6,52.03,53.56,1.2679,0.3348,0.2274,0.0,0.0,0.0,110.0,51.0,0.0,5,0,41.62,55.14,0.755,100.0,8.07,10.17,513.27,5,0.6838,136.0
EMP024,2026-02-19,0,0,0,0,0,0,1,1,1,93.43,87.57,81.6,40.47,23.3,51.46,53.22,1.7437,0.5335,0.3081,100.0,100.0,100.0,0.0,0.0,100.0,0,5,-68.38,55.14,-1.24,0.0,8.07,10.17,513.27,0,0.0,0.0
EMP024,2026-02-20,0,0,71,47,41,243,2,2,2,77.14,80.57,78.83,38.13,22.33,59.74,55.2,1.2269,0.4761,0.1971,9.93,0.0,0.0,71.0,47.0,0.0,5,0,2.62,55.14,0.048,100.0,8.07,10.17,513.27,5,0.6543,121.5
EMP024,2026-02-21,0,0,50,22,14,112,1,1,1,70.29,78.71,78.9,37.9,23.0,57.25,55.19,1.1086,0.6427,0.3083,36.63,41.95,39.13,50.0,22.0,0.0,5,0,-18.38,55.14,-0.333,0.0,8.07,10.17,513.27,5,0.7679,56.0
EMP024,2026-02-22,0,0,0,0,0,0,1,1,1,73.14,79.07,78.17,37.97,22.93,55.64,55.42,0.8745,0.4167,0.202,100.0,100.0,100.0,0.0,0.0,100.0,0,5,-68.38,55.14,-1.24,0.0,8.07,10.17,513.27,0,0.0,0.0
EMP024,2026-02-23,0,0,56,26,18,139,2,2,2,73.14,79.07,78.0,37.9,22.87,55.64,55.65,-0.1344,-0.0763,-0.0903,28.21,31.4,21.29,56.0,26.0,0.0,5,0,-12.38,55.14,-0.225,100.0,8.07,10.17,513.27,5,0.7194,69.5
EMP024,2026-02-24,0,0,132,79,48,326,1,1,1,61.14,74.57,78.7,38.13,23.17,48.53,55.23,-0.5729,-0.2834,-0.2174,0.0,0.0,0.0,132.0,79.0,0.0,5,0,63.62,55.14,1.154,100.0,8.07,10.17,513.27,5,0.7945,163.0
EMP024,2026-02-25,0,0,76,31,13,163,1,1,1,59.86,77.36,83.1,40.77,24.77,46.48,54.03,-0.7717,-0.2828,-0.2169,8.54,23.96,47.52,76.0,31.0,0.0,5,0,7.62,55.14,0.138,100.0,8.07,10.17,513.27,5,0.7362,81.5
EMP024,2026-02-26,0,0,136,94,27,317,1,1,1,55.0,74.21,85.63,41.8,25.2,42.6,51.81,-1.3907,-0.6269,-0.4636,0.0,0.0,0.0,136.0,94.0,0.0,5,0,67.62,55.14,1.226,100.0,8.07,10.17,513.27,5,0.8107,158.5
EMP024,2026-02-27,0,0,48,34,24,143,1,1,1,74.43,75.79,87.2,43.23,24.9,44.07,52.6,-1.0425,-0.2267,-0.3775,44.95,21.35,3.61,48.0,34.0,0.0,5,0,-20.38,55.14,-0.37,0.0,8.07,10.17,513.27,5,0.7413,71.5
EMP024,2026-02-28,0,0,37,17,11,81,1,1,1,71.14,70.71,86.23,42.4,24.73,45.05,53.04,-1.3657,-0.1775,-0.3551,57.09,59.91,55.52,37.0,17.0,0.0,5,0,-31.38,55.14,-0.569,0.0,8.07,10.17,513.27,5,0.8025,40.5
EMP024,2026-03-01,0,0,0,0,0,0,1,1,1,69.29,71.21,83.07,40.37,23.47,46.14,53.05,-1.3677,-0.0959,-0.2763,100.0,100.0,100.0,0.0,0.0,100.0,0,5,-68.38,55.14,-1.24,0.0,8.07,10.17,513.27,0,0.0,0.0
EMP024,2026-03-02,0,0,0,0,0,0,2,2,2,69.29,71.21,77.97,38.13,22.3,46.14,53.43,-1.4214,-0.1726,-0.3482,100.0,100.0,100.0,0.0,0.0,100.0,0,5,-68.38,55.14,-1.24,0.0,8.07,10.17,513.27,0,0.0,0.0
EMP024,2026-03-03,0,0,158,85,31,386,3,3,3,61.29,61.21,76.53,37.47,21.8,52.2,54.91,-2.1655,-0.5437,-0.5424,0.0,0.0,0.0,158.0,85.0,0.0,5,0,89.62,55.14,1.625,100.0,8.07,10.17,513.27,5,0.7098,193.0
EMP024,2026-03-04,0,0,103,39,30,255,1,1,1,65.0,62.43,81.8,40.3,22.83,57.74,54.89,-2.1677,-0.4954,-0.6334,0.0,3.23,0.0,103.0,39.0,0.0,5,0,34.62,55.14,0.628,100.0,8.07,10.17,513.27,5,0.6745,127.5
EMP024,2026-03-05,0,0,107,46,24,227,1,1,1,68.86,61.93,79.83,39.67,22.37,59.22,53.01,-1.4779,-0.3818,-0.4412,0.0,0.0,0.0,107.0,46.0,0.0,5,0,38.62,55.14,0.7,100.0,8.07,10.17,513.27,5,0.7797,113.5
EMP024,2026-03-06,0,0,84,70,24,229,1,1,1,64.71,69.57,77.9,39.33,21.67,55.26,50.88,-0.7152,-0.2283,-0.2745,0.0,0.0,0.0,84.0,70.0,0.0,5,0,15.62,55.14,0.283,100.0,8.07,10.17,513.27,5,0.7773,114.5
EMP024,2026-03-07,0,0,34,24,8,94,1,1,1,69.86,70.5,76.13,40.17,21.53,55.15,49.71,-0.2683,0.0087,-0.2158,55.34,40.25,62.84,34.0,24.0,0.0,5,0,-34.38,55.14,-0.624,0.0,8.07,10.17,513.27,5,0.7021,47.0
EMP024,2026-03-08,0,0,0,0,0,0,1,1,1,69.43,69.36,74.0,39.33,20.6,55.41,50.09,-0.3893,-0.0347,-0.2033,100.0,100.0,100.0,0.0,0.0,100.0,0,5,-68.38,55.14,-1.24,0.0,8.07,10.17,513.27,0,0.0,0.0
EMP024,2026-03-09,0,0,119,62,24,281,2,2,2,69.43,69.36,70.77,37.6,19.5,55.41,51.61,-0.7081,-0.2011,-0.2507,0.0,0.0,0.0,119.0,62.0,0.0,5,0,50.62,55.14,0.918,100.0,8.07,10.17,513.27,5,0.7295,140.5
EMP024,2026-03-10,0,0,104,50,25,253,1,1,1,86.43,73.86,73.23,38.8,19.9,49.43,52.09,-0.5746,-0.1237,-0.2734,0.0,0.0,0.0,104.0,50.0,0.0,5,0,35.62,55.14,0.646,100.0,8.07,10.17,513.27,5,0.7075,126.5
EMP024,2026-03-11,0,0,116,58,30,266,1,1,1,78.71,71.86,76.7,40.47,20.73,41.19,50.54,-0.8812,-0.319,-0.3778,0.0,0.0,0.0,116.0,58.0,0.0,5,0,47.62,55.14,0.864,100.0,8.07,10.17,513.27,5,0.7669,133.0
EMP024,2026-03-12,0,0,5,2,1,11,1,1,1,80.57,74.71,76.6,40.37,20.9,42.51,50.46,-0.3359,-0.0643,-0.2885,93.47,95.05,95.22,5.0,2.0,0.0,5,0,-63.38,55.14,-1.149,0.0,8.07,10.17,513.27,5,0.7273,5.5
EMP024,2026-03-13,0,0,82,57,39,226,1,1,1,66.0,65.36,73.67,38.57,19.63,48.07,51.95,-0.6848,-0.204,-0.2921,0.0,0.0,0.0,82.0,57.0,0.0,5,0,13.62,55.14,0.247,100.0,8.07,10.17,513.27,5,0.7876,113.0
EMP024,2026-03-14,0,0,29,25,13,94,1,1,1,65.71,67.79,72.4,38.7,19.63,47.97,51.27,-0.3115,0.0145,-0.0336,59.94,35.4,33.77,29.0,25.0,0.0,5,0,-39.38,55.14,-0.714,0.0,8.07,10.17,513.27,5,0.7128,47.0
EMP024,2026-03-15,0,0,0,0,0,0,1,1,1,65.0,67.21,69.57,37.47,19.13,48.47,51.24,-0.3046,0.0868,-0.0187,100.0,100.0,100.0,0.0,0.0,100.0,0,5,-68.38,55.14,-1.24,0.0,8.07,10.17,513.27,0,0.0,0.0
EMP024,2026-03-16,0,0,110,80,40,290,2,2,2,65.0,67.21,65.6,35.6,18.4,48.47,51.86,-0.4125,-0.0271,-0.1224,0.0,0.0,0.0,110.0,80.0,0.0,5,0,41.62,55.14,0.755,100.0,8.07,10.17,513.27,5,0.7931,145.0
EMP024,2026-03-17,0,0,105,58,40,269,1,1,1,63.71,75.07,68.27,37.47,19.47,47.13,52.02,-0.3715,0.1793,-0.0547,0.0,0.0,0.0,105.0,58.0,0.0,5,0,36.62,55.14,0.664,100.0,8.07,10.17,513.27,5,0.7546,134.5
EMP024,2026-03-18,0,0,72,56,24,229,1,1,1,63.86,71.29,71.77,39.4,20.8,47.25,50.82,-0.6053,0.0534,-0.0565,0.0,0.0,0.0,72.0,56.0,0.0,5,0,3.62,55.14,0.066,100.0,8.07,10.17,513.27,5,0.6638,114.5
EMP024,2026-03-19,0,0,47,37,19,151,1,1,1,57.57,69.07,69.5,39.43,20.67,42.59,49.22,-0.1333,0.2681,0.0138,32.37,6.16,8.08,47.0,37.0,0.0,5,0,-21.38,55.14,-0.388,100.0,8.07,10.17,513.27,5,0.6821,75.5
EMP024,2026-03-20,0,0,68,42,18,188,1,1,1,63.57,64.79,66.37,38.33,19.77,37.4,47.53,0.2147,0.4632,0.1778,0.0,0.0,8.95,68.0,42.0,0.0,5,0,-0.38,55.14,-0.007,100.0,8.07,10.17,513.27,5,0.6809,94.0
EMP024,2026-03-21,0,0,37,20,11,102,1,1,1,61.57,63.64,64.97,38.03,19.53,36.73,46.84,0.5261,0.5742,0.2024,43.05,47.41,43.68,37.0,20.0,0.0,5,0,-31.38,55.14,-0.569,0.0,8.07,10.17,513.27,5,0.6667,51.0
EMP024,2026-03-22,0,0,0,0,0,0,1,1,1,62.71,63.86,66.2,38.7,19.9,35.82,45.59,-0.1023,0.1956,0.0127,100.0,100.0,100.0,0.0,0.0,100.0,0,5,-68.38,55.14,-1.24,0.0,8.07,10.17,513.27,0,0.0,0.0
EMP024,2026-03-23,0,0,105,70,27,285,2,2,2,62.71,63.86,63.83,37.13,18.53,35.82,47.09,-0.4963,0.0031,0.0298,0.0,0.0,0.0,105.0,70.0,0.0,5,0,36.62,55.14,0.664,100.0,8.07,10.17,513.27,5,0.7088,142.5
EMP024,2026-03-24,0,0,95,65,32,267,1,1,1,62.0,62.86,65.67,38.73,18.97,34.9,47.59,-0.3261,0.1108,0.0532,0.0,0.0,0.0,95.0,65.0,0.0,5,0,26.62,55.14,0.483,100.0,8.07,10.17,513.27,5,0.7191,133.5
EMP024,2026-03-25,0,0,198,76,60,425,1,1,1,60.57,62.21,68.83,40.9,20.03,33.28,46.25,-0.5898,0.0131,0.0065,0.0,0.0,0.0,198.0,76.0,0.0,5,0,129.62,55.14,2.351,100.0,8.07,10.17,513.27,5,0.7859,212.5
EMP024,2026-03-26,0,0,255,83,53,504,1,1,1,78.57,68.07,73.57,42.57,21.43,58.85,51.65,0.1551,0.1368,0.2503,0.0,0.0,0.0,255.0,83.0,0.0,5,0,186.62,55.14,3.384,100.0,8.07,10.17,513.27,5,0.7758,252.0
EMP024,2026-03-27,0,0,298,92,83,555,1,1,1,108.29,85.93,77.67,42.7,21.6,82.97,60.29,1.7286,0.6489,0.6372,0.0,0.0,0.0,298.0,92.0,0.0,5,0,229.62,55.14,4.164,100.0,8.07,10.17,513.27,5,0.8523,277.5
EMP024,2026-03-28,0,0,80,42,30,187,1,1,1,141.14,101.36,85.07,44.73,23.93,103.51,72.09,3.1386,0.8863,0.974,5.96,6.1,0.0,80.0,42.0,0.0,5,0,11.62,55.14,0.211,100.0,8.07,10.17,513.27,5,0.8128,93.5
EMP024,2026-03-29,0,0,0,0,0,0,1,1,1,147.29,105.0,83.2,43.0,24.03,98.29,71.47,3.4572,1.2085,1.0343,100.0,100.0,100.0,0.0,0.0,100.0,0,5,-68.38,55.14,-1.24,0.0,8.07,10.17,513.27,0,0.0,0.0
EMP024,2026-03-30,0,0,134,92,39,354,2,2,2,147.29,105.0,81.6,41.87,23.23,98.29,72.77,2.6776,0.869,0.879,0.0,0.0,0.0,134.0,92.0,0.0,5,0,65.62,55.14,1.19,100.0,8.07,10.17,513.27,5,0.7486,177.0
EMP024,2026-03-31,0,0,240,87,41,473,1,1,1,151.43,106.71,84.83,44.37,24.17,97.03,72.87,2.7081,1.0209,0.8963,0.0,0.0,0.0,240.0,87.0,0.0,5,0,171.62,55.14,3.112,100.0,8.07,10.17,513.27,5,0.778,236.5
EMP025,2026-01-01,0,0,0,0,0,0,1,1,1,0.0,0.0,0.0,0.0,0.0,0.0,0.0,0.0,0.0,0.0,0.0,0.0,0.0,0.0,0.0,100.0,0,5,-61.57,46.25,-1.331,50.0,7.38,10.81,493.31,0,0.0,0.0
EMP025,2026-01-02,0,0,95,55,24,271,2,2,2,0.0,0.0,0.0,0.0,0.0,0.0,0.0,0.0,0.0,0.0,0.0,0.0,0.0,95.0,55.0,0.0,5,0,33.43,46.25,0.723,50.0,7.38,10.81,493.31,5,0.6421,135.5
EMP025,2026-01-03,0,0,46,16,15,108,1,1,1,47.5,47.5,47.5,27.5,12.0,47.5,47.5,0.0,0.0,0.0,3.16,41.82,0.0,46.0,16.0,0.0,5,0,-15.57,46.25,-0.337,50.0,7.38,10.81,493.31,5,0.713,54.0
EMP025,2026-01-04,0,0,0,0,0,0,1,1,1,47.0,47.0,47.0,23.67,13.0,38.79,38.79,23.0,8.0,7.5,100.0,100.0,100.0,0.0,0.0,100.0,0,5,-61.57,46.25,-1.331,50.0,7.38,10.81,493.31,0,0.0,0.0
EMP025,2026-01-05,0,0,98,34,25,225,2,2,2,35.25,35.25,35.25,17.75,9.75,39.28,39.28,-4.9,-3.9,-0.9,0.0,0.0,0.0,98.0,34.0,0.0,5,0,36.43,46.25,0.788,50.0,7.38,10.81,493.31,5,0.6978,112.5
EMP025,2026-01-06,0,0,129,49,28,278,1,1,1,47.8,47.8,47.8,21.0,12.8,43.18,43.18,10.1,1.3,2.6,0.0,0.0,0.0,129.0,49.0,0.0,5,0,67.43,46.25,1.458,50.0,7.38,10.81,493.31,5,0.741,139.0
EMP025,2026-01-07,0,0,79,31,30,194,1,1,1,61.33,61.33,61.33,25.67,15.33,49.69,49.69,17.3714,4.7429,3.6571,0.0,0.0,0.0,79.0,31.0,0.0,5,0,17.43,46.25,0.377,50.0,7.38,10.81,493.31,5,0.7216,97.0
EMP025,2026-01-08,0,0,87,34,20,191,1,1,1,63.86,63.86,63.86,26.43,17.43,46.42,46.42,12.75,3.5357,3.8571,0.0,0.0,0.0,87.0,34.0,0.0,5,0,25.43,46.25,0.55,50.0,7.38,10.81,493.31,5,0.7382,95.5
EMP025,2026-01-09,0,0,7,3,2,15,1,1,1,76.29,66.75,66.75,27.38,17.75,38.65,44.09,10.4286,2.9881,2.7857,89.51,89.04,88.73,7.0,3.0,0.0,5,0,-54.57,46.25,-1.18,50.0,7.38,10.81,493.31,5,0.8,7.5
EMP025,2026-01-10,0,0,13,8,5,38,1,1,1,63.71,60.11,60.11,24.67,16.0,44.41,45.61,3.3167,0.4667,0.9,78.37,67.57,68.75,13.0,8.0,0.0,5,0,-48.57,46.25,-1.05,50.0,7.38,10.81,493.31,5,0.6842,19.0
EMP025,2026-01-11,0,0,0,0,0,0,1,1,1,59.0,55.4,55.4,23.0,14.9,47.67,45.52,-0.1576,-0.5697,0.0545,100.0,100.0,100.0,0.0,0.0,100.0,0,5,-61.57,46.25,-1.331,50.0,7.38,10.81,493.31,0,0.0,0.0
EMP025,2026-01-12,0,0,85,35,32,202,2,2,2,59.0,50.36,50.36,20.91,13.55,47.67,46.23,-2.6364,-1.4727,-0.6364,0.0,0.0,0.0,85.0,35.0,0.0,5,0,23.43,46.25,0.507,50.0,7.38,10.81,493.31,5,0.7525,101.0
EMP025,2026-01-13,0,0,0,0,0,0,1,1,1,57.14,53.25,53.25,22.08,15.08,46.35,45.29,-0.6958,-0.5909,0.2203,100.0,100.0,100.0,0.0,0.0,100.0,0,5,-61.57,46.25,-1.331,50.0,7.38,10.81,493.31,0,0.0,0.0
EMP025,2026-01-14,0,0,66,41,25,175,2,2,2,38.71,49.15,49.15,20.38,13.92,39.21,45.77,-2.3022,-1.1923,-0.3242,0.0,0.0,0.0,66.0,41.0,0.0,5,0,4.43,46.25,0.096,50.0,7.38,10.81,493.31,5,0.7543,87.5
EMP025,2026-01-15,0,0,67,57,17,190,1,1,1,36.86,50.36,50.36,21.86,14.71,37.53,44.31,-1.3604,-0.3648,0.0571,0.0,0.0,0.0,67.0,57.0,0.0,5,0,5.43,46.25,0.117,50.0,7.38,10.81,493.31,5,0.7421,95.0
EMP025,2026-01-16,0,0,85,54,26,216,1,1,1,34.0,55.14,51.47,24.2,14.87,34.22,43.01,-0.6893,0.5821,0.1036,0.0,0.0,0.0,85.0,54.0,0.0,5,0,23.43,46.25,0.507,50.0,7.38,10.81,493.31,5,0.7639,108.0
EMP025,2026-01-17,0,0,31,14,9,72,1,1,1,45.14,54.43,53.56,26.06,15.56,36.25,42.43,0.1721,1.1368,0.3309,42.12,46.28,42.16,31.0,14.0,0.0,5,0,-30.57,46.25,-0.661,50.0,7.38,10.81,493.31,5,0.75,36.0
EMP025,2026-01-18,0,0,0,0,0,0,1,1,1,47.71,53.36,52.24,25.35,15.18,34.47,41.5,-0.299,0.7108,0.1471,100.0,100.0,100.0,0.0,0.0,100.0,0,5,-61.57,46.25,-1.331,50.0,7.38,10.81,493.31,0,0.0,0.0
EMP025,2026-01-19,0,0,106,53,25,230,2,2,2,47.71,53.36,49.33,23.94,14.33,34.47,42.07,-1.1682,0.1538,-0.1424,0.0,0.0,0.0,106.0,53.0,0.0,5,0,44.43,46.25,0.961,50.0,7.38,10.81,493.31,5,0.8,115.0
EMP025,2026-01-20,0,0,81,62,21,241,1,1,1,50.71,53.93,52.32,25.47,14.89,38.29,42.86,-0.0982,0.5895,0.0474,0.0,0.0,0.0,81.0,62.0,0.0,5,0,19.43,46.25,0.42,50.0,7.38,10.81,493.31,5,0.6805,120.5
EMP025,2026-01-21,0,0,69,58,19,198,1,1,1,62.29,50.5,53.75,27.3,15.2,33.1,42.24,0.3256,1.0271,0.1278,0.0,0.0,0.0,69.0,58.0,0.0,5,0,7.43,46.25,0.161,50.0,7.38,10.81,493.31,5,0.7374,99.0
EMP025,2026-01-22,0,0,34,18,15,93,1,1,1,62.71,49.79,54.48,28.76,15.38,33.17,41.35,0.4792,1.2857,0.1597,37.59,37.41,2.47,34.0,18.0,0.0,5,0,-27.57,46.25,-0.596,50.0,7.38,10.81,493.31,5,0.7204,46.5
EMP025,2026-01-23,0,0,40,33,12,116,1,1,1,58.0,46.0,53.55,28.27,15.36,34.54,40.62,0.1739,0.9904,0.1344,25.3,0.0,21.87,40.0,33.0,0.0,5,0,-21.57,46.25,-0.466,50.0,7.38,10.81,493.31,5,0.7328,58.0
EMP025,2026-01-24,0,0,31,17,7,77,1,1,1,51.57,48.36,52.96,28.48,15.22,33.08,39.83,0.0049,0.918,0.081,41.47,40.31,54.01,31.0,17.0,0.0,5,0,-30.57,46.25,-0.661,50.0,7.38,10.81,493.31,5,0.7143,38.5
EMP025,2026-01-25,0,0,0,0,0,0,1,1,1,51.57,49.64,52.04,28.0,14.88,33.08,39.23,-0.2152,0.693,-0.0109,100.0,100.0,100.0,0.0,0.0,100.0,0,5,-61.57,46.25,-1.331,50.0,7.38,10.81,493.31,0,0.0,0.0
EMP025,2026-01-26,0,0,0,0,0,0,2,2,2,51.57,49.64,49.96,26.88,14.28,33.08,39.77,-0.6708,0.3546,-0.1469,100.0,100.0,100.0,0.0,0.0,100.0,0,5,-61.57,46.25,-1.331,50.0,7.38,10.81,493.31,0,0.0,0.0
EMP025,2026-01-27,0,0,92,50,19,220,3,3,3,36.43,43.57,48.04,25.85,13.73,28.66,40.17,-1.0232,0.0855,-0.2526,0.0,0.0,0.0,92.0,50.0,0.0,5,0,30.43,46.25,0.658,50.0,7.38,10.81,493.31,5,0.7318,110.0
EMP025,2026-01-28,0,0,83,55,23,222,1,1,1,38.0,50.14,49.67,26.74,13.93,31.25,40.28,-0.5647,0.268,-0.1838,0.0,0.0,0.0,83.0,55.0,0.0,5,0,21.43,46.25,0.463,50.0,7.38,10.81,493.31,5,0.7252,111.0
EMP025,2026-01-29,0,0,169,53,39,342,1,1,1,40.0,51.36,50.86,27.75,14.25,33.53,40.03,-0.26,0.4491,-0.0977,0.0,0.0,0.0,169.0,53.0,0.0,5,0,107.43,46.25,2.323,50.0,7.38,10.81,493.31,5,0.7632,171.0
EMP025,2026-01-30,0,0,141,36,29,286,1,1,1,59.29,58.64,54.93,28.62,15.1,55.9,44.86,0.5808,0.5783,0.0828,0.0,0.0,0.0,141.0,36.0,0.0,5,0,79.43,46.25,1.717,50.0,7.38,10.81,493.31,5,0.7203,143.0
EMP025,2026-01-31,0,0,34,17,11,80,1,1,1,73.71,62.64,57.8,28.87,15.57,61.78,46.73,1.0799,0.57,0.1644,41.18,41.12,29.35,34.0,17.0,0.0,5,0,-27.57,46.25,-0.596,50.0,7.38,10.81,493.31,5,0.775,40.0
EMP025,2026-02-01,0,0,0,0,0,0,1,1,1,74.14,62.86,58.93,29.43,15.93,61.49,45.72,0.5277,0.2943,0.0276,100.0,100.0,100.0,0.0,0.0,100.0,0,5,-61.57,46.25,-1.331,50.0,7.38,10.81,493.31,0,0.0,0.0
EMP025,2026-02-02,0,0,120,73,27,300,2,2,2,74.14,62.86,55.77,27.6,15.13,61.49,46.39,0.3962,0.2808,-0.0196,0.0,0.0,0.0,120.0,73.0,0.0,5,0,58.43,46.25,1.263,50.0,7.38,10.81,493.31,5,0.7333,150.0
EMP025,2026-02-03,0,0,103,49,34,250,1,1,1,91.29,63.86,58.23,29.5,15.53,54.8,47.76,0.7433,0.4937,0.0561,0.0,0.0,0.0,103.0,49.0,0.0,5,0,41.43,46.25,0.896,50.0,7.38,10.81,493.31,5,0.744,125.0
EMP025,2026-02-04,0,0,89,32,25,195,1,1,1,92.86,65.43,61.67,31.13,16.67,54.95,47.15,0.6305,0.416,0.0681,0.0,0.0,0.0,89.0,32.0,0.0,5,0,27.43,46.25,0.593,50.0,7.38,10.81,493.31,5,0.7487,97.5
EMP025,2026-02-05,0,0,86,44,27,213,1,1,1,93.71,66.86,61.37,31.07,16.67,54.84,46.94,1.0574,0.4414,0.1793,0.0,0.0,0.0,86.0,44.0,0.0,5,0,24.43,46.25,0.528,50.0,7.38,10.81,493.31,5,0.7371,106.5
EMP025,2026-02-06,0,0,83,57,32,218,1,1,1,81.86,70.57,59.93,30.9,16.63,45.45,45.49,1.6828,0.6485,0.3241,0.0,0.0,0.0,83.0,57.0,0.0,5,0,21.43,46.25,0.463,50.0,7.38,10.81,493.31,5,0.789,109.0
EMP025,2026-02-07,0,0,36,15,8,80,1,1,1,73.57,73.64,60.07,31.77,16.7,38.7,45.55,1.9631,0.8176,0.5155,40.07,52.79,52.1,36.0,15.0,0.0,5,0,-25.57,46.25,-0.553,50.0,7.38,10.81,493.31,5,0.7375,40.0
EMP025,2026-02-08,0,0,0,0,0,0,1,1,1,73.86,74.0,58.37,31.13,16.3,38.41,45.46,1.9935,0.7248,0.4821,100.0,100.0,100.0,0.0,0.0,100.0,0,5,-61.57,46.25,-1.331,50.0,7.38,10.81,493.31,0,0.0,0.0
EMP025,2026-02-09,0,0,75,57,23,218,2,2,2,73.86,74.0,58.13,31.03,16.23,38.41,45.74,1.2627,0.3299,0.2783,0.0,0.0,0.0,75.0,57.0,0.0,5,0,13.43,46.25,0.29,50.0,7.38,10.81,493.31,5,0.711,109.0
EMP025,2026-02-10,0,0,73,58,25,227,1,1,1,67.43,79.36,60.2,32.67,16.83,33.61,45.05,1.0603,0.3386,0.2445,0.0,0.0,0.0,73.0,58.0,0.0,5,0,11.43,46.25,0.247,50.0,7.38,10.81,493.31,5,0.6872,113.5
EMP025,2026-02-11,0,0,76,44,30,218,1,1,1,63.14,78.0,62.63,34.6,17.67,30.58,43.69,0.7277,0.2768,0.1811,0.0,0.0,0.0,76.0,44.0,0.0,5,0,14.43,46.25,0.312,50.0,7.38,10.81,493.31,5,0.6881,109.0
EMP025,2026-02-12,0,0,97,36,20,210,1,1,1,61.29,77.5,62.33,34.9,17.6,29.32,43.56,0.9682,0.3402,0.3595,0.0,0.0,0.0,97.0,36.0,0.0,5,0,35.43,46.25,0.766,50.0,7.38,10.81,493.31,5,0.7286,105.0
EMP025,2026-02-13,0,0,65,34,27,184,1,1,1,62.86,72.36,65.57,36.1,18.27,30.86,42.4,0.762,0.1066,0.2536,0.87,5.82,0.0,65.0,34.0,0.0,5,0,3.43,46.25,0.074,50.0,7.38,10.81,493.31,5,0.6848,92.0
EMP025,2026-02-14,0,0,30,15,9,76,1,1,1,60.29,66.93,65.53,35.87,18.33,29.81,42.4,0.7613,0.1268,0.3564,54.22,58.18,50.9,30.0,15.0,0.0,5,0,-31.57,46.25,-0.683,50.0,7.38,10.81,493.31,5,0.7105,38.0
EMP025,2026-02-15,0,0,0,0,0,0,1,1,1,59.43,66.64,64.3,34.47,18.07,30.57,42.88,0.5422,0.1379,0.287,100.0,100.0,100.0,0.0,0.0,100.0,0,5,-61.57,46.25,-1.331,50.0,7.38,10.81,493.31,0,0.0,0.0
EMP025,2026-02-16,0,0,78,52,23,207,2,2,2,59.43,66.64,61.47,32.67,17.2,30.57,44.2,0.2701,0.0503,0.2251,0.0,0.0,0.0,78.0,52.0,0.0,5,0,16.43,46.25,0.355,50.0,7.38,10.81,493.31,5,0.7391,103.5
EMP025,2026-02-17,0,0,77,46,27,201,1,1,1,59.86,63.64,63.03,33.93,17.67,30.81,43.93,0.1666,0.0463,0.206,0.0,0.0,0.0,77.0,46.0,0.0,5,0,15.43,46.25,0.334,50.0,7.38,10.81,493.31,5,0.7463,100.5
EMP025,2026-02-18,0,0,65,39,21,170,1,1,1,60.43,61.79,65.6,35.47,18.57,31.08,42.39,-0.178,-0.1099,0.1444,0.91,0.0,0.0,65.0,39.0,0.0,5,0,3.43,46.25,0.074,50.0,7.38,10.81,493.31,5,0.7353,85.0
EMP025,2026-02-19,0,0,67,51,30,198,1,1,1,58.86,60.07,64.23,35.0,18.43,30.53,41.72,0.0968,0.0338,0.2044,0.0,0.0,0.0,67.0,51.0,0.0,5,0,5.43,46.25,0.117,50.0,7.38,10.81,493.31,5,0.7475,99.0
EMP025,2026-02-20,0,0,86,45,25,214,1,1,1,54.57,58.71,63.77,34.63,18.73,26.74,41.61,0.2303,0.3232,0.2968,0.0,0.0,0.0,86.0,45.0,0.0,5,0,24.43,46.25,0.528,50.0,7.38,10.81,493.31,5,0.729,107.0
EMP025,2026-02-21,0,0,26,15,11,68,1,1,1,57.57,58.93,64.33,34.2,18.93,28.84,41.79,0.4098,0.5513,0.339,59.58,56.14,41.89,26.0,15.0,0.0,5,0,-35.57,46.25,-0.769,50.0,7.38,10.81,493.31,5,0.7647,34.0
EMP025,2026-02-22,0,0,0,0,0,0,1,1,1,57.0,58.21,64.07,34.1,18.8,29.41,42.01,-0.0467,0.3157,0.2607,100.0,100.0,100.0,0.0,0.0,100.0,0,5,-61.57,46.25,-1.331,50.0,7.38,10.81,493.31,0,0.0,0.0
EMP025,2026-02-23,0,0,94,48,20,232,2,2,2,57.0,58.21,62.73,33.0,18.4,29.41,43.37,-0.626,0.0881,0.0925,0.0,0.0,0.0,94.0,48.0,0.0,5,0,32.43,46.25,0.701,50.0,7.38,10.81,493.31,5,0.6983,116.0
EMP025,2026-02-24,0,0,104,55,36,263,1,1,1,59.29,59.57,64.83,34.03,18.83,31.5,43.31,-0.6432,0.0745,0.0242,0.0,0.0,0.0,104.0,55.0,0.0,5,0,42.43,46.25,0.917,50.0,7.38,10.81,493.31,5,0.7414,131.5
EMP025,2026-02-25,0,0,60,37,19,169,1,1,1,63.14,61.79,68.3,35.87,20.03,34.91,42.12,-0.8376,-0.0249,0.0051,12.15,0.0,5.14,60.0,37.0,0.0,5,0,-1.57,46.25,-0.034,50.0,7.38,10.81,493.31,5,0.6864,84.5
EMP025,2026-02-26,0,0,127,59,33,301,1,1,1,62.43,60.64,70.3,37.1,20.67,34.91,40.21,-1.3622,-0.265,-0.1397,0.0,0.0,0.0,127.0,59.0,0.0,5,0,65.43,46.25,1.415,50.0,7.38,10.81,493.31,5,0.7276,150.5
EMP025,2026-02-27,0,0,86,81,29,260,1,1,1,71.0,62.79,71.47,37.4,21.13,41.69,41.32,-0.8467,-0.0347,-0.0716,0.0,0.0,0.0,86.0,81.0,0.0,5,0,24.43,46.25,0.528,50.0,7.38,10.81,493.31,5,0.7538,130.0
EMP025,2026-02-28,0,0,57,26,9,126,1,1,1,71.0,64.29,71.57,38.27,21.33,41.69,41.35,-0.6734,0.368,-0.008,20.36,32.06,57.81,57.0,26.0,0.0,5,0,-4.57,46.25,-0.099,50.0,7.38,10.81,493.31,5,0.7302,63.0
EMP025,2026-03-01,0,0,0,0,0,0,1,1,1,75.43,66.21,67.83,37.37,20.33,38.17,37.24,-0.0954,0.3904,0.0343,100.0,100.0,100.0,0.0,0.0,100.0,0,5,-61.57,46.25,-1.331,50.0,7.38,10.81,493.31,0,0.0,0.0
EMP025,2026-03-02,0,0,0,0,0,0,2,2,2,75.43,66.21,63.13,36.17,19.37,38.17,36.6,-0.0285,0.1399,-0.0372,100.0,100.0,100.0,0.0,0.0,100.0,0,5,-61.57,46.25,-1.331,50.0,7.38,10.81,493.31,0,0.0,0.0
EMP025,2026-03-03,0,0,56,35,20,159,3,3,3,62.0,60.64,62.0,35.6,19.0,45.17,37.98,-0.6367,-0.2256,-0.2198,9.68,1.69,0.0,56.0,35.0,0.0,5,0,-5.57,46.25,-0.12,50.0,7.38,10.81,493.31,5,0.6981,79.5
EMP025,2026-03-04,0,0,7,4,2,16,1,1,1,55.14,59.14,63.87,36.77,19.67,41.79,36.22,-1.103,-0.475,-0.3444,89.04,89.12,89.83,7.0,4.0,0.0,5,0,-54.57,46.25,-1.18,50.0,7.38,10.81,493.31,5,0.8125,8.0
EMP025,2026-03-05,0,0,101,39,20,219,1,1,1,47.57,55.0,60.1,34.47,18.83,44.91,36.07,-1.0828,-0.4365,-0.4078,0.0,0.0,0.0,101.0,39.0,0.0,5,0,39.43,46.25,0.853,50.0,7.38,10.81,493.31,5,0.7306,109.5
EMP025,2026-03-06,0,0,0,0,0,0,1,1,1,43.86,57.43,60.03,34.13,18.37,38.85,35.99,-0.523,-0.307,-0.2957,100.0,100.0,100.0,0.0,0.0,100.0,0,5,-61.57,46.25,-1.331,50.0,7.38,10.81,493.31,0,0.0,0.0
EMP025,2026-03-07,0,0,22,14,10,65,2,2,2,31.57,51.29,57.07,33.07,17.53,37.14,37.13,-0.7106,-0.5419,-0.3684,61.45,57.67,42.95,22.0,14.0,0.0,5,0,-39.57,46.25,-0.856,50.0,7.38,10.81,493.31,5,0.7077,32.5
EMP025,2026-03-08,0,0,0,0,0,0,1,1,1,26.57,51.0,54.93,32.07,16.97,35.71,37.24,-0.7373,-0.5895,-0.3517,100.0,100.0,100.0,0.0,0.0,100.0,0,5,-61.57,46.25,-1.331,50.0,7.38,10.81,493.31,0,0.0,0.0
EMP025,2026-03-09,0,0,98,34,26,231,2,2,2,26.57,51.0,52.17,30.17,15.9,35.71,38.13,-0.8981,-0.6245,-0.3575,0.0,0.0,0.0,98.0,34.0,0.0,5,0,36.43,46.25,0.788,50.0,7.38,10.81,493.31,5,0.684,115.5
EMP025,2026-03-10,0,0,91,41,25,216,1,1,1,40.57,51.29,54.23,30.8,16.5,41.32,38.87,-0.7139,-0.7043,-0.3468,0.0,0.0,0.0,91.0,41.0,0.0,5,0,29.43,46.25,0.636,50.0,7.38,10.81,493.31,5,0.7269,108.0
EMP025,2026-03-11,0,0,94,48,32,229,1,1,1,45.57,50.36,57.27,32.17,17.33,44.85,38.06,-0.8507,-0.8509,-0.4058,0.0,0.0,0.0,94.0,48.0,0.0,5,0,32.43,46.25,0.701,50.0,7.38,10.81,493.31,5,0.7598,114.5
EMP025,2026-03-12,0,0,60,42,19,173,1,1,1,58.0,52.79,57.9,31.87,17.63,44.49,38.51,-0.4914,-0.5775,-0.2721,0.0,0.0,0.0,60.0,42.0,0.0,5,0,-1.57,46.25,-0.034,50.0,7.38,10.81,493.31,5,0.6994,86.5
EMP025,2026-03-13,0,0,91,39,20,197,1,1,1,52.14,48.0,57.47,31.33,17.43,41.01,38.41,-0.3737,-0.3319,-0.2125,0.0,0.0,0.0,91.0,39.0,0.0,5,0,29.43,46.25,0.636,50.0,7.38,10.81,493.31,5,0.7614,98.5
EMP025,2026-03-14,0,0,27,19,11,82,1,1,1,65.14,48.36,57.97,31.17,17.1,36.61,38.74,-0.0296,-0.1951,-0.1092,53.42,39.04,35.67,27.0,19.0,0.0,5,0,-34.57,46.25,-0.747,50.0,7.38,10.81,493.31,5,0.6951,41.0
EMP025,2026-03-15,0,0,0,0,0,0,1,1,1,65.86,46.21,55.63,30.6,16.8,35.8,38.43,0.0398,-0.2403,-0.1286,100.0,100.0,100.0,0.0,0.0,100.0,0,5,-61.57,46.25,-1.331,50.0,7.38,10.81,493.31,0,0.0,0.0
EMP025,2026-03-16,0,0,74,56,32,228,2,2,2,65.86,46.21,53.47,29.47,15.9,35.8,39.65,-0.2545,-0.4142,-0.1666,0.0,0.0,0.0,74.0,56.0,0.0,5,0,12.43,46.25,0.269,50.0,7.38,10.81,493.31,5,0.7105,114.0
EMP025,2026-03-17,0,0,104,60,23,233,1,1,1,62.43,51.5,54.93,30.83,16.67,33.64,39.57,-0.2839,-0.3428,-0.1103,0.0,0.0,0.0,104.0,60.0,0.0,5,0,42.43,46.25,0.917,50.0,7.38,10.81,493.31,5,0.8026,116.5
EMP025,2026-03-18,0,0,53,44,25,176,1,1,1,64.29,54.93,58.4,32.83,17.43,35.48,39.16,-0.3462,-0.3673,-0.1844,9.25,0.0,0.0,53.0,44.0,0.0,5,0,-8.57,46.25,-0.185,50.0,7.38,10.81,493.31,5,0.6932,88.0
EMP025,2026-03-19,0,0,0,0,0,0,1,1,1,58.43,58.21,57.57,32.57,17.5,33.41,39.0,-0.2458,-0.1631,-0.0972,100.0,100.0,100.0,0.0,0.0,100.0,0,5,-61.57,46.25,-1.331,50.0,7.38,10.81,493.31,0,0.0,0.0
EMP025,2026-03-20,0,0,69,50,25,202,2,2,2,49.86,51.0,55.0,31.03,16.6,39.12,40.15,-0.4832,-0.2805,-0.1446,0.0,0.0,0.0,69.0,50.0,0.0,5,0,7.43,46.25,0.161,50.0,7.38,10.81,493.31,5,0.7129,101.0
EMP025,2026-03-21,0,0,24,15,12,74,1,1,1,46.71,55.93,55.13,31.4,16.73,36.48,40.19,-0.3239,-0.1032,-0.0601,56.47,52.23,28.27,24.0,15.0,0.0,5,0,-37.57,46.25,-0.812,50.0,7.38,10.81,493.31,5,0.6892,37.0
EMP025,2026-03-22,0,0,0,0,0,0,1,1,1,46.29,56.07,53.7,30.2,16.13,36.73,40.51,-0.4429,-0.0739,0.0009,100.0,100.0,100.0,0.0,0.0,100.0,0,5,-61.57,46.25,-1.331,50.0,7.38,10.81,493.31,0,0.0,0.0
EMP025,2026-03-23,0,0,51,36,22,144,2,2,2,46.29,56.07,50.83,28.7,15.3,36.73,41.16,-0.5666,-0.1666,-0.042,0.0,0.0,0.0,51.0,36.0,0.0,5,0,-10.57,46.25,-0.229,50.0,7.38,10.81,493.31,5,0.7569,72.0
EMP025,2026-03-24,0,0,90,59,22,246,1,1,1,43.0,52.71,51.67,29.4,15.67,35.09,40.9,-0.7368,-0.214,-0.0285,0.0,0.0,0.0,90.0,59.0,0.0,5,0,28.43,46.25,0.615,50.0,7.38,10.81,493.31,5,0.6951,123.0
EMP025,2026-03-25,0,0,169,85,37,362,1,1,1,41.0,52.64,54.67,31.37,16.4,31.8,40.3,-0.8458,-0.2258,-0.0957,0.0,0.0,0.0,169.0,85.0,0.0,5,0,107.43,46.25,2.323,50.0,7.38,10.81,493.31,5,0.8039,181.0
EMP025,2026-03-26,0,0,84,60,23,214,1,1,1,57.57,58.0,57.17,32.6,16.97,55.29,44.74,0.1631,0.2349,0.0621,0.0,0.0,0.0,84.0,60.0,0.0,5,0,22.43,46.25,0.485,50.0,7.38,10.81,493.31,5,0.7804,107.0
EMP025,2026-03-27,0,0,162,110,55,408,1,1,1,69.57,59.71,56.5,32.77,16.53,50.39,44.18,0.6592,0.5662,0.2323,0.0,0.0,0.0,162.0,110.0,0.0,5,0,100.43,46.25,2.171,50.0,7.38,10.81,493.31,5,0.8015,204.0
EMP025,2026-03-28,0,0,73,28,20,140,1,1,1,82.86,64.79,59.9,35.2,17.73,59.86,48.07,1.364,1.0937,0.4974,0.0,20.45,0.0,73.0,28.0,0.0,5,0,11.43,46.25,0.247,50.0,7.38,10.81,493.31,5,0.8643,70.0
EMP025,2026-03-29,0,0,0,0,0,0,1,1,1,89.86,68.07,58.1,34.17,17.3,55.25,46.51,1.9112,1.2113,0.6174,100.0,100.0,100.0,0.0,0.0,100.0,0,5,-61.57,46.25,-1.331,50.0,7.38,10.81,493.31,0,0.0,0.0
EMP025,2026-03-30,0,0,114,77,45,306,2,2,2,89.86,68.07,55.23,31.47,16.33,55.25,47.35,1.7288,1.3139,0.5864,0.0,0.0,0.0,114.0,77.0,0.0,5,0,52.43,46.25,1.134,50.0,7.38,10.81,493.31,5,0.7712,153.0
EMP025,2026-03-31,0,0,199,98,60,435,1,1,1,98.86,70.93,57.13,33.17,17.53,53.29,48.51,2.1201,1.57,0.7208,0.0,0.0,0.0,199.0,98.0,0.0,5,0,137.43,46.25,2.971,50.0,7.38,10.81,493.31,5,0.8207,217.5
EMP026,2026-01-01,0,0,0,0,0,0,1,1,1,0.0,0.0,0.0,0.0,0.0,0.0,0.0,0.0,0.0,0.0,0.0,0.0,0.0,0.0,0.0,100.0,0,5,-74.64,54.31,-1.374,50.0,7.1,5.52,532.16,0,0.0,0.0
EMP026,2026-01-02,0,0,161,87,50,394,2,2,2,0.0,0.0,0.0,0.0,0.0,0.0,0.0,0.0,0.0,0.0,0.0,0.0,0.0,161.0,87.0,0.0,5,0,86.36,54.31,1.59,50.0,7.1,5.52,532.16,5,0.7563,197.0
EMP026,2026-01-03,0,0,44,32,16,127,1,1,1,80.5,80.5,80.5,43.5,25.0,80.5,80.5,0.0,0.0,0.0,45.34,26.44,36.0,44.0,32.0,0.0,5,0,-30.64,54.31,-0.564,50.0,7.1,5.52,532.16,5,0.7244,63.5
EMP026,2026-01-04,0,0,0,0,0,0,1,1,1,68.33,68.33,68.33,39.67,22.0,67.94,67.94,22.0,16.0,8.0,100.0,100.0,100.0,0.0,0.0,100.0,0,5,-74.64,54.31,-1.374,50.0,7.1,5.52,532.16,0,0.0,0.0
EMP026,2026-01-05,0,0,95,49,26,231,2,2,2,51.25,51.25,51.25,29.75,16.5,65.86,65.86,-11.7,-5.5,-3.4,0.0,0.0,0.0,95.0,49.0,0.0,5,0,20.36,54.31,0.375,50.0,7.1,5.52,532.16,5,0.7359,115.5
EMP026,2026-01-06,0,0,105,69,34,266,1,1,1,60.0,60.0,60.0,33.6,18.4,61.45,61.45,2.9,1.1,0.2,0.0,0.0,0.0,105.0,69.0,0.0,5,0,30.36,54.31,0.559,50.0,7.1,5.52,532.16,5,0.782,133.0
EMP026,2026-01-07,0,0,78,58,29,247,1,1,1,67.5,67.5,67.5,39.5,21.0,58.55,58.55,8.0857,5.6857,2.3429,0.0,0.0,0.0,78.0,58.0,0.0,5,0,3.36,54.31,0.062,50.0,7.1,5.52,532.16,5,0.668,123.5
EMP026,2026-01-08,0,0,6,2,1,10,1,1,1,69.0,69.0,69.0,42.14,22.14,54.33,54.33,6.1786,5.5357,2.3214,91.3,95.25,95.48,6.0,2.0,20.0,4,1,-68.64,54.31,-1.264,50.0,7.1,5.52,532.16,4,0.9,5.0
EMP026,2026-01-09,0,0,83,42,34,233,1,1,1,69.86,61.12,61.12,37.12,19.5,53.27,54.93,-1.131,0.3452,-0.2143,0.0,0.0,0.0,83.0,42.0,0.0,5,0,8.36,54.31,0.154,50.0,7.1,5.52,532.16,5,0.6824,116.5
EMP026,2026-01-10,0,0,32,25,10,93,1,1,1,58.71,63.56,63.56,37.67,21.11,39.39,52.24,0.6667,0.5667,0.8167,49.65,33.63,52.63,32.0,25.0,0.0,5,0,-42.64,54.31,-0.785,50.0,7.1,5.52,532.16,5,0.7204,46.5
EMP026,2026-01-11,0,0,0,0,0,0,1,1,1,57.0,60.4,60.4,36.4,20.0,40.25,50.46,-1.2364,-0.2788,-0.0121,100.0,100.0,100.0,0.0,0.0,100.0,0,5,-74.64,54.31,-1.374,50.0,7.1,5.52,532.16,0,0.0,0.0
EMP026,2026-01-12,0,0,89,47,22,227,2,2,2,57.0,54.91,54.91,33.09,18.18,40.25,51.15,-3.6727,-1.8636,-0.9182,0.0,0.0,0.0,89.0,47.0,0.0,5,0,14.36,54.31,0.264,50.0,7.1,5.52,532.16,5,0.696,113.5
EMP026,2026-01-13,0,0,114,74,29,277,1,1,1,56.14,57.75,57.75,34.25,18.5,39.49,49.87,-1.514,-0.8986,-0.5594,0.0,0.0,0.0,114.0,74.0,0.0,5,0,39.36,54.31,0.725,50.0,7.1,5.52,532.16,5,0.7834,138.5
EMP026,2026-01-14,0,0,99,48,34,235,1,1,1,57.43,62.08,62.08,37.31,19.31,41.17,50.2,0.6648,0.6044,-0.0934,0.0,0.0,0.0,99.0,48.0,0.0,5,0,24.36,54.31,0.449,50.0,7.1,5.52,532.16,5,0.7702,117.5
EMP026,2026-01-15,0,0,61,23,11,118,1,1,1,60.43,64.71,64.71,38.07,20.36,43.27,49.3,1.5868,0.789,0.3451,5.73,39.58,45.97,61.0,23.0,0.0,5,0,-13.64,54.31,-0.251,50.0,7.1,5.52,532.16,5,0.8051,59.0
EMP026,2026-01-16,0,0,11,3,3,22,1,1,1,68.29,69.07,64.47,37.07,19.73,37.25,47.64,1.1964,0.2643,0.0464,82.94,91.91,84.79,11.0,3.0,0.0,5,0,-63.64,54.31,-1.172,50.0,7.1,5.52,532.16,5,0.7727,11.0
EMP026,2026-01-17,0,0,28,26,8,83,1,1,1,58.0,58.36,61.12,34.94,18.69,41.47,47.91,-0.1941,-0.5338,-0.3309,54.19,25.59,57.2,28.0,26.0,0.0,5,0,-46.64,54.31,-0.859,50.0,7.1,5.52,532.16,5,0.747,41.5
EMP026,2026-01-18,0,0,0,0,0,0,1,1,1,57.43,57.21,59.18,34.41,18.06,41.85,47.12,-0.8113,-0.6201,-0.4853,100.0,100.0,100.0,0.0,0.0,100.0,0,5,-74.64,54.31,-1.374,50.0,7.1,5.52,532.16,0,0.0,0.0
EMP026,2026-01-19,0,0,7,4,1,15,2,2,2,57.43,57.21,55.89,32.5,17.06,41.85,47.76,-1.7214,-1.1259,-0.7255,87.48,87.69,94.14,7.0,4.0,0.0,5,0,-67.64,54.31,-1.245,50.0,7.1,5.52,532.16,5,0.8,7.5
EMP026,2026-01-20,0,0,68,23,22,146,1,1,1,45.71,50.93,53.32,31.0,16.21,42.83,47.75,-2.2351,-1.407,-0.8702,0.0,25.81,0.0,68.0,23.0,0.0,5,0,-6.64,54.31,-0.122,50.0,7.1,5.52,532.16,5,0.774,73.0
EMP026,2026-01-21,0,0,78,49,29,225,1,1,1,39.14,48.29,54.05,30.6,16.5,34.59,46.65,-1.706,-1.3203,-0.6632,0.0,0.0,0.0,78.0,49.0,0.0,5,0,3.36,54.31,0.062,50.0,7.1,5.52,532.16,5,0.6933,112.5
EMP026,2026-01-22,0,0,73,70,29,244,1,1,1,36.14,48.29,55.19,31.48,17.1,29.85,45.81,-1.1623,-0.9013,-0.4104,0.0,0.0,0.0,73.0,70.0,0.0,5,0,-1.64,54.31,-0.03,50.0,7.1,5.52,532.16,5,0.7049,122.0
EMP026,2026-01-23,0,0,122,71,23,287,1,1,1,37.86,53.07,56.0,33.23,17.64,31.53,44.91,-0.7995,-0.3269,-0.2157,0.0,0.0,0.0,122.0,71.0,0.0,5,0,47.36,54.31,0.872,50.0,7.1,5.52,532.16,5,0.7526,143.5
EMP026,2026-01-24,0,0,40,20,11,95,1,1,1,53.71,55.86,58.87,34.87,17.87,40.63,45.94,0.0178,0.1245,-0.1304,32.05,42.64,38.44,40.0,20.0,0.0,5,0,-34.64,54.31,-0.638,50.0,7.1,5.52,532.16,5,0.7474,47.5
EMP026,2026-01-25,0,0,0,0,0,0,1,1,1,55.43,56.43,58.08,34.25,17.58,39.76,45.13,-0.173,-0.0391,-0.1835,100.0,100.0,100.0,0.0,0.0,100.0,0,5,-74.64,54.31,-1.374,50.0,7.1,5.52,532.16,0,0.0,0.0
EMP026,2026-01-26,0,0,0,0,0,0,2,2,2,55.43,56.43,55.76,32.88,16.88,39.76,45.66,-0.6892,-0.3508,-0.3246,100.0,100.0,100.0,0.0,0.0,100.0,0,5,-74.64,54.31,-1.374,50.0,7.1,5.52,532.16,0,0.0,0.0
EMP026,2026-01-27,0,0,83,55,25,226,3,3,3,54.43,50.07,53.62,31.62,16.23,41.03,46.04,-1.0892,-0.5928,-0.4328,0.0,0.0,0.0,83.0,55.0,0.0,5,0,8.36,54.31,0.154,50.0,7.1,5.52,532.16,5,0.7212,113.0
EMP026,2026-01-28,0,0,117,61,38,294,1,1,1,56.57,47.86,54.7,32.48,16.56,42.06,45.52,-0.7393,-0.3437,-0.3168,0.0,0.0,0.0,117.0,61.0,0.0,5,0,42.36,54.31,0.78,50.0,7.1,5.52,532.16,5,0.7347,147.0
EMP026,2026-01-29,0,0,144,73,51,341,1,1,1,62.14,49.14,56.93,33.5,17.32,46.84,46.17,-0.2025,-0.0974,-0.1256,0.0,0.0,0.0,144.0,73.0,0.0,5,0,69.36,54.31,1.277,50.0,7.1,5.52,532.16,5,0.7859,170.5
EMP026,2026-01-30,0,0,222,64,35,411,1,1,1,72.29,55.07,59.93,34.86,18.48,55.06,48.07,0.4182,0.1847,0.1192,0.0,0.0,0.0,222.0,64.0,0.0,5,0,147.36,54.31,2.713,50.0,7.1,5.52,532.16,5,0.781,205.5
EMP026,2026-01-31,0,0,29,16,6,66,1,1,1,86.57,70.14,65.33,35.83,19.03,75.34,55.5,1.4234,0.3548,0.2142,55.61,55.34,68.47,29.0,16.0,0.0,5,0,-45.64,54.31,-0.84,50.0,7.1,5.52,532.16,5,0.7727,33.0
EMP026,2026-02-01,0,0,0,0,0,0,1,1,1,85.0,70.21,66.3,36.37,19.23,76.4,54.6,0.7384,-0.0202,-0.0011,100.0,100.0,100.0,0.0,0.0,100.0,0,5,-74.64,54.31,-1.374,50.0,7.1,5.52,532.16,0,0.0,0.0
EMP026,2026-02-02,0,0,137,54,46,308,2,2,2,85.0,70.21,60.93,33.47,17.57,76.4,52.91,0.9637,0.0943,0.087,0.0,0.0,0.0,137.0,54.0,0.0,5,0,62.36,54.31,1.148,50.0,7.1,5.52,532.16,5,0.7695,154.0
EMP026,2026-02-03,0,0,162,85,35,379,1,1,1,104.57,79.5,64.03,34.2,18.57,69.35,54.53,1.3377,0.2167,0.2596,0.0,0.0,0.0,162.0,85.0,0.0,5,0,87.36,54.31,1.609,50.0,7.1,5.52,532.16,5,0.7441,189.5
EMP026,2026-02-04,0,0,94,65,37,254,1,1,1,115.86,86.21,69.43,37.03,19.73,71.32,55.92,1.5281,0.3086,0.2376,0.0,0.0,0.0,94.0,65.0,0.0,5,0,19.36,54.31,0.356,50.0,7.1,5.52,532.16,5,0.7717,127.0
EMP026,2026-02-05,0,0,96,58,31,261,1,1,1,112.57,87.36,69.4,37.57,20.1,71.72,55.91,1.863,0.5715,0.3922,0.0,0.0,0.0,96.0,58.0,0.0,5,0,21.36,54.31,0.393,50.0,7.1,5.52,532.16,5,0.7088,130.5
EMP026,2026-02-06,0,0,123,41,44,281,1,1,1,105.71,89.0,69.1,37.2,20.0,70.67,55.74,2.2801,0.9201,0.5584,0.0,0.0,0.0,123.0,41.0,0.0,5,0,48.36,54.31,0.89,50.0,7.1,5.52,532.16,5,0.7402,140.5
EMP026,2026-02-07,0,0,46,28,13,110,1,1,1,91.57,89.07,70.6,36.63,20.5,53.9,56.56,2.6892,1.0881,0.7753,34.84,23.56,36.59,46.0,28.0,0.0,5,0,-28.64,54.31,-0.527,50.0,7.1,5.52,532.16,5,0.7909,55.0
EMP026,2026-02-08,0,0,0,0,0,0,1,1,1,94.0,89.5,71.93,37.5,20.9,51.35,55.48,2.085,0.7935,0.5924,100.0,100.0,100.0,0.0,0.0,100.0,0,5,-74.64,54.31,-1.374,50.0,7.1,5.52,532.16,0,0.0,0.0
EMP026,2026-02-09,0,0,118,73,23,283,2,2,2,94.0,89.5,69.17,36.1,19.77,51.35,56.91,1.6972,0.5826,0.5479,0.0,0.0,0.0,118.0,73.0,0.0,5,0,43.36,54.31,0.798,50.0,7.1,5.52,532.16,5,0.7562,141.5
EMP026,2026-02-10,0,0,88,79,47,301,1,1,1,91.29,97.93,72.03,37.7,20.2,49.47,57.13,1.756,0.7442,0.5014,0.0,0.0,0.0,88.0,79.0,0.0,5,0,13.36,54.31,0.246,50.0,7.1,5.52,532.16,5,0.711,150.5
EMP026,2026-02-11,0,0,70,46,39,230,1,1,1,80.71,98.29,74.97,40.33,21.77,40.29,55.6,1.3622,0.7506,0.535,6.63,0.0,0.0,70.0,46.0,0.0,5,0,-4.64,54.31,-0.085,50.0,7.1,5.52,532.16,5,0.6739,115.0
EMP026,2026-02-12,0,0,67,59,23,214,1,1,1,77.29,94.93,74.33,40.3,22.33,40.03,55.54,1.4269,0.8331,0.6478,9.86,0.0,0.0,67.0,59.0,0.0,5,0,-7.64,54.31,-0.141,50.0,7.1,5.52,532.16,5,0.6963,107.0
EMP026,2026-02-13,0,0,79,71,43,257,1,1,1,73.14,89.43,72.77,39.8,22.13,39.38,55.06,1.6532,1.1862,0.6981,0.0,0.0,0.0,79.0,71.0,0.0,5,0,4.36,54.31,0.08,50.0,7.1,5.52,532.16,5,0.751,128.5
EMP026,2026-02-14,0,0,32,17,15,83,1,1,1,66.86,79.21,72.1,40.57,22.43,34.07,54.86,1.8743,1.444,0.9146,55.62,58.1,33.13,32.0,17.0,0.0,5,0,-42.64,54.31,-0.785,50.0,7.1,5.52,532.16,5,0.7711,41.5
EMP026,2026-02-15,0,0,0,0,0,0,1,1,1,64.86,79.43,71.13,40.37,22.57,35.61,55.3,1.539,1.1709,0.7878,100.0,100.0,100.0,0.0,0.0,100.0,0,5,-74.64,54.31,-1.374,50.0,7.1,5.52,532.16,0,0.0,0.0
EMP026,2026-02-16,0,0,89,63,28,240,2,2,2,64.86,79.43,70.77,40.27,22.47,35.61,55.73,0.6654,0.6527,0.5072,0.0,0.0,0.0,89.0,63.0,0.0,5,0,14.36,54.31,0.264,50.0,7.1,5.52,532.16,5,0.75,120.0
EMP026,2026-02-17,0,0,93,72,28,276,1,1,1,60.71,76.0,72.8,41.5,23.13,30.51,55.25,0.4881,0.701,0.4432,0.0,0.0,0.0,93.0,72.0,0.0,5,0,18.36,54.31,0.338,50.0,7.1,5.52,532.16,5,0.6993,138.0
EMP026,2026-02-18,0,0,117,60,23,267,1,1,1,61.43,71.07,75.9,43.9,24.07,31.19,53.66,0.1164,0.6116,0.315,0.0,0.0,4.45,117.0,60.0,0.0,5,0,42.36,54.31,0.78,50.0,7.1,5.52,532.16,5,0.7491,133.5
EMP026,2026-02-19,0,0,94,64,21,252,1,1,1,68.14,72.71,79.57,45.77,24.8,36.86,52.58,-0.0937,0.4403,0.1491,0.0,0.0,15.32,94.0,64.0,0.0,5,0,19.36,54.31,0.356,50.0,7.1,5.52,532.16,5,0.7103,126.0
EMP026,2026-02-20,0,0,97,56,33,272,1,1,1,72.0,72.57,80.43,47.13,24.77,37.93,52.59,-0.0803,0.4009,0.1052,0.0,0.0,0.0,97.0,56.0,0.0,5,0,22.36,54.31,0.412,50.0,7.1,5.52,532.16,5,0.6838,136.0
EMP026,2026-02-21,0,0,33,22,10,92,1,1,1,74.57,70.71,81.07,47.37,24.9,38.92,52.67,0.0098,0.471,0.1875,59.29,53.56,59.84,33.0,22.0,0.0,5,0,-41.64,54.31,-0.767,50.0,7.1,5.52,532.16,5,0.7065,46.0
EMP026,2026-02-22,0,0,0,0,0,0,1,1,1,74.71,69.79,79.73,45.77,24.27,38.76,53.36,-0.356,0.4634,0.1197,100.0,100.0,100.0,0.0,0.0,100.0,0,5,-74.64,54.31,-1.374,50.0,7.1,5.52,532.16,0,0.0,0.0
EMP026,2026-02-23,0,0,91,56,29,246,2,2,2,74.71,69.79,75.67,43.4,23.5,38.76,54.62,-0.5789,0.3422,-0.0456,0.0,0.0,0.0,91.0,56.0,0.0,5,0,16.36,54.31,0.301,50.0,7.1,5.52,532.16,5,0.7154,123.0
EMP026,2026-02-24,0,0,96,56,39,277,1,1,1,75.0,67.86,77.37,44.6,24.1,38.87,54.28,-0.7259,0.2621,-0.0963,0.0,0.0,0.0,96.0,56.0,0.0,5,0,21.36,54.31,0.393,50.0,7.1,5.52,532.16,5,0.6895,138.5
EMP026,2026-02-25,0,0,88,68,33,257,1,1,1,75.43,68.43,80.57,46.47,25.4,39.09,52.42,-1.1393,0.028,-0.1664,0.0,0.0,0.0,88.0,68.0,0.0,5,0,13.36,54.31,0.246,50.0,7.1,5.52,532.16,5,0.7354,128.5
EMP026,2026-02-26,0,0,123,67,21,294,1,1,1,71.29,69.71,83.5,48.73,26.5,35.86,50.25,-1.6469,-0.1535,-0.2925,0.0,0.0,20.75,123.0,67.0,0.0,5,0,48.36,54.31,0.89,50.0,7.1,5.52,532.16,5,0.7177,147.0
EMP026,2026-02-27,0,0,86,80,30,258,1,1,1,75.43,73.71,84.83,49.13,26.37,39.72,50.74,-1.3956,0.0076,-0.3384,0.0,0.0,0.0,86.0,80.0,0.0,5,0,11.36,54.31,0.209,50.0,7.1,5.52,532.16,5,0.7597,129.0
EMP026,2026-02-28,0,0,82,27,14,152,1,1,1,73.86,74.21,83.8,49.77,26.1,39.04,50.39,-1.1662,0.2885,-0.2347,2.15,45.75,46.36,82.0,27.0,0.0,5,0,7.36,54.31,0.136,50.0,7.1,5.52,532.16,5,0.8092,76.0
EMP026,2026-03-01,0,0,0,0,0,0,1,1,1,80.86,77.79,81.73,48.23,24.87,35.3,49.14,-0.7626,0.3019,-0.141,100.0,100.0,100.0,0.0,0.0,100.0,0,5,-74.64,54.31,-1.374,50.0,7.1,5.52,532.16,0,0.0,0.0
EMP026,2026-03-02,0,0,0,0,0,0,2,2,2,80.86,77.79,74.33,46.1,23.7,35.3,43.89,-0.3226,0.0994,-0.2316,100.0,100.0,100.0,0.0,0.0,100.0,0,5,-74.64,54.31,-1.374,50.0,7.1,5.52,532.16,0,0.0,0.0
EMP026,2026-03-03,0,0,142,104,38,348,3,3,3,67.86,71.43,73.37,45.57,23.5,44.68,45.18,-1.1148,-0.4056,-0.5066,0.0,0.0,0.0,142.0,104.0,0.0,5,0,67.36,54.31,1.24,50.0,7.1,5.52,532.16,5,0.8161,174.0
EMP026,2026-03-04,0,0,91,59,21,242,1,1,1,74.43,74.93,78.1,49.03,24.77,51.24,44.68,-1.178,-0.3428,-0.5751,0.0,0.0,15.22,91.0,59.0,0.0,5,0,16.36,54.31,0.301,50.0,7.1,5.52,532.16,5,0.7066,121.0
EMP026,2026-03-05,0,0,99,59,24,238,1,1,1,74.86,73.07,76.57,49.2,23.93,51.37,43.4,-0.6885,-0.2443,-0.4529,0.0,0.0,0.0,99.0,59.0,0.0,5,0,24.36,54.31,0.449,50.0,7.1,5.52,532.16,5,0.7647,119.0
EMP026,2026-03-06,0,0,117,63,34,292,1,1,1,71.43,73.43,74.47,48.33,23.57,48.77,40.66,0.0454,0.0659,-0.3762,0.0,0.0,0.0,117.0,63.0,0.0,5,0,42.36,54.31,0.78,50.0,7.1,5.52,532.16,5,0.7329,146.0
EMP026,2026-03-07,0,0,46,17,10,95,1,1,1,75.86,74.86,75.23,48.27,23.47,51.24,41.23,0.4545,0.2754,-0.2162,38.85,64.78,57.39,46.0,17.0,0.0,5,0,-28.64,54.31,-0.527,50.0,7.1,5.52,532.16,5,0.7684,47.5
EMP026,2026-03-08,0,0,0,0,0,0,1,1,1,70.71,75.79,73.57,46.9,22.77,52.16,41.37,0.4091,0.1408,-0.2512,100.0,100.0,100.0,0.0,0.0,100.0,0,5,-74.64,54.31,-1.374,50.0,7.1,5.52,532.16,0,0.0,0.0
EMP026,2026-03-09,0,0,96,41,34,225,2,2,2,70.71,75.79,69.47,45.53,21.3,52.16,42.35,0.2754,-0.2024,-0.2516,0.0,9.95,0.0,96.0,41.0,0.0,5,0,21.36,54.31,0.393,50.0,7.1,5.52,532.16,5,0.76,112.5
EMP026,2026-03-10,0,0,0,0,0,0,1,1,1,84.43,76.14,71.13,45.97,22.0,43.7,42.38,0.2848,-0.3526,-0.2269,100.0,100.0,100.0,0.0,0.0,100.0,0,5,-74.64,54.31,-1.374,50.0,7.1,5.52,532.16,0,0.0,0.0
EMP026,2026-03-11,0,0,58,37,17,143,2,2,2,64.14,69.29,71.13,45.97,22.0,45.2,42.38,-0.6647,-0.9662,-0.5206,18.46,19.51,22.73,58.0,37.0,0.0,5,0,-16.64,54.31,-0.306,50.0,7.1,5.52,532.16,5,0.7832,71.5
EMP026,2026-03-12,0,0,103,39,21,224,1,1,1,59.43,67.14,69.13,44.77,21.8,43.86,41.52,-0.4263,-0.8376,-0.5459,0.0,12.89,3.67,103.0,39.0,0.0,5,0,28.36,54.31,0.522,50.0,7.1,5.52,532.16,5,0.7277,112.0
EMP026,2026-03-13,0,0,94,53,22,234,1,1,1,60.0,65.71,69.63,43.43,20.93,44.39,41.84,-0.0776,-0.6387,-0.3773,0.0,0.0,0.0,94.0,53.0,0.0,5,0,19.36,54.31,0.356,50.0,7.1,5.52,532.16,5,0.7222,117.0
EMP026,2026-03-14,0,0,32,20,9,80,1,1,1,56.71,66.29,70.43,43.67,20.37,40.75,42.07,0.0821,-0.5593,-0.2458,54.56,54.2,55.82,32.0,20.0,0.0,5,0,-42.64,54.31,-0.785,50.0,7.1,5.52,532.16,5,0.7625,40.0
EMP026,2026-03-15,0,0,0,0,0,0,1,1,1,54.71,62.71,69.27,42.37,19.9,41.56,42.63,-0.1895,-0.6062,-0.301,100.0,100.0,100.0,0.0,0.0,100.0,0,5,-74.64,54.31,-1.374,50.0,7.1,5.52,532.16,0,0.0,0.0
EMP026,2026-03-16,0,0,118,39,34,278,2,2,2,54.71,62.71,66.63,40.0,18.47,41.56,44.35,-0.5693,-0.6821,-0.2701,0.0,2.5,0.0,118.0,39.0,0.0,5,0,43.36,54.31,0.798,50.0,7.1,5.52,532.16,5,0.6871,139.0
EMP026,2026-03-17,0,0,139,66,43,332,1,1,1,57.86,71.14,69.5,40.73,19.1,45.24,44.8,-0.4768,-0.8472,-0.1938,0.0,0.0,0.0,139.0,66.0,0.0,5,0,64.36,54.31,1.185,50.0,7.1,5.52,532.16,5,0.747,166.0
EMP026,2026-03-18,0,0,48,26,16,124,1,1,1,77.71,70.93,74.13,42.93,20.53,45.98,44.56,-0.5077,-0.9651,-0.1713,35.25,39.44,22.07,48.0,26.0,0.0,5,0,-26.64,54.31,-0.491,50.0,7.1,5.52,532.16,5,0.7258,62.0
EMP026,2026-03-19,0,0,112,67,25,278,1,1,1,76.29,67.86,72.77,41.7,20.13,46.72,44.71,-0.5737,-0.9359,-0.1491,0.0,0.0,0.0,112.0,67.0,0.0,5,0,37.36,54.31,0.688,50.0,7.1,5.52,532.16,5,0.7338,139.0
EMP026,2026-03-20,0,0,99,48,30,256,1,1,1,77.57,68.79,73.4,41.53,20.03,47.56,45.12,-0.1811,-0.5637,-0.0634,0.0,0.0,0.0,99.0,48.0,0.0,5,0,24.36,54.31,0.449,50.0,7.1,5.52,532.16,5,0.6914,128.0
EMP026,2026-03-21,0,0,30,24,10,89,1,1,1,78.29,67.5,72.8,41.13,20.27,47.84,44.66,0.2848,-0.3947,0.0214,58.79,41.65,50.67,30.0,24.0,0.0,5,0,-44.64,54.31,-0.822,50.0,7.1,5.52,532.16,5,0.7191,44.5
EMP026,2026-03-22,0,0,0,0,0,0,1,1,1,78.0,66.36,70.67,39.8,19.9,48.12,45.12,0.1548,-0.3475,-0.0398,100.0,100.0,100.0,0.0,0.0,100.0,0,5,-74.64,54.31,-1.374,50.0,7.1,5.52,532.16,0,0.0,0.0
EMP026,2026-03-23,0,0,127,71,30,306,2,2,2,78.0,66.36,67.43,37.93,18.8,48.12,46.57,-0.1195,-0.4925,-0.0779,0.0,0.0,0.0,127.0,71.0,0.0,5,0,52.36,54.31,0.964,50.0,7.1,5.52,532.16,5,0.7451,153.0
EMP026,2026-03-24,0,0,113,74,34,305,1,1,1,79.29,68.57,70.57,39.57,19.47,49.27,47.3,0.0274,-0.3891,-0.0663,0.0,0.0,0.0,113.0,74.0,0.0,5,0,38.36,54.31,0.706,50.0,7.1,5.52,532.16,5,0.7246,152.5
EMP026,2026-03-25,0,0,76,68,33,229,1,1,1,75.57,76.64,74.33,42.03,20.6,45.47,46.01,-0.1855,-0.4398,-0.1068,0.0,0.0,0.0,76.0,68.0,0.0,5,0,1.36,54.31,0.025,50.0,7.1,5.52,532.16,5,0.7729,114.5
EMP026,2026-03-26,0,0,161,135,47,445,1,1,1,79.57,77.93,73.83,42.43,20.73,44.07,45.91,-0.0598,-0.176,0.0311,0.0,0.0,0.0,161.0,135.0,0.0,5,0,86.36,54.31,1.59,50.0,7.1,5.52,532.16,5,0.7708,222.5
EMP026,2026-03-27,0,0,248,124,92,550,1,1,1,86.57,82.07,76.0,45.07,21.0,51.87,48.37,0.6554,0.5148,0.3266,0.0,0.0,0.0,248.0,124.0,0.0,5,0,173.36,54.31,3.192,50.0,7.1,5.52,532.16,5,0.8436,275.0
EMP026,2026-03-28,0,0,58,46,17,161,1,1,1,107.86,93.07,81.33,46.93,22.97,77.06,57.38,1.8478,1.1822,0.8674,28.69,1.98,25.99,58.0,46.0,0.0,5,0,-16.64,54.31,-0.306,50.0,7.1,5.52,532.16,5,0.7516,80.5
EMP026,2026-03-29,0,0,0,0,0,0,1,1,1,111.86,94.93,79.17,46.23,22.83,73.56,57.0,1.9846,1.3146,0.8154,100.0,100.0,100.0,0.0,0.0,100.0,0,5,-74.64,54.31,-1.374,50.0,7.1,5.52,532.16,0,0.0,0.0
EMP026,2026-03-30,0,0,157,96,60,399,2,2,2,111.86,94.93,76.3,43.57,21.83,73.56,58.72,1.521,1.2492,0.7175,0.0,0.0,0.0,157.0,96.0,0.0,5,0,82.36,54.31,1.516,50.0,7.1,5.52,532.16,5,0.7845,199.5
EMP026,2026-03-31,0,0,164,130,71,478,1,1,1,116.14,97.71,78.8,45.87,23.37,75.17,60.48,2.081,1.4732,0.9097,0.0,0.0,0.0,164.0,130.0,0.0,5,0,89.36,54.31,1.645,50.0,7.1,5.52,532.16,5,0.7636,239.0
EMP027,2026-01-01,0,0,0,0,0,0,1,1,1,0.0,0.0,0.0,0.0,0.0,0.0,0.0,0.0,0.0,0.0,0.0,0.0,0.0,0.0,0.0,100.0,0,5,-90.18,66.34,-1.359,50.0,4.46,8.71,547.84,0,0.0,0.0
EMP027,2026-01-02,0,0,163,54,47,363,2,2,2,0.0,0.0,0.0,0.0,0.0,0.0,0.0,0.0,0.0,0.0,0.0,0.0,0.0,163.0,54.0,0.0,5,0,72.82,66.34,1.098,50.0,4.46,8.71,547.84,5,0.7273,181.5
EMP027,2026-01-03,0,0,44,32,18,120,1,1,1,81.5,81.5,81.5,27.0,23.5,81.5,81.5,0.0,0.0,0.0,46.01,0.0,23.4,44.0,32.0,0.0,5,0,-46.18,66.34,-0.696,50.0,4.46,8.71,547.84,5,0.7833,60.0
EMP027,2026-01-04,0,0,0,0,0,0,1,1,1,69.0,69.0,69.0,28.67,21.67,68.85,68.85,22.0,16.0,9.0,100.0,100.0,100.0,0.0,0.0,100.0,0,5,-90.18,66.34,-1.359,50.0,4.46,8.71,547.84,0,0.0,0.0
EMP027,2026-01-05,0,0,163,83,26,363,2,2,2,51.75,51.75,51.75,21.5,16.25,66.69,66.69,-11.9,-2.2,-2.9,0.0,0.0,0.0,163.0,83.0,0.0,5,0,72.82,66.34,1.098,50.0,4.46,8.71,547.84,5,0.7493,181.5
EMP027,2026-01-06,0,0,95,71,34,281,1,1,1,74.0,74.0,74.0,33.8,18.2,74.42,74.42,16.3,11.2,0.5,0.0,0.0,0.0,95.0,71.0,0.0,5,0,4.82,66.34,0.073,50.0,4.46,8.71,547.84,5,0.7117,140.5
EMP027,2026-01-07,0,0,74,52,36,224,1,1,1,77.5,77.5,77.5,40.0,20.83,68.39,68.39,12.3143,11.7143,2.5429,4.52,0.0,0.0,74.0,52.0,0.0,5,0,-16.18,66.34,-0.244,50.0,4.46,8.71,547.84,5,0.7232,112.0
EMP027,2026-01-08,0,0,80,50,31,243,1,1,1,77.0,77.0,77.0,41.71,23.0,63.33,63.33,7.3214,8.6071,3.2143,0.0,0.0,0.0,80.0,50.0,0.0,5,0,-10.18,66.34,-0.153,50.0,4.46,8.71,547.84,5,0.6626,121.5
EMP027,2026-01-09,0,0,104,77,49,299,1,1,1,88.43,77.38,77.38,42.75,24.0,55.08,59.25,5.131,6.4286,2.8095,0.0,0.0,0.0,104.0,77.0,0.0,5,0,13.82,66.34,0.208,50.0,4.46,8.71,547.84,5,0.7692,149.5
EMP027,2026-01-10,0,0,29,31,10,105,1,1,1,80.0,80.33,80.33,46.56,26.78,46.94,56.48,5.3667,6.7833,3.6333,63.9,33.42,62.66,29.0,31.0,0.0,5,0,-61.18,66.34,-0.922,50.0,4.46,8.71,547.84,5,0.6667,52.5
EMP027,2026-01-11,0,0,0,0,0,0,1,1,1,77.86,75.2,75.2,45.0,25.1,48.84,55.75,1.103,4.0848,1.7273,100.0,100.0,100.0,0.0,0.0,100.0,0,5,-90.18,66.34,-1.359,50.0,4.46,8.71,547.84,0,0.0,0.0
EMP027,2026-01-12,0,0,91,72,25,259,2,2,2,77.86,68.36,68.36,40.91,22.82,48.84,57.38,-2.5909,1.0182,0.1545,0.0,0.0,0.0,91.0,72.0,0.0,5,0,0.82,66.34,0.012,50.0,4.46,8.71,547.84,5,0.7259,129.5
EMP027,2026-01-13,0,0,136,59,30,287,1,1,1,67.57,70.25,70.25,43.5,23.0,35.61,55.3,-1.1224,1.979,0.2028,0.0,0.0,0.0,136.0,59.0,0.0,5,0,45.82,66.34,0.691,50.0,4.46,8.71,547.84,5,0.784,143.5
EMP027,2026-01-14,0,0,127,60,20,279,1,1,1,73.43,75.31,75.31,44.69,23.54,42.37,55.94,1.2857,2.0659,0.3901,0.0,0.0,15.04,127.0,60.0,0.0,5,0,36.82,66.34,0.555,50.0,4.46,8.71,547.84,5,0.7419,139.5
EMP027,2026-01-15,0,0,141,67,27,291,1,1,1,81.0,79.0,79.0,45.79,23.29,46.35,55.53,2.5055,2.0901,0.211,0.0,0.0,0.0,141.0,67.0,0.0,5,0,50.82,66.34,0.766,50.0,4.46,8.71,547.84,5,0.8076,145.5
EMP027,2026-01-16,0,0,0,0,0,0,1,1,1,89.71,89.07,83.13,47.2,23.53,50.85,55.83,3.5857,2.2286,0.2643,100.0,100.0,100.0,0.0,0.0,100.0,0,5,-90.18,66.34,-1.359,50.0,4.46,8.71,547.84,0,0.0,0.0
EMP027,2026-01-17,0,0,53,22,18,124,2,2,2,74.86,77.43,77.94,44.25,22.06,59.04,57.68,1.1191,0.7941,-0.3015,32.0,50.28,18.4,53.0,22.0,0.0,5,0,-37.18,66.34,-0.56,50.0,4.46,8.71,547.84,5,0.75,62.0
EMP027,2026-01-18,0,0,0,0,0,0,1,1,1,78.29,78.07,76.47,42.94,21.82,56.94,56.26,0.4436,0.2255,-0.3309,100.0,100.0,100.0,0.0,0.0,100.0,0,5,-90.18,66.34,-1.359,50.0,4.46,8.71,547.84,0,0.0,0.0
EMP027,2026-01-19,0,0,112,68,39,306,2,2,2,78.29,78.07,72.22,40.56,20.61,56.94,57.42,-0.968,-0.5635,-0.6615,0.0,0.0,0.0,112.0,68.0,0.0,5,0,21.82,66.34,0.329,50.0,4.46,8.71,547.84,5,0.7157,153.0
EMP027,2026-01-20,0,0,97,66,43,291,1,1,1,81.29,74.43,74.32,42.0,21.58,58.07,56.59,-0.1947,-0.0456,-0.2719,0.0,0.0,0.0,97.0,66.0,0.0,5,0,6.82,66.34,0.103,50.0,4.46,8.71,547.84,5,0.7079,145.5
EMP027,2026-01-21,0,0,139,69,46,332,1,1,1,75.71,74.57,75.45,43.2,22.65,54.31,55.37,0.1571,0.3038,0.0729,0.0,0.0,0.0,139.0,69.0,0.0,5,0,48.82,66.34,0.736,50.0,4.46,8.71,547.84,5,0.7651,166.0
EMP027,2026-01-22,0,0,95,77,42,270,1,1,1,77.43,79.21,78.48,44.43,23.76,56.06,55.71,0.961,0.5974,0.3662,0.0,0.0,0.0,95.0,77.0,0.0,5,0,4.82,66.34,0.073,50.0,4.46,8.71,547.84,5,0.7926,135.0
EMP027,2026-01-23,0,0,137,89,27,338,1,1,1,70.86,80.29,79.23,45.91,24.59,50.66,54.54,1.0316,0.9057,0.5347,0.0,0.0,0.0,137.0,89.0,0.0,5,0,46.82,66.34,0.706,50.0,4.46,8.71,547.84,5,0.7485,169.0
EMP027,2026-01-24,0,0,45,23,11,112,1,1,1,90.43,82.64,81.74,47.78,24.7,45.73,54.62,1.5306,1.2609,0.4941,44.95,51.86,55.47,45.0,23.0,0.0,5,0,-45.18,66.34,-0.681,50.0,4.46,8.71,547.84,5,0.7054,56.0
EMP027,2026-01-25,0,0,0,0,0,0,1,1,1,89.29,83.79,80.21,46.75,24.12,46.74,53.98,0.9796,0.8617,0.2978,100.0,100.0,100.0,0.0,0.0,100.0,0,5,-90.18,66.34,-1.359,50.0,4.46,8.71,547.84,0,0.0,0.0
EMP027,2026-01-26,0,0,0,0,0,0,2,2,2,89.29,83.79,77.0,44.88,23.16,46.74,55.17,0.1262,0.3308,0.0408,100.0,100.0,100.0,0.0,0.0,100.0,0,5,-90.18,66.34,-1.359,50.0,4.46,8.71,547.84,0,0.0,0.0
EMP027,2026-01-27,0,0,7,5,3,21,3,3,3,73.29,77.29,74.04,43.15,22.27,54.71,56.09,-0.546,-0.0896,-0.1617,90.55,88.41,86.53,7.0,5.0,0.0,5,0,-83.18,66.34,-1.254,50.0,4.46,8.71,547.84,5,0.7143,10.5
EMP027,2026-01-28,0,0,85,56,44,272,1,1,1,60.43,68.07,71.56,41.74,21.56,58.1,56.48,-1.0195,-0.3828,-0.2973,0.0,0.0,0.0,85.0,56.0,0.0,5,0,-5.18,66.34,-0.078,50.0,4.46,8.71,547.84,5,0.6801,136.0
EMP027,2026-01-29,0,0,243,97,51,484,1,1,1,52.71,65.07,72.04,42.25,22.36,50.2,55.52,-0.8147,-0.2378,-0.1007,0.0,0.0,0.0,243.0,97.0,0.0,5,0,152.82,66.34,2.304,50.0,4.46,8.71,547.84,5,0.8079,242.0
EMP027,2026-01-30,0,0,257,106,43,507,1,1,1,73.86,72.36,77.93,44.14,23.34,83.61,62.84,0.4458,0.1635,0.1069,0.0,0.0,0.0,257.0,106.0,0.0,5,0,166.82,66.34,2.515,50.0,4.46,8.71,547.84,5,0.8008,253.5
EMP027,2026-01-31,0,0,41,26,12,105,1,1,1,91.0,90.71,83.9,46.2,24.0,104.49,69.65,1.558,0.5468,0.2234,51.13,43.72,50.0,41.0,26.0,0.0,5,0,-49.18,66.34,-0.741,50.0,4.46,8.71,547.84,5,0.7524,52.5
EMP027,2026-02-01,0,0,0,0,0,0,1,1,1,90.43,89.86,85.27,47.07,24.4,104.75,68.38,0.7026,0.0979,-0.0196,100.0,100.0,100.0,0.0,0.0,100.0,0,5,-90.18,66.34,-1.359,50.0,4.46,8.71,547.84,0,0.0,0.0
EMP027,2026-02-02,0,0,109,85,37,309,2,2,2,90.43,89.86,79.83,45.27,22.83,104.75,68.46,0.6885,-0.158,-0.0211,0.0,0.0,0.0,109.0,85.0,0.0,5,0,18.82,66.34,0.284,50.0,4.46,8.71,547.84,5,0.7476,154.5
EMP027,2026-02-03,0,0,192,109,55,463,1,1,1,106.0,89.64,82.0,47.03,23.47,98.04,68.32,0.6296,0.0069,0.0369,0.0,0.0,0.0,192.0,109.0,0.0,5,0,101.82,66.34,1.535,50.0,4.46,8.71,547.84,5,0.7689,231.5
EMP027,2026-02-04,0,0,114,67,39,281,1,1,1,132.43,96.43,88.4,50.67,25.3,92.57,69.32,0.7737,0.0823,0.0785,0.0,0.0,0.0,114.0,67.0,0.0,5,0,23.82,66.34,0.359,50.0,4.46,8.71,547.84,5,0.7829,140.5
EMP027,2026-02-05,0,0,118,76,45,329,1,1,1,136.57,94.64,86.77,50.13,25.73,90.99,68.11,1.4534,0.4107,0.1717,0.0,0.0,0.0,118.0,76.0,0.0,5,0,27.82,66.34,0.419,50.0,4.46,8.71,547.84,5,0.7264,164.5
EMP027,2026-02-06,0,0,82,78,36,277,1,1,1,118.71,96.29,87.53,50.3,26.1,79.95,68.33,1.7117,0.7215,0.3531,6.32,0.0,0.0,82.0,78.0,0.0,5,0,-8.18,66.34,-0.123,50.0,4.46,8.71,547.84,5,0.7076,138.5
EMP027,2026-02-07,0,0,41,28,16,111,1,1,1,93.71,92.36,87.8,51.17,26.1,56.81,68.29,1.5826,0.9119,0.4852,53.3,45.28,38.7,41.0,28.0,0.0,5,0,-49.18,66.34,-0.741,50.0,4.46,8.71,547.84,5,0.7658,55.5
EMP027,2026-02-08,0,0,0,0,0,0,1,1,1,93.71,92.07,86.5,50.43,25.6,56.81,68.8,1.2269,0.7544,0.4538,100.0,100.0,100.0,0.0,0.0,100.0,0,5,-90.18,66.34,-1.359,50.0,4.46,8.71,547.84,0,0.0,0.0
EMP027,2026-02-09,0,0,129,83,29,341,2,2,2,93.71,92.07,83.03,47.87,23.97,56.81,70.43,0.7895,0.6122,0.4501,0.0,0.0,0.0,129.0,83.0,0.0,5,0,38.82,66.34,0.585,50.0,4.46,8.71,547.84,5,0.7067,170.5
EMP027,2026-02-10,0,0,100,92,54,322,1,1,1,96.57,101.29,86.37,49.6,24.6,58.0,70.16,0.7135,0.7226,0.3862,0.0,0.0,0.0,100.0,92.0,0.0,5,0,9.82,66.34,0.148,50.0,4.46,8.71,547.84,5,0.764,161.0
EMP027,2026-02-11,0,0,135,57,32,288,1,1,1,83.43,107.93,89.7,52.67,26.4,43.5,68.33,0.2058,0.6541,0.4062,0.0,0.0,0.0,135.0,57.0,0.0,5,0,44.82,66.34,0.676,50.0,4.46,8.71,547.84,5,0.7778,144.0
EMP027,2026-02-12,0,0,112,57,24,256,1,1,1,86.43,111.5,91.17,52.17,26.63,46.15,68.81,0.507,0.8154,0.4327,0.0,0.0,9.88,112.0,57.0,0.0,5,0,21.82,66.34,0.329,50.0,4.46,8.71,547.84,5,0.7539,128.0
EMP027,2026-02-13,0,0,86,56,43,266,1,1,1,85.57,102.14,90.37,52.1,26.43,45.6,68.43,0.9506,0.8937,0.4389,4.84,0.0,0.0,86.0,56.0,0.0,5,0,-4.18,66.34,-0.063,50.0,4.46,8.71,547.84,5,0.6955,133.0
EMP027,2026-02-14,0,0,43,27,9,101,1,1,1,86.14,89.93,89.0,51.97,27.2,45.58,68.09,1.1751,0.9733,0.5014,51.69,48.05,66.91,43.0,27.0,0.0,5,0,-47.18,66.34,-0.711,50.0,4.46,8.71,547.84,5,0.7822,50.5
EMP027,2026-02-15,0,0,0,0,0,0,1,1,1,86.43,90.07,85.73,50.63,26.6,45.3,67.87,1.2369,0.9159,0.3826,100.0,100.0,100.0,0.0,0.0,100.0,0,5,-90.18,66.34,-1.359,50.0,4.46,8.71,547.84,0,0.0,0.0
EMP027,2026-02-16,0,0,98,87,39,304,2,2,2,86.43,90.07,85.73,50.63,26.6,45.3,67.87,0.0925,0.24,0.0276,0.0,0.0,0.0,98.0,87.0,0.0,5,0,7.82,66.34,0.118,50.0,4.46,8.71,547.84,5,0.7368,152.0
EMP027,2026-02-17,0,0,93,79,29,288,1,1,1,82.0,89.29,87.23,52.8,27.3,42.34,67.62,-0.0541,0.2772,0.0483,0.0,0.0,0.0,93.0,79.0,0.0,5,0,2.82,66.34,0.043,50.0,4.46,8.71,547.84,5,0.6979,144.0
EMP027,2026-02-18,0,0,92,43,26,251,1,1,1,81.0,82.21,90.33,55.43,28.27,41.99,65.66,-0.6185,0.0821,-0.129,0.0,22.42,8.03,92.0,43.0,0.0,5,0,1.82,66.34,0.027,50.0,4.46,8.71,547.84,5,0.6414,125.5
EMP027,2026-02-19,0,0,148,72,27,334,1,1,1,74.86,80.64,89.67,54.6,27.83,36.41,65.53,-0.4583,0.0885,-0.0696,0.0,0.0,2.98,148.0,72.0,0.0,5,0,57.82,66.34,0.872,50.0,4.46,8.71,547.84,5,0.7395,167.0
EMP027,2026-02-20,0,0,155,64,37,349,1,1,1,80.0,82.79,91.37,54.8,27.3,43.2,66.36,-0.0314,0.2794,0.0296,0.0,0.0,0.0,155.0,64.0,0.0,5,0,64.82,66.34,0.977,50.0,4.46,8.71,547.84,5,0.7335,174.5
EMP027,2026-02-21,0,0,57,25,12,139,1,1,1,89.86,88.0,91.9,54.63,27.0,50.67,66.8,0.7077,0.4367,0.2211,37.98,54.24,55.56,57.0,25.0,0.0,5,0,-33.18,66.34,-0.5,50.0,4.46,8.71,547.84,5,0.6763,69.5
EMP027,2026-02-22,0,0,0,0,0,0,1,1,1,91.86,89.14,90.63,52.9,26.0,49.03,67.09,0.5039,0.3998,0.2278,100.0,100.0,100.0,0.0,0.0,100.0,0,5,-90.18,66.34,-1.359,50.0,4.46,8.71,547.84,0,0.0,0.0
EMP027,2026-02-23,0,0,5,5,1,15,2,2,2,91.86,89.14,86.07,49.93,25.1,49.03,68.43,0.2389,0.3075,0.067,94.19,89.99,96.02,5.0,5.0,0.0,5,0,-85.18,66.34,-1.284,50.0,4.46,8.71,547.84,5,0.7333,7.5
EMP027,2026-02-24,0,0,111,89,42,329,1,1,1,78.57,80.29,84.73,49.33,24.77,57.45,69.6,-0.5673,-0.1682,-0.1858,0.0,0.0,0.0,111.0,89.0,0.0,5,0,20.82,66.34,0.314,50.0,4.46,8.71,547.84,5,0.7356,164.5
EMP027,2026-02-25,0,0,92,57,28,263,1,1,1,81.14,81.07,88.43,52.3,26.17,58.43,67.92,-0.9822,-0.2525,-0.2454,0.0,0.0,0.0,92.0,57.0,0.0,5,0,1.82,66.34,0.027,50.0,4.46,8.71,547.84,5,0.673,131.5
EMP027,2026-02-26,0,0,123,86,34,349,1,1,1,81.14,78.0,91.5,54.2,27.1,58.43,65.91,-1.5691,-0.5829,-0.414,0.0,0.0,0.0,123.0,86.0,0.0,5,0,32.82,66.34,0.495,50.0,4.46,8.71,547.84,5,0.6963,174.5
EMP027,2026-02-27,0,0,116,59,33,320,1,1,1,77.57,78.79,95.37,56.9,28.13,54.89,64.22,-1.9486,-0.717,-0.5357,0.0,0.0,0.0,116.0,59.0,0.0,5,0,25.82,66.34,0.389,50.0,4.46,8.71,547.84,5,0.65,160.0
EMP027,2026-02-28,0,0,49,20,5,91,1,1,1,72.0,80.93,96.4,57.0,27.77,48.34,64.29,-1.887,-0.7097,-0.3949,49.17,64.91,81.99,49.0,20.0,0.0,5,0,-41.18,66.34,-0.621,50.0,4.46,8.71,547.84,5,0.8132,45.5
EMP027,2026-03-01,0,0,0,0,0,0,1,1,1,70.86,81.36,89.93,54.43,26.23,48.77,58.74,-1.1818,-0.6725,-0.3815,100.0,100.0,100.0,0.0,0.0,100.0,0,5,-90.18,66.34,-1.359,50.0,4.46,8.71,547.84,0,0.0,0.0
EMP027,2026-03-02,0,0,0,0,0,0,2,2,2,70.86,81.36,81.37,50.9,24.8,48.77,52.12,-0.6098,-0.6681,-0.4352,100.0,100.0,100.0,0.0,0.0,100.0,0,5,-90.18,66.34,-1.359,50.0,4.46,8.71,547.84,0,0.0,0.0
EMP027,2026-03-03,0,0,139,117,38,395,3,3,3,70.14,74.36,80.0,50.03,24.4,49.76,53.67,-1.4131,-1.1682,-0.6834,0.0,0.0,0.0,139.0,117.0,0.0,5,0,48.82,66.34,0.736,50.0,4.46,8.71,547.84,5,0.7443,197.5
EMP027,2026-03-04,0,0,124,72,40,304,1,1,1,74.14,77.64,84.63,53.93,25.67,53.84,52.55,-1.5842,-1.0812,-0.764,0.0,0.0,0.0,124.0,72.0,0.0,5,0,33.82,66.34,0.51,50.0,4.46,8.71,547.84,5,0.7763,152.0
EMP027,2026-03-05,0,0,126,73,28,307,1,1,1,78.71,79.93,85.13,53.5,25.77,56.46,52.85,-1.1622,-0.7504,-0.5933,0.0,0.0,0.0,126.0,73.0,0.0,5,0,35.82,66.34,0.54,50.0,4.46,8.71,547.84,5,0.7394,153.5
EMP027,2026-03-06,0,0,111,97,29,303,1,1,1,79.14,78.36,82.93,52.3,24.87,56.8,49.63,-0.1615,-0.2418,-0.3773,0.0,0.0,0.0,111.0,97.0,0.0,5,0,20.82,66.34,0.314,50.0,4.46,8.71,547.84,5,0.7822,151.5
EMP027,2026-03-07,0,0,37,18,9,96,1,1,1,78.43,75.21,82.83,53.3,24.53,56.36,49.57,0.2338,0.1479,-0.2532,55.33,66.23,63.31,37.0,18.0,0.0,5,0,-53.18,66.34,-0.802,50.0,4.46,8.71,547.84,5,0.6667,48.0
EMP027,2026-03-08,0,0,0,0,0,0,1,1,1,76.71,73.79,80.13,51.37,23.33,57.41,49.79,0.1806,0.0768,-0.2122,100.0,100.0,100.0,0.0,0.0,100.0,0,5,-90.18,66.34,-1.359,50.0,4.46,8.71,547.84,0,0.0,0.0
EMP027,2026-03-09,0,0,112,75,40,317,2,2,2,76.71,73.79,77.4,48.77,22.13,57.41,51.82,-0.3235,-0.071,-0.2754,0.0,0.0,0.0,112.0,75.0,0.0,5,0,21.82,66.34,0.329,50.0,4.46,8.71,547.84,5,0.7161,158.5
EMP027,2026-03-10,0,0,91,79,34,297,1,1,1,92.71,81.43,79.77,50.33,22.93,48.75,51.73,-0.3513,-0.0449,-0.2024,0.0,0.0,0.0,91.0,79.0,0.0,5,0,0.82,66.34,0.012,50.0,4.46,8.71,547.84,5,0.6869,148.5
EMP027,2026-03-11,0,0,118,77,37,320,1,1,1,85.86,80.0,82.8,52.97,24.07,44.99,49.58,-0.8289,-0.2071,-0.2892,0.0,0.0,0.0,118.0,77.0,0.0,5,0,27.82,66.34,0.419,50.0,4.46,8.71,547.84,5,0.725,160.0
EMP027,2026-03-12,0,0,97,58,44,272,1,1,1,85.0,81.86,82.43,52.77,24.33,44.3,49.28,-0.2832,0.1551,-0.1717,0.0,0.0,0.0,97.0,58.0,0.0,5,0,6.82,66.34,0.103,50.0,4.46,8.71,547.84,5,0.7316,136.0
EMP027,2026-03-13,0,0,127,66,25,296,1,1,1,80.86,80.0,82.33,51.63,24.0,41.55,49.25,-0.0681,0.4594,0.1597,0.0,0.0,0.0,127.0,66.0,0.0,5,0,36.82,66.34,0.555,50.0,4.46,8.71,547.84,5,0.7365,148.0
EMP027,2026-03-14,0,0,37,29,18,107,1,1,1,83.14,80.79,82.07,51.93,23.77,43.53,48.98,0.5833,0.5891,0.2214,54.92,44.16,24.27,37.0,29.0,0.0,5,0,-53.18,66.34,-0.802,50.0,4.46,8.71,547.84,5,0.785,53.5
EMP027,2026-03-15,0,0,0,0,0,0,1,1,1,83.14,79.93,79.57,51.0,23.57,43.53,49.3,0.499,0.4761,0.1858,100.0,100.0,100.0,0.0,0.0,100.0,0,5,-90.18,66.34,-1.359,50.0,4.46,8.71,547.84,0,0.0,0.0
EMP027,2026-03-16,0,0,86,70,43,301,2,2,2,83.14,79.93,76.7,49.13,22.13,43.53,51.31,0.03,0.1815,0.1677,0.0,0.0,0.0,86.0,70.0,0.0,5,0,-4.18,66.34,-0.063,50.0,4.46,8.71,547.84,5,0.6611,150.5
EMP027,2026-03-17,0,0,138,88,54,381,1,1,1,79.43,86.07,78.13,50.57,23.27,42.0,50.94,-0.1424,0.1635,0.2118,0.0,0.0,0.0,138.0,88.0,0.0,5,0,47.82,66.34,0.721,50.0,4.46,8.71,547.84,5,0.7349,190.5
EMP027,2026-03-18,0,0,97,75,39,296,1,1,1,86.14,86.0,82.73,53.5,25.07,46.79,49.9,-0.295,0.0563,0.2496,0.0,0.0,0.0,97.0,75.0,0.0,5,0,6.82,66.34,0.103,50.0,4.46,8.71,547.84,5,0.7128,148.0
EMP027,2026-03-19,0,0,92,71,36,286,1,1,1,83.14,84.07,82.7,53.1,25.07,45.3,49.89,-0.0977,0.426,0.4356,0.0,0.0,0.0,92.0,71.0,0.0,5,0,1.82,66.34,0.027,50.0,4.46,8.71,547.84,5,0.6958,143.0
EMP027,2026-03-20,0,0,125,72,43,332,1,1,1,82.43,81.64,82.67,52.83,25.3,45.12,49.89,0.0334,0.7201,0.5333,0.0,0.0,0.0,125.0,72.0,0.0,5,0,34.82,66.34,0.525,50.0,4.46,8.71,547.84,5,0.7229,166.0
EMP027,2026-03-21,0,0,31,28,21,116,1,1,1,82.14,82.64,83.77,53.8,25.87,44.84,50.44,0.3709,0.776,0.6523,62.99,47.96,18.82,31.0,28.0,0.0,5,0,-59.18,66.34,-0.892,50.0,4.46,8.71,547.84,5,0.6897,58.0
EMP027,2026-03-22,0,0,0,0,0,0,1,1,1,81.29,82.21,79.87,52.33,25.67,45.74,49.84,0.4734,0.735,0.6287,100.0,100.0,100.0,0.0,0.0,100.0,0,5,-90.18,66.34,-1.359,50.0,4.46,8.71,547.84,0,0.0,0.0
EMP027,2026-03-23,0,0,98,59,45,282,2,2,2,81.29,82.21,74.7,50.2,24.43,45.74,49.82,0.4763,0.4779,0.5413,0.0,0.0,0.0,98.0,59.0,0.0,5,0,7.82,66.34,0.118,50.0,4.46,8.71,547.84,5,0.7163,141.0
EMP027,2026-03-24,0,0,116,70,42,330,1,1,1,83.0,81.21,76.07,51.33,25.53,46.11,49.88,0.5046,0.3608,0.5882,0.0,0.0,0.0,116.0,70.0,0.0,5,0,25.82,66.34,0.389,50.0,4.46,8.71,547.84,5,0.6909,165.0
EMP027,2026-03-25,0,0,226,134,60,513,1,1,1,79.86,83.0,79.93,53.67,26.93,42.89,48.3,0.2376,0.1273,0.5184,0.0,0.0,0.0,226.0,134.0,0.0,5,0,135.82,66.34,2.047,50.0,4.46,8.71,547.84,5,0.8187,256.5
EMP027,2026-03-26,0,0,284,117,54,544,1,1,1,98.29,90.71,87.3,57.97,28.9,67.15,52.94,0.6632,0.3099,0.5528,0.0,0.0,0.0,284.0,117.0,0.0,5,0,193.82,66.34,2.922,50.0,4.46,8.71,547.84,5,0.8364,272.0
EMP027,2026-03-27,0,0,234,138,61,544,1,1,1,125.71,104.07,93.07,58.9,29.3,93.16,63.57,2.0957,0.9048,0.8051,0.0,0.0,0.0,234.0,138.0,0.0,5,0,143.82,66.34,2.168,50.0,4.46,8.71,547.84,5,0.796,272.0
EMP027,2026-03-28,0,0,104,59,28,240,1,1,1,141.29,111.71,97.8,61.6,30.4,100.55,68.41,2.9976,1.402,1.0007,0.0,4.22,7.89,104.0,59.0,0.0,5,0,13.82,66.34,0.208,50.0,4.46,8.71,547.84,5,0.7958,120.0
EMP027,2026-03-29,0,0,0,0,0,0,1,1,1,151.71,116.5,97.17,60.7,30.2,92.0,68.26,3.2113,1.5535,1.01,100.0,100.0,100.0,0.0,0.0,100.0,0,5,-90.18,66.34,-1.359,50.0,4.46,8.71,547.84,0,0.0,0.0
EMP027,2026-03-30,0,0,224,98,58,493,2,2,2,151.71,116.5,93.3,58.73,29.1,92.0,70.34,2.7143,1.1502,0.8345,0.0,0.0,0.0,224.0,98.0,0.0,5,0,133.82,66.34,2.017,50.0,4.46,8.71,547.84,5,0.7708,246.5
EMP027,2026-03-31,0,0,184,95,84,459,1,1,1,169.71,126.36,99.13,61.33,30.87,92.05,73.61,3.2521,1.1364,0.8547,0.0,0.0,0.0,184.0,95.0,0.0,5,0,93.82,66.34,1.414,50.0,4.46,8.71,547.84,5,0.7908,229.5
EMP028,2026-01-01,0,0,0,0,0,0,1,1,1,0.0,0.0,0.0,0.0,0.0,0.0,0.0,0.0,0.0,0.0,0.0,0.0,0.0,0.0,0.0,100.0,0,5,-68.38,55.14,-1.24,0.0,6.63,10.87,476.93,0,0.0,0.0
EMP028,2026-01-02,0,0,128,63,31,276,2,2,2,0.0,0.0,0.0,0.0,0.0,0.0,0.0,0.0,0.0,0.0,0.0,0.0,0.0,128.0,63.0,0.0,5,0,59.62,55.14,1.081,100.0,6.63,10.87,476.93,5,0.8043,138.0
EMP028,2026-01-03,0,0,30,25,8,93,1,1,1,64.0,64.0,64.0,31.5,15.5,64.0,64.0,0.0,0.0,0.0,53.12,20.63,48.39,30.0,25.0,0.0,5,0,-38.38,55.14,-0.696,0.0,6.63,10.87,476.93,5,0.6774,46.5
EMP028,2026-01-04,0,0,0,0,0,0,1,1,1,52.67,52.67,52.67,29.33,13.0,54.66,54.66,15.0,12.5,4.0,100.0,100.0,100.0,0.0,0.0,100.0,0,5,-68.38,55.14,-1.24,0.0,6.63,10.87,476.93,0,0.0,0.0
EMP028,2026-01-05,0,0,68,55,32,214,2,2,2,39.5,39.5,39.5,22.0,9.75,52.54,52.54,-9.8,-3.8,-2.3,0.0,0.0,0.0,68.0,55.0,0.0,5,0,-0.38,55.14,-0.007,100.0,6.63,10.87,476.93,5,0.7243,107.0
EMP028,2026-01-06,0,0,92,68,23,233,1,1,1,45.2,45.2,45.2,28.6,14.2,48.36,48.36,0.8,4.7,3.3,0.0,0.0,0.0,92.0,68.0,0.0,5,0,23.62,55.14,0.428,100.0,6.63,10.87,476.93,5,0.7854,116.5
EMP028,2026-01-07,0,0,69,37,29,192,1,1,1,53.0,53.0,53.0,35.17,15.67,47.47,47.47,7.1429,8.3143,3.1429,0.0,0.0,0.0,69.0,37.0,0.0,5,0,0.62,55.14,0.011,100.0,6.63,10.87,476.93,5,0.7031,96.0
EMP028,2026-01-08,0,0,71,28,13,148,1,1,1,55.29,55.29,55.29,35.43,17.57,44.3,44.3,6.1786,5.3929,3.3929,0.0,20.97,26.01,71.0,28.0,0.0,5,0,2.62,55.14,0.048,100.0,6.63,10.87,476.93,5,0.7568,74.0
EMP028,2026-01-09,0,0,62,58,28,210,1,1,1,65.43,57.25,57.25,34.5,17.0,38.19,41.76,5.4286,2.9762,1.881,0.0,0.0,0.0,62.0,58.0,0.0,5,0,-6.38,55.14,-0.116,0.0,6.63,10.87,476.93,5,0.7048,105.0
EMP028,2026-01-10,0,0,31,20,9,84,1,1,1,56.0,57.78,57.78,37.11,18.22,28.49,39.4,4.1167,3.65,2.05,46.35,46.11,50.6,31.0,20.0,0.0,5,0,-37.38,55.14,-0.678,0.0,6.63,10.87,476.93,5,0.7143,42.0
EMP028,2026-01-11,0,0,0,0,0,0,1,1,1,56.14,55.1,55.1,35.4,17.3,28.36,38.23,1.5333,1.7212,0.9879,100.0,100.0,100.0,0.0,0.0,100.0,0,5,-68.38,55.14,-1.24,0.0,6.63,10.87,476.93,0,0.0,0.0
EMP028,2026-01-12,0,0,103,55,26,255,2,2,2,56.14,50.09,50.09,32.18,15.73,28.36,39.75,-1.3545,-0.3182,-0.0455,0.0,0.0,0.0,103.0,55.0,0.0,5,0,34.62,55.14,0.628,100.0,6.63,10.87,476.93,5,0.7216,127.5
EMP028,2026-01-13,0,0,61,45,31,179,1,1,1,61.14,54.5,54.5,34.08,16.58,32.76,40.77,0.993,0.6329,0.3601,0.0,0.0,0.0,61.0,45.0,0.0,5,0,-7.38,55.14,-0.134,0.0,6.63,10.87,476.93,5,0.7654,89.5
EMP028,2026-01-14,0,0,70,31,28,188,1,1,1,56.71,55.0,55.0,34.92,17.69,30.29,39.21,0.9945,0.8571,0.7582,0.0,11.23,0.0,70.0,31.0,0.0,5,0,1.62,55.14,0.029,100.0,6.63,10.87,476.93,5,0.6862,94.0
EMP028,2026-01-15,0,0,41,32,17,112,1,1,1,56.86,56.07,56.07,34.64,18.43,30.35,37.98,1.2242,0.5736,0.9011,26.88,7.62,7.76,41.0,32.0,0.0,5,0,-27.38,55.14,-0.497,0.0,6.63,10.87,476.93,5,0.8036,56.0
EMP028,2026-01-16,0,0,90,58,28,225,1,1,1,52.57,59.0,55.07,34.47,18.33,30.17,36.88,0.6179,0.4,0.6964,0.0,0.0,0.0,90.0,58.0,0.0,5,0,21.62,55.14,0.392,100.0,6.63,10.87,476.93,5,0.7822,112.5
EMP028,2026-01-17,0,0,28,17,9,74,1,1,1,56.57,56.29,57.25,35.94,18.94,32.88,36.7,1.2794,0.8485,0.7868,51.09,52.7,52.48,28.0,17.0,0.0,5,0,-40.38,55.14,-0.732,0.0,6.63,10.87,476.93,5,0.7297,37.0
EMP028,2026-01-18,0,0,0,0,0,0,1,1,1,56.14,56.14,55.53,34.82,18.35,33.23,36.26,0.4926,0.3358,0.4608,100.0,100.0,100.0,0.0,0.0,100.0,0,5,-68.38,55.14,-1.24,0.0,6.63,10.87,476.93,0,0.0,0.0
EMP028,2026-01-19,0,0,68,52,40,224,2,2,2,56.14,56.14,52.44,32.89,17.33,33.23,37.47,-0.5593,-0.3282,0.066,0.0,0.0,0.0,68.0,52.0,0.0,5,0,-0.38,55.14,-0.007,100.0,6.63,10.87,476.93,5,0.7143,112.0
EMP028,2026-01-20,0,0,68,56,22,219,1,1,1,51.14,56.14,53.26,33.89,18.53,28.03,36.63,-0.2298,0.0228,0.414,0.0,0.0,0.0,68.0,56.0,0.0,5,0,-0.38,55.14,-0.007,100.0,6.63,10.87,476.93,5,0.6667,109.5
EMP028,2026-01-21,0,0,61,31,28,176,1,1,1,52.14,54.43,54.0,35.0,18.7,28.49,35.85,0.0135,0.3353,0.4045,0.0,11.43,0.0,61.0,31.0,0.0,5,0,-7.38,55.14,-0.134,0.0,6.63,10.87,476.93,5,0.6818,88.0
EMP028,2026-01-22,0,0,58,42,32,208,1,1,1,50.86,53.86,54.33,34.81,19.14,27.85,35.02,0.1026,0.2377,0.4701,0.0,0.0,0.0,58.0,42.0,0.0,5,0,-10.38,55.14,-0.188,0.0,6.63,10.87,476.93,5,0.6346,104.0
EMP028,2026-01-23,0,0,92,48,36,234,1,1,1,53.29,52.93,54.5,35.14,19.73,27.62,34.22,0.1327,0.2919,0.5613,0.0,0.0,0.0,92.0,48.0,0.0,5,0,23.62,55.14,0.428,100.0,6.63,10.87,476.93,5,0.7521,117.0
EMP028,2026-01-24,0,0,32,18,14,83,1,1,1,53.57,55.07,56.13,35.7,20.43,28.01,34.33,0.5237,0.3953,0.668,42.99,49.58,31.47,32.0,18.0,0.0,5,0,-36.38,55.14,-0.66,0.0,6.63,10.87,476.93,5,0.7711,41.5
EMP028,2026-01-25,0,0,0,0,0,0,1,1,1,54.14,55.14,55.12,34.96,20.17,27.52,33.95,0.2196,0.1709,0.5235,100.0,100.0,100.0,0.0,0.0,100.0,0,5,-68.38,55.14,-1.24,0.0,6.63,10.87,476.93,0,0.0,0.0
EMP028,2026-01-26,0,0,0,0,0,0,2,2,2,54.14,55.14,52.92,33.56,19.36,27.52,34.98,-0.3146,-0.1715,0.2769,100.0,100.0,100.0,0.0,0.0,100.0,0,5,-68.38,55.14,-1.24,0.0,6.63,10.87,476.93,0,0.0,0.0
EMP028,2026-01-27,0,0,73,40,40,211,3,3,3,44.43,47.79,50.88,32.27,18.62,32.47,35.77,-0.732,-0.4393,0.0807,0.0,0.0,0.0,73.0,40.0,0.0,5,0,4.62,55.14,0.084,100.0,6.63,10.87,476.93,5,0.7251,105.5
EMP028,2026-01-28,0,0,64,29,19,167,1,1,1,45.14,48.64,51.7,32.56,19.41,33.03,35.35,-0.478,-0.3309,0.2418,0.0,10.93,2.11,64.0,29.0,0.0,5,0,-4.38,55.14,-0.079,100.0,6.63,10.87,476.93,5,0.6707,83.5
EMP028,2026-01-29,0,0,160,45,23,282,1,1,1,45.57,48.21,52.14,32.43,19.39,33.25,34.79,-0.3377,-0.3229,0.2137,0.0,0.0,0.0,160.0,45.0,0.0,5,0,91.62,55.14,1.662,100.0,6.63,10.87,476.93,5,0.8085,141.0
EMP028,2026-01-30,0,0,162,57,29,332,1,1,1,60.14,56.71,55.86,32.86,19.52,52.36,39.45,0.4399,-0.2039,0.2172,0.0,0.0,0.0,162.0,57.0,0.0,5,0,93.62,55.14,1.698,100.0,6.63,10.87,476.93,5,0.747,166.0
EMP028,2026-01-31,0,0,37,19,11,88,1,1,1,70.14,61.86,59.4,33.67,19.83,63.08,43.21,1.0821,-0.0285,0.2574,37.71,43.57,44.53,37.0,19.0,0.0,5,0,-31.38,55.14,-0.569,0.0,6.63,10.87,476.93,5,0.7614,44.0
EMP028,2026-02-01,0,0,0,0,0,0,1,1,1,70.86,62.5,60.63,34.3,20.2,62.67,42.01,0.5279,-0.3553,0.0636,100.0,100.0,100.0,0.0,0.0,100.0,0,5,-68.38,55.14,-1.24,0.0,6.63,10.87,476.93,0,0.0,0.0
EMP028,2026-02-02,0,0,86,63,28,256,2,2,2,70.86,62.5,56.37,32.2,19.17,62.67,41.45,0.6013,-0.3786,0.0078,0.0,0.0,0.0,86.0,63.0,0.0,5,0,17.62,55.14,0.32,100.0,6.63,10.87,476.93,5,0.6914,128.0
EMP028,2026-02-03,0,0,105,79,33,301,1,1,1,83.14,63.79,58.23,33.47,19.83,55.61,41.48,0.6107,-0.2296,-0.0122,0.0,0.0,0.0,105.0,79.0,0.0,5,0,36.62,55.14,0.664,100.0,6.63,10.87,476.93,5,0.7209,150.5
EMP028,2026-02-04,0,0,66,68,28,202,1,1,1,87.71,66.43,61.73,36.1,20.93,55.9,40.84,0.5108,-0.1666,-0.0641,0.0,0.0,0.0,66.0,68.0,0.0,5,0,-2.38,55.14,-0.043,0.0,6.63,10.87,476.93,5,0.802,101.0
EMP028,2026-02-05,0,0,88,53,30,234,1,1,1,88.0,66.79,61.67,36.53,20.8,55.78,40.83,0.5815,0.1695,0.0578,0.0,0.0,0.0,88.0,53.0,0.0,5,0,19.62,55.14,0.356,100.0,6.63,10.87,476.93,5,0.7308,117.0
EMP028,2026-02-06,0,0,0,0,0,0,1,1,1,77.71,68.93,61.53,36.03,21.03,47.6,40.74,0.9606,0.4928,0.1324,100.0,100.0,100.0,0.0,0.0,100.0,0,5,-68.38,55.14,-1.24,0.0,6.63,10.87,476.93,0,0.0,0.0
EMP028,2026-02-07,0,0,25,17,9,73,2,2,2,54.57,62.36,59.23,34.8,20.07,39.72,42.18,0.6151,0.267,0.0516,57.79,51.15,55.16,25.0,17.0,0.0,5,0,-43.38,55.14,-0.787,0.0,6.63,10.87,476.93,5,0.6986,36.5
EMP028,2026-02-08,0,0,0,0,0,0,1,1,1,52.86,61.86,57.7,34.43,19.93,40.69,42.55,0.4754,0.1052,-0.0685,100.0,100.0,100.0,0.0,0.0,100.0,0,5,-68.38,55.14,-1.24,0.0,6.63,10.87,476.93,0,0.0,0.0
EMP028,2026-02-09,0,0,94,69,32,249,2,2,2,52.86,61.86,55.63,32.5,19.0,40.69,43.78,0.1328,0.0456,-0.1415,0.0,0.0,0.0,94.0,69.0,0.0,5,0,25.62,55.14,0.465,100.0,6.63,10.87,476.93,5,0.7831,124.5
EMP028,2026-02-10,0,0,87,52,24,217,1,1,1,54.0,68.57,57.73,34.13,19.77,41.7,44.06,0.2105,0.1949,-0.1266,0.0,0.0,0.0,87.0,52.0,0.0,5,0,18.62,55.14,0.338,100.0,6.63,10.87,476.93,5,0.7512,108.5
EMP028,2026-02-11,0,0,92,53,21,228,1,1,1,51.43,69.57,60.63,35.87,20.57,38.94,43.02,0.0011,0.0747,-0.2356,0.0,0.0,0.0,92.0,53.0,0.0,5,0,23.62,55.14,0.428,100.0,6.63,10.87,476.93,5,0.7281,114.0
EMP028,2026-02-12,0,0,60,29,24,172,1,1,1,55.14,71.57,60.27,35.8,20.4,41.32,42.7,0.4957,0.3172,-0.1953,0.45,18.99,0.0,60.0,29.0,0.0,5,0,-8.38,55.14,-0.152,0.0,6.63,10.87,476.93,5,0.657,86.0
EMP028,2026-02-13,0,0,96,63,19,236,1,1,1,51.14,64.43,60.23,35.27,20.17,39.25,42.7,0.499,0.3368,-0.099,0.0,0.0,5.8,96.0,63.0,0.0,5,0,27.62,55.14,0.501,100.0,6.63,10.87,476.93,5,0.7542,118.0
EMP028,2026-02-14,0,0,28,20,10,80,1,1,1,64.86,59.71,61.1,36.33,19.87,35.59,43.15,0.7971,0.4863,-0.0525,54.17,44.95,49.67,28.0,20.0,0.0,5,0,-40.38,55.14,-0.732,0.0,6.63,10.87,476.93,5,0.725,40.0
EMP028,2026-02-15,0,0,0,0,0,0,1,1,1,65.29,59.07,60.67,35.93,19.63,35.12,43.41,0.4449,0.3511,-0.1359,100.0,100.0,100.0,0.0,0.0,100.0,0,5,-68.38,55.14,-1.24,0.0,6.63,10.87,476.93,0,0.0,0.0
EMP028,2026-02-16,0,0,66,43,26,185,2,2,2,65.29,59.07,57.67,34.0,18.7,35.12,44.38,0.2558,0.2714,-0.2049,0.0,0.0,0.0,66.0,43.0,0.0,5,0,-2.38,55.14,-0.043,0.0,6.63,10.87,476.93,5,0.7297,92.5
EMP028,2026-02-17,0,0,3,2,1,9,1,1,1,61.29,57.64,58.93,34.87,19.27,33.16,44.06,0.105,0.2122,-0.2247,94.91,94.26,94.81,3.0,2.0,0.0,5,0,-65.38,55.14,-1.186,0.0,6.63,10.87,476.93,5,0.6667,4.5
EMP028,2026-02-18,0,0,86,39,23,189,1,1,1,49.29,50.36,59.03,34.93,19.3,36.69,43.93,-0.6623,-0.2403,-0.4754,0.0,0.0,0.0,86.0,39.0,0.0,5,0,17.62,55.14,0.32,100.0,6.63,10.87,476.93,5,0.7831,94.5
EMP028,2026-02-19,0,0,0,0,0,0,1,1,1,48.43,51.79,59.63,34.5,18.73,35.74,44.17,-0.4265,-0.0963,-0.3088,100.0,100.0,100.0,0.0,0.0,100.0,0,5,-68.38,55.14,-1.24,0.0,6.63,10.87,476.93,0,0.0,0.0
EMP028,2026-02-20,0,0,77,69,35,241,2,2,2,39.86,45.5,57.37,32.63,18.0,38.99,45.41,-0.7535,-0.1706,-0.4071,0.0,0.0,0.0,77.0,69.0,0.0,5,0,8.62,55.14,0.156,0.0,6.63,10.87,476.93,5,0.751,120.5
EMP028,2026-02-21,0,0,20,12,10,62,1,1,1,37.14,51.0,57.9,33.9,18.23,35.49,45.54,-0.6018,0.0527,-0.2285,65.46,64.6,45.15,20.0,12.0,0.0,5,0,-48.38,55.14,-0.877,0.0,6.63,10.87,476.93,5,0.6774,31.0
EMP028,2026-02-22,0,0,0,0,0,0,1,1,1,36.0,50.64,56.63,32.9,17.5,35.89,46.05,-0.8456,-0.0327,-0.1867,100.0,100.0,100.0,0.0,0.0,100.0,0,5,-68.38,55.14,-1.24,0.0,6.63,10.87,476.93,0,0.0,0.0
EMP028,2026-02-23,0,0,120,52,31,253,2,2,2,36.0,50.64,53.57,31.3,16.3,35.89,46.65,-0.9671,-0.1408,-0.172,0.0,0.0,0.0,120.0,52.0,0.0,5,0,51.62,55.14,0.936,100.0,6.63,10.87,476.93,5,0.8024,126.5
EMP028,2026-02-24,0,0,88,61,20,248,1,1,1,43.71,52.5,56.5,32.43,16.87,45.92,47.95,-0.6872,-0.099,-0.093,0.0,0.0,0.0,88.0,61.0,0.0,5,0,19.62,55.14,0.356,100.0,6.63,10.87,476.93,5,0.6815,124.0
EMP028,2026-02-25,0,0,0,0,0,0,1,1,1,55.86,52.57,59.43,34.47,17.53,44.77,47.09,-0.8736,-0.1384,-0.1891,100.0,100.0,100.0,0.0,0.0,100.0,0,5,-68.38,55.14,-1.24,0.0,6.63,10.87,476.93,0,0.0,0.0
EMP028,2026-02-26,0,0,114,50,32,267,2,2,2,43.57,46.0,59.43,34.47,17.53,46.57,47.09,-1.667,-0.5984,-0.4231,0.0,0.0,0.0,114.0,50.0,0.0,5,0,45.62,55.14,0.827,100.0,6.63,10.87,476.93,5,0.7341,133.5
EMP028,2026-02-27,0,0,86,70,28,250,1,1,1,59.86,49.86,60.8,34.8,17.27,48.39,48.05,-1.2214,-0.4601,-0.1749,0.0,0.0,0.0,86.0,70.0,0.0,5,0,17.62,55.14,0.32,0.0,6.63,10.87,476.93,5,0.736,125.0
EMP028,2026-02-28,0,0,44,18,8,87,1,1,1,61.14,49.14,61.53,36.17,17.57,48.94,48.26,-1.0367,-0.273,-0.0937,28.49,50.24,54.47,44.0,18.0,0.0,5,0,-24.38,55.14,-0.442,0.0,6.63,10.87,476.93,5,0.8046,43.5
EMP028,2026-03-01,0,0,0,0,0,0,1,1,1,64.57,50.29,57.67,35.27,17.07,46.73,44.73,-0.4707,-0.3293,-0.1179,100.0,100.0,100.0,0.0,0.0,100.0,0,5,-68.38,55.14,-1.24,0.0,6.63,10.87,476.93,0,0.0,0.0
EMP028,2026-03-02,0,0,0,0,0,0,2,2,2,64.57,50.29,52.27,33.37,16.1,46.73,41.47,-0.1232,-0.4069,-0.1457,100.0,100.0,100.0,0.0,0.0,100.0,0,5,-68.38,55.14,-1.24,0.0,6.63,10.87,476.93,0,0.0,0.0
EMP028,2026-03-03,0,0,97,62,28,250,3,3,3,47.43,45.57,51.03,32.73,15.73,45.24,42.44,-0.5657,-0.7212,-0.2848,0.0,0.0,0.0,97.0,62.0,0.0,5,0,28.62,55.14,0.519,100.0,6.63,10.87,476.93,5,0.748,125.0
EMP028,2026-03-04,0,0,80,58,15,242,1,1,1,48.71,52.29,54.27,34.8,16.67,46.48,42.13,-0.6211,-0.7582,-0.3141,0.0,0.0,10.02,80.0,58.0,0.0,5,0,11.62,55.14,0.211,0.0,6.63,10.87,476.93,5,0.6322,121.0
EMP028,2026-03-05,0,0,91,48,25,227,1,1,1,60.14,51.86,54.07,34.63,16.23,42.79,41.99,-0.2363,-0.414,-0.2467,0.0,0.0,0.0,91.0,48.0,0.0,5,0,22.62,55.14,0.41,100.0,6.63,10.87,476.93,5,0.7225,113.5
EMP028,2026-03-06,0,0,90,52,31,249,1,1,1,56.86,58.36,53.6,33.6,15.97,39.27,41.5,0.3533,-0.0218,-0.0745,0.0,0.0,0.0,90.0,52.0,0.0,5,0,21.62,55.14,0.392,100.0,6.63,10.87,476.93,5,0.6948,124.5
EMP028,2026-03-07,0,0,28,23,12,84,1,1,1,57.43,59.29,54.4,33.07,16.07,39.71,41.96,0.6736,0.3341,0.1055,48.53,30.45,25.33,28.0,23.0,0.0,5,0,-40.38,55.14,-0.732,0.0,6.63,10.87,476.93,5,0.75,42.0
EMP028,2026-03-08,0,0,0,0,0,0,1,1,1,55.14,59.86,52.4,32.07,15.47,40.86,41.74,0.735,0.4067,0.1753,100.0,100.0,100.0,0.0,0.0,100.0,0,5,-68.38,55.14,-1.24,0.0,6.63,10.87,476.93,0,0.0,0.0
EMP028,2026-03-09,0,0,0,0,0,0,2,2,2,55.14,59.86,52.4,32.07,15.47,40.86,41.74,0.0356,-0.0214,-0.0311,100.0,100.0,100.0,0.0,0.0,100.0,0,5,-68.38,55.14,-1.24,0.0,6.63,10.87,476.93,0,0.0,0.0
EMP028,2026-03-10,0,0,0,0,0,0,3,3,3,55.14,51.29,51.57,31.5,15.17,40.86,42.52,-0.4914,-0.3321,-0.1755,100.0,100.0,100.0,0.0,0.0,100.0,0,5,-68.38,55.14,-1.24,0.0,6.63,10.87,476.93,0,0.0,0.0
EMP028,2026-03-11,0,0,66,53,24,205,4,4,4,41.29,45.0,51.57,31.5,15.17,40.77,42.52,-1.1798,-0.7526,-0.378,0.0,0.0,0.0,66.0,53.0,0.0,5,0,-2.38,55.14,-0.043,0.0,6.63,10.87,476.93,5,0.6976,102.5
EMP028,2026-03-12,0,0,96,52,33,243,1,1,1,39.29,49.71,50.63,30.97,14.9,39.13,41.88,-0.794,-0.3553,-0.2049,0.0,0.0,0.0,96.0,52.0,0.0,5,0,27.62,55.14,0.501,100.0,6.63,10.87,476.93,5,0.7449,121.5
EMP028,2026-03-13,0,0,61,60,20,183,1,1,1,40.0,48.43,50.93,30.97,15.2,40.1,42.17,-0.2505,-0.0745,-0.0254,0.0,0.0,0.0,61.0,60.0,0.0,5,0,-7.38,55.14,-0.134,0.0,6.63,10.87,476.93,5,0.7705,91.5
EMP028,2026-03-14,0,0,18,21,10,69,1,1,1,35.86,46.64,49.9,31.2,15.17,36.01,41.52,0.0977,0.2647,0.0456,63.93,32.69,34.08,18.0,21.0,0.0,5,0,-50.38,55.14,-0.914,0.0,6.63,10.87,476.93,5,0.7101,34.5
EMP028,2026-03-15,0,0,0,0,0,0,1,1,1,34.43,44.79,48.5,30.93,14.7,36.49,41.87,-0.0385,0.1838,0.0732,100.0,100.0,100.0,0.0,0.0,100.0,0,5,-68.38,55.14,-1.24,0.0,6.63,10.87,476.93,0,0.0,0.0
EMP028,2026-03-16,0,0,5,3,2,14,2,2,2,34.43,44.79,45.3,28.83,14.07,36.49,41.78,-0.0238,0.2053,0.008,88.96,89.59,85.79,5.0,3.0,0.0,5,0,-63.38,55.14,-1.149,0.0,6.63,10.87,476.93,5,0.7143,7.0
EMP028,2026-03-17,0,0,0,0,0,0,1,1,1,35.14,45.14,44.53,28.27,13.8,35.85,42.3,-0.4031,-0.0222,-0.0979,100.0,100.0,100.0,0.0,0.0,100.0,0,5,-68.38,55.14,-1.24,0.0,6.63,10.87,476.93,0,0.0,0.0
EMP028,2026-03-18,0,0,79,39,20,180,2,2,2,35.14,38.21,44.53,28.27,13.8,35.85,42.3,-0.9976,-0.3996,-0.2821,0.0,0.0,0.0,79.0,39.0,0.0,5,0,10.62,55.14,0.193,100.0,6.63,10.87,476.93,5,0.7667,90.0
EMP028,2026-03-19,0,0,72,41,33,214,1,1,1,37.0,38.14,44.97,28.13,13.6,37.69,42.58,-0.6271,-0.2287,-0.158,0.0,0.0,0.0,72.0,41.0,0.0,5,0,3.62,55.14,0.066,100.0,6.63,10.87,476.93,5,0.6822,107.0
EMP028,2026-03-20,0,0,83,58,31,244,1,1,1,33.57,36.79,47.27,29.43,14.67,32.96,42.12,-0.7422,-0.3259,-0.1197,0.0,0.0,0.0,83.0,58.0,0.0,5,0,14.62,55.14,0.265,100.0,6.63,10.87,476.93,5,0.7049,122.0
EMP028,2026-03-21,0,0,32,19,11,84,1,1,1,36.71,36.29,47.17,30.07,14.93,36.31,42.03,-0.2445,-0.0756,0.0432,32.16,36.81,26.32,32.0,19.0,0.0,5,0,-36.38,55.14,-0.66,0.0,6.63,10.87,476.93,5,0.7381,42.0
EMP028,2026-03-22,0,0,0,0,0,0,1,1,1,38.71,36.57,48.23,30.7,15.3,35.6,41.22,-0.6676,-0.3544,-0.0852,100.0,100.0,100.0,0.0,0.0,100.0,0,5,-68.38,55.14,-1.24,0.0,6.63,10.87,476.93,0,0.0,0.0
EMP028,2026-03-23,0,0,100,48,20,225,2,2,2,38.71,36.57,45.67,28.4,14.13,35.6,41.74,-0.7804,-0.2883,-0.0481,0.0,0.0,0.0,100.0,48.0,0.0,5,0,31.62,55.14,0.573,100.0,6.63,10.87,476.93,5,0.7467,112.5
EMP028,2026-03-24,0,0,70,48,28,212,1,1,1,52.29,43.71,48.33,29.6,14.47,38.18,42.56,-0.6069,-0.275,-0.0387,0.0,0.0,0.0,70.0,48.0,0.0,5,0,1.62,55.14,0.029,100.0,6.63,10.87,476.93,5,0.6887,106.0
EMP028,2026-03-25,0,0,165,97,55,373,1,1,1,62.29,48.71,50.67,31.2,15.4,31.81,41.76,-0.8004,-0.3604,-0.0512,0.0,0.0,0.0,165.0,97.0,0.0,5,0,96.62,55.14,1.752,100.0,6.63,10.87,476.93,5,0.8499,186.5
EMP028,2026-03-26,0,0,134,81,62,347,1,1,1,74.57,55.79,52.17,32.7,16.2,48.25,44.91,0.4154,0.2076,0.3119,0.0,0.0,0.0,134.0,81.0,0.0,5,0,65.62,55.14,1.19,100.0,6.63,10.87,476.93,5,0.7983,173.5
EMP028,2026-03-27,0,0,183,96,49,414,1,1,1,83.43,58.5,53.7,33.37,17.6,52.47,46.85,1.1904,0.7143,0.6336,0.0,0.0,0.0,183.0,96.0,0.0,5,0,114.62,55.14,2.079,100.0,6.63,10.87,476.93,5,0.7923,207.0
EMP028,2026-03-28,0,0,64,22,14,128,1,1,1,97.71,67.21,59.8,36.57,19.23,62.97,51.18,1.6543,0.8883,0.7148,0.0,39.84,27.2,64.0,22.0,0.0,5,0,-4.38,55.14,-0.079,0.0,6.63,10.87,476.93,5,0.7812,64.0
EMP028,2026-03-29,0,0,0,0,0,0,1,1,1,102.29,70.5,58.13,35.63,18.63,59.08,50.19,2.0552,0.887,0.7691,100.0,100.0,100.0,0.0,0.0,100.0,0,5,-68.38,55.14,-1.24,0.0,6.63,10.87,476.93,0,0.0,0.0
EMP028,2026-03-30,0,0,122,78,53,313,2,2,2,102.29,70.5,55.27,33.3,17.7,59.08,50.97,1.8723,0.8941,0.7135,0.0,0.0,0.0,122.0,78.0,0.0,5,0,53.62,55.14,0.972,100.0,6.63,10.87,476.93,5,0.8083,156.5
EMP028,2026-03-31,0,0,138,115,52,390,1,1,1,105.43,78.86,57.87,35.3,19.2,59.45,52.3,2.2251,1.077,0.8743,0.0,0.0,0.0,138.0,115.0,0.0,5,0,69.62,55.14,1.263,100.0,6.63,10.87,476.93,5,0.7821,195.0
EMP029,2026-01-01,0,0,0,0,0,0,1,1,1,0.0,0.0,0.0,0.0,0.0,0.0,0.0,0.0,0.0,0.0,0.0,0.0,0.0,0.0,0.0,100.0,0,5,0.0,1.0,0.0,50.0,6.31,10.24,550.69,0,0.0,0.0
EMP029,2026-01-02,86,177,0,0,0,333,2,2,2,0.0,0.0,0.0,0.0,0.0,0.0,0.0,0.0,0.0,0.0,0.0,0.0,0.0,0.0,0.0,0.0,5,0,0.0,1.0,0.0,50.0,6.31,10.24,550.69,5,0.3754,166.5
EMP029,2026-01-03,18,46,0,0,0,95,3,3,3,0.0,0.0,0.0,0.0,0.0,0.0,0.0,0.0,0.0,0.0,0.0,0.0,0.0,0.0,0.0,0.0,5,0,0.0,1.0,0.0,50.0,6.31,10.24,550.69,5,0.3895,47.5
EMP029,2026-01-04,0,0,0,0,0,0,4,4,4,0.0,0.0,0.0,0.0,0.0,0.0,0.0,0.0,0.0,0.0,0.0,0.0,0.0,0.0,0.0,100.0,0,5,0.0,1.0,0.0,50.0,6.31,10.24,550.69,0,0.0,0.0
EMP029,2026-01-05,80,129,0,0,0,313,5,5,5,0.0,0.0,0.0,0.0,0.0,0.0,0.0,0.0,0.0,0.0,0.0,0.0,0.0,0.0,0.0,0.0,5,0,0.0,1.0,0.0,50.0,6.31,10.24,550.69,5,0.4185,156.5
EMP029,2026-01-06,40,149,0,0,0,254,6,6,6,0.0,0.0,0.0,0.0,0.0,0.0,0.0,0.0,0.0,0.0,0.0,0.0,0.0,0.0,0.0,0.0,5,0,0.0,1.0,0.0,50.0,6.31,10.24,550.69,5,0.2953,127.0
EMP029,2026-01-07,39,132,0,0,0,254,7,7,7,0.0,0.0,0.0,0.0,0.0,0.0,0.0,0.0,0.0,0.0,0.0,0.0,0.0,0.0,0.0,0.0,5,0,0.0,1.0,0.0,50.0,6.31,10.24,550.69,5,0.3543,127.0
EMP029,2026-01-08,40,83,0,0,0,177,8,8,8,0.0,0.0,0.0,0.0,0.0,0.0,0.0,0.0,0.0,0.0,0.0,0.0,0.0,0.0,0.0,0.0,5,0,0.0,1.0,0.0,50.0,6.31,10.24,550.69,5,0.4068,88.5
EMP029,2026-01-09,67,129,0,0,0,285,9,9,9,0.0,0.0,0.0,0.0,0.0,0.0,0.0,0.0,0.0,0.0,0.0,0.0,0.0,0.0,0.0,0.0,5,0,0.0,1.0,0.0,50.0,6.31,10.24,550.69,5,0.4105,142.5
EMP029,2026-01-10,26,61,0,0,0,118,10,10,10,0.0,0.0,0.0,0.0,0.0,0.0,0.0,0.0,0.0,0.0,0.0,0.0,0.0,0.0,0.0,0.0,5,0,0.0,1.0,0.0,50.0,6.31,10.24,550.69,5,0.339,59.0
EMP029,2026-01-11,0,0,0,0,0,0,11,11,11,0.0,0.0,0.0,0.0,0.0,0.0,0.0,0.0,0.0,0.0,0.0,0.0,0.0,0.0,0.0,100.0,0,5,0.0,1.0,0.0,50.0,6.31,10.24,550.69,0,0.0,0.0
EMP029,2026-01-12,74,114,0,0,0,261,12,12,12,0.0,0.0,0.0,0.0,0.0,0.0,0.0,0.0,0.0,0.0,0.0,0.0,0.0,0.0,0.0,0.0,5,0,0.0,1.0,0.0,50.0,6.31,10.24,550.69,5,0.4636,130.5
EMP029,2026-01-13,59,97,0,0,0,256,13,13,13,0.0,0.0,0.0,0.0,0.0,0.0,0.0,0.0,0.0,0.0,0.0,0.0,0.0,0.0,0.0,0.0,5,0,0.0,1.0,0.0,50.0,6.31,10.24,550.69,5,0.4219,128.0
EMP029,2026-01-14,63,116,0,0,0,259,14,14,14,0.0,0.0,0.0,0.0,0.0,0.0,0.0,0.0,0.0,0.0,0.0,0.0,0.0,0.0,0.0,0.0,5,0,0.0,1.0,0.0,50.0,6.31,10.24,550.69,5,0.3822,129.5
EMP029,2026-01-15,80,129,0,0,0,299,15,15,15,0.0,0.0,0.0,0.0,0.0,0.0,0.0,0.0,0.0,0.0,0.0,0.0,0.0,0.0,0.0,0.0,5,0,0.0,1.0,0.0,50.0,6.31,10.24,550.69,5,0.4114,149.5
EMP029,2026-01-16,54,141,0,0,0,291,16,16,16,0.0,0.0,0.0,0.0,0.0,0.0,0.0,0.0,0.0,0.0,0.0,0.0,0.0,0.0,0.0,0.0,5,0,0.0,1.0,0.0,50.0,6.31,10.24,550.69,5,0.3368,145.5
EMP029,2026-01-17,20,49,0,0,0,108,17,17,17,0.0,0.0,0.0,0.0,0.0,0.0,0.0,0.0,0.0,0.0,0.0,0.0,0.0,0.0,0.0,0.0,5,0,0.0,1.0,0.0,50.0,6.31,10.24,550.69,5,0.3981,54.0
EMP029,2026-01-18,0,0,0,0,0,0,18,18,18,0.0,0.0,0.0,0.0,0.0,0.0,0.0,0.0,0.0,0.0,0.0,0.0,0.0,0.0,0.0,100.0,0,5,0.0,1.0,0.0,50.0,6.31,10.24,550.69,0,0.0,0.0
EMP029,2026-01-19,63,177,0,0,0,313,19,19,19,0.0,0.0,0.0,0.0,0.0,0.0,0.0,0.0,0.0,0.0,0.0,0.0,0.0,0.0,0.0,0.0,5,0,0.0,1.0,0.0,50.0,6.31,10.24,550.69,5,0.3546,156.5
EMP029,2026-01-20,66,170,0,0,0,340,20,20,20,0.0,0.0,0.0,0.0,0.0,0.0,0.0,0.0,0.0,0.0,0.0,0.0,0.0,0.0,0.0,0.0,5,0,0.0,1.0,0.0,50.0,6.31,10.24,550.69,5,0.3412,170.0
EMP029,2026-01-21,34,109,0,0,0,212,21,21,21,0.0,0.0,0.0,0.0,0.0,0.0,0.0,0.0,0.0,0.0,0.0,0.0,0.0,0.0,0.0,0.0,5,0,0.0,1.0,0.0,50.0,6.31,10.24,550.69,5,0.2877,106.0
EMP029,2026-01-22,74,101,0,0,0,244,22,22,22,0.0,0.0,0.0,0.0,0.0,0.0,0.0,0.0,0.0,0.0,0.0,0.0,0.0,0.0,0.0,0.0,5,0,0.0,1.0,0.0,50.0,6.31,10.24,550.69,5,0.418,122.0
EMP029,2026-01-23,55,144,0,0,0,271,23,23,23,0.0,0.0,0.0,0.0,0.0,0.0,0.0,0.0,0.0,0.0,0.0,0.0,0.0,0.0,0.0,0.0,5,0,0.0,1.0,0.0,50.0,6.31,10.24,550.69,5,0.3542,135.5
EMP029,2026-01-24,25,52,0,0,0,106,24,24,24,0.0,0.0,0.0,0.0,0.0,0.0,0.0,0.0,0.0,0.0,0.0,0.0,0.0,0.0,0.0,0.0,5,0,0.0,1.0,0.0,50.0,6.31,10.24,550.69,5,0.3585,53.0
EMP029,2026-01-25,0,0,0,0,0,0,25,25,25,0.0,0.0,0.0,0.0,0.0,0.0,0.0,0.0,0.0,0.0,0.0,0.0,0.0,0.0,0.0,100.0,0,5,0.0,1.0,0.0,50.0,6.31,10.24,550.69,0,0.0,0.0
EMP029,2026-01-26,0,0,0,0,0,0,26,26,26,0.0,0.0,0.0,0.0,0.0,0.0,0.0,0.0,0.0,0.0,0.0,0.0,0.0,0.0,0.0,100.0,0,5,0.0,1.0,0.0,50.0,6.31,10.24,550.69,0,0.0,0.0
EMP029,2026-01-27,79,167,0,0,0,351,27,27,27,0.0,0.0,0.0,0.0,0.0,0.0,0.0,0.0,0.0,0.0,0.0,0.0,0.0,0.0,0.0,0.0,5,0,0.0,1.0,0.0,50.0,6.31,10.24,550.69,5,0.4046,175.5
EMP029,2026-01-28,57,81,0,0,0,240,28,28,28,0.0,0.0,0.0,0.0,0.0,0.0,0.0,0.0,0.0,0.0,0.0,0.0,0.0,0.0,0.0,0.0,5,0,0.0,1.0,0.0,50.0,6.31,10.24,550.69,5,0.4625,120.0
EMP029,2026-01-29,91,143,0,0,0,304,29,29,29,0.0,0.0,0.0,0.0,0.0,0.0,0.0,0.0,0.0,0.0,0.0,0.0,0.0,0.0,0.0,0.0,5,0,0.0,1.0,0.0,50.0,6.31,10.24,550.69,5,0.4342,152.0
EMP029,2026-01-30,61,128,0,0,0,291,30,30,30,0.0,0.0,0.0,0.0,0.0,0.0,0.0,0.0,0.0,0.0,0.0,0.0,0.0,0.0,0.0,0.0,5,0,0.0,1.0,0.0,50.0,6.31,10.24,550.69,5,0.433,145.5
EMP029,2026-01-31,31,51,0,0,0,123,31,31,31,0.0,0.0,0.0,0.0,0.0,0.0,0.0,0.0,0.0,0.0,0.0,0.0,0.0,0.0,0.0,0.0,5,0,0.0,1.0,0.0,50.0,6.31,10.24,550.69,5,0.4797,61.5
EMP029,2026-02-01,0,0,0,0,0,0,32,32,32,0.0,0.0,0.0,0.0,0.0,0.0,0.0,0.0,0.0,0.0,0.0,0.0,0.0,0.0,0.0,100.0,0,5,0.0,1.0,0.0,50.0,6.31,10.24,550.69,0,0.0,0.0
EMP029,2026-02-02,59,165,0,0,0,332,33,33,33,0.0,0.0,0.0,0.0,0.0,0.0,0.0,0.0,0.0,0.0,0.0,0.0,0.0,0.0,0.0,0.0,5,0,0.0,1.0,0.0,50.0,6.31,10.24,550.69,5,0.3675,166.0
EMP029,2026-02-03,84,155,0,0,0,349,34,34,34,0.0,0.0,0.0,0.0,0.0,0.0,0.0,0.0,0.0,0.0,0.0,0.0,0.0,0.0,0.0,0.0,5,0,0.0,1.0,0.0,50.0,6.31,10.24,550.69,5,0.4585,174.5
EMP029,2026-02-04,35,86,0,0,0,206,35,35,35,0.0,0.0,0.0,0.0,0.0,0.0,0.0,0.0,0.0,0.0,0.0,0.0,0.0,0.0,0.0,0.0,5,0,0.0,1.0,0.0,50.0,6.31,10.24,550.69,5,0.3398,103.0
EMP029,2026-02-05,86,113,0,0,0,310,36,36,36,0.0,0.0,0.0,0.0,0.0,0.0,0.0,0.0,0.0,0.0,0.0,0.0,0.0,0.0,0.0,0.0,5,0,0.0,1.0,0.0,50.0,6.31,10.24,550.69,5,0.4742,155.0
EMP029,2026-02-06,65,137,0,0,0,309,37,37,37,0.0,0.0,0.0,0.0,0.0,0.0,0.0,0.0,0.0,0.0,0.0,0.0,0.0,0.0,0.0,0.0,5,0,0.0,1.0,0.0,50.0,6.31,10.24,550.69,5,0.4013,154.5
EMP029,2026-02-07,24,43,0,0,0,98,38,38,38,0.0,0.0,0.0,0.0,0.0,0.0,0.0,0.0,0.0,0.0,0.0,0.0,0.0,0.0,0.0,0.0,5,0,0.0,1.0,0.0,50.0,6.31,10.24,550.69,5,0.3776,49.0
EMP029,2026-02-08,0,0,0,0,0,0,39,39,39,0.0,0.0,0.0,0.0,0.0,0.0,0.0,0.0,0.0,0.0,0.0,0.0,0.0,0.0,0.0,100.0,0,5,0.0,1.0,0.0,50.0,6.31,10.24,550.69,0,0.0,0.0
EMP029,2026-02-09,58,146,0,0,0,282,40,40,40,0.0,0.0,0.0,0.0,0.0,0.0,0.0,0.0,0.0,0.0,0.0,0.0,0.0,0.0,0.0,0.0,5,0,0.0,1.0,0.0,50.0,6.31,10.24,550.69,5,0.3546,141.0
EMP029,2026-02-10,63,97,0,0,0,240,41,41,41,0.0,0.0,0.0,0.0,0.0,0.0,0.0,0.0,0.0,0.0,0.0,0.0,0.0,0.0,0.0,0.0,5,0,0.0,1.0,0.0,50.0,6.31,10.24,550.69,5,0.4292,120.0
EMP029,2026-02-11,73,149,0,0,0,288,42,42,42,0.0,0.0,0.0,0.0,0.0,0.0,0.0,0.0,0.0,0.0,0.0,0.0,0.0,0.0,0.0,0.0,5,0,0.0,1.0,0.0,50.0,6.31,10.24,550.69,5,0.3681,144.0
EMP029,2026-02-12,32,139,0,0,0,255,43,43,43,0.0,0.0,0.0,0.0,0.0,0.0,0.0,0.0,0.0,0.0,0.0,0.0,0.0,0.0,0.0,0.0,5,0,0.0,1.0,0.0,50.0,6.31,10.24,550.69,5,0.298,127.5
EMP029,2026-02-13,34,141,0,0,0,267,44,44,44,0.0,0.0,0.0,0.0,0.0,0.0,0.0,0.0,0.0,0.0,0.0,0.0,0.0,0.0,0.0,0.0,5,0,0.0,1.0,0.0,50.0,6.31,10.24,550.69,5,0.3034,133.5
EMP029,2026-02-14,15,47,0,0,0,96,45,45,45,0.0,0.0,0.0,0.0,0.0,0.0,0.0,0.0,0.0,0.0,0.0,0.0,0.0,0.0,0.0,0.0,5,0,0.0,1.0,0.0,50.0,6.31,10.24,550.69,5,0.3021,48.0
EMP029,2026-02-15,0,0,0,0,0,0,46,46,46,0.0,0.0,0.0,0.0,0.0,0.0,0.0,0.0,0.0,0.0,0.0,0.0,0.0,0.0,0.0,100.0,0,5,0.0,1.0,0.0,50.0,6.31,10.24,550.69,0,0.0,0.0
EMP029,2026-02-16,39,96,0,0,0,205,47,47,47,0.0,0.0,0.0,0.0,0.0,0.0,0.0,0.0,0.0,0.0,0.0,0.0,0.0,0.0,0.0,0.0,5,0,0.0,1.0,0.0,50.0,6.31,10.24,550.69,5,0.4049,102.5
EMP029,2026-02-17,68,142,0,0,0,312,48,48,48,0.0,0.0,0.0,0.0,0.0,0.0,0.0,0.0,0.0,0.0,0.0,0.0,0.0,0.0,0.0,0.0,5,0,0.0,1.0,0.0,50.0,6.31,10.24,550.69,5,0.4263,156.0
EMP029,2026-02-18,58,105,0,0,0,254,49,49,49,0.0,0.0,0.0,0.0,0.0,0.0,0.0,0.0,0.0,0.0,0.0,0.0,0.0,0.0,0.0,0.0,5,0,0.0,1.0,0.0,50.0,6.31,10.24,550.69,5,0.3976,127.0
EMP029,2026-02-19,72,160,0,0,0,330,50,50,50,0.0,0.0,0.0,0.0,0.0,0.0,0.0,0.0,0.0,0.0,0.0,0.0,0.0,0.0,0.0,0.0,5,0,0.0,1.0,0.0,50.0,6.31,10.24,550.69,5,0.3788,165.0
EMP029,2026-02-20,53,101,0,0,0,234,51,51,51,0.0,0.0,0.0,0.0,0.0,0.0,0.0,0.0,0.0,0.0,0.0,0.0,0.0,0.0,0.0,0.0,5,0,0.0,1.0,0.0,50.0,6.31,10.24,550.69,5,0.3632,117.0
EMP029,2026-02-21,5,20,0,0,0,35,52,52,52,0.0,0.0,0.0,0.0,0.0,0.0,0.0,0.0,0.0,0.0,0.0,0.0,0.0,0.0,0.0,0.0,5,0,0.0,1.0,0.0,50.0,6.31,10.24,550.69,5,0.2571,17.5
EMP029,2026-02-22,0,0,0,0,0,0,53,53,53,0.0,0.0,0.0,0.0,0.0,0.0,0.0,0.0,0.0,0.0,0.0,0.0,0.0,0.0,0.0,100.0,0,5,0.0,1.0,0.0,50.0,6.31,10.24,550.69,0,0.0,0.0
EMP029,2026-02-23,63,146,0,0,0,283,54,54,54,0.0,0.0,0.0,0.0,0.0,0.0,0.0,0.0,0.0,0.0,0.0,0.0,0.0,0.0,0.0,0.0,5,0,0.0,1.0,0.0,50.0,6.31,10.24,550.69,5,0.3428,141.5
EMP029,2026-02-24,0,0,0,0,0,0,55,55,55,0.0,0.0,0.0,0.0,0.0,0.0,0.0,0.0,0.0,0.0,0.0,0.0,0.0,0.0,0.0,100.0,0,5,0.0,1.0,0.0,50.0,6.31,10.24,550.69,0,0.0,0.0
EMP029,2026-02-25,29,53,0,0,0,141,56,56,56,0.0,0.0,0.0,0.0,0.0,0.0,0.0,0.0,0.0,0.0,0.0,0.0,0.0,0.0,0.0,0.0,5,0,0.0,1.0,0.0,50.0,6.31,10.24,550.69,5,0.4255,70.5
EMP029,2026-02-26,47,140,0,0,0,288,57,57,57,0.0,0.0,0.0,0.0,0.0,0.0,0.0,0.0,0.0,0.0,0.0,0.0,0.0,0.0,0.0,0.0,5,0,0.0,1.0,0.0,50.0,6.31,10.24,550.69,5,0.3368,144.0
EMP029,2026-02-27,0,0,0,0,0,0,58,58,58,0.0,0.0,0.0,0.0,0.0,0.0,0.0,0.0,0.0,0.0,0.0,0.0,0.0,0.0,0.0,100.0,0,5,0.0,1.0,0.0,50.0,6.31,10.24,550.69,0,0.0,0.0
EMP029,2026-02-28,30,44,0,0,0,112,59,59,59,0.0,0.0,0.0,0.0,0.0,0.0,0.0,0.0,0.0,0.0,0.0,0.0,0.0,0.0,0.0,0.0,5,0,0.0,1.0,0.0,50.0,6.31,10.24,550.69,5,0.4286,56.0
EMP029,2026-03-01,0,0,0,0,0,0,60,60,60,0.0,0.0,0.0,0.0,0.0,0.0,0.0,0.0,0.0,0.0,0.0,0.0,0.0,0.0,0.0,100.0,0,5,0.0,1.0,0.0,50.0,6.31,10.24,550.69,0,0.0,0.0
EMP029,2026-03-02,0,0,0,0,0,0,61,61,61,0.0,0.0,0.0,0.0,0.0,0.0,0.0,0.0,0.0,0.0,0.0,0.0,0.0,0.0,0.0,100.0,0,5,0.0,1.0,0.0,50.0,6.31,10.24,550.69,0,0.0,0.0
EMP029,2026-03-03,112,188,0,0,0,408,62,62,62,0.0,0.0,0.0,0.0,0.0,0.0,0.0,0.0,0.0,0.0,0.0,0.0,0.0,0.0,0.0,0.0,5,0,0.0,1.0,0.0,50.0,6.31,10.24,550.69,5,0.4191,204.0
EMP029,2026-03-04,0,0,0,0,0,0,63,63,63,0.0,0.0,0.0,0.0,0.0,0.0,0.0,0.0,0.0,0.0,0.0,0.0,0.0,0.0,0.0,100.0,0,5,0.0,1.0,0.0,50.0,6.31,10.24,550.69,0,0.0,0.0
EMP029,2026-03-05,78,105,0,0,0,285,64,64,64,0.0,0.0,0.0,0.0,0.0,0.0,0.0,0.0,0.0,0.0,0.0,0.0,0.0,0.0,0.0,0.0,5,0,0.0,1.0,0.0,50.0,6.31,10.24,550.69,5,0.4667,142.5
EMP029,2026-03-06,92,89,0,0,0,253,65,65,65,0.0,0.0,0.0,0.0,0.0,0.0,0.0,0.0,0.0,0.0,0.0,0.0,0.0,0.0,0.0,0.0,5,0,0.0,1.0,0.0,50.0,6.31,10.24,550.69,5,0.5336,126.5
EMP029,2026-03-07,30,41,0,0,0,98,66,66,66,0.0,0.0,0.0,0.0,0.0,0.0,0.0,0.0,0.0,0.0,0.0,0.0,0.0,0.0,0.0,0.0,5,0,0.0,1.0,0.0,50.0,6.31,10.24,550.69,5,0.4082,49.0
EMP029,2026-03-08,0,0,0,0,0,0,67,67,67,0.0,0.0,0.0,0.0,0.0,0.0,0.0,0.0,0.0,0.0,0.0,0.0,0.0,0.0,0.0,100.0,0,5,0.0,1.0,0.0,50.0,6.31,10.24,550.69,0,0.0,0.0
EMP029,2026-03-09,39,150,0,0,0,278,68,68,68,0.0,0.0,0.0,0.0,0.0,0.0,0.0,0.0,0.0,0.0,0.0,0.0,0.0,0.0,0.0,0.0,5,0,0.0,1.0,0.0,50.0,6.31,10.24,550.69,5,0.3058,139.0
EMP029,2026-03-10,50,170,0,0,0,296,69,69,69,0.0,0.0,0.0,0.0,0.0,0.0,0.0,0.0,0.0,0.0,0.0,0.0,0.0,0.0,0.0,0.0,5,0,0.0,1.0,0.0,50.0,6.31,10.24,550.69,5,0.3209,148.0
EMP029,2026-03-11,71,148,0,0,0,284,70,70,70,0.0,0.0,0.0,0.0,0.0,0.0,0.0,0.0,0.0,0.0,0.0,0.0,0.0,0.0,0.0,0.0,5,0,0.0,1.0,0.0,50.0,6.31,10.24,550.69,5,0.3486,142.0
EMP029,2026-03-12,26,65,0,0,0,123,71,71,71,0.0,0.0,0.0,0.0,0.0,0.0,0.0,0.0,0.0,0.0,0.0,0.0,0.0,0.0,0.0,0.0,5,0,0.0,1.0,0.0,50.0,6.31,10.24,550.69,5,0.3415,61.5
EMP029,2026-03-13,40,120,0,0,0,249,72,72,72,0.0,0.0,0.0,0.0,0.0,0.0,0.0,0.0,0.0,0.0,0.0,0.0,0.0,0.0,0.0,0.0,5,0,0.0,1.0,0.0,50.0,6.31,10.24,550.69,5,0.3614,124.5
EMP029,2026-03-14,14,34,0,0,0,81,73,73,73,0.0,0.0,0.0,0.0,0.0,0.0,0.0,0.0,0.0,0.0,0.0,0.0,0.0,0.0,0.0,0.0,5,0,0.0,1.0,0.0,50.0,6.31,10.24,550.69,5,0.3086,40.5
EMP029,2026-03-15,0,0,0,0,0,0,74,74,74,0.0,0.0,0.0,0.0,0.0,0.0,0.0,0.0,0.0,0.0,0.0,0.0,0.0,0.0,0.0,100.0,0,5,0.0,1.0,0.0,50.0,6.31,10.24,550.69,0,0.0,0.0
EMP029,2026-03-16,91,105,0,0,0,285,75,75,75,0.0,0.0,0.0,0.0,0.0,0.0,0.0,0.0,0.0,0.0,0.0,0.0,0.0,0.0,0.0,0.0,5,0,0.0,1.0,0.0,50.0,6.31,10.24,550.69,5,0.4737,142.5
EMP029,2026-03-17,85,125,0,0,0,290,76,76,76,0.0,0.0,0.0,0.0,0.0,0.0,0.0,0.0,0.0,0.0,0.0,0.0,0.0,0.0,0.0,0.0,5,0,0.0,1.0,0.0,50.0,6.31,10.24,550.69,5,0.4793,145.0
EMP029,2026-03-18,64,132,0,0,0,261,77,77,77,0.0,0.0,0.0,0.0,0.0,0.0,0.0,0.0,0.0,0.0,0.0,0.0,0.0,0.0,0.0,0.0,5,0,0.0,1.0,0.0,50.0,6.31,10.24,550.69,5,0.4138,130.5
EMP029,2026-03-19,49,100,0,0,0,231,78,78,78,0.0,0.0,0.0,0.0,0.0,0.0,0.0,0.0,0.0,0.0,0.0,0.0,0.0,0.0,0.0,0.0,5,0,0.0,1.0,0.0,50.0,6.31,10.24,550.69,5,0.4502,115.5
EMP029,2026-03-20,68,150,0,0,0,321,79,79,79,0.0,0.0,0.0,0.0,0.0,0.0,0.0,0.0,0.0,0.0,0.0,0.0,0.0,0.0,0.0,0.0,5,0,0.0,1.0,0.0,50.0,6.31,10.24,550.69,5,0.4237,160.5
EMP029,2026-03-21,32,34,0,0,0,92,80,80,80,0.0,0.0,0.0,0.0,0.0,0.0,0.0,0.0,0.0,0.0,0.0,0.0,0.0,0.0,0.0,0.0,5,0,0.0,1.0,0.0,50.0,6.31,10.24,550.69,5,0.5435,46.0
EMP029,2026-03-22,0,0,0,0,0,0,81,81,81,0.0,0.0,0.0,0.0,0.0,0.0,0.0,0.0,0.0,0.0,0.0,0.0,0.0,0.0,0.0,100.0,0,5,0.0,1.0,0.0,50.0,6.31,10.24,550.69,0,0.0,0.0
EMP029,2026-03-23,72,158,0,0,0,300,82,82,82,0.0,0.0,0.0,0.0,0.0,0.0,0.0,0.0,0.0,0.0,0.0,0.0,0.0,0.0,0.0,0.0,5,0,0.0,1.0,0.0,50.0,6.31,10.24,550.69,5,0.35,150.0
EMP029,2026-03-24,60,148,0,0,0,300,83,83,83,0.0,0.0,0.0,0.0,0.0,0.0,0.0,0.0,0.0,0.0,0.0,0.0,0.0,0.0,0.0,0.0,5,0,0.0,1.0,0.0,50.0,6.31,10.24,550.69,5,0.36,150.0
EMP029,2026-03-25,47,153,0,0,0,299,84,84,84,0.0,0.0,0.0,0.0,0.0,0.0,0.0,0.0,0.0,0.0,0.0,0.0,0.0,0.0,0.0,0.0,5,0,0.0,1.0,0.0,50.0,6.31,10.24,550.69,5,0.3411,149.5
EMP029,2026-03-26,39,125,0,0,0,283,85,85,85,0.0,0.0,0.0,0.0,0.0,0.0,0.0,0.0,0.0,0.0,0.0,0.0,0.0,0.0,0.0,0.0,5,0,0.0,1.0,0.0,50.0,6.31,10.24,550.69,5,0.3675,141.5
EMP029,2026-03-27,105,156,0,0,0,383,86,86,86,0.0,0.0,0.0,0.0,0.0,0.0,0.0,0.0,0.0,0.0,0.0,0.0,0.0,0.0,0.0,0.0,5,0,0.0,1.0,0.0,50.0,6.31,10.24,550.69,5,0.4308,191.5
EMP029,2026-03-28,18,78,0,0,0,144,87,87,87,0.0,0.0,0.0,0.0,0.0,0.0,0.0,0.0,0.0,0.0,0.0,0.0,0.0,0.0,0.0,0.0,5,0,0.0,1.0,0.0,50.0,6.31,10.24,550.69,5,0.3194,72.0
EMP029,2026-03-29,0,0,0,0,0,0,88,88,88,0.0,0.0,0.0,0.0,0.0,0.0,0.0,0.0,0.0,0.0,0.0,0.0,0.0,0.0,0.0,100.0,0,5,0.0,1.0,0.0,50.0,6.31,10.24,550.69,0,0.0,0.0
EMP029,2026-03-30,91,120,0,0,0,337,89,89,89,0.0,0.0,0.0,0.0,0.0,0.0,0.0,0.0,0.0,0.0,0.0,0.0,0.0,0.0,0.0,0.0,5,0,0.0,1.0,0.0,50.0,6.31,10.24,550.69,5,0.4866,168.5
EMP029,2026-03-31,88,205,0,0,0,413,90,90,90,0.0,0.0,0.0,0.0,0.0,0.0,0.0,0.0,0.0,0.0,0.0,0.0,0.0,0.0,0.0,0.0,5,0,0.0,1.0,0.0,50.0,6.31,10.24,550.69,5,0.3801,206.5
EMP030,2026-01-01,0,0,0,0,0,0,1,1,1,0.0,0.0,0.0,0.0,0.0,0.0,0.0,0.0,0.0,0.0,0.0,0.0,0.0,0.0,0.0,100.0,0,5,0.0,1.0,0.0,0.0,7.77,7.15,513.01,0,0.0,0.0
EMP030,2026-01-02,68,159,0,0,0,317,2,2,2,0.0,0.0,0.0,0.0,0.0,0.0,0.0,0.0,0.0,0.0,0.0,0.0,0.0,0.0,0.0,0.0,5,0,0.0,1.0,0.0,0.0,7.77,7.15,513.01,5,0.4038,158.5
EMP030,2026-01-03,17,36,0,0,0,86,3,3,3,0.0,0.0,0.0,0.0,0.0,0.0,0.0,0.0,0.0,0.0,0.0,0.0,0.0,0.0,0.0,0.0,5,0,0.0,1.0,0.0,0.0,7.77,7.15,513.01,5,0.4419,43.0
EMP030,2026-01-04,0,0,0,0,0,0,4,4,4,0.0,0.0,0.0,0.0,0.0,0.0,0.0,0.0,0.0,0.0,0.0,0.0,0.0,0.0,0.0,100.0,0,5,0.0,1.0,0.0,0.0,7.77,7.15,513.01,0,0.0,0.0
EMP030,2026-01-05,40,136,0,0,0,238,5,5,5,0.0,0.0,0.0,0.0,0.0,0.0,0.0,0.0,0.0,0.0,0.0,0.0,0.0,0.0,0.0,0.0,5,0,0.0,1.0,0.0,0.0,7.77,7.15,513.01,5,0.2983,119.0
EMP030,2026-01-06,52,102,0,0,0,225,6,6,6,0.0,0.0,0.0,0.0,0.0,0.0,0.0,0.0,0.0,0.0,0.0,0.0,0.0,0.0,0.0,0.0,5,0,0.0,1.0,0.0,0.0,7.77,7.15,513.01,5,0.3867,112.5
EMP030,2026-01-07,27,93,0,0,0,183,7,7,7,0.0,0.0,0.0,0.0,0.0,0.0,0.0,0.0,0.0,0.0,0.0,0.0,0.0,0.0,0.0,0.0,5,0,0.0,1.0,0.0,0.0,7.77,7.15,513.01,5,0.3279,91.5
EMP030,2026-01-08,70,97,0,0,0,224,8,8,8,0.0,0.0,0.0,0.0,0.0,0.0,0.0,0.0,0.0,0.0,0.0,0.0,0.0,0.0,0.0,0.0,5,0,0.0,1.0,0.0,0.0,7.77,7.15,513.01,5,0.4241,112.0
EMP030,2026-01-09,82,105,0,0,0,263,9,9,9,0.0,0.0,0.0,0.0,0.0,0.0,0.0,0.0,0.0,0.0,0.0,0.0,0.0,0.0,0.0,0.0,5,0,0.0,1.0,0.0,0.0,7.77,7.15,513.01,5,0.4753,131.5
EMP030,2026-01-10,25,57,0,0,0,108,10,10,10,0.0,0.0,0.0,0.0,0.0,0.0,0.0,0.0,0.0,0.0,0.0,0.0,0.0,0.0,0.0,0.0,5,0,0.0,1.0,0.0,0.0,7.77,7.15,513.01,5,0.3611,54.0
EMP030,2026-01-11,0,0,0,0,0,0,11,11,11,0.0,0.0,0.0,0.0,0.0,0.0,0.0,0.0,0.0,0.0,0.0,0.0,0.0,0.0,0.0,100.0,0,5,0.0,1.0,0.0,0.0,7.77,7.15,513.01,0,0.0,0.0
EMP030,2026-01-12,44,88,0,0,0,214,12,12,12,0.0,0.0,0.0,0.0,0.0,0.0,0.0,0.0,0.0,0.0,0.0,0.0,0.0,0.0,0.0,0.0,5,0,0.0,1.0,0.0,0.0,7.77,7.15,513.01,5,0.4393,107.0
EMP030,2026-01-13,33,111,0,0,0,240,13,13,13,0.0,0.0,0.0,0.0,0.0,0.0,0.0,0.0,0.0,0.0,0.0,0.0,0.0,0.0,0.0,0.0,5,0,0.0,1.0,0.0,0.0,7.77,7.15,513.01,5,0.3458,120.0
EMP030,2026-01-14,67,121,0,0,0,266,14,14,14,0.0,0.0,0.0,0.0,0.0,0.0,0.0,0.0,0.0,0.0,0.0,0.0,0.0,0.0,0.0,0.0,5,0,0.0,1.0,0.0,0.0,7.77,7.15,513.01,5,0.3872,133.0
EMP030,2026-01-15,52,109,0,0,0,216,15,15,15,0.0,0.0,0.0,0.0,0.0,0.0,0.0,0.0,0.0,0.0,0.0,0.0,0.0,0.0,0.0,0.0,5,0,0.0,1.0,0.0,0.0,7.77,7.15,513.01,5,0.3889,108.0
EMP030,2026-01-16,0,0,0,0,0,0,16,16,16,0.0,0.0,0.0,0.0,0.0,0.0,0.0,0.0,0.0,0.0,0.0,0.0,0.0,0.0,0.0,100.0,0,5,0.0,1.0,0.0,0.0,7.77,7.15,513.01,0,0.0,0.0
EMP030,2026-01-17,9,16,0,0,0,36,17,17,17,0.0,0.0,0.0,0.0,0.0,0.0,0.0,0.0,0.0,0.0,0.0,0.0,0.0,0.0,0.0,0.0,5,0,0.0,1.0,0.0,0.0,7.77,7.15,513.01,5,0.4444,18.0
EMP030,2026-01-18,0,0,0,0,0,0,18,18,18,0.0,0.0,0.0,0.0,0.0,0.0,0.0,0.0,0.0,0.0,0.0,0.0,0.0,0.0,0.0,100.0,0,5,0.0,1.0,0.0,0.0,7.77,7.15,513.01,0,0.0,0.0
EMP030,2026-01-19,70,103,0,0,0,223,19,19,19,0.0,0.0,0.0,0.0,0.0,0.0,0.0,0.0,0.0,0.0,0.0,0.0,0.0,0.0,0.0,0.0,5,0,0.0,1.0,0.0,0.0,7.77,7.15,513.01,5,0.4395,111.5
EMP030,2026-01-20,35,112,0,0,0,213,20,20,20,0.0,0.0,0.0,0.0,0.0,0.0,0.0,0.0,0.0,0.0,0.0,0.0,0.0,0.0,0.0,0.0,5,0,0.0,1.0,0.0,0.0,7.77,7.15,513.01,5,0.3521,106.5
EMP030,2026-01-21,49,111,0,0,0,239,21,21,21,0.0,0.0,0.0,0.0,0.0,0.0,0.0,0.0,0.0,0.0,0.0,0.0,0.0,0.0,0.0,0.0,5,0,0.0,1.0,0.0,0.0,7.77,7.15,513.01,5,0.3891,119.5
EMP030,2026-01-22,63,98,0,0,0,226,22,22,22,0.0,0.0,0.0,0.0,0.0,0.0,0.0,0.0,0.0,0.0,0.0,0.0,0.0,0.0,0.0,0.0,5,0,0.0,1.0,0.0,0.0,7.77,7.15,513.01,5,0.4292,113.0
EMP030,2026-01-23,51,116,0,0,0,261,23,23,23,0.0,0.0,0.0,0.0,0.0,0.0,0.0,0.0,0.0,0.0,0.0,0.0,0.0,0.0,0.0,0.0,5,0,0.0,1.0,0.0,0.0,7.77,7.15,513.01,5,0.3755,130.5
EMP030,2026-01-24,16,51,0,0,0,88,24,24,24,0.0,0.0,0.0,0.0,0.0,0.0,0.0,0.0,0.0,0.0,0.0,0.0,0.0,0.0,0.0,0.0,5,0,0.0,1.0,0.0,0.0,7.77,7.15,513.01,5,0.3409,44.0
EMP030,2026-01-25,0,0,0,0,0,0,25,25,25,0.0,0.0,0.0,0.0,0.0,0.0,0.0,0.0,0.0,0.0,0.0,0.0,0.0,0.0,0.0,100.0,0,5,0.0,1.0,0.0,0.0,7.77,7.15,513.01,0,0.0,0.0
EMP030,2026-01-26,0,0,0,0,0,0,26,26,26,0.0,0.0,0.0,0.0,0.0,0.0,0.0,0.0,0.0,0.0,0.0,0.0,0.0,0.0,0.0,100.0,0,5,0.0,1.0,0.0,0.0,7.77,7.15,513.01,0,0.0,0.0
EMP030,2026-01-27,31,121,0,0,0,224,27,27,27,0.0,0.0,0.0,0.0,0.0,0.0,0.0,0.0,0.0,0.0,0.0,0.0,0.0,0.0,0.0,0.0,5,0,0.0,1.0,0.0,0.0,7.77,7.15,513.01,5,0.3125,112.0
EMP030,2026-01-28,67,123,0,0,0,274,28,28,28,0.0,0.0,0.0,0.0,0.0,0.0,0.0,0.0,0.0,0.0,0.0,0.0,0.0,0.0,0.0,0.0,5,0,0.0,1.0,0.0,0.0,7.77,7.15,513.01,5,0.4453,137.0
EMP030,2026-01-29,54,140,0,0,0,266,29,29,29,0.0,0.0,0.0,0.0,0.0,0.0,0.0,0.0,0.0,0.0,0.0,0.0,0.0,0.0,0.0,0.0,5,0,0.0,1.0,0.0,0.0,7.77,7.15,513.01,5,0.3158,133.0
EMP030,2026-01-30,41,53,0,0,0,136,30,30,30,0.0,0.0,0.0,0.0,0.0,0.0,0.0,0.0,0.0,0.0,0.0,0.0,0.0,0.0,0.0,0.0,5,0,0.0,1.0,0.0,0.0,7.77,7.15,513.01,5,0.4265,68.0
EMP030,2026-01-31,19,54,0,0,0,104,31,31,31,0.0,0.0,0.0,0.0,0.0,0.0,0.0,0.0,0.0,0.0,0.0,0.0,0.0,0.0,0.0,0.0,5,0,0.0,1.0,0.0,0.0,7.77,7.15,513.01,5,0.3365,52.0
EMP030,2026-02-01,0,0,0,0,0,0,32,32,32,0.0,0.0,0.0,0.0,0.0,0.0,0.0,0.0,0.0,0.0,0.0,0.0,0.0,0.0,0.0,100.0,0,5,0.0,1.0,0.0,0.0,7.77,7.15,513.01,0,0.0,0.0
EMP030,2026-02-02,95,129,0,0,0,306,33,33,33,0.0,0.0,0.0,0.0,0.0,0.0,0.0,0.0,0.0,0.0,0.0,0.0,0.0,0.0,0.0,0.0,5,0,0.0,1.0,0.0,0.0,7.77,7.15,513.01,5,0.415,153.0
EMP030,2026-02-03,67,143,0,0,0,330,34,34,34,0.0,0.0,0.0,0.0,0.0,0.0,0.0,0.0,0.0,0.0,0.0,0.0,0.0,0.0,0.0,0.0,5,0,0.0,1.0,0.0,0.0,7.77,7.15,513.01,5,0.3848,165.0
EMP030,2026-02-04,54,110,0,0,0,239,35,35,35,0.0,0.0,0.0,0.0,0.0,0.0,0.0,0.0,0.0,0.0,0.0,0.0,0.0,0.0,0.0,0.0,5,0,0.0,1.0,0.0,0.0,7.77,7.15,513.01,5,0.3515,119.5
EMP030,2026-02-05,63,150,0,0,0,291,36,36,36,0.0,0.0,0.0,0.0,0.0,0.0,0.0,0.0,0.0,0.0,0.0,0.0,0.0,0.0,0.0,0.0,5,0,0.0,1.0,0.0,0.0,7.77,7.15,513.01,5,0.3505,145.5
EMP030,2026-02-06,50,102,0,0,0,254,37,37,37,0.0,0.0,0.0,0.0,0.0,0.0,0.0,0.0,0.0,0.0,0.0,0.0,0.0,0.0,0.0,0.0,5,0,0.0,1.0,0.0,0.0,7.77,7.15,513.01,5,0.4094,127.0
EMP030,2026-02-07,20,41,0,0,0,84,38,38,38,0.0,0.0,0.0,0.0,0.0,0.0,0.0,0.0,0.0,0.0,0.0,0.0,0.0,0.0,0.0,0.0,5,0,0.0,1.0,0.0,0.0,7.77,7.15,513.01,5,0.369,42.0
EMP030,2026-02-08,0,0,0,0,0,0,39,39,39,0.0,0.0,0.0,0.0,0.0,0.0,0.0,0.0,0.0,0.0,0.0,0.0,0.0,0.0,0.0,100.0,0,5,0.0,1.0,0.0,0.0,7.77,7.15,513.01,0,0.0,0.0
EMP030,2026-02-09,48,133,0,0,0,266,40,40,40,0.0,0.0,0.0,0.0,0.0,0.0,0.0,0.0,0.0,0.0,0.0,0.0,0.0,0.0,0.0,0.0,5,0,0.0,1.0,0.0,0.0,7.77,7.15,513.01,5,0.3759,133.0
EMP030,2026-02-10,81,101,0,0,0,249,41,41,41,0.0,0.0,0.0,0.0,0.0,0.0,0.0,0.0,0.0,0.0,0.0,0.0,0.0,0.0,0.0,0.0,5,0,0.0,1.0,0.0,0.0,7.77,7.15,513.01,5,0.4618,124.5
EMP030,2026-02-11,0,0,0,0,0,0,42,42,42,0.0,0.0,0.0,0.0,0.0,0.0,0.0,0.0,0.0,0.0,0.0,0.0,0.0,0.0,0.0,100.0,0,5,0.0,1.0,0.0,0.0,7.77,7.15,513.01,0,0.0,0.0
EMP030,2026-02-12,40,103,0,0,0,198,43,43,43,0.0,0.0,0.0,0.0,0.0,0.0,0.0,0.0,0.0,0.0,0.0,0.0,0.0,0.0,0.0,0.0,5,0,0.0,1.0,0.0,0.0,7.77,7.15,513.01,5,0.3384,99.0
EMP030,2026-02-13,58,105,0,0,0,224,44,44,44,0.0,0.0,0.0,0.0,0.0,0.0,0.0,0.0,0.0,0.0,0.0,0.0,0.0,0.0,0.0,0.0,5,0,0.0,1.0,0.0,0.0,7.77,7.15,513.01,5,0.3616,112.0
EMP030,2026-02-14,14,44,0,0,0,87,45,45,45,0.0,0.0,0.0,0.0,0.0,0.0,0.0,0.0,0.0,0.0,0.0,0.0,0.0,0.0,0.0,0.0,5,0,0.0,1.0,0.0,0.0,7.77,7.15,513.01,5,0.3103,43.5
EMP030,2026-02-15,0,0,0,0,0,0,46,46,46,0.0,0.0,0.0,0.0,0.0,0.0,0.0,0.0,0.0,0.0,0.0,0.0,0.0,0.0,0.0,100.0,0,5,0.0,1.0,0.0,0.0,7.77,7.15,513.01,0,0.0,0.0
EMP030,2026-02-16,0,0,0,0,0,0,47,47,47,0.0,0.0,0.0,0.0,0.0,0.0,0.0,0.0,0.0,0.0,0.0,0.0,0.0,0.0,0.0,100.0,0,5,0.0,1.0,0.0,0.0,7.77,7.15,513.01,0,0.0,0.0
EMP030,2026-02-17,56,118,0,0,0,250,48,48,48,0.0,0.0,0.0,0.0,0.0,0.0,0.0,0.0,0.0,0.0,0.0,0.0,0.0,0.0,0.0,0.0,5,0,0.0,1.0,0.0,0.0,7.77,7.15,513.01,5,0.444,125.0
EMP030,2026-02-18,41,84,0,0,0,204,49,49,49,0.0,0.0,0.0,0.0,0.0,0.0,0.0,0.0,0.0,0.0,0.0,0.0,0.0,0.0,0.0,0.0,5,0,0.0,1.0,0.0,0.0,7.77,7.15,513.01,5,0.4216,102.0
EMP030,2026-02-19,68,87,0,0,0,239,50,50,50,0.0,0.0,0.0,0.0,0.0,0.0,0.0,0.0,0.0,0.0,0.0,0.0,0.0,0.0,0.0,0.0,5,0,0.0,1.0,0.0,0.0,7.77,7.15,513.01,5,0.4477,119.5
EMP030,2026-02-20,44,104,0,0,0,218,51,51,51,0.0,0.0,0.0,0.0,0.0,0.0,0.0,0.0,0.0,0.0,0.0,0.0,0.0,0.0,0.0,0.0,5,0,0.0,1.0,0.0,0.0,7.77,7.15,513.01,5,0.4174,109.0
EMP030,2026-02-21,17,31,0,0,0,76,52,52,52,0.0,0.0,0.0,0.0,0.0,0.0,0.0,0.0,0.0,0.0,0.0,0.0,0.0,0.0,0.0,0.0,5,0,0.0,1.0,0.0,0.0,7.77,7.15,513.01,5,0.3816,38.0
EMP030,2026-02-22,0,0,0,0,0,0,53,53,53,0.0,0.0,0.0,0.0,0.0,0.0,0.0,0.0,0.0,0.0,0.0,0.0,0.0,0.0,0.0,100.0,0,5,0.0,1.0,0.0,0.0,7.77,7.15,513.01,0,0.0,0.0
EMP030,2026-02-23,58,104,0,0,0,236,54,54,54,0.0,0.0,0.0,0.0,0.0,0.0,0.0,0.0,0.0,0.0,0.0,0.0,0.0,0.0,0.0,0.0,5,0,0.0,1.0,0.0,0.0,7.77,7.15,513.01,5,0.4195,118.0
EMP030,2026-02-24,46,124,0,0,0,250,55,55,55,0.0,0.0,0.0,0.0,0.0,0.0,0.0,0.0,0.0,0.0,0.0,0.0,0.0,0.0,0.0,0.0,5,0,0.0,1.0,0.0,0.0,7.77,7.15,513.01,5,0.332,125.0
EMP030,2026-02-25,45,123,0,0,0,246,56,56,56,0.0,0.0,0.0,0.0,0.0,0.0,0.0,0.0,0.0,0.0,0.0,0.0,0.0,0.0,0.0,0.0,5,0,0.0,1.0,0.0,0.0,7.77,7.15,513.01,5,0.3455,123.0
EMP030,2026-02-26,88,148,0,0,0,327,57,57,57,0.0,0.0,0.0,0.0,0.0,0.0,0.0,0.0,0.0,0.0,0.0,0.0,0.0,0.0,0.0,0.0,5,0,0.0,1.0,0.0,0.0,7.77,7.15,513.01,5,0.4098,163.5
EMP030,2026-02-27,88,116,0,0,0,285,58,58,58,0.0,0.0,0.0,0.0,0.0,0.0,0.0,0.0,0.0,0.0,0.0,0.0,0.0,0.0,0.0,0.0,5,0,0.0,1.0,0.0,0.0,7.77,7.15,513.01,5,0.4877,142.5
EMP030,2026-02-28,23,59,0,0,0,115,59,59,59,0.0,0.0,0.0,0.0,0.0,0.0,0.0,0.0,0.0,0.0,0.0,0.0,0.0,0.0,0.0,0.0,5,0,0.0,1.0,0.0,0.0,7.77,7.15,513.01,5,0.3478,57.5
EMP030,2026-03-01,0,0,0,0,0,0,60,60,60,0.0,0.0,0.0,0.0,0.0,0.0,0.0,0.0,0.0,0.0,0.0,0.0,0.0,0.0,0.0,100.0,0,5,0.0,1.0,0.0,0.0,7.77,7.15,513.01,0,0.0,0.0
EMP030,2026-03-02,0,0,0,0,0,0,61,61,61,0.0,0.0,0.0,0.0,0.0,0.0,0.0,0.0,0.0,0.0,0.0,0.0,0.0,0.0,0.0,100.0,0,5,0.0,1.0,0.0,0.0,7.77,7.15,513.01,0,0.0,0.0
EMP030,2026-03-03,73,144,0,0,0,288,62,62,62,0.0,0.0,0.0,0.0,0.0,0.0,0.0,0.0,0.0,0.0,0.0,0.0,0.0,0.0,0.0,0.0,5,0,0.0,1.0,0.0,0.0,7.77,7.15,513.01,5,0.3785,144.0
EMP030,2026-03-04,36,107,0,0,0,201,63,63,63,0.0,0.0,0.0,0.0,0.0,0.0,0.0,0.0,0.0,0.0,0.0,0.0,0.0,0.0,0.0,0.0,5,0,0.0,1.0,0.0,0.0,7.77,7.15,513.01,5,0.3035,100.5
EMP030,2026-03-05,38,99,0,0,0,215,64,64,64,0.0,0.0,0.0,0.0,0.0,0.0,0.0,0.0,0.0,0.0,0.0,0.0,0.0,0.0,0.0,0.0,5,0,0.0,1.0,0.0,0.0,7.77,7.15,513.01,5,0.3581,107.5
EMP030,2026-03-06,57,140,0,0,0,256,65,65,65,0.0,0.0,0.0,0.0,0.0,0.0,0.0,0.0,0.0,0.0,0.0,0.0,0.0,0.0,0.0,0.0,5,0,0.0,1.0,0.0,0.0,7.77,7.15,513.01,5,0.3594,128.0
EMP030,2026-03-07,13,34,0,0,0,71,66,66,66,0.0,0.0,0.0,0.0,0.0,0.0,0.0,0.0,0.0,0.0,0.0,0.0,0.0,0.0,0.0,0.0,5,0,0.0,1.0,0.0,0.0,7.77,7.15,513.01,5,0.3239,35.5
EMP030,2026-03-08,0,0,0,0,0,0,67,67,67,0.0,0.0,0.0,0.0,0.0,0.0,0.0,0.0,0.0,0.0,0.0,0.0,0.0,0.0,0.0,100.0,0,5,0.0,1.0,0.0,0.0,7.77,7.15,513.01,0,0.0,0.0
EMP030,2026-03-09,57,79,0,0,0,212,68,68,68,0.0,0.0,0.0,0.0,0.0,0.0,0.0,0.0,0.0,0.0,0.0,0.0,0.0,0.0,0.0,0.0,5,0,0.0,1.0,0.0,0.0,7.77,7.15,513.01,5,0.4198,106.0
EMP030,2026-03-10,60,138,0,0,0,283,69,69,69,0.0,0.0,0.0,0.0,0.0,0.0,0.0,0.0,0.0,0.0,0.0,0.0,0.0,0.0,0.0,0.0,5,0,0.0,1.0,0.0,0.0,7.77,7.15,513.01,5,0.3922,141.5
EMP030,2026-03-11,4,7,0,0,0,15,70,70,70,0.0,0.0,0.0,0.0,0.0,0.0,0.0,0.0,0.0,0.0,0.0,0.0,0.0,0.0,0.0,20.0,4,1,0.0,1.0,0.0,0.0,7.77,7.15,513.01,4,0.3333,7.5
EMP030,2026-03-12,21,45,0,0,0,91,71,71,71,0.0,0.0,0.0,0.0,0.0,0.0,0.0,0.0,0.0,0.0,0.0,0.0,0.0,0.0,0.0,0.0,5,0,0.0,1.0,0.0,0.0,7.77,7.15,513.01,5,0.3846,45.5
EMP030,2026-03-13,66,105,0,0,0,260,72,72,72,0.0,0.0,0.0,0.0,0.0,0.0,0.0,0.0,0.0,0.0,0.0,0.0,0.0,0.0,0.0,0.0,5,0,0.0,1.0,0.0,0.0,7.77,7.15,513.01,5,0.4231,130.0
EMP030,2026-03-14,23,30,0,0,0,74,73,73,73,0.0,0.0,0.0,0.0,0.0,0.0,0.0,0.0,0.0,0.0,0.0,0.0,0.0,0.0,0.0,0.0,5,0,0.0,1.0,0.0,0.0,7.77,7.15,513.01,5,0.5,37.0
EMP030,2026-03-15,0,0,0,0,0,0,74,74,74,0.0,0.0,0.0,0.0,0.0,0.0,0.0,0.0,0.0,0.0,0.0,0.0,0.0,0.0,0.0,100.0,0,5,0.0,1.0,0.0,0.0,7.77,7.15,513.01,0,0.0,0.0
EMP030,2026-03-16,58,135,0,0,0,259,75,75,75,0.0,0.0,0.0,0.0,0.0,0.0,0.0,0.0,0.0,0.0,0.0,0.0,0.0,0.0,0.0,0.0,5,0,0.0,1.0,0.0,0.0,7.77,7.15,513.01,5,0.332,129.5
EMP030,2026-03-17,64,120,0,0,0,285,76,76,76,0.0,0.0,0.0,0.0,0.0,0.0,0.0,0.0,0.0,0.0,0.0,0.0,0.0,0.0,0.0,0.0,5,0,0.0,1.0,0.0,0.0,7.77,7.15,513.01,5,0.3965,142.5
EMP030,2026-03-18,58,132,0,0,0,267,77,77,77,0.0,0.0,0.0,0.0,0.0,0.0,0.0,0.0,0.0,0.0,0.0,0.0,0.0,0.0,0.0,0.0,5,0,0.0,1.0,0.0,0.0,7.77,7.15,513.01,5,0.382,133.5
EMP030,2026-03-19,55,120,0,0,0,263,78,78,78,0.0,0.0,0.0,0.0,0.0,0.0,0.0,0.0,0.0,0.0,0.0,0.0,0.0,0.0,0.0,0.0,5,0,0.0,1.0,0.0,0.0,7.77,7.15,513.01,5,0.3916,131.5
EMP030,2026-03-20,67,99,0,0,0,263,79,79,79,0.0,0.0,0.0,0.0,0.0,0.0,0.0,0.0,0.0,0.0,0.0,0.0,0.0,0.0,0.0,0.0,5,0,0.0,1.0,0.0,0.0,7.77,7.15,513.01,5,0.4563,131.5
EMP030,2026-03-21,23,48,0,0,0,93,80,80,80,0.0,0.0,0.0,0.0,0.0,0.0,0.0,0.0,0.0,0.0,0.0,0.0,0.0,0.0,0.0,0.0,5,0,0.0,1.0,0.0,0.0,7.77,7.15,513.01,5,0.3548,46.5
EMP030,2026-03-22,0,0,0,0,0,0,81,81,81,0.0,0.0,0.0,0.0,0.0,0.0,0.0,0.0,0.0,0.0,0.0,0.0,0.0,0.0,0.0,100.0,0,5,0.0,1.0,0.0,0.0,7.77,7.15,513.01,0,0.0,0.0
EMP030,2026-03-23,59,126,0,0,0,249,82,82,82,0.0,0.0,0.0,0.0,0.0,0.0,0.0,0.0,0.0,0.0,0.0,0.0,0.0,0.0,0.0,0.0,5,0,0.0,1.0,0.0,0.0,7.77,7.15,513.01,5,0.3735,124.5
EMP030,2026-03-24,57,92,0,0,0,231,83,83,83,0.0,0.0,0.0,0.0,0.0,0.0,0.0,0.0,0.0,0.0,0.0,0.0,0.0,0.0,0.0,0.0,5,0,0.0,1.0,0.0,0.0,7.77,7.15,513.01,5,0.4589,115.5
EMP030,2026-03-25,80,107,0,0,0,245,84,84,84,0.0,0.0,0.0,0.0,0.0,0.0,0.0,0.0,0.0,0.0,0.0,0.0,0.0,0.0,0.0,0.0,5,0,0.0,1.0,0.0,0.0,7.77,7.15,513.01,5,0.4367,122.5
EMP030,2026-03-26,50,166,0,0,0,310,85,85,85,0.0,0.0,0.0,0.0,0.0,0.0,0.0,0.0,0.0,0.0,0.0,0.0,0.0,0.0,0.0,0.0,5,0,0.0,1.0,0.0,0.0,7.77,7.15,513.01,5,0.3387,155.0
EMP030,2026-03-27,44,120,0,0,0,261,86,86,86,0.0,0.0,0.0,0.0,0.0,0.0,0.0,0.0,0.0,0.0,0.0,0.0,0.0,0.0,0.0,0.0,5,0,0.0,1.0,0.0,0.0,7.77,7.15,513.01,5,0.3487,130.5
EMP030,2026-03-28,21,56,0,0,0,113,87,87,87,0.0,0.0,0.0,0.0,0.0,0.0,0.0,0.0,0.0,0.0,0.0,0.0,0.0,0.0,0.0,0.0,5,0,0.0,1.0,0.0,0.0,7.77,7.15,513.01,5,0.4159,56.5
EMP030,2026-03-29,0,0,0,0,0,0,88,88,88,0.0,0.0,0.0,0.0,0.0,0.0,0.0,0.0,0.0,0.0,0.0,0.0,0.0,0.0,0.0,100.0,0,5,0.0,1.0,0.0,0.0,7.77,7.15,513.01,0,0.0,0.0
EMP030,2026-03-30,65,117,0,0,0,239,89,89,89,0.0,0.0,0.0,0.0,0.0,0.0,0.0,0.0,0.0,0.0,0.0,0.0,0.0,0.0,0.0,0.0,5,0,0.0,1.0,0.0,0.0,7.77,7.15,513.01,5,0.3766,119.5
EMP030,2026-03-31,37,81,0,0,0,148,90,90,90,0.0,0.0,0.0,0.0,0.0,0.0,0.0,0.0,0.0,0.0,0.0,0.0,0.0,0.0,0.0,0.0,5,0,0.0,1.0,0.0,0.0,7.77,7.15,513.01,5,0.3649,74.0
EMP031,2026-01-01,0,0,0,0,0,0,1,1,1,0.0,0.0,0.0,0.0,0.0,0.0,0.0,0.0,0.0,0.0,0.0,0.0,0.0,0.0,0.0,100.0,0,5,0.0,1.0,0.0,50.0,5.72,11.75,574.61,0,0.0,0.0
EMP031,2026-01-02,60,174,0,0,0,350,2,2,2,0.0,0.0,0.0,0.0,0.0,0.0,0.0,0.0,0.0,0.0,0.0,0.0,0.0,0.0,0.0,0.0,5,0,0.0,1.0,0.0,50.0,5.72,11.75,574.61,5,0.3343,175.0
EMP031,2026-01-03,26,47,0,0,0,96,3,3,3,0.0,0.0,0.0,0.0,0.0,0.0,0.0,0.0,0.0,0.0,0.0,0.0,0.0,0.0,0.0,0.0,5,0,0.0,1.0,0.0,50.0,5.72,11.75,574.61,5,0.375,48.0
EMP031,2026-01-04,0,0,0,0,0,0,4,4,4,0.0,0.0,0.0,0.0,0.0,0.0,0.0,0.0,0.0,0.0,0.0,0.0,0.0,0.0,0.0,100.0,0,5,0.0,1.0,0.0,50.0,5.72,11.75,574.61,0,0.0,0.0
EMP031,2026-01-05,82,113,0,0,0,270,5,5,5,0.0,0.0,0.0,0.0,0.0,0.0,0.0,0.0,0.0,0.0,0.0,0.0,0.0,0.0,0.0,0.0,5,0,0.0,1.0,0.0,50.0,5.72,11.75,574.61,5,0.4741,135.0
EMP031,2026-01-06,63,137,0,0,0,303,6,6,6,0.0,0.0,0.0,0.0,0.0,0.0,0.0,0.0,0.0,0.0,0.0,0.0,0.0,0.0,0.0,0.0,5,0,0.0,1.0,0.0,50.0,5.72,11.75,574.61,5,0.4323,151.5
EMP031,2026-01-07,47,111,0,0,0,248,7,7,7,0.0,0.0,0.0,0.0,0.0,0.0,0.0,0.0,0.0,0.0,0.0,0.0,0.0,0.0,0.0,0.0,5,0,0.0,1.0,0.0,50.0,5.72,11.75,574.61,5,0.3468,124.0
EMP031,2026-01-08,63,109,0,0,0,242,8,8,8,0.0,0.0,0.0,0.0,0.0,0.0,0.0,0.0,0.0,0.0,0.0,0.0,0.0,0.0,0.0,0.0,5,0,0.0,1.0,0.0,50.0,5.72,11.75,574.61,5,0.4504,121.0
EMP031,2026-01-09,40,150,0,0,0,286,9,9,9,0.0,0.0,0.0,0.0,0.0,0.0,0.0,0.0,0.0,0.0,0.0,0.0,0.0,0.0,0.0,0.0,5,0,0.0,1.0,0.0,50.0,5.72,11.75,574.61,5,0.3217,143.0
EMP031,2026-01-10,1,3,0,0,0,5,10,10,10,0.0,0.0,0.0,0.0,0.0,0.0,0.0,0.0,0.0,0.0,0.0,0.0,0.0,0.0,0.0,40.0,3,2,0.0,1.0,0.0,50.0,5.72,11.75,574.61,3,0.4,2.5
EMP031,2026-01-11,0,0,0,0,0,0,11,11,11,0.0,0.0,0.0,0.0,0.0,0.0,0.0,0.0,0.0,0.0,0.0,0.0,0.0,0.0,0.0,100.0,0,5,0.0,1.0,0.0,50.0,5.72,11.75,574.61,0,0.0,0.0
EMP031,2026-01-12,75,128,0,0,0,278,12,12,12,0.0,0.0,0.0,0.0,0.0,0.0,0.0,0.0,0.0,0.0,0.0,0.0,0.0,0.0,0.0,0.0,5,0,0.0,1.0,0.0,50.0,5.72,11.75,574.61,5,0.446,139.0
EMP031,2026-01-13,50,121,0,0,0,251,13,13,13,0.0,0.0,0.0,0.0,0.0,0.0,0.0,0.0,0.0,0.0,0.0,0.0,0.0,0.0,0.0,0.0,5,0,0.0,1.0,0.0,50.0,5.72,11.75,574.61,5,0.3944,125.5
EMP031,2026-01-14,37,150,0,0,0,252,14,14,14,0.0,0.0,0.0,0.0,0.0,0.0,0.0,0.0,0.0,0.0,0.0,0.0,0.0,0.0,0.0,0.0,5,0,0.0,1.0,0.0,50.0,5.72,11.75,574.61,5,0.246,126.0
EMP031,2026-01-15,44,100,0,0,0,212,15,15,15,0.0,0.0,0.0,0.0,0.0,0.0,0.0,0.0,0.0,0.0,0.0,0.0,0.0,0.0,0.0,0.0,5,0,0.0,1.0,0.0,50.0,5.72,11.75,574.61,5,0.3632,106.0
EMP031,2026-01-16,68,124,0,0,0,272,16,16,16,0.0,0.0,0.0,0.0,0.0,0.0,0.0,0.0,0.0,0.0,0.0,0.0,0.0,0.0,0.0,0.0,5,0,0.0,1.0,0.0,50.0,5.72,11.75,574.61,5,0.4228,136.0
EMP031,2026-01-17,20,55,0,0,0,105,17,17,17,0.0,0.0,0.0,0.0,0.0,0.0,0.0,0.0,0.0,0.0,0.0,0.0,0.0,0.0,0.0,0.0,5,0,0.0,1.0,0.0,50.0,5.72,11.75,574.61,5,0.3238,52.5
EMP031,2026-01-18,0,0,0,0,0,0,18,18,18,0.0,0.0,0.0,0.0,0.0,0.0,0.0,0.0,0.0,0.0,0.0,0.0,0.0,0.0,0.0,100.0,0,5,0.0,1.0,0.0,50.0,5.72,11.75,574.61,0,0.0,0.0
EMP031,2026-01-19,0,0,0,0,0,0,19,19,19,0.0,0.0,0.0,0.0,0.0,0.0,0.0,0.0,0.0,0.0,0.0,0.0,0.0,0.0,0.0,100.0,0,5,0.0,1.0,0.0,50.0,5.72,11.75,574.61,0,0.0,0.0
EMP031,2026-01-20,54,157,0,0,0,292,20,20,20,0.0,0.0,0.0,0.0,0.0,0.0,0.0,0.0,0.0,0.0,0.0,0.0,0.0,0.0,0.0,0.0,5,0,0.0,1.0,0.0,50.0,5.72,11.75,574.61,5,0.3185,146.0
EMP031,2026-01-21,67,128,0,0,0,277,21,21,21,0.0,0.0,0.0,0.0,0.0,0.0,0.0,0.0,0.0,0.0,0.0,0.0,0.0,0.0,0.0,0.0,5,0,0.0,1.0,0.0,50.0,5.72,11.75,574.61,5,0.3718,138.5
EMP031,2026-01-22,46,62,0,0,0,156,22,22,22,0.0,0.0,0.0,0.0,0.0,0.0,0.0,0.0,0.0,0.0,0.0,0.0,0.0,0.0,0.0,0.0,5,0,0.0,1.0,0.0,50.0,5.72,11.75,574.61,5,0.4808,78.0
EMP031,2026-01-23,73,211,0,0,0,395,23,23,23,0.0,0.0,0.0,0.0,0.0,0.0,0.0,0.0,0.0,0.0,0.0,0.0,0.0,0.0,0.0,0.0,5,0,0.0,1.0,0.0,50.0,5.72,11.75,574.61,5,0.3494,197.5
EMP031,2026-01-24,23,44,0,0,0,102,24,24,24,0.0,0.0,0.0,0.0,0.0,0.0,0.0,0.0,0.0,0.0,0.0,0.0,0.0,0.0,0.0,0.0,5,0,0.0,1.0,0.0,50.0,5.72,11.75,574.61,5,0.451,51.0
EMP031,2026-01-25,0,0,0,0,0,0,25,25,25,0.0,0.0,0.0,0.0,0.0,0.0,0.0,0.0,0.0,0.0,0.0,0.0,0.0,0.0,0.0,100.0,0,5,0.0,1.0,0.0,50.0,5.72,11.75,574.61,0,0.0,0.0
EMP031,2026-01-26,0,0,0,0,0,0,26,26,26,0.0,0.0,0.0,0.0,0.0,0.0,0.0,0.0,0.0,0.0,0.0,0.0,0.0,0.0,0.0,100.0,0,5,0.0,1.0,0.0,50.0,5.72,11.75,574.61,0,0.0,0.0
EMP031,2026-01-27,72,129,0,0,0,313,27,27,27,0.0,0.0,0.0,0.0,0.0,0.0,0.0,0.0,0.0,0.0,0.0,0.0,0.0,0.0,0.0,0.0,5,0,0.0,1.0,0.0,50.0,5.72,11.75,574.61,5,0.4089,156.5
EMP031,2026-01-28,79,143,0,0,0,309,28,28,28,0.0,0.0,0.0,0.0,0.0,0.0,0.0,0.0,0.0,0.0,0.0,0.0,0.0,0.0,0.0,0.0,5,0,0.0,1.0,0.0,50.0,5.72,11.75,574.61,5,0.4369,154.5
EMP031,2026-01-29,43,158,0,0,0,308,29,29,29,0.0,0.0,0.0,0.0,0.0,0.0,0.0,0.0,0.0,0.0,0.0,0.0,0.0,0.0,0.0,0.0,5,0,0.0,1.0,0.0,50.0,5.72,11.75,574.61,5,0.3409,154.0
EMP031,2026-01-30,61,122,0,0,0,253,30,30,30,0.0,0.0,0.0,0.0,0.0,0.0,0.0,0.0,0.0,0.0,0.0,0.0,0.0,0.0,0.0,0.0,5,0,0.0,1.0,0.0,50.0,5.72,11.75,574.61,5,0.3636,126.5
EMP031,2026-01-31,30,58,0,0,0,129,31,31,31,0.0,0.0,0.0,0.0,0.0,0.0,0.0,0.0,0.0,0.0,0.0,0.0,0.0,0.0,0.0,0.0,5,0,0.0,1.0,0.0,50.0,5.72,11.75,574.61,5,0.3643,64.5
EMP031,2026-02-01,0,0,0,0,0,0,32,32,32,0.0,0.0,0.0,0.0,0.0,0.0,0.0,0.0,0.0,0.0,0.0,0.0,0.0,0.0,0.0,100.0,0,5,0.0,1.0,0.0,50.0,5.72,11.75,574.61,0,0.0,0.0
EMP031,2026-02-02,77,170,0,0,0,362,33,33,33,0.0,0.0,0.0,0.0,0.0,0.0,0.0,0.0,0.0,0.0,0.0,0.0,0.0,0.0,0.0,0.0,5,0,0.0,1.0,0.0,50.0,5.72,11.75,574.61,5,0.3674,181.0
EMP031,2026-02-03,71,180,0,0,0,356,34,34,34,0.0,0.0,0.0,0.0,0.0,0.0,0.0,0.0,0.0,0.0,0.0,0.0,0.0,0.0,0.0,0.0,5,0,0.0,1.0,0.0,50.0,5.72,11.75,574.61,5,0.3539,178.0
EMP031,2026-02-04,49,127,0,0,0,253,35,35,35,0.0,0.0,0.0,0.0,0.0,0.0,0.0,0.0,0.0,0.0,0.0,0.0,0.0,0.0,0.0,0.0,5,0,0.0,1.0,0.0,50.0,5.72,11.75,574.61,5,0.3715,126.5
EMP031,2026-02-05,77,115,0,0,0,243,36,36,36,0.0,0.0,0.0,0.0,0.0,0.0,0.0,0.0,0.0,0.0,0.0,0.0,0.0,0.0,0.0,0.0,5,0,0.0,1.0,0.0,50.0,5.72,11.75,574.61,5,0.4239,121.5
EMP031,2026-02-06,58,123,0,0,0,304,37,37,37,0.0,0.0,0.0,0.0,0.0,0.0,0.0,0.0,0.0,0.0,0.0,0.0,0.0,0.0,0.0,0.0,5,0,0.0,1.0,0.0,50.0,5.72,11.75,574.61,5,0.375,152.0
EMP031,2026-02-07,24,43,0,0,0,102,38,38,38,0.0,0.0,0.0,0.0,0.0,0.0,0.0,0.0,0.0,0.0,0.0,0.0,0.0,0.0,0.0,0.0,5,0,0.0,1.0,0.0,50.0,5.72,11.75,574.61,5,0.4118,51.0
EMP031,2026-02-08,0,0,0,0,0,0,39,39,39,0.0,0.0,0.0,0.0,0.0,0.0,0.0,0.0,0.0,0.0,0.0,0.0,0.0,0.0,0.0,100.0,0,5,0.0,1.0,0.0,50.0,5.72,11.75,574.61,0,0.0,0.0
EMP031,2026-02-09,40,136,0,0,0,249,40,40,40,0.0,0.0,0.0,0.0,0.0,0.0,0.0,0.0,0.0,0.0,0.0,0.0,0.0,0.0,0.0,0.0,5,0,0.0,1.0,0.0,50.0,5.72,11.75,574.61,5,0.3133,124.5
EMP031,2026-02-10,64,167,0,0,0,328,41,41,41,0.0,0.0,0.0,0.0,0.0,0.0,0.0,0.0,0.0,0.0,0.0,0.0,0.0,0.0,0.0,0.0,5,0,0.0,1.0,0.0,50.0,5.72,11.75,574.61,5,0.3384,164.0
EMP031,2026-02-11,55,121,0,0,0,258,42,42,42,0.0,0.0,0.0,0.0,0.0,0.0,0.0,0.0,0.0,0.0,0.0,0.0,0.0,0.0,0.0,0.0,5,0,0.0,1.0,0.0,50.0,5.72,11.75,574.61,5,0.3527,129.0
EMP031,2026-02-12,47,126,0,0,0,272,43,43,43,0.0,0.0,0.0,0.0,0.0,0.0,0.0,0.0,0.0,0.0,0.0,0.0,0.0,0.0,0.0,0.0,5,0,0.0,1.0,0.0,50.0,5.72,11.75,574.61,5,0.3493,136.0
EMP031,2026-02-13,50,120,0,0,0,251,44,44,44,0.0,0.0,0.0,0.0,0.0,0.0,0.0,0.0,0.0,0.0,0.0,0.0,0.0,0.0,0.0,0.0,5,0,0.0,1.0,0.0,50.0,5.72,11.75,574.61,5,0.3785,125.5
EMP031,2026-02-14,16,41,0,0,0,88,45,45,45,0.0,0.0,0.0,0.0,0.0,0.0,0.0,0.0,0.0,0.0,0.0,0.0,0.0,0.0,0.0,0.0,5,0,0.0,1.0,0.0,50.0,5.72,11.75,574.61,5,0.3409,44.0
EMP031,2026-02-15,0,0,0,0,0,0,46,46,46,0.0,0.0,0.0,0.0,0.0,0.0,0.0,0.0,0.0,0.0,0.0,0.0,0.0,0.0,0.0,100.0,0,5,0.0,1.0,0.0,50.0,5.72,11.75,574.61,0,0.0,0.0
EMP031,2026-02-16,79,105,0,0,0,274,47,47,47,0.0,0.0,0.0,0.0,0.0,0.0,0.0,0.0,0.0,0.0,0.0,0.0,0.0,0.0,0.0,0.0,5,0,0.0,1.0,0.0,50.0,5.72,11.75,574.61,5,0.4818,137.0
EMP031,2026-02-17,89,149,0,0,0,327,48,48,48,0.0,0.0,0.0,0.0,0.0,0.0,0.0,0.0,0.0,0.0,0.0,0.0,0.0,0.0,0.0,0.0,5,0,0.0,1.0,0.0,50.0,5.72,11.75,574.61,5,0.4159,163.5
EMP031,2026-02-18,75,136,0,0,0,288,49,49,49,0.0,0.0,0.0,0.0,0.0,0.0,0.0,0.0,0.0,0.0,0.0,0.0,0.0,0.0,0.0,0.0,5,0,0.0,1.0,0.0,50.0,5.72,11.75,574.61,5,0.4132,144.0
EMP031,2026-02-19,44,108,0,0,0,241,50,50,50,0.0,0.0,0.0,0.0,0.0,0.0,0.0,0.0,0.0,0.0,0.0,0.0,0.0,0.0,0.0,0.0,5,0,0.0,1.0,0.0,50.0,5.72,11.75,574.61,5,0.39,120.5
EMP031,2026-02-20,3,4,0,0,0,8,51,51,51,0.0,0.0,0.0,0.0,0.0,0.0,0.0,0.0,0.0,0.0,0.0,0.0,0.0,0.0,0.0,40.0,3,2,0.0,1.0,0.0,50.0,5.72,11.75,574.61,3,0.375,4.0
EMP031,2026-02-21,14,68,0,0,0,106,52,52,52,0.0,0.0,0.0,0.0,0.0,0.0,0.0,0.0,0.0,0.0,0.0,0.0,0.0,0.0,0.0,0.0,5,0,0.0,1.0,0.0,50.0,5.72,11.75,574.61,5,0.2642,53.0
EMP031,2026-02-22,0,0,0,0,0,0,53,53,53,0.0,0.0,0.0,0.0,0.0,0.0,0.0,0.0,0.0,0.0,0.0,0.0,0.0,0.0,0.0,100.0,0,5,0.0,1.0,0.0,50.0,5.72,11.75,574.61,0,0.0,0.0
EMP031,2026-02-23,38,92,0,0,0,195,54,54,54,0.0,0.0,0.0,0.0,0.0,0.0,0.0,0.0,0.0,0.0,0.0,0.0,0.0,0.0,0.0,0.0,5,0,0.0,1.0,0.0,50.0,5.72,11.75,574.61,5,0.3795,97.5
EMP031,2026-02-24,55,134,0,0,0,279,55,55,55,0.0,0.0,0.0,0.0,0.0,0.0,0.0,0.0,0.0,0.0,0.0,0.0,0.0,0.0,0.0,0.0,5,0,0.0,1.0,0.0,50.0,5.72,11.75,574.61,5,0.3405,139.5
EMP031,2026-02-25,78,126,0,0,0,271,56,56,56,0.0,0.0,0.0,0.0,0.0,0.0,0.0,0.0,0.0,0.0,0.0,0.0,0.0,0.0,0.0,0.0,5,0,0.0,1.0,0.0,50.0,5.72,11.75,574.61,5,0.4317,135.5
EMP031,2026-02-26,68,141,0,0,0,328,57,57,57,0.0,0.0,0.0,0.0,0.0,0.0,0.0,0.0,0.0,0.0,0.0,0.0,0.0,0.0,0.0,0.0,5,0,0.0,1.0,0.0,50.0,5.72,11.75,574.61,5,0.4024,164.0
EMP031,2026-02-27,78,119,0,0,0,290,58,58,58,0.0,0.0,0.0,0.0,0.0,0.0,0.0,0.0,0.0,0.0,0.0,0.0,0.0,0.0,0.0,0.0,5,0,0.0,1.0,0.0,50.0,5.72,11.75,574.61,5,0.4897,145.0
EMP031,2026-02-28,37,44,0,0,0,114,59,59,59,0.0,0.0,0.0,0.0,0.0,0.0,0.0,0.0,0.0,0.0,0.0,0.0,0.0,0.0,0.0,0.0,5,0,0.0,1.0,0.0,50.0,5.72,11.75,574.61,5,0.4211,57.0
EMP031,2026-03-01,0,0,0,0,0,0,60,60,60,0.0,0.0,0.0,0.0,0.0,0.0,0.0,0.0,0.0,0.0,0.0,0.0,0.0,0.0,0.0,100.0,0,5,0.0,1.0,0.0,50.0,5.72,11.75,574.61,0,0.0,0.0
EMP031,2026-03-02,0,0,0,0,0,0,61,61,61,0.0,0.0,0.0,0.0,0.0,0.0,0.0,0.0,0.0,0.0,0.0,0.0,0.0,0.0,0.0,100.0,0,5,0.0,1.0,0.0,50.0,5.72,11.75,574.61,0,0.0,0.0
EMP031,2026-03-03,85,199,0,0,0,376,62,62,62,0.0,0.0,0.0,0.0,0.0,0.0,0.0,0.0,0.0,0.0,0.0,0.0,0.0,0.0,0.0,0.0,5,0,0.0,1.0,0.0,50.0,5.72,11.75,574.61,5,0.367,188.0
EMP031,2026-03-04,51,124,0,0,0,234,63,63,63,0.0,0.0,0.0,0.0,0.0,0.0,0.0,0.0,0.0,0.0,0.0,0.0,0.0,0.0,0.0,0.0,5,0,0.0,1.0,0.0,50.0,5.72,11.75,574.61,5,0.3547,117.0
EMP031,2026-03-05,50,112,0,0,0,248,64,64,64,0.0,0.0,0.0,0.0,0.0,0.0,0.0,0.0,0.0,0.0,0.0,0.0,0.0,0.0,0.0,0.0,5,0,0.0,1.0,0.0,50.0,5.72,11.75,574.61,5,0.4032,124.0
EMP031,2026-03-06,59,111,0,0,0,267,65,65,65,0.0,0.0,0.0,0.0,0.0,0.0,0.0,0.0,0.0,0.0,0.0,0.0,0.0,0.0,0.0,0.0,5,0,0.0,1.0,0.0,50.0,5.72,11.75,574.61,5,0.4644,133.5
EMP031,2026-03-07,21,42,0,0,0,93,66,66,66,0.0,0.0,0.0,0.0,0.0,0.0,0.0,0.0,0.0,0.0,0.0,0.0,0.0,0.0,0.0,0.0,5,0,0.0,1.0,0.0,50.0,5.72,11.75,574.61,5,0.4086,46.5
EMP031,2026-03-08,0,0,0,0,0,0,67,67,67,0.0,0.0,0.0,0.0,0.0,0.0,0.0,0.0,0.0,0.0,0.0,0.0,0.0,0.0,0.0,100.0,0,5,0.0,1.0,0.0,50.0,5.72,11.75,574.61,0,0.0,0.0
EMP031,2026-03-09,72,173,0,0,0,319,68,68,68,0.0,0.0,0.0,0.0,0.0,0.0,0.0,0.0,0.0,0.0,0.0,0.0,0.0,0.0,0.0,0.0,5,0,0.0,1.0,0.0,50.0,5.72,11.75,574.61,5,0.3354,159.5
EMP031,2026-03-10,0,0,0,0,0,0,69,69,69,0.0,0.0,0.0,0.0,0.0,0.0,0.0,0.0,0.0,0.0,0.0,0.0,0.0,0.0,0.0,100.0,0,5,0.0,1.0,0.0,50.0,5.72,11.75,574.61,0,0.0,0.0
EMP031,2026-03-11,54,111,0,0,0,239,70,70,70,0.0,0.0,0.0,0.0,0.0,0.0,0.0,0.0,0.0,0.0,0.0,0.0,0.0,0.0,0.0,0.0,5,0,0.0,1.0,0.0,50.0,5.72,11.75,574.61,5,0.3431,119.5
EMP031,2026-03-12,45,115,0,0,0,226,71,71,71,0.0,0.0,0.0,0.0,0.0,0.0,0.0,0.0,0.0,0.0,0.0,0.0,0.0,0.0,0.0,0.0,5,0,0.0,1.0,0.0,50.0,5.72,11.75,574.61,5,0.3496,113.0
EMP031,2026-03-13,70,99,0,0,0,256,72,72,72,0.0,0.0,0.0,0.0,0.0,0.0,0.0,0.0,0.0,0.0,0.0,0.0,0.0,0.0,0.0,0.0,5,0,0.0,1.0,0.0,50.0,5.72,11.75,574.61,5,0.4492,128.0
EMP031,2026-03-14,18,48,0,0,0,105,73,73,73,0.0,0.0,0.0,0.0,0.0,0.0,0.0,0.0,0.0,0.0,0.0,0.0,0.0,0.0,0.0,0.0,5,0,0.0,1.0,0.0,50.0,5.72,11.75,574.61,5,0.3905,52.5
EMP031,2026-03-15,0,0,0,0,0,0,74,74,74,0.0,0.0,0.0,0.0,0.0,0.0,0.0,0.0,0.0,0.0,0.0,0.0,0.0,0.0,0.0,100.0,0,5,0.0,1.0,0.0,50.0,5.72,11.75,574.61,0,0.0,0.0
EMP031,2026-03-16,82,157,0,0,0,334,75,75,75,0.0,0.0,0.0,0.0,0.0,0.0,0.0,0.0,0.0,0.0,0.0,0.0,0.0,0.0,0.0,0.0,5,0,0.0,1.0,0.0,50.0,5.72,11.75,574.61,5,0.3922,167.0
EMP031,2026-03-17,46,142,0,0,0,266,76,76,76,0.0,0.0,0.0,0.0,0.0,0.0,0.0,0.0,0.0,0.0,0.0,0.0,0.0,0.0,0.0,0.0,5,0,0.0,1.0,0.0,50.0,5.72,11.75,574.61,5,0.3083,133.0
EMP031,2026-03-18,67,127,0,0,0,268,77,77,77,0.0,0.0,0.0,0.0,0.0,0.0,0.0,0.0,0.0,0.0,0.0,0.0,0.0,0.0,0.0,0.0,5,0,0.0,1.0,0.0,50.0,5.72,11.75,574.61,5,0.3881,134.0
EMP031,2026-03-19,36,108,0,0,0,224,78,78,78,0.0,0.0,0.0,0.0,0.0,0.0,0.0,0.0,0.0,0.0,0.0,0.0,0.0,0.0,0.0,0.0,5,0,0.0,1.0,0.0,50.0,5.72,11.75,574.61,5,0.308,112.0
EMP031,2026-03-20,88,103,0,0,0,266,79,79,79,0.0,0.0,0.0,0.0,0.0,0.0,0.0,0.0,0.0,0.0,0.0,0.0,0.0,0.0,0.0,0.0,5,0,0.0,1.0,0.0,50.0,5.72,11.75,574.61,5,0.4925,133.0
EMP031,2026-03-21,27,40,0,0,0,101,80,80,80,0.0,0.0,0.0,0.0,0.0,0.0,0.0,0.0,0.0,0.0,0.0,0.0,0.0,0.0,0.0,0.0,5,0,0.0,1.0,0.0,50.0,5.72,11.75,574.61,5,0.4455,50.5
EMP031,2026-03-22,0,0,0,0,0,0,81,81,81,0.0,0.0,0.0,0.0,0.0,0.0,0.0,0.0,0.0,0.0,0.0,0.0,0.0,0.0,0.0,100.0,0,5,0.0,1.0,0.0,50.0,5.72,11.75,574.61,0,0.0,0.0
EMP031,2026-03-23,79,97,0,0,0,253,82,82,82,0.0,0.0,0.0,0.0,0.0,0.0,0.0,0.0,0.0,0.0,0.0,0.0,0.0,0.0,0.0,0.0,5,0,0.0,1.0,0.0,50.0,5.72,11.75,574.61,5,0.4387,126.5
EMP031,2026-03-24,44,109,0,0,0,262,83,83,83,0.0,0.0,0.0,0.0,0.0,0.0,0.0,0.0,0.0,0.0,0.0,0.0,0.0,0.0,0.0,0.0,5,0,0.0,1.0,0.0,50.0,5.72,11.75,574.61,5,0.4198,131.0
EMP031,2026-03-25,55,119,0,0,0,264,84,84,84,0.0,0.0,0.0,0.0,0.0,0.0,0.0,0.0,0.0,0.0,0.0,0.0,0.0,0.0,0.0,0.0,5,0,0.0,1.0,0.0,50.0,5.72,11.75,574.61,5,0.3864,132.0
EMP031,2026-03-26,76,138,0,0,0,319,85,85,85,0.0,0.0,0.0,0.0,0.0,0.0,0.0,0.0,0.0,0.0,0.0,0.0,0.0,0.0,0.0,0.0,5,0,0.0,1.0,0.0,50.0,5.72,11.75,574.61,5,0.373,159.5
EMP031,2026-03-27,36,89,0,0,0,186,86,86,86,0.0,0.0,0.0,0.0,0.0,0.0,0.0,0.0,0.0,0.0,0.0,0.0,0.0,0.0,0.0,0.0,5,0,0.0,1.0,0.0,50.0,5.72,11.75,574.61,5,0.3656,93.0
EMP031,2026-03-28,43,72,0,0,0,149,87,87,87,0.0,0.0,0.0,0.0,0.0,0.0,0.0,0.0,0.0,0.0,0.0,0.0,0.0,0.0,0.0,0.0,5,0,0.0,1.0,0.0,50.0,5.72,11.75,574.61,5,0.4094,74.5
EMP031,2026-03-29,0,0,0,0,0,0,88,88,88,0.0,0.0,0.0,0.0,0.0,0.0,0.0,0.0,0.0,0.0,0.0,0.0,0.0,0.0,0.0,100.0,0,5,0.0,1.0,0.0,50.0,5.72,11.75,574.61,0,0.0,0.0
EMP031,2026-03-30,45,165,0,0,0,324,89,89,89,0.0,0.0,0.0,0.0,0.0,0.0,0.0,0.0,0.0,0.0,0.0,0.0,0.0,0.0,0.0,0.0,5,0,0.0,1.0,0.0,50.0,5.72,11.75,574.61,5,0.3426,162.0
EMP031,2026-03-31,19,66,0,0,0,126,90,90,90,0.0,0.0,0.0,0.0,0.0,0.0,0.0,0.0,0.0,0.0,0.0,0.0,0.0,0.0,0.0,0.0,5,0,0.0,1.0,0.0,50.0,5.72,11.75,574.61,5,0.3413,63.0
EMP032,2026-01-01,0,0,0,0,0,0,1,1,1,0.0,0.0,0.0,0.0,0.0,0.0,0.0,0.0,0.0,0.0,0.0,0.0,0.0,0.0,0.0,100.0,0,5,0.0,1.0,0.0,0.0,7.92,5.6,527.32,0,0.0,0.0
EMP032,2026-01-02,60,137,0,0,0,313,2,2,2,0.0,0.0,0.0,0.0,0.0,0.0,0.0,0.0,0.0,0.0,0.0,0.0,0.0,0.0,0.0,0.0,5,0,0.0,1.0,0.0,0.0,7.92,5.6,527.32,5,0.3898,156.5
EMP032,2026-01-03,32,39,0,0,0,104,3,3,3,0.0,0.0,0.0,0.0,0.0,0.0,0.0,0.0,0.0,0.0,0.0,0.0,0.0,0.0,0.0,0.0,5,0,0.0,1.0,0.0,0.0,7.92,5.6,527.32,5,0.4808,52.0
EMP032,2026-01-04,0,0,0,0,0,0,4,4,4,0.0,0.0,0.0,0.0,0.0,0.0,0.0,0.0,0.0,0.0,0.0,0.0,0.0,0.0,0.0,100.0,0,5,0.0,1.0,0.0,0.0,7.92,5.6,527.32,0,0.0,0.0
EMP032,2026-01-05,64,95,0,0,0,261,5,5,5,0.0,0.0,0.0,0.0,0.0,0.0,0.0,0.0,0.0,0.0,0.0,0.0,0.0,0.0,0.0,0.0,5,0,0.0,1.0,0.0,0.0,7.92,5.6,527.32,5,0.4674,130.5
EMP032,2026-01-06,44,144,0,0,0,272,6,6,6,0.0,0.0,0.0,0.0,0.0,0.0,0.0,0.0,0.0,0.0,0.0,0.0,0.0,0.0,0.0,0.0,5,0,0.0,1.0,0.0,0.0,7.92,5.6,527.32,5,0.2941,136.0
EMP032,2026-01-07,3,6,0,0,0,11,7,7,7,0.0,0.0,0.0,0.0,0.0,0.0,0.0,0.0,0.0,0.0,0.0,0.0,0.0,0.0,0.0,20.0,4,1,0.0,1.0,0.0,0.0,7.92,5.6,527.32,4,0.3636,5.5
EMP032,2026-01-08,54,135,0,0,0,255,8,8,8,0.0,0.0,0.0,0.0,0.0,0.0,0.0,0.0,0.0,0.0,0.0,0.0,0.0,0.0,0.0,0.0,5,0,0.0,1.0,0.0,0.0,7.92,5.6,527.32,5,0.3569,127.5
EMP032,2026-01-09,45,112,0,0,0,241,9,9,9,0.0,0.0,0.0,0.0,0.0,0.0,0.0,0.0,0.0,0.0,0.0,0.0,0.0,0.0,0.0,0.0,5,0,0.0,1.0,0.0,0.0,7.92,5.6,527.32,5,0.361,120.5
EMP032,2026-01-10,26,40,0,0,0,97,10,10,10,0.0,0.0,0.0,0.0,0.0,0.0,0.0,0.0,0.0,0.0,0.0,0.0,0.0,0.0,0.0,0.0,5,0,0.0,1.0,0.0,0.0,7.92,5.6,527.32,5,0.4227,48.5
EMP032,2026-01-11,0,0,0,0,0,0,11,11,11,0.0,0.0,0.0,0.0,0.0,0.0,0.0,0.0,0.0,0.0,0.0,0.0,0.0,0.0,0.0,100.0,0,5,0.0,1.0,0.0,0.0,7.92,5.6,527.32,0,0.0,0.0
EMP032,2026-01-12,59,76,0,0,0,198,12,12,12,0.0,0.0,0.0,0.0,0.0,0.0,0.0,0.0,0.0,0.0,0.0,0.0,0.0,0.0,0.0,0.0,5,0,0.0,1.0,0.0,0.0,7.92,5.6,527.32,5,0.4444,99.0
EMP032,2026-01-13,57,105,0,0,0,241,13,13,13,0.0,0.0,0.0,0.0,0.0,0.0,0.0,0.0,0.0,0.0,0.0,0.0,0.0,0.0,0.0,0.0,5,0,0.0,1.0,0.0,0.0,7.92,5.6,527.32,5,0.4149,120.5
EMP032,2026-01-14,45,120,0,0,0,225,14,14,14,0.0,0.0,0.0,0.0,0.0,0.0,0.0,0.0,0.0,0.0,0.0,0.0,0.0,0.0,0.0,0.0,5,0,0.0,1.0,0.0,0.0,7.92,5.6,527.32,5,0.3289,112.5
EMP032,2026-01-15,49,95,0,0,0,213,15,15,15,0.0,0.0,0.0,0.0,0.0,0.0,0.0,0.0,0.0,0.0,0.0,0.0,0.0,0.0,0.0,0.0,5,0,0.0,1.0,0.0,0.0,7.92,5.6,527.32,5,0.4272,106.5
EMP032,2026-01-16,39,106,0,0,0,242,16,16,16,0.0,0.0,0.0,0.0,0.0,0.0,0.0,0.0,0.0,0.0,0.0,0.0,0.0,0.0,0.0,0.0,5,0,0.0,1.0,0.0,0.0,7.92,5.6,527.32,5,0.4008,121.0
EMP032,2026-01-17,20,32,0,0,0,79,17,17,17,0.0,0.0,0.0,0.0,0.0,0.0,0.0,0.0,0.0,0.0,0.0,0.0,0.0,0.0,0.0,0.0,5,0,0.0,1.0,0.0,0.0,7.92,5.6,527.32,5,0.3924,39.5
EMP032,2026-01-18,0,0,0,0,0,0,18,18,18,0.0,0.0,0.0,0.0,0.0,0.0,0.0,0.0,0.0,0.0,0.0,0.0,0.0,0.0,0.0,100.0,0,5,0.0,1.0,0.0,0.0,7.92,5.6,527.32,0,0.0,0.0
EMP032,2026-01-19,39,127,0,0,0,233,19,19,19,0.0,0.0,0.0,0.0,0.0,0.0,0.0,0.0,0.0,0.0,0.0,0.0,0.0,0.0,0.0,0.0,5,0,0.0,1.0,0.0,0.0,7.92,5.6,527.32,5,0.3262,116.5
EMP032,2026-01-20,75,126,0,0,0,301,20,20,20,0.0,0.0,0.0,0.0,0.0,0.0,0.0,0.0,0.0,0.0,0.0,0.0,0.0,0.0,0.0,0.0,5,0,0.0,1.0,0.0,0.0,7.92,5.6,527.32,5,0.4186,150.5
EMP032,2026-01-21,61,97,0,0,0,243,21,21,21,0.0,0.0,0.0,0.0,0.0,0.0,0.0,0.0,0.0,0.0,0.0,0.0,0.0,0.0,0.0,0.0,5,0,0.0,1.0,0.0,0.0,7.92,5.6,527.32,5,0.4527,121.5
EMP032,2026-01-22,43,98,0,0,0,215,22,22,22,0.0,0.0,0.0,0.0,0.0,0.0,0.0,0.0,0.0,0.0,0.0,0.0,0.0,0.0,0.0,0.0,5,0,0.0,1.0,0.0,0.0,7.92,5.6,527.32,5,0.4279,107.5
EMP032,2026-01-23,74,129,0,0,0,296,23,23,23,0.0,0.0,0.0,0.0,0.0,0.0,0.0,0.0,0.0,0.0,0.0,0.0,0.0,0.0,0.0,0.0,5,0,0.0,1.0,0.0,0.0,7.92,5.6,527.32,5,0.4392,148.0
EMP032,2026-01-24,13,40,0,0,0,86,24,24,24,0.0,0.0,0.0,0.0,0.0,0.0,0.0,0.0,0.0,0.0,0.0,0.0,0.0,0.0,0.0,0.0,5,0,0.0,1.0,0.0,0.0,7.92,5.6,527.32,5,0.3256,43.0
EMP032,2026-01-25,0,0,0,0,0,0,25,25,25,0.0,0.0,0.0,0.0,0.0,0.0,0.0,0.0,0.0,0.0,0.0,0.0,0.0,0.0,0.0,100.0,0,5,0.0,1.0,0.0,0.0,7.92,5.6,527.32,0,0.0,0.0
EMP032,2026-01-26,0,0,0,0,0,0,26,26,26,0.0,0.0,0.0,0.0,0.0,0.0,0.0,0.0,0.0,0.0,0.0,0.0,0.0,0.0,0.0,100.0,0,5,0.0,1.0,0.0,0.0,7.92,5.6,527.32,0,0.0,0.0
EMP032,2026-01-27,87,136,0,0,0,303,27,27,27,0.0,0.0,0.0,0.0,0.0,0.0,0.0,0.0,0.0,0.0,0.0,0.0,0.0,0.0,0.0,0.0,5,0,0.0,1.0,0.0,0.0,7.92,5.6,527.32,5,0.4224,151.5
EMP032,2026-01-28,36,97,0,0,0,203,28,28,28,0.0,0.0,0.0,0.0,0.0,0.0,0.0,0.0,0.0,0.0,0.0,0.0,0.0,0.0,0.0,0.0,5,0,0.0,1.0,0.0,0.0,7.92,5.6,527.32,5,0.3744,101.5
EMP032,2026-01-29,0,0,0,0,0,0,29,29,29,0.0,0.0,0.0,0.0,0.0,0.0,0.0,0.0,0.0,0.0,0.0,0.0,0.0,0.0,0.0,100.0,0,5,0.0,1.0,0.0,0.0,7.92,5.6,527.32,0,0.0,0.0
EMP032,2026-01-30,54,134,0,0,0,289,30,30,30,0.0,0.0,0.0,0.0,0.0,0.0,0.0,0.0,0.0,0.0,0.0,0.0,0.0,0.0,0.0,0.0,5,0,0.0,1.0,0.0,0.0,7.92,5.6,527.32,5,0.3945,144.5
EMP032,2026-01-31,29,51,0,0,0,114,31,31,31,0.0,0.0,0.0,0.0,0.0,0.0,0.0,0.0,0.0,0.0,0.0,0.0,0.0,0.0,0.0,0.0,5,0,0.0,1.0,0.0,0.0,7.92,5.6,527.32,5,0.4123,57.0
EMP032,2026-02-01,0,0,0,0,0,0,32,32,32,0.0,0.0,0.0,0.0,0.0,0.0,0.0,0.0,0.0,0.0,0.0,0.0,0.0,0.0,0.0,100.0,0,5,0.0,1.0,0.0,0.0,7.92,5.6,527.32,0,0.0,0.0
EMP032,2026-02-02,66,143,0,0,0,309,33,33,33,0.0,0.0,0.0,0.0,0.0,0.0,0.0,0.0,0.0,0.0,0.0,0.0,0.0,0.0,0.0,0.0,5,0,0.0,1.0,0.0,0.0,7.92,5.6,527.32,5,0.3851,154.5
EMP032,2026-02-03,69,171,0,0,0,336,34,34,34,0.0,0.0,0.0,0.0,0.0,0.0,0.0,0.0,0.0,0.0,0.0,0.0,0.0,0.0,0.0,0.0,5,0,0.0,1.0,0.0,0.0,7.92,5.6,527.32,5,0.372,168.0
EMP032,2026-02-04,55,126,0,0,0,263,35,35,35,0.0,0.0,0.0,0.0,0.0,0.0,0.0,0.0,0.0,0.0,0.0,0.0,0.0,0.0,0.0,0.0,5,0,0.0,1.0,0.0,0.0,7.92,5.6,527.32,5,0.365,131.5
EMP032,2026-02-05,56,76,0,0,0,220,36,36,36,0.0,0.0,0.0,0.0,0.0,0.0,0.0,0.0,0.0,0.0,0.0,0.0,0.0,0.0,0.0,0.0,5,0,0.0,1.0,0.0,0.0,7.92,5.6,527.32,5,0.4727,110.0
EMP032,2026-02-06,71,135,0,0,0,284,37,37,37,0.0,0.0,0.0,0.0,0.0,0.0,0.0,0.0,0.0,0.0,0.0,0.0,0.0,0.0,0.0,0.0,5,0,0.0,1.0,0.0,0.0,7.92,5.6,527.32,5,0.3838,142.0
EMP032,2026-02-07,22,53,0,0,0,103,38,38,38,0.0,0.0,0.0,0.0,0.0,0.0,0.0,0.0,0.0,0.0,0.0,0.0,0.0,0.0,0.0,0.0,5,0,0.0,1.0,0.0,0.0,7.92,5.6,527.32,5,0.3689,51.5
EMP032,2026-02-08,0,0,0,0,0,0,39,39,39,0.0,0.0,0.0,0.0,0.0,0.0,0.0,0.0,0.0,0.0,0.0,0.0,0.0,0.0,0.0,100.0,0,5,0.0,1.0,0.0,0.0,7.92,5.6,527.32,0,0.0,0.0
EMP032,2026-02-09,73,100,0,0,0,238,40,40,40,0.0,0.0,0.0,0.0,0.0,0.0,0.0,0.0,0.0,0.0,0.0,0.0,0.0,0.0,0.0,0.0,5,0,0.0,1.0,0.0,0.0,7.92,5.6,527.32,5,0.4748,119.0
EMP032,2026-02-10,0,0,0,0,0,0,41,41,41,0.0,0.0,0.0,0.0,0.0,0.0,0.0,0.0,0.0,0.0,0.0,0.0,0.0,0.0,0.0,100.0,0,5,0.0,1.0,0.0,0.0,7.92,5.6,527.32,0,0.0,0.0
EMP032,2026-02-11,19,51,0,0,0,102,42,42,42,0.0,0.0,0.0,0.0,0.0,0.0,0.0,0.0,0.0,0.0,0.0,0.0,0.0,0.0,0.0,0.0,5,0,0.0,1.0,0.0,0.0,7.92,5.6,527.32,5,0.3333,51.0
EMP032,2026-02-12,35,93,0,0,0,198,43,43,43,0.0,0.0,0.0,0.0,0.0,0.0,0.0,0.0,0.0,0.0,0.0,0.0,0.0,0.0,0.0,0.0,5,0,0.0,1.0,0.0,0.0,7.92,5.6,527.32,5,0.3687,99.0
EMP032,2026-02-13,75,101,0,0,0,231,44,44,44,0.0,0.0,0.0,0.0,0.0,0.0,0.0,0.0,0.0,0.0,0.0,0.0,0.0,0.0,0.0,0.0,5,0,0.0,1.0,0.0,0.0,7.92,5.6,527.32,5,0.4675,115.5
EMP032,2026-02-14,16,36,0,0,0,78,45,45,45,0.0,0.0,0.0,0.0,0.0,0.0,0.0,0.0,0.0,0.0,0.0,0.0,0.0,0.0,0.0,0.0,5,0,0.0,1.0,0.0,0.0,7.92,5.6,527.32,5,0.3846,39.0
EMP032,2026-02-15,0,0,0,0,0,0,46,46,46,0.0,0.0,0.0,0.0,0.0,0.0,0.0,0.0,0.0,0.0,0.0,0.0,0.0,0.0,0.0,100.0,0,5,0.0,1.0,0.0,0.0,7.92,5.6,527.32,0,0.0,0.0
EMP032,2026-02-16,59,100,0,0,0,222,47,47,47,0.0,0.0,0.0,0.0,0.0,0.0,0.0,0.0,0.0,0.0,0.0,0.0,0.0,0.0,0.0,0.0,5,0,0.0,1.0,0.0,0.0,7.92,5.6,527.32,5,0.4324,111.0
EMP032,2026-02-17,46,111,0,0,0,241,48,48,48,0.0,0.0,0.0,0.0,0.0,0.0,0.0,0.0,0.0,0.0,0.0,0.0,0.0,0.0,0.0,0.0,5,0,0.0,1.0,0.0,0.0,7.92,5.6,527.32,5,0.3983,120.5
EMP032,2026-02-18,58,93,0,0,0,216,49,49,49,0.0,0.0,0.0,0.0,0.0,0.0,0.0,0.0,0.0,0.0,0.0,0.0,0.0,0.0,0.0,0.0,5,0,0.0,1.0,0.0,0.0,7.92,5.6,527.32,5,0.4583,108.0
EMP032,2026-02-19,51,101,0,0,0,217,50,50,50,0.0,0.0,0.0,0.0,0.0,0.0,0.0,0.0,0.0,0.0,0.0,0.0,0.0,0.0,0.0,0.0,5,0,0.0,1.0,0.0,0.0,7.92,5.6,527.32,5,0.424,108.5
EMP032,2026-02-20,0,0,0,0,0,0,51,51,51,0.0,0.0,0.0,0.0,0.0,0.0,0.0,0.0,0.0,0.0,0.0,0.0,0.0,0.0,0.0,100.0,0,5,0.0,1.0,0.0,0.0,7.92,5.6,527.32,0,0.0,0.0
EMP032,2026-02-21,22,38,0,0,0,83,52,52,52,0.0,0.0,0.0,0.0,0.0,0.0,0.0,0.0,0.0,0.0,0.0,0.0,0.0,0.0,0.0,0.0,5,0,0.0,1.0,0.0,0.0,7.92,5.6,527.32,5,0.4096,41.5
EMP032,2026-02-22,0,0,0,0,0,0,53,53,53,0.0,0.0,0.0,0.0,0.0,0.0,0.0,0.0,0.0,0.0,0.0,0.0,0.0,0.0,0.0,100.0,0,5,0.0,1.0,0.0,0.0,7.92,5.6,527.32,0,0.0,0.0
EMP032,2026-02-23,40,148,0,0,0,245,54,54,54,0.0,0.0,0.0,0.0,0.0,0.0,0.0,0.0,0.0,0.0,0.0,0.0,0.0,0.0,0.0,0.0,5,0,0.0,1.0,0.0,0.0,7.92,5.6,527.32,5,0.2857,122.5
EMP032,2026-02-24,70,147,0,0,0,277,55,55,55,0.0,0.0,0.0,0.0,0.0,0.0,0.0,0.0,0.0,0.0,0.0,0.0,0.0,0.0,0.0,0.0,5,0,0.0,1.0,0.0,0.0,7.92,5.6,527.32,5,0.3646,138.5
EMP032,2026-02-25,2,8,0,0,0,15,56,56,56,0.0,0.0,0.0,0.0,0.0,0.0,0.0,0.0,0.0,0.0,0.0,0.0,0.0,0.0,0.0,0.0,5,0,0.0,1.0,0.0,0.0,7.92,5.6,527.32,5,0.3333,7.5
EMP032,2026-02-26,68,137,0,0,0,261,57,57,57,0.0,0.0,0.0,0.0,0.0,0.0,0.0,0.0,0.0,0.0,0.0,0.0,0.0,0.0,0.0,0.0,5,0,0.0,1.0,0.0,0.0,7.92,5.6,527.32,5,0.3716,130.5
EMP032,2026-02-27,50,122,0,0,0,272,58,58,58,0.0,0.0,0.0,0.0,0.0,0.0,0.0,0.0,0.0,0.0,0.0,0.0,0.0,0.0,0.0,0.0,5,0,0.0,1.0,0.0,0.0,7.92,5.6,527.32,5,0.4191,136.0
EMP032,2026-02-28,19,54,0,0,0,94,59,59,59,0.0,0.0,0.0,0.0,0.0,0.0,0.0,0.0,0.0,0.0,0.0,0.0,0.0,0.0,0.0,0.0,5,0,0.0,1.0,0.0,0.0,7.92,5.6,527.32,5,0.3085,47.0
EMP032,2026-03-01,0,0,0,0,0,0,60,60,60,0.0,0.0,0.0,0.0,0.0,0.0,0.0,0.0,0.0,0.0,0.0,0.0,0.0,0.0,0.0,100.0,0,5,0.0,1.0,0.0,0.0,7.92,5.6,527.32,0,0.0,0.0
EMP032,2026-03-02,0,0,0,0,0,0,61,61,61,0.0,0.0,0.0,0.0,0.0,0.0,0.0,0.0,0.0,0.0,0.0,0.0,0.0,0.0,0.0,100.0,0,5,0.0,1.0,0.0,0.0,7.92,5.6,527.32,0,0.0,0.0
EMP032,2026-03-03,46,158,0,0,0,309,62,62,62,0.0,0.0,0.0,0.0,0.0,0.0,0.0,0.0,0.0,0.0,0.0,0.0,0.0,0.0,0.0,0.0,5,0,0.0,1.0,0.0,0.0,7.92,5.6,527.32,5,0.3074,154.5
EMP032,2026-03-04,66,96,0,0,0,248,63,63,63,0.0,0.0,0.0,0.0,0.0,0.0,0.0,0.0,0.0,0.0,0.0,0.0,0.0,0.0,0.0,0.0,5,0,0.0,1.0,0.0,0.0,7.92,5.6,527.32,5,0.4718,124.0
EMP032,2026-03-05,4,7,0,0,0,17,64,64,64,0.0,0.0,0.0,0.0,0.0,0.0,0.0,0.0,0.0,0.0,0.0,0.0,0.0,0.0,0.0,0.0,5,0,0.0,1.0,0.0,0.0,7.92,5.6,527.32,5,0.4118,8.5
EMP032,2026-03-06,80,125,0,0,0,272,65,65,65,0.0,0.0,0.0,0.0,0.0,0.0,0.0,0.0,0.0,0.0,0.0,0.0,0.0,0.0,0.0,0.0,5,0,0.0,1.0,0.0,0.0,7.92,5.6,527.32,5,0.4375,136.0
EMP032,2026-03-07,21,44,0,0,0,87,66,66,66,0.0,0.0,0.0,0.0,0.0,0.0,0.0,0.0,0.0,0.0,0.0,0.0,0.0,0.0,0.0,0.0,5,0,0.0,1.0,0.0,0.0,7.92,5.6,527.32,5,0.4023,43.5
EMP032,2026-03-08,0,0,0,0,0,0,67,67,67,0.0,0.0,0.0,0.0,0.0,0.0,0.0,0.0,0.0,0.0,0.0,0.0,0.0,0.0,0.0,100.0,0,5,0.0,1.0,0.0,0.0,7.92,5.6,527.32,0,0.0,0.0
EMP032,2026-03-09,59,73,0,0,0,217,68,68,68,0.0,0.0,0.0,0.0,0.0,0.0,0.0,0.0,0.0,0.0,0.0,0.0,0.0,0.0,0.0,0.0,5,0,0.0,1.0,0.0,0.0,7.92,5.6,527.32,5,0.4562,108.5
EMP032,2026-03-10,35,128,0,0,0,214,69,69,69,0.0,0.0,0.0,0.0,0.0,0.0,0.0,0.0,0.0,0.0,0.0,0.0,0.0,0.0,0.0,0.0,5,0,0.0,1.0,0.0,0.0,7.92,5.6,527.32,5,0.3084,107.0
EMP032,2026-03-11,45,78,0,0,0,206,70,70,70,0.0,0.0,0.0,0.0,0.0,0.0,0.0,0.0,0.0,0.0,0.0,0.0,0.0,0.0,0.0,0.0,5,0,0.0,1.0,0.0,0.0,7.92,5.6,527.32,5,0.466,103.0
EMP032,2026-03-12,39,88,0,0,0,184,71,71,71,0.0,0.0,0.0,0.0,0.0,0.0,0.0,0.0,0.0,0.0,0.0,0.0,0.0,0.0,0.0,0.0,5,0,0.0,1.0,0.0,0.0,7.92,5.6,527.32,5,0.3859,92.0
EMP032,2026-03-13,20,65,0,0,0,126,72,72,72,0.0,0.0,0.0,0.0,0.0,0.0,0.0,0.0,0.0,0.0,0.0,0.0,0.0,0.0,0.0,0.0,5,0,0.0,1.0,0.0,0.0,7.92,5.6,527.32,5,0.381,63.0
EMP032,2026-03-14,11,40,0,0,0,78,73,73,73,0.0,0.0,0.0,0.0,0.0,0.0,0.0,0.0,0.0,0.0,0.0,0.0,0.0,0.0,0.0,0.0,5,0,0.0,1.0,0.0,0.0,7.92,5.6,527.32,5,0.3205,39.0
EMP032,2026-03-15,0,0,0,0,0,0,74,74,74,0.0,0.0,0.0,0.0,0.0,0.0,0.0,0.0,0.0,0.0,0.0,0.0,0.0,0.0,0.0,100.0,0,5,0.0,1.0,0.0,0.0,7.92,5.6,527.32,0,0.0,0.0
EMP032,2026-03-16,34,110,0,0,0,213,75,75,75,0.0,0.0,0.0,0.0,0.0,0.0,0.0,0.0,0.0,0.0,0.0,0.0,0.0,0.0,0.0,0.0,5,0,0.0,1.0,0.0,0.0,7.92,5.6,527.32,5,0.3146,106.5
EMP032,2026-03-17,71,128,0,0,0,290,76,76,76,0.0,0.0,0.0,0.0,0.0,0.0,0.0,0.0,0.0,0.0,0.0,0.0,0.0,0.0,0.0,0.0,5,0,0.0,1.0,0.0,0.0,7.92,5.6,527.32,5,0.3897,145.0
EMP032,2026-03-18,30,97,0,0,0,185,77,77,77,0.0,0.0,0.0,0.0,0.0,0.0,0.0,0.0,0.0,0.0,0.0,0.0,0.0,0.0,0.0,0.0,5,0,0.0,1.0,0.0,0.0,7.92,5.6,527.32,5,0.3622,92.5
EMP032,2026-03-19,58,81,0,0,0,212,78,78,78,0.0,0.0,0.0,0.0,0.0,0.0,0.0,0.0,0.0,0.0,0.0,0.0,0.0,0.0,0.0,0.0,5,0,0.0,1.0,0.0,0.0,7.92,5.6,527.32,5,0.4764,106.0
EMP032,2026-03-20,46,132,0,0,0,281,79,79,79,0.0,0.0,0.0,0.0,0.0,0.0,0.0,0.0,0.0,0.0,0.0,0.0,0.0,0.0,0.0,0.0,5,0,0.0,1.0,0.0,0.0,7.92,5.6,527.32,5,0.3701,140.5
EMP032,2026-03-21,18,52,0,0,0,97,80,80,80,0.0,0.0,0.0,0.0,0.0,0.0,0.0,0.0,0.0,0.0,0.0,0.0,0.0,0.0,0.0,0.0,5,0,0.0,1.0,0.0,0.0,7.92,5.6,527.32,5,0.3505,48.5
EMP032,2026-03-22,0,0,0,0,0,0,81,81,81,0.0,0.0,0.0,0.0,0.0,0.0,0.0,0.0,0.0,0.0,0.0,0.0,0.0,0.0,0.0,100.0,0,5,0.0,1.0,0.0,0.0,7.92,5.6,527.32,0,0.0,0.0
EMP032,2026-03-23,41,107,0,0,0,215,82,82,82,0.0,0.0,0.0,0.0,0.0,0.0,0.0,0.0,0.0,0.0,0.0,0.0,0.0,0.0,0.0,0.0,5,0,0.0,1.0,0.0,0.0,7.92,5.6,527.32,5,0.3488,107.5
EMP032,2026-03-24,49,118,0,0,0,264,83,83,83,0.0,0.0,0.0,0.0,0.0,0.0,0.0,0.0,0.0,0.0,0.0,0.0,0.0,0.0,0.0,0.0,5,0,0.0,1.0,0.0,0.0,7.92,5.6,527.32,5,0.3598,132.0
EMP032,2026-03-25,75,189,0,0,0,385,84,84,84,0.0,0.0,0.0,0.0,0.0,0.0,0.0,0.0,0.0,0.0,0.0,0.0,0.0,0.0,0.0,0.0,5,0,0.0,1.0,0.0,0.0,7.92,5.6,527.32,5,0.374,192.5
EMP032,2026-03-26,42,144,0,0,0,262,85,85,85,0.0,0.0,0.0,0.0,0.0,0.0,0.0,0.0,0.0,0.0,0.0,0.0,0.0,0.0,0.0,0.0,5,0,0.0,1.0,0.0,0.0,7.92,5.6,527.32,5,0.2786,131.0
EMP032,2026-03-27,100,155,0,0,0,367,86,86,86,0.0,0.0,0.0,0.0,0.0,0.0,0.0,0.0,0.0,0.0,0.0,0.0,0.0,0.0,0.0,0.0,5,0,0.0,1.0,0.0,0.0,7.92,5.6,527.32,5,0.4305,183.5
EMP032,2026-03-28,30,52,0,0,0,107,87,87,87,0.0,0.0,0.0,0.0,0.0,0.0,0.0,0.0,0.0,0.0,0.0,0.0,0.0,0.0,0.0,0.0,5,0,0.0,1.0,0.0,0.0,7.92,5.6,527.32,5,0.4206,53.5
EMP032,2026-03-29,0,0,0,0,0,0,88,88,88,0.0,0.0,0.0,0.0,0.0,0.0,0.0,0.0,0.0,0.0,0.0,0.0,0.0,0.0,0.0,100.0,0,5,0.0,1.0,0.0,0.0,7.92,5.6,527.32,0,0.0,0.0
EMP032,2026-03-30,58,140,0,0,0,281,89,89,89,0.0,0.0,0.0,0.0,0.0,0.0,0.0,0.0,0.0,0.0,0.0,0.0,0.0,0.0,0.0,0.0,5,0,0.0,1.0,0.0,0.0,7.92,5.6,527.32,5,0.363,140.5
EMP032,2026-03-31,76,111,0,0,0,280,90,90,90,0.0,0.0,0.0,0.0,0.0,0.0,0.0,0.0,0.0,0.0,0.0,0.0,0.0,0.0,0.0,0.0,5,0,0.0,1.0,0.0,0.0,7.92,5.6,527.32,5,0.4964,140.0
EMP033,2026-01-01,0,0,0,0,0,0,1,1,1,0.0,0.0,0.0,0.0,0.0,0.0,0.0,0.0,0.0,0.0,0.0,0.0,0.0,0.0,0.0,100.0,0,5,-11.46,16.85,-0.68,50.0,8.54,9.98,487.81,0,0.0,0.0
EMP033,2026-01-02,74,105,0,0,0,255,2,2,2,0.0,0.0,0.0,0.0,0.0,0.0,0.0,0.0,0.0,0.0,0.0,0.0,0.0,0.0,0.0,0.0,5,0,-11.46,16.85,-0.68,50.0,8.54,9.98,487.81,5,0.4392,127.5
EMP033,2026-01-03,11,43,0,0,0,73,3,3,3,0.0,0.0,0.0,0.0,0.0,0.0,0.0,0.0,0.0,0.0,0.0,0.0,0.0,0.0,0.0,0.0,5,0,-11.46,16.85,-0.68,50.0,8.54,9.98,487.81,5,0.2877,36.5
EMP033,2026-01-04,0,0,0,0,0,0,4,4,4,0.0,0.0,0.0,0.0,0.0,0.0,0.0,0.0,0.0,0.0,0.0,0.0,0.0,0.0,0.0,100.0,0,5,-11.46,16.85,-0.68,50.0,8.54,9.98,487.81,0,0.0,0.0
EMP033,2026-01-05,45,99,0,0,0,222,5,5,5,0.0,0.0,0.0,0.0,0.0,0.0,0.0,0.0,0.0,0.0,0.0,0.0,0.0,0.0,0.0,0.0,5,0,-11.46,16.85,-0.68,50.0,8.54,9.98,487.81,5,0.4369,111.0
EMP033,2026-01-06,41,108,0,0,0,222,6,6,6,0.0,0.0,0.0,0.0,0.0,0.0,0.0,0.0,0.0,0.0,0.0,0.0,0.0,0.0,0.0,0.0,5,0,-11.46,16.85,-0.68,50.0,8.54,9.98,487.81,5,0.3288,111.0
EMP033,2026-01-07,37,90,0,0,0,192,7,7,7,0.0,0.0,0.0,0.0,0.0,0.0,0.0,0.0,0.0,0.0,0.0,0.0,0.0,0.0,0.0,0.0,5,0,-11.46,16.85,-0.68,50.0,8.54,9.98,487.81,5,0.375,96.0
EMP033,2026-01-08,37,58,0,0,0,158,8,8,8,0.0,0.0,0.0,0.0,0.0,0.0,0.0,0.0,0.0,0.0,0.0,0.0,0.0,0.0,0.0,0.0,5,0,-11.46,16.85,-0.68,50.0,8.54,9.98,487.81,5,0.4367,79.0
EMP033,2026-01-09,51,110,0,0,0,235,9,9,9,0.0,0.0,0.0,0.0,0.0,0.0,0.0,0.0,0.0,0.0,0.0,0.0,0.0,0.0,0.0,0.0,5,0,-11.46,16.85,-0.68,50.0,8.54,9.98,487.81,5,0.4128,117.5
EMP033,2026-01-10,16,34,0,0,0,71,10,10,10,0.0,0.0,0.0,0.0,0.0,0.0,0.0,0.0,0.0,0.0,0.0,0.0,0.0,0.0,0.0,0.0,5,0,-11.46,16.85,-0.68,50.0,8.54,9.98,487.81,5,0.3944,35.5
EMP033,2026-01-11,0,0,0,0,0,0,11,11,11,0.0,0.0,0.0,0.0,0.0,0.0,0.0,0.0,0.0,0.0,0.0,0.0,0.0,0.0,0.0,100.0,0,5,-11.46,16.85,-0.68,50.0,8.54,9.98,487.81,0,0.0,0.0
EMP033,2026-01-12,30,86,0,0,0,195,12,12,12,0.0,0.0,0.0,0.0,0.0,0.0,0.0,0.0,0.0,0.0,0.0,0.0,0.0,0.0,0.0,0.0,5,0,-11.46,16.85,-0.68,50.0,8.54,9.98,487.81,5,0.3282,97.5
EMP033,2026-01-13,53,106,0,0,0,225,13,13,13,0.0,0.0,0.0,0.0,0.0,0.0,0.0,0.0,0.0,0.0,0.0,0.0,0.0,0.0,0.0,0.0,5,0,-11.46,16.85,-0.68,50.0,8.54,9.98,487.81,5,0.3556,112.5
EMP033,2026-01-14,0,0,0,0,0,0,14,14,14,0.0,0.0,0.0,0.0,0.0,0.0,0.0,0.0,0.0,0.0,0.0,0.0,0.0,0.0,0.0,100.0,0,5,-11.46,16.85,-0.68,50.0,8.54,9.98,487.81,0,0.0,0.0
EMP033,2026-01-15,0,0,0,0,0,0,15,15,15,0.0,0.0,0.0,0.0,0.0,0.0,0.0,0.0,0.0,0.0,0.0,0.0,0.0,0.0,0.0,100.0,0,5,-11.46,16.85,-0.68,50.0,8.54,9.98,487.81,0,0.0,0.0
EMP033,2026-01-16,33,81,0,0,0,174,16,16,16,0.0,0.0,0.0,0.0,0.0,0.0,0.0,0.0,0.0,0.0,0.0,0.0,0.0,0.0,0.0,0.0,5,0,-11.46,16.85,-0.68,50.0,8.54,9.98,487.81,5,0.3908,87.0
EMP033,2026-01-17,20,32,0,0,0,73,17,17,17,0.0,0.0,0.0,0.0,0.0,0.0,0.0,0.0,0.0,0.0,0.0,0.0,0.0,0.0,0.0,0.0,5,0,-11.46,16.85,-0.68,50.0,8.54,9.98,487.81,5,0.411,36.5
EMP033,2026-01-18,0,0,0,0,0,0,18,18,18,0.0,0.0,0.0,0.0,0.0,0.0,0.0,0.0,0.0,0.0,0.0,0.0,0.0,0.0,0.0,100.0,0,5,-11.46,16.85,-0.68,50.0,8.54,9.98,487.81,0,0.0,0.0
EMP033,2026-01-19,52,87,0,0,0,181,19,19,19,0.0,0.0,0.0,0.0,0.0,0.0,0.0,0.0,0.0,0.0,0.0,0.0,0.0,0.0,0.0,0.0,5,0,-11.46,16.85,-0.68,50.0,8.54,9.98,487.81,5,0.4199,90.5
EMP033,2026-01-20,36,66,0,0,0,166,20,20,20,0.0,0.0,0.0,0.0,0.0,0.0,0.0,0.0,0.0,0.0,0.0,0.0,0.0,0.0,0.0,0.0,5,0,-11.46,16.85,-0.68,50.0,8.54,9.98,487.81,5,0.4518,83.0
EMP033,2026-01-21,0,0,0,0,0,0,21,21,21,0.0,0.0,0.0,0.0,0.0,0.0,0.0,0.0,0.0,0.0,0.0,0.0,0.0,0.0,0.0,100.0,0,5,-11.46,16.85,-0.68,50.0,8.54,9.98,487.81,0,0.0,0.0
EMP033,2026-01-22,44,83,0,0,0,173,22,22,22,0.0,0.0,0.0,0.0,0.0,0.0,0.0,0.0,0.0,0.0,0.0,0.0,0.0,0.0,0.0,0.0,5,0,-11.46,16.85,-0.68,50.0,8.54,9.98,487.81,5,0.422,86.5
EMP033,2026-01-23,31,96,0,0,0,197,23,23,23,0.0,0.0,0.0,0.0,0.0,0.0,0.0,0.0,0.0,0.0,0.0,0.0,0.0,0.0,0.0,0.0,5,0,-11.46,16.85,-0.68,50.0,8.54,9.98,487.81,5,0.335,98.5
EMP033,2026-01-24,10,27,0,0,0,58,24,24,24,0.0,0.0,0.0,0.0,0.0,0.0,0.0,0.0,0.0,0.0,0.0,0.0,0.0,0.0,0.0,0.0,5,0,-11.46,16.85,-0.68,50.0,8.54,9.98,487.81,5,0.3621,29.0
EMP033,2026-01-25,0,0,0,0,0,0,25,25,25,0.0,0.0,0.0,0.0,0.0,0.0,0.0,0.0,0.0,0.0,0.0,0.0,0.0,0.0,0.0,100.0,0,5,-11.46,16.85,-0.68,50.0,8.54,9.98,487.81,0,0.0,0.0
EMP033,2026-01-26,0,0,0,0,0,0,26,26,26,0.0,0.0,0.0,0.0,0.0,0.0,0.0,0.0,0.0,0.0,0.0,0.0,0.0,0.0,0.0,100.0,0,5,-11.46,16.85,-0.68,50.0,8.54,9.98,487.81,0,0.0,0.0
EMP033,2026-01-27,41,93,0,0,0,187,27,27,27,0.0,0.0,0.0,0.0,0.0,0.0,0.0,0.0,0.0,0.0,0.0,0.0,0.0,0.0,0.0,0.0,5,0,-11.46,16.85,-0.68,50.0,8.54,9.98,487.81,5,0.3529,93.5
EMP033,2026-01-28,48,80,0,0,0,185,28,28,28,0.0,0.0,0.0,0.0,0.0,0.0,0.0,0.0,0.0,0.0,0.0,0.0,0.0,0.0,0.0,0.0,5,0,-11.46,16.85,-0.68,50.0,8.54,9.98,487.81,5,0.3946,92.5
EMP033,2026-01-29,64,114,0,0,0,264,29,29,29,0.0,0.0,0.0,0.0,0.0,0.0,0.0,0.0,0.0,0.0,0.0,0.0,0.0,0.0,0.0,0.0,5,0,-11.46,16.85,-0.68,50.0,8.54,9.98,487.81,5,0.428,132.0
EMP033,2026-01-30,36,86,0,0,0,226,30,30,30,0.0,0.0,0.0,0.0,0.0,0.0,0.0,0.0,0.0,0.0,0.0,0.0,0.0,0.0,0.0,0.0,5,0,-11.46,16.85,-0.68,50.0,8.54,9.98,487.81,5,0.4292,113.0
EMP033,2026-01-31,15,37,0,0,0,75,31,31,31,0.0,0.0,0.0,0.0,0.0,0.0,0.0,0.0,0.0,0.0,0.0,0.0,0.0,0.0,0.0,0.0,5,0,-11.46,16.85,-0.68,50.0,8.54,9.98,487.81,5,0.3467,37.5
EMP033,2026-02-01,0,0,0,0,0,0,32,32,32,0.0,0.0,0.0,0.0,0.0,0.0,0.0,0.0,0.0,0.0,0.0,0.0,0.0,0.0,0.0,100.0,0,5,-11.46,16.85,-0.68,50.0,8.54,9.98,487.81,0,0.0,0.0
EMP033,2026-02-02,62,128,0,0,0,271,33,33,33,0.0,0.0,0.0,0.0,0.0,0.0,0.0,0.0,0.0,0.0,0.0,0.0,0.0,0.0,0.0,0.0,5,0,-11.46,16.85,-0.68,50.0,8.54,9.98,487.81,5,0.3838,135.5
EMP033,2026-02-03,53,98,0,0,0,241,34,34,34,0.0,0.0,0.0,0.0,0.0,0.0,0.0,0.0,0.0,0.0,0.0,0.0,0.0,0.0,0.0,0.0,5,0,-11.46,16.85,-0.68,50.0,8.54,9.98,487.81,5,0.4191,120.5
EMP033,2026-02-04,53,110,0,0,0,226,35,35,35,0.0,0.0,0.0,0.0,0.0,0.0,0.0,0.0,0.0,0.0,0.0,0.0,0.0,0.0,0.0,0.0,5,0,-11.46,16.85,-0.68,50.0,8.54,9.98,487.81,5,0.4159,113.0
EMP033,2026-02-05,43,92,0,0,0,198,36,36,36,0.0,0.0,0.0,0.0,0.0,0.0,0.0,0.0,0.0,0.0,0.0,0.0,0.0,0.0,0.0,0.0,5,0,-11.46,16.85,-0.68,50.0,8.54,9.98,487.81,5,0.3939,99.0
EMP033,2026-02-06,4,6,0,0,0,13,37,37,37,0.0,0.0,0.0,0.0,0.0,0.0,0.0,0.0,0.0,0.0,0.0,0.0,0.0,0.0,0.0,20.0,4,1,-11.46,16.85,-0.68,50.0,8.54,9.98,487.81,4,0.3846,6.5
EMP033,2026-02-07,12,38,0,0,0,77,38,38,38,0.0,0.0,0.0,0.0,0.0,0.0,0.0,0.0,0.0,0.0,0.0,0.0,0.0,0.0,0.0,0.0,5,0,-11.46,16.85,-0.68,50.0,8.54,9.98,487.81,5,0.3117,38.5
EMP033,2026-02-08,0,0,0,0,0,0,39,39,39,0.0,0.0,0.0,0.0,0.0,0.0,0.0,0.0,0.0,0.0,0.0,0.0,0.0,0.0,0.0,100.0,0,5,-11.46,16.85,-0.68,50.0,8.54,9.98,487.81,0,0.0,0.0
EMP033,2026-02-09,37,75,0,0,0,179,40,40,40,0.0,0.0,0.0,0.0,0.0,0.0,0.0,0.0,0.0,0.0,0.0,0.0,0.0,0.0,0.0,0.0,5,0,-11.46,16.85,-0.68,50.0,8.54,9.98,487.81,5,0.4413,89.5
EMP033,2026-02-10,0,0,0,0,0,0,41,41,41,0.0,0.0,0.0,0.0,0.0,0.0,0.0,0.0,0.0,0.0,0.0,0.0,0.0,0.0,0.0,100.0,0,5,-11.46,16.85,-0.68,50.0,8.54,9.98,487.81,0,0.0,0.0
EMP033,2026-02-11,26,89,0,0,0,178,42,42,42,0.0,0.0,0.0,0.0,0.0,0.0,0.0,0.0,0.0,0.0,0.0,0.0,0.0,0.0,0.0,0.0,5,0,-11.46,16.85,-0.68,50.0,8.54,9.98,487.81,5,0.3371,89.0
EMP033,2026-02-12,40,79,0,0,0,183,43,43,43,0.0,0.0,0.0,0.0,0.0,0.0,0.0,0.0,0.0,0.0,0.0,0.0,0.0,0.0,0.0,0.0,5,0,-11.46,16.85,-0.68,50.0,8.54,9.98,487.81,5,0.4044,91.5
EMP033,2026-02-13,39,93,0,0,0,191,44,44,44,0.0,0.0,0.0,0.0,0.0,0.0,0.0,0.0,0.0,0.0,0.0,0.0,0.0,0.0,0.0,0.0,5,0,-11.46,16.85,-0.68,50.0,8.54,9.98,487.81,5,0.3351,95.5
EMP033,2026-02-14,17,27,0,0,0,59,45,45,45,0.0,0.0,0.0,0.0,0.0,0.0,0.0,0.0,0.0,0.0,0.0,0.0,0.0,0.0,0.0,0.0,5,0,-11.46,16.85,-0.68,50.0,8.54,9.98,487.81,5,0.3729,29.5
EMP033,2026-02-15,0,0,0,0,0,0,46,46,46,0.0,0.0,0.0,0.0,0.0,0.0,0.0,0.0,0.0,0.0,0.0,0.0,0.0,0.0,0.0,100.0,0,5,-11.46,16.85,-0.68,50.0,8.54,9.98,487.81,0,0.0,0.0
EMP033,2026-02-16,33,41,30,18,19,222,47,47,47,0.0,0.0,0.0,0.0,0.0,0.0,0.0,0.0,0.0,0.0,0.0,0.0,0.0,0.9091,0.5455,20.0,4,1,18.54,16.85,1.1,50.0,8.54,9.98,487.81,10,0.7568,111.0
EMP033,2026-02-17,21,47,26,33,16,220,1,1,1,4.29,2.14,1.0,0.6,0.63,10.5,5.39,0.1935,0.1161,0.1226,0.0,0.0,0.0,1.2381,1.5714,20.0,4,1,14.54,16.85,0.863,50.0,8.54,9.98,487.81,10,0.7182,110.0
EMP033,2026-02-18,21,46,24,20,18,227,1,1,1,8.0,4.0,1.87,1.7,1.17,12.69,7.0,0.3479,0.321,0.2174,0.0,0.0,0.0,1.1429,0.9524,20.0,4,1,12.54,16.85,0.744,50.0,8.54,9.98,487.81,10,0.7048,113.5
EMP033,2026-02-19,37,39,27,26,19,235,1,1,1,11.43,5.71,2.67,2.37,1.77,13.3,8.04,0.4779,0.4274,0.3179,0.0,0.0,0.0,0.7297,0.7027,20.0,4,1,15.54,16.85,0.922,50.0,8.54,9.98,487.81,10,0.7702,117.5
EMP033,2026-02-20,41,57,39,28,12,259,1,1,1,15.29,7.64,3.57,3.23,2.4,13.34,9.13,0.6165,0.5635,0.4169,0.0,0.0,0.0,0.9512,0.6829,20.0,4,1,27.54,16.85,1.634,50.0,8.54,9.98,487.81,10,0.6795,129.5
EMP033,2026-02-21,16,10,8,13,6,77,1,1,1,20.86,10.43,4.87,4.17,2.8,13.92,11.09,0.8205,0.701,0.4623,0.0,0.0,0.0,0.5,0.8125,20.0,4,1,-3.46,16.85,-0.205,50.0,8.54,9.98,487.81,10,0.7922,38.5
EMP033,2026-02-22,0,0,0,0,0,0,1,1,1,22.0,11.0,5.13,4.6,3.0,12.41,11.07,0.8071,0.7293,0.4636,100.0,100.0,100.0,0.0,0.0,100.0,0,5,-11.46,16.85,-0.68,50.0,8.54,9.98,487.81,0,0.0,0.0
EMP033,2026-02-23,26,36,26,28,16,217,2,2,2,22.0,11.0,5.13,4.6,3.0,12.41,11.07,0.7386,0.6679,0.4236,0.0,0.0,0.0,1.0,1.0769,20.0,4,1,14.54,16.85,0.863,50.0,8.54,9.98,487.81,10,0.7512,108.5
EMP033,2026-02-24,0,0,0,0,0,0,1,1,1,21.43,12.86,6.0,5.53,3.53,12.12,11.64,0.8378,0.7871,0.4868,100.0,100.0,100.0,0.0,0.0,100.0,0,5,-11.46,16.85,-0.68,50.0,8.54,9.98,487.81,0,0.0,0.0
EMP033,2026-02-25,38,46,24,29,8,200,2,2,2,17.71,12.86,6.0,5.53,3.53,13.99,11.64,0.7577,0.7132,0.4396,0.0,0.0,0.0,0.6316,0.7632,20.0,4,1,12.54,16.85,0.744,50.0,8.54,9.98,487.81,10,0.705,100.0
EMP033,2026-02-26,24,43,28,23,13,218,1,1,1,17.71,14.57,6.8,6.5,3.8,13.99,12.01,0.8325,0.8265,0.444,0.0,0.0,0.0,1.1667,0.9583,20.0,4,1,16.54,16.85,0.982,50.0,8.54,9.98,487.81,10,0.711,109.0
EMP033,2026-02-27,25,33,32,33,12,215,1,1,1,17.86,16.57,7.73,7.27,4.23,14.09,12.53,0.9224,0.8881,0.4772,0.0,0.0,0.0,1.28,1.32,20.0,4,1,20.54,16.85,1.219,50.0,8.54,9.98,487.81,10,0.7535,107.5
EMP033,2026-02-28,8,12,26,14,3,96,1,1,1,16.86,18.86,8.8,8.37,4.63,12.73,13.17,1.0256,1.004,0.4981,0.0,0.0,35.21,3.25,1.75,20.0,4,1,14.54,16.85,0.863,50.0,8.54,9.98,487.81,10,0.7708,48.0
EMP033,2026-03-01,0,0,0,0,0,0,1,1,1,19.43,20.71,9.67,8.83,4.73,12.5,13.41,1.0759,0.9826,0.4556,100.0,100.0,100.0,0.0,0.0,100.0,0,5,-11.46,16.85,-0.68,50.0,8.54,9.98,487.81,0,0.0,0.0
EMP033,2026-03-02,0,0,0,0,0,0,2,2,2,19.43,20.71,9.67,8.83,4.73,12.5,13.41,0.9468,0.8647,0.3924,100.0,100.0,100.0,0.0,0.0,100.0,0,5,-11.46,16.85,-0.68,50.0,8.54,9.98,487.81,0,0.0,0.0
EMP033,2026-03-03,50,61,35,44,20,307,3,3,3,15.71,18.57,9.67,8.83,4.73,13.79,13.41,0.8178,0.7468,0.3293,0.0,0.0,0.0,0.7,0.88,20.0,4,1,23.54,16.85,1.397,50.0,8.54,9.98,487.81,10,0.6971,153.5
EMP033,2026-03-04,18,43,24,15,11,189,1,1,1,20.71,19.21,10.83,10.3,5.4,13.53,14.03,0.9146,0.9128,0.3951,0.0,0.0,0.0,1.3333,0.8333,20.0,4,1,12.54,16.85,0.744,50.0,8.54,9.98,487.81,10,0.709,94.5
EMP033,2026-03-05,44,48,27,29,10,265,1,1,1,20.71,19.21,11.63,10.8,5.77,13.53,14.07,0.9248,0.8721,0.394,0.0,0.0,0.0,0.6136,0.6591,20.0,4,1,15.54,16.85,0.922,50.0,8.54,9.98,487.81,10,0.7208,132.5
EMP033,2026-03-06,31,43,28,23,24,218,1,1,1,20.57,19.21,12.53,11.77,6.1,13.46,14.17,0.9437,0.915,0.3815,0.0,0.0,0.0,0.9032,0.7419,20.0,4,1,16.54,16.85,0.982,50.0,8.54,9.98,487.81,10,0.7477,109.0
EMP033,2026-03-07,7,16,13,7,7,81,1,1,1,20.0,18.43,13.47,12.53,6.9,13.04,14.23,0.9571,0.9063,0.4549,3.49,44.13,0.0,1.8571,1.0,20.0,4,1,1.54,16.85,0.091,50.0,8.54,9.98,487.81,10,0.7037,40.5
EMP033,2026-03-08,0,0,0,0,0,0,1,1,1,18.14,18.79,13.9,12.77,7.13,12.98,14.01,0.8612,0.7842,0.408,100.0,100.0,100.0,0.0,0.0,100.0,0,5,-11.46,16.85,-0.68,50.0,8.54,9.98,487.81,0,0.0,0.0
EMP033,2026-03-09,0,0,0,0,0,0,2,2,2,18.14,18.79,13.9,12.77,7.13,12.98,14.01,0.6756,0.6138,0.3128,100.0,100.0,100.0,0.0,0.0,100.0,0,5,-11.46,16.85,-0.68,50.0,8.54,9.98,487.81,0,0.0,0.0
EMP033,2026-03-10,25,49,41,36,9,228,3,3,3,18.14,16.93,13.9,12.77,7.13,12.98,14.01,0.4901,0.4434,0.2176,0.0,0.0,0.0,1.64,1.44,20.0,4,1,29.54,16.85,1.753,50.0,8.54,9.98,487.81,10,0.7018,114.0
EMP033,2026-03-11,31,48,32,34,12,253,1,1,1,19.0,19.86,15.27,13.97,7.43,14.2,14.58,0.5691,0.5052,0.1804,0.0,0.0,0.0,1.0323,1.0968,20.0,4,1,20.54,16.85,1.219,50.0,8.54,9.98,487.81,10,0.7036,126.5
EMP033,2026-03-12,37,43,28,18,13,215,1,1,1,20.14,20.43,16.33,15.1,7.83,14.87,14.59,0.5717,0.5382,0.1586,0.0,0.0,0.0,0.7568,0.4865,20.0,4,1,16.54,16.85,0.982,50.0,8.54,9.98,487.81,10,0.7256,107.5
EMP033,2026-03-13,33,42,41,37,9,261,1,1,1,20.29,20.43,17.27,15.7,8.27,14.94,14.41,0.5344,0.4527,0.1379,0.0,0.0,0.0,1.2424,1.1212,20.0,4,1,29.54,16.85,1.753,50.0,8.54,9.98,487.81,10,0.7433,130.5
EMP033,2026-03-14,15,13,12,9,5,78,1,1,1,22.14,21.07,18.63,16.93,8.57,16.5,14.65,0.5684,0.4819,0.0857,35.59,46.84,41.66,0.8,0.6,20.0,4,1,0.54,16.85,0.032,50.0,8.54,9.98,487.81,10,0.7692,39.0
EMP033,2026-03-15,0,0,0,0,0,0,1,1,1,22.0,20.07,19.03,17.23,8.73,16.59,14.3,0.3971,0.3139,0.0036,100.0,100.0,100.0,0.0,0.0,100.0,0,5,-11.46,16.85,-0.68,50.0,8.54,9.98,487.81,0,0.0,0.0
EMP033,2026-03-16,1,2,1,1,1,8,2,2,2,22.0,20.07,19.03,17.23,8.73,16.59,14.3,0.143,0.0839,-0.113,94.75,94.2,88.55,1.0,1.0,40.0,3,2,-10.46,16.85,-0.621,50.0,8.54,9.98,487.81,7,0.75,4.0
EMP033,2026-03-17,30,33,31,33,20,239,1,1,1,22.14,20.14,19.07,17.27,8.77,16.4,14.25,-0.1046,-0.1397,-0.2231,0.0,0.0,0.0,1.0333,1.1,20.0,4,1,19.54,16.85,1.16,50.0,8.54,9.98,487.81,10,0.7741,119.5
EMP033,2026-03-18,21,24,36,24,16,176,1,1,1,20.71,19.86,20.1,18.37,9.43,15.08,13.95,-0.1591,-0.1573,-0.2111,0.0,0.0,0.0,1.7143,1.1429,20.0,4,1,24.54,16.85,1.456,50.0,8.54,9.98,487.81,10,0.7841,88.0
EMP033,2026-03-19,31,28,33,22,12,204,1,1,1,21.29,20.71,20.3,18.57,9.33,15.56,14.14,0.0118,-0.1235,-0.1028,0.0,0.0,0.0,1.0645,0.7097,20.0,4,1,21.54,16.85,1.278,50.0,8.54,9.98,487.81,10,0.75,102.0
EMP033,2026-03-20,20,39,22,18,20,188,1,1,1,22.0,21.14,20.53,18.2,9.2,15.96,14.28,0.133,-0.0018,-0.0396,0.0,1.1,0.0,1.1,0.9,20.0,4,1,10.54,16.85,0.626,50.0,8.54,9.98,487.81,10,0.6862,94.0
EMP033,2026-03-21,9,17,14,8,8,86,1,1,1,19.29,20.71,20.47,18.13,9.27,14.0,14.27,0.1664,0.0093,0.0908,31.61,55.87,13.7,1.5556,0.8889,20.0,4,1,2.54,16.85,0.151,50.0,8.54,9.98,487.81,10,0.7093,43.0
EMP033,2026-03-22,0,0,0,0,0,0,1,1,1,19.57,20.79,20.03,17.53,8.9,13.87,14.27,0.1697,-0.0018,0.1497,100.0,100.0,100.0,0.0,0.0,100.0,0,5,-11.46,16.85,-0.68,50.0,8.54,9.98,487.81,0,0.0,0.0
EMP033,2026-03-23,26,41,38,25,21,236,2,2,2,19.57,20.79,18.73,16.6,8.5,13.87,14.25,0.1713,-0.0427,0.1137,0.0,0.0,0.0,1.4615,0.9615,20.0,4,1,26.54,16.85,1.575,50.0,8.54,9.98,487.81,10,0.7542,118.0
EMP033,2026-03-24,11,23,12,13,5,97,1,1,1,24.86,23.5,19.73,17.0,9.0,12.79,14.52,0.2216,-0.0133,0.1771,39.18,23.53,44.44,1.0909,1.1818,20.0,4,1,0.54,16.85,0.032,50.0,8.54,9.98,487.81,10,0.6495,48.5
EMP033,2026-03-25,30,29,69,59,38,311,1,1,1,22.14,21.43,20.13,17.43,9.17,13.21,14.13,0.0356,-0.1564,0.0892,0.0,0.0,0.0,2.3,1.9667,20.0,4,1,57.54,16.85,3.415,50.0,8.54,9.98,487.81,10,0.836,155.5
EMP033,2026-03-26,53,61,54,42,27,353,1,1,1,26.86,24.07,21.57,18.47,9.9,20.94,16.61,0.3913,0.1846,0.3224,0.0,0.0,0.0,1.0189,0.7925,20.0,4,1,42.54,16.85,2.525,50.0,8.54,9.98,487.81,10,0.7734,176.5
EMP033,2026-03-27,17,30,30,38,16,189,1,1,1,29.86,25.93,23.37,19.87,10.8,23.01,17.1,0.4518,0.2091,0.3644,0.0,0.0,0.0,1.7647,2.2353,20.0,4,1,18.54,16.85,1.1,50.0,8.54,9.98,487.81,10,0.7937,94.5
EMP033,2026-03-28,9,14,23,27,9,115,1,1,1,31.0,25.14,23.57,20.17,11.07,22.78,17.14,0.499,0.3891,0.3786,2.42,0.0,18.7,2.5556,3.0,20.0,4,1,11.54,16.85,0.685,50.0,8.54,9.98,487.81,10,0.8,57.5
EMP033,2026-03-29,0,0,0,0,0,0,1,1,1,32.29,25.93,23.4,20.3,10.93,22.03,17.12,0.5259,0.4527,0.3786,100.0,100.0,100.0,0.0,0.0,100.0,0,5,-11.46,16.85,-0.68,50.0,8.54,9.98,487.81,0,0.0,0.0
EMP033,2026-03-30,52,35,70,36,23,335,2,2,2,32.29,25.93,22.33,19.2,10.53,22.03,17.54,0.4343,0.4093,0.3155,0.0,0.0,0.0,1.3462,0.6923,20.0,4,1,58.54,16.85,3.474,50.0,8.54,9.98,487.81,10,0.806,167.5
EMP033,2026-03-31,25,20,27,37,8,168,1,1,1,36.86,30.86,23.8,19.93,11.2,25.75,19.51,0.7671,0.4819,0.3439,0.0,0.0,28.57,1.08,1.48,20.0,4,1,15.54,16.85,0.922,50.0,8.54,9.98,487.81,10,0.8274,84.0
EMP034,2026-01-01,0,0,0,0,0,0,1,1,1,0.0,0.0,0.0,0.0,0.0,0.0,0.0,0.0,0.0,0.0,0.0,0.0,0.0,0.0,0.0,100.0,0,5,0.0,1.0,0.0,50.0,6.61,9.23,518.26,0,0.0,0.0
EMP034,2026-01-02,27,64,0,0,0,153,2,2,2,0.0,0.0,0.0,0.0,0.0,0.0,0.0,0.0,0.0,0.0,0.0,0.0,0.0,0.0,0.0,0.0,5,0,0.0,1.0,0.0,50.0,6.61,9.23,518.26,5,0.4183,76.5
EMP034,2026-01-03,8,33,0,0,0,60,3,3,3,0.0,0.0,0.0,0.0,0.0,0.0,0.0,0.0,0.0,0.0,0.0,0.0,0.0,0.0,0.0,0.0,5,0,0.0,1.0,0.0,50.0,6.61,9.23,518.26,5,0.2833,30.0
EMP034,2026-01-04,0,0,0,0,0,0,4,4,4,0.0,0.0,0.0,0.0,0.0,0.0,0.0,0.0,0.0,0.0,0.0,0.0,0.0,0.0,0.0,100.0,0,5,0.0,1.0,0.0,50.0,6.61,9.23,518.26,0,0.0,0.0
EMP034,2026-01-05,36,48,0,0,0,123,5,5,5,0.0,0.0,0.0,0.0,0.0,0.0,0.0,0.0,0.0,0.0,0.0,0.0,0.0,0.0,0.0,0.0,5,0,0.0,1.0,0.0,50.0,6.61,9.23,518.26,5,0.439,61.5
EMP034,2026-01-06,37,80,0,0,0,151,6,6,6,0.0,0.0,0.0,0.0,0.0,0.0,0.0,0.0,0.0,0.0,0.0,0.0,0.0,0.0,0.0,0.0,5,0,0.0,1.0,0.0,50.0,6.61,9.23,518.26,5,0.3576,75.5
EMP034,2026-01-07,30,74,0,0,0,149,7,7,7,0.0,0.0,0.0,0.0,0.0,0.0,0.0,0.0,0.0,0.0,0.0,0.0,0.0,0.0,0.0,0.0,5,0,0.0,1.0,0.0,50.0,6.61,9.23,518.26,5,0.3758,74.5
EMP034,2026-01-08,25,68,0,0,0,141,8,8,8,0.0,0.0,0.0,0.0,0.0,0.0,0.0,0.0,0.0,0.0,0.0,0.0,0.0,0.0,0.0,0.0,5,0,0.0,1.0,0.0,50.0,6.61,9.23,518.26,5,0.3333,70.5
EMP034,2026-01-09,27,56,0,0,0,118,9,9,9,0.0,0.0,0.0,0.0,0.0,0.0,0.0,0.0,0.0,0.0,0.0,0.0,0.0,0.0,0.0,0.0,5,0,0.0,1.0,0.0,50.0,6.61,9.23,518.26,5,0.4068,59.0
EMP034,2026-01-10,9,20,0,0,0,46,10,10,10,0.0,0.0,0.0,0.0,0.0,0.0,0.0,0.0,0.0,0.0,0.0,0.0,0.0,0.0,0.0,0.0,5,0,0.0,1.0,0.0,50.0,6.61,9.23,518.26,5,0.3478,23.0
EMP034,2026-01-11,0,0,0,0,0,0,11,11,11,0.0,0.0,0.0,0.0,0.0,0.0,0.0,0.0,0.0,0.0,0.0,0.0,0.0,0.0,0.0,100.0,0,5,0.0,1.0,0.0,50.0,6.61,9.23,518.26,0,0.0,0.0
EMP034,2026-01-12,32,49,0,0,0,123,12,12,12,0.0,0.0,0.0,0.0,0.0,0.0,0.0,0.0,0.0,0.0,0.0,0.0,0.0,0.0,0.0,0.0,5,0,0.0,1.0,0.0,50.0,6.61,9.23,518.26,5,0.4634,61.5
EMP034,2026-01-13,20,50,0,0,0,113,13,13,13,0.0,0.0,0.0,0.0,0.0,0.0,0.0,0.0,0.0,0.0,0.0,0.0,0.0,0.0,0.0,0.0,5,0,0.0,1.0,0.0,50.0,6.61,9.23,518.26,5,0.354,56.5
EMP034,2026-01-14,23,55,0,0,0,122,14,14,14,0.0,0.0,0.0,0.0,0.0,0.0,0.0,0.0,0.0,0.0,0.0,0.0,0.0,0.0,0.0,0.0,5,0,0.0,1.0,0.0,50.0,6.61,9.23,518.26,5,0.3689,61.0
EMP034,2026-01-15,19,62,0,0,0,131,15,15,15,0.0,0.0,0.0,0.0,0.0,0.0,0.0,0.0,0.0,0.0,0.0,0.0,0.0,0.0,0.0,0.0,5,0,0.0,1.0,0.0,50.0,6.61,9.23,518.26,5,0.313,65.5
EMP034,2026-01-16,30,56,0,0,0,131,16,16,16,0.0,0.0,0.0,0.0,0.0,0.0,0.0,0.0,0.0,0.0,0.0,0.0,0.0,0.0,0.0,0.0,5,0,0.0,1.0,0.0,50.0,6.61,9.23,518.26,5,0.4351,65.5
EMP034,2026-01-17,10,24,0,0,0,55,17,17,17,0.0,0.0,0.0,0.0,0.0,0.0,0.0,0.0,0.0,0.0,0.0,0.0,0.0,0.0,0.0,0.0,5,0,0.0,1.0,0.0,50.0,6.61,9.23,518.26,5,0.3818,27.5
EMP034,2026-01-18,0,0,0,0,0,0,18,18,18,0.0,0.0,0.0,0.0,0.0,0.0,0.0,0.0,0.0,0.0,0.0,0.0,0.0,0.0,0.0,100.0,0,5,0.0,1.0,0.0,50.0,6.61,9.23,518.26,0,0.0,0.0
EMP034,2026-01-19,18,41,0,0,0,94,19,19,19,0.0,0.0,0.0,0.0,0.0,0.0,0.0,0.0,0.0,0.0,0.0,0.0,0.0,0.0,0.0,0.0,5,0,0.0,1.0,0.0,50.0,6.61,9.23,518.26,5,0.3511,47.0
EMP034,2026-01-20,26,83,0,0,0,155,20,20,20,0.0,0.0,0.0,0.0,0.0,0.0,0.0,0.0,0.0,0.0,0.0,0.0,0.0,0.0,0.0,0.0,5,0,0.0,1.0,0.0,50.0,6.61,9.23,518.26,5,0.329,77.5
EMP034,2026-01-21,44,98,0,0,0,188,21,21,21,0.0,0.0,0.0,0.0,0.0,0.0,0.0,0.0,0.0,0.0,0.0,0.0,0.0,0.0,0.0,0.0,5,0,0.0,1.0,0.0,50.0,6.61,9.23,518.26,5,0.383,94.0
EMP034,2026-01-22,23,83,0,0,0,163,22,22,22,0.0,0.0,0.0,0.0,0.0,0.0,0.0,0.0,0.0,0.0,0.0,0.0,0.0,0.0,0.0,0.0,5,0,0.0,1.0,0.0,50.0,6.61,9.23,518.26,5,0.3681,81.5
EMP034,2026-01-23,51,76,0,0,0,197,23,23,23,0.0,0.0,0.0,0.0,0.0,0.0,0.0,0.0,0.0,0.0,0.0,0.0,0.0,0.0,0.0,0.0,5,0,0.0,1.0,0.0,50.0,6.61,9.23,518.26,5,0.4619,98.5
EMP034,2026-01-24,15,38,0,0,0,74,24,24,24,0.0,0.0,0.0,0.0,0.0,0.0,0.0,0.0,0.0,0.0,0.0,0.0,0.0,0.0,0.0,0.0,5,0,0.0,1.0,0.0,50.0,6.61,9.23,518.26,5,0.3514,37.0
EMP034,2026-01-25,0,0,0,0,0,0,25,25,25,0.0,0.0,0.0,0.0,0.0,0.0,0.0,0.0,0.0,0.0,0.0,0.0,0.0,0.0,0.0,100.0,0,5,0.0,1.0,0.0,50.0,6.61,9.23,518.26,0,0.0,0.0
EMP034,2026-01-26,0,0,0,0,0,0,26,26,26,0.0,0.0,0.0,0.0,0.0,0.0,0.0,0.0,0.0,0.0,0.0,0.0,0.0,0.0,0.0,100.0,0,5,0.0,1.0,0.0,50.0,6.61,9.23,518.26,0,0.0,0.0
EMP034,2026-01-27,38,88,0,0,0,183,27,27,27,0.0,0.0,0.0,0.0,0.0,0.0,0.0,0.0,0.0,0.0,0.0,0.0,0.0,0.0,0.0,0.0,5,0,0.0,1.0,0.0,50.0,6.61,9.23,518.26,5,0.3661,91.5
EMP034,2026-01-28,4,5,0,0,0,11,28,28,28,0.0,0.0,0.0,0.0,0.0,0.0,0.0,0.0,0.0,0.0,0.0,0.0,0.0,0.0,0.0,40.0,3,2,0.0,1.0,0.0,50.0,6.61,9.23,518.26,3,0.3636,5.5
EMP034,2026-01-29,65,112,0,0,0,237,29,29,29,0.0,0.0,0.0,0.0,0.0,0.0,0.0,0.0,0.0,0.0,0.0,0.0,0.0,0.0,0.0,0.0,5,0,0.0,1.0,0.0,50.0,6.61,9.23,518.26,5,0.4473,118.5
EMP034,2026-01-30,56,120,0,0,0,249,30,30,30,0.0,0.0,0.0,0.0,0.0,0.0,0.0,0.0,0.0,0.0,0.0,0.0,0.0,0.0,0.0,0.0,5,0,0.0,1.0,0.0,50.0,6.61,9.23,518.26,5,0.3213,124.5
EMP034,2026-01-31,21,51,0,0,0,95,31,31,31,0.0,0.0,0.0,0.0,0.0,0.0,0.0,0.0,0.0,0.0,0.0,0.0,0.0,0.0,0.0,0.0,5,0,0.0,1.0,0.0,50.0,6.61,9.23,518.26,5,0.3789,47.5
EMP034,2026-02-01,0,0,0,0,0,0,32,32,32,0.0,0.0,0.0,0.0,0.0,0.0,0.0,0.0,0.0,0.0,0.0,0.0,0.0,0.0,0.0,100.0,0,5,0.0,1.0,0.0,50.0,6.61,9.23,518.26,0,0.0,0.0
EMP034,2026-02-02,76,131,0,0,0,286,33,33,33,0.0,0.0,0.0,0.0,0.0,0.0,0.0,0.0,0.0,0.0,0.0,0.0,0.0,0.0,0.0,0.0,5,0,0.0,1.0,0.0,50.0,6.61,9.23,518.26,5,0.3986,143.0
EMP034,2026-02-03,72,108,0,0,0,275,34,34,34,0.0,0.0,0.0,0.0,0.0,0.0,0.0,0.0,0.0,0.0,0.0,0.0,0.0,0.0,0.0,0.0,5,0,0.0,1.0,0.0,50.0,6.61,9.23,518.26,5,0.4473,137.5
EMP034,2026-02-04,46,92,0,0,0,183,35,35,35,0.0,0.0,0.0,0.0,0.0,0.0,0.0,0.0,0.0,0.0,0.0,0.0,0.0,0.0,0.0,0.0,5,0,0.0,1.0,0.0,50.0,6.61,9.23,518.26,5,0.3989,91.5
EMP034,2026-02-05,56,76,0,0,0,206,36,36,36,0.0,0.0,0.0,0.0,0.0,0.0,0.0,0.0,0.0,0.0,0.0,0.0,0.0,0.0,0.0,0.0,5,0,0.0,1.0,0.0,50.0,6.61,9.23,518.26,5,0.4417,103.0
EMP034,2026-02-06,32,117,0,0,0,193,37,37,37,0.0,0.0,0.0,0.0,0.0,0.0,0.0,0.0,0.0,0.0,0.0,0.0,0.0,0.0,0.0,0.0,5,0,0.0,1.0,0.0,50.0,6.61,9.23,518.26,5,0.285,96.5
EMP034,2026-02-07,20,30,0,0,0,75,38,38,38,0.0,0.0,0.0,0.0,0.0,0.0,0.0,0.0,0.0,0.0,0.0,0.0,0.0,0.0,0.0,0.0,5,0,0.0,1.0,0.0,50.0,6.61,9.23,518.26,5,0.4667,37.5
EMP034,2026-02-08,0,0,0,0,0,0,39,39,39,0.0,0.0,0.0,0.0,0.0,0.0,0.0,0.0,0.0,0.0,0.0,0.0,0.0,0.0,0.0,100.0,0,5,0.0,1.0,0.0,50.0,6.61,9.23,518.26,0,0.0,0.0
EMP034,2026-02-09,43,130,0,0,0,247,40,40,40,0.0,0.0,0.0,0.0,0.0,0.0,0.0,0.0,0.0,0.0,0.0,0.0,0.0,0.0,0.0,0.0,5,0,0.0,1.0,0.0,50.0,6.61,9.23,518.26,5,0.3482,123.5
EMP034,2026-02-10,39,85,0,0,0,174,41,41,41,0.0,0.0,0.0,0.0,0.0,0.0,0.0,0.0,0.0,0.0,0.0,0.0,0.0,0.0,0.0,0.0,5,0,0.0,1.0,0.0,50.0,6.61,9.23,518.26,5,0.3908,87.0
EMP034,2026-02-11,52,100,0,0,0,222,42,42,42,0.0,0.0,0.0,0.0,0.0,0.0,0.0,0.0,0.0,0.0,0.0,0.0,0.0,0.0,0.0,0.0,5,0,0.0,1.0,0.0,50.0,6.61,9.23,518.26,5,0.4324,111.0
EMP034,2026-02-12,53,107,0,0,0,228,43,43,43,0.0,0.0,0.0,0.0,0.0,0.0,0.0,0.0,0.0,0.0,0.0,0.0,0.0,0.0,0.0,0.0,5,0,0.0,1.0,0.0,50.0,6.61,9.23,518.26,5,0.3158,114.0
EMP034,2026-02-13,0,0,0,0,0,0,44,44,44,0.0,0.0,0.0,0.0,0.0,0.0,0.0,0.0,0.0,0.0,0.0,0.0,0.0,0.0,0.0,100.0,0,5,0.0,1.0,0.0,50.0,6.61,9.23,518.26,0,0.0,0.0
EMP034,2026-02-14,20,44,0,0,0,94,45,45,45,0.0,0.0,0.0,0.0,0.0,0.0,0.0,0.0,0.0,0.0,0.0,0.0,0.0,0.0,0.0,0.0,5,0,0.0,1.0,0.0,50.0,6.61,9.23,518.26,5,0.3723,47.0
EMP034,2026-02-15,0,0,0,0,0,0,46,46,46,0.0,0.0,0.0,0.0,0.0,0.0,0.0,0.0,0.0,0.0,0.0,0.0,0.0,0.0,0.0,100.0,0,5,0.0,1.0,0.0,50.0,6.61,9.23,518.26,0,0.0,0.0
EMP034,2026-02-16,67,95,0,0,0,232,47,47,47,0.0,0.0,0.0,0.0,0.0,0.0,0.0,0.0,0.0,0.0,0.0,0.0,0.0,0.0,0.0,0.0,5,0,0.0,1.0,0.0,50.0,6.61,9.23,518.26,5,0.4698,116.0
EMP034,2026-02-17,57,144,0,0,0,271,48,48,48,0.0,0.0,0.0,0.0,0.0,0.0,0.0,0.0,0.0,0.0,0.0,0.0,0.0,0.0,0.0,0.0,5,0,0.0,1.0,0.0,50.0,6.61,9.23,518.26,5,0.3764,135.5
EMP034,2026-02-18,49,98,0,0,0,228,49,49,49,0.0,0.0,0.0,0.0,0.0,0.0,0.0,0.0,0.0,0.0,0.0,0.0,0.0,0.0,0.0,0.0,5,0,0.0,1.0,0.0,50.0,6.61,9.23,518.26,5,0.386,114.0
EMP034,2026-02-19,35,101,0,0,0,222,50,50,50,0.0,0.0,0.0,0.0,0.0,0.0,0.0,0.0,0.0,0.0,0.0,0.0,0.0,0.0,0.0,0.0,5,0,0.0,1.0,0.0,50.0,6.61,9.23,518.26,5,0.3559,111.0
EMP034,2026-02-20,42,91,0,0,0,227,51,51,51,0.0,0.0,0.0,0.0,0.0,0.0,0.0,0.0,0.0,0.0,0.0,0.0,0.0,0.0,0.0,0.0,5,0,0.0,1.0,0.0,50.0,6.61,9.23,518.26,5,0.4009,113.5
EMP034,2026-02-21,17,49,0,0,0,91,52,52,52,0.0,0.0,0.0,0.0,0.0,0.0,0.0,0.0,0.0,0.0,0.0,0.0,0.0,0.0,0.0,0.0,5,0,0.0,1.0,0.0,50.0,6.61,9.23,518.26,5,0.3407,45.5
EMP034,2026-02-22,0,0,0,0,0,0,53,53,53,0.0,0.0,0.0,0.0,0.0,0.0,0.0,0.0,0.0,0.0,0.0,0.0,0.0,0.0,0.0,100.0,0,5,0.0,1.0,0.0,50.0,6.61,9.23,518.26,0,0.0,0.0
EMP034,2026-02-23,51,92,0,0,0,225,54,54,54,0.0,0.0,0.0,0.0,0.0,0.0,0.0,0.0,0.0,0.0,0.0,0.0,0.0,0.0,0.0,0.0,5,0,0.0,1.0,0.0,50.0,6.61,9.23,518.26,5,0.4044,112.5
EMP034,2026-02-24,66,108,0,0,0,228,55,55,55,0.0,0.0,0.0,0.0,0.0,0.0,0.0,0.0,0.0,0.0,0.0,0.0,0.0,0.0,0.0,0.0,5,0,0.0,1.0,0.0,50.0,6.61,9.23,518.26,5,0.4211,114.0
EMP034,2026-02-25,45,67,0,0,0,154,56,56,56,0.0,0.0,0.0,0.0,0.0,0.0,0.0,0.0,0.0,0.0,0.0,0.0,0.0,0.0,0.0,0.0,5,0,0.0,1.0,0.0,50.0,6.61,9.23,518.26,5,0.4675,77.0
EMP034,2026-02-26,36,86,0,0,0,172,57,57,57,0.0,0.0,0.0,0.0,0.0,0.0,0.0,0.0,0.0,0.0,0.0,0.0,0.0,0.0,0.0,0.0,5,0,0.0,1.0,0.0,50.0,6.61,9.23,518.26,5,0.3721,86.0
EMP034,2026-02-27,45,108,0,0,0,236,58,58,58,0.0,0.0,0.0,0.0,0.0,0.0,0.0,0.0,0.0,0.0,0.0,0.0,0.0,0.0,0.0,0.0,5,0,0.0,1.0,0.0,50.0,6.61,9.23,518.26,5,0.3941,118.0
EMP034,2026-02-28,20,54,0,0,0,101,59,59,59,0.0,0.0,0.0,0.0,0.0,0.0,0.0,0.0,0.0,0.0,0.0,0.0,0.0,0.0,0.0,0.0,5,0,0.0,1.0,0.0,50.0,6.61,9.23,518.26,5,0.3069,50.5
EMP034,2026-03-01,0,0,0,0,0,0,60,60,60,0.0,0.0,0.0,0.0,0.0,0.0,0.0,0.0,0.0,0.0,0.0,0.0,0.0,0.0,0.0,100.0,0,5,0.0,1.0,0.0,50.0,6.61,9.23,518.26,0,0.0,0.0
EMP034,2026-03-02,0,0,0,0,0,0,61,61,61,0.0,0.0,0.0,0.0,0.0,0.0,0.0,0.0,0.0,0.0,0.0,0.0,0.0,0.0,0.0,100.0,0,5,0.0,1.0,0.0,50.0,6.61,9.23,518.26,0,0.0,0.0
EMP034,2026-03-03,107,166,0,0,0,345,62,62,62,0.0,0.0,0.0,0.0,0.0,0.0,0.0,0.0,0.0,0.0,0.0,0.0,0.0,0.0,0.0,0.0,5,0,0.0,1.0,0.0,50.0,6.61,9.23,518.26,5,0.4406,172.5
EMP034,2026-03-04,0,0,0,0,0,0,63,63,63,0.0,0.0,0.0,0.0,0.0,0.0,0.0,0.0,0.0,0.0,0.0,0.0,0.0,0.0,0.0,100.0,0,5,0.0,1.0,0.0,50.0,6.61,9.23,518.26,0,0.0,0.0
EMP034,2026-03-05,55,92,0,0,0,234,64,64,64,0.0,0.0,0.0,0.0,0.0,0.0,0.0,0.0,0.0,0.0,0.0,0.0,0.0,0.0,0.0,0.0,5,0,0.0,1.0,0.0,50.0,6.61,9.23,518.26,5,0.4231,117.0
EMP034,2026-03-06,50,90,0,0,0,222,65,65,65,0.0,0.0,0.0,0.0,0.0,0.0,0.0,0.0,0.0,0.0,0.0,0.0,0.0,0.0,0.0,0.0,5,0,0.0,1.0,0.0,50.0,6.61,9.23,518.26,5,0.3919,111.0
EMP034,2026-03-07,0,1,0,0,0,1,66,66,66,0.0,0.0,0.0,0.0,0.0,0.0,0.0,0.0,0.0,0.0,0.0,0.0,0.0,0.0,0.0,80.0,1,4,0.0,1.0,0.0,50.0,6.61,9.23,518.26,1,0.0,0.5
EMP034,2026-03-08,0,0,0,0,0,0,67,67,67,0.0,0.0,0.0,0.0,0.0,0.0,0.0,0.0,0.0,0.0,0.0,0.0,0.0,0.0,0.0,100.0,0,5,0.0,1.0,0.0,50.0,6.61,9.23,518.26,0,0.0,0.0
EMP034,2026-03-09,54,65,0,0,0,185,68,68,68,0.0,0.0,0.0,0.0,0.0,0.0,0.0,0.0,0.0,0.0,0.0,0.0,0.0,0.0,0.0,0.0,5,0,0.0,1.0,0.0,50.0,6.61,9.23,518.26,5,0.4919,92.5
EMP034,2026-03-10,46,151,0,0,0,274,69,69,69,0.0,0.0,0.0,0.0,0.0,0.0,0.0,0.0,0.0,0.0,0.0,0.0,0.0,0.0,0.0,0.0,5,0,0.0,1.0,0.0,50.0,6.61,9.23,518.26,5,0.2883,137.0
EMP034,2026-03-11,73,88,0,0,0,235,70,70,70,0.0,0.0,0.0,0.0,0.0,0.0,0.0,0.0,0.0,0.0,0.0,0.0,0.0,0.0,0.0,0.0,5,0,0.0,1.0,0.0,50.0,6.61,9.23,518.26,5,0.4553,117.5
EMP034,2026-03-12,64,142,0,0,0,270,71,71,71,0.0,0.0,0.0,0.0,0.0,0.0,0.0,0.0,0.0,0.0,0.0,0.0,0.0,0.0,0.0,0.0,5,0,0.0,1.0,0.0,50.0,6.61,9.23,518.26,5,0.3704,135.0
EMP034,2026-03-13,47,87,0,0,0,200,72,72,72,0.0,0.0,0.0,0.0,0.0,0.0,0.0,0.0,0.0,0.0,0.0,0.0,0.0,0.0,0.0,0.0,5,0,0.0,1.0,0.0,50.0,6.61,9.23,518.26,5,0.36,100.0
EMP034,2026-03-14,12,47,0,0,0,82,73,73,73,0.0,0.0,0.0,0.0,0.0,0.0,0.0,0.0,0.0,0.0,0.0,0.0,0.0,0.0,0.0,0.0,5,0,0.0,1.0,0.0,50.0,6.61,9.23,518.26,5,0.2805,41.0
EMP034,2026-03-15,0,0,0,0,0,0,74,74,74,0.0,0.0,0.0,0.0,0.0,0.0,0.0,0.0,0.0,0.0,0.0,0.0,0.0,0.0,0.0,100.0,0,5,0.0,1.0,0.0,50.0,6.61,9.23,518.26,0,0.0,0.0
EMP034,2026-03-16,68,91,0,0,0,234,75,75,75,0.0,0.0,0.0,0.0,0.0,0.0,0.0,0.0,0.0,0.0,0.0,0.0,0.0,0.0,0.0,0.0,5,0,0.0,1.0,0.0,50.0,6.61,9.23,518.26,5,0.4231,117.0
EMP034,2026-03-17,41,150,0,0,0,271,76,76,76,0.0,0.0,0.0,0.0,0.0,0.0,0.0,0.0,0.0,0.0,0.0,0.0,0.0,0.0,0.0,0.0,5,0,0.0,1.0,0.0,50.0,6.61,9.23,518.26,5,0.3579,135.5
EMP034,2026-03-18,39,119,0,0,0,235,77,77,77,0.0,0.0,0.0,0.0,0.0,0.0,0.0,0.0,0.0,0.0,0.0,0.0,0.0,0.0,0.0,0.0,5,0,0.0,1.0,0.0,50.0,6.61,9.23,518.26,5,0.2979,117.5
EMP034,2026-03-19,61,119,0,0,0,265,78,78,78,0.0,0.0,0.0,0.0,0.0,0.0,0.0,0.0,0.0,0.0,0.0,0.0,0.0,0.0,0.0,0.0,5,0,0.0,1.0,0.0,50.0,6.61,9.23,518.26,5,0.3887,132.5
EMP034,2026-03-20,38,141,0,0,0,243,79,79,79,0.0,0.0,0.0,0.0,0.0,0.0,0.0,0.0,0.0,0.0,0.0,0.0,0.0,0.0,0.0,0.0,5,0,0.0,1.0,0.0,50.0,6.61,9.23,518.26,5,0.3416,121.5
EMP034,2026-03-21,21,46,0,0,0,95,80,80,80,0.0,0.0,0.0,0.0,0.0,0.0,0.0,0.0,0.0,0.0,0.0,0.0,0.0,0.0,0.0,0.0,5,0,0.0,1.0,0.0,50.0,6.61,9.23,518.26,5,0.4316,47.5
EMP034,2026-03-22,0,0,0,0,0,0,81,81,81,0.0,0.0,0.0,0.0,0.0,0.0,0.0,0.0,0.0,0.0,0.0,0.0,0.0,0.0,0.0,100.0,0,5,0.0,1.0,0.0,50.0,6.61,9.23,518.26,0,0.0,0.0
EMP034,2026-03-23,29,74,0,0,0,146,82,82,82,0.0,0.0,0.0,0.0,0.0,0.0,0.0,0.0,0.0,0.0,0.0,0.0,0.0,0.0,0.0,0.0,5,0,0.0,1.0,0.0,50.0,6.61,9.23,518.26,5,0.363,73.0
EMP034,2026-03-24,81,133,0,0,0,285,83,83,83,0.0,0.0,0.0,0.0,0.0,0.0,0.0,0.0,0.0,0.0,0.0,0.0,0.0,0.0,0.0,0.0,5,0,0.0,1.0,0.0,50.0,6.61,9.23,518.26,5,0.4491,142.5
EMP034,2026-03-25,80,170,0,0,0,337,84,84,84,0.0,0.0,0.0,0.0,0.0,0.0,0.0,0.0,0.0,0.0,0.0,0.0,0.0,0.0,0.0,0.0,5,0,0.0,1.0,0.0,50.0,6.61,9.23,518.26,5,0.3917,168.5
EMP034,2026-03-26,95,136,0,0,0,356,85,85,85,0.0,0.0,0.0,0.0,0.0,0.0,0.0,0.0,0.0,0.0,0.0,0.0,0.0,0.0,0.0,0.0,5,0,0.0,1.0,0.0,50.0,6.61,9.23,518.26,5,0.4466,178.0
EMP034,2026-03-27,91,171,0,0,0,379,86,86,86,0.0,0.0,0.0,0.0,0.0,0.0,0.0,0.0,0.0,0.0,0.0,0.0,0.0,0.0,0.0,0.0,5,0,0.0,1.0,0.0,50.0,6.61,9.23,518.26,5,0.3852,189.5
EMP034,2026-03-28,27,39,0,0,0,106,87,87,87,0.0,0.0,0.0,0.0,0.0,0.0,0.0,0.0,0.0,0.0,0.0,0.0,0.0,0.0,0.0,0.0,5,0,0.0,1.0,0.0,50.0,6.61,9.23,518.26,5,0.4434,53.0
EMP034,2026-03-29,0,0,0,0,0,0,88,88,88,0.0,0.0,0.0,0.0,0.0,0.0,0.0,0.0,0.0,0.0,0.0,0.0,0.0,0.0,0.0,100.0,0,5,0.0,1.0,0.0,50.0,6.61,9.23,518.26,0,0.0,0.0
EMP034,2026-03-30,63,144,0,0,0,321,89,89,89,0.0,0.0,0.0,0.0,0.0,0.0,0.0,0.0,0.0,0.0,0.0,0.0,0.0,0.0,0.0,0.0,5,0,0.0,1.0,0.0,50.0,6.61,9.23,518.26,5,0.3769,160.5
EMP034,2026-03-31,85,163,0,0,0,329,90,90,90,0.0,0.0,0.0,0.0,0.0,0.0,0.0,0.0,0.0,0.0,0.0,0.0,0.0,0.0,0.0,0.0,5,0,0.0,1.0,0.0,50.0,6.61,9.23,518.26,5,0.3921,164.5
EMP035,2026-01-01,0,0,0,0,0,0,1,1,1,0.0,0.0,0.0,0.0,0.0,0.0,0.0,0.0,0.0,0.0,0.0,0.0,0.0,0.0,0.0,100.0,0,5,0.0,1.0,0.0,50.0,5.17,10.39,551.26,0,0.0,0.0
EMP035,2026-01-02,118,212,0,0,0,464,2,2,2,0.0,0.0,0.0,0.0,0.0,0.0,0.0,0.0,0.0,0.0,0.0,0.0,0.0,0.0,0.0,0.0,5,0,0.0,1.0,0.0,50.0,5.17,10.39,551.26,5,0.4289,232.0
EMP035,2026-01-03,22,61,0,0,0,117,3,3,3,0.0,0.0,0.0,0.0,0.0,0.0,0.0,0.0,0.0,0.0,0.0,0.0,0.0,0.0,0.0,0.0,5,0,0.0,1.0,0.0,50.0,5.17,10.39,551.26,5,0.3761,58.5
EMP035,2026-01-04,0,0,0,0,0,0,4,4,4,0.0,0.0,0.0,0.0,0.0,0.0,0.0,0.0,0.0,0.0,0.0,0.0,0.0,0.0,0.0,100.0,0,5,0.0,1.0,0.0,50.0,5.17,10.39,551.26,0,0.0,0.0
EMP035,2026-01-05,29,62,0,0,0,124,5,5,5,0.0,0.0,0.0,0.0,0.0,0.0,0.0,0.0,0.0,0.0,0.0,0.0,0.0,0.0,0.0,0.0,5,0,0.0,1.0,0.0,50.0,5.17,10.39,551.26,5,0.379,62.0
EMP035,2026-01-06,67,154,0,0,0,290,6,6,6,0.0,0.0,0.0,0.0,0.0,0.0,0.0,0.0,0.0,0.0,0.0,0.0,0.0,0.0,0.0,0.0,5,0,0.0,1.0,0.0,50.0,5.17,10.39,551.26,5,0.369,145.0
EMP035,2026-01-07,28,83,0,0,0,152,7,7,7,0.0,0.0,0.0,0.0,0.0,0.0,0.0,0.0,0.0,0.0,0.0,0.0,0.0,0.0,0.0,0.0,5,0,0.0,1.0,0.0,50.0,5.17,10.39,551.26,5,0.3289,76.0
EMP035,2026-01-08,60,144,0,0,0,263,8,8,8,0.0,0.0,0.0,0.0,0.0,0.0,0.0,0.0,0.0,0.0,0.0,0.0,0.0,0.0,0.0,0.0,5,0,0.0,1.0,0.0,50.0,5.17,10.39,551.26,5,0.3346,131.5
EMP035,2026-01-09,67,134,0,0,0,262,9,9,9,0.0,0.0,0.0,0.0,0.0,0.0,0.0,0.0,0.0,0.0,0.0,0.0,0.0,0.0,0.0,0.0,5,0,0.0,1.0,0.0,50.0,5.17,10.39,551.26,5,0.3702,131.0
EMP035,2026-01-10,25,38,0,0,0,98,10,10,10,0.0,0.0,0.0,0.0,0.0,0.0,0.0,0.0,0.0,0.0,0.0,0.0,0.0,0.0,0.0,0.0,5,0,0.0,1.0,0.0,50.0,5.17,10.39,551.26,5,0.449,49.0
EMP035,2026-01-11,0,0,0,0,0,0,11,11,11,0.0,0.0,0.0,0.0,0.0,0.0,0.0,0.0,0.0,0.0,0.0,0.0,0.0,0.0,0.0,100.0,0,5,0.0,1.0,0.0,50.0,5.17,10.39,551.26,0,0.0,0.0
EMP035,2026-01-12,61,100,0,0,0,230,12,12,12,0.0,0.0,0.0,0.0,0.0,0.0,0.0,0.0,0.0,0.0,0.0,0.0,0.0,0.0,0.0,0.0,5,0,0.0,1.0,0.0,50.0,5.17,10.39,551.26,5,0.4478,115.0
EMP035,2026-01-13,75,170,0,0,0,311,13,13,13,0.0,0.0,0.0,0.0,0.0,0.0,0.0,0.0,0.0,0.0,0.0,0.0,0.0,0.0,0.0,0.0,5,0,0.0,1.0,0.0,50.0,5.17,10.39,551.26,5,0.373,155.5
EMP035,2026-01-14,57,116,0,0,0,269,14,14,14,0.0,0.0,0.0,0.0,0.0,0.0,0.0,0.0,0.0,0.0,0.0,0.0,0.0,0.0,0.0,0.0,5,0,0.0,1.0,0.0,50.0,5.17,10.39,551.26,5,0.3866,134.5
EMP035,2026-01-15,58,139,0,0,0,260,15,15,15,0.0,0.0,0.0,0.0,0.0,0.0,0.0,0.0,0.0,0.0,0.0,0.0,0.0,0.0,0.0,0.0,5,0,0.0,1.0,0.0,50.0,5.17,10.39,551.26,5,0.3692,130.0
EMP035,2026-01-16,45,162,0,0,0,269,16,16,16,0.0,0.0,0.0,0.0,0.0,0.0,0.0,0.0,0.0,0.0,0.0,0.0,0.0,0.0,0.0,0.0,5,0,0.0,1.0,0.0,50.0,5.17,10.39,551.26,5,0.2825,134.5
EMP035,2026-01-17,18,55,0,0,0,105,17,17,17,0.0,0.0,0.0,0.0,0.0,0.0,0.0,0.0,0.0,0.0,0.0,0.0,0.0,0.0,0.0,0.0,5,0,0.0,1.0,0.0,50.0,5.17,10.39,551.26,5,0.3143,52.5
EMP035,2026-01-18,0,0,0,0,0,0,18,18,18,0.0,0.0,0.0,0.0,0.0,0.0,0.0,0.0,0.0,0.0,0.0,0.0,0.0,0.0,0.0,100.0,0,5,0.0,1.0,0.0,50.0,5.17,10.39,551.26,0,0.0,0.0
EMP035,2026-01-19,80,120,0,0,0,291,19,19,19,0.0,0.0,0.0,0.0,0.0,0.0,0.0,0.0,0.0,0.0,0.0,0.0,0.0,0.0,0.0,0.0,5,0,0.0,1.0,0.0,50.0,5.17,10.39,551.26,5,0.4674,145.5
EMP035,2026-01-20,85,160,0,0,0,352,20,20,20,0.0,0.0,0.0,0.0,0.0,0.0,0.0,0.0,0.0,0.0,0.0,0.0,0.0,0.0,0.0,0.0,5,0,0.0,1.0,0.0,50.0,5.17,10.39,551.26,5,0.4403,176.0
EMP035,2026-01-21,58,133,0,0,0,261,21,21,21,0.0,0.0,0.0,0.0,0.0,0.0,0.0,0.0,0.0,0.0,0.0,0.0,0.0,0.0,0.0,0.0,5,0,0.0,1.0,0.0,50.0,5.17,10.39,551.26,5,0.364,130.5
EMP035,2026-01-22,41,152,0,0,0,275,22,22,22,0.0,0.0,0.0,0.0,0.0,0.0,0.0,0.0,0.0,0.0,0.0,0.0,0.0,0.0,0.0,0.0,5,0,0.0,1.0,0.0,50.0,5.17,10.39,551.26,5,0.2764,137.5
EMP035,2026-01-23,0,0,0,0,0,0,23,23,23,0.0,0.0,0.0,0.0,0.0,0.0,0.0,0.0,0.0,0.0,0.0,0.0,0.0,0.0,0.0,100.0,0,5,0.0,1.0,0.0,50.0,5.17,10.39,551.26,0,0.0,0.0
EMP035,2026-01-24,17,65,0,0,0,112,24,24,24,0.0,0.0,0.0,0.0,0.0,0.0,0.0,0.0,0.0,0.0,0.0,0.0,0.0,0.0,0.0,0.0,5,0,0.0,1.0,0.0,50.0,5.17,10.39,551.26,5,0.3125,56.0
EMP035,2026-01-25,0,0,0,0,0,0,25,25,25,0.0,0.0,0.0,0.0,0.0,0.0,0.0,0.0,0.0,0.0,0.0,0.0,0.0,0.0,0.0,100.0,0,5,0.0,1.0,0.0,50.0,5.17,10.39,551.26,0,0.0,0.0
EMP035,2026-01-26,0,0,0,0,0,0,26,26,26,0.0,0.0,0.0,0.0,0.0,0.0,0.0,0.0,0.0,0.0,0.0,0.0,0.0,0.0,0.0,100.0,0,5,0.0,1.0,0.0,50.0,5.17,10.39,551.26,0,0.0,0.0
EMP035,2026-01-27,54,133,0,0,0,275,27,27,27,0.0,0.0,0.0,0.0,0.0,0.0,0.0,0.0,0.0,0.0,0.0,0.0,0.0,0.0,0.0,0.0,5,0,0.0,1.0,0.0,50.0,5.17,10.39,551.26,5,0.3782,137.5
EMP035,2026-01-28,22,39,0,0,0,90,28,28,28,0.0,0.0,0.0,0.0,0.0,0.0,0.0,0.0,0.0,0.0,0.0,0.0,0.0,0.0,0.0,0.0,5,0,0.0,1.0,0.0,50.0,5.17,10.39,551.26,5,0.4111,45.0
EMP035,2026-01-29,59,113,0,0,0,276,29,29,29,0.0,0.0,0.0,0.0,0.0,0.0,0.0,0.0,0.0,0.0,0.0,0.0,0.0,0.0,0.0,0.0,5,0,0.0,1.0,0.0,50.0,5.17,10.39,551.26,5,0.4565,138.0
EMP035,2026-01-30,74,151,0,0,0,349,30,30,30,0.0,0.0,0.0,0.0,0.0,0.0,0.0,0.0,0.0,0.0,0.0,0.0,0.0,0.0,0.0,0.0,5,0,0.0,1.0,0.0,50.0,5.17,10.39,551.26,5,0.4298,174.5
EMP035,2026-01-31,20,75,0,0,0,128,31,31,31,0.0,0.0,0.0,0.0,0.0,0.0,0.0,0.0,0.0,0.0,0.0,0.0,0.0,0.0,0.0,0.0,5,0,0.0,1.0,0.0,50.0,5.17,10.39,551.26,5,0.3281,64.0
EMP035,2026-02-01,0,0,0,0,0,0,32,32,32,0.0,0.0,0.0,0.0,0.0,0.0,0.0,0.0,0.0,0.0,0.0,0.0,0.0,0.0,0.0,100.0,0,5,0.0,1.0,0.0,50.0,5.17,10.39,551.26,0,0.0,0.0
EMP035,2026-02-02,54,183,0,0,0,314,33,33,33,0.0,0.0,0.0,0.0,0.0,0.0,0.0,0.0,0.0,0.0,0.0,0.0,0.0,0.0,0.0,0.0,5,0,0.0,1.0,0.0,50.0,5.17,10.39,551.26,5,0.3185,157.0
EMP035,2026-02-03,99,179,0,0,0,359,34,34,34,0.0,0.0,0.0,0.0,0.0,0.0,0.0,0.0,0.0,0.0,0.0,0.0,0.0,0.0,0.0,0.0,5,0,0.0,1.0,0.0,50.0,5.17,10.39,551.26,5,0.415,179.5
EMP035,2026-02-04,20,44,0,0,0,92,35,35,35,0.0,0.0,0.0,0.0,0.0,0.0,0.0,0.0,0.0,0.0,0.0,0.0,0.0,0.0,0.0,0.0,5,0,0.0,1.0,0.0,50.0,5.17,10.39,551.26,5,0.3913,46.0
EMP035,2026-02-05,68,112,0,0,0,277,36,36,36,0.0,0.0,0.0,0.0,0.0,0.0,0.0,0.0,0.0,0.0,0.0,0.0,0.0,0.0,0.0,0.0,5,0,0.0,1.0,0.0,50.0,5.17,10.39,551.26,5,0.444,138.5
EMP035,2026-02-06,55,144,0,0,0,319,37,37,37,0.0,0.0,0.0,0.0,0.0,0.0,0.0,0.0,0.0,0.0,0.0,0.0,0.0,0.0,0.0,0.0,5,0,0.0,1.0,0.0,50.0,5.17,10.39,551.26,5,0.348,159.5
EMP035,2026-02-07,20,42,0,0,0,93,38,38,38,0.0,0.0,0.0,0.0,0.0,0.0,0.0,0.0,0.0,0.0,0.0,0.0,0.0,0.0,0.0,0.0,5,0,0.0,1.0,0.0,50.0,5.17,10.39,551.26,5,0.3871,46.5
EMP035,2026-02-08,0,0,0,0,0,0,39,39,39,0.0,0.0,0.0,0.0,0.0,0.0,0.0,0.0,0.0,0.0,0.0,0.0,0.0,0.0,0.0,100.0,0,5,0.0,1.0,0.0,50.0,5.17,10.39,551.26,0,0.0,0.0
EMP035,2026-02-09,3,6,0,0,0,12,40,40,40,0.0,0.0,0.0,0.0,0.0,0.0,0.0,0.0,0.0,0.0,0.0,0.0,0.0,0.0,0.0,20.0,4,1,0.0,1.0,0.0,50.0,5.17,10.39,551.26,4,0.3333,6.0
EMP035,2026-02-10,58,133,0,0,0,278,41,41,41,0.0,0.0,0.0,0.0,0.0,0.0,0.0,0.0,0.0,0.0,0.0,0.0,0.0,0.0,0.0,0.0,5,0,0.0,1.0,0.0,50.0,5.17,10.39,551.26,5,0.3525,139.0
EMP035,2026-02-11,73,135,0,0,0,284,42,42,42,0.0,0.0,0.0,0.0,0.0,0.0,0.0,0.0,0.0,0.0,0.0,0.0,0.0,0.0,0.0,0.0,5,0,0.0,1.0,0.0,50.0,5.17,10.39,551.26,5,0.3838,142.0
EMP035,2026-02-12,53,120,0,0,0,251,43,43,43,0.0,0.0,0.0,0.0,0.0,0.0,0.0,0.0,0.0,0.0,0.0,0.0,0.0,0.0,0.0,0.0,5,0,0.0,1.0,0.0,50.0,5.17,10.39,551.26,5,0.4024,125.5
EMP035,2026-02-13,52,97,0,0,0,222,44,44,44,0.0,0.0,0.0,0.0,0.0,0.0,0.0,0.0,0.0,0.0,0.0,0.0,0.0,0.0,0.0,0.0,5,0,0.0,1.0,0.0,50.0,5.17,10.39,551.26,5,0.4234,111.0
EMP035,2026-02-14,20,45,0,0,0,106,45,45,45,0.0,0.0,0.0,0.0,0.0,0.0,0.0,0.0,0.0,0.0,0.0,0.0,0.0,0.0,0.0,0.0,5,0,0.0,1.0,0.0,50.0,5.17,10.39,551.26,5,0.3868,53.0
EMP035,2026-02-15,0,0,0,0,0,0,46,46,46,0.0,0.0,0.0,0.0,0.0,0.0,0.0,0.0,0.0,0.0,0.0,0.0,0.0,0.0,0.0,100.0,0,5,0.0,1.0,0.0,50.0,5.17,10.39,551.26,0,0.0,0.0
EMP035,2026-02-16,70,111,0,0,0,252,47,47,47,0.0,0.0,0.0,0.0,0.0,0.0,0.0,0.0,0.0,0.0,0.0,0.0,0.0,0.0,0.0,0.0,5,0,0.0,1.0,0.0,50.0,5.17,10.39,551.26,5,0.4524,126.0
EMP035,2026-02-17,80,150,0,0,0,330,48,48,48,0.0,0.0,0.0,0.0,0.0,0.0,0.0,0.0,0.0,0.0,0.0,0.0,0.0,0.0,0.0,0.0,5,0,0.0,1.0,0.0,50.0,5.17,10.39,551.26,5,0.4152,165.0
EMP035,2026-02-18,58,159,0,0,0,287,49,49,49,0.0,0.0,0.0,0.0,0.0,0.0,0.0,0.0,0.0,0.0,0.0,0.0,0.0,0.0,0.0,0.0,5,0,0.0,1.0,0.0,50.0,5.17,10.39,551.26,5,0.2857,143.5
EMP035,2026-02-19,67,137,0,0,0,288,50,50,50,0.0,0.0,0.0,0.0,0.0,0.0,0.0,0.0,0.0,0.0,0.0,0.0,0.0,0.0,0.0,0.0,5,0,0.0,1.0,0.0,50.0,5.17,10.39,551.26,5,0.3403,144.0
EMP035,2026-02-20,39,120,0,0,0,243,51,51,51,0.0,0.0,0.0,0.0,0.0,0.0,0.0,0.0,0.0,0.0,0.0,0.0,0.0,0.0,0.0,0.0,5,0,0.0,1.0,0.0,50.0,5.17,10.39,551.26,5,0.3663,121.5
EMP035,2026-02-21,19,41,0,0,0,85,52,52,52,0.0,0.0,0.0,0.0,0.0,0.0,0.0,0.0,0.0,0.0,0.0,0.0,0.0,0.0,0.0,0.0,5,0,0.0,1.0,0.0,50.0,5.17,10.39,551.26,5,0.3529,42.5
EMP035,2026-02-22,0,0,0,0,0,0,53,53,53,0.0,0.0,0.0,0.0,0.0,0.0,0.0,0.0,0.0,0.0,0.0,0.0,0.0,0.0,0.0,100.0,0,5,0.0,1.0,0.0,50.0,5.17,10.39,551.26,0,0.0,0.0
EMP035,2026-02-23,45,142,0,0,0,263,54,54,54,0.0,0.0,0.0,0.0,0.0,0.0,0.0,0.0,0.0,0.0,0.0,0.0,0.0,0.0,0.0,0.0,5,0,0.0,1.0,0.0,50.0,5.17,10.39,551.26,5,0.3384,131.5
EMP035,2026-02-24,44,148,0,0,0,289,55,55,55,0.0,0.0,0.0,0.0,0.0,0.0,0.0,0.0,0.0,0.0,0.0,0.0,0.0,0.0,0.0,0.0,5,0,0.0,1.0,0.0,50.0,5.17,10.39,551.26,5,0.3668,144.5
EMP035,2026-02-25,75,88,0,0,0,255,56,56,56,0.0,0.0,0.0,0.0,0.0,0.0,0.0,0.0,0.0,0.0,0.0,0.0,0.0,0.0,0.0,0.0,5,0,0.0,1.0,0.0,50.0,5.17,10.39,551.26,5,0.4588,127.5
EMP035,2026-02-26,8,8,0,0,0,23,57,57,57,0.0,0.0,0.0,0.0,0.0,0.0,0.0,0.0,0.0,0.0,0.0,0.0,0.0,0.0,0.0,0.0,5,0,0.0,1.0,0.0,50.0,5.17,10.39,551.26,5,0.4783,11.5
EMP035,2026-02-27,30,76,0,0,0,158,58,58,58,0.0,0.0,0.0,0.0,0.0,0.0,0.0,0.0,0.0,0.0,0.0,0.0,0.0,0.0,0.0,0.0,5,0,0.0,1.0,0.0,50.0,5.17,10.39,551.26,5,0.3544,79.0
EMP035,2026-02-28,34,51,0,0,0,125,59,59,59,0.0,0.0,0.0,0.0,0.0,0.0,0.0,0.0,0.0,0.0,0.0,0.0,0.0,0.0,0.0,0.0,5,0,0.0,1.0,0.0,50.0,5.17,10.39,551.26,5,0.44,62.5
EMP035,2026-03-01,0,0,0,0,0,0,60,60,60,0.0,0.0,0.0,0.0,0.0,0.0,0.0,0.0,0.0,0.0,0.0,0.0,0.0,0.0,0.0,100.0,0,5,0.0,1.0,0.0,50.0,5.17,10.39,551.26,0,0.0,0.0
EMP035,2026-03-02,0,0,0,0,0,0,61,61,61,0.0,0.0,0.0,0.0,0.0,0.0,0.0,0.0,0.0,0.0,0.0,0.0,0.0,0.0,0.0,100.0,0,5,0.0,1.0,0.0,50.0,5.17,10.39,551.26,0,0.0,0.0
EMP035,2026-03-03,79,160,0,0,0,375,62,62,62,0.0,0.0,0.0,0.0,0.0,0.0,0.0,0.0,0.0,0.0,0.0,0.0,0.0,0.0,0.0,0.0,5,0,0.0,1.0,0.0,50.0,5.17,10.39,551.26,5,0.4053,187.5
EMP035,2026-03-04,65,128,0,0,0,287,63,63,63,0.0,0.0,0.0,0.0,0.0,0.0,0.0,0.0,0.0,0.0,0.0,0.0,0.0,0.0,0.0,0.0,5,0,0.0,1.0,0.0,50.0,5.17,10.39,551.26,5,0.4042,143.5
EMP035,2026-03-05,56,106,0,0,0,251,64,64,64,0.0,0.0,0.0,0.0,0.0,0.0,0.0,0.0,0.0,0.0,0.0,0.0,0.0,0.0,0.0,0.0,5,0,0.0,1.0,0.0,50.0,5.17,10.39,551.26,5,0.4502,125.5
EMP035,2026-03-06,54,173,0,0,0,336,65,65,65,0.0,0.0,0.0,0.0,0.0,0.0,0.0,0.0,0.0,0.0,0.0,0.0,0.0,0.0,0.0,0.0,5,0,0.0,1.0,0.0,50.0,5.17,10.39,551.26,5,0.3274,168.0
EMP035,2026-03-07,14,45,0,0,0,98,66,66,66,0.0,0.0,0.0,0.0,0.0,0.0,0.0,0.0,0.0,0.0,0.0,0.0,0.0,0.0,0.0,0.0,5,0,0.0,1.0,0.0,50.0,5.17,10.39,551.26,5,0.3061,49.0
EMP035,2026-03-08,0,0,0,0,0,0,67,67,67,0.0,0.0,0.0,0.0,0.0,0.0,0.0,0.0,0.0,0.0,0.0,0.0,0.0,0.0,0.0,100.0,0,5,0.0,1.0,0.0,50.0,5.17,10.39,551.26,0,0.0,0.0
EMP035,2026-03-09,59,169,0,0,0,301,68,68,68,0.0,0.0,0.0,0.0,0.0,0.0,0.0,0.0,0.0,0.0,0.0,0.0,0.0,0.0,0.0,0.0,5,0,0.0,1.0,0.0,50.0,5.17,10.39,551.26,5,0.3555,150.5
EMP035,2026-03-10,79,162,0,0,0,325,69,69,69,0.0,0.0,0.0,0.0,0.0,0.0,0.0,0.0,0.0,0.0,0.0,0.0,0.0,0.0,0.0,0.0,5,0,0.0,1.0,0.0,50.0,5.17,10.39,551.26,5,0.3969,162.5
EMP035,2026-03-11,42,113,0,0,0,252,70,70,70,0.0,0.0,0.0,0.0,0.0,0.0,0.0,0.0,0.0,0.0,0.0,0.0,0.0,0.0,0.0,0.0,5,0,0.0,1.0,0.0,50.0,5.17,10.39,551.26,5,0.3333,126.0
EMP035,2026-03-12,80,119,0,0,0,257,71,71,71,0.0,0.0,0.0,0.0,0.0,0.0,0.0,0.0,0.0,0.0,0.0,0.0,0.0,0.0,0.0,0.0,5,0,0.0,1.0,0.0,50.0,5.17,10.39,551.26,5,0.428,128.5
EMP035,2026-03-13,52,116,0,0,0,250,72,72,72,0.0,0.0,0.0,0.0,0.0,0.0,0.0,0.0,0.0,0.0,0.0,0.0,0.0,0.0,0.0,0.0,5,0,0.0,1.0,0.0,50.0,5.17,10.39,551.26,5,0.368,125.0
EMP035,2026-03-14,20,43,0,0,0,86,73,73,73,0.0,0.0,0.0,0.0,0.0,0.0,0.0,0.0,0.0,0.0,0.0,0.0,0.0,0.0,0.0,0.0,5,0,0.0,1.0,0.0,50.0,5.17,10.39,551.26,5,0.407,43.0
EMP035,2026-03-15,0,0,0,0,0,0,74,74,74,0.0,0.0,0.0,0.0,0.0,0.0,0.0,0.0,0.0,0.0,0.0,0.0,0.0,0.0,0.0,100.0,0,5,0.0,1.0,0.0,50.0,5.17,10.39,551.26,0,0.0,0.0
EMP035,2026-03-16,75,133,0,0,0,303,75,75,75,0.0,0.0,0.0,0.0,0.0,0.0,0.0,0.0,0.0,0.0,0.0,0.0,0.0,0.0,0.0,0.0,5,0,0.0,1.0,0.0,50.0,5.17,10.39,551.26,5,0.429,151.5
EMP035,2026-03-17,83,109,0,0,0,300,76,76,76,0.0,0.0,0.0,0.0,0.0,0.0,0.0,0.0,0.0,0.0,0.0,0.0,0.0,0.0,0.0,0.0,5,0,0.0,1.0,0.0,50.0,5.17,10.39,551.26,5,0.4433,150.0
EMP035,2026-03-18,39,157,0,0,0,281,77,77,77,0.0,0.0,0.0,0.0,0.0,0.0,0.0,0.0,0.0,0.0,0.0,0.0,0.0,0.0,0.0,0.0,5,0,0.0,1.0,0.0,50.0,5.17,10.39,551.26,5,0.3559,140.5
EMP035,2026-03-19,79,153,0,0,0,327,78,78,78,0.0,0.0,0.0,0.0,0.0,0.0,0.0,0.0,0.0,0.0,0.0,0.0,0.0,0.0,0.0,0.0,5,0,0.0,1.0,0.0,50.0,5.17,10.39,551.26,5,0.3945,163.5
EMP035,2026-03-20,39,134,0,0,0,271,79,79,79,0.0,0.0,0.0,0.0,0.0,0.0,0.0,0.0,0.0,0.0,0.0,0.0,0.0,0.0,0.0,0.0,5,0,0.0,1.0,0.0,50.0,5.17,10.39,551.26,5,0.3469,135.5
EMP035,2026-03-21,25,47,0,0,0,95,80,80,80,0.0,0.0,0.0,0.0,0.0,0.0,0.0,0.0,0.0,0.0,0.0,0.0,0.0,0.0,0.0,0.0,5,0,0.0,1.0,0.0,50.0,5.17,10.39,551.26,5,0.4211,47.5
EMP035,2026-03-22,0,0,0,0,0,0,81,81,81,0.0,0.0,0.0,0.0,0.0,0.0,0.0,0.0,0.0,0.0,0.0,0.0,0.0,0.0,0.0,100.0,0,5,0.0,1.0,0.0,50.0,5.17,10.39,551.26,0,0.0,0.0
EMP035,2026-03-23,68,115,0,0,0,268,82,82,82,0.0,0.0,0.0,0.0,0.0,0.0,0.0,0.0,0.0,0.0,0.0,0.0,0.0,0.0,0.0,0.0,5,0,0.0,1.0,0.0,50.0,5.17,10.39,551.26,5,0.4179,134.0
EMP035,2026-03-24,52,152,0,0,0,287,83,83,83,0.0,0.0,0.0,0.0,0.0,0.0,0.0,0.0,0.0,0.0,0.0,0.0,0.0,0.0,0.0,0.0,5,0,0.0,1.0,0.0,50.0,5.17,10.39,551.26,5,0.3519,143.5
EMP035,2026-03-25,101,153,0,0,0,360,84,84,84,0.0,0.0,0.0,0.0,0.0,0.0,0.0,0.0,0.0,0.0,0.0,0.0,0.0,0.0,0.0,0.0,5,0,0.0,1.0,0.0,50.0,5.17,10.39,551.26,5,0.3972,180.0
EMP035,2026-03-26,106,171,0,0,0,365,85,85,85,0.0,0.0,0.0,0.0,0.0,0.0,0.0,0.0,0.0,0.0,0.0,0.0,0.0,0.0,0.0,0.0,5,0,0.0,1.0,0.0,50.0,5.17,10.39,551.26,5,0.3781,182.5
EMP035,2026-03-27,64,190,0,0,0,342,86,86,86,0.0,0.0,0.0,0.0,0.0,0.0,0.0,0.0,0.0,0.0,0.0,0.0,0.0,0.0,0.0,0.0,5,0,0.0,1.0,0.0,50.0,5.17,10.39,551.26,5,0.3509,171.0
EMP035,2026-03-28,26,72,0,0,0,141,87,87,87,0.0,0.0,0.0,0.0,0.0,0.0,0.0,0.0,0.0,0.0,0.0,0.0,0.0,0.0,0.0,0.0,5,0,0.0,1.0,0.0,50.0,5.17,10.39,551.26,5,0.3333,70.5
EMP035,2026-03-29,0,0,0,0,0,0,88,88,88,0.0,0.0,0.0,0.0,0.0,0.0,0.0,0.0,0.0,0.0,0.0,0.0,0.0,0.0,0.0,100.0,0,5,0.0,1.0,0.0,50.0,5.17,10.39,551.26,0,0.0,0.0
EMP035,2026-03-30,68,164,0,0,0,332,89,89,89,0.0,0.0,0.0,0.0,0.0,0.0,0.0,0.0,0.0,0.0,0.0,0.0,0.0,0.0,0.0,0.0,5,0,0.0,1.0,0.0,50.0,5.17,10.39,551.26,5,0.3313,166.0
EMP035,2026-03-31,59,141,0,0,0,302,90,90,90,0.0,0.0,0.0,0.0,0.0,0.0,0.0,0.0,0.0,0.0,0.0,0.0,0.0,0.0,0.0,0.0,5,0,0.0,1.0,0.0,50.0,5.17,10.39,551.26,5,0.3642,151.0
EMP036,2026-01-01,0,0,0,0,0,0,1,1,1,0.0,0.0,0.0,0.0,0.0,0.0,0.0,0.0,0.0,0.0,0.0,0.0,0.0,0.0,0.0,100.0,0,5,0.0,1.0,0.0,0.0,7.04,8.05,527.24,0,0.0,0.0
EMP036,2026-01-02,68,99,0,0,0,263,2,2,2,0.0,0.0,0.0,0.0,0.0,0.0,0.0,0.0,0.0,0.0,0.0,0.0,0.0,0.0,0.0,0.0,5,0,0.0,1.0,0.0,0.0,7.04,8.05,527.24,5,0.4297,131.5
EMP036,2026-01-03,32,45,0,0,0,114,3,3,3,0.0,0.0,0.0,0.0,0.0,0.0,0.0,0.0,0.0,0.0,0.0,0.0,0.0,0.0,0.0,0.0,5,0,0.0,1.0,0.0,0.0,7.04,8.05,527.24,5,0.5,57.0
EMP036,2026-01-04,0,0,0,0,0,0,4,4,4,0.0,0.0,0.0,0.0,0.0,0.0,0.0,0.0,0.0,0.0,0.0,0.0,0.0,0.0,0.0,100.0,0,5,0.0,1.0,0.0,0.0,7.04,8.05,527.24,0,0.0,0.0
EMP036,2026-01-05,32,61,0,0,0,126,5,5,5,0.0,0.0,0.0,0.0,0.0,0.0,0.0,0.0,0.0,0.0,0.0,0.0,0.0,0.0,0.0,0.0,5,0,0.0,1.0,0.0,0.0,7.04,8.05,527.24,5,0.373,63.0
EMP036,2026-01-06,0,0,0,0,0,0,6,6,6,0.0,0.0,0.0,0.0,0.0,0.0,0.0,0.0,0.0,0.0,0.0,0.0,0.0,0.0,0.0,100.0,0,5,0.0,1.0,0.0,0.0,7.04,8.05,527.24,0,0.0,0.0
EMP036,2026-01-07,67,138,0,0,0,271,7,7,7,0.0,0.0,0.0,0.0,0.0,0.0,0.0,0.0,0.0,0.0,0.0,0.0,0.0,0.0,0.0,0.0,5,0,0.0,1.0,0.0,0.0,7.04,8.05,527.24,5,0.417,135.5
EMP036,2026-01-08,54,96,0,0,0,202,8,8,8,0.0,0.0,0.0,0.0,0.0,0.0,0.0,0.0,0.0,0.0,0.0,0.0,0.0,0.0,0.0,0.0,5,0,0.0,1.0,0.0,0.0,7.04,8.05,527.24,5,0.4356,101.0
EMP036,2026-01-09,64,113,0,0,0,241,9,9,9,0.0,0.0,0.0,0.0,0.0,0.0,0.0,0.0,0.0,0.0,0.0,0.0,0.0,0.0,0.0,0.0,5,0,0.0,1.0,0.0,0.0,7.04,8.05,527.24,5,0.4232,120.5
EMP036,2026-01-10,12,49,0,0,0,87,10,10,10,0.0,0.0,0.0,0.0,0.0,0.0,0.0,0.0,0.0,0.0,0.0,0.0,0.0,0.0,0.0,0.0,5,0,0.0,1.0,0.0,0.0,7.04,8.05,527.24,5,0.3103,43.5
EMP036,2026-01-11,0,0,0,0,0,0,11,11,11,0.0,0.0,0.0,0.0,0.0,0.0,0.0,0.0,0.0,0.0,0.0,0.0,0.0,0.0,0.0,100.0,0,5,0.0,1.0,0.0,0.0,7.04,8.05,527.24,0,0.0,0.0
EMP036,2026-01-12,73,95,0,0,0,242,12,12,12,0.0,0.0,0.0,0.0,0.0,0.0,0.0,0.0,0.0,0.0,0.0,0.0,0.0,0.0,0.0,0.0,5,0,0.0,1.0,0.0,0.0,7.04,8.05,527.24,5,0.4711,121.0
EMP036,2026-01-13,66,96,0,0,0,240,13,13,13,0.0,0.0,0.0,0.0,0.0,0.0,0.0,0.0,0.0,0.0,0.0,0.0,0.0,0.0,0.0,0.0,5,0,0.0,1.0,0.0,0.0,7.04,8.05,527.24,5,0.4708,120.0
EMP036,2026-01-14,5,11,0,0,0,21,14,14,14,0.0,0.0,0.0,0.0,0.0,0.0,0.0,0.0,0.0,0.0,0.0,0.0,0.0,0.0,0.0,20.0,4,1,0.0,1.0,0.0,0.0,7.04,8.05,527.24,4,0.3333,10.5
EMP036,2026-01-15,41,77,0,0,0,189,15,15,15,0.0,0.0,0.0,0.0,0.0,0.0,0.0,0.0,0.0,0.0,0.0,0.0,0.0,0.0,0.0,0.0,5,0,0.0,1.0,0.0,0.0,7.04,8.05,527.24,5,0.3704,94.5
EMP036,2026-01-16,44,97,0,0,0,211,16,16,16,0.0,0.0,0.0,0.0,0.0,0.0,0.0,0.0,0.0,0.0,0.0,0.0,0.0,0.0,0.0,0.0,5,0,0.0,1.0,0.0,0.0,7.04,8.05,527.24,5,0.3791,105.5
EMP036,2026-01-17,24,38,0,0,0,89,17,17,17,0.0,0.0,0.0,0.0,0.0,0.0,0.0,0.0,0.0,0.0,0.0,0.0,0.0,0.0,0.0,0.0,5,0,0.0,1.0,0.0,0.0,7.04,8.05,527.24,5,0.4831,44.5
EMP036,2026-01-18,0,0,0,0,0,0,18,18,18,0.0,0.0,0.0,0.0,0.0,0.0,0.0,0.0,0.0,0.0,0.0,0.0,0.0,0.0,0.0,100.0,0,5,0.0,1.0,0.0,0.0,7.04,8.05,527.24,0,0.0,0.0
EMP036,2026-01-19,38,108,0,0,0,223,19,19,19,0.0,0.0,0.0,0.0,0.0,0.0,0.0,0.0,0.0,0.0,0.0,0.0,0.0,0.0,0.0,0.0,5,0,0.0,1.0,0.0,0.0,7.04,8.05,527.24,5,0.3184,111.5
EMP036,2026-01-20,40,114,0,0,0,234,20,20,20,0.0,0.0,0.0,0.0,0.0,0.0,0.0,0.0,0.0,0.0,0.0,0.0,0.0,0.0,0.0,0.0,5,0,0.0,1.0,0.0,0.0,7.04,8.05,527.24,5,0.3162,117.0
EMP036,2026-01-21,72,113,0,0,0,259,21,21,21,0.0,0.0,0.0,0.0,0.0,0.0,0.0,0.0,0.0,0.0,0.0,0.0,0.0,0.0,0.0,0.0,5,0,0.0,1.0,0.0,0.0,7.04,8.05,527.24,5,0.444,129.5
EMP036,2026-01-22,34,102,0,0,0,210,22,22,22,0.0,0.0,0.0,0.0,0.0,0.0,0.0,0.0,0.0,0.0,0.0,0.0,0.0,0.0,0.0,0.0,5,0,0.0,1.0,0.0,0.0,7.04,8.05,527.24,5,0.3381,105.0
EMP036,2026-01-23,70,121,0,0,0,270,23,23,23,0.0,0.0,0.0,0.0,0.0,0.0,0.0,0.0,0.0,0.0,0.0,0.0,0.0,0.0,0.0,0.0,5,0,0.0,1.0,0.0,0.0,7.04,8.05,527.24,5,0.4259,135.0
EMP036,2026-01-24,28,38,0,0,0,97,24,24,24,0.0,0.0,0.0,0.0,0.0,0.0,0.0,0.0,0.0,0.0,0.0,0.0,0.0,0.0,0.0,0.0,5,0,0.0,1.0,0.0,0.0,7.04,8.05,527.24,5,0.4227,48.5
EMP036,2026-01-25,0,0,0,0,0,0,25,25,25,0.0,0.0,0.0,0.0,0.0,0.0,0.0,0.0,0.0,0.0,0.0,0.0,0.0,0.0,0.0,100.0,0,5,0.0,1.0,0.0,0.0,7.04,8.05,527.24,0,0.0,0.0
EMP036,2026-01-26,0,0,0,0,0,0,26,26,26,0.0,0.0,0.0,0.0,0.0,0.0,0.0,0.0,0.0,0.0,0.0,0.0,0.0,0.0,0.0,100.0,0,5,0.0,1.0,0.0,0.0,7.04,8.05,527.24,0,0.0,0.0
EMP036,2026-01-27,58,116,0,0,0,256,27,27,27,0.0,0.0,0.0,0.0,0.0,0.0,0.0,0.0,0.0,0.0,0.0,0.0,0.0,0.0,0.0,0.0,5,0,0.0,1.0,0.0,0.0,7.04,8.05,527.24,5,0.4219,128.0
EMP036,2026-01-28,67,83,0,0,0,215,28,28,28,0.0,0.0,0.0,0.0,0.0,0.0,0.0,0.0,0.0,0.0,0.0,0.0,0.0,0.0,0.0,0.0,5,0,0.0,1.0,0.0,0.0,7.04,8.05,527.24,5,0.4744,107.5
EMP036,2026-01-29,48,103,0,0,0,239,29,29,29,0.0,0.0,0.0,0.0,0.0,0.0,0.0,0.0,0.0,0.0,0.0,0.0,0.0,0.0,0.0,0.0,5,0,0.0,1.0,0.0,0.0,7.04,8.05,527.24,5,0.4393,119.5
EMP036,2026-01-30,68,134,0,0,0,265,30,30,30,0.0,0.0,0.0,0.0,0.0,0.0,0.0,0.0,0.0,0.0,0.0,0.0,0.0,0.0,0.0,0.0,5,0,0.0,1.0,0.0,0.0,7.04,8.05,527.24,5,0.3811,132.5
EMP036,2026-01-31,32,54,0,0,0,118,31,31,31,0.0,0.0,0.0,0.0,0.0,0.0,0.0,0.0,0.0,0.0,0.0,0.0,0.0,0.0,0.0,0.0,5,0,0.0,1.0,0.0,0.0,7.04,8.05,527.24,5,0.3898,59.0
EMP036,2026-02-01,0,0,0,0,0,0,32,32,32,0.0,0.0,0.0,0.0,0.0,0.0,0.0,0.0,0.0,0.0,0.0,0.0,0.0,0.0,0.0,100.0,0,5,0.0,1.0,0.0,0.0,7.04,8.05,527.24,0,0.0,0.0
EMP036,2026-02-02,85,126,0,0,0,299,33,33,33,0.0,0.0,0.0,0.0,0.0,0.0,0.0,0.0,0.0,0.0,0.0,0.0,0.0,0.0,0.0,0.0,5,0,0.0,1.0,0.0,0.0,7.04,8.05,527.24,5,0.4448,149.5
EMP036,2026-02-03,60,165,0,0,0,350,34,34,34,0.0,0.0,0.0,0.0,0.0,0.0,0.0,0.0,0.0,0.0,0.0,0.0,0.0,0.0,0.0,0.0,5,0,0.0,1.0,0.0,0.0,7.04,8.05,527.24,5,0.3486,175.0
EMP036,2026-02-04,50,73,0,0,0,217,35,35,35,0.0,0.0,0.0,0.0,0.0,0.0,0.0,0.0,0.0,0.0,0.0,0.0,0.0,0.0,0.0,0.0,5,0,0.0,1.0,0.0,0.0,7.04,8.05,527.24,5,0.4147,108.5
EMP036,2026-02-05,45,103,0,0,0,214,36,36,36,0.0,0.0,0.0,0.0,0.0,0.0,0.0,0.0,0.0,0.0,0.0,0.0,0.0,0.0,0.0,0.0,5,0,0.0,1.0,0.0,0.0,7.04,8.05,527.24,5,0.3738,107.0
EMP036,2026-02-06,60,122,0,0,0,272,37,37,37,0.0,0.0,0.0,0.0,0.0,0.0,0.0,0.0,0.0,0.0,0.0,0.0,0.0,0.0,0.0,0.0,5,0,0.0,1.0,0.0,0.0,7.04,8.05,527.24,5,0.4044,136.0
EMP036,2026-02-07,15,20,0,0,0,49,38,38,38,0.0,0.0,0.0,0.0,0.0,0.0,0.0,0.0,0.0,0.0,0.0,0.0,0.0,0.0,0.0,0.0,5,0,0.0,1.0,0.0,0.0,7.04,8.05,527.24,5,0.449,24.5
EMP036,2026-02-08,0,0,0,0,0,0,39,39,39,0.0,0.0,0.0,0.0,0.0,0.0,0.0,0.0,0.0,0.0,0.0,0.0,0.0,0.0,0.0,100.0,0,5,0.0,1.0,0.0,0.0,7.04,8.05,527.24,0,0.0,0.0
EMP036,2026-02-09,0,0,0,0,0,0,40,40,40,0.0,0.0,0.0,0.0,0.0,0.0,0.0,0.0,0.0,0.0,0.0,0.0,0.0,0.0,0.0,100.0,0,5,0.0,1.0,0.0,0.0,7.04,8.05,527.24,0,0.0,0.0
EMP036,2026-02-10,39,132,0,0,0,226,41,41,41,0.0,0.0,0.0,0.0,0.0,0.0,0.0,0.0,0.0,0.0,0.0,0.0,0.0,0.0,0.0,0.0,5,0,0.0,1.0,0.0,0.0,7.04,8.05,527.24,5,0.3009,113.0
EMP036,2026-02-11,43,93,0,0,0,190,42,42,42,0.0,0.0,0.0,0.0,0.0,0.0,0.0,0.0,0.0,0.0,0.0,0.0,0.0,0.0,0.0,0.0,5,0,0.0,1.0,0.0,0.0,7.04,8.05,527.24,5,0.3684,95.0
EMP036,2026-02-12,61,84,0,0,0,200,43,43,43,0.0,0.0,0.0,0.0,0.0,0.0,0.0,0.0,0.0,0.0,0.0,0.0,0.0,0.0,0.0,0.0,5,0,0.0,1.0,0.0,0.0,7.04,8.05,527.24,5,0.43,100.0
EMP036,2026-02-13,37,117,0,0,0,226,44,44,44,0.0,0.0,0.0,0.0,0.0,0.0,0.0,0.0,0.0,0.0,0.0,0.0,0.0,0.0,0.0,0.0,5,0,0.0,1.0,0.0,0.0,7.04,8.05,527.24,5,0.3363,113.0
EMP036,2026-02-14,17,33,0,0,0,76,45,45,45,0.0,0.0,0.0,0.0,0.0,0.0,0.0,0.0,0.0,0.0,0.0,0.0,0.0,0.0,0.0,0.0,5,0,0.0,1.0,0.0,0.0,7.04,8.05,527.24,5,0.3947,38.0
EMP036,2026-02-15,0,0,0,0,0,0,46,46,46,0.0,0.0,0.0,0.0,0.0,0.0,0.0,0.0,0.0,0.0,0.0,0.0,0.0,0.0,0.0,100.0,0,5,0.0,1.0,0.0,0.0,7.04,8.05,527.24,0,0.0,0.0
EMP036,2026-02-16,51,113,0,0,0,241,47,47,47,0.0,0.0,0.0,0.0,0.0,0.0,0.0,0.0,0.0,0.0,0.0,0.0,0.0,0.0,0.0,0.0,5,0,0.0,1.0,0.0,0.0,7.04,8.05,527.24,5,0.3859,120.5
EMP036,2026-02-17,62,140,0,0,0,284,48,48,48,0.0,0.0,0.0,0.0,0.0,0.0,0.0,0.0,0.0,0.0,0.0,0.0,0.0,0.0,0.0,0.0,5,0,0.0,1.0,0.0,0.0,7.04,8.05,527.24,5,0.3521,142.0
EMP036,2026-02-18,39,122,0,0,0,241,49,49,49,0.0,0.0,0.0,0.0,0.0,0.0,0.0,0.0,0.0,0.0,0.0,0.0,0.0,0.0,0.0,0.0,5,0,0.0,1.0,0.0,0.0,7.04,8.05,527.24,5,0.3112,120.5
EMP036,2026-02-19,53,107,0,0,0,236,50,50,50,0.0,0.0,0.0,0.0,0.0,0.0,0.0,0.0,0.0,0.0,0.0,0.0,0.0,0.0,0.0,0.0,5,0,0.0,1.0,0.0,0.0,7.04,8.05,527.24,5,0.4237,118.0
EMP036,2026-02-20,39,91,0,0,0,201,51,51,51,0.0,0.0,0.0,0.0,0.0,0.0,0.0,0.0,0.0,0.0,0.0,0.0,0.0,0.0,0.0,0.0,5,0,0.0,1.0,0.0,0.0,7.04,8.05,527.24,5,0.3582,100.5
EMP036,2026-02-21,26,44,0,0,0,94,52,52,52,0.0,0.0,0.0,0.0,0.0,0.0,0.0,0.0,0.0,0.0,0.0,0.0,0.0,0.0,0.0,0.0,5,0,0.0,1.0,0.0,0.0,7.04,8.05,527.24,5,0.4468,47.0
EMP036,2026-02-22,0,0,0,0,0,0,53,53,53,0.0,0.0,0.0,0.0,0.0,0.0,0.0,0.0,0.0,0.0,0.0,0.0,0.0,0.0,0.0,100.0,0,5,0.0,1.0,0.0,0.0,7.04,8.05,527.24,0,0.0,0.0
EMP036,2026-02-23,84,95,0,0,0,243,54,54,54,0.0,0.0,0.0,0.0,0.0,0.0,0.0,0.0,0.0,0.0,0.0,0.0,0.0,0.0,0.0,0.0,5,0,0.0,1.0,0.0,0.0,7.04,8.05,527.24,5,0.4856,121.5
EMP036,2026-02-24,59,108,0,0,0,223,55,55,55,0.0,0.0,0.0,0.0,0.0,0.0,0.0,0.0,0.0,0.0,0.0,0.0,0.0,0.0,0.0,0.0,5,0,0.0,1.0,0.0,0.0,7.04,8.05,527.24,5,0.3991,111.5
EMP036,2026-02-25,48,113,0,0,0,230,56,56,56,0.0,0.0,0.0,0.0,0.0,0.0,0.0,0.0,0.0,0.0,0.0,0.0,0.0,0.0,0.0,0.0,5,0,0.0,1.0,0.0,0.0,7.04,8.05,527.24,5,0.387,115.0
EMP036,2026-02-26,57,123,0,0,0,255,57,57,57,0.0,0.0,0.0,0.0,0.0,0.0,0.0,0.0,0.0,0.0,0.0,0.0,0.0,0.0,0.0,0.0,5,0,0.0,1.0,0.0,0.0,7.04,8.05,527.24,5,0.3216,127.5
EMP036,2026-02-27,65,106,0,0,0,251,58,58,58,0.0,0.0,0.0,0.0,0.0,0.0,0.0,0.0,0.0,0.0,0.0,0.0,0.0,0.0,0.0,0.0,5,0,0.0,1.0,0.0,0.0,7.04,8.05,527.24,5,0.4223,125.5
EMP036,2026-02-28,14,50,0,0,0,96,59,59,59,0.0,0.0,0.0,0.0,0.0,0.0,0.0,0.0,0.0,0.0,0.0,0.0,0.0,0.0,0.0,0.0,5,0,0.0,1.0,0.0,0.0,7.04,8.05,527.24,5,0.3438,48.0
EMP036,2026-03-01,0,0,0,0,0,0,60,60,60,0.0,0.0,0.0,0.0,0.0,0.0,0.0,0.0,0.0,0.0,0.0,0.0,0.0,0.0,0.0,100.0,0,5,0.0,1.0,0.0,0.0,7.04,8.05,527.24,0,0.0,0.0
EMP036,2026-03-02,0,0,0,0,0,0,61,61,61,0.0,0.0,0.0,0.0,0.0,0.0,0.0,0.0,0.0,0.0,0.0,0.0,0.0,0.0,0.0,100.0,0,5,0.0,1.0,0.0,0.0,7.04,8.05,527.24,0,0.0,0.0
EMP036,2026-03-03,45,118,0,0,0,272,62,62,62,0.0,0.0,0.0,0.0,0.0,0.0,0.0,0.0,0.0,0.0,0.0,0.0,0.0,0.0,0.0,0.0,5,0,0.0,1.0,0.0,0.0,7.04,8.05,527.24,5,0.3566,136.0
EMP036,2026-03-04,71,93,0,0,0,242,63,63,63,0.0,0.0,0.0,0.0,0.0,0.0,0.0,0.0,0.0,0.0,0.0,0.0,0.0,0.0,0.0,0.0,5,0,0.0,1.0,0.0,0.0,7.04,8.05,527.24,5,0.4339,121.0
EMP036,2026-03-05,44,92,0,0,0,197,64,64,64,0.0,0.0,0.0,0.0,0.0,0.0,0.0,0.0,0.0,0.0,0.0,0.0,0.0,0.0,0.0,0.0,5,0,0.0,1.0,0.0,0.0,7.04,8.05,527.24,5,0.3553,98.5
EMP036,2026-03-06,29,46,0,0,0,108,65,65,65,0.0,0.0,0.0,0.0,0.0,0.0,0.0,0.0,0.0,0.0,0.0,0.0,0.0,0.0,0.0,0.0,5,0,0.0,1.0,0.0,0.0,7.04,8.05,527.24,5,0.4537,54.0
EMP036,2026-03-07,8,16,0,0,0,38,66,66,66,0.0,0.0,0.0,0.0,0.0,0.0,0.0,0.0,0.0,0.0,0.0,0.0,0.0,0.0,0.0,0.0,5,0,0.0,1.0,0.0,0.0,7.04,8.05,527.24,5,0.4737,19.0
EMP036,2026-03-08,0,0,0,0,0,0,67,67,67,0.0,0.0,0.0,0.0,0.0,0.0,0.0,0.0,0.0,0.0,0.0,0.0,0.0,0.0,0.0,100.0,0,5,0.0,1.0,0.0,0.0,7.04,8.05,527.24,0,0.0,0.0
EMP036,2026-03-09,53,90,0,0,0,226,68,68,68,0.0,0.0,0.0,0.0,0.0,0.0,0.0,0.0,0.0,0.0,0.0,0.0,0.0,0.0,0.0,0.0,5,0,0.0,1.0,0.0,0.0,7.04,8.05,527.24,5,0.4248,113.0
EMP036,2026-03-10,72,109,0,0,0,274,69,69,69,0.0,0.0,0.0,0.0,0.0,0.0,0.0,0.0,0.0,0.0,0.0,0.0,0.0,0.0,0.0,0.0,5,0,0.0,1.0,0.0,0.0,7.04,8.05,527.24,5,0.4416,137.0
EMP036,2026-03-11,18,70,0,0,0,130,70,70,70,0.0,0.0,0.0,0.0,0.0,0.0,0.0,0.0,0.0,0.0,0.0,0.0,0.0,0.0,0.0,0.0,5,0,0.0,1.0,0.0,0.0,7.04,8.05,527.24,5,0.3,65.0
EMP036,2026-03-12,32,94,0,0,0,197,71,71,71,0.0,0.0,0.0,0.0,0.0,0.0,0.0,0.0,0.0,0.0,0.0,0.0,0.0,0.0,0.0,0.0,5,0,0.0,1.0,0.0,0.0,7.04,8.05,527.24,5,0.3756,98.5
EMP036,2026-03-13,37,113,0,0,0,227,72,72,72,0.0,0.0,0.0,0.0,0.0,0.0,0.0,0.0,0.0,0.0,0.0,0.0,0.0,0.0,0.0,0.0,5,0,0.0,1.0,0.0,0.0,7.04,8.05,527.24,5,0.37,113.5
EMP036,2026-03-14,19,41,0,0,0,83,73,73,73,0.0,0.0,0.0,0.0,0.0,0.0,0.0,0.0,0.0,0.0,0.0,0.0,0.0,0.0,0.0,0.0,5,0,0.0,1.0,0.0,0.0,7.04,8.05,527.24,5,0.3855,41.5
EMP036,2026-03-15,0,0,0,0,0,0,74,74,74,0.0,0.0,0.0,0.0,0.0,0.0,0.0,0.0,0.0,0.0,0.0,0.0,0.0,0.0,0.0,100.0,0,5,0.0,1.0,0.0,0.0,7.04,8.05,527.24,0,0.0,0.0
EMP036,2026-03-16,62,81,0,0,0,214,75,75,75,0.0,0.0,0.0,0.0,0.0,0.0,0.0,0.0,0.0,0.0,0.0,0.0,0.0,0.0,0.0,0.0,5,0,0.0,1.0,0.0,0.0,7.04,8.05,527.24,5,0.4766,107.0
EMP036,2026-03-17,40,117,0,0,0,225,76,76,76,0.0,0.0,0.0,0.0,0.0,0.0,0.0,0.0,0.0,0.0,0.0,0.0,0.0,0.0,0.0,0.0,5,0,0.0,1.0,0.0,0.0,7.04,8.05,527.24,5,0.3556,112.5
EMP036,2026-03-18,59,82,0,0,0,184,77,77,77,0.0,0.0,0.0,0.0,0.0,0.0,0.0,0.0,0.0,0.0,0.0,0.0,0.0,0.0,0.0,0.0,5,0,0.0,1.0,0.0,0.0,7.04,8.05,527.24,5,0.4348,92.0
EMP036,2026-03-19,30,59,0,0,0,139,78,78,78,0.0,0.0,0.0,0.0,0.0,0.0,0.0,0.0,0.0,0.0,0.0,0.0,0.0,0.0,0.0,0.0,5,0,0.0,1.0,0.0,0.0,7.04,8.05,527.24,5,0.3597,69.5
EMP036,2026-03-20,53,93,0,0,0,208,79,79,79,0.0,0.0,0.0,0.0,0.0,0.0,0.0,0.0,0.0,0.0,0.0,0.0,0.0,0.0,0.0,0.0,5,0,0.0,1.0,0.0,0.0,7.04,8.05,527.24,5,0.4327,104.0
EMP036,2026-03-21,2,4,0,0,0,7,80,80,80,0.0,0.0,0.0,0.0,0.0,0.0,0.0,0.0,0.0,0.0,0.0,0.0,0.0,0.0,0.0,40.0,3,2,0.0,1.0,0.0,0.0,7.04,8.05,527.24,3,0.4286,3.5
EMP036,2026-03-22,0,0,0,0,0,0,81,81,81,0.0,0.0,0.0,0.0,0.0,0.0,0.0,0.0,0.0,0.0,0.0,0.0,0.0,0.0,0.0,100.0,0,5,0.0,1.0,0.0,0.0,7.04,8.05,527.24,0,0.0,0.0
EMP036,2026-03-23,35,133,0,0,0,237,82,82,82,0.0,0.0,0.0,0.0,0.0,0.0,0.0,0.0,0.0,0.0,0.0,0.0,0.0,0.0,0.0,0.0,5,0,0.0,1.0,0.0,0.0,7.04,8.05,527.24,5,0.3291,118.5
EMP036,2026-03-24,62,156,0,0,0,288,83,83,83,0.0,0.0,0.0,0.0,0.0,0.0,0.0,0.0,0.0,0.0,0.0,0.0,0.0,0.0,0.0,0.0,5,0,0.0,1.0,0.0,0.0,7.04,8.05,527.24,5,0.3507,144.0
EMP036,2026-03-25,43,89,0,0,0,187,84,84,84,0.0,0.0,0.0,0.0,0.0,0.0,0.0,0.0,0.0,0.0,0.0,0.0,0.0,0.0,0.0,0.0,5,0,0.0,1.0,0.0,0.0,7.04,8.05,527.24,5,0.369,93.5
EMP036,2026-03-26,40,137,0,0,0,268,85,85,85,0.0,0.0,0.0,0.0,0.0,0.0,0.0,0.0,0.0,0.0,0.0,0.0,0.0,0.0,0.0,0.0,5,0,0.0,1.0,0.0,0.0,7.04,8.05,527.24,5,0.3396,134.0
EMP036,2026-03-27,67,187,0,0,0,357,86,86,86,0.0,0.0,0.0,0.0,0.0,0.0,0.0,0.0,0.0,0.0,0.0,0.0,0.0,0.0,0.0,0.0,5,0,0.0,1.0,0.0,0.0,7.04,8.05,527.24,5,0.3249,178.5
EMP036,2026-03-28,37,46,0,0,0,114,87,87,87,0.0,0.0,0.0,0.0,0.0,0.0,0.0,0.0,0.0,0.0,0.0,0.0,0.0,0.0,0.0,0.0,5,0,0.0,1.0,0.0,0.0,7.04,8.05,527.24,5,0.5088,57.0
EMP036,2026-03-29,0,0,0,0,0,0,88,88,88,0.0,0.0,0.0,0.0,0.0,0.0,0.0,0.0,0.0,0.0,0.0,0.0,0.0,0.0,0.0,100.0,0,5,0.0,1.0,0.0,0.0,7.04,8.05,527.24,0,0.0,0.0
EMP036,2026-03-30,68,98,0,0,0,235,89,89,89,0.0,0.0,0.0,0.0,0.0,0.0,0.0,0.0,0.0,0.0,0.0,0.0,0.0,0.0,0.0,0.0,5,0,0.0,1.0,0.0,0.0,7.04,8.05,527.24,5,0.4723,117.5
EMP036,2026-03-31,67,165,0,0,0,309,90,90,90,0.0,0.0,0.0,0.0,0.0,0.0,0.0,0.0,0.0,0.0,0.0,0.0,0.0,0.0,0.0,0.0,5,0,0.0,1.0,0.0,0.0,7.04,8.05,527.24,5,0.3301,154.5
EMP037,2026-01-01,0,0,0,0,0,0,1,1,1,0.0,0.0,0.0,0.0,0.0,0.0,0.0,0.0,0.0,0.0,0.0,0.0,0.0,0.0,0.0,100.0,0,6,0.0,1.0,0.0,0.0,7.63,5.81,517.89,0,0.0,0.0
EMP037,2026-01-02,0,0,0,0,0,401,2,2,2,0.0,0.0,0.0,0.0,0.0,0.0,0.0,0.0,0.0,0.0,0.0,0.0,0.0,0.0,0.0,0.0,6,0,0.0,1.0,0.0,0.0,7.63,5.81,517.89,6,0.6185,200.5
EMP037,2026-01-03,0,0,0,0,0,123,3,3,3,0.0,0.0,0.0,0.0,0.0,0.0,0.0,0.0,0.0,0.0,0.0,0.0,0.0,0.0,0.0,0.0,6,0,0.0,1.0,0.0,0.0,7.63,5.81,517.89,6,0.6179,61.5
EMP037,2026-01-04,0,0,0,0,0,0,4,4,4,0.0,0.0,0.0,0.0,0.0,0.0,0.0,0.0,0.0,0.0,0.0,0.0,0.0,0.0,0.0,100.0,0,6,0.0,1.0,0.0,0.0,7.63,5.81,517.89,0,0.0,0.0
EMP037,2026-01-05,0,0,0,0,0,234,5,5,5,0.0,0.0,0.0,0.0,0.0,0.0,0.0,0.0,0.0,0.0,0.0,0.0,0.0,0.0,0.0,0.0,6,0,0.0,1.0,0.0,0.0,7.63,5.81,517.89,6,0.5641,117.0
EMP037,2026-01-06,0,0,0,0,0,285,6,6,6,0.0,0.0,0.0,0.0,0.0,0.0,0.0,0.0,0.0,0.0,0.0,0.0,0.0,0.0,0.0,0.0,6,0,0.0,1.0,0.0,0.0,7.63,5.81,517.89,6,0.6316,142.5
EMP037,2026-01-07,0,0,0,0,0,233,7,7,7,0.0,0.0,0.0,0.0,0.0,0.0,0.0,0.0,0.0,0.0,0.0,0.0,0.0,0.0,0.0,0.0,6,0,0.0,1.0,0.0,0.0,7.63,5.81,517.89,6,0.5708,116.5
EMP037,2026-01-08,0,0,0,0,0,248,8,8,8,0.0,0.0,0.0,0.0,0.0,0.0,0.0,0.0,0.0,0.0,0.0,0.0,0.0,0.0,0.0,0.0,6,0,0.0,1.0,0.0,0.0,7.63,5.81,517.89,6,0.5444,124.0
EMP037,2026-01-09,0,0,0,0,0,280,9,9,9,0.0,0.0,0.0,0.0,0.0,0.0,0.0,0.0,0.0,0.0,0.0,0.0,0.0,0.0,0.0,0.0,6,0,0.0,1.0,0.0,0.0,7.63,5.81,517.89,6,0.6929,140.0
EMP037,2026-01-10,0,0,0,0,0,111,10,10,10,0.0,0.0,0.0,0.0,0.0,0.0,0.0,0.0,0.0,0.0,0.0,0.0,0.0,0.0,0.0,0.0,6,0,0.0,1.0,0.0,0.0,7.63,5.81,517.89,6,0.5315,55.5
EMP037,2026-01-11,0,0,0,0,0,0,11,11,11,0.0,0.0,0.0,0.0,0.0,0.0,0.0,0.0,0.0,0.0,0.0,0.0,0.0,0.0,0.0,100.0,0,6,0.0,1.0,0.0,0.0,7.63,5.81,517.89,0,0.0,0.0
EMP037,2026-01-12,0,0,0,0,0,303,12,12,12,0.0,0.0,0.0,0.0,0.0,0.0,0.0,0.0,0.0,0.0,0.0,0.0,0.0,0.0,0.0,0.0,6,0,0.0,1.0,0.0,0.0,7.63,5.81,517.89,6,0.571,151.5
EMP037,2026-01-13,0,0,0,0,0,285,13,13,13,0.0,0.0,0.0,0.0,0.0,0.0,0.0,0.0,0.0,0.0,0.0,0.0,0.0,0.0,0.0,0.0,6,0,0.0,1.0,0.0,0.0,7.63,5.81,517.89,6,0.6,142.5
EMP037,2026-01-14,0,0,0,0,0,231,14,14,14,0.0,0.0,0.0,0.0,0.0,0.0,0.0,0.0,0.0,0.0,0.0,0.0,0.0,0.0,0.0,0.0,6,0,0.0,1.0,0.0,0.0,7.63,5.81,517.89,6,0.6147,115.5
EMP037,2026-01-15,0,0,0,0,0,283,15,15,15,0.0,0.0,0.0,0.0,0.0,0.0,0.0,0.0,0.0,0.0,0.0,0.0,0.0,0.0,0.0,0.0,6,0,0.0,1.0,0.0,0.0,7.63,5.81,517.89,6,0.5583,141.5
EMP037,2026-01-16,0,0,0,0,0,259,16,16,16,0.0,0.0,0.0,0.0,0.0,0.0,0.0,0.0,0.0,0.0,0.0,0.0,0.0,0.0,0.0,0.0,6,0,0.0,1.0,0.0,0.0,7.63,5.81,517.89,6,0.5521,129.5
EMP037,2026-01-17,0,0,0,0,0,2,17,17,17,0.0,0.0,0.0,0.0,0.0,0.0,0.0,0.0,0.0,0.0,0.0,0.0,0.0,0.0,0.0,66.67,2,4,0.0,1.0,0.0,0.0,7.63,5.81,517.89,2,0.5,1.0
EMP037,2026-01-18,0,0,0,0,0,0,18,18,18,0.0,0.0,0.0,0.0,0.0,0.0,0.0,0.0,0.0,0.0,0.0,0.0,0.0,0.0,0.0,100.0,0,6,0.0,1.0,0.0,0.0,7.63,5.81,517.89,0,0.0,0.0
EMP037,2026-01-19,0,0,0,0,0,264,19,19,19,0.0,0.0,0.0,0.0,0.0,0.0,0.0,0.0,0.0,0.0,0.0,0.0,0.0,0.0,0.0,0.0,6,0,0.0,1.0,0.0,0.0,7.63,5.81,517.89,6,0.5492,132.0
EMP037,2026-01-20,0,0,0,0,0,338,20,20,20,0.0,0.0,0.0,0.0,0.0,0.0,0.0,0.0,0.0,0.0,0.0,0.0,0.0,0.0,0.0,0.0,6,0,0.0,1.0,0.0,0.0,7.63,5.81,517.89,6,0.5947,169.0
EMP037,2026-01-21,0,0,0,0,0,263,21,21,21,0.0,0.0,0.0,0.0,0.0,0.0,0.0,0.0,0.0,0.0,0.0,0.0,0.0,0.0,0.0,0.0,6,0,0.0,1.0,0.0,0.0,7.63,5.81,517.89,6,0.5894,131.5
EMP037,2026-01-22,0,0,0,0,0,250,22,22,22,0.0,0.0,0.0,0.0,0.0,0.0,0.0,0.0,0.0,0.0,0.0,0.0,0.0,0.0,0.0,0.0,6,0,0.0,1.0,0.0,0.0,7.63,5.81,517.89,6,0.664,125.0
EMP037,2026-01-23,0,0,0,0,0,0,23,23,23,0.0,0.0,0.0,0.0,0.0,0.0,0.0,0.0,0.0,0.0,0.0,0.0,0.0,0.0,0.0,100.0,0,6,0.0,1.0,0.0,0.0,7.63,5.81,517.89,0,0.0,0.0
EMP037,2026-01-24,0,0,0,0,0,103,24,24,24,0.0,0.0,0.0,0.0,0.0,0.0,0.0,0.0,0.0,0.0,0.0,0.0,0.0,0.0,0.0,0.0,6,0,0.0,1.0,0.0,0.0,7.63,5.81,517.89,6,0.534,51.5
EMP037,2026-01-25,0,0,0,0,0,0,25,25,25,0.0,0.0,0.0,0.0,0.0,0.0,0.0,0.0,0.0,0.0,0.0,0.0,0.0,0.0,0.0,100.0,0,6,0.0,1.0,0.0,0.0,7.63,5.81,517.89,0,0.0,0.0
EMP037,2026-01-26,0,0,0,0,0,0,26,26,26,0.0,0.0,0.0,0.0,0.0,0.0,0.0,0.0,0.0,0.0,0.0,0.0,0.0,0.0,0.0,100.0,0,6,0.0,1.0,0.0,0.0,7.63,5.81,517.89,0,0.0,0.0
EMP037,2026-01-27,0,0,0,0,0,253,27,27,27,0.0,0.0,0.0,0.0,0.0,0.0,0.0,0.0,0.0,0.0,0.0,0.0,0.0,0.0,0.0,0.0,6,0,0.0,1.0,0.0,0.0,7.63,5.81,517.89,6,0.6166,126.5
EMP037,2026-01-28,0,0,0,0,0,309,28,28,28,0.0,0.0,0.0,0.0,0.0,0.0,0.0,0.0,0.0,0.0,0.0,0.0,0.0,0.0,0.0,0.0,6,0,0.0,1.0,0.0,0.0,7.63,5.81,517.89,6,0.6052,154.5
EMP037,2026-01-29,0,0,0,0,0,326,29,29,29,0.0,0.0,0.0,0.0,0.0,0.0,0.0,0.0,0.0,0.0,0.0,0.0,0.0,0.0,0.0,0.0,6,0,0.0,1.0,0.0,0.0,7.63,5.81,517.89,6,0.592,163.0
EMP037,2026-01-30,0,0,0,0,0,306,30,30,30,0.0,0.0,0.0,0.0,0.0,0.0,0.0,0.0,0.0,0.0,0.0,0.0,0.0,0.0,0.0,0.0,6,0,0.0,1.0,0.0,0.0,7.63,5.81,517.89,6,0.6405,153.0
EMP037,2026-01-31,0,0,0,0,0,104,31,31,31,0.0,0.0,0.0,0.0,0.0,0.0,0.0,0.0,0.0,0.0,0.0,0.0,0.0,0.0,0.0,0.0,6,0,0.0,1.0,0.0,0.0,7.63,5.81,517.89,6,0.5673,52.0
EMP037,2026-02-01,0,0,0,0,0,0,32,32,32,0.0,0.0,0.0,0.0,0.0,0.0,0.0,0.0,0.0,0.0,0.0,0.0,0.0,0.0,0.0,100.0,0,6,0.0,1.0,0.0,0.0,7.63,5.81,517.89,0,0.0,0.0
EMP037,2026-02-02,0,0,0,0,0,365,33,33,33,0.0,0.0,0.0,0.0,0.0,0.0,0.0,0.0,0.0,0.0,0.0,0.0,0.0,0.0,0.0,0.0,6,0,0.0,1.0,0.0,0.0,7.63,5.81,517.89,6,0.6466,182.5
EMP037,2026-02-03,0,0,0,0,0,341,34,34,34,0.0,0.0,0.0,0.0,0.0,0.0,0.0,0.0,0.0,0.0,0.0,0.0,0.0,0.0,0.0,0.0,6,0,0.0,1.0,0.0,0.0,7.63,5.81,517.89,6,0.6158,170.5
EMP037,2026-02-04,0,0,0,0,0,269,35,35,35,0.0,0.0,0.0,0.0,0.0,0.0,0.0,0.0,0.0,0.0,0.0,0.0,0.0,0.0,0.0,0.0,6,0,0.0,1.0,0.0,0.0,7.63,5.81,517.89,6,0.6245,134.5
EMP037,2026-02-05,0,0,0,0,0,242,36,36,36,0.0,0.0,0.0,0.0,0.0,0.0,0.0,0.0,0.0,0.0,0.0,0.0,0.0,0.0,0.0,0.0,6,0,0.0,1.0,0.0,0.0,7.63,5.81,517.89,6,0.6074,121.0
EMP037,2026-02-06,0,0,0,0,0,271,37,37,37,0.0,0.0,0.0,0.0,0.0,0.0,0.0,0.0,0.0,0.0,0.0,0.0,0.0,0.0,0.0,0.0,6,0,0.0,1.0,0.0,0.0,7.63,5.81,517.89,6,0.6015,135.5
EMP037,2026-02-07,0,0,0,0,0,117,38,38,38,0.0,0.0,0.0,0.0,0.0,0.0,0.0,0.0,0.0,0.0,0.0,0.0,0.0,0.0,0.0,0.0,6,0,0.0,1.0,0.0,0.0,7.63,5.81,517.89,6,0.6838,58.5
EMP037,2026-02-08,0,0,0,0,0,0,39,39,39,0.0,0.0,0.0,0.0,0.0,0.0,0.0,0.0,0.0,0.0,0.0,0.0,0.0,0.0,0.0,100.0,0,6,0.0,1.0,0.0,0.0,7.63,5.81,517.89,0,0.0,0.0
EMP037,2026-02-09,0,0,0,0,0,286,40,40,40,0.0,0.0,0.0,0.0,0.0,0.0,0.0,0.0,0.0,0.0,0.0,0.0,0.0,0.0,0.0,0.0,6,0,0.0,1.0,0.0,0.0,7.63,5.81,517.89,6,0.6538,143.0
EMP037,2026-02-10,0,0,0,0,0,305,41,41,41,0.0,0.0,0.0,0.0,0.0,0.0,0.0,0.0,0.0,0.0,0.0,0.0,0.0,0.0,0.0,0.0,6,0,0.0,1.0,0.0,0.0,7.63,5.81,517.89,6,0.6164,152.5
EMP037,2026-02-11,0,0,0,0,0,290,42,42,42,0.0,0.0,0.0,0.0,0.0,0.0,0.0,0.0,0.0,0.0,0.0,0.0,0.0,0.0,0.0,0.0,6,0,0.0,1.0,0.0,0.0,7.63,5.81,517.89,6,0.6172,145.0
EMP037,2026-02-12,0,0,0,0,0,260,43,43,43,0.0,0.0,0.0,0.0,0.0,0.0,0.0,0.0,0.0,0.0,0.0,0.0,0.0,0.0,0.0,0.0,6,0,0.0,1.0,0.0,0.0,7.63,5.81,517.89,6,0.6731,130.0
EMP037,2026-02-13,0,0,0,0,0,268,44,44,44,0.0,0.0,0.0,0.0,0.0,0.0,0.0,0.0,0.0,0.0,0.0,0.0,0.0,0.0,0.0,0.0,6,0,0.0,1.0,0.0,0.0,7.63,5.81,517.89,6,0.4851,134.0
EMP037,2026-02-14,0,0,0,0,0,99,45,45,45,0.0,0.0,0.0,0.0,0.0,0.0,0.0,0.0,0.0,0.0,0.0,0.0,0.0,0.0,0.0,0.0,6,0,0.0,1.0,0.0,0.0,7.63,5.81,517.89,6,0.596,49.5
EMP037,2026-02-15,0,0,0,0,0,0,46,46,46,0.0,0.0,0.0,0.0,0.0,0.0,0.0,0.0,0.0,0.0,0.0,0.0,0.0,0.0,0.0,100.0,0,6,0.0,1.0,0.0,0.0,7.63,5.81,517.89,0,0.0,0.0
EMP037,2026-02-16,0,0,0,0,0,243,47,47,47,0.0,0.0,0.0,0.0,0.0,0.0,0.0,0.0,0.0,0.0,0.0,0.0,0.0,0.0,0.0,0.0,6,0,0.0,1.0,0.0,0.0,7.63,5.81,517.89,6,0.6173,121.5
EMP037,2026-02-17,0,0,0,0,0,330,48,48,48,0.0,0.0,0.0,0.0,0.0,0.0,0.0,0.0,0.0,0.0,0.0,0.0,0.0,0.0,0.0,0.0,6,0,0.0,1.0,0.0,0.0,7.63,5.81,517.89,6,0.5909,165.0
EMP037,2026-02-18,0,0,0,0,0,294,49,49,49,0.0,0.0,0.0,0.0,0.0,0.0,0.0,0.0,0.0,0.0,0.0,0.0,0.0,0.0,0.0,0.0,6,0,0.0,1.0,0.0,0.0,7.63,5.81,517.89,6,0.6531,147.0
EMP037,2026-02-19,0,0,0,0,0,245,50,50,50,0.0,0.0,0.0,0.0,0.0,0.0,0.0,0.0,0.0,0.0,0.0,0.0,0.0,0.0,0.0,0.0,6,0,0.0,1.0,0.0,0.0,7.63,5.81,517.89,6,0.6,122.5
EMP037,2026-02-20,0,0,0,0,0,295,51,51,51,0.0,0.0,0.0,0.0,0.0,0.0,0.0,0.0,0.0,0.0,0.0,0.0,0.0,0.0,0.0,0.0,6,0,0.0,1.0,0.0,0.0,7.63,5.81,517.89,6,0.6881,147.5
EMP037,2026-02-21,0,0,0,0,0,120,52,52,52,0.0,0.0,0.0,0.0,0.0,0.0,0.0,0.0,0.0,0.0,0.0,0.0,0.0,0.0,0.0,0.0,6,0,0.0,1.0,0.0,0.0,7.63,5.81,517.89,6,0.6167,60.0
EMP037,2026-02-22,0,0,0,0,0,0,53,53,53,0.0,0.0,0.0,0.0,0.0,0.0,0.0,0.0,0.0,0.0,0.0,0.0,0.0,0.0,0.0,100.0,0,6,0.0,1.0,0.0,0.0,7.63,5.81,517.89,0,0.0,0.0
EMP037,2026-02-23,0,0,0,0,0,303,54,54,54,0.0,0.0,0.0,0.0,0.0,0.0,0.0,0.0,0.0,0.0,0.0,0.0,0.0,0.0,0.0,0.0,6,0,0.0,1.0,0.0,0.0,7.63,5.81,517.89,6,0.6007,151.5
EMP037,2026-02-24,0,0,0,0,0,350,55,55,55,0.0,0.0,0.0,0.0,0.0,0.0,0.0,0.0,0.0,0.0,0.0,0.0,0.0,0.0,0.0,0.0,6,0,0.0,1.0,0.0,0.0,7.63,5.81,517.89,6,0.5886,175.0
EMP037,2026-02-25,0,0,0,0,0,260,56,56,56,0.0,0.0,0.0,0.0,0.0,0.0,0.0,0.0,0.0,0.0,0.0,0.0,0.0,0.0,0.0,0.0,6,0,0.0,1.0,0.0,0.0,7.63,5.81,517.89,6,0.6231,130.0
EMP037,2026-02-26,0,0,0,0,0,312,57,57,57,0.0,0.0,0.0,0.0,0.0,0.0,0.0,0.0,0.0,0.0,0.0,0.0,0.0,0.0,0.0,0.0,6,0,0.0,1.0,0.0,0.0,7.63,5.81,517.89,6,0.5513,156.0
EMP037,2026-02-27,0,0,0,0,0,372,58,58,58,0.0,0.0,0.0,0.0,0.0,0.0,0.0,0.0,0.0,0.0,0.0,0.0,0.0,0.0,0.0,0.0,6,0,0.0,1.0,0.0,0.0,7.63,5.81,517.89,6,0.6048,186.0
EMP037,2026-02-28,0,0,0,0,0,123,59,59,59,0.0,0.0,0.0,0.0,0.0,0.0,0.0,0.0,0.0,0.0,0.0,0.0,0.0,0.0,0.0,0.0,6,0,0.0,1.0,0.0,0.0,7.63,5.81,517.89,6,0.6341,61.5
EMP037,2026-03-01,0,0,0,0,0,0,60,60,60,0.0,0.0,0.0,0.0,0.0,0.0,0.0,0.0,0.0,0.0,0.0,0.0,0.0,0.0,0.0,100.0,0,6,0.0,1.0,0.0,0.0,7.63,5.81,517.89,0,0.0,0.0
EMP037,2026-03-02,0,0,0,0,0,0,61,61,61,0.0,0.0,0.0,0.0,0.0,0.0,0.0,0.0,0.0,0.0,0.0,0.0,0.0,0.0,0.0,100.0,0,6,0.0,1.0,0.0,0.0,7.63,5.81,517.89,0,0.0,0.0
EMP037,2026-03-03,0,0,0,0,0,420,62,62,62,0.0,0.0,0.0,0.0,0.0,0.0,0.0,0.0,0.0,0.0,0.0,0.0,0.0,0.0,0.0,0.0,6,0,0.0,1.0,0.0,0.0,7.63,5.81,517.89,6,0.619,210.0
EMP037,2026-03-04,0,0,0,0,0,294,63,63,63,0.0,0.0,0.0,0.0,0.0,0.0,0.0,0.0,0.0,0.0,0.0,0.0,0.0,0.0,0.0,0.0,6,0,0.0,1.0,0.0,0.0,7.63,5.81,517.89,6,0.6327,147.0
EMP037,2026-03-05,0,0,0,0,0,283,64,64,64,0.0,0.0,0.0,0.0,0.0,0.0,0.0,0.0,0.0,0.0,0.0,0.0,0.0,0.0,0.0,0.0,6,0,0.0,1.0,0.0,0.0,7.63,5.81,517.89,6,0.6537,141.5
EMP037,2026-03-06,0,0,0,0,0,263,65,65,65,0.0,0.0,0.0,0.0,0.0,0.0,0.0,0.0,0.0,0.0,0.0,0.0,0.0,0.0,0.0,0.0,6,0,0.0,1.0,0.0,0.0,7.63,5.81,517.89,6,0.5513,131.5
EMP037,2026-03-07,0,0,0,0,0,100,66,66,66,0.0,0.0,0.0,0.0,0.0,0.0,0.0,0.0,0.0,0.0,0.0,0.0,0.0,0.0,0.0,0.0,6,0,0.0,1.0,0.0,0.0,7.63,5.81,517.89,6,0.62,50.0
EMP037,2026-03-08,0,0,0,0,0,0,67,67,67,0.0,0.0,0.0,0.0,0.0,0.0,0.0,0.0,0.0,0.0,0.0,0.0,0.0,0.0,0.0,100.0,0,6,0.0,1.0,0.0,0.0,7.63,5.81,517.89,0,0.0,0.0
EMP037,2026-03-09,0,0,0,0,0,238,68,68,68,0.0,0.0,0.0,0.0,0.0,0.0,0.0,0.0,0.0,0.0,0.0,0.0,0.0,0.0,0.0,0.0,6,0,0.0,1.0,0.0,0.0,7.63,5.81,517.89,6,0.5252,119.0
EMP037,2026-03-10,0,0,0,0,0,296,69,69,69,0.0,0.0,0.0,0.0,0.0,0.0,0.0,0.0,0.0,0.0,0.0,0.0,0.0,0.0,0.0,0.0,6,0,0.0,1.0,0.0,0.0,7.63,5.81,517.89,6,0.6081,148.0
EMP037,2026-03-11,0,0,0,0,0,18,70,70,70,0.0,0.0,0.0,0.0,0.0,0.0,0.0,0.0,0.0,0.0,0.0,0.0,0.0,0.0,0.0,0.0,6,0,0.0,1.0,0.0,0.0,7.63,5.81,517.89,6,0.7222,9.0
EMP037,2026-03-12,0,0,0,0,0,208,71,71,71,0.0,0.0,0.0,0.0,0.0,0.0,0.0,0.0,0.0,0.0,0.0,0.0,0.0,0.0,0.0,0.0,6,0,0.0,1.0,0.0,0.0,7.63,5.81,517.89,6,0.5625,104.0
EMP037,2026-03-13,0,0,0,0,0,298,72,72,72,0.0,0.0,0.0,0.0,0.0,0.0,0.0,0.0,0.0,0.0,0.0,0.0,0.0,0.0,0.0,0.0,6,0,0.0,1.0,0.0,0.0,7.63,5.81,517.89,6,0.6275,149.0
EMP037,2026-03-14,0,0,0,0,0,87,73,73,73,0.0,0.0,0.0,0.0,0.0,0.0,0.0,0.0,0.0,0.0,0.0,0.0,0.0,0.0,0.0,0.0,6,0,0.0,1.0,0.0,0.0,7.63,5.81,517.89,6,0.6897,43.5
EMP037,2026-03-15,0,0,0,0,0,0,74,74,74,0.0,0.0,0.0,0.0,0.0,0.0,0.0,0.0,0.0,0.0,0.0,0.0,0.0,0.0,0.0,100.0,0,6,0.0,1.0,0.0,0.0,7.63,5.81,517.89,0,0.0,0.0
EMP037,2026-03-16,0,0,0,0,0,254,75,75,75,0.0,0.0,0.0,0.0,0.0,0.0,0.0,0.0,0.0,0.0,0.0,0.0,0.0,0.0,0.0,0.0,6,0,0.0,1.0,0.0,0.0,7.63,5.81,517.89,6,0.5984,127.0
EMP037,2026-03-17,0,0,0,0,0,333,76,76,76,0.0,0.0,0.0,0.0,0.0,0.0,0.0,0.0,0.0,0.0,0.0,0.0,0.0,0.0,0.0,0.0,6,0,0.0,1.0,0.0,0.0,7.63,5.81,517.89,6,0.6456,166.5
EMP037,2026-03-18,0,0,0,0,0,249,77,77,77,0.0,0.0,0.0,0.0,0.0,0.0,0.0,0.0,0.0,0.0,0.0,0.0,0.0,0.0,0.0,0.0,6,0,0.0,1.0,0.0,0.0,7.63,5.81,517.89,6,0.5622,124.5
EMP037,2026-03-19,0,0,0,0,0,251,78,78,78,0.0,0.0,0.0,0.0,0.0,0.0,0.0,0.0,0.0,0.0,0.0,0.0,0.0,0.0,0.0,0.0,6,0,0.0,1.0,0.0,0.0,7.63,5.81,517.89,6,0.6534,125.5
EMP037,2026-03-20,0,0,0,0,0,262,79,79,79,0.0,0.0,0.0,0.0,0.0,0.0,0.0,0.0,0.0,0.0,0.0,0.0,0.0,0.0,0.0,0.0,6,0,0.0,1.0,0.0,0.0,7.63,5.81,517.89,6,0.6298,131.0
EMP037,2026-03-21,0,0,0,0,0,101,80,80,80,0.0,0.0,0.0,0.0,0.0,0.0,0.0,0.0,0.0,0.0,0.0,0.0,0.0,0.0,0.0,0.0,6,0,0.0,1.0,0.0,0.0,7.63,5.81,517.89,6,0.6139,50.5
EMP037,2026-03-22,0,0,0,0,0,0,81,81,81,0.0,0.0,0.0,0.0,0.0,0.0,0.0,0.0,0.0,0.0,0.0,0.0,0.0,0.0,0.0,100.0,0,6,0.0,1.0,0.0,0.0,7.63,5.81,517.89,0,0.0,0.0
EMP037,2026-03-23,0,0,0,0,0,264,82,82,82,0.0,0.0,0.0,0.0,0.0,0.0,0.0,0.0,0.0,0.0,0.0,0.0,0.0,0.0,0.0,0.0,6,0,0.0,1.0,0.0,0.0,7.63,5.81,517.89,6,0.6174,132.0
EMP037,2026-03-24,0,0,0,0,0,271,83,83,83,0.0,0.0,0.0,0.0,0.0,0.0,0.0,0.0,0.0,0.0,0.0,0.0,0.0,0.0,0.0,0.0,6,0,0.0,1.0,0.0,0.0,7.63,5.81,517.89,6,0.5793,135.5
EMP037,2026-03-25,0,0,0,0,0,278,84,84,84,0.0,0.0,0.0,0.0,0.0,0.0,0.0,0.0,0.0,0.0,0.0,0.0,0.0,0.0,0.0,0.0,6,0,0.0,1.0,0.0,0.0,7.63,5.81,517.89,6,0.6727,139.0
EMP037,2026-03-26,0,0,0,0,0,387,85,85,85,0.0,0.0,0.0,0.0,0.0,0.0,0.0,0.0,0.0,0.0,0.0,0.0,0.0,0.0,0.0,0.0,6,0,0.0,1.0,0.0,0.0,7.63,5.81,517.89,6,0.5426,193.5
EMP037,2026-03-27,0,0,0,0,0,363,86,86,86,0.0,0.0,0.0,0.0,0.0,0.0,0.0,0.0,0.0,0.0,0.0,0.0,0.0,0.0,0.0,0.0,6,0,0.0,1.0,0.0,0.0,7.63,5.81,517.89,6,0.6309,181.5
EMP037,2026-03-28,0,0,0,0,0,121,87,87,87,0.0,0.0,0.0,0.0,0.0,0.0,0.0,0.0,0.0,0.0,0.0,0.0,0.0,0.0,0.0,0.0,6,0,0.0,1.0,0.0,0.0,7.63,5.81,517.89,6,0.686,60.5
EMP037,2026-03-29,0,0,0,0,0,0,88,88,88,0.0,0.0,0.0,0.0,0.0,0.0,0.0,0.0,0.0,0.0,0.0,0.0,0.0,0.0,0.0,100.0,0,6,0.0,1.0,0.0,0.0,7.63,5.81,517.89,0,0.0,0.0
EMP037,2026-03-30,0,0,0,0,0,279,89,89,89,0.0,0.0,0.0,0.0,0.0,0.0,0.0,0.0,0.0,0.0,0.0,0.0,0.0,0.0,0.0,0.0,6,0,0.0,1.0,0.0,0.0,7.63,5.81,517.89,6,0.5771,139.5
EMP037,2026-03-31,0,0,0,0,0,378,90,90,90,0.0,0.0,0.0,0.0,0.0,0.0,0.0,0.0,0.0,0.0,0.0,0.0,0.0,0.0,0.0,0.0,6,0,0.0,1.0,0.0,0.0,7.63,5.81,517.89,6,0.5952,189.0
EMP038,2026-01-01,0,0,0,0,0,0,1,1,1,0.0,0.0,0.0,0.0,0.0,0.0,0.0,0.0,0.0,0.0,0.0,0.0,0.0,0.0,0.0,100.0,0,6,0.0,1.0,0.0,50.0,7.08,11.47,572.9,0,0.0,0.0
EMP038,2026-01-02,0,0,0,0,0,323,2,2,2,0.0,0.0,0.0,0.0,0.0,0.0,0.0,0.0,0.0,0.0,0.0,0.0,0.0,0.0,0.0,0.0,6,0,0.0,1.0,0.0,50.0,7.08,11.47,572.9,6,0.6006,161.5
EMP038,2026-01-03,0,0,0,0,0,132,3,3,3,0.0,0.0,0.0,0.0,0.0,0.0,0.0,0.0,0.0,0.0,0.0,0.0,0.0,0.0,0.0,0.0,6,0,0.0,1.0,0.0,50.0,7.08,11.47,572.9,6,0.6061,66.0
EMP038,2026-01-04,0,0,0,0,0,0,4,4,4,0.0,0.0,0.0,0.0,0.0,0.0,0.0,0.0,0.0,0.0,0.0,0.0,0.0,0.0,0.0,100.0,0,6,0.0,1.0,0.0,50.0,7.08,11.47,572.9,0,0.0,0.0
EMP038,2026-01-05,0,0,0,0,0,403,5,5,5,0.0,0.0,0.0,0.0,0.0,0.0,0.0,0.0,0.0,0.0,0.0,0.0,0.0,0.0,0.0,0.0,6,0,0.0,1.0,0.0,50.0,7.08,11.47,572.9,6,0.6228,201.5
EMP038,2026-01-06,0,0,0,0,0,319,6,6,6,0.0,0.0,0.0,0.0,0.0,0.0,0.0,0.0,0.0,0.0,0.0,0.0,0.0,0.0,0.0,0.0,6,0,0.0,1.0,0.0,50.0,7.08,11.47,572.9,6,0.6803,159.5
EMP038,2026-01-07,0,0,0,0,0,286,7,7,7,0.0,0.0,0.0,0.0,0.0,0.0,0.0,0.0,0.0,0.0,0.0,0.0,0.0,0.0,0.0,0.0,6,0,0.0,1.0,0.0,50.0,7.08,11.47,572.9,6,0.5175,143.0
EMP038,2026-01-08,0,0,0,0,0,327,8,8,8,0.0,0.0,0.0,0.0,0.0,0.0,0.0,0.0,0.0,0.0,0.0,0.0,0.0,0.0,0.0,0.0,6,0,0.0,1.0,0.0,50.0,7.08,11.47,572.9,6,0.5872,163.5
EMP038,2026-01-09,0,0,0,0,0,283,9,9,9,0.0,0.0,0.0,0.0,0.0,0.0,0.0,0.0,0.0,0.0,0.0,0.0,0.0,0.0,0.0,0.0,6,0,0.0,1.0,0.0,50.0,7.08,11.47,572.9,6,0.629,141.5
EMP038,2026-01-10,0,0,0,0,0,114,10,10,10,0.0,0.0,0.0,0.0,0.0,0.0,0.0,0.0,0.0,0.0,0.0,0.0,0.0,0.0,0.0,0.0,6,0,0.0,1.0,0.0,50.0,7.08,11.47,572.9,6,0.6053,57.0
EMP038,2026-01-11,0,0,0,0,0,0,11,11,11,0.0,0.0,0.0,0.0,0.0,0.0,0.0,0.0,0.0,0.0,0.0,0.0,0.0,0.0,0.0,100.0,0,6,0.0,1.0,0.0,50.0,7.08,11.47,572.9,0,0.0,0.0
EMP038,2026-01-12,0,0,0,0,0,363,12,12,12,0.0,0.0,0.0,0.0,0.0,0.0,0.0,0.0,0.0,0.0,0.0,0.0,0.0,0.0,0.0,0.0,6,0,0.0,1.0,0.0,50.0,7.08,11.47,572.9,6,0.6281,181.5
EMP038,2026-01-13,0,0,0,0,0,217,13,13,13,0.0,0.0,0.0,0.0,0.0,0.0,0.0,0.0,0.0,0.0,0.0,0.0,0.0,0.0,0.0,0.0,6,0,0.0,1.0,0.0,50.0,7.08,11.47,572.9,6,0.5069,108.5
EMP038,2026-01-14,0,0,0,0,0,264,14,14,14,0.0,0.0,0.0,0.0,0.0,0.0,0.0,0.0,0.0,0.0,0.0,0.0,0.0,0.0,0.0,0.0,6,0,0.0,1.0,0.0,50.0,7.08,11.47,572.9,6,0.5985,132.0
EMP038,2026-01-15,0,0,0,0,0,321,15,15,15,0.0,0.0,0.0,0.0,0.0,0.0,0.0,0.0,0.0,0.0,0.0,0.0,0.0,0.0,0.0,0.0,6,0,0.0,1.0,0.0,50.0,7.08,11.47,572.9,6,0.5919,160.5
EMP038,2026-01-16,0,0,0,0,0,322,16,16,16,0.0,0.0,0.0,0.0,0.0,0.0,0.0,0.0,0.0,0.0,0.0,0.0,0.0,0.0,0.0,0.0,6,0,0.0,1.0,0.0,50.0,7.08,11.47,572.9,6,0.5963,161.0
EMP038,2026-01-17,0,0,0,0,0,97,17,17,17,0.0,0.0,0.0,0.0,0.0,0.0,0.0,0.0,0.0,0.0,0.0,0.0,0.0,0.0,0.0,0.0,6,0,0.0,1.0,0.0,50.0,7.08,11.47,572.9,6,0.5773,48.5
EMP038,2026-01-18,0,0,0,0,0,0,18,18,18,0.0,0.0,0.0,0.0,0.0,0.0,0.0,0.0,0.0,0.0,0.0,0.0,0.0,0.0,0.0,100.0,0,6,0.0,1.0,0.0,50.0,7.08,11.47,572.9,0,0.0,0.0
EMP038,2026-01-19,0,0,0,0,0,293,19,19,19,0.0,0.0,0.0,0.0,0.0,0.0,0.0,0.0,0.0,0.0,0.0,0.0,0.0,0.0,0.0,0.0,6,0,0.0,1.0,0.0,50.0,7.08,11.47,572.9,6,0.5597,146.5
EMP038,2026-01-20,0,0,0,0,0,362,20,20,20,0.0,0.0,0.0,0.0,0.0,0.0,0.0,0.0,0.0,0.0,0.0,0.0,0.0,0.0,0.0,0.0,6,0,0.0,1.0,0.0,50.0,7.08,11.47,572.9,6,0.5635,181.0
EMP038,2026-01-21,0,0,0,0,0,303,21,21,21,0.0,0.0,0.0,0.0,0.0,0.0,0.0,0.0,0.0,0.0,0.0,0.0,0.0,0.0,0.0,0.0,6,0,0.0,1.0,0.0,50.0,7.08,11.47,572.9,6,0.6568,151.5
EMP038,2026-01-22,0,0,0,0,0,350,22,22,22,0.0,0.0,0.0,0.0,0.0,0.0,0.0,0.0,0.0,0.0,0.0,0.0,0.0,0.0,0.0,0.0,6,0,0.0,1.0,0.0,50.0,7.08,11.47,572.9,6,0.6429,175.0
EMP038,2026-01-23,0,0,0,0,0,307,23,23,23,0.0,0.0,0.0,0.0,0.0,0.0,0.0,0.0,0.0,0.0,0.0,0.0,0.0,0.0,0.0,0.0,6,0,0.0,1.0,0.0,50.0,7.08,11.47,572.9,6,0.6124,153.5
EMP038,2026-01-24,0,0,0,0,0,145,24,24,24,0.0,0.0,0.0,0.0,0.0,0.0,0.0,0.0,0.0,0.0,0.0,0.0,0.0,0.0,0.0,0.0,6,0,0.0,1.0,0.0,50.0,7.08,11.47,572.9,6,0.5379,72.5
EMP038,2026-01-25,0,0,0,0,0,0,25,25,25,0.0,0.0,0.0,0.0,0.0,0.0,0.0,0.0,0.0,0.0,0.0,0.0,0.0,0.0,0.0,100.0,0,6,0.0,1.0,0.0,50.0,7.08,11.47,572.9,0,0.0,0.0
EMP038,2026-01-26,0,0,0,0,0,0,26,26,26,0.0,0.0,0.0,0.0,0.0,0.0,0.0,0.0,0.0,0.0,0.0,0.0,0.0,0.0,0.0,100.0,0,6,0.0,1.0,0.0,50.0,7.08,11.47,572.9,0,0.0,0.0
EMP038,2026-01-27,0,0,0,0,0,349,27,27,27,0.0,0.0,0.0,0.0,0.0,0.0,0.0,0.0,0.0,0.0,0.0,0.0,0.0,0.0,0.0,0.0,6,0,0.0,1.0,0.0,50.0,7.08,11.47,572.9,6,0.616,174.5
EMP038,2026-01-28,0,0,0,0,0,177,28,28,28,0.0,0.0,0.0,0.0,0.0,0.0,0.0,0.0,0.0,0.0,0.0,0.0,0.0,0.0,0.0,0.0,6,0,0.0,1.0,0.0,50.0,7.08,11.47,572.9,6,0.565,88.5
EMP038,2026-01-29,0,0,0,0,0,433,29,29,29,0.0,0.0,0.0,0.0,0.0,0.0,0.0,0.0,0.0,0.0,0.0,0.0,0.0,0.0,0.0,0.0,6,0,0.0,1.0,0.0,50.0,7.08,11.47,572.9,6,0.5958,216.5
EMP038,2026-01-30,0,0,0,0,0,170,30,30,30,0.0,0.0,0.0,0.0,0.0,0.0,0.0,0.0,0.0,0.0,0.0,0.0,0.0,0.0,0.0,0.0,6,0,0.0,1.0,0.0,50.0,7.08,11.47,572.9,6,0.5824,85.0
EMP038,2026-01-31,0,0,0,0,0,131,31,31,31,0.0,0.0,0.0,0.0,0.0,0.0,0.0,0.0,0.0,0.0,0.0,0.0,0.0,0.0,0.0,0.0,6,0,0.0,1.0,0.0,50.0,7.08,11.47,572.9,6,0.6641,65.5
EMP038,2026-02-01,0,0,0,0,0,0,32,32,32,0.0,0.0,0.0,0.0,0.0,0.0,0.0,0.0,0.0,0.0,0.0,0.0,0.0,0.0,0.0,100.0,0,6,0.0,1.0,0.0,50.0,7.08,11.47,572.9,0,0.0,0.0
EMP038,2026-02-02,0,0,0,0,0,471,33,33,33,0.0,0.0,0.0,0.0,0.0,0.0,0.0,0.0,0.0,0.0,0.0,0.0,0.0,0.0,0.0,0.0,6,0,0.0,1.0,0.0,50.0,7.08,11.47,572.9,6,0.5711,235.5
EMP038,2026-02-03,0,0,0,0,0,362,34,34,34,0.0,0.0,0.0,0.0,0.0,0.0,0.0,0.0,0.0,0.0,0.0,0.0,0.0,0.0,0.0,0.0,6,0,0.0,1.0,0.0,50.0,7.08,11.47,572.9,6,0.605,181.0
EMP038,2026-02-04,0,0,0,0,0,333,35,35,35,0.0,0.0,0.0,0.0,0.0,0.0,0.0,0.0,0.0,0.0,0.0,0.0,0.0,0.0,0.0,0.0,6,0,0.0,1.0,0.0,50.0,7.08,11.47,572.9,6,0.5676,166.5
EMP038,2026-02-05,0,0,0,0,0,336,36,36,36,0.0,0.0,0.0,0.0,0.0,0.0,0.0,0.0,0.0,0.0,0.0,0.0,0.0,0.0,0.0,0.0,6,0,0.0,1.0,0.0,50.0,7.08,11.47,572.9,6,0.506,168.0
EMP038,2026-02-06,0,0,0,0,0,296,37,37,37,0.0,0.0,0.0,0.0,0.0,0.0,0.0,0.0,0.0,0.0,0.0,0.0,0.0,0.0,0.0,0.0,6,0,0.0,1.0,0.0,50.0,7.08,11.47,572.9,6,0.6655,148.0
EMP038,2026-02-07,0,0,0,0,0,102,38,38,38,0.0,0.0,0.0,0.0,0.0,0.0,0.0,0.0,0.0,0.0,0.0,0.0,0.0,0.0,0.0,0.0,6,0,0.0,1.0,0.0,50.0,7.08,11.47,572.9,6,0.598,51.0
EMP038,2026-02-08,0,0,0,0,0,0,39,39,39,0.0,0.0,0.0,0.0,0.0,0.0,0.0,0.0,0.0,0.0,0.0,0.0,0.0,0.0,0.0,100.0,0,6,0.0,1.0,0.0,50.0,7.08,11.47,572.9,0,0.0,0.0
EMP038,2026-02-09,0,0,0,0,0,262,40,40,40,0.0,0.0,0.0,0.0,0.0,0.0,0.0,0.0,0.0,0.0,0.0,0.0,0.0,0.0,0.0,0.0,6,0,0.0,1.0,0.0,50.0,7.08,11.47,572.9,6,0.5267,131.0
EMP038,2026-02-10,0,0,0,0,0,263,41,41,41,0.0,0.0,0.0,0.0,0.0,0.0,0.0,0.0,0.0,0.0,0.0,0.0,0.0,0.0,0.0,0.0,6,0,0.0,1.0,0.0,50.0,7.08,11.47,572.9,6,0.6122,131.5
EMP038,2026-02-11,0,0,0,0,0,0,42,42,42,0.0,0.0,0.0,0.0,0.0,0.0,0.0,0.0,0.0,0.0,0.0,0.0,0.0,0.0,0.0,100.0,0,6,0.0,1.0,0.0,50.0,7.08,11.47,572.9,0,0.0,0.0
EMP038,2026-02-12,0,0,0,0,0,358,43,43,43,0.0,0.0,0.0,0.0,0.0,0.0,0.0,0.0,0.0,0.0,0.0,0.0,0.0,0.0,0.0,0.0,6,0,0.0,1.0,0.0,50.0,7.08,11.47,572.9,6,0.5475,179.0
EMP038,2026-02-13,0,0,0,0,0,351,44,44,44,0.0,0.0,0.0,0.0,0.0,0.0,0.0,0.0,0.0,0.0,0.0,0.0,0.0,0.0,0.0,0.0,6,0,0.0,1.0,0.0,50.0,7.08,11.47,572.9,6,0.6439,175.5
EMP038,2026-02-14,0,0,0,0,0,58,45,45,45,0.0,0.0,0.0,0.0,0.0,0.0,0.0,0.0,0.0,0.0,0.0,0.0,0.0,0.0,0.0,0.0,6,0,0.0,1.0,0.0,50.0,7.08,11.47,572.9,6,0.6379,29.0
EMP038,2026-02-15,0,0,0,0,0,0,46,46,46,0.0,0.0,0.0,0.0,0.0,0.0,0.0,0.0,0.0,0.0,0.0,0.0,0.0,0.0,0.0,100.0,0,6,0.0,1.0,0.0,50.0,7.08,11.47,572.9,0,0.0,0.0
EMP038,2026-02-16,0,0,0,0,0,330,47,47,47,0.0,0.0,0.0,0.0,0.0,0.0,0.0,0.0,0.0,0.0,0.0,0.0,0.0,0.0,0.0,0.0,6,0,0.0,1.0,0.0,50.0,7.08,11.47,572.9,6,0.6182,165.0
EMP038,2026-02-17,0,0,0,0,0,372,48,48,48,0.0,0.0,0.0,0.0,0.0,0.0,0.0,0.0,0.0,0.0,0.0,0.0,0.0,0.0,0.0,0.0,6,0,0.0,1.0,0.0,50.0,7.08,11.47,572.9,6,0.6478,186.0
EMP038,2026-02-18,0,0,0,0,0,291,49,49,49,0.0,0.0,0.0,0.0,0.0,0.0,0.0,0.0,0.0,0.0,0.0,0.0,0.0,0.0,0.0,0.0,6,0,0.0,1.0,0.0,50.0,7.08,11.47,572.9,6,0.622,145.5
EMP038,2026-02-19,0,0,0,0,0,324,50,50,50,0.0,0.0,0.0,0.0,0.0,0.0,0.0,0.0,0.0,0.0,0.0,0.0,0.0,0.0,0.0,0.0,6,0,0.0,1.0,0.0,50.0,7.08,11.47,572.9,6,0.6543,162.0
EMP038,2026-02-20,0,0,0,0,0,356,51,51,51,0.0,0.0,0.0,0.0,0.0,0.0,0.0,0.0,0.0,0.0,0.0,0.0,0.0,0.0,0.0,0.0,6,0,0.0,1.0,0.0,50.0,7.08,11.47,572.9,6,0.5927,178.0
EMP038,2026-02-21,0,0,0,0,0,136,52,52,52,0.0,0.0,0.0,0.0,0.0,0.0,0.0,0.0,0.0,0.0,0.0,0.0,0.0,0.0,0.0,0.0,6,0,0.0,1.0,0.0,50.0,7.08,11.47,572.9,6,0.5588,68.0
EMP038,2026-02-22,0,0,0,0,0,0,53,53,53,0.0,0.0,0.0,0.0,0.0,0.0,0.0,0.0,0.0,0.0,0.0,0.0,0.0,0.0,0.0,100.0,0,6,0.0,1.0,0.0,50.0,7.08,11.47,572.9,0,0.0,0.0
EMP038,2026-02-23,0,0,0,0,0,313,54,54,54,0.0,0.0,0.0,0.0,0.0,0.0,0.0,0.0,0.0,0.0,0.0,0.0,0.0,0.0,0.0,0.0,6,0,0.0,1.0,0.0,50.0,7.08,11.47,572.9,6,0.5272,156.5
EMP038,2026-02-24,0,0,0,0,0,323,55,55,55,0.0,0.0,0.0,0.0,0.0,0.0,0.0,0.0,0.0,0.0,0.0,0.0,0.0,0.0,0.0,0.0,6,0,0.0,1.0,0.0,50.0,7.08,11.47,572.9,6,0.5232,161.5
EMP038,2026-02-25,0,0,0,0,0,295,56,56,56,0.0,0.0,0.0,0.0,0.0,0.0,0.0,0.0,0.0,0.0,0.0,0.0,0.0,0.0,0.0,0.0,6,0,0.0,1.0,0.0,50.0,7.08,11.47,572.9,6,0.5797,147.5
EMP038,2026-02-26,0,0,0,0,0,226,57,57,57,0.0,0.0,0.0,0.0,0.0,0.0,0.0,0.0,0.0,0.0,0.0,0.0,0.0,0.0,0.0,0.0,6,0,0.0,1.0,0.0,50.0,7.08,11.47,572.9,6,0.6195,113.0
EMP038,2026-02-27,0,0,0,0,0,412,58,58,58,0.0,0.0,0.0,0.0,0.0,0.0,0.0,0.0,0.0,0.0,0.0,0.0,0.0,0.0,0.0,0.0,6,0,0.0,1.0,0.0,50.0,7.08,11.47,572.9,6,0.5728,206.0
EMP038,2026-02-28,0,0,0,0,0,147,59,59,59,0.0,0.0,0.0,0.0,0.0,0.0,0.0,0.0,0.0,0.0,0.0,0.0,0.0,0.0,0.0,0.0,6,0,0.0,1.0,0.0,50.0,7.08,11.47,572.9,6,0.7075,73.5
EMP038,2026-03-01,0,0,0,0,0,0,60,60,60,0.0,0.0,0.0,0.0,0.0,0.0,0.0,0.0,0.0,0.0,0.0,0.0,0.0,0.0,0.0,100.0,0,6,0.0,1.0,0.0,50.0,7.08,11.47,572.9,0,0.0,0.0
EMP038,2026-03-02,0,0,0,0,0,0,61,61,61,0.0,0.0,0.0,0.0,0.0,0.0,0.0,0.0,0.0,0.0,0.0,0.0,0.0,0.0,0.0,100.0,0,6,0.0,1.0,0.0,50.0,7.08,11.47,572.9,0,0.0,0.0
EMP038,2026-03-03,0,0,0,0,0,431,62,62,62,0.0,0.0,0.0,0.0,0.0,0.0,0.0,0.0,0.0,0.0,0.0,0.0,0.0,0.0,0.0,0.0,6,0,0.0,1.0,0.0,50.0,7.08,11.47,572.9,6,0.6148,215.5
EMP038,2026-03-04,0,0,0,0,0,360,63,63,63,0.0,0.0,0.0,0.0,0.0,0.0,0.0,0.0,0.0,0.0,0.0,0.0,0.0,0.0,0.0,0.0,6,0,0.0,1.0,0.0,50.0,7.08,11.47,572.9,6,0.6556,180.0
EMP038,2026-03-05,0,0,0,0,0,20,64,64,64,0.0,0.0,0.0,0.0,0.0,0.0,0.0,0.0,0.0,0.0,0.0,0.0,0.0,0.0,0.0,0.0,6,0,0.0,1.0,0.0,50.0,7.08,11.47,572.9,6,0.7,10.0
EMP038,2026-03-06,0,0,0,0,0,380,65,65,65,0.0,0.0,0.0,0.0,0.0,0.0,0.0,0.0,0.0,0.0,0.0,0.0,0.0,0.0,0.0,0.0,6,0,0.0,1.0,0.0,50.0,7.08,11.47,572.9,6,0.5447,190.0
EMP038,2026-03-07,0,0,0,0,0,116,66,66,66,0.0,0.0,0.0,0.0,0.0,0.0,0.0,0.0,0.0,0.0,0.0,0.0,0.0,0.0,0.0,0.0,6,0,0.0,1.0,0.0,50.0,7.08,11.47,572.9,6,0.5,58.0
EMP038,2026-03-08,0,0,0,0,0,0,67,67,67,0.0,0.0,0.0,0.0,0.0,0.0,0.0,0.0,0.0,0.0,0.0,0.0,0.0,0.0,0.0,100.0,0,6,0.0,1.0,0.0,50.0,7.08,11.47,572.9,0,0.0,0.0
EMP038,2026-03-09,0,0,0,0,0,329,68,68,68,0.0,0.0,0.0,0.0,0.0,0.0,0.0,0.0,0.0,0.0,0.0,0.0,0.0,0.0,0.0,0.0,6,0,0.0,1.0,0.0,50.0,7.08,11.47,572.9,6,0.5198,164.5
EMP038,2026-03-10,0,0,0,0,0,355,69,69,69,0.0,0.0,0.0,0.0,0.0,0.0,0.0,0.0,0.0,0.0,0.0,0.0,0.0,0.0,0.0,0.0,6,0,0.0,1.0,0.0,50.0,7.08,11.47,572.9,6,0.6761,177.5
EMP038,2026-03-11,0,0,0,0,0,264,70,70,70,0.0,0.0,0.0,0.0,0.0,0.0,0.0,0.0,0.0,0.0,0.0,0.0,0.0,0.0,0.0,0.0,6,0,0.0,1.0,0.0,50.0,7.08,11.47,572.9,6,0.5833,132.0
EMP038,2026-03-12,0,0,0,0,0,240,71,71,71,0.0,0.0,0.0,0.0,0.0,0.0,0.0,0.0,0.0,0.0,0.0,0.0,0.0,0.0,0.0,0.0,6,0,0.0,1.0,0.0,50.0,7.08,11.47,572.9,6,0.5458,120.0
EMP038,2026-03-13,0,0,0,0,0,291,72,72,72,0.0,0.0,0.0,0.0,0.0,0.0,0.0,0.0,0.0,0.0,0.0,0.0,0.0,0.0,0.0,0.0,6,0,0.0,1.0,0.0,50.0,7.08,11.47,572.9,6,0.6117,145.5
EMP038,2026-03-14,0,0,0,0,0,108,73,73,73,0.0,0.0,0.0,0.0,0.0,0.0,0.0,0.0,0.0,0.0,0.0,0.0,0.0,0.0,0.0,0.0,6,0,0.0,1.0,0.0,50.0,7.08,11.47,572.9,6,0.6204,54.0
EMP038,2026-03-15,0,0,0,0,0,0,74,74,74,0.0,0.0,0.0,0.0,0.0,0.0,0.0,0.0,0.0,0.0,0.0,0.0,0.0,0.0,0.0,100.0,0,6,0.0,1.0,0.0,50.0,7.08,11.47,572.9,0,0.0,0.0
EMP038,2026-03-16,0,0,0,0,0,324,75,75,75,0.0,0.0,0.0,0.0,0.0,0.0,0.0,0.0,0.0,0.0,0.0,0.0,0.0,0.0,0.0,0.0,6,0,0.0,1.0,0.0,50.0,7.08,11.47,572.9,6,0.5772,162.0
EMP038,2026-03-17,0,0,0,0,0,375,76,76,76,0.0,0.0,0.0,0.0,0.0,0.0,0.0,0.0,0.0,0.0,0.0,0.0,0.0,0.0,0.0,0.0,6,0,0.0,1.0,0.0,50.0,7.08,11.47,572.9,6,0.5813,187.5
EMP038,2026-03-18,0,0,0,0,0,266,77,77,77,0.0,0.0,0.0,0.0,0.0,0.0,0.0,0.0,0.0,0.0,0.0,0.0,0.0,0.0,0.0,0.0,6,0,0.0,1.0,0.0,50.0,7.08,11.47,572.9,6,0.5526,133.0
EMP038,2026-03-19,0,0,0,0,0,362,78,78,78,0.0,0.0,0.0,0.0,0.0,0.0,0.0,0.0,0.0,0.0,0.0,0.0,0.0,0.0,0.0,0.0,6,0,0.0,1.0,0.0,50.0,7.08,11.47,572.9,6,0.6188,181.0
EMP038,2026-03-20,0,0,0,0,0,0,79,79,79,0.0,0.0,0.0,0.0,0.0,0.0,0.0,0.0,0.0,0.0,0.0,0.0,0.0,0.0,0.0,100.0,0,6,0.0,1.0,0.0,50.0,7.08,11.47,572.9,0,0.0,0.0
EMP038,2026-03-21,0,0,0,0,0,129,80,80,80,0.0,0.0,0.0,0.0,0.0,0.0,0.0,0.0,0.0,0.0,0.0,0.0,0.0,0.0,0.0,0.0,6,0,0.0,1.0,0.0,50.0,7.08,11.47,572.9,6,0.5891,64.5
EMP038,2026-03-22,0,0,0,0,0,0,81,81,81,0.0,0.0,0.0,0.0,0.0,0.0,0.0,0.0,0.0,0.0,0.0,0.0,0.0,0.0,0.0,100.0,0,6,0.0,1.0,0.0,50.0,7.08,11.47,572.9,0,0.0,0.0
EMP038,2026-03-23,0,0,0,0,0,182,82,82,82,0.0,0.0,0.0,0.0,0.0,0.0,0.0,0.0,0.0,0.0,0.0,0.0,0.0,0.0,0.0,0.0,6,0,0.0,1.0,0.0,50.0,7.08,11.47,572.9,6,0.6319,91.0
EMP038,2026-03-24,0,0,0,0,0,312,83,83,83,0.0,0.0,0.0,0.0,0.0,0.0,0.0,0.0,0.0,0.0,0.0,0.0,0.0,0.0,0.0,0.0,6,0,0.0,1.0,0.0,50.0,7.08,11.47,572.9,6,0.5545,156.0
EMP038,2026-03-25,0,0,0,0,0,452,84,84,84,0.0,0.0,0.0,0.0,0.0,0.0,0.0,0.0,0.0,0.0,0.0,0.0,0.0,0.0,0.0,0.0,6,0,0.0,1.0,0.0,50.0,7.08,11.47,572.9,6,0.5996,226.0
EMP038,2026-03-26,0,0,0,0,0,520,85,85,85,0.0,0.0,0.0,0.0,0.0,0.0,0.0,0.0,0.0,0.0,0.0,0.0,0.0,0.0,0.0,0.0,6,0,0.0,1.0,0.0,50.0,7.08,11.47,572.9,6,0.6615,260.0
EMP038,2026-03-27,0,0,0,0,0,450,86,86,86,0.0,0.0,0.0,0.0,0.0,0.0,0.0,0.0,0.0,0.0,0.0,0.0,0.0,0.0,0.0,0.0,6,0,0.0,1.0,0.0,50.0,7.08,11.47,572.9,6,0.5911,225.0
EMP038,2026-03-28,0,0,0,0,0,142,87,87,87,0.0,0.0,0.0,0.0,0.0,0.0,0.0,0.0,0.0,0.0,0.0,0.0,0.0,0.0,0.0,0.0,6,0,0.0,1.0,0.0,50.0,7.08,11.47,572.9,6,0.5563,71.0
EMP038,2026-03-29,0,0,0,0,0,0,88,88,88,0.0,0.0,0.0,0.0,0.0,0.0,0.0,0.0,0.0,0.0,0.0,0.0,0.0,0.0,0.0,100.0,0,6,0.0,1.0,0.0,50.0,7.08,11.47,572.9,0,0.0,0.0
EMP038,2026-03-30,0,0,0,0,0,0,89,89,89,0.0,0.0,0.0,0.0,0.0,0.0,0.0,0.0,0.0,0.0,0.0,0.0,0.0,0.0,0.0,100.0,0,6,0.0,1.0,0.0,50.0,7.08,11.47,572.9,0,0.0,0.0
EMP038,2026-03-31,0,0,0,0,0,386,90,90,90,0.0,0.0,0.0,0.0,0.0,0.0,0.0,0.0,0.0,0.0,0.0,0.0,0.0,0.0,0.0,0.0,6,0,0.0,1.0,0.0,50.0,7.08,11.47,572.9,6,0.6373,193.0
EMP039,2026-01-01,0,0,0,0,0,0,1,1,1,0.0,0.0,0.0,0.0,0.0,0.0,0.0,0.0,0.0,0.0,0.0,0.0,0.0,0.0,0.0,100.0,0,6,0.0,1.0,0.0,50.0,7.97,10.88,481.76,0,0.0,0.0
EMP039,2026-01-02,0,0,0,0,0,150,2,2,2,0.0,0.0,0.0,0.0,0.0,0.0,0.0,0.0,0.0,0.0,0.0,0.0,0.0,0.0,0.0,0.0,6,0,0.0,1.0,0.0,50.0,7.97,10.88,481.76,6,0.5267,75.0
EMP039,2026-01-03,0,0,0,0,0,46,3,3,3,0.0,0.0,0.0,0.0,0.0,0.0,0.0,0.0,0.0,0.0,0.0,0.0,0.0,0.0,0.0,0.0,6,0,0.0,1.0,0.0,50.0,7.97,10.88,481.76,6,0.6304,23.0
EMP039,2026-01-04,0,0,0,0,0,0,4,4,4,0.0,0.0,0.0,0.0,0.0,0.0,0.0,0.0,0.0,0.0,0.0,0.0,0.0,0.0,0.0,100.0,0,6,0.0,1.0,0.0,50.0,7.97,10.88,481.76,0,0.0,0.0
EMP039,2026-01-05,0,0,0,0,0,115,5,5,5,0.0,0.0,0.0,0.0,0.0,0.0,0.0,0.0,0.0,0.0,0.0,0.0,0.0,0.0,0.0,0.0,6,0,0.0,1.0,0.0,50.0,7.97,10.88,481.76,6,0.5565,57.5
EMP039,2026-01-06,0,0,0,0,0,131,6,6,6,0.0,0.0,0.0,0.0,0.0,0.0,0.0,0.0,0.0,0.0,0.0,0.0,0.0,0.0,0.0,0.0,6,0,0.0,1.0,0.0,50.0,7.97,10.88,481.76,6,0.5191,65.5
EMP039,2026-01-07,0,0,0,0,0,137,7,7,7,0.0,0.0,0.0,0.0,0.0,0.0,0.0,0.0,0.0,0.0,0.0,0.0,0.0,0.0,0.0,0.0,6,0,0.0,1.0,0.0,50.0,7.97,10.88,481.76,6,0.5839,68.5
EMP039,2026-01-08,0,0,0,0,0,144,8,8,8,0.0,0.0,0.0,0.0,0.0,0.0,0.0,0.0,0.0,0.0,0.0,0.0,0.0,0.0,0.0,0.0,6,0,0.0,1.0,0.0,50.0,7.97,10.88,481.76,6,0.6181,72.0
EMP039,2026-01-09,0,0,0,0,0,0,9,9,9,0.0,0.0,0.0,0.0,0.0,0.0,0.0,0.0,0.0,0.0,0.0,0.0,0.0,0.0,0.0,100.0,0,6,0.0,1.0,0.0,50.0,7.97,10.88,481.76,0,0.0,0.0
EMP039,2026-01-10,0,0,0,0,0,38,10,10,10,0.0,0.0,0.0,0.0,0.0,0.0,0.0,0.0,0.0,0.0,0.0,0.0,0.0,0.0,0.0,0.0,6,0,0.0,1.0,0.0,50.0,7.97,10.88,481.76,6,0.5526,19.0
EMP039,2026-01-11,0,0,0,0,0,0,11,11,11,0.0,0.0,0.0,0.0,0.0,0.0,0.0,0.0,0.0,0.0,0.0,0.0,0.0,0.0,0.0,100.0,0,6,0.0,1.0,0.0,50.0,7.97,10.88,481.76,0,0.0,0.0
EMP039,2026-01-12,0,0,0,0,0,169,12,12,12,0.0,0.0,0.0,0.0,0.0,0.0,0.0,0.0,0.0,0.0,0.0,0.0,0.0,0.0,0.0,0.0,6,0,0.0,1.0,0.0,50.0,7.97,10.88,481.76,6,0.6213,84.5
EMP039,2026-01-13,0,0,0,0,0,160,13,13,13,0.0,0.0,0.0,0.0,0.0,0.0,0.0,0.0,0.0,0.0,0.0,0.0,0.0,0.0,0.0,0.0,6,0,0.0,1.0,0.0,50.0,7.97,10.88,481.76,6,0.6062,80.0
EMP039,2026-01-14,0,0,0,0,0,145,14,14,14,0.0,0.0,0.0,0.0,0.0,0.0,0.0,0.0,0.0,0.0,0.0,0.0,0.0,0.0,0.0,0.0,6,0,0.0,1.0,0.0,50.0,7.97,10.88,481.76,6,0.6897,72.5
EMP039,2026-01-15,0,0,0,0,0,126,15,15,15,0.0,0.0,0.0,0.0,0.0,0.0,0.0,0.0,0.0,0.0,0.0,0.0,0.0,0.0,0.0,0.0,6,0,0.0,1.0,0.0,50.0,7.97,10.88,481.76,6,0.619,63.0
EMP039,2026-01-16,0,0,0,0,0,149,16,16,16,0.0,0.0,0.0,0.0,0.0,0.0,0.0,0.0,0.0,0.0,0.0,0.0,0.0,0.0,0.0,0.0,6,0,0.0,1.0,0.0,50.0,7.97,10.88,481.76,6,0.6174,74.5
EMP039,2026-01-17,0,0,0,0,0,47,17,17,17,0.0,0.0,0.0,0.0,0.0,0.0,0.0,0.0,0.0,0.0,0.0,0.0,0.0,0.0,0.0,0.0,6,0,0.0,1.0,0.0,50.0,7.97,10.88,481.76,6,0.617,23.5
EMP039,2026-01-18,0,0,0,0,0,0,18,18,18,0.0,0.0,0.0,0.0,0.0,0.0,0.0,0.0,0.0,0.0,0.0,0.0,0.0,0.0,0.0,100.0,0,6,0.0,1.0,0.0,50.0,7.97,10.88,481.76,0,0.0,0.0
EMP039,2026-01-19,0,0,0,0,0,157,19,19,19,0.0,0.0,0.0,0.0,0.0,0.0,0.0,0.0,0.0,0.0,0.0,0.0,0.0,0.0,0.0,0.0,6,0,0.0,1.0,0.0,50.0,7.97,10.88,481.76,6,0.5414,78.5
EMP039,2026-01-20,0,0,0,0,0,198,20,20,20,0.0,0.0,0.0,0.0,0.0,0.0,0.0,0.0,0.0,0.0,0.0,0.0,0.0,0.0,0.0,0.0,6,0,0.0,1.0,0.0,50.0,7.97,10.88,481.76,6,0.6566,99.0
EMP039,2026-01-21,0,0,0,0,0,167,21,21,21,0.0,0.0,0.0,0.0,0.0,0.0,0.0,0.0,0.0,0.0,0.0,0.0,0.0,0.0,0.0,0.0,6,0,0.0,1.0,0.0,50.0,7.97,10.88,481.76,6,0.5689,83.5
EMP039,2026-01-22,0,0,0,0,0,186,22,22,22,0.0,0.0,0.0,0.0,0.0,0.0,0.0,0.0,0.0,0.0,0.0,0.0,0.0,0.0,0.0,0.0,6,0,0.0,1.0,0.0,50.0,7.97,10.88,481.76,6,0.6505,93.0
EMP039,2026-01-23,0,0,0,0,0,190,23,23,23,0.0,0.0,0.0,0.0,0.0,0.0,0.0,0.0,0.0,0.0,0.0,0.0,0.0,0.0,0.0,0.0,6,0,0.0,1.0,0.0,50.0,7.97,10.88,481.76,6,0.5895,95.0
EMP039,2026-01-24,0,0,0,0,0,61,24,24,24,0.0,0.0,0.0,0.0,0.0,0.0,0.0,0.0,0.0,0.0,0.0,0.0,0.0,0.0,0.0,0.0,6,0,0.0,1.0,0.0,50.0,7.97,10.88,481.76,6,0.6557,30.5
EMP039,2026-01-25,0,0,0,0,0,0,25,25,25,0.0,0.0,0.0,0.0,0.0,0.0,0.0,0.0,0.0,0.0,0.0,0.0,0.0,0.0,0.0,100.0,0,6,0.0,1.0,0.0,50.0,7.97,10.88,481.76,0,0.0,0.0
EMP039,2026-01-26,0,0,0,0,0,0,26,26,26,0.0,0.0,0.0,0.0,0.0,0.0,0.0,0.0,0.0,0.0,0.0,0.0,0.0,0.0,0.0,100.0,0,6,0.0,1.0,0.0,50.0,7.97,10.88,481.76,0,0.0,0.0
EMP039,2026-01-27,0,0,0,0,0,182,27,27,27,0.0,0.0,0.0,0.0,0.0,0.0,0.0,0.0,0.0,0.0,0.0,0.0,0.0,0.0,0.0,0.0,6,0,0.0,1.0,0.0,50.0,7.97,10.88,481.76,6,0.6209,91.0
EMP039,2026-01-28,0,0,0,0,0,176,28,28,28,0.0,0.0,0.0,0.0,0.0,0.0,0.0,0.0,0.0,0.0,0.0,0.0,0.0,0.0,0.0,0.0,6,0,0.0,1.0,0.0,50.0,7.97,10.88,481.76,6,0.5739,88.0
EMP039,2026-01-29,0,0,0,0,0,160,29,29,29,0.0,0.0,0.0,0.0,0.0,0.0,0.0,0.0,0.0,0.0,0.0,0.0,0.0,0.0,0.0,0.0,6,0,0.0,1.0,0.0,50.0,7.97,10.88,481.76,6,0.6375,80.0
EMP039,2026-01-30,0,0,0,0,0,227,30,30,30,0.0,0.0,0.0,0.0,0.0,0.0,0.0,0.0,0.0,0.0,0.0,0.0,0.0,0.0,0.0,0.0,6,0,0.0,1.0,0.0,50.0,7.97,10.88,481.76,6,0.5639,113.5
EMP039,2026-01-31,0,0,0,0,0,75,31,31,31,0.0,0.0,0.0,0.0,0.0,0.0,0.0,0.0,0.0,0.0,0.0,0.0,0.0,0.0,0.0,0.0,6,0,0.0,1.0,0.0,50.0,7.97,10.88,481.76,6,0.5067,37.5
EMP039,2026-02-01,0,0,0,0,0,0,32,32,32,0.0,0.0,0.0,0.0,0.0,0.0,0.0,0.0,0.0,0.0,0.0,0.0,0.0,0.0,0.0,100.0,0,6,0.0,1.0,0.0,50.0,7.97,10.88,481.76,0,0.0,0.0
EMP039,2026-02-02,0,0,0,0,0,0,33,33,33,0.0,0.0,0.0,0.0,0.0,0.0,0.0,0.0,0.0,0.0,0.0,0.0,0.0,0.0,0.0,100.0,0,6,0.0,1.0,0.0,50.0,7.97,10.88,481.76,0,0.0,0.0
EMP039,2026-02-03,0,0,0,0,0,261,34,34,34,0.0,0.0,0.0,0.0,0.0,0.0,0.0,0.0,0.0,0.0,0.0,0.0,0.0,0.0,0.0,0.0,6,0,0.0,1.0,0.0,50.0,7.97,10.88,481.76,6,0.636,130.5
EMP039,2026-02-04,0,0,0,0,0,226,35,35,35,0.0,0.0,0.0,0.0,0.0,0.0,0.0,0.0,0.0,0.0,0.0,0.0,0.0,0.0,0.0,0.0,6,0,0.0,1.0,0.0,50.0,7.97,10.88,481.76,6,0.6239,113.0
EMP039,2026-02-05,0,0,0,0,0,73,36,36,36,0.0,0.0,0.0,0.0,0.0,0.0,0.0,0.0,0.0,0.0,0.0,0.0,0.0,0.0,0.0,0.0,6,0,0.0,1.0,0.0,50.0,7.97,10.88,481.76,6,0.5205,36.5
EMP039,2026-02-06,0,0,0,0,0,218,37,37,37,0.0,0.0,0.0,0.0,0.0,0.0,0.0,0.0,0.0,0.0,0.0,0.0,0.0,0.0,0.0,0.0,6,0,0.0,1.0,0.0,50.0,7.97,10.88,481.76,6,0.578,109.0
EMP039,2026-02-07,0,0,0,0,0,73,38,38,38,0.0,0.0,0.0,0.0,0.0,0.0,0.0,0.0,0.0,0.0,0.0,0.0,0.0,0.0,0.0,0.0,6,0,0.0,1.0,0.0,50.0,7.97,10.88,481.76,6,0.5616,36.5
EMP039,2026-02-08,0,0,0,0,0,0,39,39,39,0.0,0.0,0.0,0.0,0.0,0.0,0.0,0.0,0.0,0.0,0.0,0.0,0.0,0.0,0.0,100.0,0,6,0.0,1.0,0.0,50.0,7.97,10.88,481.76,0,0.0,0.0
EMP039,2026-02-09,0,0,0,0,0,221,40,40,40,0.0,0.0,0.0,0.0,0.0,0.0,0.0,0.0,0.0,0.0,0.0,0.0,0.0,0.0,0.0,0.0,6,0,0.0,1.0,0.0,50.0,7.97,10.88,481.76,6,0.5837,110.5
EMP039,2026-02-10,0,0,0,0,0,21,41,41,41,0.0,0.0,0.0,0.0,0.0,0.0,0.0,0.0,0.0,0.0,0.0,0.0,0.0,0.0,0.0,33.33,4,2,0.0,1.0,0.0,50.0,7.97,10.88,481.76,4,0.6667,10.5
EMP039,2026-02-11,0,0,0,0,0,240,42,42,42,0.0,0.0,0.0,0.0,0.0,0.0,0.0,0.0,0.0,0.0,0.0,0.0,0.0,0.0,0.0,0.0,6,0,0.0,1.0,0.0,50.0,7.97,10.88,481.76,6,0.6583,120.0
EMP039,2026-02-12,0,0,0,0,0,216,43,43,43,0.0,0.0,0.0,0.0,0.0,0.0,0.0,0.0,0.0,0.0,0.0,0.0,0.0,0.0,0.0,0.0,6,0,0.0,1.0,0.0,50.0,7.97,10.88,481.76,6,0.6806,108.0
EMP039,2026-02-13,0,0,0,0,0,245,44,44,44,0.0,0.0,0.0,0.0,0.0,0.0,0.0,0.0,0.0,0.0,0.0,0.0,0.0,0.0,0.0,0.0,6,0,0.0,1.0,0.0,50.0,7.97,10.88,481.76,6,0.6449,122.5
EMP039,2026-02-14,0,0,0,0,0,29,45,45,45,0.0,0.0,0.0,0.0,0.0,0.0,0.0,0.0,0.0,0.0,0.0,0.0,0.0,0.0,0.0,0.0,6,0,0.0,1.0,0.0,50.0,7.97,10.88,481.76,6,0.5862,14.5
EMP039,2026-02-15,0,0,0,0,0,0,46,46,46,0.0,0.0,0.0,0.0,0.0,0.0,0.0,0.0,0.0,0.0,0.0,0.0,0.0,0.0,0.0,100.0,0,6,0.0,1.0,0.0,50.0,7.97,10.88,481.76,0,0.0,0.0
EMP039,2026-02-16,0,0,0,0,0,248,47,47,47,0.0,0.0,0.0,0.0,0.0,0.0,0.0,0.0,0.0,0.0,0.0,0.0,0.0,0.0,0.0,0.0,6,0,0.0,1.0,0.0,50.0,7.97,10.88,481.76,6,0.6008,124.0
EMP039,2026-02-17,0,0,0,0,0,218,48,48,48,0.0,0.0,0.0,0.0,0.0,0.0,0.0,0.0,0.0,0.0,0.0,0.0,0.0,0.0,0.0,0.0,6,0,0.0,1.0,0.0,50.0,7.97,10.88,481.76,6,0.6101,109.0
EMP039,2026-02-18,0,0,0,0,0,189,49,49,49,0.0,0.0,0.0,0.0,0.0,0.0,0.0,0.0,0.0,0.0,0.0,0.0,0.0,0.0,0.0,0.0,6,0,0.0,1.0,0.0,50.0,7.97,10.88,481.76,6,0.5979,94.5
EMP039,2026-02-19,0,0,0,0,0,235,50,50,50,0.0,0.0,0.0,0.0,0.0,0.0,0.0,0.0,0.0,0.0,0.0,0.0,0.0,0.0,0.0,0.0,6,0,0.0,1.0,0.0,50.0,7.97,10.88,481.76,6,0.5362,117.5
EMP039,2026-02-20,0,0,0,0,0,14,51,51,51,0.0,0.0,0.0,0.0,0.0,0.0,0.0,0.0,0.0,0.0,0.0,0.0,0.0,0.0,0.0,0.0,6,0,0.0,1.0,0.0,50.0,7.97,10.88,481.76,6,0.6429,7.0
EMP039,2026-02-21,0,0,0,0,0,84,52,52,52,0.0,0.0,0.0,0.0,0.0,0.0,0.0,0.0,0.0,0.0,0.0,0.0,0.0,0.0,0.0,0.0,6,0,0.0,1.0,0.0,50.0,7.97,10.88,481.76,6,0.6429,42.0
EMP039,2026-02-22,0,0,0,0,0,0,53,53,53,0.0,0.0,0.0,0.0,0.0,0.0,0.0,0.0,0.0,0.0,0.0,0.0,0.0,0.0,0.0,100.0,0,6,0.0,1.0,0.0,50.0,7.97,10.88,481.76,0,0.0,0.0
EMP039,2026-02-23,0,0,0,0,0,240,54,54,54,0.0,0.0,0.0,0.0,0.0,0.0,0.0,0.0,0.0,0.0,0.0,0.0,0.0,0.0,0.0,0.0,6,0,0.0,1.0,0.0,50.0,7.97,10.88,481.76,6,0.6333,120.0
EMP039,2026-02-24,0,0,0,0,0,21,55,55,55,0.0,0.0,0.0,0.0,0.0,0.0,0.0,0.0,0.0,0.0,0.0,0.0,0.0,0.0,0.0,0.0,6,0,0.0,1.0,0.0,50.0,7.97,10.88,481.76,6,0.619,10.5
EMP039,2026-02-25,0,0,0,0,0,233,56,56,56,0.0,0.0,0.0,0.0,0.0,0.0,0.0,0.0,0.0,0.0,0.0,0.0,0.0,0.0,0.0,0.0,6,0,0.0,1.0,0.0,50.0,7.97,10.88,481.76,6,0.5579,116.5
EMP039,2026-02-26,0,0,0,0,0,338,57,57,57,0.0,0.0,0.0,0.0,0.0,0.0,0.0,0.0,0.0,0.0,0.0,0.0,0.0,0.0,0.0,0.0,6,0,0.0,1.0,0.0,50.0,7.97,10.88,481.76,6,0.5621,169.0
EMP039,2026-02-27,0,0,0,0,0,278,58,58,58,0.0,0.0,0.0,0.0,0.0,0.0,0.0,0.0,0.0,0.0,0.0,0.0,0.0,0.0,0.0,0.0,6,0,0.0,1.0,0.0,50.0,7.97,10.88,481.76,6,0.6259,139.0
EMP039,2026-02-28,0,0,0,0,0,89,59,59,59,0.0,0.0,0.0,0.0,0.0,0.0,0.0,0.0,0.0,0.0,0.0,0.0,0.0,0.0,0.0,0.0,6,0,0.0,1.0,0.0,50.0,7.97,10.88,481.76,6,0.618,44.5
EMP039,2026-03-01,0,0,0,0,0,0,60,60,60,0.0,0.0,0.0,0.0,0.0,0.0,0.0,0.0,0.0,0.0,0.0,0.0,0.0,0.0,0.0,100.0,0,6,0.0,1.0,0.0,50.0,7.97,10.88,481.76,0,0.0,0.0
EMP039,2026-03-02,0,0,0,0,0,0,61,61,61,0.0,0.0,0.0,0.0,0.0,0.0,0.0,0.0,0.0,0.0,0.0,0.0,0.0,0.0,0.0,100.0,0,6,0.0,1.0,0.0,50.0,7.97,10.88,481.76,0,0.0,0.0
EMP039,2026-03-03,0,0,0,0,0,306,62,62,62,0.0,0.0,0.0,0.0,0.0,0.0,0.0,0.0,0.0,0.0,0.0,0.0,0.0,0.0,0.0,0.0,6,0,0.0,1.0,0.0,50.0,7.97,10.88,481.76,6,0.719,153.0
EMP039,2026-03-04,0,0,0,0,0,190,63,63,63,0.0,0.0,0.0,0.0,0.0,0.0,0.0,0.0,0.0,0.0,0.0,0.0,0.0,0.0,0.0,0.0,6,0,0.0,1.0,0.0,50.0,7.97,10.88,481.76,6,0.6053,95.0
EMP039,2026-03-05,0,0,0,0,0,220,64,64,64,0.0,0.0,0.0,0.0,0.0,0.0,0.0,0.0,0.0,0.0,0.0,0.0,0.0,0.0,0.0,0.0,6,0,0.0,1.0,0.0,50.0,7.97,10.88,481.76,6,0.6227,110.0
EMP039,2026-03-06,0,0,0,0,0,99,65,65,65,0.0,0.0,0.0,0.0,0.0,0.0,0.0,0.0,0.0,0.0,0.0,0.0,0.0,0.0,0.0,0.0,6,0,0.0,1.0,0.0,50.0,7.97,10.88,481.76,6,0.6869,49.5
EMP039,2026-03-07,0,0,0,0,0,67,66,66,66,0.0,0.0,0.0,0.0,0.0,0.0,0.0,0.0,0.0,0.0,0.0,0.0,0.0,0.0,0.0,0.0,6,0,0.0,1.0,0.0,50.0,7.97,10.88,481.76,6,0.5821,33.5
EMP039,2026-03-08,0,0,0,0,0,0,67,67,67,0.0,0.0,0.0,0.0,0.0,0.0,0.0,0.0,0.0,0.0,0.0,0.0,0.0,0.0,0.0,100.0,0,6,0.0,1.0,0.0,50.0,7.97,10.88,481.76,0,0.0,0.0
EMP039,2026-03-09,0,0,0,0,0,222,68,68,68,0.0,0.0,0.0,0.0,0.0,0.0,0.0,0.0,0.0,0.0,0.0,0.0,0.0,0.0,0.0,0.0,6,0,0.0,1.0,0.0,50.0,7.97,10.88,481.76,6,0.5991,111.0
EMP039,2026-03-10,0,0,0,0,0,136,69,69,69,0.0,0.0,0.0,0.0,0.0,0.0,0.0,0.0,0.0,0.0,0.0,0.0,0.0,0.0,0.0,0.0,6,0,0.0,1.0,0.0,50.0,7.97,10.88,481.76,6,0.6029,68.0
EMP039,2026-03-11,0,0,0,0,0,242,70,70,70,0.0,0.0,0.0,0.0,0.0,0.0,0.0,0.0,0.0,0.0,0.0,0.0,0.0,0.0,0.0,0.0,6,0,0.0,1.0,0.0,50.0,7.97,10.88,481.76,6,0.6198,121.0
EMP039,2026-03-12,0,0,0,0,0,0,71,71,71,0.0,0.0,0.0,0.0,0.0,0.0,0.0,0.0,0.0,0.0,0.0,0.0,0.0,0.0,0.0,100.0,0,6,0.0,1.0,0.0,50.0,7.97,10.88,481.76,0,0.0,0.0
EMP039,2026-03-13,0,0,0,0,0,272,72,72,72,0.0,0.0,0.0,0.0,0.0,0.0,0.0,0.0,0.0,0.0,0.0,0.0,0.0,0.0,0.0,0.0,6,0,0.0,1.0,0.0,50.0,7.97,10.88,481.76,6,0.6029,136.0
EMP039,2026-03-14,0,0,0,0,0,73,73,73,73,0.0,0.0,0.0,0.0,0.0,0.0,0.0,0.0,0.0,0.0,0.0,0.0,0.0,0.0,0.0,0.0,6,0,0.0,1.0,0.0,50.0,7.97,10.88,481.76,6,0.6575,36.5
EMP039,2026-03-15,0,0,0,0,0,0,74,74,74,0.0,0.0,0.0,0.0,0.0,0.0,0.0,0.0,0.0,0.0,0.0,0.0,0.0,0.0,0.0,100.0,0,6,0.0,1.0,0.0,50.0,7.97,10.88,481.76,0,0.0,0.0
EMP039,2026-03-16,0,0,0,0,0,258,75,75,75,0.0,0.0,0.0,0.0,0.0,0.0,0.0,0.0,0.0,0.0,0.0,0.0,0.0,0.0,0.0,0.0,6,0,0.0,1.0,0.0,50.0,7.97,10.88,481.76,6,0.6395,129.0
EMP039,2026-03-17,0,0,0,0,0,267,76,76,76,0.0,0.0,0.0,0.0,0.0,0.0,0.0,0.0,0.0,0.0,0.0,0.0,0.0,0.0,0.0,0.0,6,0,0.0,1.0,0.0,50.0,7.97,10.88,481.76,6,0.5356,133.5
EMP039,2026-03-18,0,0,0,0,0,216,77,77,77,0.0,0.0,0.0,0.0,0.0,0.0,0.0,0.0,0.0,0.0,0.0,0.0,0.0,0.0,0.0,0.0,6,0,0.0,1.0,0.0,50.0,7.97,10.88,481.76,6,0.6667,108.0
EMP039,2026-03-19,0,0,0,0,0,0,78,78,78,0.0,0.0,0.0,0.0,0.0,0.0,0.0,0.0,0.0,0.0,0.0,0.0,0.0,0.0,0.0,100.0,0,6,0.0,1.0,0.0,50.0,7.97,10.88,481.76,0,0.0,0.0
EMP039,2026-03-20,0,0,0,0,0,133,79,79,79,0.0,0.0,0.0,0.0,0.0,0.0,0.0,0.0,0.0,0.0,0.0,0.0,0.0,0.0,0.0,0.0,6,0,0.0,1.0,0.0,50.0,7.97,10.88,481.76,6,0.7068,66.5
EMP039,2026-03-21,0,0,0,0,0,86,80,80,80,0.0,0.0,0.0,0.0,0.0,0.0,0.0,0.0,0.0,0.0,0.0,0.0,0.0,0.0,0.0,0.0,6,0,0.0,1.0,0.0,50.0,7.97,10.88,481.76,6,0.6279,43.0
EMP039,2026-03-22,0,0,0,0,0,0,81,81,81,0.0,0.0,0.0,0.0,0.0,0.0,0.0,0.0,0.0,0.0,0.0,0.0,0.0,0.0,0.0,100.0,0,6,0.0,1.0,0.0,50.0,7.97,10.88,481.76,0,0.0,0.0
EMP039,2026-03-23,0,0,0,0,0,254,82,82,82,0.0,0.0,0.0,0.0,0.0,0.0,0.0,0.0,0.0,0.0,0.0,0.0,0.0,0.0,0.0,0.0,6,0,0.0,1.0,0.0,50.0,7.97,10.88,481.76,6,0.5551,127.0
EMP039,2026-03-24,0,0,0,0,0,224,83,83,83,0.0,0.0,0.0,0.0,0.0,0.0,0.0,0.0,0.0,0.0,0.0,0.0,0.0,0.0,0.0,0.0,6,0,0.0,1.0,0.0,50.0,7.97,10.88,481.76,6,0.6652,112.0
EMP039,2026-03-25,0,0,0,0,0,239,84,84,84,0.0,0.0,0.0,0.0,0.0,0.0,0.0,0.0,0.0,0.0,0.0,0.0,0.0,0.0,0.0,0.0,6,0,0.0,1.0,0.0,50.0,7.97,10.88,481.76,6,0.5565,119.5
EMP039,2026-03-26,0,0,0,0,0,305,85,85,85,0.0,0.0,0.0,0.0,0.0,0.0,0.0,0.0,0.0,0.0,0.0,0.0,0.0,0.0,0.0,0.0,6,0,0.0,1.0,0.0,50.0,7.97,10.88,481.76,6,0.6,152.5
EMP039,2026-03-27,0,0,0,0,0,267,86,86,86,0.0,0.0,0.0,0.0,0.0,0.0,0.0,0.0,0.0,0.0,0.0,0.0,0.0,0.0,0.0,0.0,6,0,0.0,1.0,0.0,50.0,7.97,10.88,481.76,6,0.5318,133.5
EMP039,2026-03-28,0,0,0,0,0,132,87,87,87,0.0,0.0,0.0,0.0,0.0,0.0,0.0,0.0,0.0,0.0,0.0,0.0,0.0,0.0,0.0,0.0,6,0,0.0,1.0,0.0,50.0,7.97,10.88,481.76,6,0.5758,66.0
EMP039,2026-03-29,0,0,0,0,0,0,88,88,88,0.0,0.0,0.0,0.0,0.0,0.0,0.0,0.0,0.0,0.0,0.0,0.0,0.0,0.0,0.0,100.0,0,6,0.0,1.0,0.0,50.0,7.97,10.88,481.76,0,0.0,0.0
EMP039,2026-03-30,0,0,0,0,0,262,89,89,89,0.0,0.0,0.0,0.0,0.0,0.0,0.0,0.0,0.0,0.0,0.0,0.0,0.0,0.0,0.0,0.0,6,0,0.0,1.0,0.0,50.0,7.97,10.88,481.76,6,0.5916,131.0
EMP039,2026-03-31,0,0,0,0,0,341,90,90,90,0.0,0.0,0.0,0.0,0.0,0.0,0.0,0.0,0.0,0.0,0.0,0.0,0.0,0.0,0.0,0.0,6,0,0.0,1.0,0.0,50.0,7.97,10.88,481.76,6,0.6686,170.5
EMP040,2026-01-01,0,0,0,0,0,0,1,1,1,0.0,0.0,0.0,0.0,0.0,0.0,0.0,0.0,0.0,0.0,0.0,0.0,0.0,0.0,0.0,100.0,0,6,0.0,1.0,0.0,0.0,7.83,7.51,535.8,0,0.0,0.0
EMP040,2026-01-02,0,0,0,0,0,375,2,2,2,0.0,0.0,0.0,0.0,0.0,0.0,0.0,0.0,0.0,0.0,0.0,0.0,0.0,0.0,0.0,0.0,6,0,0.0,1.0,0.0,0.0,7.83,7.51,535.8,6,0.5973,187.5
EMP040,2026-01-03,0,0,0,0,0,115,3,3,3,0.0,0.0,0.0,0.0,0.0,0.0,0.0,0.0,0.0,0.0,0.0,0.0,0.0,0.0,0.0,0.0,6,0,0.0,1.0,0.0,0.0,7.83,7.51,535.8,6,0.6435,57.5
EMP040,2026-01-04,0,0,0,0,0,0,4,4,4,0.0,0.0,0.0,0.0,0.0,0.0,0.0,0.0,0.0,0.0,0.0,0.0,0.0,0.0,0.0,100.0,0,6,0.0,1.0,0.0,0.0,7.83,7.51,535.8,0,0.0,0.0
EMP040,2026-01-05,0,0,0,0,0,313,5,5,5,0.0,0.0,0.0,0.0,0.0,0.0,0.0,0.0,0.0,0.0,0.0,0.0,0.0,0.0,0.0,0.0,6,0,0.0,1.0,0.0,0.0,7.83,7.51,535.8,6,0.6454,156.5
EMP040,2026-01-06,0,0,0,0,0,286,6,6,6,0.0,0.0,0.0,0.0,0.0,0.0,0.0,0.0,0.0,0.0,0.0,0.0,0.0,0.0,0.0,0.0,6,0,0.0,1.0,0.0,0.0,7.83,7.51,535.8,6,0.5629,143.0
EMP040,2026-01-07,0,0,0,0,0,287,7,7,7,0.0,0.0,0.0,0.0,0.0,0.0,0.0,0.0,0.0,0.0,0.0,0.0,0.0,0.0,0.0,0.0,6,0,0.0,1.0,0.0,0.0,7.83,7.51,535.8,6,0.669,143.5
EMP040,2026-01-08,0,0,0,0,0,277,8,8,8,0.0,0.0,0.0,0.0,0.0,0.0,0.0,0.0,0.0,0.0,0.0,0.0,0.0,0.0,0.0,0.0,6,0,0.0,1.0,0.0,0.0,7.83,7.51,535.8,6,0.5884,138.5
EMP040,2026-01-09,0,0,0,0,0,19,9,9,9,0.0,0.0,0.0,0.0,0.0,0.0,0.0,0.0,0.0,0.0,0.0,0.0,0.0,0.0,0.0,0.0,6,0,0.0,1.0,0.0,0.0,7.83,7.51,535.8,6,0.6316,9.5
EMP040,2026-01-10,0,0,0,0,0,85,10,10,10,0.0,0.0,0.0,0.0,0.0,0.0,0.0,0.0,0.0,0.0,0.0,0.0,0.0,0.0,0.0,0.0,6,0,0.0,1.0,0.0,0.0,7.83,7.51,535.8,6,0.5882,42.5
EMP040,2026-01-11,0,0,0,0,0,0,11,11,11,0.0,0.0,0.0,0.0,0.0,0.0,0.0,0.0,0.0,0.0,0.0,0.0,0.0,0.0,0.0,100.0,0,6,0.0,1.0,0.0,0.0,7.83,7.51,535.8,0,0.0,0.0
EMP040,2026-01-12,0,0,0,0,0,315,12,12,12,0.0,0.0,0.0,0.0,0.0,0.0,0.0,0.0,0.0,0.0,0.0,0.0,0.0,0.0,0.0,0.0,6,0,0.0,1.0,0.0,0.0,7.83,7.51,535.8,6,0.6317,157.5
EMP040,2026-01-13,0,0,0,0,0,0,13,13,13,0.0,0.0,0.0,0.0,0.0,0.0,0.0,0.0,0.0,0.0,0.0,0.0,0.0,0.0,0.0,100.0,0,6,0.0,1.0,0.0,0.0,7.83,7.51,535.8,0,0.0,0.0
EMP040,2026-01-14,0,0,0,0,0,237,14,14,14,0.0,0.0,0.0,0.0,0.0,0.0,0.0,0.0,0.0,0.0,0.0,0.0,0.0,0.0,0.0,0.0,6,0,0.0,1.0,0.0,0.0,7.83,7.51,535.8,6,0.557,118.5
EMP040,2026-01-15,0,0,0,0,0,282,15,15,15,0.0,0.0,0.0,0.0,0.0,0.0,0.0,0.0,0.0,0.0,0.0,0.0,0.0,0.0,0.0,0.0,6,0,0.0,1.0,0.0,0.0,7.83,7.51,535.8,6,0.539,141.0
EMP040,2026-01-16,0,0,0,0,0,291,16,16,16,0.0,0.0,0.0,0.0,0.0,0.0,0.0,0.0,0.0,0.0,0.0,0.0,0.0,0.0,0.0,0.0,6,0,0.0,1.0,0.0,0.0,7.83,7.51,535.8,6,0.6151,145.5
EMP040,2026-01-17,0,0,0,0,0,122,17,17,17,0.0,0.0,0.0,0.0,0.0,0.0,0.0,0.0,0.0,0.0,0.0,0.0,0.0,0.0,0.0,0.0,6,0,0.0,1.0,0.0,0.0,7.83,7.51,535.8,6,0.541,61.0
EMP040,2026-01-18,0,0,0,0,0,0,18,18,18,0.0,0.0,0.0,0.0,0.0,0.0,0.0,0.0,0.0,0.0,0.0,0.0,0.0,0.0,0.0,100.0,0,6,0.0,1.0,0.0,0.0,7.83,7.51,535.8,0,0.0,0.0
EMP040,2026-01-19,0,0,0,0,0,265,19,19,19,0.0,0.0,0.0,0.0,0.0,0.0,0.0,0.0,0.0,0.0,0.0,0.0,0.0,0.0,0.0,0.0,6,0,0.0,1.0,0.0,0.0,7.83,7.51,535.8,6,0.6415,132.5
EMP040,2026-01-20,0,0,0,0,0,289,20,20,20,0.0,0.0,0.0,0.0,0.0,0.0,0.0,0.0,0.0,0.0,0.0,0.0,0.0,0.0,0.0,0.0,6,0,0.0,1.0,0.0,0.0,7.83,7.51,535.8,6,0.5571,144.5
EMP040,2026-01-21,0,0,0,0,0,291,21,21,21,0.0,0.0,0.0,0.0,0.0,0.0,0.0,0.0,0.0,0.0,0.0,0.0,0.0,0.0,0.0,0.0,6,0,0.0,1.0,0.0,0.0,7.83,7.51,535.8,6,0.6014,145.5
EMP040,2026-01-22,0,0,0,0,0,277,22,22,22,0.0,0.0,0.0,0.0,0.0,0.0,0.0,0.0,0.0,0.0,0.0,0.0,0.0,0.0,0.0,0.0,6,0,0.0,1.0,0.0,0.0,7.83,7.51,535.8,6,0.5199,138.5
EMP040,2026-01-23,0,0,0,0,0,275,23,23,23,0.0,0.0,0.0,0.0,0.0,0.0,0.0,0.0,0.0,0.0,0.0,0.0,0.0,0.0,0.0,0.0,6,0,0.0,1.0,0.0,0.0,7.83,7.51,535.8,6,0.4618,137.5
EMP040,2026-01-24,0,0,0,0,0,95,24,24,24,0.0,0.0,0.0,0.0,0.0,0.0,0.0,0.0,0.0,0.0,0.0,0.0,0.0,0.0,0.0,0.0,6,0,0.0,1.0,0.0,0.0,7.83,7.51,535.8,6,0.6737,47.5
EMP040,2026-01-25,0,0,0,0,0,0,25,25,25,0.0,0.0,0.0,0.0,0.0,0.0,0.0,0.0,0.0,0.0,0.0,0.0,0.0,0.0,0.0,100.0,0,6,0.0,1.0,0.0,0.0,7.83,7.51,535.8,0,0.0,0.0
EMP040,2026-01-26,0,0,0,0,0,0,26,26,26,0.0,0.0,0.0,0.0,0.0,0.0,0.0,0.0,0.0,0.0,0.0,0.0,0.0,0.0,0.0,100.0,0,6,0.0,1.0,0.0,0.0,7.83,7.51,535.8,0,0.0,0.0
EMP040,2026-01-27,0,0,0,0,0,305,27,27,27,0.0,0.0,0.0,0.0,0.0,0.0,0.0,0.0,0.0,0.0,0.0,0.0,0.0,0.0,0.0,0.0,6,0,0.0,1.0,0.0,0.0,7.83,7.51,535.8,6,0.659,152.5
EMP040,2026-01-28,0,0,0,0,0,271,28,28,28,0.0,0.0,0.0,0.0,0.0,0.0,0.0,0.0,0.0,0.0,0.0,0.0,0.0,0.0,0.0,0.0,6,0,0.0,1.0,0.0,0.0,7.83,7.51,535.8,6,0.5867,135.5
EMP040,2026-01-29,0,0,0,0,0,308,29,29,29,0.0,0.0,0.0,0.0,0.0,0.0,0.0,0.0,0.0,0.0,0.0,0.0,0.0,0.0,0.0,0.0,6,0,0.0,1.0,0.0,0.0,7.83,7.51,535.8,6,0.6721,154.0
EMP040,2026-01-30,0,0,0,0,0,351,30,30,30,0.0,0.0,0.0,0.0,0.0,0.0,0.0,0.0,0.0,0.0,0.0,0.0,0.0,0.0,0.0,0.0,6,0,0.0,1.0,0.0,0.0,7.83,7.51,535.8,6,0.6296,175.5
EMP040,2026-01-31,0,0,0,0,0,117,31,31,31,0.0,0.0,0.0,0.0,0.0,0.0,0.0,0.0,0.0,0.0,0.0,0.0,0.0,0.0,0.0,0.0,6,0,0.0,1.0,0.0,0.0,7.83,7.51,535.8,6,0.5726,58.5
EMP040,2026-02-01,0,0,0,0,0,0,32,32,32,0.0,0.0,0.0,0.0,0.0,0.0,0.0,0.0,0.0,0.0,0.0,0.0,0.0,0.0,0.0,100.0,0,6,0.0,1.0,0.0,0.0,7.83,7.51,535.8,0,0.0,0.0
EMP040,2026-02-02,0,0,0,0,0,374,33,33,33,0.0,0.0,0.0,0.0,0.0,0.0,0.0,0.0,0.0,0.0,0.0,0.0,0.0,0.0,0.0,0.0,6,0,0.0,1.0,0.0,0.0,7.83,7.51,535.8,6,0.6043,187.0
EMP040,2026-02-03,0,0,0,0,0,194,34,34,34,0.0,0.0,0.0,0.0,0.0,0.0,0.0,0.0,0.0,0.0,0.0,0.0,0.0,0.0,0.0,0.0,6,0,0.0,1.0,0.0,0.0,7.83,7.51,535.8,6,0.5825,97.0
EMP040,2026-02-04,0,0,0,0,0,277,35,35,35,0.0,0.0,0.0,0.0,0.0,0.0,0.0,0.0,0.0,0.0,0.0,0.0,0.0,0.0,0.0,0.0,6,0,0.0,1.0,0.0,0.0,7.83,7.51,535.8,6,0.6029,138.5
EMP040,2026-02-05,0,0,0,0,0,299,36,36,36,0.0,0.0,0.0,0.0,0.0,0.0,0.0,0.0,0.0,0.0,0.0,0.0,0.0,0.0,0.0,0.0,6,0,0.0,1.0,0.0,0.0,7.83,7.51,535.8,6,0.5686,149.5
EMP040,2026-02-06,0,0,0,0,0,259,37,37,37,0.0,0.0,0.0,0.0,0.0,0.0,0.0,0.0,0.0,0.0,0.0,0.0,0.0,0.0,0.0,0.0,6,0,0.0,1.0,0.0,0.0,7.83,7.51,535.8,6,0.6023,129.5
EMP040,2026-02-07,0,0,0,0,0,104,38,38,38,0.0,0.0,0.0,0.0,0.0,0.0,0.0,0.0,0.0,0.0,0.0,0.0,0.0,0.0,0.0,0.0,6,0,0.0,1.0,0.0,0.0,7.83,7.51,535.8,6,0.5577,52.0
EMP040,2026-02-08,0,0,0,0,0,0,39,39,39,0.0,0.0,0.0,0.0,0.0,0.0,0.0,0.0,0.0,0.0,0.0,0.0,0.0,0.0,0.0,100.0,0,6,0.0,1.0,0.0,0.0,7.83,7.51,535.8,0,0.0,0.0
EMP040,2026-02-09,0,0,0,0,0,269,40,40,40,0.0,0.0,0.0,0.0,0.0,0.0,0.0,0.0,0.0,0.0,0.0,0.0,0.0,0.0,0.0,0.0,6,0,0.0,1.0,0.0,0.0,7.83,7.51,535.8,6,0.658,134.5
EMP040,2026-02-10,0,0,0,0,0,331,41,41,41,0.0,0.0,0.0,0.0,0.0,0.0,0.0,0.0,0.0,0.0,0.0,0.0,0.0,0.0,0.0,0.0,6,0,0.0,1.0,0.0,0.0,7.83,7.51,535.8,6,0.6314,165.5
EMP040,2026-02-11,0,0,0,0,0,254,42,42,42,0.0,0.0,0.0,0.0,0.0,0.0,0.0,0.0,0.0,0.0,0.0,0.0,0.0,0.0,0.0,0.0,6,0,0.0,1.0,0.0,0.0,7.83,7.51,535.8,6,0.6142,127.0
EMP040,2026-02-12,0,0,0,0,0,262,43,43,43,0.0,0.0,0.0,0.0,0.0,0.0,0.0,0.0,0.0,0.0,0.0,0.0,0.0,0.0,0.0,0.0,6,0,0.0,1.0,0.0,0.0,7.83,7.51,535.8,6,0.5191,131.0
EMP040,2026-02-13,0,0,0,0,0,267,44,44,44,0.0,0.0,0.0,0.0,0.0,0.0,0.0,0.0,0.0,0.0,0.0,0.0,0.0,0.0,0.0,0.0,6,0,0.0,1.0,0.0,0.0,7.83,7.51,535.8,6,0.633,133.5
EMP040,2026-02-14,0,0,0,0,0,100,45,45,45,0.0,0.0,0.0,0.0,0.0,0.0,0.0,0.0,0.0,0.0,0.0,0.0,0.0,0.0,0.0,0.0,6,0,0.0,1.0,0.0,0.0,7.83,7.51,535.8,6,0.61,50.0
EMP040,2026-02-15,0,0,0,0,0,0,46,46,46,0.0,0.0,0.0,0.0,0.0,0.0,0.0,0.0,0.0,0.0,0.0,0.0,0.0,0.0,0.0,100.0,0,6,0.0,1.0,0.0,0.0,7.83,7.51,535.8,0,0.0,0.0
EMP040,2026-02-16,0,0,0,0,0,273,47,47,47,0.0,0.0,0.0,0.0,0.0,0.0,0.0,0.0,0.0,0.0,0.0,0.0,0.0,0.0,0.0,0.0,6,0,0.0,1.0,0.0,0.0,7.83,7.51,535.8,6,0.5897,136.5
EMP040,2026-02-17,0,0,0,0,0,328,48,48,48,0.0,0.0,0.0,0.0,0.0,0.0,0.0,0.0,0.0,0.0,0.0,0.0,0.0,0.0,0.0,0.0,6,0,0.0,1.0,0.0,0.0,7.83,7.51,535.8,6,0.5762,164.0
EMP040,2026-02-18,0,0,0,0,0,301,49,49,49,0.0,0.0,0.0,0.0,0.0,0.0,0.0,0.0,0.0,0.0,0.0,0.0,0.0,0.0,0.0,0.0,6,0,0.0,1.0,0.0,0.0,7.83,7.51,535.8,6,0.6113,150.5
EMP040,2026-02-19,0,0,0,0,0,338,50,50,50,0.0,0.0,0.0,0.0,0.0,0.0,0.0,0.0,0.0,0.0,0.0,0.0,0.0,0.0,0.0,0.0,6,0,0.0,1.0,0.0,0.0,7.83,7.51,535.8,6,0.6124,169.0
EMP040,2026-02-20,0,0,0,0,0,341,51,51,51,0.0,0.0,0.0,0.0,0.0,0.0,0.0,0.0,0.0,0.0,0.0,0.0,0.0,0.0,0.0,0.0,6,0,0.0,1.0,0.0,0.0,7.83,7.51,535.8,6,0.5543,170.5
EMP040,2026-02-21,0,0,0,0,0,120,52,52,52,0.0,0.0,0.0,0.0,0.0,0.0,0.0,0.0,0.0,0.0,0.0,0.0,0.0,0.0,0.0,0.0,6,0,0.0,1.0,0.0,0.0,7.83,7.51,535.8,6,0.625,60.0
EMP040,2026-02-22,0,0,0,0,0,0,53,53,53,0.0,0.0,0.0,0.0,0.0,0.0,0.0,0.0,0.0,0.0,0.0,0.0,0.0,0.0,0.0,100.0,0,6,0.0,1.0,0.0,0.0,7.83,7.51,535.8,0,0.0,0.0
EMP040,2026-02-23,0,0,0,0,0,337,54,54,54,0.0,0.0,0.0,0.0,0.0,0.0,0.0,0.0,0.0,0.0,0.0,0.0,0.0,0.0,0.0,0.0,6,0,0.0,1.0,0.0,0.0,7.83,7.51,535.8,6,0.6469,168.5
EMP040,2026-02-24,0,0,0,0,0,283,55,55,55,0.0,0.0,0.0,0.0,0.0,0.0,0.0,0.0,0.0,0.0,0.0,0.0,0.0,0.0,0.0,0.0,6,0,0.0,1.0,0.0,0.0,7.83,7.51,535.8,6,0.4982,141.5
EMP040,2026-02-25,0,0,0,0,0,295,56,56,56,0.0,0.0,0.0,0.0,0.0,0.0,0.0,0.0,0.0,0.0,0.0,0.0,0.0,0.0,0.0,0.0,6,0,0.0,1.0,0.0,0.0,7.83,7.51,535.8,6,0.5797,147.5
EMP040,2026-02-26,0,0,0,0,0,22,57,57,57,0.0,0.0,0.0,0.0,0.0,0.0,0.0,0.0,0.0,0.0,0.0,0.0,0.0,0.0,0.0,0.0,6,0,0.0,1.0,0.0,0.0,7.83,7.51,535.8,6,0.5909,11.0
EMP040,2026-02-27,0,0,0,0,0,387,58,58,58,0.0,0.0,0.0,0.0,0.0,0.0,0.0,0.0,0.0,0.0,0.0,0.0,0.0,0.0,0.0,0.0,6,0,0.0,1.0,0.0,0.0,7.83,7.51,535.8,6,0.6124,193.5
EMP040,2026-02-28,0,0,0,0,0,115,59,59,59,0.0,0.0,0.0,0.0,0.0,0.0,0.0,0.0,0.0,0.0,0.0,0.0,0.0,0.0,0.0,0.0,6,0,0.0,1.0,0.0,0.0,7.83,7.51,535.8,6,0.5043,57.5
EMP040,2026-03-01,0,0,0,0,0,0,60,60,60,0.0,0.0,0.0,0.0,0.0,0.0,0.0,0.0,0.0,0.0,0.0,0.0,0.0,0.0,0.0,100.0,0,6,0.0,1.0,0.0,0.0,7.83,7.51,535.8,0,0.0,0.0
EMP040,2026-03-02,0,0,0,0,0,0,61,61,61,0.0,0.0,0.0,0.0,0.0,0.0,0.0,0.0,0.0,0.0,0.0,0.0,0.0,0.0,0.0,100.0,0,6,0.0,1.0,0.0,0.0,7.83,7.51,535.8,0,0.0,0.0
EMP040,2026-03-03,0,0,0,0,0,310,62,62,62,0.0,0.0,0.0,0.0,0.0,0.0,0.0,0.0,0.0,0.0,0.0,0.0,0.0,0.0,0.0,0.0,6,0,0.0,1.0,0.0,0.0,7.83,7.51,535.8,6,0.5613,155.0
EMP040,2026-03-04,0,0,0,0,0,283,63,63,63,0.0,0.0,0.0,0.0,0.0,0.0,0.0,0.0,0.0,0.0,0.0,0.0,0.0,0.0,0.0,0.0,6,0,0.0,1.0,0.0,0.0,7.83,7.51,535.8,6,0.5866,141.5
EMP040,2026-03-05,0,0,0,0,0,284,64,64,64,0.0,0.0,0.0,0.0,0.0,0.0,0.0,0.0,0.0,0.0,0.0,0.0,0.0,0.0,0.0,0.0,6,0,0.0,1.0,0.0,0.0,7.83,7.51,535.8,6,0.5599,142.0
EMP040,2026-03-06,0,0,0,0,0,260,65,65,65,0.0,0.0,0.0,0.0,0.0,0.0,0.0,0.0,0.0,0.0,0.0,0.0,0.0,0.0,0.0,0.0,6,0,0.0,1.0,0.0,0.0,7.83,7.51,535.8,6,0.65,130.0
EMP040,2026-03-07,0,0,0,0,0,119,66,66,66,0.0,0.0,0.0,0.0,0.0,0.0,0.0,0.0,0.0,0.0,0.0,0.0,0.0,0.0,0.0,0.0,6,0,0.0,1.0,0.0,0.0,7.83,7.51,535.8,6,0.6891,59.5
EMP040,2026-03-08,0,0,0,0,0,0,67,67,67,0.0,0.0,0.0,0.0,0.0,0.0,0.0,0.0,0.0,0.0,0.0,0.0,0.0,0.0,0.0,100.0,0,6,0.0,1.0,0.0,0.0,7.83,7.51,535.8,0,0.0,0.0
EMP040,2026-03-09,0,0,0,0,0,316,68,68,68,0.0,0.0,0.0,0.0,0.0,0.0,0.0,0.0,0.0,0.0,0.0,0.0,0.0,0.0,0.0,0.0,6,0,0.0,1.0,0.0,0.0,7.83,7.51,535.8,6,0.5981,158.0
EMP040,2026-03-10,0,0,0,0,0,357,69,69,69,0.0,0.0,0.0,0.0,0.0,0.0,0.0,0.0,0.0,0.0,0.0,0.0,0.0,0.0,0.0,0.0,6,0,0.0,1.0,0.0,0.0,7.83,7.51,535.8,6,0.5238,178.5
EMP040,2026-03-11,0,0,0,0,0,0,70,70,70,0.0,0.0,0.0,0.0,0.0,0.0,0.0,0.0,0.0,0.0,0.0,0.0,0.0,0.0,0.0,100.0,0,6,0.0,1.0,0.0,0.0,7.83,7.51,535.8,0,0.0,0.0
EMP040,2026-03-12,0,0,0,0,0,283,71,71,71,0.0,0.0,0.0,0.0,0.0,0.0,0.0,0.0,0.0,0.0,0.0,0.0,0.0,0.0,0.0,0.0,6,0,0.0,1.0,0.0,0.0,7.83,7.51,535.8,6,0.5654,141.5
EMP040,2026-03-13,0,0,0,0,0,286,72,72,72,0.0,0.0,0.0,0.0,0.0,0.0,0.0,0.0,0.0,0.0,0.0,0.0,0.0,0.0,0.0,0.0,6,0,0.0,1.0,0.0,0.0,7.83,7.51,535.8,6,0.5629,143.0
EMP040,2026-03-14,0,0,0,0,0,92,73,73,73,0.0,0.0,0.0,0.0,0.0,0.0,0.0,0.0,0.0,0.0,0.0,0.0,0.0,0.0,0.0,0.0,6,0,0.0,1.0,0.0,0.0,7.83,7.51,535.8,6,0.5543,46.0
EMP040,2026-03-15,0,0,0,0,0,0,74,74,74,0.0,0.0,0.0,0.0,0.0,0.0,0.0,0.0,0.0,0.0,0.0,0.0,0.0,0.0,0.0,100.0,0,6,0.0,1.0,0.0,0.0,7.83,7.51,535.8,0,0.0,0.0
EMP040,2026-03-16,0,0,0,0,0,293,75,75,75,0.0,0.0,0.0,0.0,0.0,0.0,0.0,0.0,0.0,0.0,0.0,0.0,0.0,0.0,0.0,0.0,6,0,0.0,1.0,0.0,0.0,7.83,7.51,535.8,6,0.6314,146.5
EMP040,2026-03-17,0,0,0,0,0,300,76,76,76,0.0,0.0,0.0,0.0,0.0,0.0,0.0,0.0,0.0,0.0,0.0,0.0,0.0,0.0,0.0,0.0,6,0,0.0,1.0,0.0,0.0,7.83,7.51,535.8,6,0.56,150.0
EMP040,2026-03-18,0,0,0,0,0,292,77,77,77,0.0,0.0,0.0,0.0,0.0,0.0,0.0,0.0,0.0,0.0,0.0,0.0,0.0,0.0,0.0,0.0,6,0,0.0,1.0,0.0,0.0,7.83,7.51,535.8,6,0.5993,146.0
EMP040,2026-03-19,0,0,0,0,0,210,78,78,78,0.0,0.0,0.0,0.0,0.0,0.0,0.0,0.0,0.0,0.0,0.0,0.0,0.0,0.0,0.0,0.0,6,0,0.0,1.0,0.0,0.0,7.83,7.51,535.8,6,0.5714,105.0
EMP040,2026-03-20,0,0,0,0,0,260,79,79,79,0.0,0.0,0.0,0.0,0.0,0.0,0.0,0.0,0.0,0.0,0.0,0.0,0.0,0.0,0.0,0.0,6,0,0.0,1.0,0.0,0.0,7.83,7.51,535.8,6,0.6,130.0
EMP040,2026-03-21,0,0,0,0,0,104,80,80,80,0.0,0.0,0.0,0.0,0.0,0.0,0.0,0.0,0.0,0.0,0.0,0.0,0.0,0.0,0.0,0.0,6,0,0.0,1.0,0.0,0.0,7.83,7.51,535.8,6,0.5769,52.0
EMP040,2026-03-22,0,0,0,0,0,0,81,81,81,0.0,0.0,0.0,0.0,0.0,0.0,0.0,0.0,0.0,0.0,0.0,0.0,0.0,0.0,0.0,100.0,0,6,0.0,1.0,0.0,0.0,7.83,7.51,535.8,0,0.0,0.0
EMP040,2026-03-23,0,0,0,0,0,266,82,82,82,0.0,0.0,0.0,0.0,0.0,0.0,0.0,0.0,0.0,0.0,0.0,0.0,0.0,0.0,0.0,0.0,6,0,0.0,1.0,0.0,0.0,7.83,7.51,535.8,6,0.5639,133.0
EMP040,2026-03-24,0,0,0,0,0,349,83,83,83,0.0,0.0,0.0,0.0,0.0,0.0,0.0,0.0,0.0,0.0,0.0,0.0,0.0,0.0,0.0,0.0,6,0,0.0,1.0,0.0,0.0,7.83,7.51,535.8,6,0.5817,174.5
EMP040,2026-03-25,0,0,0,0,0,370,84,84,84,0.0,0.0,0.0,0.0,0.0,0.0,0.0,0.0,0.0,0.0,0.0,0.0,0.0,0.0,0.0,0.0,6,0,0.0,1.0,0.0,0.0,7.83,7.51,535.8,6,0.6243,185.0
EMP040,2026-03-26,0,0,0,0,0,177,85,85,85,0.0,0.0,0.0,0.0,0.0,0.0,0.0,0.0,0.0,0.0,0.0,0.0,0.0,0.0,0.0,0.0,6,0,0.0,1.0,0.0,0.0,7.83,7.51,535.8,6,0.661,88.5
EMP040,2026-03-27,0,0,0,0,0,401,86,86,86,0.0,0.0,0.0,0.0,0.0,0.0,0.0,0.0,0.0,0.0,0.0,0.0,0.0,0.0,0.0,0.0,6,0,0.0,1.0,0.0,0.0,7.83,7.51,535.8,6,0.5935,200.5
EMP040,2026-03-28,0,0,0,0,0,122,87,87,87,0.0,0.0,0.0,0.0,0.0,0.0,0.0,0.0,0.0,0.0,0.0,0.0,0.0,0.0,0.0,0.0,6,0,0.0,1.0,0.0,0.0,7.83,7.51,535.8,6,0.6066,61.0
EMP040,2026-03-29,0,0,0,0,0,0,88,88,88,0.0,0.0,0.0,0.0,0.0,0.0,0.0,0.0,0.0,0.0,0.0,0.0,0.0,0.0,0.0,100.0,0,6,0.0,1.0,0.0,0.0,7.83,7.51,535.8,0,0.0,0.0
EMP040,2026-03-30,0,0,0,0,0,0,89,89,89,0.0,0.0,0.0,0.0,0.0,0.0,0.0,0.0,0.0,0.0,0.0,0.0,0.0,0.0,0.0,100.0,0,6,0.0,1.0,0.0,0.0,7.83,7.51,535.8,0,0.0,0.0
EMP040,2026-03-31,0,0,0,0,0,357,90,90,90,0.0,0.0,0.0,0.0,0.0,0.0,0.0,0.0,0.0,0.0,0.0,0.0,0.0,0.0,0.0,0.0,6,0,0.0,1.0,0.0,0.0,7.83,7.51,535.8,6,0.619,178.5
EMP041,2026-01-01,0,0,0,0,0,0,1,1,1,0.0,0.0,0.0,0.0,0.0,0.0,0.0,0.0,0.0,0.0,0.0,0.0,0.0,0.0,0.0,100.0,0,6,0.0,1.0,0.0,50.0,7.03,11.82,495.13,0,0.0,0.0
EMP041,2026-01-02,0,0,0,0,0,224,2,2,2,0.0,0.0,0.0,0.0,0.0,0.0,0.0,0.0,0.0,0.0,0.0,0.0,0.0,0.0,0.0,0.0,6,0,0.0,1.0,0.0,50.0,7.03,11.82,495.13,6,0.5357,112.0
EMP041,2026-01-03,0,0,0,0,0,66,3,3,3,0.0,0.0,0.0,0.0,0.0,0.0,0.0,0.0,0.0,0.0,0.0,0.0,0.0,0.0,0.0,0.0,6,0,0.0,1.0,0.0,50.0,7.03,11.82,495.13,6,0.5909,33.0
EMP041,2026-01-04,0,0,0,0,0,0,4,4,4,0.0,0.0,0.0,0.0,0.0,0.0,0.0,0.0,0.0,0.0,0.0,0.0,0.0,0.0,0.0,100.0,0,6,0.0,1.0,0.0,50.0,7.03,11.82,495.13,0,0.0,0.0
EMP041,2026-01-05,0,0,0,0,0,198,5,5,5,0.0,0.0,0.0,0.0,0.0,0.0,0.0,0.0,0.0,0.0,0.0,0.0,0.0,0.0,0.0,0.0,6,0,0.0,1.0,0.0,50.0,7.03,11.82,495.13,6,0.6667,99.0
EMP041,2026-01-06,0,0,0,0,0,208,6,6,6,0.0,0.0,0.0,0.0,0.0,0.0,0.0,0.0,0.0,0.0,0.0,0.0,0.0,0.0,0.0,0.0,6,0,0.0,1.0,0.0,50.0,7.03,11.82,495.13,6,0.5865,104.0
EMP041,2026-01-07,0,0,0,0,0,158,7,7,7,0.0,0.0,0.0,0.0,0.0,0.0,0.0,0.0,0.0,0.0,0.0,0.0,0.0,0.0,0.0,0.0,6,0,0.0,1.0,0.0,50.0,7.03,11.82,495.13,6,0.4937,79.0
EMP041,2026-01-08,0,0,0,0,0,177,8,8,8,0.0,0.0,0.0,0.0,0.0,0.0,0.0,0.0,0.0,0.0,0.0,0.0,0.0,0.0,0.0,0.0,6,0,0.0,1.0,0.0,50.0,7.03,11.82,495.13,6,0.6384,88.5
EMP041,2026-01-09,0,0,0,0,0,203,9,9,9,0.0,0.0,0.0,0.0,0.0,0.0,0.0,0.0,0.0,0.0,0.0,0.0,0.0,0.0,0.0,0.0,6,0,0.0,1.0,0.0,50.0,7.03,11.82,495.13,6,0.6305,101.5
EMP041,2026-01-10,0,0,0,0,0,66,10,10,10,0.0,0.0,0.0,0.0,0.0,0.0,0.0,0.0,0.0,0.0,0.0,0.0,0.0,0.0,0.0,0.0,6,0,0.0,1.0,0.0,50.0,7.03,11.82,495.13,6,0.5758,33.0
EMP041,2026-01-11,0,0,0,0,0,0,11,11,11,0.0,0.0,0.0,0.0,0.0,0.0,0.0,0.0,0.0,0.0,0.0,0.0,0.0,0.0,0.0,100.0,0,6,0.0,1.0,0.0,50.0,7.03,11.82,495.13,0,0.0,0.0
EMP041,2026-01-12,0,0,0,0,0,204,12,12,12,0.0,0.0,0.0,0.0,0.0,0.0,0.0,0.0,0.0,0.0,0.0,0.0,0.0,0.0,0.0,0.0,6,0,0.0,1.0,0.0,50.0,7.03,11.82,495.13,6,0.5882,102.0
EMP041,2026-01-13,0,0,0,0,0,185,13,13,13,0.0,0.0,0.0,0.0,0.0,0.0,0.0,0.0,0.0,0.0,0.0,0.0,0.0,0.0,0.0,0.0,6,0,0.0,1.0,0.0,50.0,7.03,11.82,495.13,6,0.6811,92.5
EMP041,2026-01-14,0,0,0,0,0,170,14,14,14,0.0,0.0,0.0,0.0,0.0,0.0,0.0,0.0,0.0,0.0,0.0,0.0,0.0,0.0,0.0,0.0,6,0,0.0,1.0,0.0,50.0,7.03,11.82,495.13,6,0.5706,85.0
EMP041,2026-01-15,0,0,0,0,0,196,15,15,15,0.0,0.0,0.0,0.0,0.0,0.0,0.0,0.0,0.0,0.0,0.0,0.0,0.0,0.0,0.0,0.0,6,0,0.0,1.0,0.0,50.0,7.03,11.82,495.13,6,0.6735,98.0
EMP041,2026-01-16,0,0,0,0,0,216,16,16,16,0.0,0.0,0.0,0.0,0.0,0.0,0.0,0.0,0.0,0.0,0.0,0.0,0.0,0.0,0.0,0.0,6,0,0.0,1.0,0.0,50.0,7.03,11.82,495.13,6,0.6852,108.0
EMP041,2026-01-17,0,0,0,0,0,80,17,17,17,0.0,0.0,0.0,0.0,0.0,0.0,0.0,0.0,0.0,0.0,0.0,0.0,0.0,0.0,0.0,0.0,6,0,0.0,1.0,0.0,50.0,7.03,11.82,495.13,6,0.6125,40.0
EMP041,2026-01-18,0,0,0,0,0,0,18,18,18,0.0,0.0,0.0,0.0,0.0,0.0,0.0,0.0,0.0,0.0,0.0,0.0,0.0,0.0,0.0,100.0,0,6,0.0,1.0,0.0,50.0,7.03,11.82,495.13,0,0.0,0.0
EMP041,2026-01-19,0,0,0,0,0,226,19,19,19,0.0,0.0,0.0,0.0,0.0,0.0,0.0,0.0,0.0,0.0,0.0,0.0,0.0,0.0,0.0,0.0,6,0,0.0,1.0,0.0,50.0,7.03,11.82,495.13,6,0.5841,113.0
EMP041,2026-01-20,0,0,0,0,0,192,20,20,20,0.0,0.0,0.0,0.0,0.0,0.0,0.0,0.0,0.0,0.0,0.0,0.0,0.0,0.0,0.0,0.0,6,0,0.0,1.0,0.0,50.0,7.03,11.82,495.13,6,0.5365,96.0
EMP041,2026-01-21,0,0,0,0,0,195,21,21,21,0.0,0.0,0.0,0.0,0.0,0.0,0.0,0.0,0.0,0.0,0.0,0.0,0.0,0.0,0.0,0.0,6,0,0.0,1.0,0.0,50.0,7.03,11.82,495.13,6,0.6615,97.5
EMP041,2026-01-22,0,0,0,0,0,209,22,22,22,0.0,0.0,0.0,0.0,0.0,0.0,0.0,0.0,0.0,0.0,0.0,0.0,0.0,0.0,0.0,0.0,6,0,0.0,1.0,0.0,50.0,7.03,11.82,495.13,6,0.6842,104.5
EMP041,2026-01-23,0,0,0,0,0,19,23,23,23,0.0,0.0,0.0,0.0,0.0,0.0,0.0,0.0,0.0,0.0,0.0,0.0,0.0,0.0,0.0,0.0,6,0,0.0,1.0,0.0,50.0,7.03,11.82,495.13,6,0.6316,9.5
EMP041,2026-01-24,0,0,0,0,0,79,24,24,24,0.0,0.0,0.0,0.0,0.0,0.0,0.0,0.0,0.0,0.0,0.0,0.0,0.0,0.0,0.0,0.0,6,0,0.0,1.0,0.0,50.0,7.03,11.82,495.13,6,0.519,39.5
EMP041,2026-01-25,0,0,0,0,0,0,25,25,25,0.0,0.0,0.0,0.0,0.0,0.0,0.0,0.0,0.0,0.0,0.0,0.0,0.0,0.0,0.0,100.0,0,6,0.0,1.0,0.0,50.0,7.03,11.82,495.13,0,0.0,0.0
EMP041,2026-01-26,0,0,0,0,0,0,26,26,26,0.0,0.0,0.0,0.0,0.0,0.0,0.0,0.0,0.0,0.0,0.0,0.0,0.0,0.0,0.0,100.0,0,6,0.0,1.0,0.0,50.0,7.03,11.82,495.13,0,0.0,0.0
EMP041,2026-01-27,0,0,0,0,0,192,27,27,27,0.0,0.0,0.0,0.0,0.0,0.0,0.0,0.0,0.0,0.0,0.0,0.0,0.0,0.0,0.0,0.0,6,0,0.0,1.0,0.0,50.0,7.03,11.82,495.13,6,0.6042,96.0
EMP041,2026-01-28,0,0,0,0,0,183,28,28,28,0.0,0.0,0.0,0.0,0.0,0.0,0.0,0.0,0.0,0.0,0.0,0.0,0.0,0.0,0.0,0.0,6,0,0.0,1.0,0.0,50.0,7.03,11.82,495.13,6,0.6721,91.5
EMP041,2026-01-29,0,0,0,0,0,205,29,29,29,0.0,0.0,0.0,0.0,0.0,0.0,0.0,0.0,0.0,0.0,0.0,0.0,0.0,0.0,0.0,0.0,6,0,0.0,1.0,0.0,50.0,7.03,11.82,495.13,6,0.6098,102.5
EMP041,2026-01-30,0,0,0,0,0,15,30,30,30,0.0,0.0,0.0,0.0,0.0,0.0,0.0,0.0,0.0,0.0,0.0,0.0,0.0,0.0,0.0,0.0,6,0,0.0,1.0,0.0,50.0,7.03,11.82,495.13,6,0.6,7.5
EMP041,2026-01-31,0,0,0,0,0,44,31,31,31,0.0,0.0,0.0,0.0,0.0,0.0,0.0,0.0,0.0,0.0,0.0,0.0,0.0,0.0,0.0,0.0,6,0,0.0,1.0,0.0,50.0,7.03,11.82,495.13,6,0.5455,22.0
EMP041,2026-02-01,0,0,0,0,0,0,32,32,32,0.0,0.0,0.0,0.0,0.0,0.0,0.0,0.0,0.0,0.0,0.0,0.0,0.0,0.0,0.0,100.0,0,6,0.0,1.0,0.0,50.0,7.03,11.82,495.13,0,0.0,0.0
EMP041,2026-02-02,0,0,0,0,0,253,33,33,33,0.0,0.0,0.0,0.0,0.0,0.0,0.0,0.0,0.0,0.0,0.0,0.0,0.0,0.0,0.0,0.0,6,0,0.0,1.0,0.0,50.0,7.03,11.82,495.13,6,0.5138,126.5
EMP041,2026-02-03,0,0,0,0,0,324,34,34,34,0.0,0.0,0.0,0.0,0.0,0.0,0.0,0.0,0.0,0.0,0.0,0.0,0.0,0.0,0.0,0.0,6,0,0.0,1.0,0.0,50.0,7.03,11.82,495.13,6,0.6049,162.0
EMP041,2026-02-04,0,0,0,0,0,191,35,35,35,0.0,0.0,0.0,0.0,0.0,0.0,0.0,0.0,0.0,0.0,0.0,0.0,0.0,0.0,0.0,0.0,6,0,0.0,1.0,0.0,50.0,7.03,11.82,495.13,6,0.534,95.5
EMP041,2026-02-05,0,0,0,0,0,248,36,36,36,0.0,0.0,0.0,0.0,0.0,0.0,0.0,0.0,0.0,0.0,0.0,0.0,0.0,0.0,0.0,0.0,6,0,0.0,1.0,0.0,50.0,7.03,11.82,495.13,6,0.6452,124.0
EMP041,2026-02-06,0,0,0,0,0,233,37,37,37,0.0,0.0,0.0,0.0,0.0,0.0,0.0,0.0,0.0,0.0,0.0,0.0,0.0,0.0,0.0,0.0,6,0,0.0,1.0,0.0,50.0,7.03,11.82,495.13,6,0.6009,116.5
EMP041,2026-02-07,0,0,0,0,0,90,38,38,38,0.0,0.0,0.0,0.0,0.0,0.0,0.0,0.0,0.0,0.0,0.0,0.0,0.0,0.0,0.0,0.0,6,0,0.0,1.0,0.0,50.0,7.03,11.82,495.13,6,0.6222,45.0
EMP041,2026-02-08,0,0,0,0,0,0,39,39,39,0.0,0.0,0.0,0.0,0.0,0.0,0.0,0.0,0.0,0.0,0.0,0.0,0.0,0.0,0.0,100.0,0,6,0.0,1.0,0.0,50.0,7.03,11.82,495.13,0,0.0,0.0
EMP041,2026-02-09,0,0,0,0,0,219,40,40,40,0.0,0.0,0.0,0.0,0.0,0.0,0.0,0.0,0.0,0.0,0.0,0.0,0.0,0.0,0.0,0.0,6,0,0.0,1.0,0.0,50.0,7.03,11.82,495.13,6,0.5845,109.5
EMP041,2026-02-10,0,0,0,0,0,227,41,41,41,0.0,0.0,0.0,0.0,0.0,0.0,0.0,0.0,0.0,0.0,0.0,0.0,0.0,0.0,0.0,0.0,6,0,0.0,1.0,0.0,50.0,7.03,11.82,495.13,6,0.6211,113.5
EMP041,2026-02-11,0,0,0,0,0,217,42,42,42,0.0,0.0,0.0,0.0,0.0,0.0,0.0,0.0,0.0,0.0,0.0,0.0,0.0,0.0,0.0,0.0,6,0,0.0,1.0,0.0,50.0,7.03,11.82,495.13,6,0.5899,108.5
EMP041,2026-02-12,0,0,0,0,0,229,43,43,43,0.0,0.0,0.0,0.0,0.0,0.0,0.0,0.0,0.0,0.0,0.0,0.0,0.0,0.0,0.0,0.0,6,0,0.0,1.0,0.0,50.0,7.03,11.82,495.13,6,0.6114,114.5
EMP041,2026-02-13,0,0,0,0,0,0,44,44,44,0.0,0.0,0.0,0.0,0.0,0.0,0.0,0.0,0.0,0.0,0.0,0.0,0.0,0.0,0.0,100.0,0,6,0.0,1.0,0.0,50.0,7.03,11.82,495.13,0,0.0,0.0
EMP041,2026-02-14,0,0,0,0,0,84,45,45,45,0.0,0.0,0.0,0.0,0.0,0.0,0.0,0.0,0.0,0.0,0.0,0.0,0.0,0.0,0.0,0.0,6,0,0.0,1.0,0.0,50.0,7.03,11.82,495.13,6,0.6071,42.0
EMP041,2026-02-15,0,0,0,0,0,0,46,46,46,0.0,0.0,0.0,0.0,0.0,0.0,0.0,0.0,0.0,0.0,0.0,0.0,0.0,0.0,0.0,100.0,0,6,0.0,1.0,0.0,50.0,7.03,11.82,495.13,0,0.0,0.0
EMP041,2026-02-16,0,0,0,0,0,0,47,47,47,0.0,0.0,0.0,0.0,0.0,0.0,0.0,0.0,0.0,0.0,0.0,0.0,0.0,0.0,0.0,100.0,0,6,0.0,1.0,0.0,50.0,7.03,11.82,495.13,0,0.0,0.0
EMP041,2026-02-17,0,0,0,0,0,0,48,48,48,0.0,0.0,0.0,0.0,0.0,0.0,0.0,0.0,0.0,0.0,0.0,0.0,0.0,0.0,0.0,100.0,0,6,0.0,1.0,0.0,50.0,7.03,11.82,495.13,0,0.0,0.0
EMP041,2026-02-18,0,0,0,0,0,231,49,49,49,0.0,0.0,0.0,0.0,0.0,0.0,0.0,0.0,0.0,0.0,0.0,0.0,0.0,0.0,0.0,0.0,6,0,0.0,1.0,0.0,50.0,7.03,11.82,495.13,6,0.6883,115.5
EMP041,2026-02-19,0,0,0,0,0,217,50,50,50,0.0,0.0,0.0,0.0,0.0,0.0,0.0,0.0,0.0,0.0,0.0,0.0,0.0,0.0,0.0,0.0,6,0,0.0,1.0,0.0,50.0,7.03,11.82,495.13,6,0.6037,108.5
EMP041,2026-02-20,0,0,0,0,0,286,51,51,51,0.0,0.0,0.0,0.0,0.0,0.0,0.0,0.0,0.0,0.0,0.0,0.0,0.0,0.0,0.0,0.0,6,0,0.0,1.0,0.0,50.0,7.03,11.82,495.13,6,0.6119,143.0
EMP041,2026-02-21,0,0,0,0,0,87,52,52,52,0.0,0.0,0.0,0.0,0.0,0.0,0.0,0.0,0.0,0.0,0.0,0.0,0.0,0.0,0.0,0.0,6,0,0.0,1.0,0.0,50.0,7.03,11.82,495.13,6,0.5517,43.5
EMP041,2026-02-22,0,0,0,0,0,0,53,53,53,0.0,0.0,0.0,0.0,0.0,0.0,0.0,0.0,0.0,0.0,0.0,0.0,0.0,0.0,0.0,100.0,0,6,0.0,1.0,0.0,50.0,7.03,11.82,495.13,0,0.0,0.0
EMP041,2026-02-23,0,0,0,0,0,0,54,54,54,0.0,0.0,0.0,0.0,0.0,0.0,0.0,0.0,0.0,0.0,0.0,0.0,0.0,0.0,0.0,100.0,0,6,0.0,1.0,0.0,50.0,7.03,11.82,495.13,0,0.0,0.0
EMP041,2026-02-24,0,0,0,0,0,251,55,55,55,0.0,0.0,0.0,0.0,0.0,0.0,0.0,0.0,0.0,0.0,0.0,0.0,0.0,0.0,0.0,0.0,6,0,0.0,1.0,0.0,50.0,7.03,11.82,495.13,6,0.6175,125.5
EMP041,2026-02-25,0,0,0,0,0,230,56,56,56,0.0,0.0,0.0,0.0,0.0,0.0,0.0,0.0,0.0,0.0,0.0,0.0,0.0,0.0,0.0,0.0,6,0,0.0,1.0,0.0,50.0,7.03,11.82,495.13,6,0.6565,115.0
EMP041,2026-02-26,0,0,0,0,0,277,57,57,57,0.0,0.0,0.0,0.0,0.0,0.0,0.0,0.0,0.0,0.0,0.0,0.0,0.0,0.0,0.0,0.0,6,0,0.0,1.0,0.0,50.0,7.03,11.82,495.13,6,0.5199,138.5
EMP041,2026-02-27,0,0,0,0,0,284,58,58,58,0.0,0.0,0.0,0.0,0.0,0.0,0.0,0.0,0.0,0.0,0.0,0.0,0.0,0.0,0.0,0.0,6,0,0.0,1.0,0.0,50.0,7.03,11.82,495.13,6,0.588,142.0
EMP041,2026-02-28,0,0,0,0,0,106,59,59,59,0.0,0.0,0.0,0.0,0.0,0.0,0.0,0.0,0.0,0.0,0.0,0.0,0.0,0.0,0.0,0.0,6,0,0.0,1.0,0.0,50.0,7.03,11.82,495.13,6,0.6415,53.0
EMP041,2026-03-01,0,0,0,0,0,0,60,60,60,0.0,0.0,0.0,0.0,0.0,0.0,0.0,0.0,0.0,0.0,0.0,0.0,0.0,0.0,0.0,100.0,0,6,0.0,1.0,0.0,50.0,7.03,11.82,495.13,0,0.0,0.0
EMP041,2026-03-02,0,0,0,0,0,0,61,61,61,0.0,0.0,0.0,0.0,0.0,0.0,0.0,0.0,0.0,0.0,0.0,0.0,0.0,0.0,0.0,100.0,0,6,0.0,1.0,0.0,50.0,7.03,11.82,495.13,0,0.0,0.0
EMP041,2026-03-03,0,0,0,0,0,0,62,62,62,0.0,0.0,0.0,0.0,0.0,0.0,0.0,0.0,0.0,0.0,0.0,0.0,0.0,0.0,0.0,100.0,0,6,0.0,1.0,0.0,50.0,7.03,11.82,495.13,0,0.0,0.0
EMP041,2026-03-04,0,0,0,0,0,236,63,63,63,0.0,0.0,0.0,0.0,0.0,0.0,0.0,0.0,0.0,0.0,0.0,0.0,0.0,0.0,0.0,0.0,6,0,0.0,1.0,0.0,50.0,7.03,11.82,495.13,6,0.6102,118.0
EMP041,2026-03-05,0,0,0,0,0,244,64,64,64,0.0,0.0,0.0,0.0,0.0,0.0,0.0,0.0,0.0,0.0,0.0,0.0,0.0,0.0,0.0,0.0,6,0,0.0,1.0,0.0,50.0,7.03,11.82,495.13,6,0.6189,122.0
EMP041,2026-03-06,0,0,0,0,0,260,65,65,65,0.0,0.0,0.0,0.0,0.0,0.0,0.0,0.0,0.0,0.0,0.0,0.0,0.0,0.0,0.0,0.0,6,0,0.0,1.0,0.0,50.0,7.03,11.82,495.13,6,0.7,130.0
EMP041,2026-03-07,0,0,0,0,0,98,66,66,66,0.0,0.0,0.0,0.0,0.0,0.0,0.0,0.0,0.0,0.0,0.0,0.0,0.0,0.0,0.0,0.0,6,0,0.0,1.0,0.0,50.0,7.03,11.82,495.13,6,0.6327,49.0
EMP041,2026-03-08,0,0,0,0,0,0,67,67,67,0.0,0.0,0.0,0.0,0.0,0.0,0.0,0.0,0.0,0.0,0.0,0.0,0.0,0.0,0.0,100.0,0,6,0.0,1.0,0.0,50.0,7.03,11.82,495.13,0,0.0,0.0
EMP041,2026-03-09,0,0,0,0,0,199,68,68,68,0.0,0.0,0.0,0.0,0.0,0.0,0.0,0.0,0.0,0.0,0.0,0.0,0.0,0.0,0.0,0.0,6,0,0.0,1.0,0.0,50.0,7.03,11.82,495.13,6,0.5829,99.5
EMP041,2026-03-10,0,0,0,0,0,227,69,69,69,0.0,0.0,0.0,0.0,0.0,0.0,0.0,0.0,0.0,0.0,0.0,0.0,0.0,0.0,0.0,0.0,6,0,0.0,1.0,0.0,50.0,7.03,11.82,495.13,6,0.5815,113.5
EMP041,2026-03-11,0,0,0,0,0,252,70,70,70,0.0,0.0,0.0,0.0,0.0,0.0,0.0,0.0,0.0,0.0,0.0,0.0,0.0,0.0,0.0,0.0,6,0,0.0,1.0,0.0,50.0,7.03,11.82,495.13,6,0.7063,126.0
EMP041,2026-03-12,0,0,0,0,0,173,71,71,71,0.0,0.0,0.0,0.0,0.0,0.0,0.0,0.0,0.0,0.0,0.0,0.0,0.0,0.0,0.0,0.0,6,0,0.0,1.0,0.0,50.0,7.03,11.82,495.13,6,0.6763,86.5
EMP041,2026-03-13,0,0,0,0,0,250,72,72,72,0.0,0.0,0.0,0.0,0.0,0.0,0.0,0.0,0.0,0.0,0.0,0.0,0.0,0.0,0.0,0.0,6,0,0.0,1.0,0.0,50.0,7.03,11.82,495.13,6,0.564,125.0
EMP041,2026-03-14,0,0,0,0,0,77,73,73,73,0.0,0.0,0.0,0.0,0.0,0.0,0.0,0.0,0.0,0.0,0.0,0.0,0.0,0.0,0.0,0.0,6,0,0.0,1.0,0.0,50.0,7.03,11.82,495.13,6,0.5714,38.5
EMP041,2026-03-15,0,0,0,0,0,0,74,74,74,0.0,0.0,0.0,0.0,0.0,0.0,0.0,0.0,0.0,0.0,0.0,0.0,0.0,0.0,0.0,100.0,0,6,0.0,1.0,0.0,50.0,7.03,11.82,495.13,0,0.0,0.0
EMP041,2026-03-16,0,0,0,0,0,224,75,75,75,0.0,0.0,0.0,0.0,0.0,0.0,0.0,0.0,0.0,0.0,0.0,0.0,0.0,0.0,0.0,0.0,6,0,0.0,1.0,0.0,50.0,7.03,11.82,495.13,6,0.5268,112.0
EMP041,2026-03-17,0,0,0,0,0,245,76,76,76,0.0,0.0,0.0,0.0,0.0,0.0,0.0,0.0,0.0,0.0,0.0,0.0,0.0,0.0,0.0,0.0,6,0,0.0,1.0,0.0,50.0,7.03,11.82,495.13,6,0.6816,122.5
EMP041,2026-03-18,0,0,0,0,0,199,77,77,77,0.0,0.0,0.0,0.0,0.0,0.0,0.0,0.0,0.0,0.0,0.0,0.0,0.0,0.0,0.0,0.0,6,0,0.0,1.0,0.0,50.0,7.03,11.82,495.13,6,0.6332,99.5
EMP041,2026-03-19,0,0,0,0,0,224,78,78,78,0.0,0.0,0.0,0.0,0.0,0.0,0.0,0.0,0.0,0.0,0.0,0.0,0.0,0.0,0.0,0.0,6,0,0.0,1.0,0.0,50.0,7.03,11.82,495.13,6,0.6741,112.0
EMP041,2026-03-20,0,0,0,0,0,259,79,79,79,0.0,0.0,0.0,0.0,0.0,0.0,0.0,0.0,0.0,0.0,0.0,0.0,0.0,0.0,0.0,0.0,6,0,0.0,1.0,0.0,50.0,7.03,11.82,495.13,6,0.5946,129.5
EMP041,2026-03-21,0,0,0,0,0,76,80,80,80,0.0,0.0,0.0,0.0,0.0,0.0,0.0,0.0,0.0,0.0,0.0,0.0,0.0,0.0,0.0,0.0,6,0,0.0,1.0,0.0,50.0,7.03,11.82,495.13,6,0.6053,38.0
EMP041,2026-03-22,0,0,0,0,0,0,81,81,81,0.0,0.0,0.0,0.0,0.0,0.0,0.0,0.0,0.0,0.0,0.0,0.0,0.0,0.0,0.0,100.0,0,6,0.0,1.0,0.0,50.0,7.03,11.82,495.13,0,0.0,0.0
EMP041,2026-03-23,0,0,0,0,0,242,82,82,82,0.0,0.0,0.0,0.0,0.0,0.0,0.0,0.0,0.0,0.0,0.0,0.0,0.0,0.0,0.0,0.0,6,0,0.0,1.0,0.0,50.0,7.03,11.82,495.13,6,0.6322,121.0
EMP041,2026-03-24,0,0,0,0,0,257,83,83,83,0.0,0.0,0.0,0.0,0.0,0.0,0.0,0.0,0.0,0.0,0.0,0.0,0.0,0.0,0.0,0.0,6,0,0.0,1.0,0.0,50.0,7.03,11.82,495.13,6,0.5992,128.5
EMP041,2026-03-25,0,0,0,0,0,283,84,84,84,0.0,0.0,0.0,0.0,0.0,0.0,0.0,0.0,0.0,0.0,0.0,0.0,0.0,0.0,0.0,0.0,6,0,0.0,1.0,0.0,50.0,7.03,11.82,495.13,6,0.5088,141.5
EMP041,2026-03-26,0,0,0,0,0,344,85,85,85,0.0,0.0,0.0,0.0,0.0,0.0,0.0,0.0,0.0,0.0,0.0,0.0,0.0,0.0,0.0,0.0,6,0,0.0,1.0,0.0,50.0,7.03,11.82,495.13,6,0.6453,172.0
EMP041,2026-03-27,0,0,0,0,0,329,86,86,86,0.0,0.0,0.0,0.0,0.0,0.0,0.0,0.0,0.0,0.0,0.0,0.0,0.0,0.0,0.0,0.0,6,0,0.0,1.0,0.0,50.0,7.03,11.82,495.13,6,0.5562,164.5
EMP041,2026-03-28,0,0,0,0,0,120,87,87,87,0.0,0.0,0.0,0.0,0.0,0.0,0.0,0.0,0.0,0.0,0.0,0.0,0.0,0.0,0.0,0.0,6,0,0.0,1.0,0.0,50.0,7.03,11.82,495.13,6,0.6833,60.0
EMP041,2026-03-29,0,0,0,0,0,0,88,88,88,0.0,0.0,0.0,0.0,0.0,0.0,0.0,0.0,0.0,0.0,0.0,0.0,0.0,0.0,0.0,100.0,0,6,0.0,1.0,0.0,50.0,7.03,11.82,495.13,0,0.0,0.0
EMP041,2026-03-30,0,0,0,0,0,0,89,89,89,0.0,0.0,0.0,0.0,0.0,0.0,0.0,0.0,0.0,0.0,0.0,0.0,0.0,0.0,0.0,100.0,0,6,0.0,1.0,0.0,50.0,7.03,11.82,495.13,0,0.0,0.0
EMP041,2026-03-31,0,0,0,0,0,279,90,90,90,0.0,0.0,0.0,0.0,0.0,0.0,0.0,0.0,0.0,0.0,0.0,0.0,0.0,0.0,0.0,0.0,6,0,0.0,1.0,0.0,50.0,7.03,11.82,495.13,6,0.6129,139.5
EMP042,2026-01-01,0,0,0,0,0,0,1,1,1,0.0,0.0,0.0,0.0,0.0,0.0,0.0,0.0,0.0,0.0,0.0,0.0,0.0,0.0,0.0,100.0,0,6,0.0,1.0,0.0,50.0,5.67,12.45,559.3,0,0.0,0.0
EMP042,2026-01-02,0,0,0,0,0,389,2,2,2,0.0,0.0,0.0,0.0,0.0,0.0,0.0,0.0,0.0,0.0,0.0,0.0,0.0,0.0,0.0,0.0,6,0,0.0,1.0,0.0,50.0,5.67,12.45,559.3,6,0.6864,194.5
EMP042,2026-01-03,0,0,0,0,0,181,3,3,3,0.0,0.0,0.0,0.0,0.0,0.0,0.0,0.0,0.0,0.0,0.0,0.0,0.0,0.0,0.0,0.0,6,0,0.0,1.0,0.0,50.0,5.67,12.45,559.3,6,0.6022,90.5
EMP042,2026-01-04,0,0,0,0,0,0,4,4,4,0.0,0.0,0.0,0.0,0.0,0.0,0.0,0.0,0.0,0.0,0.0,0.0,0.0,0.0,0.0,100.0,0,6,0.0,1.0,0.0,50.0,5.67,12.45,559.3,0,0.0,0.0
EMP042,2026-01-05,0,0,0,0,0,364,5,5,5,0.0,0.0,0.0,0.0,0.0,0.0,0.0,0.0,0.0,0.0,0.0,0.0,0.0,0.0,0.0,0.0,6,0,0.0,1.0,0.0,50.0,5.67,12.45,559.3,6,0.6126,182.0
EMP042,2026-01-06,0,0,0,0,0,329,6,6,6,0.0,0.0,0.0,0.0,0.0,0.0,0.0,0.0,0.0,0.0,0.0,0.0,0.0,0.0,0.0,0.0,6,0,0.0,1.0,0.0,50.0,5.67,12.45,559.3,6,0.5228,164.5
EMP042,2026-01-07,0,0,0,0,0,159,7,7,7,0.0,0.0,0.0,0.0,0.0,0.0,0.0,0.0,0.0,0.0,0.0,0.0,0.0,0.0,0.0,0.0,6,0,0.0,1.0,0.0,50.0,5.67,12.45,559.3,6,0.522,79.5
EMP042,2026-01-08,0,0,0,0,0,339,8,8,8,0.0,0.0,0.0,0.0,0.0,0.0,0.0,0.0,0.0,0.0,0.0,0.0,0.0,0.0,0.0,0.0,6,0,0.0,1.0,0.0,50.0,5.67,12.45,559.3,6,0.4897,169.5
EMP042,2026-01-09,0,0,0,0,0,307,9,9,9,0.0,0.0,0.0,0.0,0.0,0.0,0.0,0.0,0.0,0.0,0.0,0.0,0.0,0.0,0.0,0.0,6,0,0.0,1.0,0.0,50.0,5.67,12.45,559.3,6,0.5505,153.5
EMP042,2026-01-10,0,0,0,0,0,120,10,10,10,0.0,0.0,0.0,0.0,0.0,0.0,0.0,0.0,0.0,0.0,0.0,0.0,0.0,0.0,0.0,0.0,6,0,0.0,1.0,0.0,50.0,5.67,12.45,559.3,6,0.5833,60.0
EMP042,2026-01-11,0,0,0,0,0,0,11,11,11,0.0,0.0,0.0,0.0,0.0,0.0,0.0,0.0,0.0,0.0,0.0,0.0,0.0,0.0,0.0,100.0,0,6,0.0,1.0,0.0,50.0,5.67,12.45,559.3,0,0.0,0.0
EMP042,2026-01-12,0,0,0,0,0,333,12,12,12,0.0,0.0,0.0,0.0,0.0,0.0,0.0,0.0,0.0,0.0,0.0,0.0,0.0,0.0,0.0,0.0,6,0,0.0,1.0,0.0,50.0,5.67,12.45,559.3,6,0.6907,166.5
EMP042,2026-01-13,0,0,0,0,0,15,13,13,13,0.0,0.0,0.0,0.0,0.0,0.0,0.0,0.0,0.0,0.0,0.0,0.0,0.0,0.0,0.0,16.67,5,1,0.0,1.0,0.0,50.0,5.67,12.45,559.3,5,0.6,7.5
EMP042,2026-01-14,0,0,0,0,0,277,14,14,14,0.0,0.0,0.0,0.0,0.0,0.0,0.0,0.0,0.0,0.0,0.0,0.0,0.0,0.0,0.0,0.0,6,0,0.0,1.0,0.0,50.0,5.67,12.45,559.3,6,0.6101,138.5
EMP042,2026-01-15,0,0,0,0,0,266,15,15,15,0.0,0.0,0.0,0.0,0.0,0.0,0.0,0.0,0.0,0.0,0.0,0.0,0.0,0.0,0.0,0.0,6,0,0.0,1.0,0.0,50.0,5.67,12.45,559.3,6,0.6429,133.0
EMP042,2026-01-16,0,0,0,0,0,336,16,16,16,0.0,0.0,0.0,0.0,0.0,0.0,0.0,0.0,0.0,0.0,0.0,0.0,0.0,0.0,0.0,0.0,6,0,0.0,1.0,0.0,50.0,5.67,12.45,559.3,6,0.622,168.0
EMP042,2026-01-17,0,0,0,0,0,128,17,17,17,0.0,0.0,0.0,0.0,0.0,0.0,0.0,0.0,0.0,0.0,0.0,0.0,0.0,0.0,0.0,0.0,6,0,0.0,1.0,0.0,50.0,5.67,12.45,559.3,6,0.5234,64.0
EMP042,2026-01-18,0,0,0,0,0,0,18,18,18,0.0,0.0,0.0,0.0,0.0,0.0,0.0,0.0,0.0,0.0,0.0,0.0,0.0,0.0,0.0,100.0,0,6,0.0,1.0,0.0,50.0,5.67,12.45,559.3,0,0.0,0.0
EMP042,2026-01-19,0,0,0,0,0,189,19,19,19,0.0,0.0,0.0,0.0,0.0,0.0,0.0,0.0,0.0,0.0,0.0,0.0,0.0,0.0,0.0,0.0,6,0,0.0,1.0,0.0,50.0,5.67,12.45,559.3,6,0.5503,94.5
EMP042,2026-01-20,0,0,0,0,0,173,20,20,20,0.0,0.0,0.0,0.0,0.0,0.0,0.0,0.0,0.0,0.0,0.0,0.0,0.0,0.0,0.0,0.0,6,0,0.0,1.0,0.0,50.0,5.67,12.45,559.3,6,0.6012,86.5
EMP042,2026-01-21,0,0,0,0,0,293,21,21,21,0.0,0.0,0.0,0.0,0.0,0.0,0.0,0.0,0.0,0.0,0.0,0.0,0.0,0.0,0.0,0.0,6,0,0.0,1.0,0.0,50.0,5.67,12.45,559.3,6,0.6314,146.5
EMP042,2026-01-22,0,0,0,0,0,355,22,22,22,0.0,0.0,0.0,0.0,0.0,0.0,0.0,0.0,0.0,0.0,0.0,0.0,0.0,0.0,0.0,0.0,6,0,0.0,1.0,0.0,50.0,5.67,12.45,559.3,6,0.5577,177.5
EMP042,2026-01-23,0,0,0,0,0,372,23,23,23,0.0,0.0,0.0,0.0,0.0,0.0,0.0,0.0,0.0,0.0,0.0,0.0,0.0,0.0,0.0,0.0,6,0,0.0,1.0,0.0,50.0,5.67,12.45,559.3,6,0.6156,186.0
EMP042,2026-01-24,0,0,0,0,0,137,24,24,24,0.0,0.0,0.0,0.0,0.0,0.0,0.0,0.0,0.0,0.0,0.0,0.0,0.0,0.0,0.0,0.0,6,0,0.0,1.0,0.0,50.0,5.67,12.45,559.3,6,0.6204,68.5
EMP042,2026-01-25,0,0,0,0,0,0,25,25,25,0.0,0.0,0.0,0.0,0.0,0.0,0.0,0.0,0.0,0.0,0.0,0.0,0.0,0.0,0.0,100.0,0,6,0.0,1.0,0.0,50.0,5.67,12.45,559.3,0,0.0,0.0
EMP042,2026-01-26,0,0,0,0,0,0,26,26,26,0.0,0.0,0.0,0.0,0.0,0.0,0.0,0.0,0.0,0.0,0.0,0.0,0.0,0.0,0.0,100.0,0,6,0.0,1.0,0.0,50.0,5.67,12.45,559.3,0,0.0,0.0
EMP042,2026-01-27,0,0,0,0,0,374,27,27,27,0.0,0.0,0.0,0.0,0.0,0.0,0.0,0.0,0.0,0.0,0.0,0.0,0.0,0.0,0.0,0.0,6,0,0.0,1.0,0.0,50.0,5.67,12.45,559.3,6,0.623,187.0
EMP042,2026-01-28,0,0,0,0,0,300,28,28,28,0.0,0.0,0.0,0.0,0.0,0.0,0.0,0.0,0.0,0.0,0.0,0.0,0.0,0.0,0.0,0.0,6,0,0.0,1.0,0.0,50.0,5.67,12.45,559.3,6,0.55,150.0
EMP042,2026-01-29,0,0,0,0,0,389,29,29,29,0.0,0.0,0.0,0.0,0.0,0.0,0.0,0.0,0.0,0.0,0.0,0.0,0.0,0.0,0.0,0.0,6,0,0.0,1.0,0.0,50.0,5.67,12.45,559.3,6,0.6967,194.5
EMP042,2026-01-30,0,0,0,0,0,348,30,30,30,0.0,0.0,0.0,0.0,0.0,0.0,0.0,0.0,0.0,0.0,0.0,0.0,0.0,0.0,0.0,0.0,6,0,0.0,1.0,0.0,50.0,5.67,12.45,559.3,6,0.5575,174.0
EMP042,2026-01-31,0,0,0,0,0,148,31,31,31,0.0,0.0,0.0,0.0,0.0,0.0,0.0,0.0,0.0,0.0,0.0,0.0,0.0,0.0,0.0,0.0,6,0,0.0,1.0,0.0,50.0,5.67,12.45,559.3,6,0.5676,74.0
EMP042,2026-02-01,0,0,0,0,0,0,32,32,32,0.0,0.0,0.0,0.0,0.0,0.0,0.0,0.0,0.0,0.0,0.0,0.0,0.0,0.0,0.0,100.0,0,6,0.0,1.0,0.0,50.0,5.67,12.45,559.3,0,0.0,0.0
EMP042,2026-02-02,0,0,0,0,0,32,33,33,33,0.0,0.0,0.0,0.0,0.0,0.0,0.0,0.0,0.0,0.0,0.0,0.0,0.0,0.0,0.0,0.0,6,0,0.0,1.0,0.0,50.0,5.67,12.45,559.3,6,0.625,16.0
EMP042,2026-02-03,0,0,0,0,0,0,34,34,34,0.0,0.0,0.0,0.0,0.0,0.0,0.0,0.0,0.0,0.0,0.0,0.0,0.0,0.0,0.0,100.0,0,6,0.0,1.0,0.0,50.0,5.67,12.45,559.3,0,0.0,0.0
EMP042,2026-02-04,0,0,0,0,0,282,35,35,35,0.0,0.0,0.0,0.0,0.0,0.0,0.0,0.0,0.0,0.0,0.0,0.0,0.0,0.0,0.0,0.0,6,0,0.0,1.0,0.0,50.0,5.67,12.45,559.3,6,0.5922,141.0
EMP042,2026-02-05,0,0,0,0,0,287,36,36,36,0.0,0.0,0.0,0.0,0.0,0.0,0.0,0.0,0.0,0.0,0.0,0.0,0.0,0.0,0.0,0.0,6,0,0.0,1.0,0.0,50.0,5.67,12.45,559.3,6,0.4774,143.5
EMP042,2026-02-06,0,0,0,0,0,366,37,37,37,0.0,0.0,0.0,0.0,0.0,0.0,0.0,0.0,0.0,0.0,0.0,0.0,0.0,0.0,0.0,0.0,6,0,0.0,1.0,0.0,50.0,5.67,12.45,559.3,6,0.6776,183.0
EMP042,2026-02-07,0,0,0,0,0,140,38,38,38,0.0,0.0,0.0,0.0,0.0,0.0,0.0,0.0,0.0,0.0,0.0,0.0,0.0,0.0,0.0,0.0,6,0,0.0,1.0,0.0,50.0,5.67,12.45,559.3,6,0.6,70.0
EMP042,2026-02-08,0,0,0,0,0,0,39,39,39,0.0,0.0,0.0,0.0,0.0,0.0,0.0,0.0,0.0,0.0,0.0,0.0,0.0,0.0,0.0,100.0,0,6,0.0,1.0,0.0,50.0,5.67,12.45,559.3,0,0.0,0.0
EMP042,2026-02-09,0,0,0,0,0,335,40,40,40,0.0,0.0,0.0,0.0,0.0,0.0,0.0,0.0,0.0,0.0,0.0,0.0,0.0,0.0,0.0,0.0,6,0,0.0,1.0,0.0,50.0,5.67,12.45,559.3,6,0.5731,167.5
EMP042,2026-02-10,0,0,0,0,0,376,41,41,41,0.0,0.0,0.0,0.0,0.0,0.0,0.0,0.0,0.0,0.0,0.0,0.0,0.0,0.0,0.0,0.0,6,0,0.0,1.0,0.0,50.0,5.67,12.45,559.3,6,0.5798,188.0
EMP042,2026-02-11,0,0,0,0,0,351,42,42,42,0.0,0.0,0.0,0.0,0.0,0.0,0.0,0.0,0.0,0.0,0.0,0.0,0.0,0.0,0.0,0.0,6,0,0.0,1.0,0.0,50.0,5.67,12.45,559.3,6,0.6125,175.5
EMP042,2026-02-12,0,0,0,0,0,298,43,43,43,0.0,0.0,0.0,0.0,0.0,0.0,0.0,0.0,0.0,0.0,0.0,0.0,0.0,0.0,0.0,0.0,6,0,0.0,1.0,0.0,50.0,5.67,12.45,559.3,6,0.6107,149.0
EMP042,2026-02-13,0,0,0,0,0,331,44,44,44,0.0,0.0,0.0,0.0,0.0,0.0,0.0,0.0,0.0,0.0,0.0,0.0,0.0,0.0,0.0,0.0,6,0,0.0,1.0,0.0,50.0,5.67,12.45,559.3,6,0.6073,165.5
EMP042,2026-02-14,0,0,0,0,0,133,45,45,45,0.0,0.0,0.0,0.0,0.0,0.0,0.0,0.0,0.0,0.0,0.0,0.0,0.0,0.0,0.0,0.0,6,0,0.0,1.0,0.0,50.0,5.67,12.45,559.3,6,0.6466,66.5
EMP042,2026-02-15,0,0,0,0,0,0,46,46,46,0.0,0.0,0.0,0.0,0.0,0.0,0.0,0.0,0.0,0.0,0.0,0.0,0.0,0.0,0.0,100.0,0,6,0.0,1.0,0.0,50.0,5.67,12.45,559.3,0,0.0,0.0
EMP042,2026-02-16,0,0,0,0,0,327,47,47,47,0.0,0.0,0.0,0.0,0.0,0.0,0.0,0.0,0.0,0.0,0.0,0.0,0.0,0.0,0.0,0.0,6,0,0.0,1.0,0.0,50.0,5.67,12.45,559.3,6,0.5505,163.5
EMP042,2026-02-17,0,0,0,0,0,362,48,48,48,0.0,0.0,0.0,0.0,0.0,0.0,0.0,0.0,0.0,0.0,0.0,0.0,0.0,0.0,0.0,0.0,6,0,0.0,1.0,0.0,50.0,5.67,12.45,559.3,6,0.6575,181.0
EMP042,2026-02-18,0,0,0,0,0,286,49,49,49,0.0,0.0,0.0,0.0,0.0,0.0,0.0,0.0,0.0,0.0,0.0,0.0,0.0,0.0,0.0,0.0,6,0,0.0,1.0,0.0,50.0,5.67,12.45,559.3,6,0.6364,143.0
EMP042,2026-02-19,0,0,0,0,0,328,50,50,50,0.0,0.0,0.0,0.0,0.0,0.0,0.0,0.0,0.0,0.0,0.0,0.0,0.0,0.0,0.0,0.0,6,0,0.0,1.0,0.0,50.0,5.67,12.45,559.3,6,0.628,164.0
EMP042,2026-02-20,0,0,0,0,0,337,51,51,51,0.0,0.0,0.0,0.0,0.0,0.0,0.0,0.0,0.0,0.0,0.0,0.0,0.0,0.0,0.0,0.0,6,0,0.0,1.0,0.0,50.0,5.67,12.45,559.3,6,0.7092,168.5
EMP042,2026-02-21,0,0,0,0,0,110,52,52,52,0.0,0.0,0.0,0.0,0.0,0.0,0.0,0.0,0.0,0.0,0.0,0.0,0.0,0.0,0.0,0.0,6,0,0.0,1.0,0.0,50.0,5.67,12.45,559.3,6,0.6636,55.0
EMP042,2026-02-22,0,0,0,0,0,0,53,53,53,0.0,0.0,0.0,0.0,0.0,0.0,0.0,0.0,0.0,0.0,0.0,0.0,0.0,0.0,0.0,100.0,0,6,0.0,1.0,0.0,50.0,5.67,12.45,559.3,0,0.0,0.0
EMP042,2026-02-23,0,0,0,0,0,0,54,54,54,0.0,0.0,0.0,0.0,0.0,0.0,0.0,0.0,0.0,0.0,0.0,0.0,0.0,0.0,0.0,100.0,0,6,0.0,1.0,0.0,50.0,5.67,12.45,559.3,0,0.0,0.0
EMP042,2026-02-24,0,0,0,0,0,363,55,55,55,0.0,0.0,0.0,0.0,0.0,0.0,0.0,0.0,0.0,0.0,0.0,0.0,0.0,0.0,0.0,0.0,6,0,0.0,1.0,0.0,50.0,5.67,12.45,559.3,6,0.6556,181.5
EMP042,2026-02-25,0,0,0,0,0,305,56,56,56,0.0,0.0,0.0,0.0,0.0,0.0,0.0,0.0,0.0,0.0,0.0,0.0,0.0,0.0,0.0,0.0,6,0,0.0,1.0,0.0,50.0,5.67,12.45,559.3,6,0.5344,152.5
EMP042,2026-02-26,0,0,0,0,0,399,57,57,57,0.0,0.0,0.0,0.0,0.0,0.0,0.0,0.0,0.0,0.0,0.0,0.0,0.0,0.0,0.0,0.0,6,0,0.0,1.0,0.0,50.0,5.67,12.45,559.3,6,0.584,199.5
EMP042,2026-02-27,0,0,0,0,0,402,58,58,58,0.0,0.0,0.0,0.0,0.0,0.0,0.0,0.0,0.0,0.0,0.0,0.0,0.0,0.0,0.0,0.0,6,0,0.0,1.0,0.0,50.0,5.67,12.45,559.3,6,0.5547,201.0
EMP042,2026-02-28,0,0,0,0,0,140,59,59,59,0.0,0.0,0.0,0.0,0.0,0.0,0.0,0.0,0.0,0.0,0.0,0.0,0.0,0.0,0.0,0.0,6,0,0.0,1.0,0.0,50.0,5.67,12.45,559.3,6,0.5714,70.0
EMP042,2026-03-01,0,0,0,0,0,0,60,60,60,0.0,0.0,0.0,0.0,0.0,0.0,0.0,0.0,0.0,0.0,0.0,0.0,0.0,0.0,0.0,100.0,0,6,0.0,1.0,0.0,50.0,5.67,12.45,559.3,0,0.0,0.0
EMP042,2026-03-02,0,0,0,0,0,0,61,61,61,0.0,0.0,0.0,0.0,0.0,0.0,0.0,0.0,0.0,0.0,0.0,0.0,0.0,0.0,0.0,100.0,0,6,0.0,1.0,0.0,50.0,5.67,12.45,559.3,0,0.0,0.0
EMP042,2026-03-03,0,0,0,0,0,479,62,62,62,0.0,0.0,0.0,0.0,0.0,0.0,0.0,0.0,0.0,0.0,0.0,0.0,0.0,0.0,0.0,0.0,6,0,0.0,1.0,0.0,50.0,5.67,12.45,559.3,6,0.6263,239.5
EMP042,2026-03-04,0,0,0,0,0,308,63,63,63,0.0,0.0,0.0,0.0,0.0,0.0,0.0,0.0,0.0,0.0,0.0,0.0,0.0,0.0,0.0,0.0,6,0,0.0,1.0,0.0,50.0,5.67,12.45,559.3,6,0.6461,154.0
EMP042,2026-03-05,0,0,0,0,0,320,64,64,64,0.0,0.0,0.0,0.0,0.0,0.0,0.0,0.0,0.0,0.0,0.0,0.0,0.0,0.0,0.0,0.0,6,0,0.0,1.0,0.0,50.0,5.67,12.45,559.3,6,0.5344,160.0
EMP042,2026-03-06,0,0,0,0,0,289,65,65,65,0.0,0.0,0.0,0.0,0.0,0.0,0.0,0.0,0.0,0.0,0.0,0.0,0.0,0.0,0.0,0.0,6,0,0.0,1.0,0.0,50.0,5.67,12.45,559.3,6,0.4948,144.5
EMP042,2026-03-07,0,0,0,0,0,129,66,66,66,0.0,0.0,0.0,0.0,0.0,0.0,0.0,0.0,0.0,0.0,0.0,0.0,0.0,0.0,0.0,0.0,6,0,0.0,1.0,0.0,50.0,5.67,12.45,559.3,6,0.6357,64.5
EMP042,2026-03-08,0,0,0,0,0,0,67,67,67,0.0,0.0,0.0,0.0,0.0,0.0,0.0,0.0,0.0,0.0,0.0,0.0,0.0,0.0,0.0,100.0,0,6,0.0,1.0,0.0,50.0,5.67,12.45,559.3,0,0.0,0.0
EMP042,2026-03-09,0,0,0,0,0,311,68,68,68,0.0,0.0,0.0,0.0,0.0,0.0,0.0,0.0,0.0,0.0,0.0,0.0,0.0,0.0,0.0,0.0,6,0,0.0,1.0,0.0,50.0,5.67,12.45,559.3,6,0.508,155.5
EMP042,2026-03-10,0,0,0,0,0,347,69,69,69,0.0,0.0,0.0,0.0,0.0,0.0,0.0,0.0,0.0,0.0,0.0,0.0,0.0,0.0,0.0,0.0,6,0,0.0,1.0,0.0,50.0,5.67,12.45,559.3,6,0.5303,173.5
EMP042,2026-03-11,0,0,0,0,0,256,70,70,70,0.0,0.0,0.0,0.0,0.0,0.0,0.0,0.0,0.0,0.0,0.0,0.0,0.0,0.0,0.0,0.0,6,0,0.0,1.0,0.0,50.0,5.67,12.45,559.3,6,0.5703,128.0
EMP042,2026-03-12,0,0,0,0,0,285,71,71,71,0.0,0.0,0.0,0.0,0.0,0.0,0.0,0.0,0.0,0.0,0.0,0.0,0.0,0.0,0.0,0.0,6,0,0.0,1.0,0.0,50.0,5.67,12.45,559.3,6,0.6842,142.5
EMP042,2026-03-13,0,0,0,0,0,294,72,72,72,0.0,0.0,0.0,0.0,0.0,0.0,0.0,0.0,0.0,0.0,0.0,0.0,0.0,0.0,0.0,0.0,6,0,0.0,1.0,0.0,50.0,5.67,12.45,559.3,6,0.5612,147.0
EMP042,2026-03-14,0,0,0,0,0,109,73,73,73,0.0,0.0,0.0,0.0,0.0,0.0,0.0,0.0,0.0,0.0,0.0,0.0,0.0,0.0,0.0,0.0,6,0,0.0,1.0,0.0,50.0,5.67,12.45,559.3,6,0.5963,54.5
EMP042,2026-03-15,0,0,0,0,0,0,74,74,74,0.0,0.0,0.0,0.0,0.0,0.0,0.0,0.0,0.0,0.0,0.0,0.0,0.0,0.0,0.0,100.0,0,6,0.0,1.0,0.0,50.0,5.67,12.45,559.3,0,0.0,0.0
EMP042,2026-03-16,0,0,0,0,0,346,75,75,75,0.0,0.0,0.0,0.0,0.0,0.0,0.0,0.0,0.0,0.0,0.0,0.0,0.0,0.0,0.0,0.0,6,0,0.0,1.0,0.0,50.0,5.67,12.45,559.3,6,0.5809,173.0
EMP042,2026-03-17,0,0,0,0,0,273,76,76,76,0.0,0.0,0.0,0.0,0.0,0.0,0.0,0.0,0.0,0.0,0.0,0.0,0.0,0.0,0.0,0.0,6,0,0.0,1.0,0.0,50.0,5.67,12.45,559.3,6,0.5971,136.5
EMP042,2026-03-18,0,0,0,0,0,311,77,77,77,0.0,0.0,0.0,0.0,0.0,0.0,0.0,0.0,0.0,0.0,0.0,0.0,0.0,0.0,0.0,0.0,6,0,0.0,1.0,0.0,50.0,5.67,12.45,559.3,6,0.5177,155.5
EMP042,2026-03-19,0,0,0,0,0,20,78,78,78,0.0,0.0,0.0,0.0,0.0,0.0,0.0,0.0,0.0,0.0,0.0,0.0,0.0,0.0,0.0,0.0,6,0,0.0,1.0,0.0,50.0,5.67,12.45,559.3,6,0.65,10.0
EMP042,2026-03-20,0,0,0,0,0,302,79,79,79,0.0,0.0,0.0,0.0,0.0,0.0,0.0,0.0,0.0,0.0,0.0,0.0,0.0,0.0,0.0,0.0,6,0,0.0,1.0,0.0,50.0,5.67,12.45,559.3,6,0.5894,151.0
EMP042,2026-03-21,0,0,0,0,0,121,80,80,80,0.0,0.0,0.0,0.0,0.0,0.0,0.0,0.0,0.0,0.0,0.0,0.0,0.0,0.0,0.0,0.0,6,0,0.0,1.0,0.0,50.0,5.67,12.45,559.3,6,0.5455,60.5
EMP042,2026-03-22,0,0,0,0,0,0,81,81,81,0.0,0.0,0.0,0.0,0.0,0.0,0.0,0.0,0.0,0.0,0.0,0.0,0.0,0.0,0.0,100.0,0,6,0.0,1.0,0.0,50.0,5.67,12.45,559.3,0,0.0,0.0
EMP042,2026-03-23,0,0,0,0,0,403,82,82,82,0.0,0.0,0.0,0.0,0.0,0.0,0.0,0.0,0.0,0.0,0.0,0.0,0.0,0.0,0.0,0.0,6,0,0.0,1.0,0.0,50.0,5.67,12.45,559.3,6,0.6526,201.5
EMP042,2026-03-24,0,0,0,0,0,358,83,83,83,0.0,0.0,0.0,0.0,0.0,0.0,0.0,0.0,0.0,0.0,0.0,0.0,0.0,0.0,0.0,0.0,6,0,0.0,1.0,0.0,50.0,5.67,12.45,559.3,6,0.5698,179.0
EMP042,2026-03-25,0,0,0,0,0,402,84,84,84,0.0,0.0,0.0,0.0,0.0,0.0,0.0,0.0,0.0,0.0,0.0,0.0,0.0,0.0,0.0,0.0,6,0,0.0,1.0,0.0,50.0,5.67,12.45,559.3,6,0.5398,201.0
EMP042,2026-03-26,0,0,0,0,0,432,85,85,85,0.0,0.0,0.0,0.0,0.0,0.0,0.0,0.0,0.0,0.0,0.0,0.0,0.0,0.0,0.0,0.0,6,0,0.0,1.0,0.0,50.0,5.67,12.45,559.3,6,0.6366,216.0
EMP042,2026-03-27,0,0,0,0,0,0,86,86,86,0.0,0.0,0.0,0.0,0.0,0.0,0.0,0.0,0.0,0.0,0.0,0.0,0.0,0.0,0.0,100.0,0,6,0.0,1.0,0.0,50.0,5.67,12.45,559.3,0,0.0,0.0
EMP042,2026-03-28,0,0,0,0,0,159,87,87,87,0.0,0.0,0.0,0.0,0.0,0.0,0.0,0.0,0.0,0.0,0.0,0.0,0.0,0.0,0.0,0.0,6,0,0.0,1.0,0.0,50.0,5.67,12.45,559.3,6,0.5597,79.5
EMP042,2026-03-29,0,0,0,0,0,0,88,88,88,0.0,0.0,0.0,0.0,0.0,0.0,0.0,0.0,0.0,0.0,0.0,0.0,0.0,0.0,0.0,100.0,0,6,0.0,1.0,0.0,50.0,5.67,12.45,559.3,0,0.0,0.0
EMP042,2026-03-30,0,0,0,0,0,496,89,89,89,0.0,0.0,0.0,0.0,0.0,0.0,0.0,0.0,0.0,0.0,0.0,0.0,0.0,0.0,0.0,0.0,6,0,0.0,1.0,0.0,50.0,5.67,12.45,559.3,6,0.5726,248.0
EMP042,2026-03-31,0,0,0,0,0,387,90,90,90,0.0,0.0,0.0,0.0,0.0,0.0,0.0,0.0,0.0,0.0,0.0,0.0,0.0,0.0,0.0,0.0,6,0,0.0,1.0,0.0,50.0,5.67,12.45,559.3,6,0.6357,193.5
EMP043,2026-01-01,0,0,0,0,0,0,1,1,1,0.0,0.0,0.0,0.0,0.0,0.0,0.0,0.0,0.0,0.0,0.0,0.0,0.0,0.0,0.0,100.0,0,4,-15.34,12.06,-1.272,0.0,5.46,10.59,577.41,0,0.0,0.0
EMP043,2026-01-02,0,0,31,0,0,295,2,2,2,0.0,0.0,0.0,0.0,0.0,0.0,0.0,0.0,0.0,0.0,0.0,0.0,0.0,31.0,0.0,0.0,4,0,15.66,12.06,1.299,100.0,5.46,10.59,577.41,4,0.8475,147.5
EMP043,2026-01-03,0,0,7,0,0,92,1,3,3,15.5,15.5,15.5,0.0,0.0,15.5,15.5,0.0,0.0,0.0,54.84,0.0,0.0,7.0,0.0,0.0,4,0,-8.34,12.06,-0.692,0.0,5.46,10.59,577.41,4,0.7174,46.0
EMP043,2026-01-04,0,0,0,0,0,0,1,4,4,12.67,12.67,12.67,0.0,0.0,13.27,13.27,3.5,0.0,0.0,100.0,0.0,0.0,0.0,0.0,100.0,0,4,-15.34,12.06,-1.272,0.0,5.46,10.59,577.41,0,0.0,0.0
EMP043,2026-01-05,0,0,30,0,0,212,2,5,5,9.5,9.5,9.5,0.0,0.0,12.74,12.74,-2.4,0.0,0.0,0.0,0.0,0.0,30.0,0.0,0.0,4,0,14.66,12.06,1.216,100.0,5.46,10.59,577.41,4,0.75,106.0
EMP043,2026-01-06,0,0,34,0,0,286,1,6,6,13.6,13.6,13.6,0.0,0.0,14.04,14.04,2.9,0.0,0.0,0.0,0.0,0.0,34.0,0.0,0.0,4,0,18.66,12.06,1.547,100.0,5.46,10.59,577.41,4,0.8077,143.0
EMP043,2026-01-07,0,0,27,0,0,171,1,7,7,17.0,17.0,17.0,0.0,0.0,14.9,14.9,4.5714,0.0,0.0,0.0,0.0,0.0,27.0,0.0,0.0,4,0,11.66,12.06,0.967,100.0,5.46,10.59,577.41,4,0.8421,85.5
EMP043,2026-01-08,0,0,21,0,0,268,1,8,8,18.43,18.43,18.43,0.0,0.0,14.23,14.23,3.9286,0.0,0.0,0.0,0.0,0.0,21.0,0.0,0.0,4,0,5.66,12.06,0.469,100.0,5.46,10.59,577.41,4,0.8843,134.0
EMP043,2026-01-09,0,0,29,0,0,236,1,9,9,21.43,18.75,18.75,0.0,0.0,12.08,13.34,2.8333,0.0,0.0,0.0,0.0,0.0,29.0,0.0,0.0,4,0,13.66,12.06,1.133,100.0,5.46,10.59,577.41,4,0.7924,118.0
EMP043,2026-01-10,0,0,10,0,0,89,1,10,10,21.14,19.89,19.89,0.0,0.0,11.87,12.98,2.6667,0.0,0.0,49.72,0.0,0.0,10.0,0.0,0.0,4,0,-5.34,12.06,-0.443,0.0,5.46,10.59,577.41,4,0.8876,44.5
EMP043,2026-01-11,0,0,0,0,0,0,1,11,11,21.57,18.9,18.9,0.0,0.0,11.4,12.67,1.4,0.0,0.0,100.0,0.0,0.0,0.0,0.0,100.0,0,4,-15.34,12.06,-1.272,0.0,5.46,10.59,577.41,0,0.0,0.0
EMP043,2026-01-12,0,0,13,0,0,156,2,12,12,21.57,17.18,17.18,0.0,0.0,11.4,13.24,0.1909,0.0,0.0,24.33,0.0,0.0,13.0,0.0,0.0,4,0,-2.34,12.06,-0.194,100.0,5.46,10.59,577.41,4,0.7885,78.0
EMP043,2026-01-13,0,0,15,0,0,189,1,13,13,19.14,16.83,16.83,0.0,0.0,11.15,12.73,-0.014,0.0,0.0,10.87,0.0,0.0,15.0,0.0,0.0,4,0,-0.34,12.06,-0.028,100.0,5.46,10.59,577.41,4,0.8519,94.5
EMP043,2026-01-14,0,0,24,0,0,177,1,14,14,16.43,16.69,16.69,0.0,0.0,9.38,12.24,-0.0714,0.0,0.0,0.0,0.0,0.0,24.0,0.0,0.0,4,0,8.66,12.06,0.718,100.0,5.46,10.59,577.41,4,0.8079,88.5
EMP043,2026-01-15,0,0,17,0,0,196,1,15,15,16.0,17.21,17.21,0.0,0.0,8.94,11.95,0.1516,0.0,0.0,1.22,0.0,0.0,17.0,0.0,0.0,4,0,1.66,12.06,0.138,100.0,5.46,10.59,577.41,4,0.75,98.0
EMP043,2026-01-16,0,0,16,0,0,216,1,16,16,15.43,18.43,17.2,0.0,0.0,8.73,11.54,0.1179,0.0,0.0,6.98,0.0,0.0,16.0,0.0,0.0,4,0,0.66,12.06,0.055,100.0,5.46,10.59,577.41,4,0.7639,108.0
EMP043,2026-01-17,0,0,7,0,0,76,1,17,17,13.57,17.36,17.12,0.0,0.0,6.82,11.18,0.0706,0.0,0.0,59.11,0.0,0.0,7.0,0.0,0.0,4,0,-8.34,12.06,-0.692,0.0,5.46,10.59,577.41,4,0.75,38.0
EMP043,2026-01-18,0,0,0,0,0,0,1,18,18,13.14,17.36,16.53,0.0,0.0,7.12,11.1,-0.1397,0.0,0.0,100.0,0.0,0.0,0.0,0.0,100.0,0,4,-15.34,12.06,-1.272,0.0,5.46,10.59,577.41,0,0.0,0.0
EMP043,2026-01-19,0,0,13,0,0,230,2,19,19,13.14,17.36,15.61,0.0,0.0,7.12,11.44,-0.4076,0.0,0.0,16.72,0.0,0.0,13.0,0.0,0.0,4,0,-2.34,12.06,-0.194,100.0,5.46,10.59,577.41,4,0.8913,115.0
EMP043,2026-01-20,0,0,21,0,0,233,1,20,20,13.14,16.14,15.47,0.0,0.0,7.12,11.15,-0.3877,0.0,0.0,0.0,0.0,0.0,21.0,0.0,0.0,4,0,5.66,12.06,0.469,100.0,5.46,10.59,577.41,4,0.7811,116.5
EMP043,2026-01-21,0,0,18,0,0,213,1,21,21,14.0,15.21,15.75,0.0,0.0,7.63,10.93,-0.2534,0.0,0.0,0.0,0.0,0.0,18.0,0.0,0.0,4,0,2.66,12.06,0.221,100.0,5.46,10.59,577.41,4,0.9061,106.5
EMP043,2026-01-22,0,0,22,0,0,228,1,22,22,13.14,14.57,15.86,0.0,0.0,6.75,10.68,-0.1896,0.0,0.0,0.0,0.0,0.0,22.0,0.0,0.0,4,0,6.66,12.06,0.552,100.0,5.46,10.59,577.41,4,0.864,114.0
EMP043,2026-01-23,0,0,22,0,0,200,1,23,23,13.86,14.64,16.14,0.0,0.0,7.36,10.51,-0.092,0.0,0.0,0.0,0.0,0.0,22.0,0.0,0.0,4,0,6.66,12.06,0.552,100.0,5.46,10.59,577.41,4,0.755,100.0
EMP043,2026-01-24,0,0,5,0,0,62,1,24,24,14.71,14.14,16.39,0.0,0.0,7.89,10.35,-0.0168,0.0,0.0,69.49,0.0,0.0,5.0,0.0,0.0,4,0,-10.34,12.06,-0.857,0.0,5.46,10.59,577.41,4,0.8387,31.0
EMP043,2026-01-25,0,0,0,0,0,0,1,25,25,14.43,13.79,15.92,0.0,0.0,8.19,10.38,-0.1287,0.0,0.0,100.0,0.0,0.0,0.0,0.0,100.0,0,4,-15.34,12.06,-1.272,0.0,5.46,10.59,577.41,0,0.0,0.0
EMP043,2026-01-26,0,0,0,0,0,0,2,26,26,14.43,13.79,15.28,0.0,0.0,8.19,10.64,-0.2608,0.0,0.0,100.0,0.0,0.0,0.0,0.0,100.0,0,4,-15.34,12.06,-1.272,0.0,5.46,10.59,577.41,0,0.0,0.0
EMP043,2026-01-27,0,0,17,0,0,228,3,27,27,12.57,12.86,14.69,0.0,0.0,9.65,10.84,-0.3624,0.0,0.0,0.0,0.0,0.0,17.0,0.0,0.0,4,0,1.66,12.06,0.138,100.0,5.46,10.59,577.41,4,0.7456,114.0
EMP043,2026-01-28,0,0,14,0,0,220,1,28,28,12.0,13.0,14.78,0.0,0.0,9.24,10.65,-0.3053,0.0,0.0,5.28,0.0,0.0,14.0,0.0,0.0,4,0,-1.34,12.06,-0.111,100.0,5.46,10.59,577.41,4,0.8864,110.0
EMP043,2026-01-29,0,0,41,0,0,310,1,29,29,11.43,12.29,14.75,0.0,0.0,8.97,10.46,-0.2794,0.0,0.0,0.0,0.0,0.0,41.0,0.0,0.0,4,0,25.66,12.06,2.128,100.0,5.46,10.59,577.41,4,0.8258,155.0
EMP043,2026-01-30,0,0,24,0,0,303,1,30,30,14.14,14.0,15.66,0.0,0.0,13.5,11.34,-0.0704,0.0,0.0,0.0,0.0,0.0,24.0,0.0,0.0,4,0,8.66,12.06,0.718,100.0,5.46,10.59,577.41,4,0.868,151.5
EMP043,2026-01-31,0,0,8,0,0,90,1,31,31,14.43,14.57,15.93,0.0,0.0,13.68,11.25,-0.0098,0.0,0.0,49.78,0.0,0.0,8.0,0.0,0.0,4,0,-7.34,12.06,-0.609,0.0,5.46,10.59,577.41,4,0.8444,45.0
EMP043,2026-02-01,0,0,0,0,0,0,1,32,32,14.86,14.64,16.2,0.0,0.0,13.42,10.96,-0.1709,0.0,0.0,100.0,0.0,0.0,0.0,0.0,100.0,0,4,-15.34,12.06,-1.272,0.0,5.46,10.59,577.41,0,0.0,0.0
EMP043,2026-02-02,0,0,25,0,0,347,2,33,33,14.86,14.64,15.17,0.0,0.0,13.42,10.97,-0.1733,0.0,0.0,0.0,0.0,0.0,25.0,0.0,0.0,4,0,9.66,12.06,0.801,100.0,5.46,10.59,577.41,4,0.83,173.5
EMP043,2026-02-03,0,0,17,0,0,124,1,34,34,18.43,15.5,15.77,0.0,0.0,12.27,11.0,-0.1662,0.0,0.0,0.0,0.0,0.0,17.0,0.0,0.0,4,0,1.66,12.06,0.138,100.0,5.46,10.59,577.41,4,0.8065,62.0
EMP043,2026-02-04,0,0,0,0,0,0,1,35,35,18.43,15.21,16.33,0.0,0.0,12.27,10.61,-0.267,0.0,0.0,100.0,0.0,0.0,0.0,0.0,100.0,0,4,-15.34,12.06,-1.272,0.0,5.46,10.59,577.41,0,0.0,0.0
EMP043,2026-02-05,0,0,16,0,0,230,2,36,36,16.43,13.93,15.33,0.0,0.0,13.87,10.68,-0.2781,0.0,0.0,0.0,0.0,0.0,16.0,0.0,0.0,4,0,0.66,12.06,0.055,100.0,5.46,10.59,577.41,4,0.8696,115.0
EMP043,2026-02-06,0,0,27,0,0,223,1,37,37,12.86,13.5,14.73,0.0,0.0,9.66,10.11,-0.1451,0.0,0.0,0.0,0.0,0.0,27.0,0.0,0.0,4,0,11.66,12.06,0.967,100.0,5.46,10.59,577.41,4,0.7758,111.5
EMP043,2026-02-07,0,0,0,0,0,5,1,38,38,13.29,13.86,14.73,0.0,0.0,10.19,10.11,0.0187,0.0,0.0,100.0,0.0,0.0,0.0,0.0,50.0,2,2,-15.34,12.06,-1.272,0.0,5.46,10.59,577.41,2,0.8,2.5
EMP043,2026-02-08,0,0,0,0,0,0,2,39,39,12.14,13.5,14.03,0.0,0.0,11.13,10.37,-0.0331,0.0,0.0,100.0,0.0,0.0,0.0,0.0,100.0,0,4,-15.34,12.06,-1.272,0.0,5.46,10.59,577.41,0,0.0,0.0
EMP043,2026-02-09,0,0,29,0,0,277,3,40,40,12.14,13.5,13.07,0.0,0.0,11.13,10.29,-0.0205,0.0,0.0,0.0,0.0,0.0,29.0,0.0,0.0,4,0,13.66,12.06,1.133,100.0,5.46,10.59,577.41,4,0.8736,138.5
EMP043,2026-02-10,0,0,22,0,0,230,1,41,41,12.71,15.57,13.7,0.0,0.0,11.85,10.66,0.0612,0.0,0.0,0.0,0.0,0.0,22.0,0.0,0.0,4,0,6.66,12.06,0.552,100.0,5.46,10.59,577.41,4,0.7826,115.0
EMP043,2026-02-11,0,0,19,0,0,203,1,42,42,13.43,15.93,14.43,0.0,0.0,12.23,10.44,0.0202,0.0,0.0,0.0,0.0,0.0,19.0,0.0,0.0,4,0,3.66,12.06,0.303,100.0,5.46,10.59,577.41,4,0.7833,101.5
EMP043,2026-02-12,0,0,25,0,0,245,1,43,43,16.14,16.29,14.63,0.0,0.0,11.0,10.47,0.0398,0.0,0.0,0.0,0.0,0.0,25.0,0.0,0.0,4,0,9.66,12.06,0.801,100.0,5.46,10.59,577.41,4,0.8204,122.5
EMP043,2026-02-13,0,0,12,0,0,206,1,44,44,17.43,15.14,14.97,0.0,0.0,11.42,10.63,0.1092,0.0,0.0,19.84,0.0,0.0,12.0,0.0,0.0,4,0,-3.34,12.06,-0.277,0.0,5.46,10.59,577.41,4,0.8155,103.0
EMP043,2026-02-14,0,0,10,0,0,83,1,45,45,15.29,14.29,14.57,0.0,0.0,10.82,10.51,0.1524,0.0,0.0,31.37,0.0,0.0,10.0,0.0,0.0,4,0,-5.34,12.06,-0.443,0.0,5.46,10.59,577.41,4,0.7831,41.5
EMP043,2026-02-15,0,0,0,0,0,0,1,46,46,16.71,14.43,14.33,0.0,0.0,9.25,10.53,0.1397,0.0,0.0,100.0,0.0,0.0,0.0,0.0,100.0,0,4,-15.34,12.06,-1.272,0.0,5.46,10.59,577.41,0,0.0,0.0
EMP043,2026-02-16,0,0,15,0,0,230,2,47,47,16.71,14.43,13.8,0.0,0.0,9.25,10.84,0.0587,0.0,0.0,0.0,0.0,0.0,15.0,0.0,0.0,4,0,-0.34,12.06,-0.028,100.0,5.46,10.59,577.41,4,0.8087,115.0
EMP043,2026-02-17,0,0,0,0,0,0,1,48,48,14.71,13.71,14.07,0.0,0.0,7.78,10.76,0.0196,0.0,0.0,100.0,0.0,0.0,0.0,0.0,100.0,0,4,-15.34,12.06,-1.272,0.0,5.46,10.59,577.41,0,0.0,0.0
EMP043,2026-02-18,0,0,26,0,0,237,2,49,49,11.57,12.5,14.07,0.0,0.0,8.6,10.76,-0.1682,0.0,0.0,0.0,0.0,0.0,26.0,0.0,0.0,4,0,10.66,12.06,0.884,100.0,5.46,10.59,577.41,4,0.8228,118.5
EMP043,2026-02-19,0,0,27,0,0,274,1,50,50,12.57,14.36,14.5,0.0,0.0,9.74,10.97,-0.0986,0.0,0.0,0.0,0.0,0.0,27.0,0.0,0.0,4,0,11.66,12.06,0.967,100.0,5.46,10.59,577.41,4,0.8577,137.0
EMP043,2026-02-20,0,0,25,0,0,273,1,51,51,12.86,15.14,14.7,0.0,0.0,10.12,11.14,0.0269,0.0,0.0,0.0,0.0,0.0,25.0,0.0,0.0,4,0,9.66,12.06,0.801,100.0,5.46,10.59,577.41,4,0.8059,136.5
EMP043,2026-02-21,0,0,6,0,0,90,1,52,52,14.71,15.0,14.93,0.0,0.0,10.95,11.28,0.1161,0.0,0.0,59.81,0.0,0.0,6.0,0.0,0.0,4,0,-9.34,12.06,-0.774,0.0,5.46,10.59,577.41,4,0.8556,45.0
EMP043,2026-02-22,0,0,0,0,0,0,1,53,53,14.14,15.43,14.4,0.0,0.0,11.28,11.31,0.1072,0.0,0.0,100.0,0.0,0.0,0.0,0.0,100.0,0,4,-15.34,12.06,-1.272,0.0,5.46,10.59,577.41,0,0.0,0.0
EMP043,2026-02-23,0,0,18,0,0,269,2,54,54,14.14,15.43,13.67,0.0,0.0,11.28,11.51,0.0667,0.0,0.0,0.0,0.0,0.0,18.0,0.0,0.0,4,0,2.66,12.06,0.221,100.0,5.46,10.59,577.41,4,0.8922,134.5
EMP043,2026-02-24,0,0,27,0,0,269,1,55,55,14.57,14.64,14.1,0.0,0.0,11.36,11.42,0.0349,0.0,0.0,0.0,0.0,0.0,27.0,0.0,0.0,4,0,11.66,12.06,0.967,100.0,5.46,10.59,577.41,4,0.8067,134.5
EMP043,2026-02-25,0,0,14,0,0,105,1,56,56,18.43,15.0,15.0,0.0,0.0,10.29,11.33,0.0209,0.0,0.0,6.67,0.0,0.0,14.0,0.0,0.0,4,0,-1.34,12.06,-0.111,0.0,5.46,10.59,577.41,4,0.7714,52.5
EMP043,2026-02-26,0,0,31,0,0,306,1,57,57,16.71,14.64,15.47,0.0,0.0,9.88,10.99,-0.089,0.0,0.0,0.0,0.0,0.0,31.0,0.0,0.0,4,0,15.66,12.06,1.299,100.0,5.46,10.59,577.41,4,0.8595,153.0
EMP043,2026-02-27,0,0,27,0,0,313,1,58,58,17.29,15.07,15.93,0.0,0.0,10.55,11.34,0.0218,0.0,0.0,0.0,0.0,0.0,27.0,0.0,0.0,4,0,11.66,12.06,0.967,100.0,5.46,10.59,577.41,4,0.8562,156.5
EMP043,2026-02-28,0,0,18,0,0,107,1,59,59,17.57,16.14,16.37,0.0,0.0,10.78,11.5,0.0799,0.0,0.0,0.0,0.0,0.0,18.0,0.0,0.0,4,0,2.66,12.06,0.221,100.0,5.46,10.59,577.41,4,0.8037,53.5
EMP043,2026-03-01,0,0,0,0,0,0,1,60,60,19.29,16.71,15.6,0.0,0.0,9.71,10.56,0.2603,0.0,0.0,100.0,0.0,0.0,0.0,0.0,100.0,0,4,-15.34,12.06,-1.272,0.0,5.46,10.59,577.41,0,0.0,0.0
EMP043,2026-03-02,0,0,0,0,0,0,2,61,61,19.29,16.71,14.8,0.0,0.0,9.71,10.8,0.2176,0.0,0.0,100.0,0.0,0.0,0.0,0.0,100.0,0,4,-15.34,12.06,-1.272,0.0,5.46,10.59,577.41,0,0.0,0.0
EMP043,2026-03-03,0,0,25,0,0,355,3,62,62,16.71,15.64,14.53,0.0,0.0,11.85,11.06,0.0752,0.0,0.0,0.0,0.0,0.0,25.0,0.0,0.0,4,0,9.66,12.06,0.801,100.0,5.46,10.59,577.41,4,0.8761,177.5
EMP043,2026-03-04,0,0,26,0,0,289,1,63,63,16.43,17.43,15.37,0.0,0.0,11.62,10.88,0.0425,0.0,0.0,0.0,0.0,0.0,26.0,0.0,0.0,4,0,10.66,12.06,0.884,100.0,5.46,10.59,577.41,4,0.8131,144.5
EMP043,2026-03-05,0,0,18,0,0,246,1,64,64,18.14,17.43,15.4,0.0,0.0,12.02,10.91,0.1775,0.0,0.0,0.0,0.0,0.0,18.0,0.0,0.0,4,0,2.66,12.06,0.221,100.0,5.46,10.59,577.41,4,0.8211,123.0
EMP043,2026-03-06,0,0,16,0,0,212,1,65,65,16.29,16.79,15.43,0.0,0.0,10.83,10.91,0.2053,0.0,0.0,0.0,0.0,0.0,16.0,0.0,0.0,4,0,0.66,12.06,0.055,100.0,5.46,10.59,577.41,4,0.7972,106.0
EMP043,2026-03-07,0,0,0,0,0,7,1,66,66,14.71,16.14,15.97,0.0,0.0,9.92,10.53,0.1026,0.0,0.0,100.0,0.0,0.0,0.0,0.0,25.0,3,1,-15.34,12.06,-1.272,0.0,5.46,10.59,577.41,3,0.8571,3.5
EMP043,2026-03-08,0,0,0,0,0,0,2,67,67,12.14,15.71,15.43,0.0,0.0,11.01,10.91,-0.0002,0.0,0.0,100.0,0.0,0.0,0.0,0.0,100.0,0,4,-15.34,12.06,-1.272,0.0,5.46,10.59,577.41,0,0.0,0.0
EMP043,2026-03-09,0,0,26,0,0,188,3,68,68,12.14,15.71,14.53,0.0,0.0,11.01,11.04,-0.02,0.0,0.0,0.0,0.0,0.0,26.0,0.0,0.0,4,0,10.66,12.06,0.884,100.0,5.46,10.59,577.41,4,0.8617,94.0
EMP043,2026-03-10,0,0,15,0,0,274,1,69,69,15.86,16.29,15.4,0.0,0.0,10.67,10.88,-0.0463,0.0,0.0,2.6,0.0,0.0,15.0,0.0,0.0,4,0,-0.34,12.06,-0.028,100.0,5.46,10.59,577.41,4,0.8431,137.0
EMP043,2026-03-11,0,0,26,0,0,219,1,70,70,14.43,15.43,15.9,0.0,0.0,10.0,10.5,-0.1551,0.0,0.0,0.0,0.0,0.0,26.0,0.0,0.0,4,0,10.66,12.06,0.884,100.0,5.46,10.59,577.41,4,0.8219,109.5
EMP043,2026-03-12,0,0,18,0,0,188,1,71,71,14.43,16.29,15.8,0.0,0.0,10.0,10.39,0.0004,0.0,0.0,0.0,0.0,0.0,18.0,0.0,0.0,4,0,2.66,12.06,0.221,100.0,5.46,10.59,577.41,4,0.867,94.0
EMP043,2026-03-13,0,0,18,0,0,244,1,72,72,14.43,15.36,15.67,0.0,0.0,10.0,10.33,0.0574,0.0,0.0,0.0,0.0,0.0,18.0,0.0,0.0,4,0,2.66,12.06,0.221,100.0,5.46,10.59,577.41,4,0.8238,122.0
EMP043,2026-03-14,0,0,8,0,0,68,1,73,73,14.71,14.71,15.63,0.0,0.0,10.07,10.32,0.0954,0.0,0.0,48.82,0.0,0.0,8.0,0.0,0.0,4,0,-7.34,12.06,-0.609,0.0,5.46,10.59,577.41,4,0.7941,34.0
EMP043,2026-03-15,0,0,0,0,0,0,1,74,74,15.86,14.0,15.07,0.0,0.0,8.69,10.26,0.1108,0.0,0.0,100.0,0.0,0.0,0.0,0.0,100.0,0,4,-15.34,12.06,-1.272,0.0,5.46,10.59,577.41,0,0.0,0.0
EMP043,2026-03-16,0,0,27,0,0,277,2,75,75,15.86,14.0,14.67,0.0,0.0,8.69,10.6,-0.0076,0.0,0.0,0.0,0.0,0.0,27.0,0.0,0.0,4,0,11.66,12.06,0.967,100.0,5.46,10.59,577.41,4,0.8231,138.5
EMP043,2026-03-17,0,0,14,0,0,148,1,76,76,16.0,15.93,15.23,0.0,0.0,8.86,10.79,0.0398,0.0,0.0,8.08,0.0,0.0,14.0,0.0,0.0,4,0,-1.34,12.06,-0.111,0.0,5.46,10.59,577.41,4,0.8243,74.0
EMP043,2026-03-18,0,0,19,0,0,222,1,77,77,15.86,15.14,15.7,0.0,0.0,8.89,10.42,-0.0732,0.0,0.0,0.0,0.0,0.0,19.0,0.0,0.0,4,0,3.66,12.06,0.303,100.0,5.46,10.59,577.41,4,0.8468,111.0
EMP043,2026-03-19,0,0,13,0,0,221,1,78,78,14.86,14.64,15.83,0.0,0.0,8.04,10.43,-0.0567,0.0,0.0,17.88,0.0,0.0,13.0,0.0,0.0,4,0,-2.34,12.06,-0.194,0.0,5.46,10.59,577.41,4,0.8778,110.5
EMP043,2026-03-20,0,0,26,0,0,215,1,79,79,14.14,14.29,16.27,0.0,0.0,7.95,10.03,-0.1842,0.0,0.0,0.0,0.0,0.0,26.0,0.0,0.0,4,0,10.66,12.06,0.884,100.0,5.46,10.59,577.41,4,0.7628,107.5
EMP043,2026-03-21,0,0,5,0,0,92,1,80,80,15.29,15.0,16.27,0.0,0.0,8.94,10.03,-0.0543,0.0,0.0,69.27,0.0,0.0,5.0,0.0,0.0,4,0,-10.34,12.06,-0.857,0.0,5.46,10.59,577.41,4,0.8696,46.0
EMP043,2026-03-22,0,0,0,0,0,0,1,81,81,14.86,15.36,15.53,0.0,0.0,9.34,10.02,-0.0529,0.0,0.0,100.0,0.0,0.0,0.0,0.0,100.0,0,4,-15.34,12.06,-1.272,0.0,5.46,10.59,577.41,0,0.0,0.0
EMP043,2026-03-23,0,0,0,0,0,0,2,82,82,14.86,15.36,14.7,0.0,0.0,9.34,10.23,-0.0879,0.0,0.0,100.0,0.0,0.0,0.0,0.0,100.0,0,4,-15.34,12.06,-1.272,0.0,5.46,10.59,577.41,0,0.0,0.0
EMP043,2026-03-24,0,0,34,0,0,282,3,83,83,11.0,13.5,14.5,0.0,0.0,9.1,10.46,-0.2427,0.0,0.0,0.0,0.0,0.0,34.0,0.0,0.0,4,0,18.66,12.06,1.547,100.0,5.46,10.59,577.41,4,0.844,141.0
EMP043,2026-03-25,0,0,1,0,0,9,1,84,84,13.86,14.86,15.63,0.0,0.0,12.21,10.67,-0.2169,0.0,0.0,93.6,0.0,0.0,1.0,0.0,0.0,4,0,-14.34,12.06,-1.189,0.0,5.46,10.59,577.41,4,0.8889,4.5
EMP043,2026-03-26,0,0,49,0,0,321,1,85,85,11.29,13.07,15.07,0.0,0.0,12.74,10.97,-0.295,0.0,0.0,0.0,0.0,0.0,49.0,0.0,0.0,4,0,33.66,12.06,2.791,100.0,5.46,10.59,577.41,4,0.8069,160.5
EMP043,2026-03-27,0,0,24,0,0,382,1,86,86,16.43,15.29,15.8,0.0,0.0,18.4,12.39,0.0062,0.0,0.0,0.0,0.0,0.0,24.0,0.0,0.0,4,0,8.66,12.06,0.718,100.0,5.46,10.59,577.41,4,0.8246,191.0
EMP043,2026-03-28,0,0,12,0,0,112,1,87,87,16.14,15.71,16.13,0.0,0.0,18.26,12.47,0.0467,0.0,0.0,25.6,0.0,0.0,12.0,0.0,0.0,4,0,-3.34,12.06,-0.277,0.0,5.46,10.59,577.41,4,0.8393,56.0
EMP043,2026-03-29,0,0,0,0,0,0,1,88,88,17.14,16.0,15.5,0.0,0.0,17.81,12.18,0.1226,0.0,0.0,100.0,0.0,0.0,0.0,0.0,100.0,0,4,-15.34,12.06,-1.272,0.0,5.46,10.59,577.41,0,0.0,0.0
EMP043,2026-03-30,0,0,43,0,0,315,2,89,89,17.14,16.0,14.6,0.0,0.0,17.81,12.29,0.1019,0.0,0.0,0.0,0.0,0.0,43.0,0.0,0.0,4,0,27.66,12.06,2.294,100.0,5.46,10.59,577.41,4,0.9048,157.5
EMP043,2026-03-31,0,0,57,0,0,355,1,90,90,23.29,17.14,15.43,0.0,0.0,18.25,13.3,0.3086,0.0,0.0,0.0,0.0,0.0,57.0,0.0,0.0,4,0,41.66,12.06,3.454,100.0,5.46,10.59,577.41,4,0.7915,177.5
EMP044,2026-01-01,0,0,0,0,0,0,1,1,1,0.0,0.0,0.0,0.0,0.0,0.0,0.0,0.0,0.0,0.0,0.0,0.0,0.0,0.0,0.0,100.0,0,4,-13.99,10.88,-1.286,50.0,6.9,5.84,529.75,0,0.0,0.0
EMP044,2026-01-02,0,0,26,0,0,274,2,2,2,0.0,0.0,0.0,0.0,0.0,0.0,0.0,0.0,0.0,0.0,0.0,0.0,0.0,26.0,0.0,0.0,4,0,12.01,10.88,1.104,50.0,6.9,5.84,529.75,4,0.7993,137.0
EMP044,2026-01-03,0,0,6,0,0,71,1,3,3,13.0,13.0,13.0,0.0,0.0,13.0,13.0,0.0,0.0,0.0,53.85,0.0,0.0,6.0,0.0,0.0,4,0,-7.99,10.88,-0.734,50.0,6.9,5.84,529.75,4,0.7606,35.5
EMP044,2026-01-04,0,0,0,0,0,0,1,4,4,10.67,10.67,10.67,0.0,0.0,11.12,11.12,3.0,0.0,0.0,100.0,0.0,0.0,0.0,0.0,100.0,0,4,-13.99,10.88,-1.286,50.0,6.9,5.84,529.75,0,0.0,0.0
EMP044,2026-01-05,0,0,27,0,0,207,2,5,5,8.0,8.0,8.0,0.0,0.0,10.68,10.68,-2.0,0.0,0.0,0.0,0.0,0.0,27.0,0.0,0.0,4,0,13.01,10.88,1.196,50.0,6.9,5.84,529.75,4,0.8309,103.5
EMP044,2026-01-06,0,0,25,0,0,216,1,6,6,11.8,11.8,11.8,0.0,0.0,12.2,12.2,2.8,0.0,0.0,0.0,0.0,0.0,25.0,0.0,0.0,4,0,11.01,10.88,1.012,50.0,6.9,5.84,529.75,4,0.8565,108.0
EMP044,2026-01-07,0,0,6,0,0,99,1,7,7,14.0,14.0,14.0,0.0,0.0,12.18,12.18,3.4857,0.0,0.0,57.14,0.0,0.0,6.0,0.0,0.0,4,0,-7.99,10.88,-0.734,50.0,6.9,5.84,529.75,4,0.8283,49.5
EMP044,2026-01-08,0,0,23,0,0,197,1,8,8,12.86,12.86,12.86,0.0,0.0,11.62,11.62,1.3214,0.0,0.0,0.0,0.0,0.0,23.0,0.0,0.0,4,0,9.01,10.88,0.828,50.0,6.9,5.84,529.75,4,0.8832,98.5
EMP044,2026-01-09,0,0,23,0,0,184,1,9,9,16.14,14.12,14.12,0.0,0.0,10.74,11.37,1.7262,0.0,0.0,0.0,0.0,0.0,23.0,0.0,0.0,4,0,9.01,10.88,0.828,50.0,6.9,5.84,529.75,4,0.8315,92.0
EMP044,2026-01-10,0,0,4,0,0,80,1,10,10,15.71,15.11,15.11,0.0,0.0,10.39,11.08,1.8,0.0,0.0,73.53,0.0,0.0,4.0,0.0,0.0,4,0,-9.99,10.88,-0.918,50.0,6.9,5.84,529.75,4,0.8875,40.0
EMP044,2026-01-11,0,0,0,0,0,0,1,11,11,15.43,14.0,14.0,0.0,0.0,10.68,11.03,0.703,0.0,0.0,100.0,0.0,0.0,0.0,0.0,100.0,0,4,-13.99,10.88,-1.286,50.0,6.9,5.84,529.75,0,0.0,0.0
EMP044,2026-01-12,0,0,24,0,0,154,2,12,12,15.43,12.73,12.73,0.0,0.0,10.68,11.26,-0.1091,0.0,0.0,0.0,0.0,0.0,24.0,0.0,0.0,4,0,10.01,10.88,0.92,50.0,6.9,5.84,529.75,4,0.8377,77.0
EMP044,2026-01-13,0,0,7,0,0,117,1,13,13,15.0,13.67,13.67,0.0,0.0,10.25,11.22,0.3497,0.0,0.0,48.79,0.0,0.0,7.0,0.0,0.0,4,0,-6.99,10.88,-0.642,50.0,6.9,5.84,529.75,4,0.735,58.5
EMP044,2026-01-14,0,0,15,0,0,131,1,14,14,12.43,13.15,13.15,0.0,0.0,9.66,10.93,0.0549,0.0,0.0,0.0,0.0,0.0,15.0,0.0,0.0,4,0,1.01,10.88,0.093,50.0,6.9,5.84,529.75,4,0.8092,65.5
EMP044,2026-01-15,0,0,19,0,0,166,1,15,15,13.71,13.29,13.29,0.0,0.0,9.32,10.54,0.0967,0.0,0.0,0.0,0.0,0.0,19.0,0.0,0.0,4,0,5.01,10.88,0.46,50.0,6.9,5.84,529.75,4,0.7771,83.0
EMP044,2026-01-16,0,0,24,0,0,260,1,16,16,13.14,14.64,13.67,0.0,0.0,8.84,10.28,0.2214,0.0,0.0,0.0,0.0,0.0,24.0,0.0,0.0,4,0,10.01,10.88,0.92,50.0,6.9,5.84,529.75,4,0.8962,130.0
EMP044,2026-01-17,0,0,4,0,0,67,1,17,17,13.29,14.5,14.31,0.0,0.0,9.0,10.26,0.4103,0.0,0.0,72.05,0.0,0.0,4.0,0.0,0.0,4,0,-9.99,10.88,-0.918,50.0,6.9,5.84,529.75,4,0.8358,33.5
EMP044,2026-01-18,0,0,0,0,0,0,1,18,18,13.29,14.36,13.71,0.0,0.0,9.0,10.25,0.1397,0.0,0.0,100.0,0.0,0.0,0.0,0.0,100.0,0,4,-13.99,10.88,-1.286,50.0,6.9,5.84,529.75,0,0.0,0.0
EMP044,2026-01-19,0,0,18,0,0,212,2,19,19,13.29,14.36,12.94,0.0,0.0,9.0,10.44,-0.1228,0.0,0.0,0.0,0.0,0.0,18.0,0.0,0.0,4,0,4.01,10.88,0.369,50.0,6.9,5.84,529.75,4,0.7689,106.0
EMP044,2026-01-20,0,0,18,0,0,226,1,20,20,12.43,13.71,13.21,0.0,0.0,8.19,10.23,-0.0246,0.0,0.0,0.0,0.0,0.0,18.0,0.0,0.0,4,0,4.01,10.88,0.369,50.0,6.9,5.84,529.75,4,0.7965,113.0
EMP044,2026-01-21,0,0,22,0,0,267,1,21,21,14.0,13.21,13.45,0.0,0.0,8.05,10.02,0.0474,0.0,0.0,0.0,0.0,0.0,22.0,0.0,0.0,4,0,8.01,10.88,0.736,50.0,6.9,5.84,529.75,4,0.839,133.5
EMP044,2026-01-22,0,0,12,0,0,172,1,22,22,15.0,14.36,13.86,0.0,0.0,8.54,9.95,0.1519,0.0,0.0,13.42,0.0,0.0,12.0,0.0,0.0,4,0,-1.99,10.88,-0.183,50.0,6.9,5.84,529.75,4,0.8779,86.0
EMP044,2026-01-23,0,0,14,0,0,235,1,23,23,14.0,13.57,13.77,0.0,0.0,8.42,9.73,0.1101,0.0,0.0,0.0,0.0,0.0,14.0,0.0,0.0,4,0,0.01,10.88,0.001,50.0,6.9,5.84,529.75,4,0.8383,117.5
EMP044,2026-01-24,0,0,7,0,0,84,1,24,24,12.57,12.93,13.78,0.0,0.0,7.38,9.51,0.0988,0.0,0.0,49.2,0.0,0.0,7.0,0.0,0.0,4,0,-6.99,10.88,-0.642,50.0,6.9,5.84,529.75,4,0.9048,42.0
EMP044,2026-01-25,0,0,0,0,0,0,1,25,25,13.0,13.14,13.5,0.0,0.0,6.95,9.41,0.0191,0.0,0.0,100.0,0.0,0.0,0.0,0.0,100.0,0,4,-13.99,10.88,-1.286,50.0,6.9,5.84,529.75,0,0.0,0.0
EMP044,2026-01-26,0,0,0,0,0,0,2,26,26,13.0,13.14,12.96,0.0,0.0,6.95,9.59,-0.1077,0.0,0.0,100.0,0.0,0.0,0.0,0.0,100.0,0,4,-13.99,10.88,-1.286,50.0,6.9,5.84,529.75,0,0.0,0.0
EMP044,2026-01-27,0,0,20,0,0,173,3,27,27,10.43,11.43,12.46,0.0,0.0,7.89,9.73,-0.2065,0.0,0.0,0.0,0.0,0.0,20.0,0.0,0.0,4,0,6.01,10.88,0.552,50.0,6.9,5.84,529.75,4,0.8092,86.5
EMP044,2026-01-28,0,0,24,0,0,207,1,28,28,10.71,12.36,12.74,0.0,0.0,8.19,9.66,-0.1245,0.0,0.0,0.0,0.0,0.0,24.0,0.0,0.0,4,0,10.01,10.88,0.92,50.0,6.9,5.84,529.75,4,0.8696,103.5
EMP044,2026-01-29,0,0,38,0,0,253,1,29,29,11.0,13.0,13.14,0.0,0.0,8.6,9.71,-0.0285,0.0,0.0,0.0,0.0,0.0,38.0,0.0,0.0,4,0,24.01,10.88,2.207,50.0,6.9,5.84,529.75,4,0.8458,126.5
EMP044,2026-01-30,0,0,41,0,0,244,1,30,30,14.71,14.36,14.0,0.0,0.0,12.81,10.56,0.1458,0.0,0.0,0.0,0.0,0.0,41.0,0.0,0.0,4,0,27.01,10.88,2.483,50.0,6.9,5.84,529.75,4,0.8115,122.0
EMP044,2026-01-31,0,0,8,0,0,84,1,31,31,18.57,15.57,14.9,0.0,0.0,15.75,11.46,0.3059,0.0,0.0,46.31,0.0,0.0,8.0,0.0,0.0,4,0,-5.99,10.88,-0.551,50.0,6.9,5.84,529.75,4,0.8452,42.0
EMP044,2026-02-01,0,0,0,0,0,0,1,32,32,18.71,15.86,15.17,0.0,0.0,15.65,11.2,0.1586,0.0,0.0,100.0,0.0,0.0,0.0,0.0,100.0,0,4,-13.99,10.88,-1.286,50.0,6.9,5.84,529.75,0,0.0,0.0
EMP044,2026-02-02,0,0,14,0,0,213,2,33,33,18.71,15.86,14.3,0.0,0.0,15.65,11.33,0.1355,0.0,0.0,2.1,0.0,0.0,14.0,0.0,0.0,4,0,0.01,10.88,0.001,50.0,6.9,5.84,529.75,4,0.8028,106.5
EMP044,2026-02-03,0,0,20,0,0,248,1,34,34,20.71,15.57,14.57,0.0,0.0,13.93,11.23,0.0763,0.0,0.0,0.0,0.0,0.0,20.0,0.0,0.0,4,0,6.01,10.88,0.552,50.0,6.9,5.84,529.75,4,0.8306,124.0
EMP044,2026-02-04,0,0,13,0,0,200,1,35,35,20.71,15.71,15.23,0.0,0.0,13.93,10.94,0.0109,0.0,0.0,14.64,0.0,0.0,13.0,0.0,0.0,4,0,-0.99,10.88,-0.091,50.0,6.9,5.84,529.75,4,0.855,100.0
EMP044,2026-02-05,0,0,16,0,0,222,1,36,36,19.14,15.07,14.77,0.0,0.0,14.09,10.72,0.0776,0.0,0.0,0.0,0.0,0.0,16.0,0.0,0.0,4,0,2.01,10.88,0.185,50.0,6.9,5.84,529.75,4,0.8333,111.0
EMP044,2026-02-06,0,0,28,0,0,187,1,37,37,16.0,15.36,14.47,0.0,0.0,11.8,10.55,0.1562,0.0,0.0,0.0,0.0,0.0,28.0,0.0,0.0,4,0,14.01,10.88,1.288,50.0,6.9,5.84,529.75,4,0.8182,93.5
EMP044,2026-02-07,0,0,3,0,0,25,1,38,38,14.14,16.36,15.2,0.0,0.0,8.18,10.7,0.1851,0.0,0.0,80.26,0.0,0.0,3.0,0.0,0.0,4,0,-10.99,10.88,-1.01,50.0,6.9,5.84,529.75,4,0.76,12.5
EMP044,2026-02-08,0,0,0,0,0,0,1,39,39,13.43,16.07,14.53,0.0,0.0,8.88,10.82,0.1602,0.0,0.0,100.0,0.0,0.0,0.0,0.0,100.0,0,4,-13.99,10.88,-1.286,50.0,6.9,5.84,529.75,0,0.0,0.0
EMP044,2026-02-09,0,0,18,0,0,176,2,40,40,13.43,16.07,13.77,0.0,0.0,8.88,11.01,0.1248,0.0,0.0,0.0,0.0,0.0,18.0,0.0,0.0,4,0,4.01,10.88,0.369,50.0,6.9,5.84,529.75,4,0.8466,88.0
EMP044,2026-02-10,0,0,24,0,0,237,1,41,41,14.0,17.36,14.23,0.0,0.0,9.02,10.88,0.0848,0.0,0.0,0.0,0.0,0.0,24.0,0.0,0.0,4,0,10.01,10.88,0.92,50.0,6.9,5.84,529.75,4,0.8903,118.5
EMP044,2026-02-11,0,0,0,0,0,0,1,42,42,14.57,17.64,15.03,0.0,0.0,9.5,10.68,0.0496,0.0,0.0,100.0,0.0,0.0,0.0,0.0,100.0,0,4,-13.99,10.88,-1.286,50.0,6.9,5.84,529.75,0,0.0,0.0
EMP044,2026-02-12,0,0,0,0,0,7,2,43,43,12.71,15.93,14.23,0.0,0.0,10.81,10.88,0.0145,0.0,0.0,100.0,0.0,0.0,0.0,0.0,25.0,3,1,-13.99,10.88,-1.286,50.0,6.9,5.84,529.75,3,0.8571,3.5
EMP044,2026-02-13,0,0,9,0,0,229,3,44,44,10.43,13.21,14.0,0.0,0.0,11.54,11.1,-0.1273,0.0,0.0,35.71,0.0,0.0,9.0,0.0,0.0,4,0,-4.99,10.88,-0.459,50.0,6.9,5.84,529.75,4,0.8734,114.5
EMP044,2026-02-14,0,0,6,0,0,81,1,45,45,7.71,10.93,13.8,0.0,0.0,9.05,11.14,-0.1526,0.0,0.0,56.52,0.0,0.0,6.0,0.0,0.0,4,0,-7.99,10.88,-0.734,50.0,6.9,5.84,529.75,4,0.8889,40.5
EMP044,2026-02-15,0,0,0,0,0,0,1,46,46,8.14,10.79,13.37,0.0,0.0,8.89,11.18,-0.1671,0.0,0.0,100.0,0.0,0.0,0.0,0.0,100.0,0,4,-13.99,10.88,-1.286,50.0,6.9,5.84,529.75,0,0.0,0.0
EMP044,2026-02-16,0,0,14,0,0,175,2,47,47,8.14,10.79,12.57,0.0,0.0,8.89,11.25,-0.18,0.0,0.0,0.0,0.0,0.0,14.0,0.0,0.0,4,0,0.01,10.88,0.001,50.0,6.9,5.84,529.75,4,0.8114,87.5
EMP044,2026-02-17,0,0,26,0,0,189,1,48,48,7.57,10.79,12.9,0.0,0.0,8.35,11.14,-0.2298,0.0,0.0,0.0,0.0,0.0,26.0,0.0,0.0,4,0,12.01,10.88,1.104,50.0,6.9,5.84,529.75,4,0.7937,94.5
EMP044,2026-02-18,0,0,24,0,0,230,1,49,49,7.86,11.21,13.77,0.0,0.0,8.92,11.11,-0.2343,0.0,0.0,0.0,0.0,0.0,24.0,0.0,0.0,4,0,10.01,10.88,0.92,50.0,6.9,5.84,529.75,4,0.8826,115.0
EMP044,2026-02-19,0,0,24,0,0,209,1,50,50,11.29,12.0,13.97,0.0,0.0,9.81,11.24,-0.139,0.0,0.0,0.0,0.0,0.0,24.0,0.0,0.0,4,0,10.01,10.88,0.92,50.0,6.9,5.84,529.75,4,0.8086,104.5
EMP044,2026-02-20,0,0,11,0,0,261,1,51,51,14.71,12.57,14.17,0.0,0.0,9.45,11.36,-0.0465,0.0,0.0,22.37,0.0,0.0,11.0,0.0,0.0,4,0,-2.99,10.88,-0.275,50.0,6.9,5.84,529.75,4,0.8008,130.5
EMP044,2026-02-21,0,0,4,0,0,79,1,52,52,15.0,11.36,13.8,0.0,0.0,9.3,11.28,-0.0129,0.0,0.0,71.01,0.0,0.0,4.0,0.0,0.0,4,0,-9.99,10.88,-0.918,50.0,6.9,5.84,529.75,4,0.8228,39.5
EMP044,2026-02-22,0,0,0,0,0,0,1,53,53,14.71,11.43,13.53,0.0,0.0,9.6,11.41,-0.0885,0.0,0.0,100.0,0.0,0.0,0.0,0.0,100.0,0,4,-13.99,10.88,-1.286,50.0,6.9,5.84,529.75,0,0.0,0.0
EMP044,2026-02-23,0,0,11,0,0,241,2,54,54,14.71,11.43,13.07,0.0,0.0,9.6,11.67,-0.1726,0.0,0.0,15.84,0.0,0.0,11.0,0.0,0.0,4,0,-2.99,10.88,-0.275,50.0,6.9,5.84,529.75,4,0.7884,120.5
EMP044,2026-02-24,0,0,24,0,0,249,1,55,55,14.29,10.93,13.2,0.0,0.0,9.69,11.62,-0.2278,0.0,0.0,0.0,0.0,0.0,24.0,0.0,0.0,4,0,10.01,10.88,0.92,50.0,6.9,5.84,529.75,4,0.8112,124.5
EMP044,2026-02-25,0,0,17,0,0,161,1,56,56,14.0,10.93,14.0,0.0,0.0,9.37,11.51,-0.2492,0.0,0.0,0.0,0.0,0.0,17.0,0.0,0.0,4,0,3.01,10.88,0.277,50.0,6.9,5.84,529.75,4,0.8012,80.5
EMP044,2026-02-26,0,0,25,0,0,278,1,57,57,13.0,12.14,14.57,0.0,0.0,8.59,11.22,-0.3264,0.0,0.0,0.0,0.0,0.0,25.0,0.0,0.0,4,0,11.01,10.88,1.012,50.0,6.9,5.84,529.75,4,0.8309,139.0
EMP044,2026-02-27,0,0,16,0,0,211,1,58,58,13.14,13.93,14.73,0.0,0.0,8.77,11.34,-0.2216,0.0,0.0,0.0,0.0,0.0,16.0,0.0,0.0,4,0,2.01,10.88,0.185,50.0,6.9,5.84,529.75,4,0.7488,105.5
EMP044,2026-02-28,0,0,15,0,0,95,1,59,59,13.86,14.43,14.47,0.0,0.0,8.77,11.21,-0.1495,0.0,0.0,0.0,0.0,0.0,15.0,0.0,0.0,4,0,1.01,10.88,0.093,50.0,6.9,5.84,529.75,4,0.8526,47.5
EMP044,2026-03-01,0,0,0,0,0,0,1,60,60,15.43,15.07,13.7,0.0,0.0,7.8,10.33,0.0162,0.0,0.0,100.0,0.0,0.0,0.0,0.0,100.0,0,4,-13.99,10.88,-1.286,50.0,6.9,5.84,529.75,0,0.0,0.0
EMP044,2026-03-02,0,0,0,0,0,0,2,61,61,15.43,15.07,12.33,0.0,0.0,7.8,9.28,0.1161,0.0,0.0,100.0,0.0,0.0,0.0,0.0,100.0,0,4,-13.99,10.88,-1.286,50.0,6.9,5.84,529.75,0,0.0,0.0
EMP044,2026-03-03,0,0,15,0,0,182,3,62,62,13.86,14.07,12.07,0.0,0.0,9.46,9.51,0.0067,0.0,0.0,0.0,0.0,0.0,15.0,0.0,0.0,4,0,1.01,10.88,0.093,50.0,6.9,5.84,529.75,4,0.7967,91.0
EMP044,2026-03-04,0,0,16,0,0,222,1,63,63,12.57,13.29,12.57,0.0,0.0,8.57,9.26,-0.0576,0.0,0.0,0.0,0.0,0.0,16.0,0.0,0.0,4,0,2.01,10.88,0.185,50.0,6.9,5.84,529.75,4,0.8063,111.0
EMP044,2026-03-05,0,0,12,0,0,223,1,64,64,12.43,12.71,12.63,0.0,0.0,8.5,9.28,-0.0256,0.0,0.0,4.99,0.0,0.0,12.0,0.0,0.0,4,0,-1.99,10.88,-0.183,50.0,6.9,5.84,529.75,4,0.7892,111.5
EMP044,2026-03-06,0,0,13,0,0,172,1,65,65,10.57,11.86,12.37,0.0,0.0,6.8,9.17,0.0211,0.0,0.0,0.0,0.0,0.0,13.0,0.0,0.0,4,0,-0.99,10.88,-0.091,50.0,6.9,5.84,529.75,4,0.8256,86.0
EMP044,2026-03-07,0,0,2,0,0,61,1,66,66,10.14,12.0,12.37,0.0,0.0,6.53,9.17,0.0296,0.0,0.0,83.83,0.0,0.0,2.0,0.0,0.0,4,0,-11.99,10.88,-1.102,50.0,6.9,5.84,529.75,4,0.8689,30.5
EMP044,2026-03-08,0,0,0,0,0,0,1,67,67,8.29,11.86,11.9,0.0,0.0,6.73,9.33,-0.0122,0.0,0.0,100.0,0.0,0.0,0.0,0.0,100.0,0,4,-13.99,10.88,-1.286,50.0,6.9,5.84,529.75,0,0.0,0.0
EMP044,2026-03-09,0,0,13,0,0,227,2,68,68,8.29,11.86,10.97,0.0,0.0,6.73,9.07,0.022,0.0,0.0,0.0,0.0,0.0,13.0,0.0,0.0,4,0,-0.99,10.88,-0.091,50.0,6.9,5.84,529.75,4,0.8458,113.5
EMP044,2026-03-10,0,0,17,0,0,212,1,69,69,10.14,12.0,11.3,0.0,0.0,5.94,8.96,-0.0198,0.0,0.0,0.0,0.0,0.0,17.0,0.0,0.0,4,0,3.01,10.88,0.277,50.0,6.9,5.84,529.75,4,0.8302,106.0
EMP044,2026-03-11,0,0,12,0,0,132,1,70,70,10.43,11.5,11.87,0.0,0.0,6.21,8.76,-0.061,0.0,0.0,0.0,0.0,0.0,12.0,0.0,0.0,4,0,-1.99,10.88,-0.183,50.0,6.9,5.84,529.75,4,0.803,66.0
EMP044,2026-03-12,0,0,10,0,0,163,1,71,71,9.86,11.14,11.67,0.0,0.0,5.84,8.68,-0.0178,0.0,0.0,14.31,0.0,0.0,10.0,0.0,0.0,4,0,-3.99,10.88,-0.367,50.0,6.9,5.84,529.75,4,0.8834,81.5
EMP044,2026-03-13,0,0,16,0,0,213,1,72,72,9.57,10.07,11.2,0.0,0.0,5.78,8.38,0.0565,0.0,0.0,0.0,0.0,0.0,16.0,0.0,0.0,4,0,2.01,10.88,0.185,50.0,6.9,5.84,529.75,4,0.8122,106.5
EMP044,2026-03-14,0,0,5,0,0,86,1,73,73,10.0,10.07,11.73,0.0,0.0,6.12,8.16,0.0102,0.0,0.0,57.37,0.0,0.0,5.0,0.0,0.0,4,0,-8.99,10.88,-0.826,50.0,6.9,5.84,529.75,4,0.8721,43.0
EMP044,2026-03-15,0,0,0,0,0,0,1,74,74,10.43,9.36,11.9,0.0,0.0,5.63,7.96,-0.1141,0.0,0.0,100.0,0.0,0.0,0.0,0.0,100.0,0,4,-13.99,10.88,-1.286,50.0,6.9,5.84,529.75,0,0.0,0.0
EMP044,2026-03-16,0,0,17,0,0,165,2,75,75,10.43,9.36,11.6,0.0,0.0,5.63,8.23,-0.2109,0.0,0.0,0.0,0.0,0.0,17.0,0.0,0.0,4,0,3.01,10.88,0.277,50.0,6.9,5.84,529.75,4,0.8121,82.5
EMP044,2026-03-17,0,0,19,0,0,251,1,76,76,11.0,10.57,11.97,0.0,0.0,6.05,8.22,-0.2147,0.0,0.0,0.0,0.0,0.0,19.0,0.0,0.0,4,0,5.01,10.88,0.46,50.0,6.9,5.84,529.75,4,0.8048,125.5
EMP044,2026-03-18,0,0,21,0,0,169,1,77,77,11.29,10.86,12.6,0.0,0.0,6.36,8.0,-0.2518,0.0,0.0,0.0,0.0,0.0,21.0,0.0,0.0,4,0,7.01,10.88,0.644,50.0,6.9,5.84,529.75,4,0.8284,84.5
EMP044,2026-03-19,0,0,15,0,0,174,1,78,78,12.57,11.21,12.83,0.0,0.0,7.23,8.14,-0.188,0.0,0.0,0.0,0.0,0.0,15.0,0.0,0.0,4,0,1.01,10.88,0.093,50.0,6.9,5.84,529.75,4,0.8793,87.0
EMP044,2026-03-20,0,0,22,0,0,220,1,79,79,13.29,11.43,12.47,0.0,0.0,7.19,7.78,-0.0832,0.0,0.0,0.0,0.0,0.0,22.0,0.0,0.0,4,0,8.01,10.88,0.736,50.0,6.9,5.84,529.75,4,0.8409,110.0
EMP044,2026-03-21,0,0,2,0,0,44,1,80,80,14.14,12.07,12.4,0.0,0.0,7.79,7.69,0.0578,0.0,0.0,83.87,0.0,0.0,2.0,0.0,0.0,4,0,-11.99,10.88,-1.102,50.0,6.9,5.84,529.75,4,0.8636,22.0
EMP044,2026-03-22,0,0,0,0,0,0,1,81,81,13.71,12.07,11.67,0.0,0.0,8.34,7.6,0.0707,0.0,0.0,100.0,0.0,0.0,0.0,0.0,100.0,0,4,-13.99,10.88,-1.286,50.0,6.9,5.84,529.75,0,0.0,0.0
EMP044,2026-03-23,0,0,15,0,0,232,2,82,82,13.71,12.07,11.3,0.0,0.0,8.34,7.88,-0.0091,0.0,0.0,0.0,0.0,0.0,15.0,0.0,0.0,4,0,1.01,10.88,0.093,50.0,6.9,5.84,529.75,4,0.9009,116.0
EMP044,2026-03-24,0,0,19,0,0,199,1,83,83,13.43,12.21,11.67,0.0,0.0,8.26,7.79,-0.0356,0.0,0.0,0.0,0.0,0.0,19.0,0.0,0.0,4,0,5.01,10.88,0.46,50.0,6.9,5.84,529.75,4,0.804,99.5
EMP044,2026-03-25,0,0,27,0,0,164,1,84,84,13.43,12.36,12.3,0.0,0.0,8.26,7.58,-0.0687,0.0,0.0,0.0,0.0,0.0,27.0,0.0,0.0,4,0,13.01,10.88,1.196,50.0,6.9,5.84,529.75,4,0.872,82.0
EMP044,2026-03-26,0,0,30,0,0,268,1,85,85,14.29,13.43,12.83,0.0,0.0,9.25,8.02,0.0171,0.0,0.0,0.0,0.0,0.0,30.0,0.0,0.0,4,0,16.01,10.88,1.472,50.0,6.9,5.84,529.75,4,0.8507,134.0
EMP044,2026-03-27,0,0,47,0,0,317,1,86,86,16.43,14.86,13.03,0.0,0.0,10.78,8.36,0.2049,0.0,0.0,0.0,0.0,0.0,47.0,0.0,0.0,4,0,33.01,10.88,3.034,50.0,6.9,5.84,529.75,4,0.9022,158.5
EMP044,2026-03-28,0,0,11,0,0,93,1,87,87,20.0,17.07,14.03,0.0,0.0,15.25,10.34,0.4514,0.0,0.0,21.6,0.0,0.0,11.0,0.0,0.0,4,0,-2.99,10.88,-0.275,50.0,6.9,5.84,529.75,4,0.828,46.5
EMP044,2026-03-29,0,0,0,0,0,0,1,88,88,21.29,17.5,13.57,0.0,0.0,14.01,10.15,0.5075,0.0,0.0,100.0,0.0,0.0,0.0,0.0,100.0,0,4,-13.99,10.88,-1.286,50.0,6.9,5.84,529.75,0,0.0,0.0
EMP044,2026-03-30,0,0,43,0,0,213,2,89,89,21.29,17.5,13.03,0.0,0.0,14.01,10.42,0.4367,0.0,0.0,0.0,0.0,0.0,43.0,0.0,0.0,4,0,29.01,10.88,2.666,50.0,6.9,5.84,529.75,4,0.8638,106.5
EMP044,2026-03-31,0,0,23,0,0,287,1,90,90,25.29,19.36,13.97,0.0,0.0,15.55,11.73,0.6436,0.0,0.0,0.0,0.0,0.0,23.0,0.0,0.0,4,0,9.01,10.88,0.828,50.0,6.9,5.84,529.75,4,0.8188,143.5
EMP045,2026-01-01,0,0,0,0,0,0,1,1,1,0.0,0.0,0.0,0.0,0.0,0.0,0.0,0.0,0.0,0.0,0.0,0.0,0.0,0.0,0.0,100.0,0,4,-15.34,12.06,-1.272,0.0,4.35,12.06,557.63,0,0.0,0.0
EMP045,2026-01-02,0,0,22,0,0,250,2,2,2,0.0,0.0,0.0,0.0,0.0,0.0,0.0,0.0,0.0,0.0,0.0,0.0,0.0,22.0,0.0,0.0,4,0,6.66,12.06,0.552,100.0,4.35,12.06,557.63,4,0.82,125.0
EMP045,2026-01-03,0,0,13,0,0,102,1,3,3,11.0,11.0,11.0,0.0,0.0,11.0,11.0,0.0,0.0,0.0,0.0,0.0,0.0,13.0,0.0,0.0,4,0,-2.34,12.06,-0.194,0.0,4.35,12.06,557.63,4,0.8824,51.0
EMP045,2026-01-04,0,0,0,0,0,0,1,4,4,11.67,11.67,11.67,0.0,0.0,9.03,9.03,6.5,0.0,0.0,100.0,0.0,0.0,0.0,0.0,100.0,0,4,-15.34,12.06,-1.272,0.0,4.35,12.06,557.63,0,0.0,0.0
EMP045,2026-01-05,0,0,24,0,0,204,2,5,5,8.75,8.75,8.75,0.0,0.0,9.31,9.31,-0.9,0.0,0.0,0.0,0.0,0.0,24.0,0.0,0.0,4,0,8.66,12.06,0.718,100.0,4.35,12.06,557.63,4,0.8725,102.0
EMP045,2026-01-06,0,0,19,0,0,245,1,6,6,11.8,11.8,11.8,0.0,0.0,10.32,10.32,2.6,0.0,0.0,0.0,0.0,0.0,19.0,0.0,0.0,4,0,3.66,12.06,0.303,100.0,4.35,12.06,557.63,4,0.7633,122.5
EMP045,2026-01-07,0,0,23,0,0,228,1,7,7,13.0,13.0,13.0,0.0,0.0,9.8,9.8,2.5143,0.0,0.0,0.0,0.0,0.0,23.0,0.0,0.0,4,0,7.66,12.06,0.635,100.0,4.35,12.06,557.63,4,0.8596,114.0
EMP045,2026-01-08,0,0,0,0,0,0,1,8,8,14.43,14.43,14.43,0.0,0.0,9.72,9.72,2.6429,0.0,0.0,100.0,0.0,0.0,0.0,0.0,100.0,0,4,-15.34,12.06,-1.272,0.0,4.35,12.06,557.63,0,0.0,0.0
EMP045,2026-01-09,0,0,29,0,0,300,2,9,9,14.43,12.62,12.62,0.0,0.0,9.72,10.27,0.5595,0.0,0.0,0.0,0.0,0.0,29.0,0.0,0.0,4,0,13.66,12.06,1.133,100.0,4.35,12.06,557.63,4,0.82,150.0
EMP045,2026-01-10,0,0,5,0,0,95,1,10,10,15.43,14.44,14.44,0.0,0.0,10.76,10.97,1.4833,0.0,0.0,65.37,0.0,0.0,5.0,0.0,0.0,4,0,-10.34,12.06,-0.857,0.0,4.35,12.06,557.63,4,0.8316,47.5
EMP045,2026-01-11,0,0,0,0,0,0,1,11,11,14.29,13.5,13.5,0.0,0.0,11.36,10.78,0.5636,0.0,0.0,100.0,0.0,0.0,0.0,0.0,100.0,0,4,-15.34,12.06,-1.272,0.0,4.35,12.06,557.63,0,0.0,0.0
EMP045,2026-01-12,0,0,14,0,0,254,2,12,12,14.29,12.27,12.27,0.0,0.0,11.36,10.99,-0.1909,0.0,0.0,0.0,0.0,0.0,14.0,0.0,0.0,4,0,-1.34,12.06,-0.111,0.0,4.35,12.06,557.63,4,0.8937,127.0
EMP045,2026-01-13,0,0,25,0,0,268,1,13,13,12.86,12.42,12.42,0.0,0.0,10.66,10.53,-0.0804,0.0,0.0,0.0,0.0,0.0,25.0,0.0,0.0,4,0,9.66,12.06,0.801,100.0,4.35,12.06,557.63,4,0.7873,134.0
EMP045,2026-01-14,0,0,20,0,0,240,1,14,14,13.71,13.38,13.38,0.0,0.0,11.34,10.66,0.3516,0.0,0.0,0.0,0.0,0.0,20.0,0.0,0.0,4,0,4.66,12.06,0.386,100.0,4.35,12.06,557.63,4,0.8667,120.0
EMP045,2026-01-15,0,0,12,0,0,161,1,15,15,13.29,13.86,13.86,0.0,0.0,11.03,10.41,0.4703,0.0,0.0,13.42,0.0,0.0,12.0,0.0,0.0,4,0,-3.34,12.06,-0.277,0.0,4.35,12.06,557.63,4,0.8012,80.5
EMP045,2026-01-16,0,0,14,0,0,234,1,16,16,15.0,14.71,13.73,0.0,0.0,9.68,10.07,0.3357,0.0,0.0,0.0,0.0,0.0,14.0,0.0,0.0,4,0,-1.34,12.06,-0.111,0.0,4.35,12.06,557.63,4,0.859,117.0
EMP045,2026-01-17,0,0,5,0,0,88,1,17,17,12.86,14.14,13.75,0.0,0.0,7.83,9.75,0.2824,0.0,0.0,63.64,0.0,0.0,5.0,0.0,0.0,4,0,-10.34,12.06,-0.857,0.0,4.35,12.06,557.63,4,0.8977,44.0
EMP045,2026-01-18,0,0,0,0,0,0,1,18,18,12.86,13.57,13.24,0.0,0.0,7.83,9.68,0.0637,0.0,0.0,100.0,0.0,0.0,0.0,0.0,100.0,0,4,-15.34,12.06,-1.272,0.0,4.35,12.06,557.63,0,0.0,0.0
EMP045,2026-01-19,0,0,27,0,0,200,2,19,19,12.86,13.57,12.5,0.0,0.0,7.83,9.88,-0.1785,0.0,0.0,0.0,0.0,0.0,27.0,0.0,0.0,4,0,11.66,12.06,0.967,100.0,4.35,12.06,557.63,4,0.865,100.0
EMP045,2026-01-20,0,0,7,0,0,141,1,20,20,14.71,13.79,13.26,0.0,0.0,9.28,10.15,0.0772,0.0,0.0,47.21,0.0,0.0,7.0,0.0,0.0,4,0,-8.34,12.06,-0.692,0.0,4.35,12.06,557.63,4,0.8369,70.5
EMP045,2026-01-21,0,0,13,0,0,204,1,21,21,12.14,12.93,12.95,0.0,0.0,8.54,9.99,-0.0233,0.0,0.0,0.0,0.0,0.0,13.0,0.0,0.0,4,0,-2.34,12.06,-0.194,0.0,4.35,12.06,557.63,4,0.8186,102.0
EMP045,2026-01-22,0,0,14,0,0,193,1,22,22,11.14,12.21,12.95,0.0,0.0,7.95,9.75,-0.0195,0.0,0.0,0.0,0.0,0.0,14.0,0.0,0.0,4,0,-1.34,12.06,-0.111,0.0,4.35,12.06,557.63,4,0.829,96.5
EMP045,2026-01-23,0,0,17,0,0,237,1,23,23,11.43,13.21,13.0,0.0,0.0,8.02,9.53,-0.0045,0.0,0.0,0.0,0.0,0.0,17.0,0.0,0.0,4,0,1.66,12.06,0.138,100.0,4.35,12.06,557.63,4,0.8523,118.5
EMP045,2026-01-24,0,0,9,0,0,63,1,24,24,11.86,12.36,13.17,0.0,0.0,8.22,9.35,0.0395,0.0,0.0,31.66,0.0,0.0,9.0,0.0,0.0,4,0,-6.34,12.06,-0.526,0.0,4.35,12.06,557.63,4,0.8254,31.5
EMP045,2026-01-25,0,0,0,0,0,0,1,25,25,12.43,12.64,13.0,0.0,0.0,7.85,9.19,-0.007,0.0,0.0,100.0,0.0,0.0,0.0,0.0,100.0,0,4,-15.34,12.06,-1.272,0.0,4.35,12.06,557.63,0,0.0,0.0
EMP045,2026-01-26,0,0,0,0,0,0,2,26,26,12.43,12.64,12.48,0.0,0.0,7.85,9.36,-0.1262,0.0,0.0,100.0,0.0,0.0,0.0,0.0,100.0,0,4,-15.34,12.06,-1.272,0.0,4.35,12.06,557.63,0,0.0,0.0
EMP045,2026-01-27,0,0,26,0,0,272,3,27,27,8.57,11.64,12.0,0.0,0.0,6.21,9.49,-0.2188,0.0,0.0,0.0,0.0,0.0,26.0,0.0,0.0,4,0,10.66,12.06,0.884,100.0,4.35,12.06,557.63,4,0.7794,136.0
EMP045,2026-01-28,0,0,1,0,0,15,1,28,28,11.29,11.71,12.52,0.0,0.0,8.61,9.68,-0.0842,0.0,0.0,92.01,0.0,0.0,1.0,0.0,0.0,4,0,-14.34,12.06,-1.189,0.0,4.35,12.06,557.63,4,0.8,7.5
EMP045,2026-01-29,0,0,22,0,0,268,1,29,29,9.57,10.36,12.11,0.0,0.0,9.27,9.74,-0.1606,0.0,0.0,0.0,0.0,0.0,22.0,0.0,0.0,4,0,6.66,12.06,0.552,100.0,4.35,12.06,557.63,4,0.8507,134.0
EMP045,2026-01-30,0,0,28,0,0,301,1,30,30,10.71,11.07,12.45,0.0,0.0,10.19,9.74,-0.0764,0.0,0.0,0.0,0.0,0.0,28.0,0.0,0.0,4,0,12.66,12.06,1.05,100.0,4.35,12.06,557.63,4,0.8704,150.5
EMP045,2026-01-31,0,0,5,0,0,94,1,31,31,12.29,12.07,12.97,0.0,0.0,11.77,9.97,0.0314,0.0,0.0,61.45,0.0,0.0,5.0,0.0,0.0,4,0,-10.34,12.06,-0.857,0.0,4.35,12.06,557.63,4,0.7766,47.0
EMP045,2026-02-01,0,0,0,0,0,0,1,32,32,11.71,12.07,13.13,0.0,0.0,12.01,9.8,-0.1095,0.0,0.0,100.0,0.0,0.0,0.0,0.0,100.0,0,4,-15.34,12.06,-1.272,0.0,4.35,12.06,557.63,0,0.0,0.0
EMP045,2026-02-02,0,0,30,0,0,331,2,33,33,11.71,12.07,12.4,0.0,0.0,12.01,9.93,-0.133,0.0,0.0,0.0,0.0,0.0,30.0,0.0,0.0,4,0,14.66,12.06,1.216,100.0,4.35,12.06,557.63,4,0.8278,165.5
EMP045,2026-02-03,0,0,20,0,0,362,1,34,34,16.0,12.29,12.97,0.0,0.0,12.41,10.42,-0.0154,0.0,0.0,0.0,0.0,0.0,20.0,0.0,0.0,4,0,4.66,12.06,0.386,100.0,4.35,12.06,557.63,4,0.8039,181.0
EMP045,2026-02-04,0,0,19,0,0,202,1,35,35,15.14,13.21,13.63,0.0,0.0,11.89,10.21,-0.0594,0.0,0.0,0.0,0.0,0.0,19.0,0.0,0.0,4,0,3.66,12.06,0.303,100.0,4.35,12.06,557.63,4,0.8069,101.0
EMP045,2026-02-05,0,0,17,0,0,140,1,36,36,17.71,13.64,13.47,0.0,0.0,10.4,10.08,0.0467,0.0,0.0,0.0,0.0,0.0,17.0,0.0,0.0,4,0,1.66,12.06,0.138,100.0,4.35,12.06,557.63,4,0.7857,70.0
EMP045,2026-02-06,0,0,32,0,0,281,1,37,37,17.0,13.86,13.4,0.0,0.0,10.25,10.05,0.1077,0.0,0.0,0.0,0.0,0.0,32.0,0.0,0.0,4,0,16.66,12.06,1.381,100.0,4.35,12.06,557.63,4,0.8683,140.5
EMP045,2026-02-07,0,0,5,0,0,109,1,38,38,17.57,14.93,13.7,0.0,0.0,10.94,10.45,0.2939,0.0,0.0,63.5,0.0,0.0,5.0,0.0,0.0,4,0,-10.34,12.06,-0.857,0.0,4.35,12.06,557.63,4,0.7982,54.5
EMP045,2026-02-08,0,0,0,0,0,0,1,39,39,17.57,14.64,13.87,0.0,0.0,10.94,10.27,0.1433,0.0,0.0,100.0,0.0,0.0,0.0,0.0,100.0,0,4,-15.34,12.06,-1.272,0.0,4.35,12.06,557.63,0,0.0,0.0
EMP045,2026-02-09,0,0,18,0,0,245,2,40,40,17.57,14.64,12.9,0.0,0.0,10.94,10.17,0.1582,0.0,0.0,0.0,0.0,0.0,18.0,0.0,0.0,4,0,2.66,12.06,0.221,100.0,4.35,12.06,557.63,4,0.8612,122.5
EMP045,2026-02-10,0,0,18,0,0,231,1,41,41,15.86,15.93,13.33,0.0,0.0,9.73,10.1,0.1366,0.0,0.0,0.0,0.0,0.0,18.0,0.0,0.0,4,0,2.66,12.06,0.221,100.0,4.35,12.06,557.63,4,0.8398,115.5
EMP045,2026-02-11,0,0,18,0,0,253,1,42,42,15.57,15.36,13.93,0.0,0.0,9.63,9.82,0.0747,0.0,0.0,0.0,0.0,0.0,18.0,0.0,0.0,4,0,2.66,12.06,0.221,100.0,4.35,12.06,557.63,4,0.8379,126.5
EMP045,2026-02-12,0,0,12,0,0,122,1,43,43,15.43,16.57,14.07,0.0,0.0,9.59,9.85,0.1014,0.0,0.0,14.71,0.0,0.0,12.0,0.0,0.0,4,0,-3.34,12.06,-0.277,0.0,4.35,12.06,557.63,4,0.7623,61.0
EMP045,2026-02-13,0,0,0,0,0,0,1,44,44,14.71,15.86,13.63,0.0,0.0,9.63,9.64,0.1635,0.0,0.0,100.0,0.0,0.0,0.0,0.0,100.0,0,4,-15.34,12.06,-1.272,0.0,4.35,12.06,557.63,0,0.0,0.0
EMP045,2026-02-14,0,0,4,0,0,97,2,45,45,10.14,13.86,12.97,0.0,0.0,7.75,9.86,0.1195,0.0,0.0,69.16,0.0,0.0,4.0,0.0,0.0,4,0,-11.34,12.06,-0.94,0.0,4.35,12.06,557.63,4,0.8144,48.5
EMP045,2026-02-15,0,0,0,0,0,0,1,46,46,10.0,13.79,12.7,0.0,0.0,7.86,9.99,0.0549,0.0,0.0,100.0,0.0,0.0,0.0,0.0,100.0,0,4,-15.34,12.06,-1.272,0.0,4.35,12.06,557.63,0,0.0,0.0
EMP045,2026-02-16,0,0,16,0,0,214,2,47,47,10.0,13.79,12.23,0.0,0.0,7.86,10.25,-0.018,0.0,0.0,0.0,0.0,0.0,16.0,0.0,0.0,4,0,0.66,12.06,0.055,100.0,4.35,12.06,557.63,4,0.771,107.0
EMP045,2026-02-17,0,0,29,0,0,221,1,48,48,9.71,12.79,12.6,0.0,0.0,7.59,10.18,-0.0436,0.0,0.0,0.0,0.0,0.0,29.0,0.0,0.0,4,0,13.66,12.06,1.133,100.0,4.35,12.06,557.63,4,0.8688,110.5
EMP045,2026-02-18,0,0,1,0,0,9,1,49,49,11.29,13.43,13.57,0.0,0.0,9.92,10.31,-0.0247,0.0,0.0,92.63,0.0,0.0,1.0,0.0,0.0,4,0,-14.34,12.06,-1.189,0.0,4.35,12.06,557.63,4,0.8889,4.5
EMP045,2026-02-19,0,0,33,0,0,201,1,50,50,8.86,12.14,12.7,0.0,0.0,10.06,10.24,-0.0131,0.0,0.0,0.0,0.0,0.0,33.0,0.0,0.0,4,0,17.66,12.06,1.464,100.0,4.35,12.06,557.63,4,0.8507,100.5
EMP045,2026-02-20,0,0,24,0,0,295,1,51,51,11.86,13.29,13.57,0.0,0.0,13.2,10.8,0.0785,0.0,0.0,0.0,0.0,0.0,24.0,0.0,0.0,4,0,8.66,12.06,0.718,100.0,4.35,12.06,557.63,4,0.8271,147.5
EMP045,2026-02-21,0,0,11,0,0,68,1,52,52,15.29,12.71,13.93,0.0,0.0,12.78,10.96,0.1419,0.0,0.0,21.03,0.0,0.0,11.0,0.0,0.0,4,0,-4.34,12.06,-0.36,0.0,4.35,12.06,557.63,4,0.8529,34.0
EMP045,2026-02-22,0,0,0,0,0,0,1,53,53,16.29,13.14,13.83,0.0,0.0,12.12,10.98,0.1235,0.0,0.0,100.0,0.0,0.0,0.0,0.0,100.0,0,4,-15.34,12.06,-1.272,0.0,4.35,12.06,557.63,0,0.0,0.0
EMP045,2026-02-23,0,0,24,0,0,290,2,54,54,16.29,13.14,13.27,0.0,0.0,12.12,11.23,0.0561,0.0,0.0,0.0,0.0,0.0,24.0,0.0,0.0,4,0,8.66,12.06,0.718,100.0,4.35,12.06,557.63,4,0.8345,145.0
EMP045,2026-02-24,0,0,23,0,0,222,1,55,55,17.43,13.57,13.77,0.0,0.0,12.41,11.37,0.0959,0.0,0.0,0.0,0.0,0.0,23.0,0.0,0.0,4,0,7.66,12.06,0.635,100.0,4.35,12.06,557.63,4,0.7748,111.0
EMP045,2026-02-25,0,0,19,0,0,182,1,56,56,16.57,13.93,14.53,0.0,0.0,11.77,11.19,0.0605,0.0,0.0,0.0,0.0,0.0,19.0,0.0,0.0,4,0,3.66,12.06,0.303,100.0,4.35,12.06,557.63,4,0.8187,91.0
EMP045,2026-02-26,0,0,19,0,0,233,1,57,57,19.14,14.0,15.17,0.0,0.0,9.91,10.88,-0.0109,0.0,0.0,0.0,0.0,0.0,19.0,0.0,0.0,4,0,3.66,12.06,0.303,100.0,4.35,12.06,557.63,4,0.8155,116.5
EMP045,2026-02-27,0,0,0,0,0,0,1,58,58,17.14,14.5,14.93,0.0,0.0,8.17,10.72,0.0885,0.0,0.0,100.0,0.0,0.0,0.0,0.0,100.0,0,4,-15.34,12.06,-1.272,0.0,4.35,12.06,557.63,0,0.0,0.0
EMP045,2026-02-28,0,0,9,0,0,85,2,59,59,13.71,14.5,14.9,0.0,0.0,9.5,10.76,-0.1039,0.0,0.0,39.6,0.0,0.0,9.0,0.0,0.0,4,0,-6.34,12.06,-0.526,0.0,4.35,12.06,557.63,4,0.8353,42.5
EMP045,2026-03-01,0,0,0,0,0,0,1,60,60,13.43,14.86,14.47,0.0,0.0,9.6,10.73,-0.093,0.0,0.0,100.0,0.0,0.0,0.0,0.0,100.0,0,4,-15.34,12.06,-1.272,0.0,4.35,12.06,557.63,0,0.0,0.0
EMP045,2026-03-02,0,0,0,0,0,0,2,61,61,13.43,14.86,13.53,0.0,0.0,9.6,10.73,-0.093,0.0,0.0,100.0,0.0,0.0,0.0,0.0,100.0,0,4,-15.34,12.06,-1.272,0.0,4.35,12.06,557.63,0,0.0,0.0
EMP045,2026-03-03,0,0,19,0,0,266,3,62,62,10.0,13.71,13.37,0.0,0.0,9.5,10.9,-0.2392,0.0,0.0,0.0,0.0,0.0,19.0,0.0,0.0,4,0,3.66,12.06,0.303,100.0,4.35,12.06,557.63,4,0.8233,133.0
EMP045,2026-03-04,0,0,14,0,0,203,1,63,63,9.43,13.0,14.0,0.0,0.0,8.8,10.65,-0.295,0.0,0.0,0.0,0.0,0.0,14.0,0.0,0.0,4,0,-1.34,12.06,-0.111,0.0,4.35,12.06,557.63,4,0.7882,101.5
EMP045,2026-03-05,0,0,24,0,0,212,1,64,64,8.71,13.93,13.47,0.0,0.0,8.17,10.23,-0.1846,0.0,0.0,0.0,0.0,0.0,24.0,0.0,0.0,4,0,8.66,12.06,0.718,100.0,4.35,12.06,557.63,4,0.8679,106.0
EMP045,2026-03-06,0,0,17,0,0,313,1,65,65,9.43,13.29,13.6,0.0,0.0,9.19,10.34,-0.0716,0.0,0.0,0.0,0.0,0.0,17.0,0.0,0.0,4,0,1.66,12.06,0.138,100.0,4.35,12.06,557.63,4,0.8147,156.5
EMP045,2026-03-07,0,0,6,0,0,81,1,66,66,11.86,12.79,13.53,0.0,0.0,8.61,10.31,-0.0125,0.0,0.0,55.65,0.0,0.0,6.0,0.0,0.0,4,0,-9.34,12.06,-0.774,0.0,4.35,12.06,557.63,4,0.7901,40.5
EMP045,2026-03-08,0,0,0,0,0,0,1,67,67,11.43,12.43,13.17,0.0,0.0,8.81,10.38,-0.0372,0.0,0.0,100.0,0.0,0.0,0.0,0.0,100.0,0,4,-15.34,12.06,-1.272,0.0,4.35,12.06,557.63,0,0.0,0.0
EMP045,2026-03-09,0,0,12,0,0,186,2,68,68,11.43,12.43,12.1,0.0,0.0,8.81,10.02,0.0078,0.0,0.0,0.83,0.0,0.0,12.0,0.0,0.0,4,0,-3.34,12.06,-0.277,0.0,4.35,12.06,557.63,4,0.7312,93.0
EMP045,2026-03-10,0,0,25,0,0,236,1,69,69,13.14,11.57,12.33,0.0,0.0,7.49,9.94,-0.0418,0.0,0.0,0.0,0.0,0.0,25.0,0.0,0.0,4,0,9.66,12.06,0.801,100.0,4.35,12.06,557.63,4,0.7839,118.0
EMP045,2026-03-11,0,0,20,0,0,237,1,70,70,14.0,11.71,13.17,0.0,0.0,8.4,9.92,-0.0452,0.0,0.0,0.0,0.0,0.0,20.0,0.0,0.0,4,0,4.66,12.06,0.386,100.0,4.35,12.06,557.63,4,0.8776,118.5
EMP045,2026-03-12,0,0,28,0,0,261,1,71,71,14.86,11.79,13.23,0.0,0.0,8.66,9.96,0.0323,0.0,0.0,0.0,0.0,0.0,28.0,0.0,0.0,4,0,12.66,12.06,1.05,100.0,4.35,12.06,557.63,4,0.8506,130.5
EMP045,2026-03-13,0,0,30,0,0,218,1,72,72,15.43,12.43,13.57,0.0,0.0,9.35,10.27,0.1604,0.0,0.0,0.0,0.0,0.0,30.0,0.0,0.0,4,0,14.66,12.06,1.216,100.0,4.35,12.06,557.63,4,0.8486,109.0
EMP045,2026-03-14,0,0,5,0,0,69,1,73,73,17.29,14.57,13.97,0.0,0.0,10.67,10.66,0.297,0.0,0.0,64.21,0.0,0.0,5.0,0.0,0.0,4,0,-10.34,12.06,-0.857,0.0,4.35,12.06,557.63,4,0.8116,34.5
EMP045,2026-03-15,0,0,0,0,0,0,1,74,74,17.14,14.29,13.73,0.0,0.0,10.83,10.78,0.2256,0.0,0.0,100.0,0.0,0.0,0.0,0.0,100.0,0,4,-15.34,12.06,-1.272,0.0,4.35,12.06,557.63,0,0.0,0.0
EMP045,2026-03-16,0,0,18,0,0,217,2,75,75,17.14,14.29,13.73,0.0,0.0,10.83,10.78,0.0423,0.0,0.0,0.0,0.0,0.0,18.0,0.0,0.0,4,0,2.66,12.06,0.221,100.0,4.35,12.06,557.63,4,0.8756,108.5
EMP045,2026-03-17,0,0,30,0,0,248,1,76,76,18.0,15.57,14.2,0.0,0.0,10.62,10.65,0.0027,0.0,0.0,0.0,0.0,0.0,30.0,0.0,0.0,4,0,14.66,12.06,1.216,100.0,4.35,12.06,557.63,4,0.7621,124.0
EMP045,2026-03-18,0,0,13,0,0,254,1,77,77,18.71,16.36,15.2,0.0,0.0,11.22,10.68,0.0067,0.0,0.0,14.47,0.0,0.0,13.0,0.0,0.0,4,0,-2.34,12.06,-0.194,0.0,4.35,12.06,557.63,4,0.8701,127.0
EMP045,2026-03-19,0,0,12,0,0,252,1,78,78,17.71,16.29,15.1,0.0,0.0,11.37,10.68,-0.002,0.0,0.0,20.53,0.0,0.0,12.0,0.0,0.0,4,0,-3.34,12.06,-0.277,0.0,4.35,12.06,557.63,4,0.7897,126.0
EMP045,2026-03-20,0,0,17,0,0,259,1,79,79,15.43,15.43,14.53,0.0,0.0,10.66,10.38,0.0739,0.0,0.0,0.0,0.0,0.0,17.0,0.0,0.0,4,0,1.66,12.06,0.138,100.0,4.35,12.06,557.63,4,0.8224,129.5
EMP045,2026-03-21,0,0,5,0,0,67,1,80,80,13.57,15.43,15.07,0.0,0.0,8.96,10.08,-0.0036,0.0,0.0,66.82,0.0,0.0,5.0,0.0,0.0,4,0,-10.34,12.06,-0.857,0.0,4.35,12.06,557.63,4,0.8657,33.5
EMP045,2026-03-22,0,0,0,0,0,0,1,81,81,13.57,15.36,14.13,0.0,0.0,8.96,9.66,0.0552,0.0,0.0,100.0,0.0,0.0,0.0,0.0,100.0,0,4,-15.34,12.06,-1.272,0.0,4.35,12.06,557.63,0,0.0,0.0
EMP045,2026-03-23,0,0,30,0,0,271,2,82,82,13.57,15.36,13.33,0.0,0.0,8.96,9.8,0.032,0.0,0.0,0.0,0.0,0.0,30.0,0.0,0.0,4,0,14.66,12.06,1.216,100.0,4.35,12.06,557.63,4,0.8819,135.5
EMP045,2026-03-24,0,0,30,0,0,336,1,83,83,15.29,16.64,13.97,0.0,0.0,10.63,10.24,0.1235,0.0,0.0,0.0,0.0,0.0,30.0,0.0,0.0,4,0,14.66,12.06,1.216,100.0,4.35,12.06,557.63,4,0.8631,168.0
EMP045,2026-03-25,0,0,13,0,0,124,1,84,84,15.29,17.0,14.97,0.0,0.0,10.63,10.29,0.1306,0.0,0.0,13.16,0.0,0.0,13.0,0.0,0.0,4,0,-2.34,12.06,-0.194,0.0,4.35,12.06,557.63,4,0.9032,62.0
EMP045,2026-03-26,0,0,44,0,0,269,1,85,85,15.29,16.5,14.6,0.0,0.0,10.63,10.15,0.1802,0.0,0.0,0.0,0.0,0.0,44.0,0.0,0.0,4,0,28.66,12.06,2.376,100.0,4.35,12.06,557.63,4,0.7844,134.5
EMP045,2026-03-27,0,0,29,0,0,307,1,86,86,19.86,17.64,15.3,0.0,0.0,14.44,11.36,0.4278,0.0,0.0,0.0,0.0,0.0,29.0,0.0,0.0,4,0,13.66,12.06,1.133,100.0,4.35,12.06,557.63,4,0.8241,153.5
EMP045,2026-03-28,0,0,8,0,0,91,1,87,87,21.57,17.57,15.63,0.0,0.0,14.71,11.61,0.5417,0.0,0.0,48.82,0.0,0.0,8.0,0.0,0.0,4,0,-7.34,12.06,-0.609,0.0,4.35,12.06,557.63,4,0.7692,45.5
EMP045,2026-03-29,0,0,0,0,0,0,1,88,88,22.0,17.79,15.27,0.0,0.0,14.25,11.67,0.5157,0.0,0.0,100.0,0.0,0.0,0.0,0.0,100.0,0,4,-15.34,12.06,-1.272,0.0,4.35,12.06,557.63,0,0.0,0.0
EMP045,2026-03-30,0,0,21,0,0,259,2,89,89,22.0,17.79,15.27,0.0,0.0,14.25,11.67,0.3119,0.0,0.0,0.0,0.0,0.0,21.0,0.0,0.0,4,0,5.66,12.06,0.469,100.0,4.35,12.06,557.63,4,0.888,129.5
EMP045,2026-03-31,0,0,54,0,0,306,1,90,90,20.71,18.0,15.67,0.0,0.0,13.87,11.65,0.3057,0.0,0.0,0.0,0.0,0.0,54.0,0.0,0.0,4,0,38.66,12.06,3.206,100.0,4.35,12.06,557.63,4,0.9118,153.0
EMP046,2026-01-01,0,0,0,0,0,0,1,1,1,0.0,0.0,0.0,0.0,0.0,0.0,0.0,0.0,0.0,0.0,0.0,0.0,0.0,0.0,0.0,100.0,0,4,-13.67,10.82,-1.263,50.0,6.75,8.25,512.14,0,0.0,0.0
EMP046,2026-01-02,0,0,15,0,0,263,2,2,2,0.0,0.0,0.0,0.0,0.0,0.0,0.0,0.0,0.0,0.0,0.0,0.0,0.0,15.0,0.0,0.0,4,0,1.33,10.82,0.123,50.0,6.75,8.25,512.14,4,0.7757,131.5
EMP046,2026-01-03,0,0,11,0,0,99,1,3,3,7.5,7.5,7.5,0.0,0.0,7.5,7.5,0.0,0.0,0.0,0.0,0.0,0.0,11.0,0.0,0.0,4,0,-2.67,10.82,-0.247,50.0,6.75,8.25,512.14,4,0.8788,49.5
EMP046,2026-01-04,0,0,0,0,0,0,1,4,4,8.67,8.67,8.67,0.0,0.0,6.34,6.34,5.5,0.0,0.0,100.0,0.0,0.0,0.0,0.0,100.0,0,4,-13.67,10.82,-1.263,50.0,6.75,8.25,512.14,0,0.0,0.0
EMP046,2026-01-05,0,0,9,0,0,145,2,5,5,6.5,6.5,6.5,0.0,0.0,6.65,6.65,-0.4,0.0,0.0,0.0,0.0,0.0,9.0,0.0,0.0,4,0,-4.67,10.82,-0.432,50.0,6.75,8.25,512.14,4,0.8552,72.5
EMP046,2026-01-06,0,0,13,0,0,251,1,6,6,7.0,7.0,7.0,0.0,0.0,6.03,6.03,0.3,0.0,0.0,0.0,0.0,0.0,13.0,0.0,0.0,4,0,-0.67,10.82,-0.062,50.0,6.75,8.25,512.14,4,0.8406,125.5
EMP046,2026-01-07,0,0,20,0,0,181,1,7,7,8.0,8.0,8.0,0.0,0.0,5.94,5.94,1.0286,0.0,0.0,0.0,0.0,0.0,20.0,0.0,0.0,4,0,6.33,10.82,0.585,50.0,6.75,8.25,512.14,4,0.884,90.5
EMP046,2026-01-08,0,0,7,0,0,65,1,8,8,9.71,9.71,9.71,0.0,0.0,6.92,6.92,1.9286,0.0,0.0,27.91,0.0,0.0,7.0,0.0,0.0,4,0,-6.67,10.82,-0.616,50.0,6.75,8.25,512.14,4,0.7231,32.5
EMP046,2026-01-09,0,0,27,0,0,182,1,9,9,10.71,9.38,9.38,0.0,0.0,5.87,6.54,1.0595,0.0,0.0,0.0,0.0,0.0,27.0,0.0,0.0,4,0,13.33,10.82,1.232,50.0,6.75,8.25,512.14,4,0.8297,91.0
EMP046,2026-01-10,0,0,4,0,0,76,1,10,10,12.43,11.33,11.33,0.0,0.0,8.17,8.29,1.9167,0.0,0.0,64.7,0.0,0.0,4.0,0.0,0.0,4,0,-9.67,10.82,-0.894,50.0,6.75,8.25,512.14,4,0.7237,38.0
EMP046,2026-01-11,0,0,0,0,0,0,1,11,11,11.43,10.6,10.6,0.0,0.0,8.7,8.16,0.9939,0.0,0.0,100.0,0.0,0.0,0.0,0.0,100.0,0,4,-13.67,10.82,-1.263,50.0,6.75,8.25,512.14,0,0.0,0.0
EMP046,2026-01-12,0,0,24,0,0,232,2,12,12,11.43,9.64,9.64,0.0,0.0,8.7,8.36,0.2636,0.0,0.0,0.0,0.0,0.0,24.0,0.0,0.0,4,0,10.33,10.82,0.955,50.0,6.75,8.25,512.14,4,0.8707,116.0
EMP046,2026-01-13,0,0,14,0,0,183,1,13,13,13.57,10.83,10.83,0.0,0.0,9.63,8.93,0.7552,0.0,0.0,0.0,0.0,0.0,14.0,0.0,0.0,4,0,0.33,10.82,0.03,50.0,6.75,8.25,512.14,4,0.7705,91.5
EMP046,2026-01-14,0,0,19,0,0,156,1,14,14,13.71,11.08,11.08,0.0,0.0,9.63,8.62,0.6978,0.0,0.0,0.0,0.0,0.0,19.0,0.0,0.0,4,0,5.33,10.82,0.493,50.0,6.75,8.25,512.14,4,0.859,78.0
EMP046,2026-01-15,0,0,10,0,0,140,1,15,15,13.57,11.64,11.64,0.0,0.0,9.54,8.56,0.7846,0.0,0.0,14.09,0.0,0.0,10.0,0.0,0.0,4,0,-3.67,10.82,-0.339,50.0,6.75,8.25,512.14,4,0.8643,70.0
EMP046,2026-01-16,0,0,22,0,0,210,1,16,16,14.0,12.36,11.53,0.0,0.0,9.3,8.28,0.5964,0.0,0.0,0.0,0.0,0.0,22.0,0.0,0.0,4,0,8.33,10.82,0.77,50.0,6.75,8.25,512.14,4,0.8571,105.0
EMP046,2026-01-17,0,0,9,0,0,61,1,17,17,13.29,12.86,12.19,0.0,0.0,8.43,8.41,0.7221,0.0,0.0,26.17,0.0,0.0,9.0,0.0,0.0,4,0,-4.67,10.82,-0.432,50.0,6.75,8.25,512.14,4,0.8361,30.5
EMP046,2026-01-18,0,0,0,0,0,0,1,18,18,14.0,12.71,12.0,0.0,0.0,7.8,8.19,0.5392,0.0,0.0,100.0,0.0,0.0,0.0,0.0,100.0,0,4,-13.67,10.82,-1.263,50.0,6.75,8.25,512.14,0,0.0,0.0
EMP046,2026-01-19,0,0,20,0,0,174,2,19,19,14.0,12.71,11.33,0.0,0.0,7.8,8.42,0.2436,0.0,0.0,0.0,0.0,0.0,20.0,0.0,0.0,4,0,6.33,10.82,0.585,50.0,6.75,8.25,512.14,4,0.7931,87.0
EMP046,2026-01-20,0,0,19,0,0,251,1,20,20,13.43,13.5,11.79,0.0,0.0,7.17,8.42,0.3439,0.0,0.0,0.0,0.0,0.0,19.0,0.0,0.0,4,0,5.33,10.82,0.493,50.0,6.75,8.25,512.14,4,0.7968,125.5
EMP046,2026-01-21,0,0,12,0,0,166,1,21,21,14.14,13.93,12.15,0.0,0.0,7.43,8.36,0.3977,0.0,0.0,1.23,0.0,0.0,12.0,0.0,0.0,4,0,-1.67,10.82,-0.154,50.0,6.75,8.25,512.14,4,0.8494,83.0
EMP046,2026-01-22,0,0,13,0,0,187,1,22,22,13.14,13.36,12.14,0.0,0.0,7.18,8.15,0.3416,0.0,0.0,0.0,0.0,0.0,13.0,0.0,0.0,4,0,-0.67,10.82,-0.062,50.0,6.75,8.25,512.14,4,0.8556,93.5
EMP046,2026-01-23,0,0,19,0,0,227,1,23,23,13.57,13.79,12.18,0.0,0.0,7.07,7.97,0.3072,0.0,0.0,0.0,0.0,0.0,19.0,0.0,0.0,4,0,5.33,10.82,0.493,50.0,6.75,8.25,512.14,4,0.8282,113.5
EMP046,2026-01-24,0,0,7,0,0,78,1,24,24,13.14,13.21,12.48,0.0,0.0,6.62,7.92,0.3429,0.0,0.0,43.91,0.0,0.0,7.0,0.0,0.0,4,0,-6.67,10.82,-0.616,50.0,6.75,8.25,512.14,4,0.7949,39.0
EMP046,2026-01-25,0,0,0,0,0,0,1,25,25,12.86,13.43,12.25,0.0,0.0,6.83,7.83,0.247,0.0,0.0,100.0,0.0,0.0,0.0,0.0,100.0,0,4,-13.67,10.82,-1.263,50.0,6.75,8.25,512.14,0,0.0,0.0
EMP046,2026-01-26,0,0,0,0,0,0,2,26,26,12.86,13.43,11.76,0.0,0.0,6.83,8.04,0.1054,0.0,0.0,100.0,0.0,0.0,0.0,0.0,100.0,0,4,-13.67,10.82,-1.263,50.0,6.75,8.25,512.14,0,0.0,0.0
EMP046,2026-01-27,0,0,26,0,0,230,3,27,27,10.0,11.71,11.31,0.0,0.0,7.41,8.2,-0.0068,0.0,0.0,0.0,0.0,0.0,26.0,0.0,0.0,4,0,12.33,10.82,1.14,50.0,6.75,8.25,512.14,4,0.8913,115.0
EMP046,2026-01-28,0,0,17,0,0,230,1,28,28,11.0,12.57,11.85,0.0,0.0,8.88,8.51,0.1105,0.0,0.0,0.0,0.0,0.0,17.0,0.0,0.0,4,0,3.33,10.82,0.308,50.0,6.75,8.25,512.14,4,0.8348,115.0
EMP046,2026-01-29,0,0,43,0,0,279,1,29,29,11.71,12.43,12.04,0.0,0.0,9.13,8.41,0.1371,0.0,0.0,0.0,0.0,0.0,43.0,0.0,0.0,4,0,29.33,10.82,2.711,50.0,6.75,8.25,512.14,4,0.9104,139.5
EMP046,2026-01-30,0,0,2,0,0,15,1,30,30,16.0,14.79,13.1,0.0,0.0,14.3,10.01,0.3369,0.0,0.0,84.73,0.0,0.0,2.0,0.0,0.0,4,0,-11.67,10.82,-1.079,50.0,6.75,8.25,512.14,4,0.8667,7.5
EMP046,2026-01-31,0,0,9,0,0,93,1,31,31,13.57,13.36,12.73,0.0,0.0,15.01,10.04,0.2327,0.0,0.0,29.3,0.0,0.0,9.0,0.0,0.0,4,0,-4.67,10.82,-0.432,50.0,6.75,8.25,512.14,4,0.9032,46.5
EMP046,2026-02-01,0,0,0,0,0,0,1,32,32,13.86,13.36,13.03,0.0,0.0,14.9,9.79,0.1208,0.0,0.0,100.0,0.0,0.0,0.0,0.0,100.0,0,4,-13.67,10.82,-1.263,50.0,6.75,8.25,512.14,0,0.0,0.0
EMP046,2026-02-02,0,0,35,0,0,292,2,33,33,13.86,13.36,12.53,0.0,0.0,14.9,10.06,0.0503,0.0,0.0,0.0,0.0,0.0,35.0,0.0,0.0,4,0,21.33,10.82,1.971,50.0,6.75,8.25,512.14,4,0.8116,146.0
EMP046,2026-02-03,0,0,28,0,0,232,1,34,34,18.86,14.43,13.33,0.0,0.0,15.28,10.83,0.1846,0.0,0.0,0.0,0.0,0.0,28.0,0.0,0.0,4,0,14.33,10.82,1.324,50.0,6.75,8.25,512.14,4,0.7414,116.0
EMP046,2026-02-04,0,0,21,0,0,228,1,35,35,19.14,15.07,14.27,0.0,0.0,15.43,10.84,0.1873,0.0,0.0,0.0,0.0,0.0,21.0,0.0,0.0,4,0,7.33,10.82,0.677,50.0,6.75,8.25,512.14,4,0.8202,114.0
EMP046,2026-02-05,0,0,10,0,0,139,1,36,36,19.71,15.71,14.67,0.0,0.0,15.42,10.86,0.1944,0.0,0.0,31.83,0.0,0.0,10.0,0.0,0.0,4,0,-3.67,10.82,-0.339,50.0,6.75,8.25,512.14,4,0.8489,69.5
EMP046,2026-02-06,0,0,1,0,0,19,1,37,37,15.0,15.5,14.57,0.0,0.0,12.31,10.89,0.1528,0.0,0.0,93.14,0.0,0.0,1.0,0.0,0.0,4,0,-12.67,10.82,-1.171,50.0,6.75,8.25,512.14,4,0.8421,9.5
EMP046,2026-02-07,0,0,8,0,0,91,1,38,38,14.86,14.21,13.93,0.0,0.0,12.46,11.11,0.1028,0.0,0.0,42.57,0.0,0.0,8.0,0.0,0.0,4,0,-5.67,10.82,-0.524,50.0,6.75,8.25,512.14,4,0.8242,45.5
EMP046,2026-02-08,0,0,0,0,0,0,1,39,39,14.71,14.29,13.97,0.0,0.0,12.53,11.09,0.0167,0.0,0.0,100.0,0.0,0.0,0.0,0.0,100.0,0,4,-13.67,10.82,-1.263,50.0,6.75,8.25,512.14,0,0.0,0.0
EMP046,2026-02-09,0,0,23,0,0,229,2,40,40,14.71,14.29,13.07,0.0,0.0,12.53,11.09,0.0165,0.0,0.0,0.0,0.0,0.0,23.0,0.0,0.0,4,0,9.33,10.82,0.862,50.0,6.75,8.25,512.14,4,0.869,114.5
EMP046,2026-02-10,0,0,23,0,0,227,1,41,41,13.0,15.93,13.7,0.0,0.0,10.25,11.1,0.018,0.0,0.0,0.0,0.0,0.0,23.0,0.0,0.0,4,0,9.33,10.82,0.862,50.0,6.75,8.25,512.14,4,0.8546,113.5
EMP046,2026-02-11,0,0,9,0,0,139,1,42,42,12.29,15.71,14.47,0.0,0.0,9.32,10.92,-0.0165,0.0,0.0,37.8,0.0,0.0,9.0,0.0,0.0,4,0,-4.67,10.82,-0.432,50.0,6.75,8.25,512.14,4,0.8849,69.5
EMP046,2026-02-12,0,0,12,0,0,150,1,43,43,10.57,15.14,13.97,0.0,0.0,8.63,10.81,0.014,0.0,0.0,14.1,0.0,0.0,12.0,0.0,0.0,4,0,-1.67,10.82,-0.154,50.0,6.75,8.25,512.14,4,0.8467,75.0
EMP046,2026-02-13,0,0,18,0,0,183,1,44,44,10.86,12.93,13.9,0.0,0.0,8.64,10.82,0.0016,0.0,0.0,0.0,0.0,0.0,18.0,0.0,0.0,4,0,4.33,10.82,0.4,50.0,6.75,8.25,512.14,4,0.8306,91.5
EMP046,2026-02-14,0,0,8,0,0,67,1,45,45,13.29,14.07,13.87,0.0,0.0,7.89,10.8,0.0632,0.0,0.0,42.32,0.0,0.0,8.0,0.0,0.0,4,0,-5.67,10.82,-0.524,50.0,6.75,8.25,512.14,4,0.8358,33.5
EMP046,2026-02-15,0,0,0,0,0,0,1,46,46,13.29,14.0,13.8,0.0,0.0,7.89,10.83,-0.0013,0.0,0.0,100.0,0.0,0.0,0.0,0.0,100.0,0,4,-13.67,10.82,-1.263,50.0,6.75,8.25,512.14,0,0.0,0.0
EMP046,2026-02-16,0,0,19,0,0,262,2,47,47,13.29,14.0,13.07,0.0,0.0,7.89,11.0,-0.0338,0.0,0.0,0.0,0.0,0.0,19.0,0.0,0.0,4,0,5.33,10.82,0.493,50.0,6.75,8.25,512.14,4,0.8282,131.0
EMP046,2026-02-17,0,0,14,0,0,207,1,48,48,12.71,12.86,13.4,0.0,0.0,7.28,11.02,-0.0236,0.0,0.0,0.0,0.0,0.0,14.0,0.0,0.0,4,0,0.33,10.82,0.03,50.0,6.75,8.25,512.14,4,0.8792,103.5
EMP046,2026-02-18,0,0,13,0,0,169,1,49,49,11.43,11.86,13.87,0.0,0.0,6.04,10.74,-0.1121,0.0,0.0,6.27,0.0,0.0,13.0,0.0,0.0,4,0,-0.67,10.82,-0.062,50.0,6.75,8.25,512.14,4,0.7988,84.5
EMP046,2026-02-19,0,0,14,0,0,123,1,50,50,12.0,11.29,13.63,0.0,0.0,5.98,10.68,-0.0754,0.0,0.0,0.0,0.0,0.0,14.0,0.0,0.0,4,0,0.33,10.82,0.03,50.0,6.75,8.25,512.14,4,0.878,61.5
EMP046,2026-02-20,0,0,13,0,0,226,1,51,51,12.29,11.57,13.47,0.0,0.0,6.02,10.63,-0.036,0.0,0.0,3.49,0.0,0.0,13.0,0.0,0.0,4,0,-0.67,10.82,-0.062,50.0,6.75,8.25,512.14,4,0.885,113.0
EMP046,2026-02-21,0,0,0,0,0,5,1,52,52,11.57,12.43,13.5,0.0,0.0,5.58,10.63,-0.0492,0.0,0.0,100.0,0.0,0.0,0.0,0.0,75.0,1,3,-13.67,10.82,-1.263,50.0,6.75,8.25,512.14,1,1.0,2.5
EMP046,2026-02-22,0,0,0,0,0,0,2,53,53,10.43,11.86,13.07,0.0,0.0,6.86,10.9,-0.1397,0.0,0.0,100.0,0.0,0.0,0.0,0.0,100.0,0,4,-13.67,10.82,-1.263,50.0,6.75,8.25,512.14,0,0.0,0.0
EMP046,2026-02-23,0,0,27,0,0,218,3,54,54,10.43,11.86,12.43,0.0,0.0,6.86,11.09,-0.1831,0.0,0.0,0.0,0.0,0.0,27.0,0.0,0.0,4,0,13.33,10.82,1.232,50.0,6.75,8.25,512.14,4,0.8349,109.0
EMP046,2026-02-24,0,0,20,0,0,208,1,55,55,11.57,12.14,13.1,0.0,0.0,8.63,11.34,-0.1266,0.0,0.0,0.0,0.0,0.0,20.0,0.0,0.0,4,0,6.33,10.82,0.585,50.0,6.75,8.25,512.14,4,0.7885,104.0
EMP046,2026-02-25,0,0,14,0,0,171,1,56,56,12.43,11.93,13.77,0.0,0.0,9.12,11.13,-0.1724,0.0,0.0,0.0,0.0,0.0,14.0,0.0,0.0,4,0,0.33,10.82,0.03,50.0,6.75,8.25,512.14,4,0.7719,85.5
EMP046,2026-02-26,0,0,20,0,0,187,1,57,57,12.57,12.29,14.23,0.0,0.0,9.13,10.84,-0.2659,0.0,0.0,0.0,0.0,0.0,20.0,0.0,0.0,4,0,6.33,10.82,0.585,50.0,6.75,8.25,512.14,4,0.8235,93.5
EMP046,2026-02-27,0,0,7,0,0,98,1,58,58,13.43,12.86,14.03,0.0,0.0,9.5,10.67,-0.1475,0.0,0.0,50.11,0.0,0.0,7.0,0.0,0.0,4,0,-6.67,10.82,-0.616,50.0,6.75,8.25,512.14,4,0.7449,49.0
EMP046,2026-02-28,0,0,15,0,0,77,1,59,59,12.57,12.07,13.7,0.0,0.0,9.77,10.73,-0.1724,0.0,0.0,0.0,0.0,0.0,15.0,0.0,0.0,4,0,1.33,10.82,0.123,50.0,6.75,8.25,512.14,4,0.8831,38.5
EMP046,2026-03-01,0,0,0,0,0,0,1,60,60,14.71,12.57,12.77,0.0,0.0,8.31,9.26,0.038,0.0,0.0,100.0,0.0,0.0,0.0,0.0,100.0,0,4,-13.67,10.82,-1.263,50.0,6.75,8.25,512.14,0,0.0,0.0
EMP046,2026-03-02,0,0,0,0,0,0,2,61,61,14.71,12.57,12.7,0.0,0.0,8.31,9.34,-0.1186,0.0,0.0,100.0,0.0,0.0,0.0,0.0,100.0,0,4,-13.67,10.82,-1.263,50.0,6.75,8.25,512.14,0,0.0,0.0
EMP046,2026-03-03,0,0,34,0,0,265,3,62,62,10.86,11.21,12.4,0.0,0.0,7.97,9.6,-0.226,0.0,0.0,0.0,0.0,0.0,34.0,0.0,0.0,4,0,20.33,10.82,1.879,50.0,6.75,8.25,512.14,4,0.8415,132.5
EMP046,2026-03-04,0,0,19,0,0,198,1,63,63,12.86,12.64,13.53,0.0,0.0,11.14,10.06,-0.1722,0.0,0.0,0.0,0.0,0.0,19.0,0.0,0.0,4,0,5.33,10.82,0.493,50.0,6.75,8.25,512.14,4,0.8586,99.0
EMP046,2026-03-05,0,0,15,0,0,235,1,64,64,13.57,13.07,13.0,0.0,0.0,11.35,9.31,0.0111,0.0,0.0,0.0,0.0,0.0,15.0,0.0,0.0,4,0,1.33,10.82,0.123,50.0,6.75,8.25,512.14,4,0.817,117.5
EMP046,2026-03-06,0,0,23,0,0,231,1,65,65,12.86,13.14,12.57,0.0,0.0,11.08,8.89,0.1275,0.0,0.0,0.0,0.0,0.0,23.0,0.0,0.0,4,0,9.33,10.82,0.862,50.0,6.75,8.25,512.14,4,0.9048,115.5
EMP046,2026-03-07,0,0,5,0,0,58,1,66,66,15.14,13.86,12.63,0.0,0.0,11.28,8.96,0.2529,0.0,0.0,60.41,0.0,0.0,5.0,0.0,0.0,4,0,-8.67,10.82,-0.801,50.0,6.75,8.25,512.14,4,0.8276,29.0
EMP046,2026-03-08,0,0,0,0,0,0,1,67,67,13.71,14.21,12.47,0.0,0.0,11.83,9.05,0.1855,0.0,0.0,100.0,0.0,0.0,0.0,0.0,100.0,0,4,-13.67,10.82,-1.263,50.0,6.75,8.25,512.14,0,0.0,0.0
EMP046,2026-03-09,0,0,29,0,0,214,2,68,68,13.71,14.21,12.43,0.0,0.0,11.83,9.1,0.026,0.0,0.0,0.0,0.0,0.0,29.0,0.0,0.0,4,0,15.33,10.82,1.417,50.0,6.75,8.25,512.14,4,0.8785,107.0
EMP046,2026-03-10,0,0,13,0,0,242,1,69,69,17.86,14.36,13.13,0.0,0.0,11.37,9.53,0.1023,0.0,0.0,0.99,0.0,0.0,13.0,0.0,0.0,4,0,-0.67,10.82,-0.062,50.0,6.75,8.25,512.14,4,0.8347,121.0
EMP046,2026-03-11,0,0,22,0,0,245,1,70,70,14.86,13.86,13.57,0.0,0.0,9.3,9.21,0.0109,0.0,0.0,0.0,0.0,0.0,22.0,0.0,0.0,4,0,8.33,10.82,0.77,50.0,6.75,8.25,512.14,4,0.8531,122.5
EMP046,2026-03-12,0,0,19,0,0,157,1,71,71,15.29,14.43,13.53,0.0,0.0,9.54,9.18,0.1304,0.0,0.0,0.0,0.0,0.0,19.0,0.0,0.0,4,0,5.33,10.82,0.493,50.0,6.75,8.25,512.14,4,0.8025,78.5
EMP046,2026-03-13,0,0,10,0,0,183,1,72,72,15.86,14.36,13.4,0.0,0.0,9.63,9.07,0.2309,0.0,0.0,25.37,0.0,0.0,10.0,0.0,0.0,4,0,-3.67,10.82,-0.339,50.0,6.75,8.25,512.14,4,0.8415,91.5
EMP046,2026-03-14,0,0,6,0,0,74,1,73,73,14.0,14.57,13.43,0.0,0.0,9.32,9.05,0.1786,0.0,0.0,55.32,0.0,0.0,6.0,0.0,0.0,4,0,-7.67,10.82,-0.709,50.0,6.75,8.25,512.14,4,0.8243,37.0
EMP046,2026-03-15,0,0,0,0,0,0,1,74,74,14.14,13.93,13.23,0.0,0.0,9.19,9.15,0.1208,0.0,0.0,100.0,0.0,0.0,0.0,0.0,100.0,0,4,-13.67,10.82,-1.263,50.0,6.75,8.25,512.14,0,0.0,0.0
EMP046,2026-03-16,0,0,13,0,0,157,2,75,75,14.14,13.93,12.63,0.0,0.0,9.19,9.4,0.0683,0.0,0.0,0.0,0.0,0.0,13.0,0.0,0.0,4,0,-0.67,10.82,-0.062,50.0,6.75,8.25,512.14,4,0.828,78.5
EMP046,2026-03-17,0,0,13,0,0,205,1,76,76,11.86,14.86,12.8,0.0,0.0,6.92,9.36,0.0387,0.0,0.0,0.0,0.0,0.0,13.0,0.0,0.0,4,0,-0.67,10.82,-0.062,50.0,6.75,8.25,512.14,4,0.8829,102.5
EMP046,2026-03-18,0,0,18,0,0,164,1,77,77,11.86,13.36,13.23,0.0,0.0,6.92,9.06,-0.0483,0.0,0.0,0.0,0.0,0.0,18.0,0.0,0.0,4,0,4.33,10.82,0.4,50.0,6.75,8.25,512.14,4,0.7988,82.0
EMP046,2026-03-19,0,0,22,0,0,176,1,78,78,11.29,13.29,13.2,0.0,0.0,6.18,9.04,0.0222,0.0,0.0,0.0,0.0,0.0,22.0,0.0,0.0,4,0,8.33,10.82,0.77,50.0,6.75,8.25,512.14,4,0.7727,88.0
EMP046,2026-03-20,0,0,0,0,0,0,1,79,79,11.71,13.79,13.47,0.0,0.0,6.78,9.18,0.0845,0.0,0.0,100.0,0.0,0.0,0.0,0.0,100.0,0,4,-13.67,10.82,-1.263,50.0,6.75,8.25,512.14,0,0.0,0.0
EMP046,2026-03-21,0,0,4,0,0,52,2,80,80,10.29,12.14,13.03,0.0,0.0,7.94,9.49,-0.0056,0.0,0.0,69.3,0.0,0.0,4.0,0.0,0.0,4,0,-9.67,10.82,-0.894,50.0,6.75,8.25,512.14,4,0.8462,26.0
EMP046,2026-03-22,0,0,0,0,0,0,1,81,81,10.0,12.07,12.7,0.0,0.0,8.12,9.62,-0.0572,0.0,0.0,100.0,0.0,0.0,0.0,0.0,100.0,0,4,-13.67,10.82,-1.263,50.0,6.75,8.25,512.14,0,0.0,0.0
EMP046,2026-03-23,0,0,12,0,0,241,2,82,82,10.0,12.07,12.27,0.0,0.0,8.12,9.89,-0.137,0.0,0.0,2.2,0.0,0.0,12.0,0.0,0.0,4,0,-1.67,10.82,-0.154,50.0,6.75,8.25,512.14,4,0.8133,120.5
EMP046,2026-03-24,0,0,17,0,0,192,1,83,83,9.86,10.86,12.67,0.0,0.0,8.08,9.62,-0.2234,0.0,0.0,0.0,0.0,0.0,17.0,0.0,0.0,4,0,3.33,10.82,0.308,50.0,6.75,8.25,512.14,4,0.8177,96.0
EMP046,2026-03-25,0,0,31,0,0,230,1,84,84,10.43,11.14,13.23,0.0,0.0,8.42,9.36,-0.2828,0.0,0.0,0.0,0.0,0.0,31.0,0.0,0.0,4,0,17.33,10.82,1.602,50.0,6.75,8.25,512.14,4,0.8478,115.0
EMP046,2026-03-26,0,0,42,0,0,299,1,85,85,12.29,11.79,13.37,0.0,0.0,10.94,9.58,-0.0732,0.0,0.0,0.0,0.0,0.0,42.0,0.0,0.0,4,0,28.33,10.82,2.618,50.0,6.75,8.25,512.14,4,0.8328,149.5
EMP046,2026-03-27,0,0,21,0,0,248,1,86,86,15.14,13.43,14.1,0.0,0.0,14.97,10.82,0.1573,0.0,0.0,0.0,0.0,0.0,21.0,0.0,0.0,4,0,7.33,10.82,0.677,50.0,6.75,8.25,512.14,4,0.871,124.0
EMP046,2026-03-28,0,0,8,0,0,78,1,87,87,18.14,14.21,14.33,0.0,0.0,13.68,10.89,0.2011,0.0,0.0,44.17,0.0,0.0,8.0,0.0,0.0,4,0,-5.67,10.82,-0.524,50.0,6.75,8.25,512.14,4,0.859,39.0
EMP046,2026-03-29,0,0,0,0,0,0,1,88,88,18.71,14.36,13.93,0.0,0.0,13.16,10.9,0.1993,0.0,0.0,100.0,0.0,0.0,0.0,0.0,100.0,0,4,-13.67,10.82,-1.263,50.0,6.75,8.25,512.14,0,0.0,0.0
EMP046,2026-03-30,0,0,49,0,0,267,2,89,89,18.71,14.36,13.7,0.0,0.0,13.16,11.12,0.0616,0.0,0.0,0.0,0.0,0.0,49.0,0.0,0.0,4,0,35.33,10.82,3.265,50.0,6.75,8.25,512.14,4,0.8315,133.5
EMP046,2026-03-31,0,0,22,0,0,129,1,90,90,24.0,16.93,14.83,0.0,0.0,16.42,12.8,0.2983,0.0,0.0,0.0,0.0,0.0,22.0,0.0,0.0,4,0,8.33,10.82,0.77,50.0,6.75,8.25,512.14,4,0.876,64.5
EMP047,2026-01-01,0,0,0,0,0,0,1,1,1,0.0,0.0,0.0,0.0,0.0,0.0,0.0,0.0,0.0,0.0,0.0,0.0,0.0,0.0,0.0,100.0,0,5,-38.73,30.64,-1.264,50.0,5.98,9.99,565.67,0,0.0,0.0
EMP047,2026-01-02,0,0,48,45,0,340,2,2,2,0.0,0.0,0.0,0.0,0.0,0.0,0.0,0.0,0.0,0.0,0.0,0.0,0.0,48.0,45.0,0.0,5,0,9.27,30.64,0.303,50.0,5.98,9.99,565.67,5,0.7441,170.0
EMP047,2026-01-03,0,0,22,23,0,134,1,1,3,24.0,24.0,24.0,22.5,0.0,24.0,24.0,0.0,0.0,0.0,8.33,0.0,0.0,22.0,23.0,0.0,5,0,-16.73,30.64,-0.546,50.0,5.98,9.99,565.67,5,0.6567,67.0
EMP047,2026-01-04,0,0,0,0,0,0,1,1,4,23.33,23.33,23.33,22.67,0.0,19.62,19.62,11.0,11.5,0.0,100.0,100.0,0.0,0.0,0.0,100.0,0,5,-38.73,30.64,-1.264,50.0,5.98,9.99,565.67,0,0.0,0.0
EMP047,2026-01-05,0,0,43,49,0,294,2,2,5,17.5,17.5,17.5,17.0,0.0,19.77,19.77,-2.6,-2.2,0.0,0.0,0.0,0.0,43.0,49.0,0.0,5,0,4.27,30.64,0.139,50.0,5.98,9.99,565.67,5,0.7313,147.0
EMP047,2026-01-06,0,0,42,50,0,328,1,1,6,22.6,22.6,22.6,23.4,0.0,20.41,20.41,3.8,5.3,0.0,0.0,0.0,0.0,42.0,50.0,0.0,5,0,3.27,30.64,0.107,50.0,5.98,9.99,565.67,5,0.7348,164.0
EMP047,2026-01-07,0,0,57,26,0,260,1,1,7,25.83,25.83,25.83,27.83,0.0,19.99,19.99,4.9429,6.8286,0.0,0.0,6.58,0.0,57.0,26.0,0.0,5,0,18.27,30.64,0.596,50.0,5.98,9.99,565.67,5,0.6962,130.0
EMP047,2026-01-08,0,0,65,62,0,291,1,1,8,30.29,30.29,30.29,27.57,0.0,21.48,21.48,6.4286,4.0714,0.0,0.0,0.0,0.0,65.0,62.0,0.0,5,0,26.27,30.64,0.857,50.0,5.98,9.99,565.67,5,0.732,145.5
EMP047,2026-01-09,0,0,58,49,0,273,1,1,9,39.57,34.62,34.62,31.88,0.0,20.4,23.14,7.1786,5.5833,0.0,0.0,0.0,0.0,58.0,49.0,0.0,5,0,19.27,30.64,0.629,50.0,5.98,9.99,565.67,5,0.7839,136.5
EMP047,2026-01-10,0,0,8,4,0,45,1,1,10,41.0,37.22,37.22,33.78,0.0,21.27,23.02,6.5833,5.05,0.0,78.51,88.16,0.0,8.0,4.0,0.0,5,0,-30.73,30.64,-1.003,50.0,5.98,9.99,565.67,5,0.7333,22.5
EMP047,2026-01-11,0,0,0,0,0,0,1,1,11,39.0,34.3,34.3,30.8,0.0,23.51,23.53,3.1939,2.0485,0.0,100.0,100.0,0.0,0.0,0.0,100.0,0,5,-38.73,30.64,-1.264,50.0,5.98,9.99,565.67,0,0.0,0.0
EMP047,2026-01-12,0,0,57,26,0,241,2,2,12,39.0,31.18,31.18,28.0,0.0,23.51,24.51,0.8364,0.1364,0.0,0.0,7.14,0.0,57.0,26.0,0.0,5,0,18.27,30.64,0.596,50.0,5.98,9.99,565.67,5,0.6805,120.5
EMP047,2026-01-13,0,0,40,35,0,280,1,1,13,41.0,33.33,33.33,27.83,0.0,24.34,24.53,1.6364,0.028,0.0,0.0,0.0,0.0,40.0,35.0,0.0,5,0,1.27,30.64,0.041,50.0,5.98,9.99,565.67,5,0.7607,140.0
EMP047,2026-01-14,0,0,45,33,0,221,1,1,14,40.71,33.85,33.85,28.38,0.0,24.34,23.63,1.5055,0.2582,0.0,0.0,0.0,0.0,45.0,33.0,0.0,5,0,6.27,30.64,0.205,50.0,5.98,9.99,565.67,5,0.7285,110.5
EMP047,2026-01-15,0,0,0,0,0,0,1,1,15,39.0,34.64,34.64,28.71,0.0,23.54,22.95,1.5231,0.3385,0.0,100.0,100.0,0.0,0.0,0.0,100.0,0,5,-38.73,30.64,-1.264,50.0,5.98,9.99,565.67,0,0.0,0.0
EMP047,2026-01-16,0,0,39,24,0,250,2,2,16,29.71,34.64,32.33,26.8,0.0,24.26,23.8,0.3714,-0.4429,0.0,0.0,10.45,0.0,39.0,24.0,0.0,5,0,0.27,30.64,0.009,50.0,5.98,9.99,565.67,5,0.748,125.0
EMP047,2026-01-17,0,0,12,10,0,85,1,1,17,27.0,34.0,32.75,26.62,0.0,21.9,23.1,0.4529,-0.4265,0.0,63.36,62.43,0.0,12.0,10.0,0.0,5,0,-26.73,30.64,-0.872,50.0,5.98,9.99,565.67,5,0.6588,42.5
EMP047,2026-01-18,0,0,0,0,0,0,1,1,18,27.57,33.29,31.53,25.65,0.0,21.44,22.93,-0.0294,-0.6814,0.0,100.0,100.0,0.0,0.0,0.0,100.0,0,5,-38.73,30.64,-1.264,50.0,5.98,9.99,565.67,0,0.0,0.0
EMP047,2026-01-19,0,0,58,46,0,327,2,2,19,27.57,33.29,29.78,24.22,0.0,21.44,23.43,-0.5779,-1.0237,0.0,0.0,0.0,0.0,58.0,46.0,0.0,5,0,19.27,30.64,0.629,50.0,5.98,9.99,565.67,5,0.7187,163.5
EMP047,2026-01-20,0,0,72,31,0,285,1,1,20,27.71,34.36,31.26,25.37,0.0,21.64,23.66,-0.0456,-0.5263,0.0,0.0,0.0,0.0,72.0,31.0,0.0,5,0,33.27,30.64,1.086,50.0,5.98,9.99,565.67,5,0.6982,142.5
EMP047,2026-01-21,0,0,40,28,0,291,1,1,21,32.29,36.5,33.3,25.65,0.0,26.57,24.71,0.5429,-0.3707,0.0,0.0,0.0,0.0,40.0,28.0,0.0,5,0,1.27,30.64,0.041,50.0,5.98,9.99,565.67,5,0.7113,145.5
EMP047,2026-01-22,0,0,61,27,0,274,1,1,22,31.57,35.29,33.62,25.76,0.0,26.28,24.16,0.5558,-0.2896,0.0,0.0,0.0,0.0,61.0,27.0,0.0,5,0,22.27,30.64,0.727,50.0,5.98,9.99,565.67,5,0.7774,137.0
EMP047,2026-01-23,0,0,30,26,0,141,1,1,23,40.29,35.0,34.86,25.82,0.0,24.42,24.28,0.808,-0.2372,0.0,13.94,0.0,0.0,30.0,26.0,0.0,5,0,-8.73,30.64,-0.285,50.0,5.98,9.99,565.67,5,0.7376,70.5
EMP047,2026-01-24,0,0,14,5,0,64,1,1,24,39.0,33.0,34.65,25.83,0.0,24.69,23.77,0.6542,-0.2055,0.0,59.6,80.64,0.0,14.0,5.0,0.0,5,0,-24.73,30.64,-0.807,50.0,5.98,9.99,565.67,5,0.75,32.0
EMP047,2026-01-25,0,0,0,0,0,0,1,1,25,39.29,33.43,33.79,24.96,0.0,24.38,23.63,0.3691,-0.3891,0.0,100.0,100.0,0.0,0.0,0.0,100.0,0,5,-38.73,30.64,-1.264,50.0,5.98,9.99,565.67,0,0.0,0.0
EMP047,2026-01-26,0,0,0,0,0,0,2,2,26,39.29,33.43,32.44,23.96,0.0,24.38,24.08,0.0146,-0.5746,0.0,100.0,100.0,0.0,0.0,0.0,100.0,0,5,-38.73,30.64,-1.264,50.0,5.98,9.99,565.67,0,0.0,0.0
EMP047,2026-01-27,0,0,42,44,0,311,3,3,27,31.0,29.36,31.19,23.04,0.0,26.39,24.42,-0.2643,-0.7156,0.0,0.0,0.0,0.0,42.0,44.0,0.0,5,0,3.27,30.64,0.107,50.0,5.98,9.99,565.67,5,0.7556,155.5
EMP047,2026-01-28,0,0,71,31,0,305,1,1,28,26.71,29.5,31.59,23.81,0.0,21.33,24.05,-0.1502,-0.4725,0.0,0.0,0.0,0.0,71.0,31.0,0.0,5,0,32.27,30.64,1.053,50.0,5.98,9.99,565.67,5,0.7639,152.5
EMP047,2026-01-29,0,0,62,54,0,392,1,1,29,31.14,31.36,33.0,24.07,0.0,26.28,24.73,0.1565,-0.3706,0.0,0.0,0.0,0.0,62.0,54.0,0.0,5,0,23.27,30.64,0.759,50.0,5.98,9.99,565.67,5,0.7398,196.0
EMP047,2026-01-30,0,0,76,34,0,381,1,1,30,31.29,35.79,34.0,25.1,0.0,26.44,24.87,0.3409,-0.1271,0.0,0.0,0.0,0.0,76.0,34.0,0.0,5,0,37.27,30.64,1.216,50.0,5.98,9.99,565.67,5,0.7559,190.5
EMP047,2026-01-31,0,0,19,18,0,117,1,1,31,37.86,38.43,35.4,25.4,0.0,30.68,25.58,0.5789,-0.0574,0.0,46.33,29.13,0.0,19.0,18.0,0.0,5,0,-19.73,30.64,-0.644,50.0,5.98,9.99,565.67,5,0.812,58.5
EMP047,2026-02-01,0,0,0,0,0,0,1,1,32,38.57,38.93,36.03,26.0,0.0,30.17,24.93,0.2289,-0.2803,0.0,100.0,100.0,0.0,0.0,0.0,100.0,0,5,-38.73,30.64,-1.264,50.0,5.98,9.99,565.67,0,0.0,0.0
EMP047,2026-02-02,0,0,83,54,0,392,2,2,33,38.57,38.93,34.43,24.5,0.0,30.17,25.64,0.079,-0.317,0.0,0.0,0.0,0.0,83.0,54.0,0.0,5,0,44.27,30.64,1.445,50.0,5.98,9.99,565.67,5,0.7117,196.0
EMP047,2026-02-03,0,0,0,0,0,0,1,1,34,50.43,40.71,36.47,25.53,0.0,28.97,26.96,0.3066,-0.137,0.0,100.0,100.0,0.0,0.0,0.0,100.0,0,5,-38.73,30.64,-1.264,50.0,5.98,9.99,565.67,0,0.0,0.0
EMP047,2026-02-04,0,0,64,46,0,273,2,2,35,44.43,35.57,36.47,25.53,0.0,34.0,26.96,-0.1802,-0.4779,0.0,0.0,0.0,0.0,64.0,46.0,0.0,5,0,25.27,30.64,0.825,50.0,5.98,9.99,565.67,5,0.7473,136.5
EMP047,2026-02-05,0,0,40,18,0,174,1,1,36,43.43,37.29,37.17,25.43,0.0,33.3,27.39,0.0425,-0.184,0.0,0.0,29.22,0.0,40.0,18.0,0.0,5,0,1.27,30.64,0.041,50.0,5.98,9.99,565.67,5,0.7069,87.0
EMP047,2026-02-06,0,0,69,46,0,326,1,1,37,40.29,35.79,37.1,24.37,0.0,32.43,27.38,0.0941,-0.0625,0.0,0.0,0.0,0.0,69.0,46.0,0.0,5,0,30.27,30.64,0.988,50.0,5.98,9.99,565.67,5,0.681,163.0
EMP047,2026-02-07,0,0,17,18,0,115,1,1,38,39.29,38.57,37.5,25.03,0.0,31.4,27.75,0.4372,0.0883,0.0,54.67,28.09,0.0,17.0,18.0,0.0,5,0,-21.73,30.64,-0.709,50.0,5.98,9.99,565.67,5,0.7304,57.5
EMP047,2026-02-08,0,0,0,0,0,0,1,1,39,39.0,38.79,35.9,23.57,0.0,31.6,27.5,0.4945,0.2979,0.0,100.0,100.0,0.0,0.0,0.0,100.0,0,5,-38.73,30.64,-1.264,50.0,5.98,9.99,565.67,0,0.0,0.0
EMP047,2026-02-09,0,0,19,25,0,170,2,2,40,39.0,38.79,33.97,21.93,0.0,31.6,27.91,0.4154,0.3212,0.0,44.07,0.0,0.0,19.0,25.0,0.0,5,0,-19.73,30.64,-0.644,50.0,5.98,9.99,565.67,5,0.6941,85.0
EMP047,2026-02-10,0,0,58,43,0,298,1,1,41,29.86,40.14,34.33,22.63,0.0,26.37,27.64,0.1397,0.2174,0.0,0.0,0.0,0.0,58.0,43.0,0.0,5,0,19.27,30.64,0.629,50.0,5.98,9.99,565.67,5,0.7752,149.0
EMP047,2026-02-11,0,0,72,46,0,318,1,1,42,38.14,41.29,36.27,24.07,0.0,24.75,27.2,0.0556,0.1927,0.0,0.0,0.0,0.0,72.0,46.0,0.0,5,0,33.27,30.64,1.086,50.0,5.98,9.99,565.67,5,0.7201,159.0
EMP047,2026-02-12,0,0,67,22,0,266,1,1,43,39.29,41.36,36.77,24.73,0.0,26.06,27.71,0.4291,0.3475,0.0,0.0,11.04,0.0,67.0,22.0,0.0,5,0,28.27,30.64,0.923,50.0,5.98,9.99,565.67,5,0.7744,133.0
EMP047,2026-02-13,0,0,33,32,0,300,1,1,44,43.14,41.71,37.67,24.3,0.0,27.82,28.23,0.6465,0.4007,0.0,12.4,0.0,0.0,33.0,32.0,0.0,5,0,-5.73,30.64,-0.187,50.0,5.98,9.99,565.67,5,0.7233,150.0
EMP047,2026-02-14,0,0,1,0,0,4,1,1,45,38.0,38.64,37.27,24.27,0.0,25.82,28.21,0.667,0.5103,0.0,97.32,100.0,0.0,1.0,0.0,40.0,3,2,-37.73,30.64,-1.231,50.0,5.98,9.99,565.67,3,0.75,2.0
EMP047,2026-02-15,0,0,0,0,0,0,1,2,46,35.71,37.36,37.3,24.27,0.0,28.18,28.17,0.176,0.1864,0.0,100.0,100.0,0.0,0.0,0.0,100.0,0,5,-38.73,30.64,-1.264,50.0,5.98,9.99,565.67,0,0.0,0.0
EMP047,2026-02-16,0,0,52,31,0,316,2,3,47,35.71,37.36,36.0,23.47,0.0,28.18,28.95,-0.0529,0.028,0.0,0.0,0.0,0.0,52.0,31.0,0.0,5,0,13.27,30.64,0.433,50.0,5.98,9.99,565.67,5,0.7025,158.0
EMP047,2026-02-17,0,0,20,18,0,122,1,1,48,40.43,35.14,37.33,24.17,0.0,27.75,28.73,-0.1152,-0.0162,0.0,46.42,25.53,0.0,20.0,18.0,0.0,5,0,-18.73,30.64,-0.611,50.0,5.98,9.99,565.67,5,0.6721,61.0
EMP047,2026-02-18,0,0,35,32,0,244,1,1,49,35.0,36.57,38.0,24.77,0.0,27.5,28.08,-0.4845,-0.2227,0.0,7.89,0.0,0.0,35.0,32.0,0.0,5,0,-3.73,30.64,-0.122,50.0,5.98,9.99,565.67,5,0.709,122.0
EMP047,2026-02-19,0,0,54,45,0,292,1,1,50,29.71,34.5,37.23,24.3,0.0,23.08,27.84,-0.366,-0.0296,0.0,0.0,0.0,0.0,54.0,45.0,0.0,5,0,15.27,30.64,0.498,50.0,5.98,9.99,565.67,5,0.6678,146.0
EMP047,2026-02-20,0,0,19,15,0,125,1,1,51,27.86,35.5,36.63,24.77,0.0,20.36,27.27,-0.018,0.1502,0.0,48.13,39.44,0.0,19.0,15.0,0.0,5,0,-19.73,30.64,-0.644,50.0,5.98,9.99,565.67,5,0.704,62.5
EMP047,2026-02-21,0,0,14,16,0,106,1,1,52,25.86,31.93,35.93,24.33,0.0,20.45,27.44,-0.1086,0.1095,0.0,61.04,34.24,0.0,14.0,16.0,0.0,5,0,-24.73,30.64,-0.807,50.0,5.98,9.99,565.67,5,0.6887,53.0
EMP047,2026-02-22,0,0,0,0,0,0,1,1,53,27.71,31.71,34.37,23.97,0.0,18.61,27.31,-0.0772,0.0741,0.0,100.0,100.0,0.0,0.0,0.0,100.0,0,5,-38.73,30.64,-1.264,50.0,5.98,9.99,565.67,0,0.0,0.0
EMP047,2026-02-23,0,0,60,51,0,283,2,2,54,27.71,31.71,33.37,23.1,0.0,18.61,27.99,-0.329,-0.0665,0.0,0.0,0.0,0.0,60.0,51.0,0.0,5,0,21.27,30.64,0.694,50.0,5.98,9.99,565.67,5,0.735,141.5
EMP047,2026-02-24,0,0,64,43,0,335,1,1,55,28.86,34.64,34.9,24.63,0.0,20.24,28.15,-0.2908,-0.0113,0.0,0.0,0.0,0.0,64.0,43.0,0.0,5,0,25.27,30.64,0.825,50.0,5.98,9.99,565.67,5,0.6746,167.5
EMP047,2026-02-25,0,0,62,42,0,306,1,1,56,35.14,35.07,37.03,26.07,0.0,23.14,27.85,-0.3437,-0.0627,0.0,0.0,0.0,0.0,62.0,42.0,0.0,5,0,23.27,30.64,0.759,50.0,5.98,9.99,565.67,5,0.7288,153.0
EMP047,2026-02-26,0,0,38,47,0,306,1,1,57,39.0,34.36,39.1,27.47,0.0,24.97,27.32,-0.438,-0.1397,0.0,2.81,0.0,0.0,38.0,47.0,0.0,5,0,-0.73,30.64,-0.024,50.0,5.98,9.99,565.67,5,0.6699,153.0
EMP047,2026-02-27,0,0,49,68,0,315,1,1,58,36.71,32.29,38.97,27.57,0.0,24.22,27.31,-0.4251,0.1003,0.0,0.0,0.0,0.0,49.0,68.0,0.0,5,0,10.27,30.64,0.335,50.0,5.98,9.99,565.67,5,0.6825,157.5
EMP047,2026-02-28,0,0,14,4,0,58,1,1,59,41.0,33.43,38.23,28.8,0.0,23.34,26.73,-0.1395,0.3849,0.0,63.38,86.11,0.0,14.0,4.0,0.0,5,0,-24.73,30.64,-0.807,50.0,5.98,9.99,565.67,5,0.7241,29.0
EMP047,2026-03-01,0,0,0,0,0,0,1,1,60,41.0,34.36,36.63,27.13,0.0,23.34,26.7,-0.1319,0.3987,0.0,100.0,100.0,0.0,0.0,0.0,100.0,0,5,-38.73,30.64,-1.264,50.0,5.98,9.99,565.67,0,0.0,0.0
EMP047,2026-03-02,0,0,0,0,0,0,2,2,61,41.0,34.36,34.1,26.0,0.0,23.34,26.45,-0.0968,0.271,0.0,100.0,100.0,0.0,0.0,0.0,100.0,0,5,-38.73,30.64,-1.264,50.0,5.98,9.99,565.67,0,0.0,0.0
EMP047,2026-03-03,0,0,61,60,0,389,3,3,62,32.43,30.64,33.47,25.4,0.0,25.69,27.02,-0.4209,0.0481,0.0,0.0,0.0,0.0,61.0,60.0,0.0,5,0,22.27,30.64,0.727,50.0,5.98,9.99,565.67,5,0.7738,194.5
EMP047,2026-03-04,0,0,40,37,0,300,1,1,63,32.0,33.57,35.5,27.4,0.0,25.18,26.72,-0.4741,0.0961,0.0,0.0,0.0,0.0,40.0,37.0,0.0,5,0,1.27,30.64,0.041,50.0,5.98,9.99,565.67,5,0.6833,150.0
EMP047,2026-03-05,0,0,2,3,0,18,1,1,64,28.86,33.93,34.07,26.83,0.0,22.47,25.25,-0.1175,0.3415,0.0,94.13,88.82,0.0,2.0,3.0,0.0,5,0,-36.73,30.64,-1.199,50.0,5.98,9.99,565.67,5,0.7222,9.0
EMP047,2026-03-06,0,0,61,61,0,293,1,1,65,23.71,30.21,34.13,26.93,0.0,23.86,25.16,-0.5593,0.0027,0.0,0.0,0.0,0.0,61.0,61.0,0.0,5,0,22.27,30.64,0.727,50.0,5.98,9.99,565.67,5,0.7201,146.5
EMP047,2026-03-07,0,0,20,10,0,93,1,1,66,25.43,33.21,34.03,27.43,0.0,25.96,25.05,-0.18,0.3539,0.0,41.23,63.54,0.0,20.0,10.0,0.0,5,0,-18.73,30.64,-0.611,50.0,5.98,9.99,565.67,5,0.6882,46.5
EMP047,2026-03-08,0,0,0,0,0,0,1,1,67,26.29,33.64,33.37,27.17,0.0,25.66,25.14,-0.2294,0.1764,0.0,100.0,100.0,0.0,0.0,0.0,100.0,0,5,-38.73,30.64,-1.264,50.0,5.98,9.99,565.67,0,0.0,0.0
EMP047,2026-03-09,0,0,27,27,0,155,2,2,68,26.29,33.64,31.07,25.63,0.0,25.66,24.93,-0.1989,0.131,0.0,13.1,0.0,0.0,27.0,27.0,0.0,5,0,-11.73,30.64,-0.383,50.0,5.98,9.99,565.67,5,0.7613,77.5
EMP047,2026-03-10,0,0,46,25,0,196,1,1,69,30.14,31.29,31.4,25.93,0.0,23.34,24.81,-0.3221,0.0872,0.0,0.0,3.59,0.0,46.0,25.0,0.0,5,0,7.27,30.64,0.237,50.0,5.98,9.99,565.67,5,0.7449,98.0
EMP047,2026-03-11,0,0,46,34,0,258,1,1,70,28.0,30.0,32.93,26.77,0.0,20.98,24.24,-0.4445,-0.0977,0.0,0.0,0.0,0.0,46.0,34.0,0.0,5,0,7.27,30.64,0.237,50.0,5.98,9.99,565.67,5,0.6434,129.0
EMP047,2026-03-12,0,0,56,49,0,259,1,1,71,28.86,28.86,33.83,27.07,0.0,21.57,24.2,-0.4563,-0.0632,0.0,0.0,0.0,0.0,56.0,49.0,0.0,5,0,17.27,30.64,0.564,50.0,5.98,9.99,565.67,5,0.7181,129.5
EMP047,2026-03-13,0,0,44,44,0,257,1,1,72,36.57,30.14,33.77,27.27,0.0,20.2,24.14,-0.1466,0.1882,0.0,0.0,0.0,0.0,44.0,44.0,0.0,5,0,5.27,30.64,0.172,50.0,5.98,9.99,565.67,5,0.6498,128.5
EMP047,2026-03-14,0,0,23,12,0,126,1,1,73,34.14,29.79,32.83,27.2,0.0,18.02,23.17,0.1831,0.4254,0.0,29.94,55.88,0.0,23.0,12.0,0.0,5,0,-15.73,30.64,-0.513,50.0,5.98,9.99,565.67,5,0.6984,63.0
EMP047,2026-03-15,0,0,0,0,0,0,1,1,74,34.57,30.43,31.37,26.87,0.0,17.71,22.33,0.3553,0.2914,0.0,100.0,100.0,0.0,0.0,0.0,100.0,0,5,-38.73,30.64,-1.264,50.0,5.98,9.99,565.67,0,0.0,0.0
EMP047,2026-03-16,0,0,61,48,0,301,2,2,75,34.57,30.43,30.27,25.8,0.0,17.71,23.03,0.1642,0.1535,0.0,0.0,0.0,0.0,61.0,48.0,0.0,5,0,22.27,30.64,0.727,50.0,5.98,9.99,565.67,5,0.7641,150.5
EMP047,2026-03-17,0,0,62,39,0,329,1,1,76,39.43,34.79,32.27,27.4,0.0,19.54,23.01,0.1606,0.1188,0.0,0.0,0.0,0.0,62.0,39.0,0.0,5,0,23.27,30.64,0.759,50.0,5.98,9.99,565.67,5,0.7356,164.5
EMP047,2026-03-18,0,0,57,40,0,304,1,1,77,41.71,34.86,34.33,28.7,0.0,21.05,22.8,0.1299,0.0047,0.0,0.0,0.0,0.0,57.0,40.0,0.0,5,0,18.27,30.64,0.596,50.0,5.98,9.99,565.67,5,0.7303,152.0
EMP047,2026-03-19,0,0,47,35,0,309,1,1,78,43.29,36.07,34.5,29.0,0.0,21.71,22.94,0.398,0.0934,0.0,0.0,0.0,0.0,47.0,35.0,0.0,5,0,8.27,30.64,0.27,50.0,5.98,9.99,565.67,5,0.7314,154.5
EMP047,2026-03-20,0,0,58,60,0,289,1,1,79,42.0,39.29,35.4,29.57,0.0,21.18,22.89,0.3786,0.0563,0.0,0.0,0.0,0.0,58.0,60.0,0.0,5,0,19.27,30.64,0.629,50.0,5.98,9.99,565.67,5,0.7093,144.5
EMP047,2026-03-21,0,0,19,8,0,92,1,1,80,44.0,39.07,36.17,30.5,0.0,21.92,23.24,0.5217,0.2694,0.0,47.47,73.77,0.0,19.0,8.0,0.0,5,0,-19.73,30.64,-0.644,50.0,5.98,9.99,565.67,5,0.7065,46.0
EMP047,2026-03-22,0,0,0,0,0,0,1,1,81,43.43,39.0,35.0,29.27,0.0,22.51,23.2,0.5339,0.2242,0.0,100.0,100.0,0.0,0.0,0.0,100.0,0,5,-38.73,30.64,-1.264,50.0,5.98,9.99,565.67,0,0.0,0.0
EMP047,2026-03-23,0,0,25,20,0,161,2,2,82,43.43,39.0,34.37,28.77,0.0,22.51,23.88,0.1978,-0.063,0.0,27.26,30.48,0.0,25.0,20.0,0.0,5,0,-13.73,30.64,-0.448,50.0,5.98,9.99,565.67,5,0.7019,80.5
EMP047,2026-03-24,0,0,58,47,0,339,1,1,83,38.29,38.86,34.73,28.9,0.0,22.01,23.64,-0.0031,-0.2076,0.0,0.0,0.0,0.0,58.0,47.0,0.0,5,0,19.27,30.64,0.629,50.0,5.98,9.99,565.67,5,0.7493,169.5
EMP047,2026-03-25,0,0,67,103,0,452,1,1,84,37.71,39.71,36.67,30.47,0.0,21.43,23.09,-0.0925,-0.2901,0.0,0.0,0.0,0.0,67.0,103.0,0.0,5,0,28.27,30.64,0.923,50.0,5.98,9.99,565.67,5,0.7743,226.0
EMP047,2026-03-26,0,0,98,77,0,451,1,1,85,39.14,41.21,36.9,32.2,0.0,22.95,23.36,0.2641,0.3195,0.0,0.0,0.0,0.0,98.0,77.0,0.0,5,0,59.27,30.64,1.934,50.0,5.98,9.99,565.67,5,0.7827,225.5
EMP047,2026-03-27,0,0,143,78,0,471,1,1,86,46.43,44.21,38.03,33.33,0.0,30.98,25.38,0.8452,0.683,0.0,0.0,0.0,0.0,143.0,78.0,0.0,5,0,104.27,30.64,3.403,50.0,5.98,9.99,565.67,5,0.7898,235.5
EMP047,2026-03-28,0,0,36,29,0,178,1,1,87,58.57,51.29,40.73,34.53,0.0,46.1,31.39,1.6877,1.0309,0.0,11.61,16.02,0.0,36.0,29.0,0.0,5,0,-2.73,30.64,-0.089,50.0,5.98,9.99,565.67,5,0.691,89.0
EMP047,2026-03-29,0,0,0,0,0,0,1,1,88,61.0,52.21,40.67,33.93,0.0,44.37,31.39,1.6383,1.0812,0.0,100.0,100.0,0.0,0.0,0.0,100.0,0,5,-38.73,30.64,-1.264,50.0,5.98,9.99,565.67,0,0.0,0.0
EMP047,2026-03-30,0,0,128,52,0,390,2,2,89,61.0,52.21,39.03,31.67,0.0,44.37,32.18,1.4334,1.0972,0.0,0.0,0.0,0.0,128.0,52.0,0.0,5,0,89.27,30.64,2.914,50.0,5.98,9.99,565.67,5,0.7487,195.0
EMP047,2026-03-31,0,0,116,50,0,419,1,1,90,75.71,57.0,42.83,33.27,0.0,46.99,35.56,1.8347,1.0376,0.0,0.0,0.0,0.0,116.0,50.0,0.0,5,0,77.27,30.64,2.522,50.0,5.98,9.99,565.67,5,0.7733,209.5
EMP048,2026-01-01,0,0,0,0,0,0,1,1,1,0.0,0.0,0.0,0.0,0.0,0.0,0.0,0.0,0.0,0.0,0.0,0.0,0.0,0.0,0.0,100.0,0,5,-37.82,27.47,-1.377,50.0,6.92,8.71,513.13,0,0.0,0.0
EMP048,2026-01-02,0,0,79,43,0,350,2,2,2,0.0,0.0,0.0,0.0,0.0,0.0,0.0,0.0,0.0,0.0,0.0,0.0,0.0,79.0,43.0,0.0,5,0,41.18,27.47,1.499,50.0,6.92,8.71,513.13,5,0.7514,175.0
EMP048,2026-01-03,0,0,27,11,0,124,1,1,3,39.5,39.5,39.5,21.5,0.0,39.5,39.5,0.0,0.0,0.0,31.65,48.84,0.0,27.0,11.0,0.0,5,0,-10.82,27.47,-0.394,50.0,6.92,8.71,513.13,5,0.7258,62.0
EMP048,2026-01-04,0,0,0,0,0,0,1,1,4,35.33,35.33,35.33,18.0,0.0,32.79,32.79,13.5,5.5,0.0,100.0,100.0,0.0,0.0,0.0,100.0,0,5,-37.82,27.47,-1.377,50.0,6.92,8.71,513.13,0,0.0,0.0
EMP048,2026-01-05,0,0,58,39,0,273,2,2,5,26.5,26.5,26.5,13.5,0.0,32.25,32.25,-5.2,-3.2,0.0,0.0,0.0,0.0,58.0,39.0,0.0,5,0,20.18,27.47,0.735,50.0,6.92,8.71,513.13,5,0.7582,136.5
EMP048,2026-01-06,0,0,31,24,0,156,1,1,6,32.8,32.8,32.8,18.6,0.0,31.48,31.48,3.7,3.5,0.0,5.49,0.0,0.0,31.0,24.0,0.0,5,0,-6.82,27.47,-0.248,50.0,6.92,8.71,513.13,5,0.6667,78.0
EMP048,2026-01-07,0,0,52,28,0,249,1,1,7,32.5,32.5,32.5,19.5,0.0,28.74,28.74,1.8571,2.7714,0.0,0.0,0.0,0.0,52.0,28.0,0.0,5,0,14.18,27.47,0.516,50.0,6.92,8.71,513.13,5,0.6667,124.5
EMP048,2026-01-08,0,0,54,38,0,281,1,1,8,35.29,35.29,35.29,20.71,0.0,27.47,27.47,3.25,2.6429,0.0,0.0,0.0,0.0,54.0,38.0,0.0,5,0,16.18,27.47,0.589,50.0,6.92,8.71,513.13,5,0.6512,140.5
EMP048,2026-01-09,0,0,59,49,0,273,1,1,9,43.0,37.62,37.62,22.88,0.0,23.82,26.43,3.7262,3.2024,0.0,0.0,0.0,0.0,59.0,49.0,0.0,5,0,21.18,27.47,0.771,50.0,6.92,8.71,513.13,5,0.6923,136.5
EMP048,2026-01-10,0,0,10,10,0,80,1,1,10,40.14,40.0,40.0,25.78,0.0,20.27,25.81,4.0333,3.9833,0.0,75.0,61.21,0.0,10.0,10.0,0.0,5,0,-27.82,27.47,-1.013,50.0,6.92,8.71,513.13,5,0.65,40.0
EMP048,2026-01-11,0,0,0,0,0,0,1,1,11,37.71,37.0,37.0,24.2,0.0,22.58,26.09,1.297,2.0364,0.0,100.0,100.0,0.0,0.0,0.0,100.0,0,5,-37.82,27.47,-1.377,50.0,6.92,8.71,513.13,0,0.0,0.0
EMP048,2026-01-12,0,0,45,20,0,262,2,2,12,37.71,33.64,33.64,22.0,0.0,22.58,27.05,-0.7091,0.4273,0.0,0.0,9.09,0.0,45.0,20.0,0.0,5,0,7.18,27.47,0.261,50.0,6.92,8.71,513.13,5,0.6718,131.0
EMP048,2026-01-13,0,0,38,41,0,223,1,1,13,35.86,34.58,34.58,21.83,0.0,21.34,26.09,-0.1084,0.2517,0.0,0.0,0.0,0.0,38.0,41.0,0.0,5,0,0.18,27.47,0.007,50.0,6.92,8.71,513.13,5,0.6906,111.5
EMP048,2026-01-14,0,0,0,0,0,0,1,1,14,36.86,34.85,34.85,23.31,0.0,21.25,25.08,0.0275,0.8297,0.0,100.0,100.0,0.0,0.0,0.0,100.0,0,5,-37.82,27.47,-1.377,50.0,6.92,8.71,513.13,0,0.0,0.0
EMP048,2026-01-15,0,0,56,44,0,280,2,2,15,29.43,32.36,32.36,21.64,0.0,23.62,25.78,-0.9736,-0.0022,0.0,0.0,0.0,0.0,56.0,44.0,0.0,5,0,18.18,27.47,0.662,50.0,6.92,8.71,513.13,5,0.7071,140.0
EMP048,2026-01-16,0,0,52,29,0,272,1,1,16,29.71,36.36,33.93,23.13,0.0,23.92,25.6,-0.2,0.5571,0.0,0.0,0.0,0.0,52.0,29.0,0.0,5,0,14.18,27.47,0.516,50.0,6.92,8.71,513.13,5,0.7059,136.0
EMP048,2026-01-17,0,0,14,13,0,84,1,1,17,28.71,34.43,35.06,23.5,0.0,22.8,25.17,0.2338,0.5882,0.0,60.07,44.68,0.0,14.0,13.0,0.0,5,0,-23.82,27.47,-0.867,50.0,6.92,8.71,513.13,5,0.7024,42.0
EMP048,2026-01-18,0,0,0,0,0,0,1,1,18,29.29,33.5,33.82,22.88,0.0,22.37,24.91,-0.2181,0.2843,0.0,100.0,100.0,0.0,0.0,0.0,100.0,0,5,-37.82,27.47,-1.377,50.0,6.92,8.71,513.13,0,0.0,0.0
EMP048,2026-01-19,0,0,55,44,0,279,2,2,19,29.29,33.5,31.94,21.61,0.0,22.37,25.42,-0.7771,-0.162,0.0,0.0,0.0,0.0,55.0,44.0,0.0,5,0,17.18,27.47,0.625,50.0,6.92,8.71,513.13,5,0.6738,139.5
EMP048,2026-01-20,0,0,59,36,0,293,1,1,20,30.71,33.29,33.16,22.79,0.0,23.61,25.27,-0.2965,0.2158,0.0,0.0,0.0,0.0,59.0,36.0,0.0,5,0,21.18,27.47,0.771,50.0,6.92,8.71,513.13,5,0.6553,146.5
EMP048,2026-01-21,0,0,57,27,0,225,1,1,21,33.71,35.29,34.45,23.45,0.0,25.59,25.27,0.115,0.3737,0.0,0.0,0.0,0.0,57.0,27.0,0.0,5,0,19.18,27.47,0.698,50.0,6.92,8.71,513.13,5,0.6444,112.5
EMP048,2026-01-22,0,0,52,28,0,221,1,1,22,41.86,35.64,35.52,23.62,0.0,22.45,25.12,0.3922,0.3688,0.0,0.0,0.0,0.0,52.0,28.0,0.0,5,0,14.18,27.47,0.516,50.0,6.92,8.71,513.13,5,0.7059,110.5
EMP048,2026-01-23,0,0,44,35,0,250,1,1,23,41.29,35.5,36.27,23.82,0.0,22.13,24.78,0.5364,0.3727,0.0,0.0,0.0,0.0,44.0,35.0,0.0,5,0,6.18,27.47,0.225,50.0,6.92,8.71,513.13,5,0.624,125.0
EMP048,2026-01-24,0,0,20,16,0,107,1,1,24,40.14,34.43,36.61,24.3,0.0,21.75,24.29,0.5534,0.4476,0.0,45.37,34.16,0.0,20.0,16.0,0.0,5,0,-17.82,27.47,-0.649,50.0,6.92,8.71,513.13,5,0.7196,53.5
EMP048,2026-01-25,0,0,0,0,0,0,1,1,25,41.0,35.14,35.92,23.96,0.0,20.8,24.01,0.3209,0.3109,0.0,100.0,100.0,0.0,0.0,0.0,100.0,0,5,-37.82,27.47,-1.377,50.0,6.92,8.71,513.13,0,0.0,0.0
EMP048,2026-01-26,0,0,0,0,0,0,2,2,26,41.0,35.14,34.48,23.0,0.0,20.8,24.56,-0.0477,0.0538,0.0,100.0,100.0,0.0,0.0,0.0,100.0,0,5,-37.82,27.47,-1.377,50.0,6.92,8.71,513.13,0,0.0,0.0
EMP048,2026-01-27,0,0,40,41,0,326,3,3,27,33.14,31.93,33.15,22.12,0.0,24.14,24.97,-0.3371,-0.1487,0.0,0.0,0.0,0.0,40.0,41.0,0.0,5,0,2.18,27.47,0.079,50.0,6.92,8.71,513.13,5,0.6534,163.0
EMP048,2026-01-28,0,0,44,35,0,250,1,1,28,30.43,32.07,33.41,22.81,0.0,22.06,24.54,-0.2466,0.0171,0.0,0.0,0.0,0.0,44.0,35.0,0.0,5,0,6.18,27.47,0.225,50.0,6.92,8.71,513.13,5,0.64,125.0
EMP048,2026-01-29,0,0,70,28,0,334,1,1,29,28.57,35.21,33.79,23.25,0.0,20.22,24.18,-0.1429,0.1054,0.0,0.0,0.0,0.0,70.0,28.0,0.0,5,0,32.18,27.47,1.171,50.0,6.92,8.71,513.13,5,0.7216,167.0
EMP048,2026-01-30,0,0,108,31,0,384,1,1,30,31.14,36.21,35.03,23.41,0.0,23.85,24.66,0.1212,0.1276,0.0,0.0,0.0,0.0,108.0,31.0,0.0,5,0,70.18,27.47,2.555,50.0,6.92,8.71,513.13,5,0.8177,192.0
EMP048,2026-01-31,0,0,18,17,0,97,1,1,31,40.29,40.21,37.47,23.67,0.0,36.13,27.56,0.5802,0.1642,0.0,51.96,28.18,0.0,18.0,17.0,0.0,5,0,-19.82,27.47,-0.722,50.0,6.92,8.71,513.13,5,0.6907,48.5
EMP048,2026-02-01,0,0,0,0,0,0,1,1,32,40.0,40.5,38.07,24.23,0.0,36.3,26.92,0.1962,-0.042,0.0,100.0,100.0,0.0,0.0,0.0,100.0,0,5,-37.82,27.47,-1.377,50.0,6.92,8.71,513.13,0,0.0,0.0
EMP048,2026-02-02,0,0,43,21,0,196,2,2,33,40.0,40.5,35.43,22.8,0.0,36.3,26.65,0.2329,-0.069,0.0,0.0,7.89,0.0,43.0,21.0,0.0,5,0,5.18,27.47,0.189,50.0,6.92,8.71,513.13,5,0.7551,98.0
EMP048,2026-02-03,0,0,77,57,0,334,1,1,34,46.14,39.64,35.97,23.13,0.0,32.45,26.64,0.2236,-0.162,0.0,0.0,0.0,0.0,77.0,57.0,0.0,5,0,39.18,27.47,1.426,50.0,6.92,8.71,513.13,5,0.7635,167.0
EMP048,2026-02-04,0,0,57,29,0,251,1,1,35,51.43,40.93,38.53,25.03,0.0,33.99,26.76,0.2403,-0.103,0.0,0.0,0.0,0.0,57.0,29.0,0.0,5,0,19.18,27.47,0.698,50.0,6.92,8.71,513.13,5,0.6813,125.5
EMP048,2026-02-05,0,0,50,51,0,247,1,1,36,53.29,40.93,38.5,24.7,0.0,33.89,26.74,0.4937,0.0189,0.0,0.0,0.0,0.0,50.0,51.0,0.0,5,0,12.18,27.47,0.443,50.0,6.92,8.71,513.13,5,0.7814,123.5
EMP048,2026-02-06,0,0,4,3,0,19,1,1,37,50.43,40.79,39.13,25.6,0.0,33.2,26.78,0.5161,0.1838,0.0,89.78,88.28,0.0,4.0,3.0,0.0,5,0,-33.82,27.47,-1.231,50.0,6.92,8.71,513.13,5,0.6842,9.5
EMP048,2026-02-07,0,0,18,16,0,91,1,1,38,35.57,37.93,37.53,24.77,0.0,26.75,27.39,0.3782,0.0545,0.0,52.04,35.41,0.0,18.0,16.0,0.0,5,0,-19.82,27.47,-0.722,50.0,6.92,8.71,513.13,5,0.6813,45.5
EMP048,2026-02-08,0,0,0,0,0,0,1,1,39,35.57,37.79,36.33,24.03,0.0,26.75,27.43,0.3657,0.0892,0.0,100.0,100.0,0.0,0.0,0.0,100.0,0,5,-37.82,27.47,-1.377,50.0,6.92,8.71,513.13,0,0.0,0.0
EMP048,2026-02-09,0,0,43,18,0,152,2,2,40,35.57,37.79,34.37,22.4,0.0,26.75,27.84,0.2877,0.1063,0.0,0.0,19.64,0.0,43.0,18.0,0.0,5,0,5.18,27.47,0.189,50.0,6.92,8.71,513.13,5,0.7829,76.0
EMP048,2026-02-10,0,0,58,24,0,291,1,1,41,35.57,40.86,35.47,22.67,0.0,26.75,27.51,0.1753,-0.0076,0.0,0.0,0.0,0.0,58.0,24.0,0.0,5,0,20.18,27.47,0.735,50.0,6.92,8.71,513.13,5,0.7216,145.5
EMP048,2026-02-11,0,0,47,35,0,221,1,1,42,32.86,42.14,37.4,23.47,0.0,23.13,26.98,0.0761,-0.1553,0.0,0.0,0.0,0.0,47.0,35.0,0.0,5,0,9.18,27.47,0.334,50.0,6.92,8.71,513.13,5,0.6923,110.5
EMP048,2026-02-12,0,0,40,35,0,223,1,1,43,31.43,42.36,37.47,23.97,0.0,21.87,27.0,0.1904,-0.1048,0.0,0.0,0.0,0.0,40.0,35.0,0.0,5,0,2.18,27.47,0.079,50.0,6.92,8.71,513.13,5,0.6726,111.5
EMP048,2026-02-13,0,0,50,29,0,246,1,1,44,30.0,40.21,37.53,23.77,0.0,20.91,27.01,0.2105,0.0839,0.0,0.0,0.0,0.0,50.0,29.0,0.0,5,0,12.18,27.47,0.443,50.0,6.92,8.71,513.13,5,0.7195,123.0
EMP048,2026-02-14,0,0,12,12,0,86,1,1,45,36.57,36.07,39.2,24.73,0.0,18.84,26.17,0.032,-0.0463,0.0,69.39,51.48,0.0,12.0,12.0,0.0,5,0,-25.82,27.47,-0.94,50.0,6.92,8.71,513.13,5,0.7442,43.0
EMP048,2026-02-15,0,0,0,0,0,0,1,1,46,35.71,35.64,37.73,23.67,0.0,19.78,26.42,-0.0276,0.0044,0.0,100.0,100.0,0.0,0.0,0.0,100.0,0,5,-37.82,27.47,-1.377,50.0,6.92,8.71,513.13,0,0.0,0.0
EMP048,2026-02-16,0,0,60,53,0,270,2,2,47,35.71,35.64,36.0,22.7,0.0,19.78,27.12,-0.1726,-0.1115,0.0,0.0,0.0,0.0,60.0,53.0,0.0,5,0,22.18,27.47,0.807,50.0,6.92,8.71,513.13,5,0.7148,135.0
EMP048,2026-02-17,0,0,48,32,0,231,1,1,48,38.14,36.86,37.53,24.03,0.0,21.49,27.14,-0.1695,0.0171,0.0,0.0,0.0,0.0,48.0,32.0,0.0,5,0,10.18,27.47,0.371,50.0,6.92,8.71,513.13,5,0.7273,115.5
EMP048,2026-02-18,0,0,45,33,0,243,1,1,49,36.71,34.79,39.13,25.1,0.0,20.43,26.28,-0.3608,-0.0972,0.0,0.0,0.0,0.0,45.0,33.0,0.0,5,0,7.18,27.47,0.261,50.0,6.92,8.71,513.13,5,0.7407,121.5
EMP048,2026-02-19,0,0,61,34,0,229,1,1,50,36.43,33.93,38.8,24.73,0.0,20.3,26.14,-0.2136,0.0841,0.0,0.0,0.0,0.0,61.0,34.0,0.0,5,0,23.18,27.47,0.844,50.0,6.92,8.71,513.13,5,0.7293,114.5
EMP048,2026-02-20,0,0,57,37,0,276,1,1,51,39.43,34.71,38.87,24.67,0.0,22.08,26.19,0.069,0.2216,0.0,0.0,0.0,0.0,57.0,37.0,0.0,5,0,19.18,27.47,0.698,50.0,6.92,8.71,513.13,5,0.7246,138.0
EMP048,2026-02-21,0,0,13,9,0,89,1,1,52,40.43,38.5,38.87,25.0,0.0,22.68,26.19,0.311,0.3172,0.0,66.56,64.0,0.0,13.0,9.0,0.0,5,0,-24.82,27.47,-0.904,50.0,6.92,8.71,513.13,5,0.764,44.5
EMP048,2026-02-22,0,0,0,0,0,0,1,1,53,40.57,38.14,37.57,24.37,0.0,22.51,26.47,0.2347,0.2347,0.0,100.0,100.0,0.0,0.0,0.0,100.0,0,5,-37.82,27.47,-1.377,50.0,6.92,8.71,513.13,0,0.0,0.0
EMP048,2026-02-23,0,0,0,0,0,0,2,2,54,40.57,38.14,36.1,23.2,0.0,22.51,27.28,0.0367,0.1508,0.0,100.0,100.0,0.0,0.0,0.0,100.0,0,5,-37.82,27.47,-1.377,50.0,6.92,8.71,513.13,0,0.0,0.0
EMP048,2026-02-24,0,0,60,39,0,291,3,3,55,32.0,35.07,35.43,22.67,0.0,24.78,27.9,-0.3072,-0.0485,0.0,0.0,0.0,0.0,60.0,39.0,0.0,5,0,22.18,27.47,0.807,50.0,6.92,8.71,513.13,5,0.7285,145.5
EMP048,2026-02-25,0,0,58,22,0,247,1,1,56,33.71,35.21,37.43,23.97,0.0,26.21,27.44,-0.3931,-0.0994,0.0,0.0,8.22,0.0,58.0,22.0,0.0,5,0,20.18,27.47,0.735,50.0,6.92,8.71,513.13,5,0.7045,123.5
EMP048,2026-02-26,0,0,44,49,0,295,1,1,57,35.57,36.0,39.37,24.7,0.0,27.37,26.77,-0.5186,-0.2774,0.0,0.0,0.0,0.0,44.0,49.0,0.0,5,0,6.18,27.47,0.225,50.0,6.92,8.71,513.13,5,0.661,147.5
EMP048,2026-02-27,0,0,61,51,0,350,1,1,58,33.14,36.29,39.5,24.97,0.0,25.72,26.78,-0.4843,-0.0082,0.0,0.0,0.0,0.0,61.0,51.0,0.0,5,0,23.18,27.47,0.844,50.0,6.92,8.71,513.13,5,0.7029,175.0
EMP048,2026-02-28,0,0,1,0,0,4,1,1,59,33.71,37.07,40.07,25.5,0.0,26.28,27.05,-0.3146,0.2289,0.0,97.5,100.0,0.0,1.0,0.0,40.0,3,2,-36.82,27.47,-1.34,50.0,6.92,8.71,513.13,3,0.75,2.0
EMP048,2026-03-01,0,0,0,0,0,0,1,2,60,32.0,36.29,37.77,24.57,0.0,27.91,27.34,-0.3602,0.0816,0.0,100.0,100.0,0.0,0.0,0.0,100.0,0,5,-37.82,27.47,-1.377,50.0,6.92,8.71,513.13,0,0.0,0.0
EMP048,2026-03-02,0,0,0,0,0,0,2,3,61,32.0,36.29,34.17,23.53,0.0,27.91,24.85,-0.1195,-0.0325,0.0,100.0,100.0,0.0,0.0,0.0,100.0,0,5,-37.82,27.47,-1.377,50.0,6.92,8.71,513.13,0,0.0,0.0
EMP048,2026-03-03,0,0,56,57,0,359,3,4,62,32.0,32.0,33.57,22.97,0.0,27.91,25.44,-0.4514,-0.2294,0.0,0.0,0.0,0.0,56.0,57.0,0.0,5,0,18.18,27.47,0.662,50.0,6.92,8.71,513.13,5,0.7437,179.5
EMP048,2026-03-04,0,0,53,38,0,251,1,1,63,31.43,32.57,35.43,24.87,0.0,27.37,24.96,-0.5382,-0.1682,0.0,0.0,0.0,0.0,53.0,38.0,0.0,5,0,15.18,27.47,0.553,50.0,6.92,8.71,513.13,5,0.6693,125.5
EMP048,2026-03-05,0,0,49,51,0,250,1,1,64,30.71,33.14,35.77,25.43,0.0,26.72,25.13,-0.3726,-0.1101,0.0,0.0,0.0,0.0,49.0,51.0,0.0,5,0,11.18,27.47,0.407,50.0,6.92,8.71,513.13,5,0.744,125.0
EMP048,2026-03-06,0,0,52,25,0,245,1,1,65,31.43,32.29,34.83,25.23,0.0,27.13,24.08,-0.0029,0.2725,0.0,0.0,0.91,0.0,52.0,25.0,0.0,5,0,14.18,27.47,0.516,50.0,6.92,8.71,513.13,5,0.6939,122.5
EMP048,2026-03-07,0,0,20,8,0,89,1,1,66,30.14,31.93,34.67,25.1,0.0,25.89,23.94,0.2607,0.297,0.0,42.31,68.13,0.0,20.0,8.0,0.0,5,0,-17.82,27.47,-0.649,50.0,6.92,8.71,513.13,5,0.764,44.5
EMP048,2026-03-08,0,0,0,0,0,0,1,1,67,32.86,32.43,33.67,23.67,0.0,23.58,23.9,0.2719,0.3653,0.0,100.0,100.0,0.0,0.0,0.0,100.0,0,5,-37.82,27.47,-1.377,50.0,6.92,8.71,513.13,0,0.0,0.0
EMP048,2026-03-09,0,0,38,34,0,232,2,2,68,32.86,32.43,33.53,23.57,0.0,23.58,24.08,-0.1499,0.0701,0.0,0.0,0.0,0.0,38.0,34.0,0.0,5,0,0.18,27.47,0.007,50.0,6.92,8.71,513.13,5,0.6422,116.0
EMP048,2026-03-10,0,0,67,37,0,321,1,1,69,38.29,35.14,34.2,24.17,0.0,19.4,23.92,-0.2283,0.0852,0.0,0.0,0.0,0.0,67.0,37.0,0.0,5,0,29.18,27.47,1.062,50.0,6.92,8.71,513.13,5,0.7788,160.5
EMP048,2026-03-11,0,0,30,30,0,245,1,1,70,39.86,35.64,36.43,25.4,0.0,21.14,23.75,-0.2525,0.0013,0.0,17.65,0.0,0.0,30.0,30.0,0.0,5,0,-7.82,27.47,-0.285,50.0,6.92,8.71,513.13,5,0.6163,122.5
EMP048,2026-03-12,0,0,52,49,0,288,1,1,71,36.57,33.64,36.0,25.8,0.0,20.62,23.74,-0.2487,-0.02,0.0,0.0,0.0,0.0,52.0,49.0,0.0,5,0,14.18,27.47,0.516,50.0,6.92,8.71,513.13,5,0.7118,144.0
EMP048,2026-03-13,0,0,55,31,0,267,1,1,72,37.0,34.21,35.8,26.63,0.0,20.9,23.58,0.0062,0.1172,0.0,0.0,0.0,0.0,55.0,31.0,0.0,5,0,17.18,27.47,0.625,50.0,6.92,8.71,513.13,5,0.7228,133.5
EMP048,2026-03-14,0,0,22,14,0,93,1,1,73,37.43,33.79,36.07,26.5,0.0,21.23,23.75,0.2073,0.2031,0.0,39.01,47.17,0.0,22.0,14.0,0.0,5,0,-15.82,27.47,-0.576,50.0,6.92,8.71,513.13,5,0.8065,46.5
EMP048,2026-03-15,0,0,0,0,0,0,1,1,74,37.71,35.29,35.47,25.8,0.0,21.01,23.87,0.1437,0.1811,0.0,100.0,100.0,0.0,0.0,0.0,100.0,0,5,-37.82,27.47,-1.377,50.0,6.92,8.71,513.13,0,0.0,0.0
EMP048,2026-03-16,0,0,63,39,0,258,2,2,75,37.71,35.29,33.8,24.83,0.0,21.01,24.53,0.0151,0.0367,0.0,0.0,0.0,0.0,63.0,39.0,0.0,5,0,25.18,27.47,0.917,50.0,6.92,8.71,513.13,5,0.7946,129.0
EMP048,2026-03-17,0,0,37,37,0,265,1,1,76,41.29,39.79,35.5,25.73,0.0,22.8,24.73,0.0532,0.0396,0.0,0.0,0.0,0.0,37.0,37.0,0.0,5,0,-0.82,27.47,-0.03,50.0,6.92,8.71,513.13,5,0.6943,132.5
EMP048,2026-03-18,0,0,53,37,0,258,1,1,77,37.0,38.43,36.73,26.97,0.0,20.24,23.84,-0.182,-0.0652,0.0,0.0,0.0,0.0,53.0,37.0,0.0,5,0,15.18,27.47,0.553,50.0,6.92,8.71,513.13,5,0.7132,129.0
EMP048,2026-03-19,0,0,29,42,0,240,1,1,78,40.29,38.43,36.5,26.43,0.0,20.7,23.64,0.0834,0.1791,0.0,20.55,0.0,0.0,29.0,42.0,0.0,5,0,-8.82,27.47,-0.321,50.0,6.92,8.71,513.13,5,0.75,120.0
EMP048,2026-03-20,0,0,0,0,0,0,1,1,79,37.0,37.0,35.87,26.77,0.0,20.4,23.58,0.1143,0.3179,0.0,100.0,100.0,0.0,0.0,0.0,100.0,0,5,-37.82,27.47,-1.377,50.0,6.92,8.71,513.13,0,0.0,0.0
EMP048,2026-03-21,0,0,20,12,0,95,2,2,80,29.14,33.29,34.37,25.67,0.0,22.45,24.37,-0.0541,0.1882,0.0,41.81,53.25,0.0,20.0,12.0,0.0,5,0,-17.82,27.47,-0.649,50.0,6.92,8.71,513.13,5,0.6947,47.5
EMP048,2026-03-22,0,0,0,0,0,0,1,1,81,28.86,33.29,33.0,24.93,0.0,22.55,23.98,0.0369,0.1575,0.0,100.0,100.0,0.0,0.0,0.0,100.0,0,5,-37.82,27.47,-1.377,50.0,6.92,8.71,513.13,0,0.0,0.0
EMP048,2026-03-23,0,0,47,30,0,282,2,2,82,28.86,33.29,31.1,23.7,0.0,22.55,24.26,-0.0105,0.0799,0.0,0.0,0.0,0.0,47.0,30.0,0.0,5,0,9.18,27.47,0.334,50.0,6.92,8.71,513.13,5,0.6809,141.0
EMP048,2026-03-24,0,0,42,46,0,291,1,1,83,26.57,33.93,32.23,24.4,0.0,19.59,24.18,-0.0327,0.0191,0.0,0.0,0.0,0.0,42.0,46.0,0.0,5,0,4.18,27.47,0.152,50.0,6.92,8.71,513.13,5,0.7182,145.5
EMP048,2026-03-25,0,0,54,36,0,249,1,1,84,27.29,32.14,33.63,25.93,0.0,20.04,23.48,-0.192,-0.0098,0.0,0.0,0.0,0.0,54.0,36.0,0.0,5,0,16.18,27.47,0.589,50.0,6.92,8.71,513.13,5,0.7711,124.5
EMP048,2026-03-26,0,0,65,63,0,342,1,1,85,27.43,33.86,35.43,27.13,0.0,20.23,22.9,-0.2925,-0.1237,0.0,0.0,0.0,0.0,65.0,63.0,0.0,5,0,27.18,27.47,0.989,50.0,6.92,8.71,513.13,5,0.7281,171.0
EMP048,2026-03-27,0,0,102,79,0,436,1,1,86,32.57,34.79,35.6,27.93,0.0,24.17,23.09,0.0676,0.1895,0.0,0.0,0.0,0.0,102.0,79.0,0.0,5,0,64.18,27.47,2.336,50.0,6.92,8.71,513.13,5,0.805,218.0
EMP048,2026-03-28,0,0,47,35,0,164,1,1,87,47.14,38.14,37.07,29.83,0.0,30.14,25.72,0.6505,0.4781,0.0,0.0,0.0,0.0,47.0,35.0,0.0,5,0,9.18,27.47,0.334,50.0,6.92,8.71,513.13,5,0.7866,82.0
EMP048,2026-03-29,0,0,0,0,0,0,1,1,88,51.0,39.93,37.17,29.37,0.0,28.08,25.75,0.7624,0.6436,0.0,100.0,100.0,0.0,0.0,0.0,100.0,0,5,-37.82,27.47,-1.377,50.0,6.92,8.71,513.13,0,0.0,0.0
EMP048,2026-03-30,0,0,91,77,0,366,2,2,89,51.0,39.93,35.13,27.67,0.0,28.08,26.19,0.687,0.6033,0.0,0.0,0.0,0.0,91.0,77.0,0.0,5,0,53.18,27.47,1.936,50.0,6.92,8.71,513.13,5,0.776,183.0
EMP048,2026-03-31,0,0,111,57,0,358,1,1,90,57.29,41.93,38.13,30.23,0.0,31.23,27.24,0.812,0.7308,0.0,0.0,0.0,0.0,111.0,57.0,0.0,5,0,73.18,27.47,2.664,50.0,6.92,8.71,513.13,5,0.7514,179.0
EMP049,2026-01-01,0,0,0,0,0,0,1,1,1,0.0,0.0,0.0,0.0,0.0,0.0,0.0,0.0,0.0,0.0,0.0,0.0,0.0,0.0,0.0,100.0,0,5,-41.4,30.05,-1.378,50.0,6.33,12.45,558.79,0,0.0,0.0
EMP049,2026-01-02,0,0,66,27,0,326,2,2,2,0.0,0.0,0.0,0.0,0.0,0.0,0.0,0.0,0.0,0.0,0.0,0.0,0.0,66.0,27.0,0.0,5,0,24.6,30.05,0.819,50.0,6.33,12.45,558.79,5,0.7086,163.0
EMP049,2026-01-03,0,0,31,16,0,124,1,1,3,33.0,33.0,33.0,13.5,0.0,33.0,33.0,0.0,0.0,0.0,6.06,0.0,0.0,31.0,16.0,0.0,5,0,-10.4,30.05,-0.346,50.0,6.33,12.45,558.79,5,0.7661,62.0
EMP049,2026-01-04,0,0,0,0,0,0,1,1,4,32.33,32.33,32.33,14.33,0.0,26.96,26.96,15.5,8.0,0.0,100.0,100.0,0.0,0.0,0.0,100.0,0,5,-41.4,30.05,-1.378,50.0,6.33,12.45,558.79,0,0.0,0.0
EMP049,2026-01-05,0,0,49,50,0,308,2,2,5,24.25,24.25,24.25,10.75,0.0,27.22,27.22,-3.5,-1.1,0.0,0.0,0.0,0.0,49.0,50.0,0.0,5,0,7.6,30.05,0.253,50.0,6.33,12.45,558.79,5,0.6364,154.0
EMP049,2026-01-06,0,0,37,39,0,329,1,1,6,29.2,29.2,29.2,18.6,0.0,26.29,26.29,3.2,7.3,0.0,0.0,0.0,0.0,37.0,39.0,0.0,5,0,-4.4,30.05,-0.146,50.0,6.33,12.45,558.79,5,0.7386,164.5
EMP049,2026-01-07,0,0,47,43,0,250,1,1,7,30.5,30.5,30.5,22.0,0.0,24.17,24.17,2.9429,7.0857,0.0,0.0,0.0,0.0,47.0,43.0,0.0,5,0,5.6,30.05,0.186,50.0,6.33,12.45,558.79,5,0.716,125.0
EMP049,2026-01-08,0,0,39,32,0,257,1,1,8,32.86,32.86,32.86,25.0,0.0,23.11,23.11,3.6071,6.6786,0.0,0.0,0.0,0.0,39.0,32.0,0.0,5,0,-2.4,30.05,-0.08,50.0,6.33,12.45,558.79,5,0.716,128.5
EMP049,2026-01-09,0,0,0,0,0,0,1,1,9,38.43,33.62,33.62,25.88,0.0,18.82,21.71,2.9167,5.0357,0.0,100.0,100.0,0.0,0.0,0.0,100.0,0,5,-41.4,30.05,-1.378,50.0,6.33,12.45,558.79,0,0.0,0.0
EMP049,2026-01-10,0,0,17,18,0,116,2,2,10,29.0,29.89,29.89,23.0,0.0,19.18,23.04,-0.2,1.8,0.0,43.12,21.74,0.0,17.0,18.0,0.0,5,0,-24.4,30.05,-0.812,50.0,6.33,12.45,558.79,5,0.7586,58.0
EMP049,2026-01-11,0,0,0,0,0,0,1,1,11,27.0,28.6,28.6,22.5,0.0,19.59,22.2,-0.8485,1.0364,0.0,100.0,100.0,0.0,0.0,0.0,100.0,0,5,-41.4,30.05,-1.378,50.0,6.33,12.45,558.79,0,0.0,0.0
EMP049,2026-01-12,0,0,54,30,0,283,2,2,12,27.0,26.0,26.0,20.45,0.0,19.59,22.7,-1.9364,-0.2455,0.0,0.0,0.0,0.0,54.0,30.0,0.0,5,0,12.6,30.05,0.419,50.0,6.33,12.45,558.79,5,0.7774,141.5
EMP049,2026-01-13,0,0,66,48,0,333,1,1,13,27.71,28.33,28.33,21.25,0.0,20.45,23.07,-0.4126,0.1783,0.0,0.0,0.0,0.0,66.0,48.0,0.0,5,0,24.6,30.05,0.819,50.0,6.33,12.45,558.79,5,0.7568,166.5
EMP049,2026-01-14,0,0,54,30,0,275,1,1,14,31.86,31.23,31.23,23.31,0.0,24.46,24.33,0.9176,1.022,0.0,0.0,0.0,0.0,54.0,30.0,0.0,5,0,12.6,30.05,0.419,50.0,6.33,12.45,558.79,5,0.7127,137.5
EMP049,2026-01-15,0,0,41,43,0,258,1,1,15,32.86,32.86,32.86,23.79,0.0,25.19,24.17,1.3846,1.0088,0.0,0.0,0.0,0.0,41.0,43.0,0.0,5,0,-0.4,30.05,-0.013,50.0,6.33,12.45,558.79,5,0.6899,129.0
EMP049,2026-01-16,0,0,44,25,0,274,1,1,16,33.14,35.79,33.4,25.07,0.0,25.27,23.44,1.3286,1.3,0.0,0.0,0.28,0.0,44.0,25.0,0.0,5,0,2.6,30.05,0.087,50.0,6.33,12.45,558.79,5,0.6131,137.0
EMP049,2026-01-17,0,0,15,17,0,116,1,1,17,39.43,34.21,34.06,25.06,0.0,21.42,22.84,1.3279,1.0691,0.0,55.96,32.16,0.0,15.0,17.0,0.0,5,0,-26.4,30.05,-0.879,50.0,6.33,12.45,558.79,5,0.7241,58.0
EMP049,2026-01-18,0,0,0,0,0,0,1,1,18,39.14,33.07,32.94,24.59,0.0,21.73,22.61,0.7328,0.7328,0.0,100.0,100.0,0.0,0.0,0.0,100.0,0,5,-41.4,30.05,-1.378,50.0,6.33,12.45,558.79,0,0.0,0.0
EMP049,2026-01-19,0,0,45,34,0,260,2,2,19,39.14,33.07,31.11,23.22,0.0,21.73,23.23,0.0392,0.1858,0.0,0.0,0.0,0.0,45.0,34.0,0.0,5,0,3.6,30.05,0.12,50.0,6.33,12.45,558.79,5,0.7269,130.0
EMP049,2026-01-20,0,0,83,33,0,299,1,1,20,37.86,32.79,31.84,23.79,0.0,21.07,22.82,0.2526,0.3281,0.0,0.0,0.0,0.0,83.0,33.0,0.0,5,0,41.6,30.05,1.384,50.0,6.33,12.45,558.79,5,0.7492,149.5
EMP049,2026-01-21,0,0,59,40,0,295,1,1,21,40.29,36.07,34.4,24.25,0.0,24.82,24.88,0.9474,0.4128,0.0,0.0,0.0,0.0,59.0,40.0,0.0,5,0,17.6,30.05,0.586,50.0,6.33,12.45,558.79,5,0.6949,147.5
EMP049,2026-01-22,0,0,39,26,0,252,1,1,22,41.0,36.93,35.57,25.0,0.0,25.27,24.84,1.1377,0.561,0.0,0.0,0.0,0.0,39.0,26.0,0.0,5,0,-2.4,30.05,-0.08,50.0,6.33,12.45,558.79,5,0.7262,126.0
EMP049,2026-01-23,0,0,75,50,0,323,1,1,23,40.71,36.93,35.73,25.05,0.0,25.28,24.28,1.0299,0.4997,0.0,0.0,0.0,0.0,75.0,50.0,0.0,5,0,33.6,30.05,1.118,50.0,6.33,12.45,558.79,5,0.7678,161.5
EMP049,2026-01-24,0,0,15,19,0,99,1,1,24,45.14,42.29,37.43,26.13,0.0,28.03,25.06,1.3281,0.7085,0.0,59.93,27.29,0.0,15.0,19.0,0.0,5,0,-26.4,30.05,-0.879,50.0,6.33,12.45,558.79,5,0.7576,49.5
EMP049,2026-01-25,0,0,0,0,0,0,1,1,25,45.14,42.14,36.5,25.83,0.0,28.03,24.94,0.9443,0.5522,0.0,100.0,100.0,0.0,0.0,0.0,100.0,0,5,-41.4,30.05,-1.378,50.0,6.33,12.45,558.79,0,0.0,0.0
EMP049,2026-01-26,0,0,0,0,0,0,2,2,26,45.14,42.14,35.04,24.8,0.0,28.03,25.46,0.4985,0.25,0.0,100.0,100.0,0.0,0.0,0.0,100.0,0,5,-41.4,30.05,-1.378,50.0,6.33,12.45,558.79,0,0.0,0.0
EMP049,2026-01-27,0,0,74,43,0,321,3,3,27,38.71,38.29,33.69,23.85,0.0,32.18,25.86,0.1436,0.0103,0.0,0.0,0.0,0.0,74.0,43.0,0.0,5,0,32.6,30.05,1.085,50.0,6.33,12.45,558.79,5,0.729,160.5
EMP049,2026-01-28,0,0,50,44,0,311,1,1,28,37.43,38.86,35.19,24.56,0.0,30.52,26.49,0.4481,0.1612,0.0,0.0,0.0,0.0,50.0,44.0,0.0,5,0,8.6,30.05,0.286,50.0,6.33,12.45,558.79,5,0.6817,155.5
EMP049,2026-01-29,0,0,97,59,0,379,1,1,29,36.14,38.57,35.71,25.25,0.0,29.77,26.16,0.5112,0.2882,0.0,0.0,0.0,0.0,97.0,59.0,0.0,5,0,55.6,30.05,1.85,50.0,6.33,12.45,558.79,5,0.7916,189.5
EMP049,2026-01-30,0,0,74,49,0,358,1,1,30,44.43,42.57,37.83,26.41,0.0,36.68,28.03,0.8828,0.4921,0.0,0.0,0.0,0.0,74.0,49.0,0.0,5,0,32.6,30.05,1.085,50.0,6.33,12.45,558.79,5,0.7458,179.0
EMP049,2026-01-31,0,0,17,23,0,118,1,1,31,44.29,44.71,39.03,27.17,0.0,36.56,28.32,1.0307,0.5902,0.0,56.44,15.35,0.0,17.0,23.0,0.0,5,0,-24.4,30.05,-0.812,50.0,6.33,12.45,558.79,5,0.678,59.0
EMP049,2026-02-01,0,0,0,0,0,0,1,1,32,44.57,44.86,39.6,27.93,0.0,36.34,27.69,0.6194,0.376,0.0,100.0,100.0,0.0,0.0,0.0,100.0,0,5,-41.4,30.05,-1.378,50.0,6.33,12.45,558.79,0,0.0,0.0
EMP049,2026-02-02,0,0,97,45,0,387,2,2,33,44.57,44.86,37.4,27.03,0.0,36.34,28.13,0.5459,0.1893,0.0,0.0,0.0,0.0,97.0,45.0,0.0,5,0,55.6,30.05,1.85,50.0,6.33,12.45,558.79,5,0.6718,193.5
EMP049,2026-02-03,0,0,63,58,0,365,1,1,34,58.43,48.57,39.6,28.0,0.0,35.18,30.06,0.8863,0.2291,0.0,0.0,0.0,0.0,63.0,58.0,0.0,5,0,21.6,30.05,0.719,50.0,6.33,12.45,558.79,5,0.7562,182.5
EMP049,2026-02-04,0,0,39,43,0,260,1,1,35,56.86,47.14,41.7,29.93,0.0,34.69,29.41,0.7642,0.2296,0.0,6.47,0.0,0.0,39.0,43.0,0.0,5,0,-2.4,30.05,-0.08,50.0,6.33,12.45,558.79,5,0.7077,130.0
EMP049,2026-02-05,0,0,59,42,0,336,1,1,36,55.29,45.71,41.37,29.7,0.0,35.21,29.38,0.7971,0.4523,0.0,0.0,0.0,0.0,59.0,42.0,0.0,5,0,17.6,30.05,0.586,50.0,6.33,12.45,558.79,5,0.7024,168.0
EMP049,2026-02-06,0,0,69,35,0,301,1,1,37,49.86,47.14,42.1,29.8,0.0,31.04,29.54,0.8808,0.5958,0.0,0.0,0.0,0.0,69.0,35.0,0.0,5,0,27.6,30.05,0.918,50.0,6.33,12.45,558.79,5,0.7043,150.5
EMP049,2026-02-07,0,0,28,18,0,114,1,1,38,49.14,46.71,42.83,29.53,0.0,30.53,29.92,1.0881,0.7204,0.0,34.63,39.05,0.0,28.0,18.0,0.0,5,0,-13.4,30.05,-0.446,50.0,6.33,12.45,558.79,5,0.7368,57.0
EMP049,2026-02-08,0,0,0,0,0,0,1,1,39,50.71,47.64,42.47,29.07,0.0,29.08,30.03,0.966,0.663,0.0,100.0,100.0,0.0,0.0,0.0,100.0,0,5,-41.4,30.05,-1.378,50.0,6.33,12.45,558.79,0,0.0,0.0
EMP049,2026-02-09,0,0,39,27,0,181,2,2,40,50.71,47.64,42.47,29.07,0.0,29.08,30.03,0.3991,0.275,0.0,8.17,7.12,0.0,39.0,27.0,0.0,5,0,-2.4,30.05,-0.08,50.0,6.33,12.45,558.79,5,0.7624,90.5
EMP049,2026-02-10,0,0,60,51,0,342,1,1,41,42.43,50.43,43.2,29.37,0.0,22.15,29.67,0.2011,0.1853,0.0,0.0,0.0,0.0,60.0,51.0,0.0,5,0,18.6,30.05,0.619,50.0,6.33,12.45,558.79,5,0.693,171.0
EMP049,2026-02-11,0,0,40,43,0,286,1,1,42,42.0,49.43,45.2,31.07,0.0,21.78,28.69,0.0116,0.1224,0.0,11.5,0.0,0.0,40.0,43.0,0.0,5,0,-1.4,30.05,-0.047,50.0,6.33,12.45,558.79,5,0.7098,143.0
EMP049,2026-02-12,0,0,63,51,0,304,1,1,43,42.14,48.71,44.73,31.5,0.0,21.76,28.66,0.0387,0.192,0.0,0.0,0.0,0.0,63.0,51.0,0.0,5,0,21.6,30.05,0.719,50.0,6.33,12.45,558.79,5,0.7105,152.0
EMP049,2026-02-13,0,0,67,30,0,282,1,1,44,42.71,46.29,44.63,31.6,0.0,22.24,28.59,0.3032,0.4316,0.0,0.0,5.06,0.0,67.0,30.0,0.0,5,0,25.6,30.05,0.852,50.0,6.33,12.45,558.79,5,0.734,141.0
EMP049,2026-02-14,0,0,21,14,0,97,1,1,45,42.43,45.79,45.07,31.6,0.0,21.91,28.83,0.5121,0.4102,0.0,53.41,55.7,0.0,21.0,14.0,0.0,5,0,-20.4,30.05,-0.679,50.0,6.33,12.45,558.79,5,0.701,48.5
EMP049,2026-02-15,0,0,0,0,0,0,1,1,46,41.43,46.07,44.4,30.63,0.0,22.7,29.14,0.3288,0.3753,0.0,100.0,100.0,0.0,0.0,0.0,100.0,0,5,-41.4,30.05,-1.378,50.0,6.33,12.45,558.79,0,0.0,0.0
EMP049,2026-02-16,0,0,60,24,0,282,2,2,47,41.43,46.07,42.93,29.8,0.0,22.7,30.21,0.0396,0.1388,0.0,0.0,19.46,0.0,60.0,24.0,0.0,5,0,18.6,30.05,0.619,50.0,6.33,12.45,558.79,5,0.7128,141.0
EMP049,2026-02-17,0,0,5,3,0,24,1,1,48,44.43,43.43,44.43,30.03,0.0,23.55,29.91,-0.0429,0.0131,0.0,88.75,90.01,0.0,5.0,3.0,0.0,5,0,-36.4,30.05,-1.211,50.0,6.33,12.45,558.79,5,0.75,12.0
EMP049,2026-02-18,0,0,51,35,0,299,1,1,49,36.57,39.29,44.6,30.13,0.0,26.08,29.67,-0.6038,-0.3684,0.0,0.0,0.0,0.0,51.0,35.0,0.0,5,0,9.6,30.05,0.319,50.0,6.33,12.45,558.79,5,0.7258,149.5
EMP049,2026-02-19,0,0,71,47,0,301,1,1,50,38.14,40.14,44.8,30.17,0.0,26.57,29.69,-0.5597,-0.3103,0.0,0.0,0.0,0.0,71.0,47.0,0.0,5,0,29.6,30.05,0.985,50.0,6.33,12.45,558.79,5,0.7409,150.5
EMP049,2026-02-20,0,0,59,43,0,253,1,1,51,39.29,41.0,44.4,30.63,0.0,27.76,29.25,-0.1273,-0.1822,0.0,0.0,0.0,0.0,59.0,43.0,0.0,5,0,17.6,30.05,0.586,50.0,6.33,12.45,558.79,5,0.7352,126.5
EMP049,2026-02-21,0,0,17,15,0,105,1,1,52,38.14,40.29,44.4,30.73,0.0,26.74,29.25,0.0676,-0.0378,0.0,61.71,51.19,0.0,17.0,15.0,0.0,5,0,-24.4,30.05,-0.812,50.0,6.33,12.45,558.79,5,0.6286,52.5
EMP049,2026-02-22,0,0,0,0,0,0,1,1,53,37.57,39.5,43.67,30.37,0.0,27.14,29.65,-0.1464,-0.172,0.0,100.0,100.0,0.0,0.0,0.0,100.0,0,5,-41.4,30.05,-1.378,50.0,6.33,12.45,558.79,0,0.0,0.0
EMP049,2026-02-23,0,0,69,45,0,344,2,2,54,37.57,39.5,41.17,28.7,0.0,27.14,30.06,-0.212,-0.2325,0.0,0.0,0.0,0.0,69.0,45.0,0.0,5,0,27.6,30.05,0.918,50.0,6.33,12.45,558.79,5,0.6977,172.0
EMP049,2026-02-24,0,0,46,39,0,329,1,1,55,38.86,41.64,42.97,29.57,0.0,28.36,30.06,-0.2129,-0.1942,0.0,0.0,0.0,0.0,46.0,39.0,0.0,5,0,4.6,30.05,0.153,50.0,6.33,12.45,558.79,5,0.7264,164.5
EMP049,2026-02-25,0,0,41,40,0,271,1,1,56,44.71,40.64,44.5,30.87,0.0,24.77,28.98,-0.4897,-0.3373,0.0,7.87,0.0,0.0,41.0,40.0,0.0,5,0,-0.4,30.05,-0.013,50.0,6.33,12.45,558.79,5,0.6199,135.5
EMP049,2026-02-26,0,0,65,52,0,320,1,1,57,43.29,40.71,45.87,32.2,0.0,24.65,27.8,-0.8191,-0.4912,0.0,0.0,0.0,0.0,65.0,52.0,0.0,5,0,23.6,30.05,0.785,50.0,6.33,12.45,558.79,5,0.6813,160.0
EMP049,2026-02-27,0,0,46,49,0,316,1,1,58,42.43,40.86,45.57,32.5,0.0,23.76,27.54,-0.5017,-0.289,0.0,0.0,0.0,0.0,46.0,49.0,0.0,5,0,4.6,30.05,0.153,50.0,6.33,12.45,558.79,5,0.6899,158.0
EMP049,2026-02-28,0,0,24,11,0,130,1,1,59,40.57,39.36,45.43,32.67,0.0,22.88,27.53,-0.4683,-0.1032,0.0,47.17,66.33,0.0,24.0,11.0,0.0,5,0,-17.4,30.05,-0.579,50.0,6.33,12.45,558.79,5,0.6923,65.0
EMP049,2026-03-01,0,0,0,0,0,0,1,1,60,41.57,39.57,43.0,31.07,0.0,21.97,26.05,-0.2509,-0.0614,0.0,100.0,100.0,0.0,0.0,0.0,100.0,0,5,-41.4,30.05,-1.378,50.0,6.33,12.45,558.79,0,0.0,0.0
EMP049,2026-03-02,0,0,0,0,0,0,2,2,61,41.57,39.57,40.53,29.43,0.0,21.97,26.49,-0.3146,-0.1382,0.0,100.0,100.0,0.0,0.0,0.0,100.0,0,5,-41.4,30.05,-1.378,50.0,6.33,12.45,558.79,0,0.0,0.0
EMP049,2026-03-03,0,0,3,2,0,19,3,3,62,31.71,35.29,39.97,28.67,0.0,22.91,27.16,-0.7384,-0.3724,0.0,92.49,93.02,0.0,3.0,2.0,0.0,5,0,-38.4,30.05,-1.278,50.0,6.33,12.45,558.79,5,0.7895,9.5
EMP049,2026-03-04,0,0,60,25,0,278,1,1,63,25.57,35.14,40.07,28.73,0.0,23.99,27.02,-1.2525,-0.7422,0.0,0.0,12.98,0.0,60.0,25.0,0.0,5,0,18.6,30.05,0.619,50.0,6.33,12.45,558.79,5,0.7158,139.0
EMP049,2026-03-05,0,0,44,41,0,314,1,1,64,28.29,35.79,38.83,28.07,0.0,26.53,25.18,-0.7313,-0.6541,0.0,0.0,0.0,0.0,44.0,41.0,0.0,5,0,2.6,30.05,0.087,50.0,6.33,12.45,558.79,5,0.758,157.0
EMP049,2026-03-06,0,0,65,51,0,307,1,1,65,25.29,33.86,38.2,27.5,0.0,23.18,24.8,-0.5313,-0.3642,0.0,0.0,0.0,0.0,65.0,51.0,0.0,5,0,23.6,30.05,0.785,50.0,6.33,12.45,558.79,5,0.7101,153.5
EMP049,2026-03-07,0,0,14,12,0,60,1,1,66,28.0,34.29,39.07,27.77,0.0,26.34,25.26,-0.3528,-0.1057,0.0,64.17,56.79,0.0,14.0,12.0,0.0,5,0,-27.4,30.05,-0.912,50.0,6.33,12.45,558.79,5,0.7667,30.0
EMP049,2026-03-08,0,0,0,0,0,0,1,1,67,26.57,34.07,37.57,26.77,0.0,26.79,25.37,-0.3771,-0.1092,0.0,100.0,100.0,0.0,0.0,0.0,100.0,0,5,-41.4,30.05,-1.378,50.0,6.33,12.45,558.79,0,0.0,0.0
EMP049,2026-03-09,0,0,1,1,0,9,2,2,68,26.57,34.07,35.27,25.6,0.0,26.79,25.54,-0.4027,-0.2251,0.0,97.16,96.09,0.0,1.0,1.0,0.0,5,0,-40.4,30.05,-1.344,50.0,6.33,12.45,558.79,5,0.7778,4.5
EMP049,2026-03-10,0,0,44,51,0,291,1,1,69,26.71,29.21,34.37,25.03,0.0,26.65,26.25,-0.6739,-0.4363,0.0,0.0,0.0,0.0,44.0,51.0,0.0,5,0,2.6,30.05,0.087,50.0,6.33,12.45,558.79,5,0.7388,145.5
EMP049,2026-03-11,0,0,54,36,0,241,1,1,70,32.57,29.07,35.83,26.73,0.0,25.26,25.5,-0.8487,-0.4414,0.0,0.0,0.0,0.0,54.0,36.0,0.0,5,0,12.6,30.05,0.419,50.0,6.33,12.45,558.79,5,0.7427,120.5
EMP049,2026-03-12,0,0,32,17,0,174,1,1,71,31.71,30.0,36.33,27.03,0.0,24.41,25.71,-0.7097,-0.3798,0.0,11.92,37.11,0.0,32.0,17.0,0.0,5,0,-9.4,30.05,-0.313,50.0,6.33,12.45,558.79,5,0.6437,87.0
EMP049,2026-03-13,0,0,51,42,0,279,1,1,72,30.0,27.64,35.4,25.9,0.0,23.9,25.34,-0.5744,-0.2792,0.0,0.0,0.0,0.0,51.0,42.0,0.0,5,0,9.6,30.05,0.319,50.0,6.33,12.45,558.79,5,0.7276,139.5
EMP049,2026-03-14,0,0,14,11,0,97,1,1,73,28.0,28.0,35.77,25.87,0.0,21.33,25.48,-0.442,-0.0574,0.0,60.86,57.48,0.0,14.0,11.0,0.0,5,0,-27.4,30.05,-0.912,50.0,6.33,12.45,558.79,5,0.6701,48.5
EMP049,2026-03-15,0,0,0,0,0,0,1,1,74,28.0,27.29,34.13,24.53,0.0,21.33,25.25,-0.3947,0.02,0.0,100.0,100.0,0.0,0.0,0.0,100.0,0,5,-41.4,30.05,-1.378,50.0,6.33,12.45,558.79,0,0.0,0.0
EMP049,2026-03-16,0,0,62,32,0,281,2,2,75,28.0,27.29,31.9,23.53,0.0,21.33,25.21,-0.3882,-0.1006,0.0,0.0,0.0,0.0,62.0,32.0,0.0,5,0,20.6,30.05,0.686,50.0,6.33,12.45,558.79,5,0.6833,140.5
EMP049,2026-03-17,0,0,39,30,0,312,1,1,76,36.71,31.71,33.27,24.13,0.0,20.98,25.69,-0.2692,-0.1117,0.0,0.0,0.0,0.0,39.0,30.0,0.0,5,0,-2.4,30.05,-0.08,50.0,6.33,12.45,558.79,5,0.6891,156.0
EMP049,2026-03-18,0,0,64,47,0,317,1,1,77,36.0,34.29,34.57,25.13,0.0,20.81,24.95,-0.4616,-0.2403,0.0,0.0,0.0,0.0,64.0,47.0,0.0,5,0,22.6,30.05,0.752,50.0,6.33,12.45,558.79,5,0.7918,158.5
EMP049,2026-03-19,0,0,61,39,0,317,1,1,78,37.43,34.57,34.7,25.9,0.0,22.28,25.09,-0.0963,-0.107,0.0,0.0,0.0,0.0,61.0,39.0,0.0,5,0,19.6,30.05,0.652,50.0,6.33,12.45,558.79,5,0.7666,158.5
EMP049,2026-03-20,0,0,59,54,0,297,1,1,79,41.57,35.79,36.57,27.1,0.0,23.55,24.9,-0.1315,-0.1804,0.0,0.0,0.0,0.0,59.0,54.0,0.0,5,0,17.6,30.05,0.586,50.0,6.33,12.45,558.79,5,0.7576,148.5
EMP049,2026-03-21,0,0,26,17,0,110,1,1,80,42.71,35.36,36.83,27.73,0.0,24.16,25.09,0.1128,0.0476,0.0,29.41,38.69,0.0,26.0,17.0,0.0,5,0,-15.4,30.05,-0.512,50.0,6.33,12.45,558.79,5,0.7727,55.0
EMP049,2026-03-22,0,0,0,0,0,0,1,1,81,44.43,36.21,35.33,26.73,0.0,22.43,24.34,0.2785,0.1112,0.0,100.0,100.0,0.0,0.0,0.0,100.0,0,5,-41.4,30.05,-1.378,50.0,6.33,12.45,558.79,0,0.0,0.0
EMP049,2026-03-23,0,0,70,44,0,282,2,2,82,44.43,36.21,33.37,25.3,0.0,22.43,24.73,0.2138,0.0509,0.0,0.0,0.0,0.0,70.0,44.0,0.0,5,0,28.6,30.05,0.952,50.0,6.33,12.45,558.79,5,0.7163,141.0
EMP049,2026-03-24,0,0,71,62,0,337,1,1,83,45.57,41.14,35.13,26.27,0.0,23.48,25.38,0.3373,0.1006,0.0,0.0,0.0,0.0,71.0,62.0,0.0,5,0,29.6,30.05,0.985,50.0,6.33,12.45,558.79,5,0.7389,168.5
EMP049,2026-03-25,0,0,121,65,0,473,1,1,84,50.14,43.07,37.5,28.33,0.0,24.83,25.3,0.3264,0.1499,0.0,0.0,0.0,0.0,121.0,65.0,0.0,5,0,79.6,30.05,2.649,50.0,6.33,12.45,558.79,5,0.8034,236.5
EMP049,2026-03-26,0,0,77,49,0,347,1,1,85,58.29,47.86,39.23,29.0,0.0,35.21,28.92,1.0823,0.5014,0.0,0.0,0.0,0.0,77.0,49.0,0.0,5,0,35.6,30.05,1.185,50.0,6.33,12.45,558.79,5,0.683,173.5
EMP049,2026-03-27,0,0,88,108,0,416,1,1,86,60.57,51.07,40.27,29.33,0.0,35.83,29.69,1.3726,0.6994,0.0,0.0,0.0,0.0,88.0,108.0,0.0,5,0,46.6,30.05,1.551,50.0,6.33,12.45,558.79,5,0.7692,208.0
EMP049,2026-03-28,0,0,22,23,0,149,1,1,87,64.71,53.71,41.83,31.6,0.0,37.06,30.9,1.6857,1.2805,0.0,47.41,27.22,0.0,22.0,23.0,0.0,5,0,-19.4,30.05,-0.646,50.0,6.33,12.45,558.79,5,0.745,74.5
EMP049,2026-03-29,0,0,0,0,0,0,1,1,88,64.14,54.29,40.4,30.63,0.0,37.68,30.79,1.7175,1.3657,0.0,100.0,100.0,0.0,0.0,0.0,100.0,0,5,-41.4,30.05,-1.378,50.0,6.33,12.45,558.79,0,0.0,0.0
EMP049,2026-03-30,0,0,124,54,0,435,2,2,89,64.14,54.29,38.87,29.0,0.0,37.68,31.61,1.4954,1.2948,0.0,0.0,0.0,0.0,124.0,54.0,0.0,5,0,82.6,30.05,2.749,50.0,6.33,12.45,558.79,5,0.7816,217.5
EMP049,2026-03-31,0,0,73,66,0,414,1,1,90,71.86,58.71,42.2,30.43,0.0,43.21,34.96,1.9422,1.3319,0.0,0.0,0.0,0.0,73.0,66.0,0.0,5,0,31.6,30.05,1.052,50.0,6.33,12.45,558.79,5,0.6836,207.0
EMP050,2026-01-01,0,0,0,0,0,0,1,1,1,0.0,0.0,0.0,0.0,0.0,0.0,0.0,0.0,0.0,0.0,0.0,0.0,0.0,0.0,0.0,100.0,0,5,-33.77,24.04,-1.405,50.0,7.21,8.34,511.53,0,0.0,0.0
EMP050,2026-01-02,0,0,40,46,0,314,2,2,2,0.0,0.0,0.0,0.0,0.0,0.0,0.0,0.0,0.0,0.0,0.0,0.0,0.0,40.0,46.0,0.0,5,0,6.23,24.04,0.259,50.0,7.21,8.34,511.53,5,0.6815,157.0
EMP050,2026-01-03,0,0,26,13,0,118,1,1,3,20.0,20.0,20.0,23.0,0.0,20.0,20.0,0.0,0.0,0.0,0.0,43.48,0.0,26.0,13.0,0.0,5,0,-7.77,24.04,-0.323,50.0,7.21,8.34,511.53,5,0.7288,59.0
EMP050,2026-01-04,0,0,0,0,0,0,1,1,4,22.0,22.0,22.0,19.67,0.0,16.57,16.57,13.0,6.5,0.0,100.0,100.0,0.0,0.0,0.0,100.0,0,5,-33.77,24.04,-1.405,50.0,7.21,8.34,511.53,0,0.0,0.0
EMP050,2026-01-05,0,0,41,42,0,277,2,2,5,16.5,16.5,16.5,14.75,0.0,17.23,17.23,-1.4,-3.3,0.0,0.0,0.0,0.0,41.0,42.0,0.0,5,0,7.23,24.04,0.301,50.0,7.21,8.34,511.53,5,0.6282,138.5
EMP050,2026-01-06,0,0,56,25,0,251,1,1,6,21.4,21.4,21.4,20.2,0.0,18.26,18.26,4.2,3.8,0.0,0.0,0.0,0.0,56.0,25.0,0.0,5,0,22.23,24.04,0.925,50.0,7.21,8.34,511.53,5,0.7371,125.5
EMP050,2026-01-07,0,0,39,32,0,229,1,1,7,27.17,27.17,27.17,21.0,0.0,21.07,21.07,7.3429,2.8571,0.0,0.0,0.0,0.0,39.0,32.0,0.0,5,0,5.23,24.04,0.218,50.0,7.21,8.34,511.53,5,0.6812,114.5
EMP050,2026-01-08,0,0,32,30,0,240,1,1,8,28.86,28.86,28.86,22.57,0.0,19.95,19.95,5.8571,2.9643,0.0,0.0,0.0,0.0,32.0,30.0,0.0,5,0,-1.77,24.04,-0.074,50.0,7.21,8.34,511.53,5,0.7167,120.0
EMP050,2026-01-09,0,0,71,40,0,257,1,1,9,33.43,29.25,29.25,23.5,0.0,16.11,18.69,4.1667,2.5952,0.0,0.0,0.0,0.0,71.0,40.0,0.0,5,0,37.23,24.04,1.549,50.0,7.21,8.34,511.53,5,0.7354,128.5
EMP050,2026-01-10,0,0,23,16,0,105,1,1,10,37.86,33.89,33.89,25.33,0.0,20.86,21.97,5.7,2.9167,0.0,32.13,36.83,0.0,23.0,16.0,0.0,5,0,-10.77,24.04,-0.448,50.0,7.21,8.34,511.53,5,0.819,52.5
EMP050,2026-01-11,0,0,0,0,0,0,1,1,11,37.43,32.8,32.8,24.4,0.0,21.13,21.09,3.5515,1.6121,0.0,100.0,100.0,0.0,0.0,0.0,100.0,0,5,-33.77,24.04,-1.405,50.0,7.21,8.34,511.53,0,0.0,0.0
EMP050,2026-01-12,0,0,41,31,0,272,2,2,12,37.43,29.82,29.82,22.18,0.0,21.13,22.21,1.1727,0.1,0.0,0.0,0.0,0.0,41.0,31.0,0.0,5,0,7.23,24.04,0.301,50.0,7.21,8.34,511.53,5,0.7243,136.0
EMP050,2026-01-13,0,0,55,30,0,217,1,1,13,37.43,30.75,30.75,22.92,0.0,21.13,21.49,1.3322,0.4161,0.0,0.0,0.0,0.0,55.0,30.0,0.0,5,0,21.23,24.04,0.883,50.0,7.21,8.34,511.53,5,0.7281,108.5
EMP050,2026-01-14,0,0,50,27,0,231,1,1,14,37.29,32.62,32.62,23.46,0.0,21.01,21.64,1.8462,0.5604,0.0,0.0,0.0,0.0,50.0,27.0,0.0,5,0,16.23,24.04,0.675,50.0,7.21,8.34,511.53,5,0.7316,115.5
EMP050,2026-01-15,0,0,31,35,0,225,1,1,15,38.86,33.86,33.86,23.71,0.0,21.48,21.32,1.9736,0.5495,0.0,8.45,0.0,0.0,31.0,35.0,0.0,5,0,-2.77,24.04,-0.115,50.0,7.21,8.34,511.53,5,0.6622,112.5
EMP050,2026-01-16,0,0,52,19,0,209,1,1,16,38.71,36.07,33.67,24.47,0.0,21.53,20.61,1.5321,0.7286,0.0,0.0,22.35,0.0,52.0,19.0,0.0,5,0,18.23,24.04,0.758,50.0,7.21,8.34,511.53,5,0.6746,104.5
EMP050,2026-01-17,0,0,23,15,0,97,1,1,17,36.0,36.93,34.81,24.12,0.0,18.24,20.45,1.6662,0.4794,0.0,33.93,37.81,0.0,23.0,15.0,0.0,5,0,-10.77,24.04,-0.448,50.0,7.21,8.34,511.53,5,0.7629,48.5
EMP050,2026-01-18,0,0,0,0,0,0,1,1,18,36.0,36.71,34.12,23.59,0.0,18.24,20.03,1.1569,0.2206,0.0,100.0,100.0,0.0,0.0,0.0,100.0,0,5,-33.77,24.04,-1.405,50.0,7.21,8.34,511.53,0,0.0,0.0
EMP050,2026-01-19,0,0,49,27,0,233,2,2,19,36.0,36.71,32.22,22.28,0.0,18.24,20.97,0.3756,-0.2281,0.0,0.0,0.0,0.0,49.0,27.0,0.0,5,0,15.23,24.04,0.634,50.0,7.21,8.34,511.53,5,0.6695,116.5
EMP050,2026-01-20,0,0,44,44,0,253,1,1,20,37.14,37.29,33.11,22.53,0.0,18.76,20.76,0.5842,-0.1193,0.0,0.0,0.0,0.0,44.0,44.0,0.0,5,0,10.23,24.04,0.426,50.0,7.21,8.34,511.53,5,0.7273,126.5
EMP050,2026-01-21,0,0,37,30,0,205,1,1,21,35.57,36.43,33.65,23.6,0.0,17.62,20.37,0.6564,0.2045,0.0,0.0,0.0,0.0,37.0,30.0,0.0,5,0,3.23,24.04,0.134,50.0,7.21,8.34,511.53,5,0.7512,102.5
EMP050,2026-01-22,0,0,31,33,0,246,1,1,22,33.71,36.29,33.81,23.9,0.0,16.66,19.89,0.6104,0.2597,0.0,8.31,0.0,0.0,31.0,33.0,0.0,5,0,-2.77,24.04,-0.115,50.0,7.21,8.34,511.53,5,0.6911,123.0
EMP050,2026-01-23,0,0,48,29,0,241,1,1,23,33.71,36.21,33.68,24.32,0.0,16.66,19.44,0.4975,0.3337,0.0,0.0,0.0,0.0,48.0,29.0,0.0,5,0,14.23,24.04,0.592,50.0,7.21,8.34,511.53,5,0.7012,120.5
EMP050,2026-01-24,0,0,12,7,0,85,1,1,24,33.14,34.57,34.3,24.52,0.0,16.08,19.24,0.5909,0.3429,0.0,65.01,71.45,0.0,12.0,7.0,0.0,5,0,-21.77,24.04,-0.906,50.0,7.21,8.34,511.53,5,0.6706,42.5
EMP050,2026-01-25,0,0,0,0,0,0,1,1,25,31.57,33.79,33.38,23.79,0.0,17.48,19.35,0.297,0.1265,0.0,100.0,100.0,0.0,0.0,0.0,100.0,0,5,-33.77,24.04,-1.405,50.0,7.21,8.34,511.53,0,0.0,0.0
EMP050,2026-01-26,0,0,0,0,0,0,2,2,26,31.57,33.79,32.04,22.84,0.0,17.48,20.06,-0.0454,-0.1077,0.0,100.0,100.0,0.0,0.0,0.0,100.0,0,5,-33.77,24.04,-1.405,50.0,7.21,8.34,511.53,0,0.0,0.0
EMP050,2026-01-27,0,0,40,29,0,307,3,3,27,24.57,30.86,30.81,21.96,0.0,18.85,20.61,-0.3142,-0.2909,0.0,0.0,0.0,0.0,40.0,29.0,0.0,5,0,6.23,24.04,0.259,50.0,7.21,8.34,511.53,5,0.7264,153.5
EMP050,2026-01-28,0,0,39,28,0,210,1,1,28,24.0,29.79,31.15,22.22,0.0,18.31,20.3,-0.2076,-0.2039,0.0,0.0,0.0,0.0,39.0,28.0,0.0,5,0,5.23,24.04,0.218,50.0,7.21,8.34,511.53,5,0.6476,105.0
EMP050,2026-01-29,0,0,0,0,0,0,1,1,29,24.29,29.0,31.43,22.43,0.0,18.52,19.99,-0.1281,-0.1401,0.0,100.0,100.0,0.0,0.0,0.0,100.0,0,5,-33.77,24.04,-1.405,50.0,7.21,8.34,511.53,0,0.0,0.0
EMP050,2026-01-30,0,0,25,18,0,125,2,2,30,19.86,26.79,30.34,21.66,0.0,20.03,20.46,-0.332,-0.2808,0.0,17.6,16.9,0.0,25.0,18.0,0.0,5,0,-8.77,24.04,-0.365,50.0,7.21,8.34,511.53,5,0.712,62.5
EMP050,2026-01-31,0,0,18,12,0,115,1,1,31,16.57,24.86,30.17,21.53,0.0,16.77,20.14,-0.3344,-0.2772,0.0,40.34,44.26,0.0,18.0,12.0,0.0,5,0,-15.77,24.04,-0.656,50.0,7.21,8.34,511.53,5,0.6957,57.5
EMP050,2026-02-01,0,0,0,0,0,0,1,1,32,17.43,24.5,30.77,21.93,0.0,16.66,19.49,-0.6209,-0.4872,0.0,100.0,100.0,0.0,0.0,0.0,100.0,0,5,-33.77,24.04,-1.405,50.0,7.21,8.34,511.53,0,0.0,0.0
EMP050,2026-02-02,0,0,6,3,0,27,2,2,33,17.43,24.5,29.43,20.4,0.0,16.66,20.17,-0.7557,-0.4627,0.0,79.61,85.29,0.0,6.0,3.0,0.0,5,0,-27.77,24.04,-1.155,50.0,7.21,8.34,511.53,5,0.7407,13.5
EMP050,2026-02-03,0,0,4,3,0,22,1,1,34,18.29,21.43,28.77,20.07,0.0,15.88,20.6,-0.9306,-0.626,0.0,86.1,85.05,0.0,4.0,3.0,0.0,5,0,-29.77,24.04,-1.238,50.0,7.21,8.34,511.53,5,0.7273,11.0
EMP050,2026-02-04,0,0,50,36,0,223,1,1,35,13.14,18.57,28.9,20.17,0.0,13.69,20.42,-1.2888,-0.8745,0.0,0.0,0.0,0.0,50.0,36.0,0.0,5,0,16.23,24.04,0.675,50.0,7.21,8.34,511.53,5,0.722,111.5
EMP050,2026-02-05,0,0,56,19,0,237,1,1,36,14.71,19.5,29.2,19.97,0.0,16.84,20.66,-1.0692,-0.6218,0.0,0.0,4.86,0.0,56.0,19.0,0.0,5,0,22.23,24.04,0.925,50.0,7.21,8.34,511.53,5,0.6371,118.5
EMP050,2026-02-06,0,0,25,26,0,169,1,1,37,22.71,21.29,29.2,19.77,0.0,20.79,20.66,-0.7115,-0.5933,0.0,14.38,0.0,0.0,25.0,26.0,0.0,5,0,-8.77,24.04,-0.365,50.0,7.21,8.34,511.53,5,0.7396,84.5
EMP050,2026-02-07,0,0,18,11,0,94,1,1,38,22.71,19.64,28.73,19.57,0.0,20.79,20.59,-0.671,-0.4687,0.0,37.35,43.79,0.0,18.0,11.0,0.0,5,0,-15.77,24.04,-0.656,50.0,7.21,8.34,511.53,5,0.7979,47.0
EMP050,2026-02-08,0,0,0,0,0,0,1,1,39,22.71,20.07,28.27,18.93,0.0,20.79,20.67,-0.7177,-0.4521,0.0,100.0,100.0,0.0,0.0,0.0,100.0,0,5,-33.77,24.04,-1.405,50.0,7.21,8.34,511.53,0,0.0,0.0
EMP050,2026-02-09,0,0,24,27,0,144,2,2,40,22.71,20.07,25.9,17.6,0.0,20.79,19.69,-0.6053,-0.4289,0.0,7.34,0.0,0.0,24.0,27.0,0.0,5,0,-9.77,24.04,-0.406,50.0,7.21,8.34,511.53,5,0.75,72.0
EMP050,2026-02-10,0,0,63,25,0,310,1,1,41,25.29,21.79,25.93,17.97,0.0,19.64,19.68,-0.6376,-0.3793,0.0,0.0,0.0,0.0,63.0,25.0,0.0,5,0,29.23,24.04,1.216,50.0,7.21,8.34,511.53,5,0.7,155.0
EMP050,2026-02-11,0,0,50,32,0,237,1,1,42,33.71,23.43,28.03,18.8,0.0,21.29,20.16,-0.5773,-0.4578,0.0,0.0,0.0,0.0,50.0,32.0,0.0,5,0,16.23,24.04,0.675,50.0,7.21,8.34,511.53,5,0.6878,118.5
EMP050,2026-02-12,0,0,46,20,0,243,1,1,43,33.71,24.21,28.33,18.83,0.0,21.29,20.41,-0.3462,-0.2885,0.0,0.0,0.0,0.0,46.0,20.0,0.0,5,0,12.23,24.04,0.509,50.0,7.21,8.34,511.53,5,0.7202,121.5
EMP050,2026-02-13,0,0,40,21,0,214,1,1,44,32.29,27.5,28.03,18.5,0.0,20.05,20.08,-0.0483,-0.204,0.0,0.0,0.0,0.0,40.0,21.0,0.0,5,0,6.23,24.04,0.259,50.0,7.21,8.34,511.53,5,0.6542,107.0
EMP050,2026-02-14,0,0,16,17,0,100,1,1,45,34.43,28.57,27.7,18.3,0.0,19.96,19.8,0.1804,-0.1293,0.0,42.24,7.1,0.0,16.0,17.0,0.0,5,0,-17.77,24.04,-0.739,50.0,7.21,8.34,511.53,5,0.72,50.0
EMP050,2026-02-15,0,0,0,0,0,0,1,1,46,34.14,28.43,27.2,17.7,0.0,20.2,19.9,0.1277,-0.0225,0.0,100.0,100.0,0.0,0.0,0.0,100.0,0,5,-33.77,24.04,-1.405,50.0,7.21,8.34,511.53,0,0.0,0.0
EMP050,2026-02-16,0,0,44,42,0,254,2,2,47,34.14,28.43,25.47,17.07,0.0,20.2,19.93,0.1232,-0.1277,0.0,0.0,0.0,0.0,44.0,42.0,0.0,5,0,10.23,24.04,0.426,50.0,7.21,8.34,511.53,5,0.8189,127.0
EMP050,2026-02-17,0,0,49,41,0,286,1,1,48,37.0,31.14,26.17,17.97,0.0,19.98,20.19,0.2258,0.0189,0.0,0.0,0.0,0.0,49.0,41.0,0.0,5,0,15.23,24.04,0.634,50.0,7.21,8.34,511.53,5,0.7028,143.0
EMP050,2026-02-18,0,0,40,50,0,264,1,1,49,35.0,34.36,27.8,19.33,0.0,17.86,19.99,0.1927,0.0436,0.0,0.0,0.0,0.0,40.0,50.0,0.0,5,0,6.23,24.04,0.259,50.0,7.21,8.34,511.53,5,0.7159,132.0
EMP050,2026-02-19,0,0,37,40,0,244,1,1,50,33.57,33.64,27.5,20.1,0.0,16.99,19.74,0.4176,0.2943,0.0,0.0,0.0,0.0,37.0,40.0,0.0,5,0,3.23,24.04,0.134,50.0,7.21,8.34,511.53,5,0.668,122.0
EMP050,2026-02-20,0,0,46,20,0,237,1,1,51,32.29,32.29,27.27,19.97,0.0,16.32,19.58,0.5927,0.5875,0.0,0.0,0.0,0.0,46.0,20.0,0.0,5,0,12.23,24.04,0.509,50.0,7.21,8.34,511.53,5,0.6414,118.5
EMP050,2026-02-21,0,0,13,5,0,60,1,1,52,33.14,33.79,27.57,19.63,0.0,16.86,19.8,0.7806,0.657,0.0,52.85,74.53,0.0,13.0,5.0,0.0,5,0,-20.77,24.04,-0.864,50.0,7.21,8.34,511.53,5,0.7667,30.0
EMP050,2026-02-22,0,0,0,0,0,0,1,1,53,32.71,33.43,26.97,18.7,0.0,17.32,19.96,0.7103,0.6547,0.0,100.0,100.0,0.0,0.0,0.0,100.0,0,5,-33.77,24.04,-1.405,50.0,7.21,8.34,511.53,0,0.0,0.0
EMP050,2026-02-23,0,0,35,30,0,230,2,2,54,32.71,33.43,25.37,17.73,0.0,17.32,20.13,0.6814,0.6051,0.0,0.0,0.0,0.0,35.0,30.0,0.0,5,0,1.23,24.04,0.051,50.0,7.21,8.34,511.53,5,0.6913,115.0
EMP050,2026-02-24,0,0,66,42,0,271,1,1,55,31.43,34.21,26.13,18.5,0.0,16.76,20.04,0.6514,0.6102,0.0,0.0,0.0,0.0,66.0,42.0,0.0,5,0,32.23,24.04,1.341,50.0,7.21,8.34,511.53,5,0.7196,135.5
EMP050,2026-02-25,0,0,58,27,0,269,1,1,56,33.86,34.43,28.33,19.9,0.0,20.04,20.67,0.7284,0.6343,0.0,0.0,0.0,0.0,58.0,27.0,0.0,5,0,24.23,24.04,1.008,50.0,7.21,8.34,511.53,5,0.6877,134.5
EMP050,2026-02-26,0,0,53,25,0,278,1,1,57,36.43,35.0,30.27,20.8,0.0,21.74,20.64,0.7244,0.5428,0.0,0.0,0.0,0.0,53.0,25.0,0.0,5,0,19.23,24.04,0.8,50.0,7.21,8.34,511.53,5,0.6439,139.0
EMP050,2026-02-27,0,0,46,36,0,294,1,1,58,38.71,35.5,30.7,20.67,0.0,22.51,20.97,0.9382,0.6265,0.0,0.0,0.0,0.0,46.0,36.0,0.0,5,0,12.23,24.04,0.509,50.0,7.21,8.34,511.53,5,0.7585,147.0
EMP050,2026-02-28,0,0,29,14,0,118,1,1,59,38.71,35.93,30.93,20.93,0.0,22.51,21.1,1.0941,0.776,0.0,6.24,33.11,0.0,29.0,14.0,0.0,5,0,-4.77,24.04,-0.198,50.0,7.21,8.34,511.53,5,0.7542,59.0
EMP050,2026-03-01,0,0,0,0,0,0,1,1,60,41.0,36.86,31.9,21.4,0.0,20.51,20.31,0.8683,0.5869,0.0,100.0,100.0,0.0,0.0,0.0,100.0,0,5,-33.77,24.04,-1.405,50.0,7.21,8.34,511.53,0,0.0,0.0
EMP050,2026-03-02,0,0,0,0,0,0,2,2,61,41.0,36.86,31.07,20.8,0.0,20.51,21.08,0.6149,0.4254,0.0,100.0,100.0,0.0,0.0,0.0,100.0,0,5,-33.77,24.04,-1.405,50.0,7.21,8.34,511.53,0,0.0,0.0
EMP050,2026-03-03,0,0,78,49,0,351,3,3,62,36.0,33.71,30.47,20.4,0.0,25.11,21.69,0.3244,0.2305,0.0,0.0,0.0,0.0,78.0,49.0,0.0,5,0,44.23,24.04,1.84,50.0,7.21,8.34,511.53,5,0.7179,175.5
EMP050,2026-03-04,0,0,34,29,0,253,1,1,63,37.71,35.79,33.07,22.03,0.0,27.41,22.54,0.4209,0.2743,0.0,0.0,0.0,0.0,34.0,29.0,0.0,5,0,0.23,24.04,0.01,50.0,7.21,8.34,511.53,5,0.6719,126.5
EMP050,2026-03-05,0,0,39,28,0,236,1,1,64,34.29,35.36,34.0,22.9,0.0,26.12,21.97,0.2403,0.188,0.0,0.0,0.0,0.0,39.0,28.0,0.0,5,0,5.23,24.04,0.218,50.0,7.21,8.34,511.53,5,0.7542,118.0
EMP050,2026-03-06,0,0,37,28,0,227,1,1,65,32.29,35.5,35.17,23.73,0.0,25.13,21.26,0.0656,0.0836,0.0,0.0,0.0,0.0,37.0,28.0,0.0,5,0,3.23,24.04,0.134,50.0,7.21,8.34,511.53,5,0.6432,113.5
EMP050,2026-03-07,0,0,14,14,0,98,1,1,66,31.0,34.86,34.73,23.47,0.0,24.62,21.09,0.1798,0.1958,0.0,59.69,40.35,0.0,14.0,14.0,0.0,5,0,-19.77,24.04,-0.822,50.0,7.21,8.34,511.53,5,0.6429,49.0
EMP050,2026-03-08,0,0,0,0,0,0,1,1,67,28.86,34.93,33.33,23.3,0.0,25.35,21.02,0.1927,0.1039,0.0,100.0,100.0,0.0,0.0,0.0,100.0,0,5,-33.77,24.04,-1.405,50.0,7.21,8.34,511.53,0,0.0,0.0
EMP050,2026-03-09,0,0,35,36,0,240,2,2,68,28.86,34.93,32.5,22.43,0.0,25.35,21.82,-0.0799,-0.0278,0.0,0.0,0.0,0.0,35.0,36.0,0.0,5,0,1.23,24.04,0.051,50.0,7.21,8.34,511.53,5,0.7792,120.0
EMP050,2026-03-10,0,0,69,23,0,291,1,1,69,33.86,34.93,33.07,23.27,0.0,22.45,21.65,-0.1637,-0.0191,0.0,0.0,1.16,0.0,69.0,23.0,0.0,5,0,35.23,24.04,1.465,50.0,7.21,8.34,511.53,5,0.7216,145.5
EMP050,2026-03-11,0,0,46,22,0,189,1,1,70,32.57,35.14,35.37,24.03,0.0,20.01,21.68,-0.16,-0.1813,0.0,0.0,8.45,0.0,46.0,22.0,0.0,5,0,12.23,24.04,0.509,50.0,7.21,8.34,511.53,5,0.7619,94.5
EMP050,2026-03-12,0,0,58,36,0,243,1,1,71,34.29,34.29,36.1,23.87,0.0,20.56,21.66,-0.1697,-0.174,0.0,0.0,0.0,0.0,58.0,36.0,0.0,5,0,24.23,24.04,1.008,50.0,7.21,8.34,511.53,5,0.7284,121.5
EMP050,2026-03-13,0,0,44,48,0,250,1,1,72,37.0,34.64,35.93,24.23,0.0,22.19,21.47,0.1571,-0.0879,0.0,0.0,0.0,0.0,44.0,48.0,0.0,5,0,10.23,24.04,0.426,50.0,7.21,8.34,511.53,5,0.772,125.0
EMP050,2026-03-14,0,0,15,13,0,87,1,1,73,38.0,34.5,35.73,24.77,0.0,22.33,21.37,0.3061,0.119,0.0,58.02,47.52,0.0,15.0,13.0,0.0,5,0,-18.77,24.04,-0.781,50.0,7.21,8.34,511.53,5,0.7126,43.5
EMP050,2026-03-15,0,0,0,0,0,0,1,1,74,38.14,33.5,34.7,24.53,0.0,22.18,21.59,0.2432,0.0102,0.0,100.0,100.0,0.0,0.0,0.0,100.0,0,5,-33.77,24.04,-1.405,50.0,7.21,8.34,511.53,0,0.0,0.0
EMP050,2026-03-16,0,0,44,41,0,258,2,2,75,38.14,33.5,33.37,23.83,0.0,22.18,22.44,0.0558,-0.1724,0.0,0.0,0.0,0.0,44.0,41.0,0.0,5,0,10.23,24.04,0.426,50.0,7.21,8.34,511.53,5,0.7481,129.0
EMP050,2026-03-17,0,0,69,35,0,305,1,1,76,39.43,36.64,34.3,24.63,0.0,22.22,22.28,0.0047,-0.1088,0.0,0.0,0.0,0.0,69.0,35.0,0.0,5,0,35.23,24.04,1.465,50.0,7.21,8.34,511.53,5,0.7279,152.5
EMP050,2026-03-18,0,0,47,20,0,226,1,1,77,39.43,36.0,36.6,25.8,0.0,22.22,22.18,-0.008,-0.2118,0.0,0.0,22.48,0.0,47.0,20.0,0.0,5,0,13.23,24.04,0.55,50.0,7.21,8.34,511.53,5,0.6416,113.0
EMP050,2026-03-19,0,0,39,40,0,246,1,1,78,39.57,36.93,36.7,25.07,0.0,22.26,22.22,0.1101,-0.1375,0.0,0.0,0.0,0.0,39.0,40.0,0.0,5,0,5.23,24.04,0.218,50.0,7.21,8.34,511.53,5,0.626,123.0
EMP050,2026-03-20,0,0,63,39,0,326,1,1,79,36.86,36.93,36.37,25.03,0.0,20.97,22.11,0.2098,0.0687,0.0,0.0,0.0,0.0,63.0,39.0,0.0,5,0,29.23,24.04,1.216,50.0,7.21,8.34,511.53,5,0.7178,163.0
EMP050,2026-03-21,0,0,13,11,0,83,1,1,80,39.57,38.79,37.13,24.67,0.0,22.87,22.62,0.4067,0.331,0.0,64.99,55.41,0.0,13.0,11.0,0.0,5,0,-20.77,24.04,-0.864,50.0,7.21,8.34,511.53,5,0.747,41.5
EMP050,2026-03-22,0,0,0,0,0,0,1,1,81,39.29,38.71,36.33,23.7,0.0,23.18,23.03,0.2501,0.3486,0.0,100.0,100.0,0.0,0.0,0.0,100.0,0,5,-33.77,24.04,-1.405,50.0,7.21,8.34,511.53,0,0.0,0.0
EMP050,2026-03-23,0,0,39,34,0,295,2,2,82,39.29,38.71,34.8,23.03,0.0,23.18,23.85,0.0823,0.1702,0.0,0.0,0.0,0.0,39.0,34.0,0.0,5,0,5.23,24.04,0.218,50.0,7.21,8.34,511.53,5,0.7153,147.5
EMP050,2026-03-24,0,0,49,49,0,300,1,1,83,38.57,39.0,35.67,24.0,0.0,23.1,23.51,-0.0409,0.1166,0.0,0.0,0.0,0.0,49.0,49.0,0.0,5,0,15.23,24.04,0.634,50.0,7.21,8.34,511.53,5,0.7733,150.0
EMP050,2026-03-25,0,0,5,2,0,19,1,1,84,35.71,37.57,37.3,25.63,0.0,20.22,22.67,-0.2009,0.1123,0.0,86.6,92.2,0.0,5.0,2.0,0.0,5,0,-28.77,24.04,-1.197,50.0,7.21,8.34,511.53,5,0.7368,9.5
EMP050,2026-03-26,0,0,65,81,0,346,1,1,85,29.71,34.64,36.3,24.7,0.0,22.12,23.4,-0.4251,-0.01,0.0,0.0,0.0,0.0,65.0,81.0,0.0,5,0,31.23,24.04,1.299,50.0,7.21,8.34,511.53,5,0.763,173.0
EMP050,2026-03-27,0,0,115,66,0,406,1,1,86,33.43,35.14,36.27,26.0,0.0,25.32,23.35,-0.0352,0.4725,0.0,0.0,0.0,0.0,115.0,66.0,0.0,5,0,81.23,24.04,3.379,50.0,7.21,8.34,511.53,5,0.6946,203.0
EMP050,2026-03-28,0,0,30,22,0,134,1,1,87,40.86,40.21,38.17,27.3,0.0,37.57,27.07,0.6227,0.7375,0.0,21.4,19.41,0.0,30.0,22.0,0.0,5,0,-3.77,24.04,-0.157,50.0,7.21,8.34,511.53,5,0.6791,67.0
EMP050,2026-03-29,0,0,0,0,0,0,1,1,88,43.29,41.29,37.4,27.2,0.0,36.22,26.96,0.6723,0.6874,0.0,100.0,100.0,0.0,0.0,0.0,100.0,0,5,-33.77,24.04,-1.405,50.0,7.21,8.34,511.53,0,0.0,0.0
EMP050,2026-03-30,0,0,72,68,0,371,2,2,89,43.29,41.29,35.87,26.0,0.0,36.22,27.73,0.4903,0.5726,0.0,0.0,0.0,0.0,72.0,68.0,0.0,5,0,38.23,24.04,1.59,50.0,7.21,8.34,511.53,5,0.7574,185.5
EMP050,2026-03-31,0,0,83,57,0,406,1,1,90,48.0,43.29,37.3,27.8,0.0,37.48,28.44,0.6761,0.7608,0.0,0.0,0.0,0.0,83.0,57.0,0.0,5,0,49.23,24.04,2.048,50.0,7.21,8.34,511.53,5,0.7463,203.0
