employee_id,date,rolling_7_day_audit_avg,rolling_14_day_audit_avg,rolling_30_day_audit_avg,rolling_30_day_comp_avg,rolling_30_day_override_avg,rolling_7_day_audit_std,rolling_30_day_audit_std,audit_trend_slope,comp_trend_slope,override_trend_slope
EMP001,2026-01-01,0.0,0.0,0.0,0.0,0.0,0.0,0.0,0.0,0.0,0.0
EMP001,2026-01-02,0.0,0.0,0.0,0.0,0.0,0.0,0.0,0.0,0.0,0.0
EMP001,2026-01-03,16.5,16.5,16.5,13.0,3.5,16.5,16.5,0.0,0.0,0.0
EMP001,2026-01-04,13.0,13.0,13.0,12.33,4.33,14.35,14.35,3.0,5.5,3.0
EMP001,2026-01-05,9.75,9.75,9.75,9.25,3.25,13.65,13.65,-2.7,-1.5,-0.1
EMP001,2026-01-06,12.4,12.4,12.4,13.4,4.8,13.31,13.31,1.3,3.4,1.5
EMP001,2026-01-07,14.33,14.33,14.33,14.83,6.17,12.89,12.89,2.4,3.1714,2.0286
EMP001,2026-01-08,15.0,15.0,15.0,14.29,5.71,12.05,12.05,2.0,1.5714,0.9286
EMP001,2026-01-09,18.14,15.88,15.88,15.5,5.75,10.49,11.5,1.9167,1.8571,0.6429
EMP001,2026-01-10,16.0,16.11,16.11,15.44,5.78,8.6,10.87,1.4833,1.2667,0.4667
EMP001,2026-01-11,16.71,15.6,15.6,14.6,5.9,7.92,10.42,0.8,0.4606,0.4061
EMP001,2026-01-12,16.71,14.18,14.18,13.27,5.36,7.92,10.9,-0.1091,-0.3182,0.0364
EMP001,2026-01-13,16.57,14.83,14.83,13.58,5.58,7.82,10.66,0.2168,-0.1014,0.1294
EMP001,2026-01-14,17.43,16.0,16.0,14.62,6.85,8.85,11.01,0.6703,0.3626,0.6429
EMP001,2026-01-15,17.43,16.21,16.21,14.71,6.93,8.85,10.64,0.622,0.3297,0.5473
EMP001,2026-01-16,19.0,18.57,17.33,14.93,7.47,10.36,11.1,0.925,0.35,0.6464
EMP001,2026-01-17,22.0,19.0,18.69,15.31,7.81,12.47,11.96,1.2397,0.4221,0.6544
EMP001,2026-01-18,21.57,19.14,18.06,14.76,7.59,12.88,11.87,0.8235,0.1691,0.4706
EMP001,2026-01-19,21.57,19.14,17.06,13.94,7.17,12.88,12.25,0.3767,-0.1166,0.2632
EMP001,2026-01-20,22.71,19.64,17.74,14.37,7.68,13.22,12.27,0.5246,0.0281,0.3789
EMP001,2026-01-21,23.0,20.21,18.45,14.8,8.1,13.4,12.36,0.6534,0.1474,0.4436
EMP001,2026-01-22,24.71,21.07,19.05,15.57,8.33,13.54,12.35,0.7273,0.3377,0.4468
EMP001,2026-01-23,24.71,21.86,19.68,15.77,8.27,13.54,12.41,0.7979,0.3461,0.3727
EMP001,2026-01-24,25.0,23.5,20.61,15.91,8.48,13.86,12.9,0.9298,0.3379,0.3775
EMP001,2026-01-25,23.86,22.71,19.75,15.25,8.12,15.45,13.28,0.6122,0.1383,0.2474
EMP001,2026-01-26,23.86,22.71,18.96,14.64,7.8,15.45,13.57,0.3592,-0.0185,0.1438
EMP001,2026-01-27,19.57,21.14,18.23,14.08,7.5,17.21,13.8,0.1573,-0.1415,0.0612
EMP001,2026-01-28,20.57,21.79,19.0,14.63,7.81,18.09,14.1,0.3053,-0.0079,0.1221
EMP001,2026-01-29,18.29,21.5,18.86,14.36,7.64,17.63,13.87,0.2441,-0.0635,0.0739
EMP001,2026-01-30,22.71,23.71,20.41,14.72,8.03,23.64,15.92,0.531,0.0163,0.1448
EMP001,2026-01-31,23.86,24.43,21.37,14.9,8.23,24.67,16.47,0.6641,0.0487,0.1693
EMP001,2026-02-01,25.29,24.57,21.7,15.1,8.43,23.51,16.14,0.4434,-0.1115,0.0981
EMP001,2026-02-02,25.29,24.57,20.6,14.23,8.2,23.51,16.45,0.3813,-0.1337,0.0338
EMP001,2026-02-03,32.14,25.86,22.0,14.83,8.7,22.09,16.93,0.4574,-0.0607,0.1012
EMP001,2026-02-04,31.57,26.07,23.17,15.77,9.43,21.95,16.57,0.3895,-0.0781,0.127
EMP001,2026-02-05,33.14,25.71,23.27,15.5,9.53,21.09,16.58,0.4067,0.0603,0.1673
EMP001,2026-02-06,28.0,25.36,23.4,15.3,9.53,16.91,16.6,0.4423,0.1083,0.2136
EMP001,2026-02-07,21.0,22.43,22.77,14.93,9.43,16.91,17.11,0.261,-0.02,0.107
EMP001,2026-02-08,21.0,23.14,22.37,14.4,9.4,16.91,17.27,0.1733,-0.0022,0.0547
EMP001,2026-02-09,21.0,23.14,21.77,13.9,9.2,16.91,17.71,-0.0011,-0.091,-0.0294
EMP001,2026-02-10,17.57,24.86,22.2,14.3,9.2,13.09,17.6,-0.061,-0.1057,-0.0587
EMP001,2026-02-11,15.57,23.57,22.9,15.0,9.5,11.21,17.12,-0.2218,-0.1611,-0.1235
EMP001,2026-02-12,13.71,23.43,22.6,15.63,9.5,10.37,17.21,-0.2919,-0.0118,-0.1435
EMP001,2026-02-13,12.29,20.14,22.2,15.1,9.03,8.89,17.17,-0.2705,0.0367,-0.067
EMP001,2026-02-14,14.71,17.86,22.13,15.07,8.97,7.4,17.19,-0.3261,0.0423,-0.0937
EMP001,2026-02-15,13.86,17.43,21.17,14.6,8.6,8.2,17.36,-0.3682,-0.0089,-0.0841
EMP001,2026-02-16,13.86,17.43,19.87,13.9,8.17,8.2,17.44,-0.3818,-0.059,-0.1092
EMP001,2026-02-17,13.0,15.29,20.2,14.13,8.33,7.37,17.31,-0.4756,-0.1192,-0.1326
EMP001,2026-02-18,11.57,13.57,20.57,14.47,8.5,6.61,16.99,-0.6743,-0.2434,-0.2116
EMP001,2026-02-19,11.43,12.57,19.97,14.03,8.03,6.59,16.96,-0.6645,-0.2267,-0.1884
EMP001,2026-02-20,10.57,11.43,19.3,13.6,7.63,6.04,16.87,-0.6329,-0.1909,-0.1595
EMP001,2026-02-21,8.14,11.43,18.27,12.57,7.2,6.38,17.07,-0.6768,-0.1586,-0.1717
EMP001,2026-02-22,7.86,10.86,17.23,11.97,7.0,6.6,17.08,-0.6801,-0.1755,-0.2131
EMP001,2026-02-23,7.86,10.86,15.87,11.33,6.57,6.6,16.76,-0.6274,-0.2042,-0.2169
EMP001,2026-02-24,6.43,9.71,16.13,11.53,6.73,5.18,16.57,-0.7875,-0.3168,-0.2723
EMP001,2026-02-25,11.71,11.64,17.73,11.77,6.83,15.58,17.24,-0.6932,-0.4256,-0.3428
EMP001,2026-02-26,10.29,10.86,17.8,11.8,6.87,15.94,17.18,-0.917,-0.5762,-0.4276
EMP001,2026-02-27,9.43,10.0,16.7,10.97,6.43,15.99,16.84,-0.8469,-0.5079,-0.3895
EMP001,2026-02-28,9.57,8.86,16.23,10.77,6.33,15.91,17.07,-0.96,-0.5996,-0.4547
EMP001,2026-03-01,9.43,8.64,14.13,9.93,5.7,15.98,14.79,-0.7288,-0.5709,-0.4082
EMP001,2026-03-02,9.43,8.64,12.5,9.27,5.23,15.98,13.5,-0.5795,-0.5655,-0.3878
EMP001,2026-03-03,8.29,7.36,12.17,9.07,5.03,16.32,13.67,-0.6774,-0.6478,-0.4162
EMP001,2026-03-04,1.43,6.57,12.17,9.07,5.03,1.99,13.67,-0.8398,-0.7689,-0.4834
EMP001,2026-03-05,1.14,5.71,10.57,8.1,4.33,2.03,12.11,-0.6712,-0.6899,-0.4058
EMP001,2026-03-06,0.29,4.86,9.4,7.17,3.6,0.45,11.36,-0.5709,-0.6049,-0.3119
EMP001,2026-03-07,0.14,4.86,8.53,6.43,3.13,0.35,11.05,-0.517,-0.5488,-0.2634
EMP001,2026-03-08,0.0,4.71,7.6,5.9,2.7,0.0,10.53,-0.4378,-0.5244,-0.2156
EMP001,2026-03-09,0.0,4.71,7.6,5.9,2.7,0.0,10.53,-0.5393,-0.6031,-0.2516
EMP001,2026-03-10,0.0,4.14,7.27,5.63,2.53,0.0,10.61,-0.5717,-0.6267,-0.2532
EMP001,2026-03-11,0.0,0.71,7.27,5.63,2.53,0.0,10.61,-0.6687,-0.7019,-0.287
EMP001,2026-03-12,0.0,0.57,6.47,5.0,2.3,0.0,10.22,-0.6002,-0.6461,-0.2725
EMP001,2026-03-13,0.0,0.14,5.77,4.3,2.0,0.0,9.91,-0.5417,-0.568,-0.2412
EMP001,2026-03-14,0.0,0.07,5.33,3.1,1.73,0.0,9.87,-0.529,-0.3771,-0.2127
EMP001,2026-03-15,0.0,0.0,4.73,2.73,1.47,0.0,9.63,-0.4761,-0.3426,-0.1806
EMP001,2026-03-16,0.0,0.0,4.17,2.23,1.27,0.0,9.38,-0.422,-0.2756,-0.1588
EMP001,2026-03-17,0.0,0.0,4.03,2.1,1.13,0.0,9.41,-0.4501,-0.2779,-0.1482
EMP001,2026-03-18,0.0,0.0,4.03,2.1,1.13,0.0,9.41,-0.5039,-0.3059,-0.1633
EMP001,2026-03-19,0.0,0.0,3.43,1.67,0.83,0.0,9.07,-0.4336,-0.2443,-0.1164
EMP001,2026-03-20,0.0,0.0,3.07,1.33,0.67,0.0,8.98,-0.4036,-0.1976,-0.093
EMP001,2026-03-21,0.0,0.0,2.67,1.03,0.57,0.0,8.84,-0.3617,-0.1533,-0.0812
EMP001,2026-03-22,0.0,0.0,2.27,0.7,0.43,0.0,8.68,-0.3146,-0.0981,-0.0612
EMP001,2026-03-23,0.0,0.0,2.27,0.7,0.43,0.0,8.68,-0.3448,-0.1075,-0.067
EMP001,2026-03-24,0.0,0.0,2.2,0.63,0.4,0.0,8.69,-0.3613,-0.103,-0.0659
EMP001,2026-03-25,0.0,0.0,2.2,0.63,0.4,0.0,8.69,-0.3907,-0.1115,-0.0712
EMP001,2026-03-26,0.0,0.0,1.93,0.43,0.23,0.0,8.63,-0.3648,-0.0785,-0.042
EMP001,2026-03-27,0.0,0.0,0.33,0.2,0.13,0.0,1.14,-0.0596,-0.036,-0.0245
EMP001,2026-03-28,0.0,0.0,0.27,0.17,0.1,0.0,1.09,-0.0503,-0.0318,-0.0194
EMP001,2026-03-29,0.0,0.0,0.07,0.03,0.0,0.0,0.25,-0.0125,-0.0065,0.0
EMP001,2026-03-30,0.0,0.0,0.03,0.0,0.0,0.0,0.18,-0.0065,0.0,0.0
EMP001,2026-03-31,0.0,0.0,0.0,0.0,0.0,0.0,0.0,0.0,0.0,0.0
EMP002,2026-01-01,0.0,0.0,0.0,0.0,0.0,0.0,0.0,0.0,0.0,0.0
EMP002,2026-01-02,0.0,0.0,0.0,0.0,0.0,0.0,0.0,0.0,0.0,0.0
EMP002,2026-01-03,17.5,17.5,17.5,8.5,6.5,17.5,17.5,0.0,0.0,0.0
EMP002,2026-01-04,15.67,15.67,15.67,8.0,5.67,14.52,14.52,6.0,3.5,2.0
EMP002,2026-01-05,11.75,11.75,11.75,6.0,4.25,14.29,14.29,-2.3,-1.0,-0.9
EMP002,2026-01-06,15.6,15.6,15.6,8.0,6.2,14.92,14.92,2.7,1.5,1.5
EMP002,2026-01-07,15.83,15.83,15.83,8.67,7.17,13.63,13.63,1.7429,1.4286,1.6857
EMP002,2026-01-08,16.14,16.14,16.14,9.71,8.0,12.64,12.64,1.3214,1.6786,1.6786
EMP002,2026-01-09,20.29,17.75,17.75,10.62,8.12,11.36,12.57,1.9524,1.7262,1.2024
EMP002,2026-01-10,17.14,17.22,17.22,10.67,7.67,9.79,11.94,1.05,1.2333,0.5667
EMP002,2026-01-11,16.57,16.3,16.3,10.3,7.3,10.18,11.66,0.2606,0.697,0.2121
EMP002,2026-01-12,16.57,14.82,14.82,9.36,6.64,10.18,12.07,-0.5455,0.0545,-0.1727
EMP002,2026-01-13,15.86,15.75,15.75,10.33,7.08,9.28,11.96,0.0105,0.4895,0.0734
EMP002,2026-01-14,18.0,17.0,17.0,10.46,7.69,10.89,12.28,0.544,0.4396,0.3187
EMP002,2026-01-15,18.0,17.07,17.07,10.79,8.07,10.89,11.83,0.4637,0.4813,0.4066
EMP002,2026-01-16,17.57,18.93,17.67,11.07,8.33,10.5,11.65,0.6,0.4964,0.4286
EMP002,2026-01-17,19.29,18.21,18.12,11.25,8.69,10.59,11.42,0.6559,0.4735,0.4779
EMP002,2026-01-18,19.71,18.14,17.71,10.94,8.35,10.18,11.2,0.4069,0.2917,0.2868
EMP002,2026-01-19,19.71,18.14,16.72,10.33,7.89,10.18,11.62,0.032,0.0537,0.0949
EMP002,2026-01-20,19.43,17.64,17.11,10.79,8.11,10.03,11.42,0.1421,0.1825,0.1456
EMP002,2026-01-21,18.14,18.07,17.4,10.9,8.25,8.84,11.21,0.206,0.188,0.1662
EMP002,2026-01-22,18.0,18.0,17.38,11.29,8.24,8.85,10.94,0.1727,0.2675,0.1403
EMP002,2026-01-23,17.71,17.64,17.68,11.27,8.27,8.61,10.78,0.2287,0.2292,0.131
EMP002,2026-01-24,18.57,18.93,18.26,11.43,8.39,9.54,10.88,0.3449,0.2411,0.1443
EMP002,2026-01-25,18.0,18.86,17.79,11.29,8.25,10.09,10.89,0.1909,0.1778,0.093
EMP002,2026-01-26,18.0,18.86,17.08,10.84,7.92,10.09,11.22,0.0046,0.0531,0.0062
EMP002,2026-01-27,14.57,17.0,16.42,10.42,7.62,11.45,11.49,-0.1419,-0.0455,-0.0622
EMP002,2026-01-28,15.14,16.64,16.81,10.7,7.93,11.95,11.45,-0.0427,0.0195,0.011
EMP002,2026-01-29,15.43,16.71,16.89,10.86,8.0,12.01,11.25,-0.0222,0.0493,0.0252
EMP002,2026-01-30,16.86,17.29,17.48,11.17,8.24,13.45,11.48,0.098,0.1074,0.0709
EMP002,2026-01-31,16.71,17.64,17.9,11.47,8.33,13.31,11.51,0.1693,0.1539,0.0819
EMP002,2026-02-01,17.29,17.64,18.27,11.7,8.53,12.96,11.11,0.0013,0.0461,0.0093
EMP002,2026-02-02,17.29,17.64,17.1,11.13,8.1,12.96,11.12,-0.0011,0.0071,-0.0149
EMP002,2026-02-03,22.86,18.71,18.0,11.77,8.53,12.71,11.75,0.105,0.0745,0.0142
EMP002,2026-02-04,22.14,18.64,18.73,12.27,9.07,12.6,11.28,0.0067,0.0142,0.0036
EMP002,2026-02-05,23.29,19.36,18.6,12.33,8.93,12.62,11.16,0.1446,0.077,0.0436
EMP002,2026-02-06,20.86,18.86,18.6,12.27,9.0,11.95,11.16,0.1232,0.0596,0.0974
EMP002,2026-02-07,19.29,18.0,18.63,12.1,8.83,11.35,11.16,0.1217,0.0772,0.1186
EMP002,2026-02-08,17.71,17.5,17.67,11.53,8.53,13.02,11.47,0.073,0.0329,0.0627
EMP002,2026-02-09,17.71,17.5,17.23,11.17,8.4,13.02,11.88,-0.0732,-0.0452,-0.0236
EMP002,2026-02-10,15.86,19.36,17.83,11.4,8.67,10.55,11.85,-0.0803,-0.0556,-0.0307
EMP002,2026-02-11,15.14,18.64,18.4,12.0,9.13,10.27,11.38,-0.2087,-0.0917,-0.0561
EMP002,2026-02-12,14.14,18.71,18.2,11.9,9.2,9.37,11.3,-0.1459,0.0091,-0.0049
EMP002,2026-02-13,13.86,17.36,17.63,12.07,9.07,9.31,11.01,-0.0714,0.0427,0.0467
EMP002,2026-02-14,15.14,17.21,17.97,12.0,8.9,10.48,11.17,-0.002,0.069,0.067
EMP002,2026-02-15,16.43,17.07,17.4,11.63,8.67,8.99,11.18,-0.0044,0.038,0.0632
EMP002,2026-02-16,16.43,17.07,16.57,11.17,8.2,8.99,11.51,-0.0643,-0.0207,0.044
EMP002,2026-02-17,15.86,15.86,16.93,11.27,8.4,8.48,11.5,-0.0676,-0.0703,0.0133
EMP002,2026-02-18,16.71,15.93,17.7,11.83,8.83,8.84,11.11,-0.1453,-0.111,-0.0149
EMP002,2026-02-19,17.0,15.57,17.63,11.6,8.7,8.98,11.07,-0.0741,-0.0605,0.0016
EMP002,2026-02-20,17.43,15.64,17.47,11.6,8.77,8.94,11.03,-0.0347,-0.0418,0.0452
EMP002,2026-02-21,13.43,14.29,16.9,10.97,8.5,9.56,11.47,-0.1506,-0.0656,-0.0167
EMP002,2026-02-22,13.14,14.79,16.33,10.67,8.27,9.72,11.52,-0.1655,-0.1232,-0.0552
EMP002,2026-02-23,13.14,14.79,15.3,10.17,7.9,9.72,11.55,-0.1697,-0.1622,-0.0897
EMP002,2026-02-24,13.57,14.71,15.9,10.43,8.23,10.15,11.57,-0.1644,-0.1395,-0.0638
EMP002,2026-02-25,12.57,14.64,16.43,10.83,8.8,9.5,11.19,-0.2734,-0.2013,-0.0641
EMP002,2026-02-26,11.86,14.43,17.0,11.43,9.3,8.94,10.76,-0.3831,-0.2298,-0.0848
EMP002,2026-02-27,13.29,15.36,17.03,11.27,9.3,10.47,10.8,-0.2432,-0.1744,0.0047
EMP002,2026-02-28,17.0,15.21,17.27,11.13,9.3,9.68,10.91,-0.1717,-0.1504,0.014
EMP002,2026-03-01,17.57,15.36,16.5,10.77,9.07,9.18,10.51,-0.0968,-0.103,0.0449
EMP002,2026-03-02,17.57,15.36,15.5,10.1,8.7,9.18,10.6,-0.1101,-0.1088,-0.0002
EMP002,2026-03-03,14.0,13.79,15.13,9.87,8.5,10.38,10.94,-0.2412,-0.1953,-0.075
EMP002,2026-03-04,16.14,14.36,16.17,10.37,8.93,11.99,10.92,-0.2432,-0.2303,-0.1046
EMP002,2026-03-05,16.43,14.14,15.5,9.87,8.87,12.03,10.09,-0.0674,-0.1184,-0.0098
EMP002,2026-03-06,16.57,14.93,15.73,9.9,8.67,12.18,10.31,0.0645,-0.0434,0.0467
EMP002,2026-03-07,16.0,16.5,15.57,9.87,8.63,11.81,10.17,0.1826,0.0583,0.0581
EMP002,2026-03-08,15.29,16.43,15.2,9.73,8.33,12.23,10.31,0.1308,0.0343,0.0716
EMP002,2026-03-09,15.29,16.43,14.57,9.37,8.07,12.23,10.64,0.059,-0.0198,0.0156
EMP002,2026-03-10,18.86,16.43,15.4,9.93,8.6,10.82,10.44,0.0258,-0.0352,0.0111
EMP002,2026-03-11,19.14,17.64,16.5,10.53,8.97,11.15,10.5,0.0331,-0.0516,-0.0327
EMP002,2026-03-12,18.57,17.5,16.13,10.6,8.97,11.25,10.35,0.089,0.0076,0.0078
EMP002,2026-03-13,18.14,17.36,16.43,10.47,8.93,10.89,10.5,0.1586,0.0805,0.0685
EMP002,2026-03-14,18.14,17.07,16.5,10.53,8.73,10.89,10.53,0.2191,0.194,0.0974
EMP002,2026-03-15,18.43,16.86,16.27,10.17,8.47,10.59,10.64,0.1539,0.2093,0.0761
EMP002,2026-03-16,18.43,16.86,15.33,9.73,8.2,10.59,10.79,0.1299,0.1633,0.0182
EMP002,2026-03-17,18.43,18.64,15.87,10.03,8.57,10.59,10.86,0.1486,0.1448,0.0465
EMP002,2026-03-18,17.0,18.07,16.63,10.4,8.93,9.1,10.52,0.0852,0.0819,0.0031
EMP002,2026-03-19,18.86,18.71,16.83,10.77,9.13,9.8,10.68,0.1956,0.1341,0.0427
EMP002,2026-03-20,15.29,16.71,16.1,10.23,8.7,11.03,10.98,0.1359,0.1141,0.0105
EMP002,2026-03-21,16.29,17.21,16.33,10.5,8.9,11.88,11.18,0.2598,0.1893,0.0398
EMP002,2026-03-22,16.43,17.43,16.03,10.2,8.63,11.78,11.25,0.224,0.1646,0.0429
EMP002,2026-03-23,16.43,17.43,16.03,10.2,8.63,11.78,11.25,0.01,0.0285,-0.0723
EMP002,2026-03-24,16.0,17.21,16.53,10.77,8.93,11.51,11.17,-0.0138,0.0287,-0.1028
EMP002,2026-03-25,18.0,17.5,17.77,11.37,9.47,13.59,11.32,0.0042,0.0011,-0.1188
EMP002,2026-03-26,20.57,19.71,18.47,11.6,9.87,16.6,12.34,0.2363,0.1081,0.0325
EMP002,2026-03-27,20.86,18.07,18.03,11.27,9.33,16.28,12.65,0.1195,0.0489,0.0245
EMP002,2026-03-28,23.43,19.86,19.03,11.57,9.67,18.62,13.67,0.2992,0.1969,0.1646
EMP002,2026-03-29,24.57,20.5,18.67,11.6,9.47,17.93,13.57,0.3479,0.2225,0.2105
EMP002,2026-03-30,24.57,20.5,17.8,11.23,9.13,17.93,13.9,0.2781,0.1435,0.1531
EMP002,2026-03-31,29.43,22.71,19.3,11.6,9.47,20.93,15.43,0.4776,0.1846,0.2024
EMP003,2026-01-01,0.0,0.0,0.0,0.0,0.0,0.0,0.0,0.0,0.0,0.0
EMP003,2026-01-02,0.0,0.0,0.0,0.0,0.0,0.0,0.0,0.0,0.0,0.0
EMP003,2026-01-03,7.0,7.0,7.0,6.5,3.5,7.0,7.0,0.0,0.0,0.0
EMP003,2026-01-04,7.33,7.33,7.33,6.0,3.67,5.73,5.73,4.0,2.5,2.0
EMP003,2026-01-05,5.5,5.5,5.5,4.5,2.75,5.89,5.89,-0.6,-0.8,-0.3
EMP003,2026-01-06,8.8,8.8,8.8,6.4,3.6,8.45,8.45,3.0,1.5,0.7
EMP003,2026-01-07,10.33,10.33,10.33,7.67,4.67,8.44,8.44,3.0286,1.9429,1.3143
EMP003,2026-01-08,10.86,10.86,10.86,8.14,5.14,7.92,7.92,2.2857,1.5714,1.1786
EMP003,2026-01-09,12.71,11.12,11.12,8.38,5.62,6.56,7.44,1.7024,1.2024,1.1071
EMP003,2026-01-10,12.71,11.44,11.44,8.78,5.78,6.56,7.07,1.3833,1.0833,0.8667
EMP003,2026-01-11,12.57,11.0,11.0,8.3,5.4,6.67,6.84,0.7636,0.5273,0.4242
EMP003,2026-01-12,12.57,10.0,10.0,7.55,4.91,6.67,7.25,0.0727,0.0182,0.0727
EMP003,2026-01-13,11.57,10.42,10.42,7.58,5.25,5.63,7.08,0.2483,0.0315,0.2133
EMP003,2026-01-14,10.71,10.54,10.54,8.0,5.54,5.01,6.81,0.2473,0.2033,0.2912
EMP003,2026-01-15,11.43,11.14,11.14,7.93,5.64,5.73,6.92,0.4396,0.1341,0.2747
EMP003,2026-01-16,12.0,12.36,11.53,8.13,5.67,6.05,6.84,0.5036,0.1857,0.2321
EMP003,2026-01-17,11.86,12.29,11.62,8.25,5.75,6.01,6.63,0.4471,0.1941,0.2206
EMP003,2026-01-18,11.57,12.07,11.24,7.94,5.53,6.28,6.62,0.2426,0.0588,0.1103
EMP003,2026-01-19,11.57,12.07,10.61,7.5,5.22,6.28,6.93,0.0072,-0.0898,-0.0041
EMP003,2026-01-20,12.14,11.86,11.05,7.53,5.47,6.73,7.0,0.1386,-0.0684,0.0719
EMP003,2026-01-21,10.43,10.57,10.5,7.15,5.2,7.96,7.24,-0.0391,-0.1662,-0.0165
EMP003,2026-01-22,9.29,10.36,10.52,7.38,5.29,7.19,7.06,-0.0273,-0.0805,0.0091
EMP003,2026-01-23,8.43,10.21,10.55,7.45,5.36,6.54,6.9,-0.0181,-0.0508,0.0282
EMP003,2026-01-24,9.43,10.64,10.96,7.61,5.43,7.61,7.02,0.087,-0.0059,0.0425
EMP003,2026-01-25,9.57,10.57,10.75,7.46,5.29,7.54,6.94,0.027,-0.0413,0.003
EMP003,2026-01-26,9.57,10.57,10.32,7.16,5.08,7.54,7.12,-0.0754,-0.1054,-0.0462
EMP003,2026-01-27,6.86,9.5,9.92,6.88,4.88,7.06,7.26,-0.1552,-0.1549,-0.0844
EMP003,2026-01-28,7.0,8.71,9.59,6.63,4.7,6.93,7.32,-0.2094,-0.1929,-0.1142
EMP003,2026-01-29,7.86,8.57,9.86,6.68,4.96,7.7,7.32,-0.133,-0.1628,-0.0484
EMP003,2026-01-30,11.71,10.07,10.83,6.86,5.07,13.14,8.84,0.0744,-0.1099,-0.0227
EMP003,2026-01-31,13.57,11.5,11.57,7.07,5.33,14.97,9.56,0.2102,-0.0596,0.0307
EMP003,2026-02-01,13.57,11.57,11.77,7.2,5.47,14.97,9.37,0.0945,-0.1281,-0.0147
EMP003,2026-02-02,13.57,11.57,11.3,6.77,5.23,14.97,9.6,0.034,-0.1346,-0.0394
EMP003,2026-02-03,16.0,11.43,11.6,7.0,5.37,13.92,9.63,0.0481,-0.113,-0.03
EMP003,2026-02-04,19.29,13.14,12.4,7.4,5.9,12.65,9.63,0.0481,-0.129,0.0016
EMP003,2026-02-05,19.29,13.57,12.23,7.23,5.9,12.65,9.5,0.1439,-0.0732,0.0162
EMP003,2026-02-06,16.0,13.86,12.13,7.07,5.87,10.09,9.46,0.2016,-0.0151,0.0645
EMP003,2026-02-07,14.71,14.14,12.47,7.0,5.97,8.24,9.69,0.291,0.0245,0.1123
EMP003,2026-02-08,15.14,14.36,12.33,6.77,5.8,7.85,9.71,0.2723,0.0194,0.1206
EMP003,2026-02-09,15.14,14.36,11.87,6.37,5.57,7.85,9.95,0.2042,0.0118,0.0914
EMP003,2026-02-10,15.86,15.93,12.37,6.7,5.87,8.2,10.07,0.236,0.0447,0.1019
EMP003,2026-02-11,16.0,17.64,13.2,7.4,6.13,8.35,10.05,0.2323,0.0908,0.0752
EMP003,2026-02-12,16.43,17.86,13.37,7.6,6.1,8.47,10.12,0.2885,0.1375,0.107
EMP003,2026-02-13,16.43,16.21,13.47,7.73,6.2,8.47,10.12,0.2897,0.2354,0.1651
EMP003,2026-02-14,13.0,13.86,12.83,7.5,5.97,9.5,10.34,0.2409,0.1804,0.1306
EMP003,2026-02-15,12.43,13.79,12.43,7.27,5.87,9.84,10.41,0.2191,0.182,0.1117
EMP003,2026-02-16,12.43,13.79,12.0,6.93,5.63,9.84,10.64,0.1428,0.1539,0.0816
EMP003,2026-02-17,11.57,13.71,12.37,7.13,5.77,9.21,10.58,0.1204,0.1402,0.059
EMP003,2026-02-18,11.71,13.86,13.23,7.8,6.07,9.42,10.6,0.123,0.174,0.04
EMP003,2026-02-19,11.57,14.0,13.23,7.9,6.0,9.3,10.6,0.2,0.196,0.0796
EMP003,2026-02-20,12.29,14.36,13.9,8.37,6.27,9.72,10.37,0.1524,0.1809,0.0512
EMP003,2026-02-21,15.43,14.21,14.27,8.47,6.3,8.75,10.46,0.1846,0.2487,0.0674
EMP003,2026-02-22,16.0,14.21,14.2,8.33,6.2,8.16,10.49,0.1281,0.23,0.0574
EMP003,2026-02-23,16.0,14.21,13.53,7.97,5.97,8.16,10.73,0.0765,0.1947,0.0229
EMP003,2026-02-24,16.86,14.21,14.07,8.13,6.2,8.42,10.74,0.0792,0.174,0.0151
EMP003,2026-02-25,17.0,14.36,14.97,8.4,6.63,8.59,10.65,0.0656,0.117,0.0162
EMP003,2026-02-26,16.71,14.14,15.53,8.93,6.83,8.55,10.29,-0.0245,0.1081,-0.0336
EMP003,2026-02-27,18.14,15.21,16.5,9.37,7.23,9.73,10.24,-0.0314,0.0727,-0.0474
EMP003,2026-02-28,17.43,16.43,16.5,9.77,7.3,9.6,10.24,-0.0247,0.1319,0.0291
EMP003,2026-03-01,17.57,16.79,15.57,9.63,7.2,9.48,9.49,0.0816,0.1359,0.0191
EMP003,2026-03-02,17.57,16.79,14.47,9.2,6.77,9.48,9.31,0.1014,0.097,0.0127
EMP003,2026-03-03,14.43,15.64,14.27,9.07,6.63,11.02,9.55,-0.0503,0.0018,-0.0501
EMP003,2026-03-04,15.57,16.29,15.43,9.8,6.97,12.57,9.87,-0.0149,0.0227,-0.0741
EMP003,2026-03-05,17.0,16.86,15.77,9.7,7.0,13.2,10.09,0.0705,0.0327,-0.0538
EMP003,2026-03-06,15.57,16.86,15.63,9.77,6.7,12.22,10.0,0.1546,0.0763,0.0082
EMP003,2026-03-07,16.86,17.14,15.93,9.8,6.73,12.77,10.17,0.2309,0.0725,0.0187
EMP003,2026-03-08,16.71,17.14,15.73,9.7,6.53,12.85,10.25,0.1798,0.0425,0.0102
EMP003,2026-03-09,16.71,17.14,14.93,9.4,6.17,12.85,10.5,0.1353,-0.0249,-0.0011
EMP003,2026-03-10,18.43,16.43,15.03,9.47,6.23,11.2,10.46,0.0754,-0.0974,-0.0171
EMP003,2026-03-11,17.86,16.71,16.07,9.93,6.5,10.41,10.46,0.0747,-0.1335,-0.0487
EMP003,2026-03-12,14.0,15.5,15.33,9.47,6.13,11.28,10.78,0.012,-0.1695,-0.0596
EMP003,2026-03-13,13.14,14.36,14.97,9.07,6.13,11.01,10.63,0.0701,-0.093,-0.0347
EMP003,2026-03-14,12.86,14.86,15.1,8.9,6.2,10.7,10.72,0.1631,-0.0594,0.0031
EMP003,2026-03-15,12.86,14.79,14.9,8.47,5.93,10.7,10.77,0.123,-0.0352,0.0289
EMP003,2026-03-16,12.86,14.79,14.9,8.47,5.93,10.7,10.77,-0.0759,-0.1482,-0.0503
EMP003,2026-03-17,13.71,16.07,15.33,8.7,6.13,10.83,10.63,-0.1241,-0.1626,-0.0507
EMP003,2026-03-18,11.29,14.57,15.8,9.1,6.53,8.29,10.24,-0.2385,-0.2013,-0.0552
EMP003,2026-03-19,14.71,14.36,16.07,9.33,6.67,7.87,10.35,-0.1842,-0.1575,-0.0365
EMP003,2026-03-20,16.0,14.57,15.97,9.07,6.73,8.37,10.27,-0.071,-0.0667,0.0076
EMP003,2026-03-21,14.29,13.57,15.73,9.27,6.87,7.76,10.28,-0.0756,-0.0022,0.0503
EMP003,2026-03-22,14.29,13.57,15.37,9.0,6.7,7.76,10.31,-0.0897,0.0093,0.0331
EMP003,2026-03-23,14.29,13.57,14.63,8.5,6.43,7.76,10.59,-0.143,-0.0073,-0.0011
EMP003,2026-03-24,12.0,12.86,14.4,8.37,6.33,8.64,10.79,-0.2634,-0.0799,-0.0529
EMP003,2026-03-25,12.29,11.79,14.93,8.93,6.77,8.73,10.46,-0.3524,-0.0819,-0.0536
EMP003,2026-03-26,16.71,15.71,16.03,9.27,7.0,17.25,12.65,-0.0452,-0.0165,0.0214
EMP003,2026-03-27,18.14,17.07,16.23,10.07,7.07,18.11,12.87,0.1399,0.1215,0.1143
EMP003,2026-03-28,19.0,16.64,16.27,9.77,7.1,17.94,12.87,0.1566,0.1426,0.1066
EMP003,2026-03-29,20.0,17.14,15.8,9.57,6.93,17.54,12.61,0.2496,0.1471,0.1397
EMP003,2026-03-30,20.0,17.14,15.23,8.9,6.47,17.54,12.92,0.156,0.1573,0.1437
EMP003,2026-03-31,21.86,16.93,15.4,8.97,6.63,16.17,12.89,0.1184,0.1582,0.1564
EMP004,2026-01-01,0.0,0.0,0.0,0.0,0.0,0.0,0.0,0.0,0.0,0.0
EMP004,2026-01-02,0.0,0.0,0.0,0.0,0.0,0.0,0.0,0.0,0.0,0.0
EMP004,2026-01-03,16.5,16.5,16.5,7.0,6.5,16.5,16.5,0.0,0.0,0.0
EMP004,2026-01-04,14.33,14.33,14.33,7.0,5.67,13.82,13.82,5.0,3.5,2.0
EMP004,2026-01-05,10.75,10.75,10.75,5.25,4.25,13.48,13.48,-2.3,-0.7,-0.9
EMP004,2026-01-06,14.6,14.6,14.6,7.2,5.8,14.31,14.31,2.7,1.6,1.1
EMP004,2026-01-07,15.5,15.5,15.5,8.0,6.5,13.21,13.21,2.3143,1.6,1.2286
EMP004,2026-01-08,15.57,15.57,15.57,8.71,7.71,12.23,12.23,1.5,1.5357,1.6786
EMP004,2026-01-09,19.29,16.88,16.88,9.88,7.88,10.81,11.95,1.869,1.7976,1.2262
EMP004,2026-01-10,18.71,18.22,18.22,10.56,7.89,10.15,11.9,2.1167,1.6667,0.8667
EMP004,2026-01-11,18.86,17.5,17.5,9.9,7.4,10.03,11.49,1.1455,0.8545,0.3636
EMP004,2026-01-12,18.86,15.91,15.91,9.0,6.73,10.03,12.06,0.0636,0.1909,-0.0636
EMP004,2026-01-13,14.86,14.75,14.75,8.25,6.17,10.37,12.17,-0.486,-0.1993,-0.3077
EMP004,2026-01-14,16.71,16.15,16.15,8.85,6.46,12.14,12.66,0.2198,0.0989,-0.1154
EMP004,2026-01-15,18.43,17.0,17.0,9.0,6.71,12.75,12.58,0.5143,0.1407,0.0088
EMP004,2026-01-16,18.71,19.0,17.73,9.47,7.2,12.94,12.46,0.6929,0.2893,0.1893
EMP004,2026-01-17,17.0,17.86,17.69,10.19,7.44,12.24,12.06,0.5544,0.4926,0.2397
EMP004,2026-01-18,17.0,17.93,17.29,10.0,7.18,12.24,11.81,0.3309,0.348,0.1127
EMP004,2026-01-19,17.0,17.93,16.33,9.44,6.78,12.24,12.14,-0.0248,0.1176,-0.031
EMP004,2026-01-20,19.43,17.14,16.47,9.53,7.21,10.59,11.83,0.0211,0.1246,0.1035
EMP004,2026-01-21,18.71,17.71,17.05,9.65,7.35,9.79,11.8,0.1827,0.1421,0.1286
EMP004,2026-01-22,17.0,17.71,17.0,10.14,7.71,9.04,11.52,0.1442,0.2571,0.2104
EMP004,2026-01-23,16.86,17.79,17.45,10.55,7.86,8.87,11.44,0.2439,0.3286,0.2219
EMP004,2026-01-24,18.29,17.64,17.87,10.96,8.0,9.56,11.36,0.3172,0.3903,0.2283
EMP004,2026-01-25,18.14,17.57,17.54,10.67,7.88,9.67,11.23,0.2004,0.2739,0.1709
EMP004,2026-01-26,18.14,17.57,16.84,10.24,7.56,9.67,11.53,0.0154,0.1438,0.0785
EMP004,2026-01-27,15.43,17.43,16.19,9.85,7.27,11.54,11.76,-0.1303,0.0403,0.0051
EMP004,2026-01-28,14.0,16.36,16.26,10.37,7.41,10.46,11.55,-0.102,0.1484,0.0342
EMP004,2026-01-29,15.86,16.43,16.71,10.39,7.54,11.73,11.58,0.0027,0.1377,0.0572
EMP004,2026-01-30,18.43,17.64,17.69,10.86,7.72,15.31,12.5,0.1975,0.2177,0.0892
EMP004,2026-01-31,20.14,19.21,18.4,10.93,7.83,16.78,12.87,0.3159,0.2105,0.1017
EMP004,2026-02-01,20.0,19.07,18.7,11.2,8.03,16.87,12.54,0.1284,0.1161,0.0358
EMP004,2026-02-02,20.0,19.07,17.6,10.73,7.6,16.87,12.68,0.1063,0.0632,0.0182
EMP004,2026-02-03,24.14,19.79,18.23,11.23,7.83,14.89,12.76,0.1275,0.1101,0.0154
EMP004,2026-02-04,26.57,20.29,19.4,11.67,8.47,15.08,12.64,0.1099,0.044,0.0334
EMP004,2026-02-05,24.57,20.21,18.9,11.53,8.43,15.55,12.5,0.1546,0.0627,0.0741
EMP004,2026-02-06,20.43,19.43,18.77,11.73,8.57,13.24,12.51,0.1435,0.1077,0.1208
EMP004,2026-02-07,17.14,18.64,18.77,12.1,8.47,10.87,12.51,0.1066,0.1956,0.1873
EMP004,2026-02-08,17.43,18.71,18.27,11.7,8.3,10.68,12.51,0.1063,0.1969,0.1622
EMP004,2026-02-09,17.43,18.71,17.3,11.17,8.03,10.68,12.76,0.0625,0.1511,0.1066
EMP004,2026-02-10,18.0,21.07,18.03,11.6,8.2,11.36,13.01,0.1204,0.1393,0.0716
EMP004,2026-02-11,17.0,21.79,18.97,12.37,8.77,10.06,12.68,0.0603,0.1328,0.0719
EMP004,2026-02-12,17.86,21.21,19.6,13.07,9.23,10.11,12.29,-0.0436,0.1032,0.0452
EMP004,2026-02-13,17.86,19.14,19.03,12.97,9.33,10.11,12.05,0.0256,0.123,0.0747
EMP004,2026-02-14,15.57,16.36,18.1,12.6,9.0,11.91,12.4,-0.0354,0.0258,0.0191
EMP004,2026-02-15,14.86,16.14,17.37,12.27,8.67,12.31,12.44,-0.0452,0.0067,0.0214
EMP004,2026-02-16,14.86,16.14,16.8,11.57,8.3,12.31,12.83,-0.1597,-0.0122,-0.0185
EMP004,2026-02-17,13.71,15.86,17.27,11.7,8.57,10.86,12.86,-0.1468,-0.0474,-0.0376
EMP004,2026-02-18,13.71,15.36,18.2,12.3,8.97,10.86,12.59,-0.1967,-0.0874,-0.0745
EMP004,2026-02-19,14.14,16.0,18.37,12.5,8.77,11.19,12.63,-0.1537,-0.0661,-0.0327
EMP004,2026-02-20,13.71,15.79,17.87,12.67,8.8,11.17,12.53,-0.1219,-0.0405,-0.0098
EMP004,2026-02-21,17.71,16.64,18.27,12.5,8.73,10.54,12.66,-0.0694,0.0251,0.0601
EMP004,2026-02-22,17.86,16.36,17.6,12.1,8.5,10.38,12.71,-0.0819,0.0345,0.0452
EMP004,2026-02-23,17.86,16.36,16.7,11.43,8.13,10.38,12.96,-0.1306,0.0109,0.0076
EMP004,2026-02-24,16.71,15.21,16.93,12.03,8.5,9.97,12.9,-0.1749,0.0278,0.0367
EMP004,2026-02-25,16.14,14.93,17.73,12.5,9.03,9.4,12.57,-0.2461,-0.0425,0.0265
EMP004,2026-02-26,16.43,15.29,18.6,13.03,9.5,9.66,12.21,-0.315,-0.1061,-0.0038
EMP004,2026-02-27,14.86,14.29,18.07,12.27,9.13,10.91,12.57,-0.4263,-0.1081,-0.0547
EMP004,2026-02-28,15.86,16.79,18.27,12.3,9.17,12.3,12.79,-0.2416,-0.1186,-0.0234
EMP004,2026-03-01,17.57,17.71,17.4,11.8,8.9,11.77,11.79,-0.0525,-0.0592,-0.0238
EMP004,2026-03-02,17.57,17.71,16.1,11.37,8.53,11.77,11.48,-0.0158,-0.127,-0.0667
EMP004,2026-03-03,15.14,15.93,15.8,11.1,8.33,13.29,11.77,-0.1686,-0.2236,-0.1393
EMP004,2026-03-04,15.57,15.86,16.7,11.97,8.87,13.62,11.56,-0.2053,-0.204,-0.1473
EMP004,2026-03-05,14.0,15.21,16.23,11.6,8.97,12.94,11.34,-0.1315,-0.141,-0.0994
EMP004,2026-03-06,16.29,15.57,15.67,11.53,8.6,12.0,10.8,0.0093,-0.1353,-0.0365
EMP004,2026-03-07,16.29,16.07,16.33,11.7,8.6,12.0,11.34,0.1295,-0.1101,-0.0044
EMP004,2026-03-08,14.71,16.14,16.07,11.27,8.23,12.26,11.44,0.0734,-0.1099,-0.0033
EMP004,2026-03-09,14.71,16.14,15.53,10.47,7.83,12.26,11.79,-0.0307,-0.0948,-0.0305
EMP004,2026-03-10,19.0,17.07,16.17,10.93,8.2,11.59,12.04,0.0314,-0.0641,-0.0107
EMP004,2026-03-11,18.43,17.0,16.93,11.47,8.63,11.27,11.72,-0.036,-0.1068,-0.0363
EMP004,2026-03-12,19.14,16.57,16.5,11.27,8.83,11.19,11.35,0.0945,-0.0716,-0.006
EMP004,2026-03-13,18.86,17.57,16.1,10.83,8.53,11.24,11.15,0.1706,0.0011,0.0449
EMP004,2026-03-14,16.0,16.14,15.9,10.53,8.43,9.12,11.11,0.1973,0.0788,0.0986
EMP004,2026-03-15,15.86,15.29,15.6,10.33,8.1,9.25,11.22,0.1406,0.073,0.095
EMP004,2026-03-16,15.86,15.29,15.6,10.33,8.1,9.25,11.22,-0.0676,-0.065,-0.0131
EMP004,2026-03-17,13.71,16.36,15.9,10.5,8.4,7.24,11.08,-0.1377,-0.0905,-0.0098
EMP004,2026-03-18,15.0,16.71,16.97,11.17,8.83,9.29,11.04,-0.1435,-0.1017,-0.038
EMP004,2026-03-19,16.29,17.71,17.1,11.4,8.9,10.44,11.16,-0.0105,-0.0587,0.0038
EMP004,2026-03-20,17.29,18.07,16.93,11.5,8.93,10.7,11.03,0.1028,0.0487,0.0516
EMP004,2026-03-21,19.14,17.57,17.07,11.33,9.1,11.26,11.14,0.2229,0.0899,0.0848
EMP004,2026-03-22,19.29,17.57,16.9,10.93,8.87,11.11,11.24,0.1364,0.0881,0.065
EMP004,2026-03-23,19.29,17.57,15.97,10.43,8.43,11.11,11.44,0.1039,0.0456,0.0363
EMP004,2026-03-24,17.14,15.43,15.73,10.2,8.3,13.01,11.69,-0.061,-0.0454,-0.0487
EMP004,2026-03-25,15.0,15.0,16.3,10.83,8.73,11.54,11.32,-0.1613,-0.059,-0.0756
EMP004,2026-03-26,19.43,17.86,17.73,11.33,8.83,19.36,13.77,0.1255,0.1869,0.0407
EMP004,2026-03-27,21.0,19.14,18.07,11.8,9.03,20.02,14.04,0.2736,0.3128,0.1751
EMP004,2026-03-28,26.14,22.64,19.33,12.33,9.63,25.13,16.24,0.6247,0.4721,0.3575
EMP004,2026-03-29,27.71,23.5,19.9,12.63,9.9,24.28,15.92,0.503,0.3789,0.2805
EMP004,2026-03-30,27.71,23.5,18.73,12.23,9.5,24.28,16.05,0.4788,0.293,0.2311
EMP004,2026-03-31,35.71,26.43,19.97,12.8,9.9,23.02,17.39,0.721,0.3595,0.2485
EMP005,2026-01-01,0.0,0.0,0.0,0.0,0.0,0.0,0.0,0.0,0.0,0.0
EMP005,2026-01-02,0.0,0.0,0.0,0.0,0.0,0.0,0.0,0.0,0.0,0.0
EMP005,2026-01-03,7.0,7.0,7.0,5.0,6.0,7.0,7.0,0.0,0.0,0.0
EMP005,2026-01-04,6.33,6.33,6.33,5.0,5.33,5.79,5.79,2.5,2.5,2.0
EMP005,2026-01-05,4.75,4.75,4.75,3.75,4.0,5.72,5.72,-0.9,-0.5,-0.8
EMP005,2026-01-06,7.2,7.2,7.2,5.0,4.8,7.08,7.08,2.0,1.0,0.4
EMP005,2026-01-07,8.67,8.67,8.67,5.5,5.0,7.25,7.25,2.4,1.0,0.4
EMP005,2026-01-08,9.43,9.43,9.43,6.57,5.57,6.97,6.97,2.0714,1.4286,0.6786
EMP005,2026-01-09,11.0,9.62,9.62,7.25,6.25,5.81,6.54,1.5119,1.4048,0.9048
EMP005,2026-01-10,12.14,11.0,11.0,7.78,6.56,6.96,7.29,1.8833,1.3,0.8167
EMP005,2026-01-11,12.0,10.3,10.3,7.5,6.2,7.11,7.23,0.9879,0.7939,0.4
EMP005,2026-01-12,12.0,9.36,9.36,6.82,5.64,7.11,7.5,0.2727,0.2545,0.0182
EMP005,2026-01-13,9.57,8.58,8.58,6.25,5.17,7.85,7.63,-0.1503,-0.0664,-0.2028
EMP005,2026-01-14,9.86,9.31,9.31,6.85,5.31,8.11,7.75,0.1923,0.2033,-0.0989
EMP005,2026-01-15,10.71,10.07,10.07,7.14,5.64,8.79,7.96,0.4593,0.2813,0.0549
EMP005,2026-01-16,10.0,10.5,9.8,7.0,5.47,8.94,7.76,0.2714,0.175,-0.0214
EMP005,2026-01-17,8.71,10.43,10.0,7.19,5.56,7.69,7.55,0.2941,0.2103,0.0162
EMP005,2026-01-18,8.14,10.07,9.41,6.76,5.24,8.15,7.69,0.049,0.0343,-0.0956
EMP005,2026-01-19,8.14,10.07,8.89,6.39,4.94,8.15,7.78,-0.1238,-0.0898,-0.1723
EMP005,2026-01-20,10.43,10.0,9.26,6.68,5.26,7.78,7.74,0.007,0.0123,-0.0509
EMP005,2026-01-21,10.14,10.0,9.6,7.1,5.35,7.53,7.68,0.1023,0.1293,-0.0188
EMP005,2026-01-22,10.14,10.43,10.1,7.57,5.48,7.53,7.82,0.2234,0.2403,0.0182
EMP005,2026-01-23,11.71,10.86,10.41,7.59,5.59,7.65,7.77,0.2761,0.214,0.0457
EMP005,2026-01-24,12.43,10.57,10.74,7.96,5.87,7.96,7.76,0.3241,0.2787,0.1097
EMP005,2026-01-25,13.57,10.86,10.62,7.88,5.79,6.54,7.61,0.2578,0.2257,0.0778
EMP005,2026-01-26,13.57,10.86,10.2,7.56,5.56,6.54,7.75,0.13,0.1269,0.0154
EMP005,2026-01-27,11.29,10.86,9.81,7.27,5.35,7.94,7.84,0.0284,0.0482,-0.0338
EMP005,2026-01-28,13.0,11.57,10.48,7.44,5.52,9.84,8.43,0.1697,0.0806,0.0067
EMP005,2026-01-29,12.57,11.36,10.71,7.57,5.79,9.59,8.37,0.2003,0.0985,0.0613
EMP005,2026-01-30,13.71,12.71,11.21,7.86,5.93,10.48,8.62,0.2788,0.1468,0.0842
EMP005,2026-01-31,18.29,15.36,12.5,8.17,6.2,16.57,10.97,0.5021,0.1915,0.1281
EMP005,2026-02-01,18.86,16.21,12.9,8.33,6.33,16.27,10.72,0.4127,0.1148,0.0712
EMP005,2026-02-02,18.86,16.21,12.43,8.0,5.93,16.27,10.97,0.337,0.0725,0.0694
EMP005,2026-02-03,18.86,15.07,12.27,7.83,5.8,16.27,11.12,0.2056,0.0002,0.0178
EMP005,2026-02-04,20.43,16.71,13.57,8.33,6.43,17.56,11.86,0.2934,-0.0076,0.063
EMP005,2026-02-05,21.43,17.0,13.8,8.53,6.57,17.53,12.0,0.3844,0.0534,0.1097
EMP005,2026-02-06,22.14,17.93,14.27,8.6,6.6,17.76,12.34,0.5041,0.0592,0.1086
EMP005,2026-02-07,18.71,18.5,14.67,8.8,6.67,13.97,12.52,0.578,0.1566,0.1535
EMP005,2026-02-08,18.43,18.64,14.63,8.53,6.43,14.12,12.53,0.5226,0.1477,0.1662
EMP005,2026-02-09,18.43,18.64,13.9,8.13,6.13,14.12,12.72,0.479,0.1166,0.1424
EMP005,2026-02-10,18.43,18.64,13.77,7.97,6.03,14.12,12.84,0.321,0.0425,0.0812
EMP005,2026-02-11,17.43,18.93,14.83,8.4,6.47,12.82,12.98,0.3437,0.02,0.0845
EMP005,2026-02-12,18.0,19.71,15.77,8.73,6.8,13.18,12.89,0.3264,-0.0276,0.0627
EMP005,2026-02-13,16.14,19.14,15.73,8.7,6.93,12.24,12.88,0.3497,0.0363,0.0912
EMP005,2026-02-14,17.43,18.07,16.23,8.8,6.97,13.61,13.32,0.5034,0.0863,0.1386
EMP005,2026-02-15,17.71,18.07,16.43,8.83,6.97,13.47,13.21,0.4056,0.042,0.0857
EMP005,2026-02-16,17.71,18.07,16.0,8.5,6.73,13.47,13.53,0.2759,-0.0069,0.0409
EMP005,2026-02-17,20.71,19.57,16.7,9.0,7.23,11.36,13.22,0.1978,-0.0236,0.0478
EMP005,2026-02-18,19.43,18.43,17.47,9.47,7.67,10.49,12.89,0.1232,-0.0534,0.0352
EMP005,2026-02-19,18.86,18.43,17.73,9.73,7.77,10.11,12.94,0.1553,0.032,0.099
EMP005,2026-02-20,19.14,17.64,17.83,9.77,8.0,10.08,12.94,0.1515,0.1088,0.1339
EMP005,2026-02-21,19.71,18.57,18.47,10.27,8.63,11.03,13.49,0.303,0.3021,0.2565
EMP005,2026-02-22,20.29,19.0,18.43,10.4,8.5,10.71,13.49,0.277,0.2977,0.2222
EMP005,2026-02-23,20.29,19.0,17.83,9.87,8.1,10.71,13.89,0.1551,0.2692,0.1915
EMP005,2026-02-24,22.57,21.64,18.8,10.63,8.53,12.22,14.18,0.2109,0.366,0.2207
EMP005,2026-02-25,24.71,22.07,20.07,11.63,9.17,13.37,14.14,0.2051,0.4176,0.2294
EMP005,2026-02-26,27.14,23.0,21.43,12.53,9.87,14.52,14.12,0.2018,0.4365,0.2425
EMP005,2026-02-27,32.86,26.0,22.47,13.13,10.5,17.71,15.61,0.4894,0.5455,0.3669
EMP005,2026-02-28,35.57,27.64,23.83,14.53,11.2,19.78,16.82,0.681,0.788,0.5357
EMP005,2026-03-01,36.14,28.21,23.67,14.57,11.03,19.25,16.84,0.6643,0.814,0.4874
EMP005,2026-03-02,36.14,28.21,22.0,14.0,10.57,19.25,16.62,0.6932,0.7368,0.4367
EMP005,2026-03-03,30.86,26.71,21.6,13.83,10.43,23.01,17.0,0.4823,0.5844,0.3232
EMP005,2026-03-04,34.86,29.79,23.8,15.87,11.73,26.12,18.28,0.6198,0.7933,0.4356
EMP005,2026-03-05,29.0,28.07,23.8,15.87,11.73,28.57,18.28,0.3021,0.5815,0.279
EMP005,2026-03-06,27.86,30.36,24.2,17.0,11.97,27.49,18.73,0.5824,0.7893,0.4211
EMP005,2026-03-07,25.86,30.71,24.87,17.3,12.53,25.67,19.07,0.7088,0.834,0.5313
EMP005,2026-03-08,25.14,30.64,24.37,17.27,12.6,25.89,19.12,0.6805,0.7301,0.4703
EMP005,2026-03-09,25.14,30.64,23.5,16.63,12.23,25.89,19.61,0.5346,0.6307,0.378
EMP005,2026-03-10,32.0,31.43,24.77,17.67,12.97,24.65,19.92,0.5996,0.6621,0.41
EMP005,2026-03-11,28.29,31.57,26.1,19.5,13.47,20.93,19.56,0.527,0.7811,0.3337
EMP005,2026-03-12,31.86,30.43,26.93,19.97,13.6,17.68,18.95,0.3399,0.6111,0.1798
EMP005,2026-03-13,30.71,29.29,27.3,20.53,13.53,16.63,19.15,0.4785,0.6278,0.1588
EMP005,2026-03-14,31.57,28.71,28.03,21.23,13.63,17.43,19.58,0.6298,0.6227,0.131
EMP005,2026-03-15,32.14,28.64,28.1,21.23,13.53,16.93,19.55,0.4954,0.5128,0.0765
EMP005,2026-03-16,32.14,28.64,26.93,20.77,13.17,16.93,20.13,0.3617,0.3259,-0.0283
EMP005,2026-03-17,32.43,32.21,28.2,21.4,13.53,17.21,20.35,0.4076,0.2514,-0.093
EMP005,2026-03-18,34.43,31.36,30.0,22.57,14.03,18.72,20.16,0.3795,0.1915,-0.1769
EMP005,2026-03-19,35.57,33.71,30.4,23.27,14.07,18.35,20.1,0.3368,0.226,-0.1575
EMP005,2026-03-20,34.0,32.36,30.7,23.7,14.5,18.12,20.05,0.2961,0.1862,-0.0879
EMP005,2026-03-21,31.29,31.43,30.93,24.5,15.03,16.9,20.01,0.2518,0.2917,0.0087
EMP005,2026-03-22,30.57,31.36,30.77,24.4,14.73,17.5,20.13,0.0603,0.1588,-0.0632
EMP005,2026-03-23,30.57,31.36,29.47,23.33,13.83,17.5,20.81,-0.0814,0.0538,-0.0736
EMP005,2026-03-24,28.57,30.5,30.13,24.17,14.73,15.89,20.69,-0.1321,0.0638,-0.0307
EMP005,2026-03-25,26.57,30.5,31.47,26.03,15.77,13.22,19.98,-0.2763,0.1026,-0.0274
EMP005,2026-03-26,33.0,34.29,32.83,26.93,16.53,22.48,21.64,0.0621,0.3164,0.1375
EMP005,2026-03-27,29.0,31.5,31.7,26.0,16.0,24.69,22.22,-0.0883,0.1766,0.0672
EMP005,2026-03-28,34.71,33.0,32.7,26.73,17.33,28.78,23.27,0.2294,0.3319,0.392
EMP005,2026-03-29,38.43,34.5,32.07,26.27,16.83,27.52,22.8,0.4578,0.2852,0.4509
EMP005,2026-03-30,38.43,34.5,30.13,24.5,15.7,27.52,22.98,0.4298,0.3001,0.4607
EMP005,2026-03-31,43.57,36.07,31.87,26.17,16.4,29.85,24.08,0.63,0.5226,0.4534
EMP006,2026-01-01,0.0,0.0,0.0,0.0,0.0,0.0,0.0,0.0,0.0,0.0
EMP006,2026-01-02,0.0,0.0,0.0,0.0,0.0,0.0,0.0,0.0,0.0,0.0
EMP006,2026-01-03,12.5,12.5,12.5,13.0,7.5,12.5,12.5,0.0,0.0,0.0
EMP006,2026-01-04,11.33,11.33,11.33,11.33,6.67,10.34,10.34,4.5,4.0,2.5
EMP006,2026-01-05,8.5,8.5,8.5,8.5,5.0,10.21,10.21,-1.6,-1.8,-1.0
EMP006,2026-01-06,6.8,6.8,6.8,6.8,4.0,9.74,9.74,-2.5,-2.6,-1.5
EMP006,2026-01-07,9.17,9.17,9.17,8.83,5.67,10.35,10.35,0.6,0.2571,0.5714
EMP006,2026-01-08,10.43,10.43,10.43,9.0,6.57,10.07,10.07,1.3214,0.2857,1.0357
EMP006,2026-01-09,14.86,13.0,13.0,9.12,7.62,11.26,11.62,2.5952,0.2738,1.3929
EMP006,2026-01-10,15.14,14.56,14.56,9.89,8.33,11.53,11.8,2.75,0.65,1.4
EMP006,2026-01-11,14.29,13.4,13.4,9.1,7.6,12.16,11.72,1.3697,0.0424,0.6182
EMP006,2026-01-12,14.29,12.18,12.18,8.27,6.91,12.16,11.82,0.4182,-0.3818,0.1182
EMP006,2026-01-13,16.71,12.58,12.58,8.5,7.25,10.67,11.4,0.507,-0.1888,0.2483
EMP006,2026-01-14,13.86,11.69,11.69,7.92,6.69,11.76,11.38,0.0165,-0.3956,-0.044
EMP006,2026-01-15,13.43,11.93,11.93,8.21,7.14,11.66,11.0,0.1077,-0.2,0.1451
EMP006,2026-01-16,11.57,13.21,12.33,8.4,7.2,9.56,10.73,0.2393,-0.0929,0.1393
EMP006,2026-01-17,12.14,13.64,13.5,8.62,7.25,10.53,11.33,0.6088,0.0029,0.1324
EMP006,2026-01-18,13.43,13.86,13.41,8.47,7.0,9.87,11.0,0.4779,-0.049,0.027
EMP006,2026-01-19,13.43,13.86,12.67,8.0,6.61,9.87,11.12,0.1672,-0.1899,-0.1001
EMP006,2026-01-20,14.86,15.79,13.42,8.42,6.74,10.95,11.29,0.3684,-0.0351,-0.0474
EMP006,2026-01-21,19.14,16.5,14.3,9.15,6.95,10.55,11.65,0.5669,0.1782,0.0203
EMP006,2026-01-22,17.0,15.21,13.62,8.71,6.62,12.51,11.77,0.3039,0.0351,-0.0727
EMP006,2026-01-23,17.71,14.64,14.05,9.05,6.91,12.69,11.66,0.3755,0.1169,0.0124
EMP006,2026-01-24,17.71,14.93,14.78,9.17,7.35,12.69,11.92,0.5128,0.1344,0.1206
EMP006,2026-01-25,16.71,15.07,14.38,9.08,7.21,13.36,11.83,0.3535,0.0965,0.0726
EMP006,2026-01-26,16.71,15.07,13.8,8.72,6.92,13.36,11.93,0.18,0.0015,-0.0023
EMP006,2026-01-27,12.86,13.86,13.27,8.38,6.65,13.73,12.0,0.0421,-0.0732,-0.0612
EMP006,2026-01-28,11.14,15.14,13.48,8.52,6.85,11.99,11.82,0.083,-0.0366,-0.0122
EMP006,2026-01-29,14.0,15.5,13.71,8.79,6.89,11.36,11.67,0.1226,0.0224,-0.0025
EMP006,2026-01-30,17.57,17.64,14.9,9.0,7.0,16.43,13.06,0.3468,0.0631,0.0192
EMP006,2026-01-31,17.71,17.71,15.47,9.5,7.37,16.55,13.21,0.4236,0.1537,0.0883
EMP006,2026-02-01,18.0,17.36,15.7,9.77,7.5,16.34,12.99,0.2623,0.0785,0.0158
EMP006,2026-02-02,18.0,17.36,14.87,8.9,7.0,16.34,13.17,0.2251,0.1275,0.0191
EMP006,2026-02-03,21.57,17.21,15.4,9.4,7.33,14.67,13.24,0.2501,0.2122,0.057
EMP006,2026-02-04,24.14,17.64,16.63,10.17,7.7,15.54,13.47,0.2832,0.2352,0.03
EMP006,2026-02-05,23.29,18.64,17.1,10.53,8.0,15.91,13.13,0.1515,0.1704,-0.0147
EMP006,2026-02-06,19.57,18.57,17.13,10.6,7.83,12.34,13.14,0.21,0.2963,0.0331
EMP006,2026-02-07,19.71,18.71,17.63,10.63,7.97,12.49,13.44,0.3184,0.2948,0.1146
EMP006,2026-02-08,19.71,18.86,16.83,10.43,7.6,12.49,13.34,0.3419,0.2476,0.1375
EMP006,2026-02-09,19.71,18.86,15.93,9.9,7.13,12.49,13.53,0.3034,0.2187,0.1326
EMP006,2026-02-10,19.0,20.29,16.5,10.6,7.4,12.31,13.33,0.2405,0.2487,0.1023
EMP006,2026-02-11,13.86,19.0,16.53,10.63,7.4,11.18,13.29,0.0267,0.1137,0.0036
EMP006,2026-02-12,16.14,19.71,16.97,10.63,7.3,12.53,13.51,0.1168,0.1186,0.0323
EMP006,2026-02-13,17.14,18.36,17.9,11.23,7.53,13.22,13.34,0.0843,0.1061,-0.02
EMP006,2026-02-14,16.43,18.07,18.33,11.57,7.57,12.45,13.45,0.1295,0.1809,0.0594
EMP006,2026-02-15,16.29,18.0,17.93,11.43,7.4,12.57,13.63,0.0476,0.1475,0.0329
EMP006,2026-02-16,16.29,18.0,16.9,11.03,7.13,12.57,13.78,0.022,0.0776,-0.0107
EMP006,2026-02-17,16.14,17.57,17.13,11.5,7.4,12.53,13.75,0.0018,0.1008,-0.0142
EMP006,2026-02-18,19.43,16.64,17.93,12.07,7.93,11.06,13.42,-0.0721,0.057,-0.0098
EMP006,2026-02-19,18.43,17.29,17.8,12.07,7.93,10.35,13.35,0.0231,0.1095,0.0044
EMP006,2026-02-20,17.29,17.21,17.47,11.77,7.9,9.53,13.14,0.1348,0.1973,0.0389
EMP006,2026-02-21,17.43,16.93,18.43,12.37,8.3,9.69,12.89,0.0888,0.1564,0.0109
EMP006,2026-02-22,17.86,17.07,17.97,12.03,8.03,9.23,12.97,0.0594,0.1404,0.022
EMP006,2026-02-23,17.86,17.07,16.93,11.63,7.47,9.23,13.12,0.0334,0.0625,0.032
EMP006,2026-02-24,19.0,17.57,17.67,11.77,7.7,9.78,13.05,0.016,0.0265,0.0309
EMP006,2026-02-25,19.57,19.5,18.6,12.47,8.07,10.17,12.75,-0.0392,0.0049,-0.0009
EMP006,2026-02-26,19.86,19.14,19.43,12.83,8.57,10.29,12.31,-0.1261,-0.0905,-0.0118
EMP006,2026-02-27,22.43,19.86,20.1,13.03,8.57,12.3,12.8,-0.0029,-0.063,0.034
EMP006,2026-02-28,22.71,20.07,20.47,12.87,8.97,12.48,12.95,0.0667,-0.0556,0.1039
EMP006,2026-03-01,24.0,20.93,19.47,12.57,8.83,11.41,11.9,0.2407,-0.0852,0.0919
EMP006,2026-03-02,24.0,20.93,18.4,11.77,8.23,11.41,12.16,0.2016,-0.0874,0.0981
EMP006,2026-03-03,20.14,19.57,18.17,11.5,8.1,14.01,12.44,0.0042,-0.1893,0.0158
EMP006,2026-03-04,19.29,19.43,18.9,12.4,8.73,13.69,11.99,-0.0963,-0.1686,0.0303
EMP006,2026-03-05,19.86,19.86,19.03,12.17,8.7,13.99,12.08,0.0109,-0.0723,0.1075
EMP006,2026-03-06,18.29,20.36,18.73,11.8,8.8,12.27,11.74,0.1927,0.0013,0.1575
EMP006,2026-03-07,15.57,19.14,18.67,11.73,8.87,11.21,11.77,0.1166,-0.0222,0.1731
EMP006,2026-03-08,14.29,19.14,18.23,11.23,8.77,11.37,11.88,0.0772,0.0047,0.1555
EMP006,2026-03-09,14.29,19.14,17.13,10.87,8.23,11.37,11.99,0.0614,-0.0694,0.1488
EMP006,2026-03-10,16.86,18.5,17.5,11.4,8.57,9.78,11.84,-0.0029,-0.0578,0.1568
EMP006,2026-03-11,17.43,18.36,18.37,11.83,9.13,10.17,11.47,-0.0687,-0.1261,0.1522
EMP006,2026-03-12,15.29,17.57,18.17,11.53,9.13,9.02,11.5,-0.0857,-0.0352,0.1504
EMP006,2026-03-13,14.71,16.5,18.93,11.93,9.37,8.29,11.08,-0.1664,-0.0983,0.0736
EMP006,2026-03-14,16.86,16.21,18.83,11.97,9.47,9.2,11.0,-0.038,-0.1043,0.0747
EMP006,2026-03-15,16.43,15.36,18.07,11.53,9.33,9.62,11.06,-0.0507,-0.0943,0.016
EMP006,2026-03-16,16.43,15.36,17.13,10.8,8.87,9.62,11.36,-0.0988,-0.0966,-0.012
EMP006,2026-03-17,17.43,17.14,17.77,10.97,9.07,10.08,11.25,-0.1248,-0.115,-0.0516
EMP006,2026-03-18,14.86,16.14,18.03,11.13,9.27,9.86,10.92,-0.3103,-0.2291,-0.1339
EMP006,2026-03-19,15.43,15.36,18.0,10.83,9.27,9.91,10.92,-0.3039,-0.1689,-0.1108
EMP006,2026-03-20,15.29,15.0,17.97,10.87,9.0,9.79,10.9,-0.2303,-0.0801,-0.0725
EMP006,2026-03-21,11.43,14.14,17.2,10.33,8.7,9.74,11.32,-0.3115,-0.1148,-0.1306
EMP006,2026-03-22,11.71,14.07,16.77,10.1,8.5,9.6,11.42,-0.3446,-0.111,-0.1519
EMP006,2026-03-23,11.71,14.07,15.8,9.5,8.1,9.6,11.57,-0.3684,-0.1217,-0.1826
EMP006,2026-03-24,11.0,14.21,16.17,9.83,8.3,8.73,11.52,-0.3882,-0.1039,-0.1853
EMP006,2026-03-25,13.71,14.29,17.07,10.47,8.87,10.21,11.27,-0.4298,-0.1126,-0.1864
EMP006,2026-03-26,17.71,16.57,17.7,10.93,9.07,15.31,12.3,-0.1746,-0.0151,-0.1192
EMP006,2026-03-27,19.86,17.57,18.03,11.17,9.63,16.87,12.7,0.0274,0.1644,0.0162
EMP006,2026-03-28,25.86,18.64,18.6,12.3,10.13,16.2,13.36,0.23,0.3815,0.1846
EMP006,2026-03-29,26.86,19.29,17.8,11.93,9.97,15.25,12.83,0.3475,0.3867,0.1773
EMP006,2026-03-30,26.86,19.29,16.77,11.57,9.3,15.25,12.97,0.3237,0.3032,0.1822
EMP006,2026-03-31,28.86,19.93,17.3,12.6,9.9,15.14,13.33,0.4434,0.4289,0.2543
EMP007,2026-01-01,0.0,0.0,0.0,0.0,0.0,0.0,0.0,0.0,0.0,0.0
EMP007,2026-01-02,0.0,0.0,0.0,0.0,0.0,0.0,0.0,0.0,0.0,0.0
EMP007,2026-01-03,13.5,13.5,13.5,12.0,10.5,13.5,13.5,0.0,0.0,0.0
EMP007,2026-01-04,12.67,12.67,12.67,11.33,9.33,11.09,11.09,5.5,5.0,3.5
EMP007,2026-01-05,9.5,9.5,9.5,8.5,7.0,11.06,11.06,-1.6,-1.4,-1.4
EMP007,2026-01-06,14.0,14.0,14.0,10.4,8.6,13.37,13.37,3.7,1.2,0.9
EMP007,2026-01-07,16.67,16.67,16.67,13.0,9.67,13.59,13.59,4.4,2.9143,1.4286
EMP007,2026-01-08,17.86,17.86,17.86,12.71,10.14,12.91,12.91,3.6429,1.6071,1.25
EMP007,2026-01-09,22.86,20.0,20.0,13.75,10.12,11.75,13.34,3.8571,1.7619,0.8214
EMP007,2026-01-10,22.86,20.78,20.78,14.56,11.0,11.75,12.77,3.1667,1.7167,1.1
EMP007,2026-01-11,23.14,20.0,20.0,13.8,10.4,11.48,12.34,1.8788,0.8364,0.4727
EMP007,2026-01-12,23.14,18.18,18.18,12.55,9.45,11.48,13.09,0.5,0.0,-0.1182
EMP007,2026-01-13,23.71,19.67,19.67,13.5,9.42,12.0,13.47,1.0699,0.4406,-0.1084
EMP007,2026-01-14,24.86,21.08,21.08,14.23,9.69,12.89,13.83,1.4451,0.6593,0.033
EMP007,2026-01-15,24.0,20.93,20.93,14.71,9.93,13.05,13.34,1.0967,0.7209,0.1209
EMP007,2026-01-16,22.86,22.86,21.33,14.67,10.33,12.37,12.98,1.0429,0.5679,0.25
EMP007,2026-01-17,22.14,22.5,21.38,15.38,10.62,12.25,12.56,0.8735,0.7176,0.3088
EMP007,2026-01-18,21.86,22.5,20.76,14.82,10.29,12.48,12.43,0.5245,0.4142,0.1471
EMP007,2026-01-19,21.86,22.5,19.61,14.0,9.72,12.48,12.98,0.0774,0.0888,-0.0568
EMP007,2026-01-20,20.86,22.29,20.11,14.37,9.79,11.56,12.81,0.214,0.186,-0.0281
EMP007,2026-01-21,18.71,21.79,20.25,14.4,10.2,9.36,12.5,0.2248,0.1684,0.0932
EMP007,2026-01-22,19.57,21.79,20.48,14.52,10.33,9.62,12.24,0.2558,0.1792,0.1169
EMP007,2026-01-23,18.29,20.57,20.36,14.95,10.55,9.13,11.97,0.1931,0.2682,0.157
EMP007,2026-01-24,19.71,20.93,20.87,15.04,10.74,10.31,11.95,0.2955,0.2569,0.1858
EMP007,2026-01-25,20.0,20.93,20.54,14.71,10.5,10.09,11.8,0.1813,0.1457,0.1061
EMP007,2026-01-26,20.0,20.93,19.72,14.12,10.08,10.09,12.24,-0.0292,-0.0069,-0.0031
EMP007,2026-01-27,15.86,18.36,18.96,13.58,9.69,11.41,12.59,-0.1945,-0.1268,-0.0889
EMP007,2026-01-28,17.57,18.14,19.56,13.89,9.74,13.12,12.72,-0.0464,-0.0464,-0.069
EMP007,2026-01-29,17.57,18.57,19.75,14.11,9.75,13.12,12.53,-0.0014,0.0036,-0.0599
EMP007,2026-01-30,23.29,20.79,21.07,14.28,9.86,19.31,14.15,0.2626,0.0369,-0.0315
EMP007,2026-01-31,22.43,21.07,21.23,14.1,9.8,19.04,13.94,0.269,-0.0007,-0.0405
EMP007,2026-02-01,22.57,21.29,21.7,14.37,9.97,18.97,13.45,0.0759,-0.1373,-0.139
EMP007,2026-02-02,22.57,21.29,20.8,13.57,9.27,18.97,13.96,-0.0276,-0.1635,-0.1273
EMP007,2026-02-03,28.14,22.0,21.73,13.77,9.57,17.17,14.21,0.0222,-0.1724,-0.0994
EMP007,2026-02-04,29.86,23.71,23.3,14.4,10.4,18.33,14.32,0.0354,-0.2336,-0.0659
EMP007,2026-02-05,29.71,23.64,23.03,14.2,10.37,18.37,14.23,0.0999,-0.2242,-0.0109
EMP007,2026-02-06,26.0,24.64,23.1,13.93,10.27,14.49,14.26,0.2058,-0.1184,0.0316
EMP007,2026-02-07,27.43,24.93,23.47,14.1,10.4,14.91,14.45,0.3021,-0.1253,0.0939
EMP007,2026-02-08,26.71,24.64,22.6,13.57,10.23,15.64,14.51,0.2883,-0.1364,0.0563
EMP007,2026-02-09,26.71,24.64,21.7,12.87,9.63,15.64,15.04,0.1729,-0.1726,0.0438
EMP007,2026-02-10,23.43,25.79,21.8,12.8,9.63,15.12,14.99,0.0761,-0.2638,-0.018
EMP007,2026-02-11,22.71,26.29,23.2,13.43,10.07,14.07,14.85,0.0561,-0.3121,-0.0627
EMP007,2026-02-12,22.57,26.14,22.77,13.33,10.13,14.06,14.66,0.143,-0.1904,-0.0641
EMP007,2026-02-13,20.86,23.43,22.17,13.1,10.07,13.53,14.39,0.2303,-0.1066,-0.0387
EMP007,2026-02-14,18.29,22.86,22.13,13.03,10.23,12.03,14.39,0.1815,-0.014,0.0327
EMP007,2026-02-15,18.43,22.57,21.57,12.7,9.9,11.93,14.53,0.1368,-0.0656,0.0452
EMP007,2026-02-16,18.43,22.57,20.83,11.83,9.4,11.93,15.03,0.0007,-0.0558,0.0165
EMP007,2026-02-17,21.0,22.21,21.6,12.23,9.73,13.02,15.1,0.0178,-0.0563,0.0222
EMP007,2026-02-18,18.29,20.5,22.37,12.93,10.3,9.98,14.55,-0.1221,-0.0841,0.002
EMP007,2026-02-19,19.43,21.0,22.43,12.87,10.37,10.87,14.59,-0.0207,0.0107,0.0242
EMP007,2026-02-20,20.14,20.5,22.5,13.03,10.1,11.05,14.6,-0.0002,0.0714,0.0745
EMP007,2026-02-21,21.29,19.79,22.53,13.07,10.0,11.18,14.6,0.0396,0.1308,0.0939
EMP007,2026-02-22,19.86,19.14,21.93,12.27,9.5,13.02,15.14,-0.137,0.1219,0.0638
EMP007,2026-02-23,19.86,19.14,20.87,11.7,9.0,13.02,15.51,-0.2091,0.0754,0.0405
EMP007,2026-02-24,19.43,20.21,21.47,12.33,9.17,12.59,15.55,-0.198,0.1353,0.0194
EMP007,2026-02-25,20.86,19.57,22.57,13.3,9.67,13.45,15.15,-0.2716,0.1577,-0.0062
EMP007,2026-02-26,19.43,19.43,23.27,14.07,10.1,12.82,14.56,-0.4374,0.1286,-0.0514
EMP007,2026-02-27,21.14,20.64,23.33,14.0,10.23,14.18,14.62,-0.2679,0.2216,-0.0136
EMP007,2026-02-28,20.57,20.93,23.23,13.73,10.17,14.05,14.62,-0.265,0.2501,-0.0296
EMP007,2026-03-01,23.43,21.64,21.97,13.43,9.97,11.35,13.12,-0.0461,0.2623,-0.0305
EMP007,2026-03-02,23.43,21.64,21.1,13.13,9.7,11.35,13.68,-0.16,0.1451,-0.1083
EMP007,2026-03-03,19.0,19.21,20.63,12.87,9.53,13.4,14.14,-0.3451,0.0249,-0.2033
EMP007,2026-03-04,19.71,20.29,21.9,13.5,10.1,14.23,13.94,-0.3753,-0.0242,-0.2209
EMP007,2026-03-05,20.71,20.07,21.53,13.57,10.0,14.53,13.62,-0.218,0.022,-0.1615
EMP007,2026-03-06,20.71,20.93,21.2,13.37,9.67,14.53,13.11,0.0574,0.0558,-0.0258
EMP007,2026-03-07,20.43,20.5,21.07,13.4,9.63,14.52,13.1,0.069,0.044,0.0256
EMP007,2026-03-08,18.71,21.07,20.27,13.07,9.33,15.16,13.14,0.0601,0.0409,-0.0009
EMP007,2026-03-09,18.71,21.07,19.07,12.53,8.77,15.16,13.29,0.0378,-0.0231,-0.0082
EMP007,2026-03-10,21.71,20.36,19.47,13.1,8.97,13.1,13.16,-0.0191,-0.014,-0.0198
EMP007,2026-03-11,19.86,19.79,20.3,13.93,9.4,11.48,12.69,-0.1177,-0.0276,-0.0556
EMP007,2026-03-12,19.57,20.14,20.63,14.43,9.77,11.3,12.7,-0.1106,-0.0501,-0.0434
EMP007,2026-03-13,14.57,17.64,19.3,13.83,9.37,10.17,12.49,-0.0834,-0.1052,-0.0776
EMP007,2026-03-14,15.14,17.79,19.33,13.83,9.4,10.56,12.5,-0.0276,-0.0096,-0.0494
EMP007,2026-03-15,15.43,17.07,19.0,13.5,9.2,10.39,12.61,-0.0832,-0.0452,-0.0667
EMP007,2026-03-16,15.43,17.07,18.4,12.87,8.6,10.39,13.06,-0.2127,-0.0943,-0.0654
EMP007,2026-03-17,17.0,19.36,19.13,13.37,8.9,11.84,13.19,-0.1829,-0.1159,-0.042
EMP007,2026-03-18,17.29,18.57,20.03,13.83,9.47,12.06,12.76,-0.2641,-0.204,-0.0512
EMP007,2026-03-19,18.0,18.79,19.93,13.83,9.27,12.68,12.66,-0.097,-0.1484,-0.016
EMP007,2026-03-20,17.71,16.14,19.17,13.13,8.7,13.06,13.14,-0.2044,-0.1882,-0.0225
EMP007,2026-03-21,16.86,16.0,18.73,13.2,8.7,12.81,12.96,-0.1304,-0.097,0.0349
EMP007,2026-03-22,16.71,16.07,18.2,12.7,8.57,12.89,13.02,-0.1499,-0.103,0.0265
EMP007,2026-03-23,16.71,16.07,17.33,12.1,8.23,12.89,13.33,-0.2136,-0.1484,-0.0189
EMP007,2026-03-24,17.71,17.36,18.63,12.63,8.8,14.24,13.48,-0.1933,-0.2067,-0.0191
EMP007,2026-03-25,18.29,17.79,19.67,13.33,9.23,14.67,13.2,-0.242,-0.2398,-0.0527
EMP007,2026-03-26,18.57,18.29,19.73,13.33,9.57,14.94,13.26,-0.0779,-0.0707,0.022
EMP007,2026-03-27,26.57,22.14,20.5,13.53,9.83,17.61,14.6,0.2476,0.1771,0.1462
EMP007,2026-03-28,35.86,26.36,22.57,13.57,10.03,25.85,18.41,0.6543,0.3099,0.2271
EMP007,2026-03-29,37.0,26.86,21.9,13.2,9.97,24.79,18.24,0.7179,0.3248,0.2805
EMP007,2026-03-30,37.0,26.86,21.17,12.8,9.7,24.79,18.66,0.5773,0.2314,0.2027
EMP007,2026-03-31,39.71,28.71,22.43,13.4,10.53,25.88,19.79,0.8069,0.3101,0.3279
EMP008,2026-01-01,0.0,0.0,0.0,0.0,0.0,0.0,0.0,0.0,0.0,0.0
EMP008,2026-01-02,0.0,0.0,0.0,0.0,0.0,0.0,0.0,0.0,0.0,0.0
EMP008,2026-01-03,9.0,9.0,9.0,9.0,9.5,9.0,9.0,0.0,0.0,0.0
EMP008,2026-01-04,10.33,10.33,10.33,7.67,8.33,7.59,7.59,6.5,2.5,3.0
EMP008,2026-01-05,7.75,7.75,7.75,5.75,6.25,7.95,7.95,-0.5,-1.3,-1.3
EMP008,2026-01-06,9.8,9.8,9.8,7.2,7.2,8.21,8.21,1.8,0.8,0.3
EMP008,2026-01-07,12.83,12.83,12.83,8.33,7.67,10.11,10.11,3.6286,1.4286,0.5714
EMP008,2026-01-08,13.43,13.43,13.43,9.29,8.57,9.47,9.47,2.7143,1.6071,1.0357
EMP008,2026-01-09,16.0,14.0,14.0,9.75,8.62,7.76,8.99,2.1905,1.381,0.7262
EMP008,2026-01-10,15.43,14.0,14.0,9.56,8.78,7.74,8.47,1.5333,0.85,0.6
EMP008,2026-01-11,13.57,12.6,12.6,8.6,7.9,9.47,9.07,0.3515,0.097,-0.0424
EMP008,2026-01-12,13.57,11.45,11.45,7.82,7.18,9.47,9.37,-0.3091,-0.3182,-0.3909
EMP008,2026-01-13,11.0,10.5,10.5,7.17,6.58,10.32,9.52,-0.6783,-0.5455,-0.5769
EMP008,2026-01-14,9.71,11.15,11.15,7.62,6.85,8.53,9.42,-0.2527,-0.2363,-0.3407
EMP008,2026-01-15,7.43,10.43,10.43,7.07,6.36,8.42,9.45,-0.4923,-0.4066,-0.4681
EMP008,2026-01-16,6.86,11.43,10.67,7.87,6.93,7.79,9.17,-0.3107,-0.0321,-0.1643
EMP008,2026-01-17,9.14,12.29,11.88,8.88,7.5,11.17,10.04,0.1706,0.3294,0.0647
EMP008,2026-01-18,10.86,12.21,11.88,8.59,7.29,10.53,9.74,0.1446,0.1789,-0.0147
EMP008,2026-01-19,10.86,12.21,11.22,8.11,6.89,10.53,9.85,-0.0867,0.0,-0.1404
EMP008,2026-01-20,13.86,12.43,11.74,8.26,6.95,9.99,9.83,0.0807,0.0456,-0.1018
EMP008,2026-01-21,14.43,12.07,12.3,8.4,7.15,10.38,9.89,0.2301,0.0782,-0.0293
EMP008,2026-01-22,17.57,12.5,12.81,8.9,7.48,9.08,9.92,0.3377,0.2052,0.0636
EMP008,2026-01-23,18.71,12.79,13.23,8.95,7.45,9.07,9.88,0.4026,0.1914,0.0497
EMP008,2026-01-24,14.43,11.79,12.65,8.57,7.13,9.78,10.03,0.2085,0.0702,-0.0375
EMP008,2026-01-25,13.57,12.21,12.38,8.42,6.96,10.21,9.91,0.117,0.0261,-0.0743
EMP008,2026-01-26,13.57,12.21,11.88,8.08,6.68,10.21,10.01,-0.0108,-0.0546,-0.13
EMP008,2026-01-27,10.57,12.21,11.42,7.77,6.42,10.66,10.07,-0.1111,-0.1176,-0.1726
EMP008,2026-01-28,9.71,12.07,11.63,8.33,6.59,9.84,9.94,-0.0549,0.0159,-0.1178
EMP008,2026-01-29,8.86,13.21,11.82,8.68,6.86,8.85,9.81,-0.0096,0.0857,-0.0509
EMP008,2026-01-30,10.29,14.5,12.52,8.79,7.1,11.32,10.32,0.1305,0.1,0.0034
EMP008,2026-01-31,15.43,14.93,13.3,9.3,7.2,13.46,10.99,0.2694,0.1884,0.0218
EMP008,2026-02-01,15.57,14.57,13.53,9.53,7.33,13.36,10.78,0.137,0.1095,-0.0485
EMP008,2026-02-02,15.57,14.57,12.93,8.93,6.7,13.36,11.01,0.0805,0.1063,-0.0154
EMP008,2026-02-03,20.57,15.57,13.67,9.4,6.93,13.15,11.7,0.2234,0.1442,0.0205
EMP008,2026-02-04,22.86,16.29,14.77,10.3,7.37,13.71,11.91,0.2538,0.1929,0.0118
EMP008,2026-02-05,22.71,15.79,14.7,10.27,7.27,13.77,11.9,0.2841,0.2225,0.0409
EMP008,2026-02-06,22.71,16.5,14.83,10.4,7.33,13.77,12.07,0.4874,0.2981,0.0903
EMP008,2026-02-07,21.0,18.21,15.07,10.37,7.4,12.72,12.18,0.5615,0.3531,0.1922
EMP008,2026-02-08,20.86,18.21,14.67,10.07,7.23,12.88,12.27,0.5232,0.3301,0.1813
EMP008,2026-02-09,20.86,18.21,14.2,9.8,6.9,12.88,12.55,0.424,0.2509,0.1537
EMP008,2026-02-10,19.57,20.07,15.07,10.23,7.27,11.81,12.44,0.4022,0.204,0.1326
EMP008,2026-02-11,17.86,20.36,15.77,10.8,7.7,10.53,12.16,0.3366,0.1771,0.1195
EMP008,2026-02-12,19.29,21.0,16.63,11.2,8.07,10.86,11.93,0.2939,0.1103,0.0877
EMP008,2026-02-13,16.86,19.79,16.5,11.3,8.1,9.57,11.92,0.2997,0.1537,0.1199
EMP008,2026-02-14,17.14,19.07,17.33,11.73,8.37,9.8,11.68,0.2541,0.0868,0.0634
EMP008,2026-02-15,17.57,19.21,17.17,11.27,8.03,9.36,11.76,0.1773,0.0934,0.0874
EMP008,2026-02-16,17.57,19.21,16.17,10.47,7.5,9.36,11.9,0.1551,0.1086,0.0905
EMP008,2026-02-17,18.71,19.14,16.9,10.77,7.83,10.71,12.29,0.2414,0.0803,0.1083
EMP008,2026-02-18,18.29,18.07,17.5,11.37,8.4,10.67,11.89,0.1319,0.0527,0.1135
EMP008,2026-02-19,17.86,18.57,17.57,11.77,8.53,10.41,11.91,0.1915,0.1253,0.1339
EMP008,2026-02-20,18.0,17.43,17.33,12.0,8.6,10.38,11.87,0.2189,0.1602,0.1798
EMP008,2026-02-21,18.0,17.57,17.43,11.87,8.6,10.38,11.93,0.3139,0.2278,0.2518
EMP008,2026-02-22,17.86,17.71,16.97,11.73,8.57,10.51,12.02,0.2845,0.1771,0.224
EMP008,2026-02-23,17.86,17.71,16.97,11.73,8.57,10.51,12.02,0.0581,0.0205,0.1097
EMP008,2026-02-24,15.86,17.29,17.43,12.13,8.93,8.36,11.85,0.002,0.008,0.1063
EMP008,2026-02-25,17.86,18.07,18.5,12.8,9.23,10.12,11.68,-0.0242,-0.0249,0.0452
EMP008,2026-02-26,17.86,17.86,19.27,13.33,9.73,10.12,11.18,-0.1228,-0.0925,0.0187
EMP008,2026-02-27,19.0,18.5,19.5,12.97,9.67,10.3,11.2,-0.1079,-0.0345,0.0227
EMP008,2026-02-28,20.86,19.43,20.23,12.77,9.73,12.36,11.72,0.0007,-0.006,0.0934
EMP008,2026-03-01,22.43,20.14,19.8,12.53,9.47,11.27,11.52,0.0739,-0.0614,0.0988
EMP008,2026-03-02,22.43,20.14,18.6,11.73,9.13,11.27,11.64,0.0578,-0.0632,0.0414
EMP008,2026-03-03,19.57,17.71,18.37,11.5,9.0,13.78,11.94,-0.1422,-0.1715,-0.0529
EMP008,2026-03-04,21.29,19.57,19.83,12.17,9.8,15.82,12.29,-0.1034,-0.196,-0.0182
EMP008,2026-03-05,20.29,19.07,19.2,11.9,9.93,15.9,11.98,-0.0236,-0.1564,0.0503
EMP008,2026-03-06,21.57,20.29,19.2,11.53,9.8,16.5,11.98,0.1606,-0.0258,0.0654
EMP008,2026-03-07,18.57,19.71,19.27,11.6,9.83,14.89,11.97,0.1308,-0.0067,0.0478
EMP008,2026-03-08,16.71,19.57,18.4,11.23,9.63,15.52,11.95,0.133,0.0078,0.038
EMP008,2026-03-09,16.71,19.57,17.6,10.77,9.1,15.52,12.35,0.0529,-0.0456,0.0198
EMP008,2026-03-10,20.86,20.21,18.37,11.37,9.27,14.33,12.32,0.0465,-0.0198,-0.016
EMP008,2026-03-11,17.0,19.14,18.93,12.13,9.8,10.77,11.84,-0.089,-0.0231,-0.0365
EMP008,2026-03-12,17.71,19.0,18.77,12.27,9.7,10.85,11.78,-0.0269,0.0142,-0.0398
EMP008,2026-03-13,16.0,18.79,18.77,12.1,9.5,9.1,11.78,0.0029,0.0452,-0.0345
EMP008,2026-03-14,16.29,17.43,18.57,12.13,9.57,9.19,11.7,0.0607,0.0503,-0.0016
EMP008,2026-03-15,16.43,16.57,18.3,11.73,9.37,9.04,11.87,-0.0385,0.0245,-0.0211
EMP008,2026-03-16,16.43,16.57,17.43,11.3,9.1,9.04,12.22,-0.1034,-0.0425,-0.091
EMP008,2026-03-17,14.57,17.71,17.67,11.53,9.47,7.46,12.13,-0.1709,-0.0814,-0.0747
EMP008,2026-03-18,12.14,14.57,17.67,11.53,9.47,8.9,12.13,-0.4067,-0.2354,-0.2011
EMP008,2026-03-19,12.71,15.21,17.37,11.77,9.3,9.56,11.83,-0.2467,-0.1706,-0.1729
EMP008,2026-03-20,14.29,15.14,17.83,11.63,9.0,11.5,12.11,-0.1479,-0.1132,-0.1281
EMP008,2026-03-21,13.71,15.0,17.6,11.3,8.97,11.3,12.08,-0.1241,-0.026,-0.0945
EMP008,2026-03-22,13.57,15.0,17.27,10.93,8.67,11.39,12.26,-0.21,-0.0076,-0.0988
EMP008,2026-03-23,13.57,15.0,16.4,10.43,8.2,11.39,12.52,-0.2612,-0.0501,-0.1179
EMP008,2026-03-24,14.71,14.64,16.93,10.97,8.5,11.96,12.5,-0.2701,-0.006,-0.0892
EMP008,2026-03-25,17.71,14.93,17.63,11.43,8.9,10.43,12.11,-0.3606,-0.0621,-0.1253
EMP008,2026-03-26,20.43,16.57,18.43,11.77,9.13,13.88,13.0,-0.1742,0.0768,-0.012
EMP008,2026-03-27,24.57,19.43,19.4,11.9,9.3,19.78,14.91,0.194,0.2125,0.0185
EMP008,2026-03-28,28.29,21.0,20.03,12.37,9.63,20.26,15.44,0.3646,0.3575,0.1591
EMP008,2026-03-29,29.0,21.29,19.6,12.43,9.67,19.54,15.51,0.3337,0.3655,0.1571
EMP008,2026-03-30,29.0,21.29,18.3,12.03,9.13,19.54,15.46,0.341,0.2823,0.1384
EMP008,2026-03-31,32.57,23.64,19.3,12.47,9.53,20.56,16.42,0.5439,0.2723,0.174
EMP009,2026-01-01,0.0,0.0,0.0,0.0,0.0,0.0,0.0,0.0,0.0,0.0
EMP009,2026-01-02,0.0,0.0,0.0,0.0,0.0,0.0,0.0,0.0,0.0,0.0
EMP009,2026-01-03,6.5,6.5,6.5,4.5,3.5,6.5,6.5,0.0,0.0,0.0
EMP009,2026-01-04,6.67,6.67,6.67,5.0,4.0,5.31,5.31,3.5,3.0,2.5
EMP009,2026-01-05,5.0,5.0,5.0,3.75,3.0,5.43,5.43,-0.6,-0.3,-0.2
EMP009,2026-01-06,8.2,8.2,8.2,5.0,4.8,8.03,8.03,2.9,1.1,1.7
EMP009,2026-01-07,11.33,11.33,11.33,7.33,5.5,10.14,10.14,4.3429,2.6286,1.5714
EMP009,2026-01-08,12.14,12.14,12.14,7.43,5.86,9.6,9.6,3.3214,1.7143,1.25
EMP009,2026-01-09,15.57,13.62,13.62,7.62,6.25,8.91,9.8,3.2024,1.2738,1.0952
EMP009,2026-01-10,16.43,14.22,14.22,8.56,6.67,8.91,9.39,2.6,1.45,1.0167
EMP009,2026-01-11,16.43,13.5,13.5,8.1,6.4,8.91,9.17,1.497,0.8061,0.5939
EMP009,2026-01-12,16.43,12.27,12.27,7.36,5.82,8.91,9.56,0.5091,0.2364,0.1545
EMP009,2026-01-13,15.57,12.5,12.5,7.33,6.08,8.72,9.19,0.4965,0.1678,0.2413
EMP009,2026-01-14,11.86,11.62,11.62,6.77,5.62,8.59,9.34,0.011,-0.1099,-0.011
EMP009,2026-01-15,13.14,12.64,12.64,7.5,5.93,9.85,9.74,0.4198,0.2044,0.1165
EMP009,2026-01-16,11.71,13.64,12.73,7.8,6.13,8.84,9.41,0.375,0.2786,0.1714
EMP009,2026-01-17,11.0,13.71,12.81,7.81,6.25,8.42,9.12,0.3368,0.2338,0.1824
EMP009,2026-01-18,10.57,13.5,12.29,7.71,6.18,8.68,9.09,0.1078,0.1593,0.1275
EMP009,2026-01-19,10.57,13.5,11.61,7.28,5.83,8.68,9.27,-0.1249,-0.001,-0.001
EMP009,2026-01-20,11.71,13.64,12.21,7.79,6.11,9.66,9.37,0.0737,0.1526,0.0807
EMP009,2026-01-21,14.43,13.14,12.6,7.9,6.4,8.91,9.29,0.1744,0.1624,0.1534
EMP009,2026-01-22,10.71,11.93,12.0,7.52,6.1,8.73,9.46,-0.013,0.0377,0.0494
EMP009,2026-01-23,12.43,12.07,12.64,7.77,6.14,10.25,9.69,0.1547,0.0977,0.0536
EMP009,2026-01-24,13.29,12.14,12.96,7.87,6.3,10.59,9.59,0.2154,0.1097,0.0889
EMP009,2026-01-25,14.0,12.29,12.79,7.79,6.21,10.1,9.43,0.15,0.0778,0.0552
EMP009,2026-01-26,14.0,12.29,12.28,7.48,5.96,10.1,9.57,0.0146,-0.0031,-0.0085
EMP009,2026-01-27,10.71,11.21,11.81,7.19,5.73,10.37,9.68,-0.092,-0.0667,-0.0585
EMP009,2026-01-28,11.71,13.07,12.37,7.48,5.89,11.5,9.92,0.0385,0.0024,-0.0183
EMP009,2026-01-29,14.43,12.57,12.61,7.61,6.07,10.62,9.82,0.0835,0.0282,0.0213
EMP009,2026-01-30,14.71,13.57,13.14,7.93,6.21,10.95,10.05,0.1813,0.0901,0.0463
EMP009,2026-01-31,15.14,14.21,13.47,8.23,6.33,11.2,10.04,0.2274,0.1399,0.0663
EMP009,2026-02-01,15.29,14.64,13.8,8.37,6.43,11.13,9.74,0.1121,0.0558,0.0011
EMP009,2026-02-02,15.29,14.64,13.37,8.07,6.2,11.13,10.05,0.0176,0.0062,-0.0365
EMP009,2026-02-03,17.29,14.0,13.6,8.5,6.43,9.32,9.99,-0.0222,0.0625,-0.0073
EMP009,2026-02-04,17.0,14.36,14.43,8.8,6.97,9.04,9.86,-0.0425,0.0071,0.01
EMP009,2026-02-05,17.14,15.79,14.4,8.77,6.8,9.08,9.84,0.0387,0.0167,0.0449
EMP009,2026-02-06,13.29,14.0,13.53,8.17,6.5,9.38,9.83,0.0392,0.0372,0.0162
EMP009,2026-02-07,12.57,13.86,13.57,8.2,6.47,8.78,9.85,0.0919,0.0414,0.0298
EMP009,2026-02-08,11.86,13.57,12.93,8.03,6.3,9.16,9.77,0.1086,0.0198,0.0314
EMP009,2026-02-09,11.86,13.57,12.3,7.5,5.97,9.16,9.97,0.067,0.0229,0.0162
EMP009,2026-02-10,12.14,14.71,12.6,7.7,6.07,9.25,9.94,0.0543,0.0149,0.0093
EMP009,2026-02-11,8.57,12.79,12.6,7.7,6.07,8.38,9.94,-0.1139,-0.0879,-0.0716
EMP009,2026-02-12,8.43,12.79,12.73,7.77,6.07,8.19,10.0,-0.0561,-0.0843,-0.0325
EMP009,2026-02-13,10.71,12.0,13.27,8.07,6.37,8.03,9.78,-0.1095,-0.1299,-0.0554
EMP009,2026-02-14,11.57,12.07,13.2,7.97,6.27,9.02,9.7,0.0476,-0.03,-0.0263
EMP009,2026-02-15,11.29,11.57,12.83,7.63,6.03,9.25,9.87,-0.0127,-0.0407,-0.0349
EMP009,2026-02-16,11.29,11.57,12.37,7.37,5.77,9.25,10.13,-0.0874,-0.0874,-0.0603
EMP009,2026-02-17,12.71,12.43,13.1,7.43,5.93,10.55,10.29,-0.0572,-0.0928,-0.0383
EMP009,2026-02-18,16.71,12.64,14.03,7.97,6.23,10.28,10.33,-0.0514,-0.0888,-0.0594
EMP009,2026-02-19,16.57,12.5,13.87,7.9,6.13,10.25,10.23,0.036,0.0189,-0.0151
EMP009,2026-02-20,16.86,13.79,13.83,7.97,6.07,10.29,10.21,0.1115,0.0598,0.0503
EMP009,2026-02-21,15.43,13.5,14.3,8.3,6.47,9.88,9.88,0.0171,0.018,0.0467
EMP009,2026-02-22,15.71,13.5,13.6,8.03,6.3,9.54,9.77,0.0378,0.0291,0.0216
EMP009,2026-02-23,15.71,13.5,12.93,7.7,5.97,9.54,9.99,-0.0058,-0.0091,0.0065
EMP009,2026-02-24,14.57,13.64,13.23,8.17,6.17,8.68,10.0,-0.0002,0.0585,0.0189
EMP009,2026-02-25,13.0,14.86,13.8,8.63,6.43,6.93,9.71,-0.0672,0.0398,-0.0118
EMP009,2026-02-26,12.43,14.5,14.27,9.13,6.63,6.65,9.37,-0.1611,0.0214,-0.059
EMP009,2026-02-27,9.71,13.29,13.37,8.63,6.3,7.26,9.4,-0.1653,0.0029,-0.0785
EMP009,2026-02-28,12.0,13.71,13.73,8.8,6.3,10.18,9.82,-0.0191,0.0667,-0.0158
EMP009,2026-03-01,13.14,14.43,13.23,8.43,6.13,9.78,9.45,0.0745,0.1052,0.0013
EMP009,2026-03-02,13.14,14.43,12.47,7.87,5.8,9.78,9.56,0.0565,0.1099,-0.0116
EMP009,2026-03-03,10.57,12.57,12.13,7.73,5.7,10.5,9.81,-0.0409,0.0325,-0.0683
EMP009,2026-03-04,12.86,12.93,13.23,8.07,6.13,13.08,10.23,0.01,-0.0062,-0.0605
EMP009,2026-03-05,14.43,13.43,13.6,7.97,6.13,13.76,10.45,0.0912,0.1204,0.0178
EMP009,2026-03-06,17.29,13.5,13.43,8.0,5.8,12.49,10.3,0.2111,0.1406,0.085
EMP009,2026-03-07,14.86,13.43,13.2,8.13,5.83,11.38,10.23,0.2536,0.1798,0.1075
EMP009,2026-03-08,14.0,13.57,13.4,8.23,5.97,11.71,10.05,0.1295,0.1039,0.0554
EMP009,2026-03-09,14.0,13.57,12.8,7.93,5.73,11.71,10.29,0.0747,0.0561,0.024
EMP009,2026-03-10,14.0,12.29,12.63,7.8,5.6,11.71,10.45,-0.0616,-0.0222,-0.0249
EMP009,2026-03-11,11.86,12.36,13.23,8.2,5.97,9.12,10.23,-0.1141,-0.0489,-0.0287
EMP009,2026-03-12,11.0,12.71,13.33,8.2,6.13,8.07,10.27,-0.0578,-0.0249,0.0174
EMP009,2026-03-13,10.86,14.07,13.97,8.5,6.47,7.92,10.01,-0.1132,-0.0763,0.0
EMP009,2026-03-14,12.29,13.57,14.1,8.63,6.43,9.0,10.1,-0.0202,-0.0438,0.0274
EMP009,2026-03-15,12.0,13.0,13.7,8.4,6.17,9.2,10.21,-0.059,-0.0841,0.01
EMP009,2026-03-16,12.0,13.0,12.9,7.93,5.93,9.2,10.32,-0.0763,-0.0997,-0.024
EMP009,2026-03-17,13.29,13.64,13.1,8.07,5.97,7.98,10.18,-0.1697,-0.1531,-0.0701
EMP009,2026-03-18,13.14,12.5,13.67,8.6,6.2,7.9,9.9,-0.2349,-0.1575,-0.1046
EMP009,2026-03-19,13.0,12.0,13.4,8.73,6.1,7.8,9.67,-0.1219,-0.1397,-0.0732
EMP009,2026-03-20,12.86,11.86,13.07,8.73,6.23,7.7,9.33,0.0085,-0.0427,-0.0087
EMP009,2026-03-21,11.57,11.93,12.93,8.77,6.27,6.57,9.29,0.0485,0.0474,0.0214
EMP009,2026-03-22,11.57,11.79,12.47,8.47,6.03,6.57,9.32,0.0392,0.0325,0.026
EMP009,2026-03-23,11.57,11.79,12.0,8.13,5.63,6.57,9.58,-0.0307,-0.0116,0.0283
EMP009,2026-03-24,12.14,12.71,12.27,8.4,5.9,6.49,9.49,-0.0725,-0.0018,0.0314
EMP009,2026-03-25,12.57,12.86,12.93,9.0,6.33,6.88,9.31,-0.1072,0.0022,0.0365
EMP009,2026-03-26,16.57,14.79,13.87,9.13,6.83,13.67,11.02,0.141,0.1749,0.1822
EMP009,2026-03-27,19.71,16.29,14.63,9.2,7.47,15.97,11.97,0.3313,0.2527,0.3204
EMP009,2026-03-28,21.71,16.64,15.1,9.8,7.73,16.01,12.2,0.4131,0.4463,0.3524
EMP009,2026-03-29,23.29,17.43,15.63,10.07,7.9,14.78,11.88,0.3148,0.3671,0.2814
EMP009,2026-03-30,23.29,17.43,14.63,9.53,7.53,14.78,11.89,0.313,0.343,0.2518
EMP009,2026-03-31,28.57,20.36,15.87,9.93,7.93,16.65,13.47,0.5299,0.3733,0.2954
EMP010,2026-01-01,0.0,0.0,0.0,0.0,0.0,0.0,0.0,0.0,0.0,0.0
EMP010,2026-01-02,0.0,0.0,0.0,0.0,0.0,0.0,0.0,0.0,0.0,0.0
EMP010,2026-01-03,31.5,31.5,31.5,27.0,8.0,31.5,31.5,0.0,0.0,0.0
EMP010,2026-01-04,27.67,27.67,27.67,22.0,8.0,26.28,26.28,10.0,6.0,4.0
EMP010,2026-01-05,20.75,20.75,20.75,16.5,6.0,25.72,25.72,-4.3,-4.2,-0.8
EMP010,2026-01-06,23.0,23.0,23.0,23.4,10.8,23.44,23.44,0.1,4.8,4.4
EMP010,2026-01-07,29.0,29.0,29.0,26.67,13.17,25.26,25.26,5.2,5.5429,4.5429
EMP010,2026-01-08,28.86,28.86,28.86,27.0,13.29,23.39,23.39,3.1429,3.7143,2.9286
EMP010,2026-01-09,32.86,28.75,28.75,28.25,13.5,20.3,21.88,2.0238,3.3095,2.0952
EMP010,2026-01-10,24.14,25.78,25.78,25.33,12.11,18.5,22.27,-0.3667,0.5667,0.6333
EMP010,2026-01-11,23.71,24.9,24.9,23.6,11.5,18.63,21.3,-0.7455,-0.5333,0.1273
EMP010,2026-01-12,23.71,22.64,22.64,21.45,10.45,18.63,21.53,-1.6909,-1.4727,-0.4273
EMP010,2026-01-13,23.71,23.42,23.42,22.17,11.67,18.63,20.77,-0.9406,-0.8042,0.2308
EMP010,2026-01-14,22.71,25.62,25.62,22.46,12.54,16.81,21.36,0.2033,-0.5055,0.5549
EMP010,2026-01-15,23.14,26.0,26.0,22.29,12.5,16.97,20.63,0.3165,-0.4747,0.4286
EMP010,2026-01-16,26.43,29.64,27.67,23.67,12.73,19.62,20.89,0.8821,0.1321,0.4357
EMP010,2026-01-17,34.14,29.14,29.44,23.75,13.06,19.1,21.35,1.3515,0.1382,0.475
EMP010,2026-01-18,34.29,29.0,28.76,23.41,12.88,18.98,20.89,0.902,0.0025,0.3358
EMP010,2026-01-19,34.29,29.0,27.17,22.11,12.17,18.98,21.34,0.2549,-0.4087,0.0568
EMP010,2026-01-20,36.86,30.29,28.37,22.26,12.95,19.7,21.39,0.5772,-0.3018,0.2825
EMP010,2026-01-21,35.71,29.21,29.15,22.45,14.3,19.01,21.13,0.718,-0.2053,0.6286
EMP010,2026-01-22,38.14,30.64,30.05,22.95,14.9,19.33,21.0,0.8649,-0.0403,0.7078
EMP010,2026-01-23,36.43,31.43,30.45,23.32,15.82,18.64,20.61,0.8583,0.0604,0.8538
EMP010,2026-01-24,34.0,34.07,30.83,23.43,15.91,16.96,20.23,0.8439,0.082,0.7708
EMP010,2026-01-25,33.43,33.86,30.12,23.04,15.62,17.55,20.09,0.5743,-0.0222,0.6091
EMP010,2026-01-26,33.43,33.86,28.92,22.12,15.0,17.55,20.55,0.23,-0.2323,0.3946
EMP010,2026-01-27,26.29,31.57,27.81,21.27,14.42,19.43,20.9,-0.0427,-0.3956,0.2226
EMP010,2026-01-28,26.71,31.21,28.52,22.04,14.81,19.84,20.83,0.1142,-0.1886,0.2827
EMP010,2026-01-29,24.43,31.29,28.64,22.11,15.14,18.1,20.46,0.1281,-0.1546,0.3213
EMP010,2026-01-30,29.86,33.14,30.31,23.21,15.03,25.74,21.96,0.4488,0.0808,0.2675
EMP010,2026-01-31,37.57,35.79,32.4,24.3,15.67,34.07,24.35,0.8098,0.2845,0.364
EMP010,2026-02-01,37.29,35.36,32.8,24.7,15.8,34.27,23.9,0.4547,0.0376,0.1806
EMP010,2026-02-02,37.29,35.36,30.7,22.9,15.27,34.27,23.93,0.4514,0.0803,0.0801
EMP010,2026-02-03,44.86,35.57,31.8,24.5,15.77,30.89,24.17,0.5215,0.2445,0.0799
EMP010,2026-02-04,44.71,35.71,33.33,26.03,16.33,30.88,23.55,0.3938,0.2142,-0.0209
EMP010,2026-02-05,44.86,34.64,33.37,25.23,15.7,30.82,23.55,0.3824,0.3927,0.0389
EMP010,2026-02-06,39.43,34.64,32.7,24.6,15.33,27.89,23.09,0.5956,0.5072,0.0921
EMP010,2026-02-07,32.29,34.93,33.2,24.5,15.47,17.85,23.15,0.6296,0.5466,0.1001
EMP010,2026-02-08,32.86,35.07,32.8,23.67,15.13,17.25,23.34,0.4828,0.5522,0.0294
EMP010,2026-02-09,32.86,35.07,32.73,23.6,15.1,17.25,23.43,0.0587,0.2501,-0.1657
EMP010,2026-02-10,30.57,37.71,33.4,24.17,15.53,15.39,23.26,-0.0222,0.1515,-0.2033
EMP010,2026-02-11,31.43,38.07,35.13,25.6,16.27,16.36,22.63,-0.1326,0.1063,-0.2687
EMP010,2026-02-12,31.86,38.36,35.27,25.83,15.73,16.44,22.62,-0.1486,0.2102,-0.2554
EMP010,2026-02-13,31.86,35.64,34.83,26.13,15.3,16.44,22.42,-0.0091,0.2705,-0.2423
EMP010,2026-02-14,30.14,31.21,34.83,26.57,15.17,15.8,22.42,-0.0603,0.2725,-0.3121
EMP010,2026-02-15,30.14,31.5,33.67,25.63,14.87,15.8,22.46,-0.0703,0.3112,-0.3591
EMP010,2026-02-16,30.14,31.5,31.8,24.8,14.27,15.8,22.85,-0.1335,0.1415,-0.4334
EMP010,2026-02-17,31.43,31.0,32.73,25.03,14.57,16.65,22.84,-0.137,0.0959,-0.4323
EMP010,2026-02-18,32.57,32.0,34.73,26.6,14.83,18.22,22.51,-0.1869,0.065,-0.5751
EMP010,2026-02-19,32.0,31.93,34.13,27.23,14.23,18.17,22.34,-0.0992,0.1662,-0.5288
EMP010,2026-02-20,30.86,31.36,33.7,27.97,13.17,17.94,22.27,-0.0514,0.2917,-0.3913
EMP010,2026-02-21,32.0,31.07,33.4,28.07,12.63,18.17,22.13,0.0814,0.3782,-0.3099
EMP010,2026-02-22,32.29,31.21,32.7,27.53,11.6,17.93,22.28,0.0207,0.3141,-0.2113
EMP010,2026-02-23,32.29,31.21,31.4,26.67,11.0,17.93,23.0,-0.1468,0.1259,-0.242
EMP010,2026-02-24,29.29,30.36,31.77,26.93,10.8,17.12,22.8,-0.3081,0.0085,-0.3075
EMP010,2026-02-25,28.43,30.5,33.57,29.03,11.1,15.65,22.35,-0.3838,0.0554,-0.3935
EMP010,2026-02-26,29.14,30.57,34.8,30.47,11.43,15.91,21.47,-0.5931,-0.0547,-0.4772
EMP010,2026-02-27,29.43,30.14,34.33,30.7,10.83,15.95,21.35,-0.5206,0.1444,-0.4122
EMP010,2026-02-28,29.14,30.57,34.5,30.9,10.37,15.8,21.35,-0.5195,0.0937,-0.3268
EMP010,2026-03-01,29.86,31.07,32.7,29.6,10.03,15.38,19.92,-0.3006,0.1504,-0.3695
EMP010,2026-03-02,29.86,31.07,29.6,27.73,8.9,15.38,17.37,-0.0957,0.1415,-0.269
EMP010,2026-03-03,26.29,27.79,29.2,27.33,8.77,18.65,17.9,-0.408,-0.1459,-0.3602
EMP010,2026-03-04,28.0,28.21,31.4,28.6,9.03,21.46,18.23,-0.372,-0.2656,-0.4256
EMP010,2026-03-05,28.0,28.57,30.87,27.43,8.4,21.46,17.82,-0.1869,-0.0723,-0.3617
EMP010,2026-03-06,27.57,28.5,30.33,26.8,7.9,21.39,17.59,-0.0881,0.0529,-0.3437
EMP010,2026-03-07,26.86,28.0,30.3,26.77,7.63,21.14,17.59,-0.059,0.0492,-0.3539
EMP010,2026-03-08,26.14,28.0,29.6,26.27,7.2,21.34,17.65,-0.0783,-0.0845,-0.3528
EMP010,2026-03-09,26.14,28.0,28.17,25.4,6.6,21.34,18.24,-0.1769,-0.2558,-0.3248
EMP010,2026-03-10,32.43,29.36,29.1,26.07,7.33,19.08,18.31,-0.1586,-0.3057,-0.2042
EMP010,2026-03-11,28.71,28.36,30.43,27.5,7.37,14.05,17.58,-0.289,-0.3762,-0.2957
EMP010,2026-03-12,30.57,29.29,30.87,27.47,6.77,15.77,17.9,-0.1175,-0.416,-0.2565
EMP010,2026-03-13,30.29,28.93,30.07,26.9,6.07,15.8,17.46,0.0098,-0.3184,-0.1887
EMP010,2026-03-14,25.71,26.29,28.87,25.67,5.77,18.96,18.24,-0.1433,-0.4222,-0.2076
EMP010,2026-03-15,23.29,24.71,27.6,24.53,5.43,20.79,18.8,-0.2532,-0.517,-0.2156
EMP010,2026-03-16,23.29,24.71,26.57,23.43,5.17,20.79,19.42,-0.4078,-0.6169,-0.2329
EMP010,2026-03-17,22.57,27.5,27.33,23.83,4.97,20.14,19.45,-0.4004,-0.6521,-0.2472
EMP010,2026-03-18,23.57,26.14,28.9,24.83,5.83,21.13,19.07,-0.4621,-0.7766,-0.1457
EMP010,2026-03-19,23.86,27.21,29.1,24.77,5.2,21.5,19.28,-0.1951,-0.7873,-0.0925
EMP010,2026-03-20,26.71,28.5,28.7,24.03,4.97,23.13,18.75,0.1399,-0.6325,-0.1003
EMP010,2026-03-21,32.29,29.0,28.93,24.03,4.67,20.58,18.83,0.2291,-0.366,-0.1046
EMP010,2026-03-22,34.43,28.86,28.43,22.83,4.4,17.8,18.97,0.16,-0.2783,-0.1117
EMP010,2026-03-23,34.43,28.86,27.13,21.63,4.03,17.8,19.53,0.0494,-0.3348,-0.0945
EMP010,2026-03-24,34.0,28.29,27.73,22.17,3.93,17.72,19.52,0.0436,-0.3201,-0.1143
EMP010,2026-03-25,34.43,29.0,29.4,23.83,3.93,18.06,19.21,-0.004,-0.2934,-0.1669
EMP010,2026-03-26,27.0,25.43,28.57,23.1,3.83,19.91,19.91,-0.224,-0.4598,-0.1987
EMP010,2026-03-27,31.14,28.93,29.33,23.1,3.57,25.95,21.27,0.2638,0.0727,-0.1813
EMP010,2026-03-28,41.0,36.64,31.7,24.43,3.27,37.57,25.52,0.8242,0.5964,-0.1535
EMP010,2026-03-29,40.71,37.57,31.07,23.27,3.03,37.76,25.72,0.719,0.6986,-0.1488
EMP010,2026-03-30,40.71,37.57,29.83,22.27,2.7,37.76,26.28,0.5595,0.5949,-0.1204
EMP010,2026-03-31,48.57,41.29,32.1,24.07,2.7,41.5,28.44,0.907,0.8463,-0.1297
EMP011,2026-01-01,0.0,0.0,0.0,0.0,0.0,0.0,0.0,0.0,0.0,0.0
EMP011,2026-01-02,0.0,0.0,0.0,0.0,0.0,0.0,0.0,0.0,0.0,0.0
EMP011,2026-01-03,16.5,16.5,16.5,20.0,11.0,16.5,16.5,0.0,0.0,0.0
EMP011,2026-01-04,17.0,17.0,17.0,18.67,10.67,13.49,13.49,9.0,8.0,5.0
EMP011,2026-01-05,12.75,12.75,12.75,14.0,8.0,13.81,13.81,-1.5,-2.4,-1.2
EMP011,2026-01-06,18.4,18.4,18.4,18.4,8.8,16.74,16.74,4.9,3.2,0.2
EMP011,2026-01-07,22.67,22.67,22.67,21.0,11.33,18.02,18.02,6.4571,4.0571,2.2857
EMP011,2026-01-08,24.86,24.86,24.86,23.43,13.0,17.52,17.52,5.6786,4.3571,2.6786
EMP011,2026-01-09,31.86,27.88,27.88,24.62,13.12,15.91,18.23,5.7976,3.7024,1.869
EMP011,2026-01-10,32.29,28.78,28.78,25.89,13.78,15.97,17.38,4.6,3.35,1.7
EMP011,2026-01-11,29.86,26.0,26.0,23.4,12.4,18.97,18.47,1.8303,1.0788,0.4848
EMP011,2026-01-12,29.86,23.64,23.64,21.27,11.27,18.97,19.13,0.1909,-0.2545,-0.2
EMP011,2026-01-13,30.0,25.17,25.17,22.33,11.67,19.06,19.01,0.8531,0.2937,0.028
EMP011,2026-01-14,27.14,25.08,25.08,22.69,11.54,18.22,18.26,0.6319,0.3846,-0.033
EMP011,2026-01-15,25.71,25.29,25.29,23.36,11.57,17.7,17.62,0.589,0.5736,-0.0132
EMP011,2026-01-16,23.57,27.71,25.87,23.87,11.53,15.53,17.16,0.6964,0.6571,-0.025
EMP011,2026-01-17,22.57,27.43,26.06,24.69,11.88,14.91,16.63,0.6426,0.8309,0.1
EMP011,2026-01-18,24.57,27.21,25.41,24.06,11.59,12.65,16.34,0.3186,0.4828,-0.0123
EMP011,2026-01-19,24.57,27.21,24.0,22.72,10.94,12.65,16.91,-0.1775,-0.0155,-0.2136
EMP011,2026-01-20,23.71,26.86,24.63,23.53,11.58,11.6,16.68,0.0386,0.2281,0.0088
EMP011,2026-01-21,26.14,26.64,25.45,23.9,12.3,13.09,16.64,0.2669,0.3023,0.2135
EMP011,2026-01-22,28.29,27.0,26.29,24.52,12.19,14.38,16.67,0.4584,0.4312,0.1545
EMP011,2026-01-23,28.71,26.14,26.77,24.64,12.36,14.59,16.44,0.5257,0.4043,0.1796
EMP011,2026-01-24,30.43,26.5,27.39,25.26,12.7,15.21,16.34,0.6146,0.5099,0.2401
EMP011,2026-01-25,29.57,27.07,26.62,24.67,12.46,16.19,16.41,0.357,0.3061,0.1543
EMP011,2026-01-26,29.57,27.07,25.56,23.68,11.96,16.19,16.9,0.07,0.0431,0.0215
EMP011,2026-01-27,24.43,24.07,24.58,22.77,11.5,18.84,17.29,-0.1562,-0.1641,-0.0831
EMP011,2026-01-28,18.86,22.5,23.74,22.04,11.15,18.88,17.49,-0.3187,-0.3034,-0.1496
EMP011,2026-01-29,16.86,22.57,23.93,22.0,11.39,16.85,17.2,-0.2469,-0.2797,-0.0835
EMP011,2026-01-30,22.57,25.64,25.76,22.55,11.48,26.65,19.48,0.1438,-0.1414,-0.0571
EMP011,2026-01-31,28.86,29.64,27.73,22.8,11.93,34.33,21.91,0.5121,-0.0796,0.0356
EMP011,2026-02-01,30.0,29.79,28.3,23.37,12.23,33.78,21.4,0.2516,-0.2743,-0.0656
EMP011,2026-02-02,30.0,29.79,27.2,22.03,11.5,33.78,21.97,0.1014,-0.3103,-0.0772
EMP011,2026-02-03,34.86,29.64,27.73,23.17,12.07,31.48,21.93,0.0819,-0.1715,0.0125
EMP011,2026-02-04,40.43,29.64,29.1,24.17,12.8,28.48,21.43,-0.0238,-0.2872,-0.0067
EMP011,2026-02-05,41.14,29.0,28.87,23.77,12.87,28.25,21.34,0.0899,-0.2067,-0.0044
EMP011,2026-02-06,36.57,29.57,28.9,23.67,12.5,24.41,21.37,0.2983,-0.0894,0.0732
EMP011,2026-02-07,30.0,29.43,28.93,23.63,12.53,14.77,21.38,0.4263,0.0954,0.2198
EMP011,2026-02-08,29.43,29.71,27.73,23.03,12.2,15.33,21.23,0.4618,0.1043,0.1749
EMP011,2026-02-09,29.43,29.71,26.53,21.83,11.57,15.33,21.74,0.3399,0.0452,0.143
EMP011,2026-02-10,32.43,33.64,28.33,23.13,11.93,17.79,21.79,0.3475,0.0187,0.0596
EMP011,2026-02-11,33.71,37.07,30.0,23.83,12.77,18.67,21.47,0.2919,-0.1546,0.0616
EMP011,2026-02-12,35.14,38.14,30.07,23.57,12.57,19.01,21.51,0.465,-0.0705,0.0661
EMP011,2026-02-13,32.43,34.5,30.13,23.3,12.6,18.77,21.49,0.3969,-0.0763,0.0383
EMP011,2026-02-14,30.14,30.07,29.97,22.83,12.73,18.8,21.53,0.3362,-0.0505,0.0561
EMP011,2026-02-15,28.29,28.86,28.83,21.8,12.37,20.93,22.17,0.1706,-0.1415,-0.038
EMP011,2026-02-16,28.29,28.86,27.87,20.57,11.8,20.93,22.77,-0.0142,-0.1773,-0.0859
EMP011,2026-02-17,24.57,28.5,28.33,21.33,12.13,17.95,22.64,-0.0957,-0.1166,-0.0854
EMP011,2026-02-18,23.29,28.5,29.7,22.7,12.9,16.33,22.12,-0.2093,-0.1368,-0.099
EMP011,2026-02-19,22.0,28.57,29.67,22.97,12.67,14.95,22.11,-0.1317,0.119,-0.0093
EMP011,2026-02-20,23.0,27.71,29.4,22.73,12.27,15.41,22.02,-0.032,0.1811,0.0912
EMP011,2026-02-21,25.0,27.57,29.2,22.33,12.6,16.17,21.92,0.1108,0.2941,0.1255
EMP011,2026-02-22,27.43,27.86,28.53,21.9,12.23,13.24,21.98,0.0859,0.2725,0.0999
EMP011,2026-02-23,27.43,27.86,27.17,20.6,11.57,13.24,22.43,-0.0122,0.2492,0.0745
EMP011,2026-02-24,28.0,26.29,27.97,21.33,12.1,13.38,22.2,-0.0999,0.263,0.1168
EMP011,2026-02-25,26.29,24.79,28.93,22.3,12.57,12.34,21.58,-0.2861,0.1653,0.0456
EMP011,2026-02-26,25.86,23.93,30.0,23.1,13.37,12.08,20.9,-0.4659,0.0225,0.0327
EMP011,2026-02-27,28.0,25.5,31.53,23.73,13.73,14.28,20.48,-0.5428,-0.1232,-0.0481
EMP011,2026-02-28,29.71,27.36,32.2,24.57,14.0,15.89,20.71,-0.4476,0.0016,0.0605
EMP011,2026-03-01,31.71,29.57,30.67,23.63,13.7,15.02,18.96,-0.1464,0.0002,0.0024
EMP011,2026-03-02,31.71,29.57,27.83,22.63,12.87,15.02,16.87,0.0305,-0.1083,-0.008
EMP011,2026-03-03,27.0,27.5,27.27,22.07,12.57,18.62,17.5,-0.2238,-0.2932,-0.1177
EMP011,2026-03-04,32.43,29.36,29.5,23.67,13.33,23.35,18.14,-0.1555,-0.2781,-0.137
EMP011,2026-03-05,34.0,29.93,29.8,23.17,13.2,23.64,18.28,-0.0374,-0.0234,0.0196
EMP011,2026-03-06,27.14,27.57,28.43,22.17,12.47,25.48,18.92,-0.1524,-0.1257,-0.0049
EMP011,2026-03-07,24.0,26.86,28.2,21.8,12.4,23.89,18.89,-0.1232,-0.1722,0.0027
EMP011,2026-03-08,22.0,26.86,27.27,21.23,12.13,23.81,18.73,-0.0796,-0.1591,-0.0409
EMP011,2026-03-09,22.0,26.86,25.97,20.0,11.33,23.81,19.22,-0.1746,-0.1873,-0.0374
EMP011,2026-03-10,28.29,27.64,27.0,20.9,11.7,22.96,19.32,-0.1477,-0.0799,-0.0643
EMP011,2026-03-11,22.71,27.57,27.93,22.03,12.57,16.8,18.66,-0.3275,-0.1395,-0.0527
EMP011,2026-03-12,20.71,27.36,27.07,21.83,12.93,15.0,17.98,-0.1339,0.0616,-0.0027
EMP011,2026-03-13,26.29,26.71,26.7,22.03,12.43,13.43,17.61,0.1012,0.0892,0.0616
EMP011,2026-03-14,27.43,25.71,26.4,22.53,12.43,13.78,17.39,0.2741,0.2389,0.0291
EMP011,2026-03-15,26.71,24.36,25.93,22.37,12.23,14.42,17.58,0.1784,0.1595,-0.0287
EMP011,2026-03-16,26.71,24.36,25.17,21.77,11.7,14.42,18.18,-0.0091,-0.0149,-0.0816
EMP011,2026-03-17,26.57,27.43,26.6,22.67,12.17,14.25,17.84,-0.0676,-0.1313,-0.1475
EMP011,2026-03-18,26.71,24.71,27.57,24.13,12.83,14.27,17.14,-0.2356,-0.1499,-0.1809
EMP011,2026-03-19,27.57,24.14,27.77,24.0,12.73,14.56,17.19,-0.1778,-0.004,-0.1446
EMP011,2026-03-20,29.14,27.71,28.07,23.37,12.47,16.21,17.49,0.057,0.1003,-0.0592
EMP011,2026-03-21,29.29,28.36,28.1,22.8,12.6,16.26,17.51,0.156,0.2928,0.0138
EMP011,2026-03-22,30.0,28.36,27.57,22.47,12.27,15.58,17.59,0.1181,0.2443,-0.032
EMP011,2026-03-23,30.0,28.36,26.33,21.63,11.6,15.58,18.18,0.0053,0.1168,-0.0578
EMP011,2026-03-24,30.29,28.43,27.27,22.67,12.4,15.84,18.39,0.0614,0.2149,0.0089
EMP011,2026-03-25,33.43,30.07,28.97,23.77,12.97,17.38,18.15,0.0265,0.1253,-0.0469
EMP011,2026-03-26,36.14,31.86,29.67,24.4,13.53,18.83,18.69,0.2158,0.3711,0.1967
EMP011,2026-03-27,42.43,35.79,31.83,26.0,14.27,27.68,21.97,0.6263,0.7422,0.3448
EMP011,2026-03-28,43.43,36.36,32.2,26.0,13.97,27.55,22.06,0.6994,0.7155,0.4167
EMP011,2026-03-29,45.0,37.5,31.53,25.83,14.17,26.28,21.87,0.7813,0.6298,0.4425
EMP011,2026-03-30,45.0,37.5,29.9,24.3,13.3,26.28,22.33,0.6983,0.6022,0.4327
EMP011,2026-03-31,49.86,40.07,31.5,25.8,13.87,28.85,24.01,1.0227,0.7017,0.4316
EMP012,2026-01-01,0.0,0.0,0.0,0.0,0.0,0.0,0.0,0.0,0.0,0.0
EMP012,2026-01-02,0.0,0.0,0.0,0.0,0.0,0.0,0.0,0.0,0.0,0.0
EMP012,2026-01-03,34.0,34.0,34.0,22.0,8.0,34.0,34.0,0.0,0.0,0.0
EMP012,2026-01-04,30.33,30.33,30.33,18.33,7.33,28.24,28.24,11.5,5.5,3.0
EMP012,2026-01-05,22.75,22.75,22.75,13.75,5.5,27.76,27.76,-4.5,-3.3,-1.0
EMP012,2026-01-06,26.8,26.8,26.8,15.8,9.8,26.12,26.12,1.8,0.4,3.8
EMP012,2026-01-07,31.0,31.0,31.0,18.33,12.33,25.63,25.63,4.6286,2.4,4.3429
EMP012,2026-01-08,31.57,31.57,31.57,21.57,14.43,23.77,23.77,3.3214,3.9286,4.2857
EMP012,2026-01-09,38.57,33.75,33.75,22.25,16.5,20.42,22.97,3.6667,3.0714,4.2381
EMP012,2026-01-10,32.0,32.44,32.44,22.56,15.78,17.0,21.97,1.7833,2.3333,2.5333
EMP012,2026-01-11,31.29,31.0,31.0,21.4,14.7,17.47,21.28,0.5091,1.0667,1.2545
EMP012,2026-01-12,31.29,28.18,28.18,19.45,13.36,17.47,22.16,-1.0273,-0.1727,0.2727
EMP012,2026-01-13,28.14,27.58,27.58,19.5,13.67,17.05,21.31,-1.0664,-0.1119,0.3497
EMP012,2026-01-14,25.43,28.0,28.0,19.92,14.92,14.33,20.53,-0.6593,0.0934,0.8132
EMP012,2026-01-15,24.57,28.07,28.07,20.79,15.07,13.91,19.78,-0.4989,0.4198,0.7099
EMP012,2026-01-16,23.57,31.07,29.0,22.07,15.4,12.27,19.43,-0.0571,0.8214,0.7
EMP012,2026-01-17,25.0,28.5,29.19,23.12,15.62,12.58,18.82,0.0191,1.05,0.6559
EMP012,2026-01-18,25.29,28.29,28.65,22.71,15.24,12.44,18.39,-0.1642,0.7353,0.4167
EMP012,2026-01-19,25.29,28.29,27.06,21.44,14.39,12.44,19.04,-0.6409,0.2208,0.0836
EMP012,2026-01-20,28.86,28.5,28.05,22.84,14.58,14.17,19.01,-0.2456,0.607,0.1281
EMP012,2026-01-21,31.43,28.43,29.2,23.55,14.8,16.18,19.19,0.1173,0.7226,0.1729
EMP012,2026-01-22,27.86,26.21,28.0,22.57,14.19,18.86,19.48,-0.226,0.3571,-0.0169
EMP012,2026-01-23,27.14,25.36,28.41,23.27,14.64,18.4,19.12,-0.0898,0.4935,0.1016
EMP012,2026-01-24,27.71,26.36,28.74,24.39,15.3,18.6,18.77,0.004,0.7115,0.2559
EMP012,2026-01-25,27.71,26.5,28.38,23.88,15.08,18.6,18.45,-0.0839,0.5022,0.1722
EMP012,2026-01-26,27.71,26.5,27.24,22.92,14.48,18.6,18.92,-0.3362,0.2238,0.0131
EMP012,2026-01-27,21.14,25.0,26.19,22.04,13.92,19.1,19.28,-0.5316,0.0031,-0.1121
EMP012,2026-01-28,20.71,26.07,27.0,22.52,14.26,18.44,19.36,-0.3016,0.1056,-0.0281
EMP012,2026-01-29,27.0,27.43,27.75,23.25,14.18,19.16,19.4,-0.1152,0.246,-0.0419
EMP012,2026-01-30,21.71,24.43,26.79,22.45,13.69,20.71,19.73,-0.2951,0.0611,-0.1355
EMP012,2026-01-31,28.0,27.86,28.57,23.23,14.3,29.08,21.62,0.0768,0.2071,-0.0042
EMP012,2026-02-01,28.0,27.86,29.23,23.7,14.67,29.08,21.03,-0.1755,-0.0127,-0.1241
EMP012,2026-02-02,28.0,27.86,26.97,22.23,14.13,29.08,20.38,-0.0968,-0.0256,-0.2096
EMP012,2026-02-03,37.0,29.07,28.3,23.73,14.67,28.77,21.37,0.1083,0.1148,-0.2149
EMP012,2026-02-04,36.0,28.36,29.67,25.03,15.67,28.49,20.82,-0.0049,0.0496,-0.2171
EMP012,2026-02-05,34.71,30.86,29.53,25.67,15.4,28.12,20.74,0.1473,0.1584,-0.1175
EMP012,2026-02-06,43.57,32.64,29.87,26.07,15.17,25.43,21.18,0.5117,0.307,-0.0345
EMP012,2026-02-07,37.43,32.71,29.93,26.13,14.83,20.62,21.2,0.5931,0.5192,0.059
EMP012,2026-02-08,36.14,32.07,28.67,25.7,14.13,21.91,21.15,0.6024,0.4469,0.1393
EMP012,2026-02-09,36.14,32.07,27.93,24.87,13.8,21.91,21.75,0.3715,0.2763,0.0196
EMP012,2026-02-10,31.71,34.36,28.4,25.97,14.2,18.97,21.68,0.3293,0.3041,-0.0205
EMP012,2026-02-11,32.57,34.29,29.97,27.9,14.77,19.5,21.26,0.2534,0.3317,-0.1003
EMP012,2026-02-12,27.0,30.86,29.27,27.23,14.2,22.25,21.88,-0.0018,0.0972,-0.1802
EMP012,2026-02-13,24.29,33.93,29.6,27.6,13.93,18.68,22.01,0.1126,0.1384,-0.0209
EMP012,2026-02-14,22.86,30.14,29.53,28.2,14.2,18.03,22.02,0.0917,0.3132,0.0716
EMP012,2026-02-15,23.29,29.71,28.6,27.4,13.73,17.77,22.06,0.0774,0.3159,0.0587
EMP012,2026-02-16,23.29,29.71,27.53,26.1,13.1,17.77,22.64,-0.0836,0.2191,0.0065
EMP012,2026-02-17,23.86,27.79,28.07,26.83,13.8,18.11,22.64,-0.081,0.2263,0.0872
EMP012,2026-02-18,24.86,28.71,29.87,27.97,14.27,19.5,22.49,-0.1072,0.0874,-0.0067
EMP012,2026-02-19,30.57,28.79,29.67,27.23,14.53,17.09,22.37,0.0694,0.2129,0.0948
EMP012,2026-02-20,29.0,26.64,29.03,27.23,14.43,16.36,22.02,0.2316,0.3433,0.135
EMP012,2026-02-21,29.71,26.29,29.97,28.37,15.1,16.37,21.53,0.0781,0.2392,0.0981
EMP012,2026-02-22,29.71,26.5,29.2,27.6,14.5,16.37,21.67,0.0236,0.2194,0.1008
EMP012,2026-02-23,29.71,26.5,28.0,25.97,13.5,16.37,22.25,-0.1179,0.1889,0.1141
EMP012,2026-02-24,31.14,27.5,28.87,26.73,14.17,17.27,22.43,-0.057,0.1508,0.1964
EMP012,2026-02-25,30.0,27.43,30.4,28.13,15.0,15.93,21.97,-0.1455,0.065,0.1686
EMP012,2026-02-26,28.43,29.5,31.37,29.1,15.53,15.4,21.24,-0.3642,-0.1235,0.0716
EMP012,2026-02-27,32.86,30.93,31.87,28.9,15.63,19.66,21.79,-0.0454,-0.0834,0.1907
EMP012,2026-02-28,36.29,33.0,32.13,29.07,15.93,21.24,22.04,0.2216,0.137,0.2002
EMP012,2026-03-01,37.0,33.36,32.77,29.77,16.3,20.55,21.37,-0.0848,-0.1155,0.0585
EMP012,2026-03-02,37.0,33.36,30.1,28.23,15.23,20.55,20.27,0.0296,-0.1956,0.0616
EMP012,2026-03-03,30.43,30.79,29.43,27.77,14.87,23.73,20.91,-0.2343,-0.4759,-0.0659
EMP012,2026-03-04,31.0,30.5,31.1,29.7,15.97,24.14,20.49,-0.3046,-0.4723,-0.0514
EMP012,2026-03-05,33.43,30.93,30.53,29.2,16.0,24.67,19.82,0.0116,-0.218,0.0356
EMP012,2026-03-06,30.71,31.79,30.63,29.1,15.53,22.19,19.88,0.1706,-0.1066,0.1321
EMP012,2026-03-07,27.71,32.0,30.5,28.97,15.47,19.86,19.84,0.2565,0.0532,0.1655
EMP012,2026-03-08,25.0,31.0,28.43,27.53,14.87,22.05,19.68,0.277,-0.0369,0.0832
EMP012,2026-03-09,25.0,31.0,27.2,26.1,14.3,22.05,20.25,0.1526,-0.1079,0.002
EMP012,2026-03-10,31.14,30.79,28.27,26.93,14.53,20.13,20.21,0.1428,-0.1081,-0.0102
EMP012,2026-03-11,29.0,30.0,29.43,27.9,15.53,18.76,19.55,-0.0087,-0.2805,-0.0107
EMP012,2026-03-12,27.14,30.29,29.47,27.9,15.53,17.59,19.55,0.032,-0.0656,0.0089
EMP012,2026-03-13,26.14,28.43,29.13,26.77,15.33,16.79,19.34,0.2016,0.1168,-0.0102
EMP012,2026-03-14,26.29,27.0,30.33,28.47,16.07,16.87,18.59,0.0449,0.0885,-0.073
EMP012,2026-03-15,28.43,26.71,29.4,27.63,15.57,14.12,18.64,0.0334,0.0278,-0.0905
EMP012,2026-03-16,28.43,26.71,28.5,25.97,14.73,14.12,19.37,-0.1729,0.0038,-0.1259
EMP012,2026-03-17,27.86,29.5,29.33,26.3,14.93,13.59,19.26,-0.2051,-0.0647,-0.2038
EMP012,2026-03-18,28.43,28.71,30.63,27.07,15.63,13.96,18.54,-0.3451,-0.2674,-0.2676
EMP012,2026-03-19,28.14,27.64,30.47,26.77,15.23,13.88,18.52,-0.3057,-0.1795,-0.1533
EMP012,2026-03-20,29.29,27.71,30.17,26.57,15.47,14.86,18.2,-0.0496,-0.1217,-0.1246
EMP012,2026-03-21,31.0,28.64,30.43,27.33,15.33,16.17,18.4,0.1333,0.0191,-0.0098
EMP012,2026-03-22,31.43,29.93,29.97,26.6,15.1,15.77,18.53,0.0638,0.0062,-0.0461
EMP012,2026-03-23,31.43,29.93,28.9,25.37,14.37,15.77,19.29,-0.1155,-0.0937,-0.0959
EMP012,2026-03-24,31.14,29.5,29.67,25.83,14.7,15.65,19.14,-0.166,-0.1417,-0.143
EMP012,2026-03-25,30.86,29.64,30.9,27.37,15.27,15.52,18.37,-0.3232,-0.1898,-0.2296
EMP012,2026-03-26,41.14,34.64,32.8,28.5,15.6,29.64,22.35,0.2461,0.1315,0.0316
EMP012,2026-03-27,48.43,38.86,34.47,29.83,16.23,35.4,24.98,0.7448,0.5697,0.2796
EMP012,2026-03-28,54.14,42.57,36.43,30.57,17.17,38.01,26.73,1.0525,0.7006,0.4572
EMP012,2026-03-29,55.86,43.64,35.33,30.73,16.77,36.58,26.29,1.1942,0.7119,0.4977
EMP012,2026-03-30,55.86,43.64,33.47,29.13,16.07,36.58,26.74,1.1088,0.6327,0.4187
EMP012,2026-03-31,60.86,46.0,35.23,30.3,17.37,36.05,27.47,1.2576,0.7499,0.6027
EMP013,2026-01-01,0.0,0.0,0.0,0.0,0.0,0.0,0.0,0.0,0.0,0.0
EMP013,2026-01-02,0.0,0.0,0.0,0.0,0.0,0.0,0.0,0.0,0.0,0.0
EMP013,2026-01-03,19.0,19.0,19.0,26.0,9.0,19.0,19.0,0.0,0.0,0.0
EMP013,2026-01-04,18.67,18.67,18.67,20.33,9.33,15.52,15.52,9.0,4.5,5.0
EMP013,2026-01-05,14.0,14.0,14.0,15.25,7.0,15.68,15.68,-2.0,-4.3,-0.8
EMP013,2026-01-06,14.4,14.4,14.4,15.0,7.4,14.05,14.05,-0.6,-2.4,0.0
EMP013,2026-01-07,17.17,17.17,17.17,18.33,9.67,14.24,14.24,2.0286,1.4857,1.9429
EMP013,2026-01-08,14.71,14.71,14.71,15.71,8.29,14.49,14.49,-0.5714,-1.0357,0.1786
EMP013,2026-01-09,21.14,18.5,18.5,17.25,10.12,16.39,16.85,2.1429,0.3333,1.3452
EMP013,2026-01-10,20.71,20.33,20.33,20.44,10.78,15.98,16.71,2.6,2.15,1.3333
EMP013,2026-01-11,19.86,19.5,19.5,19.2,10.0,16.26,16.05,1.4364,0.8848,0.5455
EMP013,2026-01-12,19.86,17.73,17.73,17.45,9.09,16.26,16.3,0.1909,-0.2091,-0.0455
EMP013,2026-01-13,23.14,19.5,19.5,19.92,9.42,17.43,16.68,0.965,0.9755,0.1154
EMP013,2026-01-14,26.29,22.08,22.08,21.46,10.77,20.31,18.34,1.8626,1.4286,0.6703
EMP013,2026-01-15,30.0,22.36,22.36,21.86,11.21,17.32,17.7,1.6022,1.3011,0.7143
EMP013,2026-01-16,26.71,23.93,22.33,22.13,12.07,16.32,17.1,1.2929,1.1607,0.9
EMP013,2026-01-17,28.0,24.36,23.69,22.75,12.12,17.25,17.37,1.5426,1.1735,0.7618
EMP013,2026-01-18,27.86,23.86,22.94,22.35,11.76,17.38,17.11,1.0368,0.8456,0.5147
EMP013,2026-01-19,27.86,23.86,21.67,21.11,11.11,17.38,17.44,0.4706,0.3199,0.227
EMP013,2026-01-20,27.29,25.21,22.37,21.63,11.79,17.07,17.24,0.6105,0.4281,0.3965
EMP013,2026-01-21,20.14,23.21,21.4,20.7,11.25,15.17,17.32,0.2466,0.1008,0.1857
EMP013,2026-01-22,19.43,24.71,21.38,20.52,11.38,14.99,16.9,0.2078,0.039,0.1961
EMP013,2026-01-23,21.71,24.21,22.14,21.32,12.05,16.37,16.87,0.3778,0.2411,0.3439
EMP013,2026-01-24,15.43,21.71,21.17,20.39,11.52,14.99,17.11,0.0899,-0.0208,0.17
EMP013,2026-01-25,16.14,22.0,20.96,19.96,11.25,14.88,16.78,0.0274,-0.1222,0.0843
EMP013,2026-01-26,16.14,22.0,20.12,19.16,10.8,14.88,16.95,-0.1692,-0.2923,-0.0292
EMP013,2026-01-27,11.14,19.21,19.35,18.42,10.38,13.53,17.06,-0.3224,-0.4236,-0.1183
EMP013,2026-01-28,16.57,18.36,20.15,18.96,10.85,16.47,17.24,-0.116,-0.2625,-0.0055
EMP013,2026-01-29,17.14,18.29,20.32,18.96,10.71,16.69,16.95,-0.0681,-0.2351,-0.0334
EMP013,2026-01-30,21.43,21.57,21.97,19.24,11.21,23.82,18.79,0.2675,-0.1562,0.0685
EMP013,2026-01-31,29.43,22.43,23.1,20.07,11.53,24.67,19.46,0.4612,0.0187,0.125
EMP013,2026-02-01,30.0,23.07,23.77,20.43,11.93,24.4,18.99,0.2819,-0.1782,0.0485
EMP013,2026-02-02,30.0,23.07,22.5,18.7,11.33,24.4,19.27,0.2267,-0.0923,0.0133
EMP013,2026-02-03,37.71,24.43,23.7,20.1,11.77,22.12,20.05,0.3989,0.0492,0.0794
EMP013,2026-02-04,40.0,28.29,25.6,21.5,12.4,23.15,20.42,0.4503,0.0518,0.0449
EMP013,2026-02-05,41.57,29.36,26.27,22.03,12.7,22.44,20.42,0.4512,0.0549,0.0576
EMP013,2026-02-06,37.14,29.29,26.47,22.13,12.7,19.67,20.49,0.5531,0.2474,0.1684
EMP013,2026-02-07,34.43,31.93,27.7,23.07,13.37,18.13,19.97,0.4385,0.1326,0.1279
EMP013,2026-02-08,32.43,31.21,26.4,22.3,12.7,20.26,20.07,0.4178,0.0501,0.1275
EMP013,2026-02-09,32.43,31.21,25.23,20.77,12.17,20.26,20.55,0.3068,0.0696,0.0683
EMP013,2026-02-10,31.29,34.5,26.37,21.7,12.9,19.21,20.72,0.3495,0.0799,0.0879
EMP013,2026-02-11,27.71,33.86,27.43,23.0,13.33,16.18,20.15,0.204,0.0418,-0.0004
EMP013,2026-02-12,28.0,34.79,27.4,22.3,13.4,16.34,20.14,0.3519,0.2267,0.008
EMP013,2026-02-13,27.43,32.29,26.73,21.93,13.17,16.09,19.6,0.5646,0.392,0.1444
EMP013,2026-02-14,27.86,31.14,27.2,22.03,13.4,16.37,19.74,0.6452,0.479,0.2407
EMP013,2026-02-15,28.43,30.43,26.8,21.63,12.9,15.66,19.97,0.4983,0.4545,0.2854
EMP013,2026-02-16,28.43,30.43,25.33,20.57,12.47,15.66,20.26,0.444,0.3864,0.2029
EMP013,2026-02-17,28.14,29.71,26.43,21.3,12.8,15.35,20.35,0.4656,0.4674,0.1811
EMP013,2026-02-18,28.29,28.0,27.53,22.27,13.23,15.39,19.77,0.3257,0.3702,0.0941
EMP013,2026-02-19,27.86,27.93,27.53,21.97,13.13,15.15,19.77,0.4254,0.4287,0.2185
EMP013,2026-02-20,27.71,27.57,28.5,22.87,13.63,15.11,19.25,0.285,0.3497,0.1533
EMP013,2026-02-21,28.57,28.21,29.33,23.63,13.93,15.93,19.45,0.3462,0.4198,0.2162
EMP013,2026-02-22,29.43,28.93,28.6,22.77,13.4,15.04,19.53,0.3199,0.4438,0.2741
EMP013,2026-02-23,29.43,28.93,28.6,22.77,13.4,15.04,19.53,-0.0618,0.1399,0.0952
EMP013,2026-02-24,28.71,28.43,29.37,23.67,13.77,14.44,19.47,-0.0816,0.1437,0.0541
EMP013,2026-02-25,30.86,29.57,30.97,24.83,14.7,15.95,18.95,-0.164,0.0536,0.0509
EMP013,2026-02-26,31.86,29.86,32.37,25.83,15.07,16.39,18.15,-0.3063,-0.0843,-0.0743
EMP013,2026-02-27,33.14,30.43,32.37,25.77,14.8,16.7,18.15,-0.1911,-0.0016,-0.02
EMP013,2026-02-28,31.57,30.07,32.7,25.97,15.0,15.92,18.1,-0.2249,-0.0532,-0.0854
EMP013,2026-03-01,32.43,30.93,31.17,25.57,14.43,15.2,16.96,-0.0505,-0.1168,-0.0616
EMP013,2026-03-02,32.43,30.93,29.3,24.1,13.73,15.2,17.2,-0.0803,-0.1546,-0.1095
EMP013,2026-03-03,26.86,27.79,28.63,23.73,13.33,18.55,17.92,-0.3335,-0.4004,-0.21
EMP013,2026-03-04,28.57,29.71,30.63,24.73,14.13,20.84,17.96,-0.3286,-0.5237,-0.2331
EMP013,2026-03-05,26.86,29.36,29.83,24.1,13.77,20.15,17.43,-0.1715,-0.2957,-0.1858
EMP013,2026-03-06,25.43,29.29,28.97,23.77,13.7,19.43,16.69,0.0234,-0.1212,-0.1288
EMP013,2026-03-07,27.14,29.36,29.33,23.63,13.63,20.69,16.96,0.1882,-0.0638,-0.0843
EMP013,2026-03-08,25.57,29.0,28.47,22.7,13.23,21.43,17.21,0.1228,-0.0527,-0.0634
EMP013,2026-03-09,25.57,29.0,27.23,21.77,12.57,21.43,17.87,-0.002,-0.1626,-0.1021
EMP013,2026-03-10,31.14,29.0,28.33,22.33,13.0,18.98,17.54,-0.0725,-0.2768,-0.1459
EMP013,2026-03-11,27.43,28.0,29.47,23.23,13.47,15.13,16.75,-0.2314,-0.4007,-0.2291
EMP013,2026-03-12,28.71,27.79,29.23,23.03,13.47,15.66,16.57,-0.0558,-0.269,-0.0752
EMP013,2026-03-13,28.14,26.79,29.07,22.7,13.6,15.64,16.56,-0.0512,-0.1204,-0.0556
EMP013,2026-03-14,26.71,26.93,29.03,22.53,13.7,14.25,16.55,0.0616,-0.1086,-0.0176
EMP013,2026-03-15,26.71,26.14,28.3,22.03,13.27,14.25,16.84,-0.0274,-0.119,-0.0174
EMP013,2026-03-16,26.71,26.14,26.97,21.03,12.47,14.25,17.43,-0.1293,-0.2062,-0.0289
EMP013,2026-03-17,24.0,27.57,27.3,20.87,12.4,13.44,17.2,-0.2912,-0.3324,-0.0881
EMP013,2026-03-18,26.43,26.93,29.0,21.97,13.27,16.26,16.94,-0.3266,-0.398,-0.0859
EMP013,2026-03-19,24.0,26.36,28.27,21.53,13.37,15.46,16.75,-0.2683,-0.2679,-0.03
EMP013,2026-03-20,24.43,26.29,28.17,21.37,13.5,15.57,16.73,-0.2245,-0.2004,-0.0091
EMP013,2026-03-21,23.14,24.93,27.93,21.77,13.57,14.84,16.68,-0.1784,-0.1146,0.1039
EMP013,2026-03-22,21.71,24.21,26.9,20.8,13.03,16.34,17.34,-0.3241,-0.1918,0.0331
EMP013,2026-03-23,21.71,24.21,25.37,19.47,12.27,16.34,17.62,-0.366,-0.1935,0.0178
EMP013,2026-03-24,19.14,21.57,24.9,19.1,11.97,17.76,18.04,-0.5813,-0.3642,-0.0705
EMP013,2026-03-25,16.43,21.43,25.97,20.57,12.87,13.67,17.47,-0.7072,-0.3353,-0.0561
EMP013,2026-03-26,23.0,23.5,26.93,21.93,13.63,22.78,18.91,-0.3462,0.1486,0.1341
EMP013,2026-03-27,28.0,26.21,27.5,22.8,13.43,27.19,19.77,0.0447,0.4908,0.2872
EMP013,2026-03-28,32.57,27.86,28.1,24.57,14.63,29.4,20.46,0.3544,0.9288,0.487
EMP013,2026-03-29,36.29,29.0,27.63,24.23,14.6,26.7,20.32,0.4363,0.9502,0.4854
EMP013,2026-03-30,36.29,29.0,26.47,23.4,14.17,26.7,20.86,0.3088,0.7991,0.3802
EMP013,2026-03-31,44.29,31.71,27.67,24.97,14.57,23.41,21.59,0.4814,0.9902,0.3753
EMP014,2026-01-01,0.0,0.0,0.0,0.0,0.0,0.0,0.0,0.0,0.0,0.0
EMP014,2026-01-02,0.0,0.0,0.0,0.0,0.0,0.0,0.0,0.0,0.0,0.0
EMP014,2026-01-03,7.5,7.5,7.5,7.0,2.5,7.5,7.5,0.0,0.0,0.0
EMP014,2026-01-04,8.67,8.67,8.67,9.0,4.0,6.34,6.34,5.5,6.5,3.5
EMP014,2026-01-05,6.5,6.5,6.5,6.75,3.0,6.65,6.65,-0.4,-0.1,0.2
EMP014,2026-01-06,12.8,12.8,12.8,9.8,6.8,13.93,13.93,6.1,3.0,3.9
EMP014,2026-01-07,15.0,15.0,15.0,12.5,8.33,13.64,13.64,5.3714,4.0286,3.5429
EMP014,2026-01-08,13.0,13.0,13.0,10.86,7.14,13.54,13.54,1.8571,1.2857,1.3214
EMP014,2026-01-09,18.29,16.0,16.0,12.0,8.12,14.62,14.95,3.2381,1.619,1.5357
EMP014,2026-01-10,19.57,16.89,16.89,12.11,8.56,14.67,14.32,2.8,1.2,1.3333
EMP014,2026-01-11,19.29,16.1,16.1,11.9,8.2,14.85,13.79,1.6061,0.7576,0.7758
EMP014,2026-01-12,19.29,14.64,14.64,10.82,7.45,14.85,13.94,0.4727,0.0273,0.2091
EMP014,2026-01-13,17.57,15.58,15.58,11.75,8.17,13.19,13.71,0.8007,0.451,0.4895
EMP014,2026-01-14,17.71,16.46,16.46,13.15,8.23,13.28,13.52,1.0055,0.956,0.4121
EMP014,2026-01-15,22.14,17.57,17.57,14.57,8.64,12.09,13.63,1.2484,1.3319,0.4945
EMP014,2026-01-16,20.71,19.5,18.2,15.33,8.67,10.77,13.37,1.25,1.3679,0.4107
EMP014,2026-01-17,21.14,20.36,18.75,15.62,8.75,10.95,13.12,1.2235,1.2294,0.3676
EMP014,2026-01-18,21.0,20.14,18.12,14.88,8.29,11.11,12.98,0.8088,0.777,0.1544
EMP014,2026-01-19,21.0,20.14,17.11,14.06,7.83,11.11,13.28,0.3633,0.3932,-0.0155
EMP014,2026-01-20,21.14,19.36,17.63,15.16,8.16,11.18,13.11,0.4649,0.6649,0.0842
EMP014,2026-01-21,21.29,19.5,18.15,15.7,8.95,11.26,12.98,0.5466,0.7248,0.2985
EMP014,2026-01-22,20.57,21.36,18.57,15.9,8.95,10.7,12.8,0.587,0.6818,0.2584
EMP014,2026-01-23,20.43,20.57,18.91,16.68,8.95,10.62,12.61,0.5985,0.7956,0.2253
EMP014,2026-01-24,20.86,21.0,19.39,16.87,9.22,10.93,12.53,0.6443,0.7431,0.2628
EMP014,2026-01-25,21.71,21.36,19.17,16.71,9.0,10.1,12.32,0.513,0.6152,0.1791
EMP014,2026-01-26,21.71,21.36,18.4,16.04,8.64,10.1,12.64,0.2769,0.39,0.0754
EMP014,2026-01-27,17.86,19.5,17.69,15.42,8.31,12.26,12.89,0.0889,0.2096,-0.0068
EMP014,2026-01-28,19.71,20.5,18.56,16.0,8.67,14.45,13.39,0.2643,0.3107,0.0708
EMP014,2026-01-29,20.57,20.57,19.07,16.29,8.82,15.02,13.42,0.3437,0.3377,0.0955
EMP014,2026-01-30,23.86,22.14,20.1,16.76,8.9,18.06,14.27,0.5158,0.3985,0.101
EMP014,2026-01-31,28.71,24.79,21.57,17.17,8.97,22.96,16.09,0.7491,0.4389,0.1048
EMP014,2026-02-01,28.43,25.07,21.97,17.43,9.1,23.16,15.7,0.5386,0.2614,0.0109
EMP014,2026-02-02,28.43,25.07,21.47,16.97,8.93,23.16,16.14,0.3488,0.1253,-0.0761
EMP014,2026-02-03,31.86,24.86,21.9,17.43,9.03,20.29,16.03,0.293,0.1626,-0.0825
EMP014,2026-02-04,32.14,25.93,23.33,18.4,9.4,20.43,15.93,0.2781,0.117,-0.1321
EMP014,2026-02-05,31.71,26.14,23.07,18.5,9.03,20.44,15.75,0.4222,0.1844,-0.0349
EMP014,2026-02-06,28.71,26.29,23.13,18.3,8.8,19.19,15.77,0.4743,0.2458,0.0129
EMP014,2026-02-07,23.0,25.86,23.9,18.97,9.13,12.68,15.22,0.3273,0.1439,-0.04
EMP014,2026-02-08,22.71,25.57,23.0,18.6,8.8,12.95,15.22,0.3279,0.0868,-0.0263
EMP014,2026-02-09,22.71,25.57,22.2,18.17,8.4,12.95,15.77,0.1864,-0.0719,-0.061
EMP014,2026-02-10,24.86,28.36,23.2,18.47,8.6,14.17,15.85,0.2038,-0.1228,-0.0676
EMP014,2026-02-11,21.86,27.0,23.93,19.53,8.97,12.08,15.26,0.036,-0.1628,-0.1115
EMP014,2026-02-12,21.57,26.64,24.0,19.6,9.03,11.9,15.27,0.0765,-0.117,-0.0047
EMP014,2026-02-13,21.0,24.86,23.9,19.27,9.2,11.67,15.26,0.0972,-0.0427,0.0271
EMP014,2026-02-14,17.57,20.29,22.83,18.17,8.73,13.65,15.77,-0.0011,-0.0723,0.0009
EMP014,2026-02-15,17.71,20.21,22.3,17.5,8.6,13.57,15.89,-0.0487,-0.0968,-0.0214
EMP014,2026-02-16,17.71,20.21,21.4,16.83,8.27,13.57,16.35,-0.1602,-0.1924,-0.0672
EMP014,2026-02-17,15.71,20.29,21.97,17.37,8.57,11.09,16.17,-0.2294,-0.2739,-0.1061
EMP014,2026-02-18,18.29,20.07,23.3,18.5,8.93,13.97,15.95,-0.2645,-0.2863,-0.1495
EMP014,2026-02-19,18.43,20.0,23.37,18.17,8.97,14.07,15.97,-0.2022,-0.1306,-0.0754
EMP014,2026-02-20,19.57,20.29,23.5,18.33,8.6,14.78,16.03,-0.1146,0.0062,0.0543
EMP014,2026-02-21,23.71,20.64,23.57,18.7,9.0,12.62,16.05,-0.0549,0.0994,0.137
EMP014,2026-02-22,23.71,20.71,23.07,17.83,8.8,12.62,16.19,-0.1192,0.1226,0.0983
EMP014,2026-02-23,23.71,20.71,22.07,17.13,8.3,12.62,16.66,-0.2202,0.0294,0.0843
EMP014,2026-02-24,24.86,20.29,22.7,17.47,8.57,13.04,16.7,-0.2053,0.0387,0.0785
EMP014,2026-02-25,23.14,20.71,23.63,18.1,9.27,11.65,16.18,-0.3277,-0.0719,0.0997
EMP014,2026-02-26,22.14,20.29,24.37,18.8,9.63,11.41,15.58,-0.5012,-0.178,0.0469
EMP014,2026-02-27,23.29,21.43,24.33,18.93,9.53,12.67,15.54,-0.2857,0.0107,0.1393
EMP014,2026-02-28,24.86,24.29,24.57,19.33,9.67,13.9,15.72,-0.1248,0.1557,0.2113
EMP014,2026-03-01,25.43,24.57,23.43,18.73,9.6,13.39,15.13,-0.018,0.182,0.2162
EMP014,2026-03-02,25.43,24.57,21.3,17.77,9.23,13.39,13.71,0.1106,0.1319,0.164
EMP014,2026-03-03,20.71,22.79,20.9,17.5,9.1,15.54,14.14,-0.091,-0.0501,0.0683
EMP014,2026-03-04,22.57,22.86,22.27,18.73,10.0,17.0,14.04,-0.1055,-0.0449,0.121
EMP014,2026-03-05,24.43,23.29,22.63,18.83,10.27,17.54,14.22,-0.0113,0.0848,0.1726
EMP014,2026-03-06,22.86,23.07,22.17,19.0,10.43,16.54,13.77,0.1702,0.2527,0.2147
EMP014,2026-03-07,17.14,21.0,21.17,18.17,10.07,16.54,14.24,0.0812,0.1715,0.1513
EMP014,2026-03-08,16.57,21.0,20.6,17.77,10.03,16.67,14.3,0.0627,0.1186,0.1306
EMP014,2026-03-09,16.57,21.0,19.8,17.07,9.7,16.67,14.75,-0.0467,0.0263,0.0656
EMP014,2026-03-10,22.0,21.36,20.73,17.8,10.2,16.58,14.98,0.0031,0.0605,0.0997
EMP014,2026-03-11,20.86,21.71,21.83,18.8,10.5,15.47,14.63,-0.0607,0.0165,0.0216
EMP014,2026-03-12,20.0,22.21,21.5,18.87,10.73,14.81,14.35,0.1039,0.032,0.0734
EMP014,2026-03-13,16.29,19.57,20.87,17.83,10.37,15.34,14.72,-0.012,0.0073,0.006
EMP014,2026-03-14,18.57,17.86,20.47,17.33,9.97,13.87,14.69,0.0058,-0.0071,0.0305
EMP014,2026-03-15,18.86,17.71,20.1,16.9,9.6,13.73,14.73,-0.018,-0.0554,0.0133
EMP014,2026-03-16,18.86,17.71,20.1,16.9,9.6,13.73,14.73,-0.2863,-0.281,-0.1148
EMP014,2026-03-17,17.57,19.79,20.7,17.77,9.9,12.21,14.72,-0.2917,-0.2587,-0.1181
EMP014,2026-03-18,19.71,20.29,22.3,18.47,10.3,15.58,14.98,-0.2583,-0.3604,-0.1729
EMP014,2026-03-19,20.86,20.43,22.7,18.87,10.37,16.49,15.21,-0.1448,-0.2759,-0.164
EMP014,2026-03-20,25.86,21.07,22.63,18.73,10.5,15.6,15.14,0.0732,-0.0997,-0.1297
EMP014,2026-03-21,27.86,23.21,22.67,18.57,10.33,15.09,15.15,0.1646,-0.0483,-0.1019
EMP014,2026-03-22,27.0,22.93,21.83,17.8,10.0,16.05,15.3,0.1279,-0.0307,-0.1308
EMP014,2026-03-23,27.0,22.93,20.87,16.77,9.3,16.05,15.73,0.0365,-0.0545,-0.1195
EMP014,2026-03-24,27.86,22.71,21.67,17.77,9.7,16.3,15.82,0.0596,0.0087,-0.1261
EMP014,2026-03-25,24.43,22.07,22.47,18.5,10.0,14.07,15.3,-0.0747,-0.0865,-0.1976
EMP014,2026-03-26,24.86,22.86,22.7,19.57,10.7,14.49,15.51,0.111,0.18,-0.0354
EMP014,2026-03-27,28.86,27.36,23.97,20.43,10.77,20.27,17.34,0.4269,0.3402,0.115
EMP014,2026-03-28,33.14,30.5,25.23,21.27,11.4,23.04,18.5,0.6458,0.509,0.2407
EMP014,2026-03-29,36.57,31.79,24.93,20.9,11.3,20.55,18.33,0.7849,0.6214,0.2694
EMP014,2026-03-30,36.57,31.79,23.6,19.7,10.73,20.55,18.63,0.7279,0.5907,0.2358
EMP014,2026-03-31,41.0,34.43,25.3,21.33,11.67,22.93,20.05,0.9422,0.804,0.3933
EMP015,2026-01-01,0.0,0.0,0.0,0.0,0.0,0.0,0.0,0.0,0.0,0.0
EMP015,2026-01-02,0.0,0.0,0.0,0.0,0.0,0.0,0.0,0.0,0.0,0.0
EMP015,2026-01-03,0.0,0.0,0.0,0.0,0.0,0.0,0.0,0.0,0.0,0.0
EMP015,2026-01-04,0.0,0.0,0.0,0.0,0.0,0.0,0.0,0.0,0.0,0.0
EMP015,2026-01-05,0.0,0.0,0.0,0.0,0.0,0.0,0.0,0.0,0.0,0.0
EMP015,2026-01-06,0.0,0.0,0.0,0.0,0.0,0.0,0.0,0.0,0.0,0.0
EMP015,2026-01-07,0.0,0.0,0.0,0.0,0.0,0.0,0.0,0.0,0.0,0.0
EMP015,2026-01-08,0.0,0.0,0.0,0.0,0.0,0.0,0.0,0.0,0.0,0.0
EMP015,2026-01-09,0.0,0.0,0.0,0.0,0.0,0.0,0.0,0.0,0.0,0.0
EMP015,2026-01-10,0.0,0.0,0.0,0.0,0.0,0.0,0.0,0.0,0.0,0.0
EMP015,2026-01-11,0.0,0.0,0.0,0.0,0.0,0.0,0.0,0.0,0.0,0.0
EMP015,2026-01-12,0.0,0.0,0.0,0.0,0.0,0.0,0.0,0.0,0.0,0.0
EMP015,2026-01-13,0.0,0.0,0.0,0.0,0.0,0.0,0.0,0.0,0.0,0.0
EMP015,2026-01-14,0.0,0.0,0.0,0.0,0.0,0.0,0.0,0.0,0.0,0.0
EMP015,2026-01-15,0.0,0.0,0.0,0.0,0.0,0.0,0.0,0.0,0.0,0.0
EMP015,2026-01-16,0.0,0.0,0.0,0.0,0.0,0.0,0.0,0.0,0.0,0.0
EMP015,2026-01-17,0.0,0.0,0.0,0.0,0.0,0.0,0.0,0.0,0.0,0.0
EMP015,2026-01-18,0.0,0.0,0.0,0.0,0.0,0.0,0.0,0.0,0.0,0.0
EMP015,2026-01-19,0.0,0.0,0.0,0.0,0.0,0.0,0.0,0.0,0.0,0.0
EMP015,2026-01-20,0.0,0.0,0.0,0.0,0.0,0.0,0.0,0.0,0.0,0.0
EMP015,2026-01-21,0.0,0.0,0.0,0.0,0.0,0.0,0.0,0.0,0.0,0.0
EMP015,2026-01-22,0.0,0.0,0.0,0.0,0.0,0.0,0.0,0.0,0.0,0.0
EMP015,2026-01-23,0.0,0.0,0.0,0.0,0.0,0.0,0.0,0.0,0.0,0.0
EMP015,2026-01-24,0.0,0.0,0.0,0.0,0.0,0.0,0.0,0.0,0.0,0.0
EMP015,2026-01-25,0.0,0.0,0.0,0.0,0.0,0.0,0.0,0.0,0.0,0.0
EMP015,2026-01-26,0.0,0.0,0.0,0.0,0.0,0.0,0.0,0.0,0.0,0.0
EMP015,2026-01-27,0.0,0.0,0.0,0.0,0.0,0.0,0.0,0.0,0.0,0.0
EMP015,2026-01-28,0.0,0.0,0.0,0.0,0.0,0.0,0.0,0.0,0.0,0.0
EMP015,2026-01-29,0.0,0.0,0.0,0.0,0.0,0.0,0.0,0.0,0.0,0.0
EMP015,2026-01-30,0.0,0.0,0.0,0.0,0.0,0.0,0.0,0.0,0.0,0.0
EMP015,2026-01-31,0.0,0.0,0.0,0.0,0.0,0.0,0.0,0.0,0.0,0.0
EMP015,2026-02-01,0.0,0.0,0.0,0.0,0.0,0.0,0.0,0.0,0.0,0.0
EMP015,2026-02-02,0.0,0.0,0.0,0.0,0.0,0.0,0.0,0.0,0.0,0.0
EMP015,2026-02-03,0.0,0.0,0.0,0.0,0.0,0.0,0.0,0.0,0.0,0.0
EMP015,2026-02-04,0.0,0.0,0.0,0.0,0.0,0.0,0.0,0.0,0.0,0.0
EMP015,2026-02-05,0.0,0.0,0.0,0.0,0.0,0.0,0.0,0.0,0.0,0.0
EMP015,2026-02-06,0.0,0.0,0.0,0.0,0.0,0.0,0.0,0.0,0.0,0.0
EMP015,2026-02-07,0.0,0.0,0.0,0.0,0.0,0.0,0.0,0.0,0.0,0.0
EMP015,2026-02-08,0.0,0.0,0.0,0.0,0.0,0.0,0.0,0.0,0.0,0.0
EMP015,2026-02-09,0.0,0.0,0.0,0.0,0.0,0.0,0.0,0.0,0.0,0.0
EMP015,2026-02-10,0.0,0.0,0.0,0.0,0.0,0.0,0.0,0.0,0.0,0.0
EMP015,2026-02-11,0.0,0.0,0.0,0.0,0.0,0.0,0.0,0.0,0.0,0.0
EMP015,2026-02-12,0.0,0.0,0.0,0.0,0.0,0.0,0.0,0.0,0.0,0.0
EMP015,2026-02-13,0.0,0.0,0.0,0.0,0.0,0.0,0.0,0.0,0.0,0.0
EMP015,2026-02-14,0.0,0.0,0.0,0.0,0.0,0.0,0.0,0.0,0.0,0.0
EMP015,2026-02-15,0.0,0.0,0.0,0.0,0.0,0.0,0.0,0.0,0.0,0.0
EMP015,2026-02-16,0.0,0.0,0.0,0.0,0.0,0.0,0.0,0.0,0.0,0.0
EMP015,2026-02-17,0.0,0.0,0.0,0.0,0.0,0.0,0.0,0.0,0.0,0.0
EMP015,2026-02-18,0.0,0.0,0.0,0.0,0.0,0.0,0.0,0.0,0.0,0.0
EMP015,2026-02-19,0.0,0.0,0.0,0.0,0.0,0.0,0.0,0.0,0.0,0.0
EMP015,2026-02-20,0.0,0.0,0.0,0.0,0.0,0.0,0.0,0.0,0.0,0.0
EMP015,2026-02-21,0.0,0.0,0.0,0.0,0.0,0.0,0.0,0.0,0.0,0.0
EMP015,2026-02-22,0.0,0.0,0.0,0.0,0.0,0.0,0.0,0.0,0.0,0.0
EMP015,2026-02-23,0.0,0.0,0.0,0.0,0.0,0.0,0.0,0.0,0.0,0.0
EMP015,2026-02-24,0.0,0.0,0.0,0.0,0.0,0.0,0.0,0.0,0.0,0.0
EMP015,2026-02-25,0.0,0.0,0.0,0.0,0.0,0.0,0.0,0.0,0.0,0.0
EMP015,2026-02-26,0.0,0.0,0.0,0.0,0.0,0.0,0.0,0.0,0.0,0.0
EMP015,2026-02-27,0.0,0.0,0.0,0.0,0.0,0.0,0.0,0.0,0.0,0.0
EMP015,2026-02-28,0.0,0.0,0.0,0.0,0.0,0.0,0.0,0.0,0.0,0.0
EMP015,2026-03-01,0.0,0.0,0.0,0.0,0.0,0.0,0.0,0.0,0.0,0.0
EMP015,2026-03-02,0.0,0.0,0.0,0.0,0.0,0.0,0.0,0.0,0.0,0.0
EMP015,2026-03-03,0.0,0.0,0.0,0.0,0.0,0.0,0.0,0.0,0.0,0.0
EMP015,2026-03-04,0.0,0.0,0.0,0.0,0.0,0.0,0.0,0.0,0.0,0.0
EMP015,2026-03-05,0.0,0.0,0.0,0.0,0.0,0.0,0.0,0.0,0.0,0.0
EMP015,2026-03-06,0.0,0.0,0.0,0.0,0.0,0.0,0.0,0.0,0.0,0.0
EMP015,2026-03-07,0.0,0.0,0.0,0.0,0.0,0.0,0.0,0.0,0.0,0.0
EMP015,2026-03-08,0.0,0.0,0.0,0.0,0.0,0.0,0.0,0.0,0.0,0.0
EMP015,2026-03-09,0.0,0.0,0.0,0.0,0.0,0.0,0.0,0.0,0.0,0.0
EMP015,2026-03-10,0.0,0.0,0.0,0.0,0.0,0.0,0.0,0.0,0.0,0.0
EMP015,2026-03-11,0.0,0.0,0.0,0.0,0.0,0.0,0.0,0.0,0.0,0.0
EMP015,2026-03-12,0.0,0.0,0.0,0.0,0.0,0.0,0.0,0.0,0.0,0.0
EMP015,2026-03-13,0.0,0.0,0.0,0.0,0.0,0.0,0.0,0.0,0.0,0.0
EMP015,2026-03-14,0.0,0.0,0.0,0.0,0.0,0.0,0.0,0.0,0.0,0.0
EMP015,2026-03-15,0.0,0.0,0.0,0.0,0.0,0.0,0.0,0.0,0.0,0.0
EMP015,2026-03-16,0.0,0.0,0.0,0.0,0.0,0.0,0.0,0.0,0.0,0.0
EMP015,2026-03-17,0.0,0.0,0.0,0.0,0.0,0.0,0.0,0.0,0.0,0.0
EMP015,2026-03-18,0.0,0.0,0.0,0.0,0.0,0.0,0.0,0.0,0.0,0.0
EMP015,2026-03-19,0.0,0.0,0.0,0.0,0.0,0.0,0.0,0.0,0.0,0.0
EMP015,2026-03-20,0.0,0.0,0.0,0.0,0.0,0.0,0.0,0.0,0.0,0.0
EMP015,2026-03-21,0.0,0.0,0.0,0.0,0.0,0.0,0.0,0.0,0.0,0.0
EMP015,2026-03-22,0.0,0.0,0.0,0.0,0.0,0.0,0.0,0.0,0.0,0.0
EMP015,2026-03-23,0.0,0.0,0.0,0.0,0.0,0.0,0.0,0.0,0.0,0.0
EMP015,2026-03-24,0.0,0.0,0.0,0.0,0.0,0.0,0.0,0.0,0.0,0.0
EMP015,2026-03-25,0.0,0.0,0.0,0.0,0.0,0.0,0.0,0.0,0.0,0.0
EMP015,2026-03-26,0.0,0.0,0.0,0.0,0.0,0.0,0.0,0.0,0.0,0.0
EMP015,2026-03-27,0.0,0.0,0.0,0.0,0.0,0.0,0.0,0.0,0.0,0.0
EMP015,2026-03-28,0.0,0.0,0.0,0.0,0.0,0.0,0.0,0.0,0.0,0.0
EMP015,2026-03-29,0.0,0.0,0.0,0.0,0.0,0.0,0.0,0.0,0.0,0.0
EMP015,2026-03-30,0.0,0.0,0.0,0.0,0.0,0.0,0.0,0.0,0.0,0.0
EMP015,2026-03-31,0.0,0.0,0.0,0.0,0.0,0.0,0.0,0.0,0.0,0.0
EMP016,2026-01-01,0.0,0.0,0.0,0.0,0.0,0.0,0.0,0.0,0.0,0.0
EMP016,2026-01-02,0.0,0.0,0.0,0.0,0.0,0.0,0.0,0.0,0.0,0.0
EMP016,2026-01-03,0.0,0.0,0.0,0.0,0.0,0.0,0.0,0.0,0.0,0.0
EMP016,2026-01-04,0.0,0.0,0.0,0.0,0.0,0.0,0.0,0.0,0.0,0.0
EMP016,2026-01-05,0.0,0.0,0.0,0.0,0.0,0.0,0.0,0.0,0.0,0.0
EMP016,2026-01-06,0.0,0.0,0.0,0.0,0.0,0.0,0.0,0.0,0.0,0.0
EMP016,2026-01-07,0.0,0.0,0.0,0.0,0.0,0.0,0.0,0.0,0.0,0.0
EMP016,2026-01-08,0.0,0.0,0.0,0.0,0.0,0.0,0.0,0.0,0.0,0.0
EMP016,2026-01-09,0.0,0.0,0.0,0.0,0.0,0.0,0.0,0.0,0.0,0.0
EMP016,2026-01-10,0.0,0.0,0.0,0.0,0.0,0.0,0.0,0.0,0.0,0.0
EMP016,2026-01-11,0.0,0.0,0.0,0.0,0.0,0.0,0.0,0.0,0.0,0.0
EMP016,2026-01-12,0.0,0.0,0.0,0.0,0.0,0.0,0.0,0.0,0.0,0.0
EMP016,2026-01-13,0.0,0.0,0.0,0.0,0.0,0.0,0.0,0.0,0.0,0.0
EMP016,2026-01-14,0.0,0.0,0.0,0.0,0.0,0.0,0.0,0.0,0.0,0.0
EMP016,2026-01-15,0.0,0.0,0.0,0.0,0.0,0.0,0.0,0.0,0.0,0.0
EMP016,2026-01-16,0.0,0.0,0.0,0.0,0.0,0.0,0.0,0.0,0.0,0.0
EMP016,2026-01-17,0.0,0.0,0.0,0.0,0.0,0.0,0.0,0.0,0.0,0.0
EMP016,2026-01-18,0.0,0.0,0.0,0.0,0.0,0.0,0.0,0.0,0.0,0.0
EMP016,2026-01-19,0.0,0.0,0.0,0.0,0.0,0.0,0.0,0.0,0.0,0.0
EMP016,2026-01-20,0.0,0.0,0.0,0.0,0.0,0.0,0.0,0.0,0.0,0.0
EMP016,2026-01-21,0.0,0.0,0.0,0.0,0.0,0.0,0.0,0.0,0.0,0.0
EMP016,2026-01-22,0.0,0.0,0.0,0.0,0.0,0.0,0.0,0.0,0.0,0.0
EMP016,2026-01-23,0.0,0.0,0.0,0.0,0.0,0.0,0.0,0.0,0.0,0.0
EMP016,2026-01-24,0.0,0.0,0.0,0.0,0.0,0.0,0.0,0.0,0.0,0.0
EMP016,2026-01-25,0.0,0.0,0.0,0.0,0.0,0.0,0.0,0.0,0.0,0.0
EMP016,2026-01-26,0.0,0.0,0.0,0.0,0.0,0.0,0.0,0.0,0.0,0.0
EMP016,2026-01-27,0.0,0.0,0.0,0.0,0.0,0.0,0.0,0.0,0.0,0.0
EMP016,2026-01-28,0.0,0.0,0.0,0.0,0.0,0.0,0.0,0.0,0.0,0.0
EMP016,2026-01-29,0.0,0.0,0.0,0.0,0.0,0.0,0.0,0.0,0.0,0.0
EMP016,2026-01-30,0.0,0.0,0.0,0.0,0.0,0.0,0.0,0.0,0.0,0.0
EMP016,2026-01-31,0.0,0.0,0.0,0.0,0.0,0.0,0.0,0.0,0.0,0.0
EMP016,2026-02-01,0.0,0.0,0.0,0.0,0.0,0.0,0.0,0.0,0.0,0.0
EMP016,2026-02-02,0.0,0.0,0.0,0.0,0.0,0.0,0.0,0.0,0.0,0.0
EMP016,2026-02-03,0.0,0.0,0.0,0.0,0.0,0.0,0.0,0.0,0.0,0.0
EMP016,2026-02-04,0.0,0.0,0.0,0.0,0.0,0.0,0.0,0.0,0.0,0.0
EMP016,2026-02-05,0.0,0.0,0.0,0.0,0.0,0.0,0.0,0.0,0.0,0.0
EMP016,2026-02-06,0.0,0.0,0.0,0.0,0.0,0.0,0.0,0.0,0.0,0.0
EMP016,2026-02-07,0.0,0.0,0.0,0.0,0.0,0.0,0.0,0.0,0.0,0.0
EMP016,2026-02-08,0.0,0.0,0.0,0.0,0.0,0.0,0.0,0.0,0.0,0.0
EMP016,2026-02-09,0.0,0.0,0.0,0.0,0.0,0.0,0.0,0.0,0.0,0.0
EMP016,2026-02-10,0.0,0.0,0.0,0.0,0.0,0.0,0.0,0.0,0.0,0.0
EMP016,2026-02-11,0.0,0.0,0.0,0.0,0.0,0.0,0.0,0.0,0.0,0.0
EMP016,2026-02-12,0.0,0.0,0.0,0.0,0.0,0.0,0.0,0.0,0.0,0.0
EMP016,2026-02-13,0.0,0.0,0.0,0.0,0.0,0.0,0.0,0.0,0.0,0.0
EMP016,2026-02-14,0.0,0.0,0.0,0.0,0.0,0.0,0.0,0.0,0.0,0.0
EMP016,2026-02-15,0.0,0.0,0.0,0.0,0.0,0.0,0.0,0.0,0.0,0.0
EMP016,2026-02-16,0.0,0.0,0.0,0.0,0.0,0.0,0.0,0.0,0.0,0.0
EMP016,2026-02-17,0.0,0.0,0.0,0.0,0.0,0.0,0.0,0.0,0.0,0.0
EMP016,2026-02-18,0.0,0.0,0.0,0.0,0.0,0.0,0.0,0.0,0.0,0.0
EMP016,2026-02-19,0.0,0.0,0.0,0.0,0.0,0.0,0.0,0.0,0.0,0.0
EMP016,2026-02-20,0.0,0.0,0.0,0.0,0.0,0.0,0.0,0.0,0.0,0.0
EMP016,2026-02-21,0.0,0.0,0.0,0.0,0.0,0.0,0.0,0.0,0.0,0.0
EMP016,2026-02-22,0.0,0.0,0.0,0.0,0.0,0.0,0.0,0.0,0.0,0.0
EMP016,2026-02-23,0.0,0.0,0.0,0.0,0.0,0.0,0.0,0.0,0.0,0.0
EMP016,2026-02-24,0.0,0.0,0.0,0.0,0.0,0.0,0.0,0.0,0.0,0.0
EMP016,2026-02-25,0.0,0.0,0.0,0.0,0.0,0.0,0.0,0.0,0.0,0.0
EMP016,2026-02-26,0.0,0.0,0.0,0.0,0.0,0.0,0.0,0.0,0.0,0.0
EMP016,2026-02-27,0.0,0.0,0.0,0.0,0.0,0.0,0.0,0.0,0.0,0.0
EMP016,2026-02-28,0.0,0.0,0.0,0.0,0.0,0.0,0.0,0.0,0.0,0.0
EMP016,2026-03-01,0.0,0.0,0.0,0.0,0.0,0.0,0.0,0.0,0.0,0.0
EMP016,2026-03-02,0.0,0.0,0.0,0.0,0.0,0.0,0.0,0.0,0.0,0.0
EMP016,2026-03-03,0.0,0.0,0.0,0.0,0.0,0.0,0.0,0.0,0.0,0.0
EMP016,2026-03-04,0.0,0.0,0.0,0.0,0.0,0.0,0.0,0.0,0.0,0.0
EMP016,2026-03-05,0.0,0.0,0.0,0.0,0.0,0.0,0.0,0.0,0.0,0.0
EMP016,2026-03-06,0.0,0.0,0.0,0.0,0.0,0.0,0.0,0.0,0.0,0.0
EMP016,2026-03-07,0.0,0.0,0.0,0.0,0.0,0.0,0.0,0.0,0.0,0.0
EMP016,2026-03-08,0.0,0.0,0.0,0.0,0.0,0.0,0.0,0.0,0.0,0.0
EMP016,2026-03-09,0.0,0.0,0.0,0.0,0.0,0.0,0.0,0.0,0.0,0.0
EMP016,2026-03-10,0.0,0.0,0.0,0.0,0.0,0.0,0.0,0.0,0.0,0.0
EMP016,2026-03-11,0.0,0.0,0.0,0.0,0.0,0.0,0.0,0.0,0.0,0.0
EMP016,2026-03-12,0.0,0.0,0.0,0.0,0.0,0.0,0.0,0.0,0.0,0.0
EMP016,2026-03-13,0.0,0.0,0.0,0.0,0.0,0.0,0.0,0.0,0.0,0.0
EMP016,2026-03-14,0.0,0.0,0.0,0.0,0.0,0.0,0.0,0.0,0.0,0.0
EMP016,2026-03-15,0.0,0.0,0.0,0.0,0.0,0.0,0.0,0.0,0.0,0.0
EMP016,2026-03-16,0.0,0.0,0.0,0.0,0.0,0.0,0.0,0.0,0.0,0.0
EMP016,2026-03-17,0.0,0.0,0.0,0.0,0.0,0.0,0.0,0.0,0.0,0.0
EMP016,2026-03-18,0.0,0.0,0.0,0.0,0.0,0.0,0.0,0.0,0.0,0.0
EMP016,2026-03-19,0.0,0.0,0.0,0.0,0.0,0.0,0.0,0.0,0.0,0.0
EMP016,2026-03-20,0.0,0.0,0.0,0.0,0.0,0.0,0.0,0.0,0.0,0.0
EMP016,2026-03-21,0.0,0.0,0.0,0.0,0.0,0.0,0.0,0.0,0.0,0.0
EMP016,2026-03-22,0.0,0.0,0.0,0.0,0.0,0.0,0.0,0.0,0.0,0.0
EMP016,2026-03-23,0.0,0.0,0.0,0.0,0.0,0.0,0.0,0.0,0.0,0.0
EMP016,2026-03-24,0.0,0.0,0.0,0.0,0.0,0.0,0.0,0.0,0.0,0.0
EMP016,2026-03-25,0.0,0.0,0.0,0.0,0.0,0.0,0.0,0.0,0.0,0.0
EMP016,2026-03-26,0.0,0.0,0.0,0.0,0.0,0.0,0.0,0.0,0.0,0.0
EMP016,2026-03-27,0.0,0.0,0.0,0.0,0.0,0.0,0.0,0.0,0.0,0.0
EMP016,2026-03-28,0.0,0.0,0.0,0.0,0.0,0.0,0.0,0.0,0.0,0.0
EMP016,2026-03-29,0.0,0.0,0.0,0.0,0.0,0.0,0.0,0.0,0.0,0.0
EMP016,2026-03-30,0.0,0.0,0.0,0.0,0.0,0.0,0.0,0.0,0.0,0.0
EMP016,2026-03-31,0.0,0.0,0.0,0.0,0.0,0.0,0.0,0.0,0.0,0.0
EMP017,2026-01-01,0.0,0.0,0.0,0.0,0.0,0.0,0.0,0.0,0.0,0.0
EMP017,2026-01-02,0.0,0.0,0.0,0.0,0.0,0.0,0.0,0.0,0.0,0.0
EMP017,2026-01-03,0.0,0.0,0.0,0.0,0.0,0.0,0.0,0.0,0.0,0.0
EMP017,2026-01-04,0.0,0.0,0.0,0.0,0.0,0.0,0.0,0.0,0.0,0.0
EMP017,2026-01-05,0.0,0.0,0.0,0.0,0.0,0.0,0.0,0.0,0.0,0.0
EMP017,2026-01-06,0.0,0.0,0.0,0.0,0.0,0.0,0.0,0.0,0.0,0.0
EMP017,2026-01-07,0.0,0.0,0.0,0.0,0.0,0.0,0.0,0.0,0.0,0.0
EMP017,2026-01-08,0.0,0.0,0.0,0.0,0.0,0.0,0.0,0.0,0.0,0.0
EMP017,2026-01-09,0.0,0.0,0.0,0.0,0.0,0.0,0.0,0.0,0.0,0.0
EMP017,2026-01-10,0.0,0.0,0.0,0.0,0.0,0.0,0.0,0.0,0.0,0.0
EMP017,2026-01-11,0.0,0.0,0.0,0.0,0.0,0.0,0.0,0.0,0.0,0.0
EMP017,2026-01-12,0.0,0.0,0.0,0.0,0.0,0.0,0.0,0.0,0.0,0.0
EMP017,2026-01-13,0.0,0.0,0.0,0.0,0.0,0.0,0.0,0.0,0.0,0.0
EMP017,2026-01-14,0.0,0.0,0.0,0.0,0.0,0.0,0.0,0.0,0.0,0.0
EMP017,2026-01-15,0.0,0.0,0.0,0.0,0.0,0.0,0.0,0.0,0.0,0.0
EMP017,2026-01-16,0.0,0.0,0.0,0.0,0.0,0.0,0.0,0.0,0.0,0.0
EMP017,2026-01-17,0.0,0.0,0.0,0.0,0.0,0.0,0.0,0.0,0.0,0.0
EMP017,2026-01-18,0.0,0.0,0.0,0.0,0.0,0.0,0.0,0.0,0.0,0.0
EMP017,2026-01-19,0.0,0.0,0.0,0.0,0.0,0.0,0.0,0.0,0.0,0.0
EMP017,2026-01-20,0.0,0.0,0.0,0.0,0.0,0.0,0.0,0.0,0.0,0.0
EMP017,2026-01-21,0.0,0.0,0.0,0.0,0.0,0.0,0.0,0.0,0.0,0.0
EMP017,2026-01-22,0.0,0.0,0.0,0.0,0.0,0.0,0.0,0.0,0.0,0.0
EMP017,2026-01-23,0.0,0.0,0.0,0.0,0.0,0.0,0.0,0.0,0.0,0.0
EMP017,2026-01-24,0.0,0.0,0.0,0.0,0.0,0.0,0.0,0.0,0.0,0.0
EMP017,2026-01-25,0.0,0.0,0.0,0.0,0.0,0.0,0.0,0.0,0.0,0.0
EMP017,2026-01-26,0.0,0.0,0.0,0.0,0.0,0.0,0.0,0.0,0.0,0.0
EMP017,2026-01-27,0.0,0.0,0.0,0.0,0.0,0.0,0.0,0.0,0.0,0.0
EMP017,2026-01-28,0.0,0.0,0.0,0.0,0.0,0.0,0.0,0.0,0.0,0.0
EMP017,2026-01-29,0.0,0.0,0.0,0.0,0.0,0.0,0.0,0.0,0.0,0.0
EMP017,2026-01-30,0.0,0.0,0.0,0.0,0.0,0.0,0.0,0.0,0.0,0.0
EMP017,2026-01-31,0.0,0.0,0.0,0.0,0.0,0.0,0.0,0.0,0.0,0.0
EMP017,2026-02-01,0.0,0.0,0.0,0.0,0.0,0.0,0.0,0.0,0.0,0.0
EMP017,2026-02-02,0.0,0.0,0.0,0.0,0.0,0.0,0.0,0.0,0.0,0.0
EMP017,2026-02-03,0.0,0.0,0.0,0.0,0.0,0.0,0.0,0.0,0.0,0.0
EMP017,2026-02-04,0.0,0.0,0.0,0.0,0.0,0.0,0.0,0.0,0.0,0.0
EMP017,2026-02-05,0.0,0.0,0.0,0.0,0.0,0.0,0.0,0.0,0.0,0.0
EMP017,2026-02-06,0.0,0.0,0.0,0.0,0.0,0.0,0.0,0.0,0.0,0.0
EMP017,2026-02-07,0.0,0.0,0.0,0.0,0.0,0.0,0.0,0.0,0.0,0.0
EMP017,2026-02-08,0.0,0.0,0.0,0.0,0.0,0.0,0.0,0.0,0.0,0.0
EMP017,2026-02-09,0.0,0.0,0.0,0.0,0.0,0.0,0.0,0.0,0.0,0.0
EMP017,2026-02-10,0.0,0.0,0.0,0.0,0.0,0.0,0.0,0.0,0.0,0.0
EMP017,2026-02-11,0.0,0.0,0.0,0.0,0.0,0.0,0.0,0.0,0.0,0.0
EMP017,2026-02-12,0.0,0.0,0.0,0.0,0.0,0.0,0.0,0.0,0.0,0.0
EMP017,2026-02-13,0.0,0.0,0.0,0.0,0.0,0.0,0.0,0.0,0.0,0.0
EMP017,2026-02-14,0.0,0.0,0.0,0.0,0.0,0.0,0.0,0.0,0.0,0.0
EMP017,2026-02-15,0.0,0.0,0.0,0.0,0.0,0.0,0.0,0.0,0.0,0.0
EMP017,2026-02-16,0.0,0.0,0.0,0.0,0.0,0.0,0.0,0.0,0.0,0.0
EMP017,2026-02-17,0.0,0.0,0.0,0.0,0.0,0.0,0.0,0.0,0.0,0.0
EMP017,2026-02-18,0.0,0.0,0.0,0.0,0.0,0.0,0.0,0.0,0.0,0.0
EMP017,2026-02-19,0.0,0.0,0.0,0.0,0.0,0.0,0.0,0.0,0.0,0.0
EMP017,2026-02-20,0.0,0.0,0.0,0.0,0.0,0.0,0.0,0.0,0.0,0.0
EMP017,2026-02-21,0.0,0.0,0.0,0.0,0.0,0.0,0.0,0.0,0.0,0.0
EMP017,2026-02-22,0.0,0.0,0.0,0.0,0.0,0.0,0.0,0.0,0.0,0.0
EMP017,2026-02-23,0.0,0.0,0.0,0.0,0.0,0.0,0.0,0.0,0.0,0.0
EMP017,2026-02-24,0.0,0.0,0.0,0.0,0.0,0.0,0.0,0.0,0.0,0.0
EMP017,2026-02-25,0.0,0.0,0.0,0.0,0.0,0.0,0.0,0.0,0.0,0.0
EMP017,2026-02-26,0.0,0.0,0.0,0.0,0.0,0.0,0.0,0.0,0.0,0.0
EMP017,2026-02-27,0.0,0.0,0.0,0.0,0.0,0.0,0.0,0.0,0.0,0.0
EMP017,2026-02-28,0.0,0.0,0.0,0.0,0.0,0.0,0.0,0.0,0.0,0.0
EMP017,2026-03-01,0.0,0.0,0.0,0.0,0.0,0.0,0.0,0.0,0.0,0.0
EMP017,2026-03-02,0.0,0.0,0.0,0.0,0.0,0.0,0.0,0.0,0.0,0.0
EMP017,2026-03-03,0.0,0.0,0.0,0.0,0.0,0.0,0.0,0.0,0.0,0.0
EMP017,2026-03-04,0.0,0.0,0.0,0.0,0.0,0.0,0.0,0.0,0.0,0.0
EMP017,2026-03-05,0.0,0.0,0.0,0.0,0.0,0.0,0.0,0.0,0.0,0.0
EMP017,2026-03-06,0.0,0.0,0.0,0.0,0.0,0.0,0.0,0.0,0.0,0.0
EMP017,2026-03-07,0.0,0.0,0.0,0.0,0.0,0.0,0.0,0.0,0.0,0.0
EMP017,2026-03-08,0.0,0.0,0.0,0.0,0.0,0.0,0.0,0.0,0.0,0.0
EMP017,2026-03-09,0.0,0.0,0.0,0.0,0.0,0.0,0.0,0.0,0.0,0.0
EMP017,2026-03-10,0.0,0.0,0.0,0.0,0.0,0.0,0.0,0.0,0.0,0.0
EMP017,2026-03-11,0.0,0.0,0.0,0.0,0.0,0.0,0.0,0.0,0.0,0.0
EMP017,2026-03-12,0.0,0.0,0.0,0.0,0.0,0.0,0.0,0.0,0.0,0.0
EMP017,2026-03-13,0.0,0.0,0.0,0.0,0.0,0.0,0.0,0.0,0.0,0.0
EMP017,2026-03-14,0.0,0.0,0.0,0.0,0.0,0.0,0.0,0.0,0.0,0.0
EMP017,2026-03-15,0.0,0.0,0.0,0.0,0.0,0.0,0.0,0.0,0.0,0.0
EMP017,2026-03-16,0.0,0.0,0.0,0.0,0.0,0.0,0.0,0.0,0.0,0.0
EMP017,2026-03-17,0.0,0.0,0.0,0.0,0.0,0.0,0.0,0.0,0.0,0.0
EMP017,2026-03-18,0.0,0.0,0.0,0.0,0.0,0.0,0.0,0.0,0.0,0.0
EMP017,2026-03-19,0.0,0.0,0.0,0.0,0.0,0.0,0.0,0.0,0.0,0.0
EMP017,2026-03-20,0.0,0.0,0.0,0.0,0.0,0.0,0.0,0.0,0.0,0.0
EMP017,2026-03-21,0.0,0.0,0.0,0.0,0.0,0.0,0.0,0.0,0.0,0.0
EMP017,2026-03-22,0.0,0.0,0.0,0.0,0.0,0.0,0.0,0.0,0.0,0.0
EMP017,2026-03-23,0.0,0.0,0.0,0.0,0.0,0.0,0.0,0.0,0.0,0.0
EMP017,2026-03-24,0.0,0.0,0.0,0.0,0.0,0.0,0.0,0.0,0.0,0.0
EMP017,2026-03-25,0.0,0.0,0.0,0.0,0.0,0.0,0.0,0.0,0.0,0.0
EMP017,2026-03-26,0.0,0.0,0.0,0.0,0.0,0.0,0.0,0.0,0.0,0.0
EMP017,2026-03-27,0.0,0.0,0.0,0.0,0.0,0.0,0.0,0.0,0.0,0.0
EMP017,2026-03-28,0.0,0.0,0.0,0.0,0.0,0.0,0.0,0.0,0.0,0.0
EMP017,2026-03-29,0.0,0.0,0.0,0.0,0.0,0.0,0.0,0.0,0.0,0.0
EMP017,2026-03-30,0.0,0.0,0.0,0.0,0.0,0.0,0.0,0.0,0.0,0.0
EMP017,2026-03-31,0.0,0.0,0.0,0.0,0.0,0.0,0.0,0.0,0.0,0.0
EMP018,2026-01-01,0.0,0.0,0.0,0.0,0.0,0.0,0.0,0.0,0.0,0.0
EMP018,2026-01-02,0.0,0.0,0.0,0.0,0.0,0.0,0.0,0.0,0.0,0.0
EMP018,2026-01-03,0.0,0.0,0.0,0.0,0.0,0.0,0.0,0.0,0.0,0.0
EMP018,2026-01-04,0.0,0.0,0.0,0.0,0.0,0.0,0.0,0.0,0.0,0.0
EMP018,2026-01-05,0.0,0.0,0.0,0.0,0.0,0.0,0.0,0.0,0.0,0.0
EMP018,2026-01-06,0.0,0.0,0.0,0.0,0.0,0.0,0.0,0.0,0.0,0.0
EMP018,2026-01-07,0.0,0.0,0.0,0.0,0.0,0.0,0.0,0.0,0.0,0.0
EMP018,2026-01-08,0.0,0.0,0.0,0.0,0.0,0.0,0.0,0.0,0.0,0.0
EMP018,2026-01-09,0.0,0.0,0.0,0.0,0.0,0.0,0.0,0.0,0.0,0.0
EMP018,2026-01-10,0.0,0.0,0.0,0.0,0.0,0.0,0.0,0.0,0.0,0.0
EMP018,2026-01-11,0.0,0.0,0.0,0.0,0.0,0.0,0.0,0.0,0.0,0.0
EMP018,2026-01-12,0.0,0.0,0.0,0.0,0.0,0.0,0.0,0.0,0.0,0.0
EMP018,2026-01-13,0.0,0.0,0.0,0.0,0.0,0.0,0.0,0.0,0.0,0.0
EMP018,2026-01-14,0.0,0.0,0.0,0.0,0.0,0.0,0.0,0.0,0.0,0.0
EMP018,2026-01-15,0.0,0.0,0.0,0.0,0.0,0.0,0.0,0.0,0.0,0.0
EMP018,2026-01-16,0.0,0.0,0.0,0.0,0.0,0.0,0.0,0.0,0.0,0.0
EMP018,2026-01-17,0.0,0.0,0.0,0.0,0.0,0.0,0.0,0.0,0.0,0.0
EMP018,2026-01-18,0.0,0.0,0.0,0.0,0.0,0.0,0.0,0.0,0.0,0.0
EMP018,2026-01-19,0.0,0.0,0.0,0.0,0.0,0.0,0.0,0.0,0.0,0.0
EMP018,2026-01-20,0.0,0.0,0.0,0.0,0.0,0.0,0.0,0.0,0.0,0.0
EMP018,2026-01-21,0.0,0.0,0.0,0.0,0.0,0.0,0.0,0.0,0.0,0.0
EMP018,2026-01-22,0.0,0.0,0.0,0.0,0.0,0.0,0.0,0.0,0.0,0.0
EMP018,2026-01-23,0.0,0.0,0.0,0.0,0.0,0.0,0.0,0.0,0.0,0.0
EMP018,2026-01-24,0.0,0.0,0.0,0.0,0.0,0.0,0.0,0.0,0.0,0.0
EMP018,2026-01-25,0.0,0.0,0.0,0.0,0.0,0.0,0.0,0.0,0.0,0.0
EMP018,2026-01-26,0.0,0.0,0.0,0.0,0.0,0.0,0.0,0.0,0.0,0.0
EMP018,2026-01-27,0.0,0.0,0.0,0.0,0.0,0.0,0.0,0.0,0.0,0.0
EMP018,2026-01-28,0.0,0.0,0.0,0.0,0.0,0.0,0.0,0.0,0.0,0.0
EMP018,2026-01-29,0.0,0.0,0.0,0.0,0.0,0.0,0.0,0.0,0.0,0.0
EMP018,2026-01-30,0.0,0.0,0.0,0.0,0.0,0.0,0.0,0.0,0.0,0.0
EMP018,2026-01-31,0.0,0.0,0.0,0.0,0.0,0.0,0.0,0.0,0.0,0.0
EMP018,2026-02-01,0.0,0.0,0.0,0.0,0.0,0.0,0.0,0.0,0.0,0.0
EMP018,2026-02-02,0.0,0.0,0.0,0.0,0.0,0.0,0.0,0.0,0.0,0.0
EMP018,2026-02-03,0.0,0.0,0.0,0.0,0.0,0.0,0.0,0.0,0.0,0.0
EMP018,2026-02-04,0.0,0.0,0.0,0.0,0.0,0.0,0.0,0.0,0.0,0.0
EMP018,2026-02-05,0.0,0.0,0.0,0.0,0.0,0.0,0.0,0.0,0.0,0.0
EMP018,2026-02-06,0.0,0.0,0.0,0.0,0.0,0.0,0.0,0.0,0.0,0.0
EMP018,2026-02-07,0.0,0.0,0.0,0.0,0.0,0.0,0.0,0.0,0.0,0.0
EMP018,2026-02-08,0.0,0.0,0.0,0.0,0.0,0.0,0.0,0.0,0.0,0.0
EMP018,2026-02-09,0.0,0.0,0.0,0.0,0.0,0.0,0.0,0.0,0.0,0.0
EMP018,2026-02-10,0.0,0.0,0.0,0.0,0.0,0.0,0.0,0.0,0.0,0.0
EMP018,2026-02-11,0.0,0.0,0.0,0.0,0.0,0.0,0.0,0.0,0.0,0.0
EMP018,2026-02-12,0.0,0.0,0.0,0.0,0.0,0.0,0.0,0.0,0.0,0.0
EMP018,2026-02-13,0.0,0.0,0.0,0.0,0.0,0.0,0.0,0.0,0.0,0.0
EMP018,2026-02-14,0.0,0.0,0.0,0.0,0.0,0.0,0.0,0.0,0.0,0.0
EMP018,2026-02-15,0.0,0.0,0.0,0.0,0.0,0.0,0.0,0.0,0.0,0.0
EMP018,2026-02-16,0.0,0.0,0.0,0.0,0.0,0.0,0.0,0.0,0.0,0.0
EMP018,2026-02-17,0.0,0.0,0.0,0.0,0.0,0.0,0.0,0.0,0.0,0.0
EMP018,2026-02-18,0.0,0.0,0.0,0.0,0.0,0.0,0.0,0.0,0.0,0.0
EMP018,2026-02-19,0.0,0.0,0.0,0.0,0.0,0.0,0.0,0.0,0.0,0.0
EMP018,2026-02-20,0.0,0.0,0.0,0.0,0.0,0.0,0.0,0.0,0.0,0.0
EMP018,2026-02-21,0.0,0.0,0.0,0.0,0.0,0.0,0.0,0.0,0.0,0.0
EMP018,2026-02-22,0.0,0.0,0.0,0.0,0.0,0.0,0.0,0.0,0.0,0.0
EMP018,2026-02-23,0.0,0.0,0.0,0.0,0.0,0.0,0.0,0.0,0.0,0.0
EMP018,2026-02-24,0.0,0.0,0.0,0.0,0.0,0.0,0.0,0.0,0.0,0.0
EMP018,2026-02-25,0.0,0.0,0.0,0.0,0.0,0.0,0.0,0.0,0.0,0.0
EMP018,2026-02-26,0.0,0.0,0.0,0.0,0.0,0.0,0.0,0.0,0.0,0.0
EMP018,2026-02-27,0.0,0.0,0.0,0.0,0.0,0.0,0.0,0.0,0.0,0.0
EMP018,2026-02-28,0.0,0.0,0.0,0.0,0.0,0.0,0.0,0.0,0.0,0.0
EMP018,2026-03-01,0.0,0.0,0.0,0.0,0.0,0.0,0.0,0.0,0.0,0.0
EMP018,2026-03-02,0.0,0.0,0.0,0.0,0.0,0.0,0.0,0.0,0.0,0.0
EMP018,2026-03-03,0.0,0.0,0.0,0.0,0.0,0.0,0.0,0.0,0.0,0.0
EMP018,2026-03-04,0.0,0.0,0.0,0.0,0.0,0.0,0.0,0.0,0.0,0.0
EMP018,2026-03-05,0.0,0.0,0.0,0.0,0.0,0.0,0.0,0.0,0.0,0.0
EMP018,2026-03-06,0.0,0.0,0.0,0.0,0.0,0.0,0.0,0.0,0.0,0.0
EMP018,2026-03-07,0.0,0.0,0.0,0.0,0.0,0.0,0.0,0.0,0.0,0.0
EMP018,2026-03-08,0.0,0.0,0.0,0.0,0.0,0.0,0.0,0.0,0.0,0.0
EMP018,2026-03-09,0.0,0.0,0.0,0.0,0.0,0.0,0.0,0.0,0.0,0.0
EMP018,2026-03-10,0.0,0.0,0.0,0.0,0.0,0.0,0.0,0.0,0.0,0.0
EMP018,2026-03-11,0.0,0.0,0.0,0.0,0.0,0.0,0.0,0.0,0.0,0.0
EMP018,2026-03-12,0.0,0.0,0.0,0.0,0.0,0.0,0.0,0.0,0.0,0.0
EMP018,2026-03-13,0.0,0.0,0.0,0.0,0.0,0.0,0.0,0.0,0.0,0.0
EMP018,2026-03-14,0.0,0.0,0.0,0.0,0.0,0.0,0.0,0.0,0.0,0.0
EMP018,2026-03-15,0.0,0.0,0.0,0.0,0.0,0.0,0.0,0.0,0.0,0.0
EMP018,2026-03-16,0.0,0.0,0.0,0.0,0.0,0.0,0.0,0.0,0.0,0.0
EMP018,2026-03-17,0.0,0.0,0.0,0.0,0.0,0.0,0.0,0.0,0.0,0.0
EMP018,2026-03-18,0.0,0.0,0.0,0.0,0.0,0.0,0.0,0.0,0.0,0.0
EMP018,2026-03-19,0.0,0.0,0.0,0.0,0.0,0.0,0.0,0.0,0.0,0.0
EMP018,2026-03-20,0.0,0.0,0.0,0.0,0.0,0.0,0.0,0.0,0.0,0.0
EMP018,2026-03-21,0.0,0.0,0.0,0.0,0.0,0.0,0.0,0.0,0.0,0.0
EMP018,2026-03-22,0.0,0.0,0.0,0.0,0.0,0.0,0.0,0.0,0.0,0.0
EMP018,2026-03-23,0.0,0.0,0.0,0.0,0.0,0.0,0.0,0.0,0.0,0.0
EMP018,2026-03-24,0.0,0.0,0.0,0.0,0.0,0.0,0.0,0.0,0.0,0.0
EMP018,2026-03-25,0.0,0.0,0.0,0.0,0.0,0.0,0.0,0.0,0.0,0.0
EMP018,2026-03-26,0.0,0.0,0.0,0.0,0.0,0.0,0.0,0.0,0.0,0.0
EMP018,2026-03-27,0.0,0.0,0.0,0.0,0.0,0.0,0.0,0.0,0.0,0.0
EMP018,2026-03-28,0.0,0.0,0.0,0.0,0.0,0.0,0.0,0.0,0.0,0.0
EMP018,2026-03-29,0.0,0.0,0.0,0.0,0.0,0.0,0.0,0.0,0.0,0.0
EMP018,2026-03-30,0.0,0.0,0.0,0.0,0.0,0.0,0.0,0.0,0.0,0.0
EMP018,2026-03-31,0.0,0.0,0.0,0.0,0.0,0.0,0.0,0.0,0.0,0.0
EMP019,2026-01-01,0.0,0.0,0.0,0.0,0.0,0.0,0.0,0.0,0.0,0.0
EMP019,2026-01-02,0.0,0.0,0.0,0.0,0.0,0.0,0.0,0.0,0.0,0.0
EMP019,2026-01-03,0.0,0.0,0.0,0.0,0.0,0.0,0.0,0.0,0.0,0.0
EMP019,2026-01-04,0.0,0.0,0.0,0.0,0.0,0.0,0.0,0.0,0.0,0.0
EMP019,2026-01-05,0.0,0.0,0.0,0.0,0.0,0.0,0.0,0.0,0.0,0.0
EMP019,2026-01-06,0.0,0.0,0.0,0.0,0.0,0.0,0.0,0.0,0.0,0.0
EMP019,2026-01-07,0.0,0.0,0.0,0.0,0.0,0.0,0.0,0.0,0.0,0.0
EMP019,2026-01-08,0.0,0.0,0.0,0.0,0.0,0.0,0.0,0.0,0.0,0.0
EMP019,2026-01-09,0.0,0.0,0.0,0.0,0.0,0.0,0.0,0.0,0.0,0.0
EMP019,2026-01-10,0.0,0.0,0.0,0.0,0.0,0.0,0.0,0.0,0.0,0.0
EMP019,2026-01-11,0.0,0.0,0.0,0.0,0.0,0.0,0.0,0.0,0.0,0.0
EMP019,2026-01-12,0.0,0.0,0.0,0.0,0.0,0.0,0.0,0.0,0.0,0.0
EMP019,2026-01-13,0.0,0.0,0.0,0.0,0.0,0.0,0.0,0.0,0.0,0.0
EMP019,2026-01-14,0.0,0.0,0.0,0.0,0.0,0.0,0.0,0.0,0.0,0.0
EMP019,2026-01-15,0.0,0.0,0.0,0.0,0.0,0.0,0.0,0.0,0.0,0.0
EMP019,2026-01-16,0.0,0.0,0.0,0.0,0.0,0.0,0.0,0.0,0.0,0.0
EMP019,2026-01-17,0.0,0.0,0.0,0.0,0.0,0.0,0.0,0.0,0.0,0.0
EMP019,2026-01-18,0.0,0.0,0.0,0.0,0.0,0.0,0.0,0.0,0.0,0.0
EMP019,2026-01-19,0.0,0.0,0.0,0.0,0.0,0.0,0.0,0.0,0.0,0.0
EMP019,2026-01-20,0.0,0.0,0.0,0.0,0.0,0.0,0.0,0.0,0.0,0.0
EMP019,2026-01-21,0.0,0.0,0.0,0.0,0.0,0.0,0.0,0.0,0.0,0.0
EMP019,2026-01-22,0.0,0.0,0.0,0.0,0.0,0.0,0.0,0.0,0.0,0.0
EMP019,2026-01-23,0.0,0.0,0.0,0.0,0.0,0.0,0.0,0.0,0.0,0.0
EMP019,2026-01-24,0.0,0.0,0.0,0.0,0.0,0.0,0.0,0.0,0.0,0.0
EMP019,2026-01-25,0.0,0.0,0.0,0.0,0.0,0.0,0.0,0.0,0.0,0.0
EMP019,2026-01-26,0.0,0.0,0.0,0.0,0.0,0.0,0.0,0.0,0.0,0.0
EMP019,2026-01-27,0.0,0.0,0.0,0.0,0.0,0.0,0.0,0.0,0.0,0.0
EMP019,2026-01-28,0.0,0.0,0.0,0.0,0.0,0.0,0.0,0.0,0.0,0.0
EMP019,2026-01-29,0.0,0.0,0.0,0.0,0.0,0.0,0.0,0.0,0.0,0.0
EMP019,2026-01-30,0.0,0.0,0.0,0.0,0.0,0.0,0.0,0.0,0.0,0.0
EMP019,2026-01-31,0.0,0.0,0.0,0.0,0.0,0.0,0.0,0.0,0.0,0.0
EMP019,2026-02-01,0.0,0.0,0.0,0.0,0.0,0.0,0.0,0.0,0.0,0.0
EMP019,2026-02-02,0.0,0.0,0.0,0.0,0.0,0.0,0.0,0.0,0.0,0.0
EMP019,2026-02-03,0.0,0.0,0.0,0.0,0.0,0.0,0.0,0.0,0.0,0.0
EMP019,2026-02-04,0.0,0.0,0.0,0.0,0.0,0.0,0.0,0.0,0.0,0.0
EMP019,2026-02-05,0.0,0.0,0.0,0.0,0.0,0.0,0.0,0.0,0.0,0.0
EMP019,2026-02-06,0.0,0.0,0.0,0.0,0.0,0.0,0.0,0.0,0.0,0.0
EMP019,2026-02-07,0.0,0.0,0.0,0.0,0.0,0.0,0.0,0.0,0.0,0.0
EMP019,2026-02-08,0.0,0.0,0.0,0.0,0.0,0.0,0.0,0.0,0.0,0.0
EMP019,2026-02-09,0.0,0.0,0.0,0.0,0.0,0.0,0.0,0.0,0.0,0.0
EMP019,2026-02-10,0.0,0.0,0.0,0.0,0.0,0.0,0.0,0.0,0.0,0.0
EMP019,2026-02-11,0.0,0.0,0.0,0.0,0.0,0.0,0.0,0.0,0.0,0.0
EMP019,2026-02-12,0.0,0.0,0.0,0.0,0.0,0.0,0.0,0.0,0.0,0.0
EMP019,2026-02-13,0.0,0.0,0.0,0.0,0.0,0.0,0.0,0.0,0.0,0.0
EMP019,2026-02-14,0.0,0.0,0.0,0.0,0.0,0.0,0.0,0.0,0.0,0.0
EMP019,2026-02-15,0.0,0.0,0.0,0.0,0.0,0.0,0.0,0.0,0.0,0.0
EMP019,2026-02-16,0.0,0.0,0.0,0.0,0.0,0.0,0.0,0.0,0.0,0.0
EMP019,2026-02-17,0.0,0.0,0.0,0.0,0.0,0.0,0.0,0.0,0.0,0.0
EMP019,2026-02-18,0.0,0.0,0.0,0.0,0.0,0.0,0.0,0.0,0.0,0.0
EMP019,2026-02-19,0.0,0.0,0.0,0.0,0.0,0.0,0.0,0.0,0.0,0.0
EMP019,2026-02-20,0.0,0.0,0.0,0.0,0.0,0.0,0.0,0.0,0.0,0.0
EMP019,2026-02-21,0.0,0.0,0.0,0.0,0.0,0.0,0.0,0.0,0.0,0.0
EMP019,2026-02-22,0.0,0.0,0.0,0.0,0.0,0.0,0.0,0.0,0.0,0.0
EMP019,2026-02-23,0.0,0.0,0.0,0.0,0.0,0.0,0.0,0.0,0.0,0.0
EMP019,2026-02-24,0.0,0.0,0.0,0.0,0.0,0.0,0.0,0.0,0.0,0.0
EMP019,2026-02-25,0.0,0.0,0.0,0.0,0.0,0.0,0.0,0.0,0.0,0.0
EMP019,2026-02-26,0.0,0.0,0.0,0.0,0.0,0.0,0.0,0.0,0.0,0.0
EMP019,2026-02-27,0.0,0.0,0.0,0.0,0.0,0.0,0.0,0.0,0.0,0.0
EMP019,2026-02-28,0.0,0.0,0.0,0.0,0.0,0.0,0.0,0.0,0.0,0.0
EMP019,2026-03-01,0.0,0.0,0.0,0.0,0.0,0.0,0.0,0.0,0.0,0.0
EMP019,2026-03-02,0.0,0.0,0.0,0.0,0.0,0.0,0.0,0.0,0.0,0.0
EMP019,2026-03-03,0.0,0.0,0.0,0.0,0.0,0.0,0.0,0.0,0.0,0.0
EMP019,2026-03-04,0.0,0.0,0.0,0.0,0.0,0.0,0.0,0.0,0.0,0.0
EMP019,2026-03-05,0.0,0.0,0.0,0.0,0.0,0.0,0.0,0.0,0.0,0.0
EMP019,2026-03-06,0.0,0.0,0.0,0.0,0.0,0.0,0.0,0.0,0.0,0.0
EMP019,2026-03-07,0.0,0.0,0.0,0.0,0.0,0.0,0.0,0.0,0.0,0.0
EMP019,2026-03-08,0.0,0.0,0.0,0.0,0.0,0.0,0.0,0.0,0.0,0.0
EMP019,2026-03-09,0.0,0.0,0.0,0.0,0.0,0.0,0.0,0.0,0.0,0.0
EMP019,2026-03-10,0.0,0.0,0.0,0.0,0.0,0.0,0.0,0.0,0.0,0.0
EMP019,2026-03-11,0.0,0.0,0.0,0.0,0.0,0.0,0.0,0.0,0.0,0.0
EMP019,2026-03-12,0.0,0.0,0.0,0.0,0.0,0.0,0.0,0.0,0.0,0.0
EMP019,2026-03-13,0.0,0.0,0.0,0.0,0.0,0.0,0.0,0.0,0.0,0.0
EMP019,2026-03-14,0.0,0.0,0.0,0.0,0.0,0.0,0.0,0.0,0.0,0.0
EMP019,2026-03-15,0.0,0.0,0.0,0.0,0.0,0.0,0.0,0.0,0.0,0.0
EMP019,2026-03-16,0.0,0.0,0.0,0.0,0.0,0.0,0.0,0.0,0.0,0.0
EMP019,2026-03-17,0.0,0.0,0.0,0.0,0.0,0.0,0.0,0.0,0.0,0.0
EMP019,2026-03-18,0.0,0.0,0.0,0.0,0.0,0.0,0.0,0.0,0.0,0.0
EMP019,2026-03-19,0.0,0.0,0.0,0.0,0.0,0.0,0.0,0.0,0.0,0.0
EMP019,2026-03-20,0.0,0.0,0.0,0.0,0.0,0.0,0.0,0.0,0.0,0.0
EMP019,2026-03-21,0.0,0.0,0.0,0.0,0.0,0.0,0.0,0.0,0.0,0.0
EMP019,2026-03-22,0.0,0.0,0.0,0.0,0.0,0.0,0.0,0.0,0.0,0.0
EMP019,2026-03-23,0.0,0.0,0.0,0.0,0.0,0.0,0.0,0.0,0.0,0.0
EMP019,2026-03-24,0.0,0.0,0.0,0.0,0.0,0.0,0.0,0.0,0.0,0.0
EMP019,2026-03-25,0.0,0.0,0.0,0.0,0.0,0.0,0.0,0.0,0.0,0.0
EMP019,2026-03-26,0.0,0.0,0.0,0.0,0.0,0.0,0.0,0.0,0.0,0.0
EMP019,2026-03-27,0.0,0.0,0.0,0.0,0.0,0.0,0.0,0.0,0.0,0.0
EMP019,2026-03-28,0.0,0.0,0.0,0.0,0.0,0.0,0.0,0.0,0.0,0.0
EMP019,2026-03-29,0.0,0.0,0.0,0.0,0.0,0.0,0.0,0.0,0.0,0.0
EMP019,2026-03-30,0.0,0.0,0.0,0.0,0.0,0.0,0.0,0.0,0.0,0.0
EMP019,2026-03-31,0.0,0.0,0.0,0.0,0.0,0.0,0.0,0.0,0.0,0.0
EMP020,2026-01-01,0.0,0.0,0.0,0.0,0.0,0.0,0.0,0.0,0.0,0.0
EMP020,2026-01-02,0.0,0.0,0.0,0.0,0.0,0.0,0.0,0.0,0.0,0.0
EMP020,2026-01-03,0.0,0.0,0.0,0.0,0.0,0.0,0.0,0.0,0.0,0.0
EMP020,2026-01-04,0.0,0.0,0.0,0.0,0.0,0.0,0.0,0.0,0.0,0.0
EMP020,2026-01-05,0.0,0.0,0.0,0.0,0.0,0.0,0.0,0.0,0.0,0.0
EMP020,2026-01-06,0.0,0.0,0.0,0.0,0.0,0.0,0.0,0.0,0.0,0.0
EMP020,2026-01-07,0.0,0.0,0.0,0.0,0.0,0.0,0.0,0.0,0.0,0.0
EMP020,2026-01-08,0.0,0.0,0.0,0.0,0.0,0.0,0.0,0.0,0.0,0.0
EMP020,2026-01-09,0.0,0.0,0.0,0.0,0.0,0.0,0.0,0.0,0.0,0.0
EMP020,2026-01-10,0.0,0.0,0.0,0.0,0.0,0.0,0.0,0.0,0.0,0.0
EMP020,2026-01-11,0.0,0.0,0.0,0.0,0.0,0.0,0.0,0.0,0.0,0.0
EMP020,2026-01-12,0.0,0.0,0.0,0.0,0.0,0.0,0.0,0.0,0.0,0.0
EMP020,2026-01-13,0.0,0.0,0.0,0.0,0.0,0.0,0.0,0.0,0.0,0.0
EMP020,2026-01-14,0.0,0.0,0.0,0.0,0.0,0.0,0.0,0.0,0.0,0.0
EMP020,2026-01-15,0.0,0.0,0.0,0.0,0.0,0.0,0.0,0.0,0.0,0.0
EMP020,2026-01-16,0.0,0.0,0.0,0.0,0.0,0.0,0.0,0.0,0.0,0.0
EMP020,2026-01-17,0.0,0.0,0.0,0.0,0.0,0.0,0.0,0.0,0.0,0.0
EMP020,2026-01-18,0.0,0.0,0.0,0.0,0.0,0.0,0.0,0.0,0.0,0.0
EMP020,2026-01-19,0.0,0.0,0.0,0.0,0.0,0.0,0.0,0.0,0.0,0.0
EMP020,2026-01-20,0.0,0.0,0.0,0.0,0.0,0.0,0.0,0.0,0.0,0.0
EMP020,2026-01-21,0.0,0.0,0.0,0.0,0.0,0.0,0.0,0.0,0.0,0.0
EMP020,2026-01-22,0.0,0.0,0.0,0.0,0.0,0.0,0.0,0.0,0.0,0.0
EMP020,2026-01-23,0.0,0.0,0.0,0.0,0.0,0.0,0.0,0.0,0.0,0.0
EMP020,2026-01-24,0.0,0.0,0.0,0.0,0.0,0.0,0.0,0.0,0.0,0.0
EMP020,2026-01-25,0.0,0.0,0.0,0.0,0.0,0.0,0.0,0.0,0.0,0.0
EMP020,2026-01-26,0.0,0.0,0.0,0.0,0.0,0.0,0.0,0.0,0.0,0.0
EMP020,2026-01-27,0.0,0.0,0.0,0.0,0.0,0.0,0.0,0.0,0.0,0.0
EMP020,2026-01-28,0.0,0.0,0.0,0.0,0.0,0.0,0.0,0.0,0.0,0.0
EMP020,2026-01-29,0.0,0.0,0.0,0.0,0.0,0.0,0.0,0.0,0.0,0.0
EMP020,2026-01-30,0.0,0.0,0.0,0.0,0.0,0.0,0.0,0.0,0.0,0.0
EMP020,2026-01-31,0.0,0.0,0.0,0.0,0.0,0.0,0.0,0.0,0.0,0.0
EMP020,2026-02-01,0.0,0.0,0.0,0.0,0.0,0.0,0.0,0.0,0.0,0.0
EMP020,2026-02-02,0.0,0.0,0.0,0.0,0.0,0.0,0.0,0.0,0.0,0.0
EMP020,2026-02-03,0.0,0.0,0.0,0.0,0.0,0.0,0.0,0.0,0.0,0.0
EMP020,2026-02-04,0.0,0.0,0.0,0.0,0.0,0.0,0.0,0.0,0.0,0.0
EMP020,2026-02-05,0.0,0.0,0.0,0.0,0.0,0.0,0.0,0.0,0.0,0.0
EMP020,2026-02-06,0.0,0.0,0.0,0.0,0.0,0.0,0.0,0.0,0.0,0.0
EMP020,2026-02-07,0.0,0.0,0.0,0.0,0.0,0.0,0.0,0.0,0.0,0.0
EMP020,2026-02-08,0.0,0.0,0.0,0.0,0.0,0.0,0.0,0.0,0.0,0.0
EMP020,2026-02-09,0.0,0.0,0.0,0.0,0.0,0.0,0.0,0.0,0.0,0.0
EMP020,2026-02-10,0.0,0.0,0.0,0.0,0.0,0.0,0.0,0.0,0.0,0.0
EMP020,2026-02-11,0.0,0.0,0.0,0.0,0.0,0.0,0.0,0.0,0.0,0.0
EMP020,2026-02-12,0.0,0.0,0.0,0.0,0.0,0.0,0.0,0.0,0.0,0.0
EMP020,2026-02-13,0.0,0.0,0.0,0.0,0.0,0.0,0.0,0.0,0.0,0.0
EMP020,2026-02-14,0.0,0.0,0.0,0.0,0.0,0.0,0.0,0.0,0.0,0.0
EMP020,2026-02-15,0.0,0.0,0.0,0.0,0.0,0.0,0.0,0.0,0.0,0.0
EMP020,2026-02-16,0.0,0.0,0.0,0.0,0.0,0.0,0.0,0.0,0.0,0.0
EMP020,2026-02-17,0.0,0.0,0.0,0.0,0.0,0.0,0.0,0.0,0.0,0.0
EMP020,2026-02-18,0.0,0.0,0.0,0.0,0.0,0.0,0.0,0.0,0.0,0.0
EMP020,2026-02-19,0.0,0.0,0.0,0.0,0.0,0.0,0.0,0.0,0.0,0.0
EMP020,2026-02-20,0.0,0.0,0.0,0.0,0.0,0.0,0.0,0.0,0.0,0.0
EMP020,2026-02-21,0.0,0.0,0.0,0.0,0.0,0.0,0.0,0.0,0.0,0.0
EMP020,2026-02-22,0.0,0.0,0.0,0.0,0.0,0.0,0.0,0.0,0.0,0.0
EMP020,2026-02-23,0.0,0.0,0.0,0.0,0.0,0.0,0.0,0.0,0.0,0.0
EMP020,2026-02-24,0.0,0.0,0.0,0.0,0.0,0.0,0.0,0.0,0.0,0.0
EMP020,2026-02-25,0.0,0.0,0.0,0.0,0.0,0.0,0.0,0.0,0.0,0.0
EMP020,2026-02-26,0.0,0.0,0.0,0.0,0.0,0.0,0.0,0.0,0.0,0.0
EMP020,2026-02-27,0.0,0.0,0.0,0.0,0.0,0.0,0.0,0.0,0.0,0.0
EMP020,2026-02-28,0.0,0.0,0.0,0.0,0.0,0.0,0.0,0.0,0.0,0.0
EMP020,2026-03-01,0.0,0.0,0.0,0.0,0.0,0.0,0.0,0.0,0.0,0.0
EMP020,2026-03-02,0.0,0.0,0.0,0.0,0.0,0.0,0.0,0.0,0.0,0.0
EMP020,2026-03-03,0.0,0.0,0.0,0.0,0.0,0.0,0.0,0.0,0.0,0.0
EMP020,2026-03-04,0.0,0.0,0.0,0.0,0.0,0.0,0.0,0.0,0.0,0.0
EMP020,2026-03-05,0.0,0.0,0.0,0.0,0.0,0.0,0.0,0.0,0.0,0.0
EMP020,2026-03-06,0.0,0.0,0.0,0.0,0.0,0.0,0.0,0.0,0.0,0.0
EMP020,2026-03-07,0.0,0.0,0.0,0.0,0.0,0.0,0.0,0.0,0.0,0.0
EMP020,2026-03-08,0.0,0.0,0.0,0.0,0.0,0.0,0.0,0.0,0.0,0.0
EMP020,2026-03-09,0.0,0.0,0.0,0.0,0.0,0.0,0.0,0.0,0.0,0.0
EMP020,2026-03-10,0.0,0.0,0.0,0.0,0.0,0.0,0.0,0.0,0.0,0.0
EMP020,2026-03-11,0.0,0.0,0.0,0.0,0.0,0.0,0.0,0.0,0.0,0.0
EMP020,2026-03-12,0.0,0.0,0.0,0.0,0.0,0.0,0.0,0.0,0.0,0.0
EMP020,2026-03-13,0.0,0.0,0.0,0.0,0.0,0.0,0.0,0.0,0.0,0.0
EMP020,2026-03-14,0.0,0.0,0.0,0.0,0.0,0.0,0.0,0.0,0.0,0.0
EMP020,2026-03-15,0.0,0.0,0.0,0.0,0.0,0.0,0.0,0.0,0.0,0.0
EMP020,2026-03-16,0.0,0.0,0.0,0.0,0.0,0.0,0.0,0.0,0.0,0.0
EMP020,2026-03-17,0.0,0.0,0.0,0.0,0.0,0.0,0.0,0.0,0.0,0.0
EMP020,2026-03-18,0.0,0.0,0.0,0.0,0.0,0.0,0.0,0.0,0.0,0.0
EMP020,2026-03-19,0.0,0.0,0.0,0.0,0.0,0.0,0.0,0.0,0.0,0.0
EMP020,2026-03-20,0.0,0.0,0.0,0.0,0.0,0.0,0.0,0.0,0.0,0.0
EMP020,2026-03-21,0.0,0.0,0.0,0.0,0.0,0.0,0.0,0.0,0.0,0.0
EMP020,2026-03-22,0.0,0.0,0.0,0.0,0.0,0.0,0.0,0.0,0.0,0.0
EMP020,2026-03-23,0.0,0.0,0.0,0.0,0.0,0.0,0.0,0.0,0.0,0.0
EMP020,2026-03-24,0.0,0.0,0.0,0.0,0.0,0.0,0.0,0.0,0.0,0.0
EMP020,2026-03-25,0.0,0.0,0.0,0.0,0.0,0.0,0.0,0.0,0.0,0.0
EMP020,2026-03-26,0.0,0.0,0.0,0.0,0.0,0.0,0.0,0.0,0.0,0.0
EMP020,2026-03-27,0.0,0.0,0.0,0.0,0.0,0.0,0.0,0.0,0.0,0.0
EMP020,2026-03-28,0.0,0.0,0.0,0.0,0.0,0.0,0.0,0.0,0.0,0.0
EMP020,2026-03-29,0.0,0.0,0.0,0.0,0.0,0.0,0.0,0.0,0.0,0.0
EMP020,2026-03-30,0.0,0.0,0.0,0.0,0.0,0.0,0.0,0.0,0.0,0.0
EMP020,2026-03-31,0.0,0.0,0.0,0.0,0.0,0.0,0.0,0.0,0.0,0.0
EMP021,2026-01-01,0.0,0.0,0.0,0.0,0.0,0.0,0.0,0.0,0.0,0.0
EMP021,2026-01-02,0.0,0.0,0.0,0.0,0.0,0.0,0.0,0.0,0.0,0.0
EMP021,2026-01-03,0.0,0.0,0.0,0.0,0.0,0.0,0.0,0.0,0.0,0.0
EMP021,2026-01-04,0.0,0.0,0.0,0.0,0.0,0.0,0.0,0.0,0.0,0.0
EMP021,2026-01-05,0.0,0.0,0.0,0.0,0.0,0.0,0.0,0.0,0.0,0.0
EMP021,2026-01-06,0.0,0.0,0.0,0.0,0.0,0.0,0.0,0.0,0.0,0.0
EMP021,2026-01-07,0.0,0.0,0.0,0.0,0.0,0.0,0.0,0.0,0.0,0.0
EMP021,2026-01-08,0.0,0.0,0.0,0.0,0.0,0.0,0.0,0.0,0.0,0.0
EMP021,2026-01-09,0.0,0.0,0.0,0.0,0.0,0.0,0.0,0.0,0.0,0.0
EMP021,2026-01-10,0.0,0.0,0.0,0.0,0.0,0.0,0.0,0.0,0.0,0.0
EMP021,2026-01-11,0.0,0.0,0.0,0.0,0.0,0.0,0.0,0.0,0.0,0.0
EMP021,2026-01-12,0.0,0.0,0.0,0.0,0.0,0.0,0.0,0.0,0.0,0.0
EMP021,2026-01-13,0.0,0.0,0.0,0.0,0.0,0.0,0.0,0.0,0.0,0.0
EMP021,2026-01-14,0.0,0.0,0.0,0.0,0.0,0.0,0.0,0.0,0.0,0.0
EMP021,2026-01-15,0.0,0.0,0.0,0.0,0.0,0.0,0.0,0.0,0.0,0.0
EMP021,2026-01-16,0.0,0.0,0.0,0.0,0.0,0.0,0.0,0.0,0.0,0.0
EMP021,2026-01-17,0.0,0.0,0.0,0.0,0.0,0.0,0.0,0.0,0.0,0.0
EMP021,2026-01-18,0.0,0.0,0.0,0.0,0.0,0.0,0.0,0.0,0.0,0.0
EMP021,2026-01-19,0.0,0.0,0.0,0.0,0.0,0.0,0.0,0.0,0.0,0.0
EMP021,2026-01-20,0.0,0.0,0.0,0.0,0.0,0.0,0.0,0.0,0.0,0.0
EMP021,2026-01-21,0.0,0.0,0.0,0.0,0.0,0.0,0.0,0.0,0.0,0.0
EMP021,2026-01-22,0.0,0.0,0.0,0.0,0.0,0.0,0.0,0.0,0.0,0.0
EMP021,2026-01-23,0.0,0.0,0.0,0.0,0.0,0.0,0.0,0.0,0.0,0.0
EMP021,2026-01-24,0.0,0.0,0.0,0.0,0.0,0.0,0.0,0.0,0.0,0.0
EMP021,2026-01-25,0.0,0.0,0.0,0.0,0.0,0.0,0.0,0.0,0.0,0.0
EMP021,2026-01-26,0.0,0.0,0.0,0.0,0.0,0.0,0.0,0.0,0.0,0.0
EMP021,2026-01-27,0.0,0.0,0.0,0.0,0.0,0.0,0.0,0.0,0.0,0.0
EMP021,2026-01-28,0.0,0.0,0.0,0.0,0.0,0.0,0.0,0.0,0.0,0.0
EMP021,2026-01-29,0.0,0.0,0.0,0.0,0.0,0.0,0.0,0.0,0.0,0.0
EMP021,2026-01-30,0.0,0.0,0.0,0.0,0.0,0.0,0.0,0.0,0.0,0.0
EMP021,2026-01-31,0.0,0.0,0.0,0.0,0.0,0.0,0.0,0.0,0.0,0.0
EMP021,2026-02-01,0.0,0.0,0.0,0.0,0.0,0.0,0.0,0.0,0.0,0.0
EMP021,2026-02-02,0.0,0.0,0.0,0.0,0.0,0.0,0.0,0.0,0.0,0.0
EMP021,2026-02-03,0.0,0.0,0.0,0.0,0.0,0.0,0.0,0.0,0.0,0.0
EMP021,2026-02-04,0.0,0.0,0.0,0.0,0.0,0.0,0.0,0.0,0.0,0.0
EMP021,2026-02-05,0.0,0.0,0.0,0.0,0.0,0.0,0.0,0.0,0.0,0.0
EMP021,2026-02-06,0.0,0.0,0.0,0.0,0.0,0.0,0.0,0.0,0.0,0.0
EMP021,2026-02-07,0.0,0.0,0.0,0.0,0.0,0.0,0.0,0.0,0.0,0.0
EMP021,2026-02-08,0.0,0.0,0.0,0.0,0.0,0.0,0.0,0.0,0.0,0.0
EMP021,2026-02-09,0.0,0.0,0.0,0.0,0.0,0.0,0.0,0.0,0.0,0.0
EMP021,2026-02-10,0.0,0.0,0.0,0.0,0.0,0.0,0.0,0.0,0.0,0.0
EMP021,2026-02-11,0.0,0.0,0.0,0.0,0.0,0.0,0.0,0.0,0.0,0.0
EMP021,2026-02-12,0.0,0.0,0.0,0.0,0.0,0.0,0.0,0.0,0.0,0.0
EMP021,2026-02-13,0.0,0.0,0.0,0.0,0.0,0.0,0.0,0.0,0.0,0.0
EMP021,2026-02-14,0.0,0.0,0.0,0.0,0.0,0.0,0.0,0.0,0.0,0.0
EMP021,2026-02-15,0.0,0.0,0.0,0.0,0.0,0.0,0.0,0.0,0.0,0.0
EMP021,2026-02-16,0.0,0.0,0.0,0.0,0.0,0.0,0.0,0.0,0.0,0.0
EMP021,2026-02-17,0.0,0.0,0.0,0.0,0.0,0.0,0.0,0.0,0.0,0.0
EMP021,2026-02-18,0.0,0.0,0.0,0.0,0.0,0.0,0.0,0.0,0.0,0.0
EMP021,2026-02-19,0.0,0.0,0.0,0.0,0.0,0.0,0.0,0.0,0.0,0.0
EMP021,2026-02-20,0.0,0.0,0.0,0.0,0.0,0.0,0.0,0.0,0.0,0.0
EMP021,2026-02-21,0.0,0.0,0.0,0.0,0.0,0.0,0.0,0.0,0.0,0.0
EMP021,2026-02-22,0.0,0.0,0.0,0.0,0.0,0.0,0.0,0.0,0.0,0.0
EMP021,2026-02-23,0.0,0.0,0.0,0.0,0.0,0.0,0.0,0.0,0.0,0.0
EMP021,2026-02-24,0.0,0.0,0.0,0.0,0.0,0.0,0.0,0.0,0.0,0.0
EMP021,2026-02-25,0.0,0.0,0.0,0.0,0.0,0.0,0.0,0.0,0.0,0.0
EMP021,2026-02-26,0.0,0.0,0.0,0.0,0.0,0.0,0.0,0.0,0.0,0.0
EMP021,2026-02-27,0.0,0.0,0.0,0.0,0.0,0.0,0.0,0.0,0.0,0.0
EMP021,2026-02-28,0.0,0.0,0.0,0.0,0.0,0.0,0.0,0.0,0.0,0.0
EMP021,2026-03-01,0.0,0.0,0.0,0.0,0.0,0.0,0.0,0.0,0.0,0.0
EMP021,2026-03-02,0.0,0.0,0.0,0.0,0.0,0.0,0.0,0.0,0.0,0.0
EMP021,2026-03-03,0.0,0.0,0.0,0.0,0.0,0.0,0.0,0.0,0.0,0.0
EMP021,2026-03-04,0.0,0.0,0.0,0.0,0.0,0.0,0.0,0.0,0.0,0.0
EMP021,2026-03-05,0.0,0.0,0.0,0.0,0.0,0.0,0.0,0.0,0.0,0.0
EMP021,2026-03-06,0.0,0.0,0.0,0.0,0.0,0.0,0.0,0.0,0.0,0.0
EMP021,2026-03-07,0.0,0.0,0.0,0.0,0.0,0.0,0.0,0.0,0.0,0.0
EMP021,2026-03-08,0.0,0.0,0.0,0.0,0.0,0.0,0.0,0.0,0.0,0.0
EMP021,2026-03-09,0.0,0.0,0.0,0.0,0.0,0.0,0.0,0.0,0.0,0.0
EMP021,2026-03-10,0.0,0.0,0.0,0.0,0.0,0.0,0.0,0.0,0.0,0.0
EMP021,2026-03-11,0.0,0.0,0.0,0.0,0.0,0.0,0.0,0.0,0.0,0.0
EMP021,2026-03-12,0.0,0.0,0.0,0.0,0.0,0.0,0.0,0.0,0.0,0.0
EMP021,2026-03-13,0.0,0.0,0.0,0.0,0.0,0.0,0.0,0.0,0.0,0.0
EMP021,2026-03-14,0.0,0.0,0.0,0.0,0.0,0.0,0.0,0.0,0.0,0.0
EMP021,2026-03-15,0.0,0.0,0.0,0.0,0.0,0.0,0.0,0.0,0.0,0.0
EMP021,2026-03-16,0.0,0.0,0.0,0.0,0.0,0.0,0.0,0.0,0.0,0.0
EMP021,2026-03-17,0.0,0.0,0.0,0.0,0.0,0.0,0.0,0.0,0.0,0.0
EMP021,2026-03-18,0.0,0.0,0.0,0.0,0.0,0.0,0.0,0.0,0.0,0.0
EMP021,2026-03-19,0.0,0.0,0.0,0.0,0.0,0.0,0.0,0.0,0.0,0.0
EMP021,2026-03-20,0.0,0.0,0.0,0.0,0.0,0.0,0.0,0.0,0.0,0.0
EMP021,2026-03-21,0.0,0.0,0.0,0.0,0.0,0.0,0.0,0.0,0.0,0.0
EMP021,2026-03-22,0.0,0.0,0.0,0.0,0.0,0.0,0.0,0.0,0.0,0.0
EMP021,2026-03-23,0.0,0.0,0.0,0.0,0.0,0.0,0.0,0.0,0.0,0.0
EMP021,2026-03-24,0.0,0.0,0.0,0.0,0.0,0.0,0.0,0.0,0.0,0.0
EMP021,2026-03-25,0.0,0.0,0.0,0.0,0.0,0.0,0.0,0.0,0.0,0.0
EMP021,2026-03-26,0.0,0.0,0.0,0.0,0.0,0.0,0.0,0.0,0.0,0.0
EMP021,2026-03-27,0.0,0.0,0.0,0.0,0.0,0.0,0.0,0.0,0.0,0.0
EMP021,2026-03-28,0.0,0.0,0.0,0.0,0.0,0.0,0.0,0.0,0.0,0.0
EMP021,2026-03-29,0.0,0.0,0.0,0.0,0.0,0.0,0.0,0.0,0.0,0.0
EMP021,2026-03-30,0.0,0.0,0.0,0.0,0.0,0.0,0.0,0.0,0.0,0.0
EMP021,2026-03-31,0.0,0.0,0.0,0.0,0.0,0.0,0.0,0.0,0.0,0.0
EMP022,2026-01-01,0.0,0.0,0.0,0.0,0.0,0.0,0.0,0.0,0.0,0.0
EMP022,2026-01-02,0.0,0.0,0.0,0.0,0.0,0.0,0.0,0.0,0.0,0.0
EMP022,2026-01-03,0.0,0.0,0.0,0.0,0.0,0.0,0.0,0.0,0.0,0.0
EMP022,2026-01-04,0.0,0.0,0.0,0.0,0.0,0.0,0.0,0.0,0.0,0.0
EMP022,2026-01-05,0.0,0.0,0.0,0.0,0.0,0.0,0.0,0.0,0.0,0.0
EMP022,2026-01-06,0.0,0.0,0.0,0.0,0.0,0.0,0.0,0.0,0.0,0.0
EMP022,2026-01-07,0.0,0.0,0.0,0.0,0.0,0.0,0.0,0.0,0.0,0.0
EMP022,2026-01-08,0.0,0.0,0.0,0.0,0.0,0.0,0.0,0.0,0.0,0.0
EMP022,2026-01-09,0.0,0.0,0.0,0.0,0.0,0.0,0.0,0.0,0.0,0.0
EMP022,2026-01-10,0.0,0.0,0.0,0.0,0.0,0.0,0.0,0.0,0.0,0.0
EMP022,2026-01-11,0.0,0.0,0.0,0.0,0.0,0.0,0.0,0.0,0.0,0.0
EMP022,2026-01-12,0.0,0.0,0.0,0.0,0.0,0.0,0.0,0.0,0.0,0.0
EMP022,2026-01-13,0.0,0.0,0.0,0.0,0.0,0.0,0.0,0.0,0.0,0.0
EMP022,2026-01-14,0.0,0.0,0.0,0.0,0.0,0.0,0.0,0.0,0.0,0.0
EMP022,2026-01-15,0.0,0.0,0.0,0.0,0.0,0.0,0.0,0.0,0.0,0.0
EMP022,2026-01-16,0.0,0.0,0.0,0.0,0.0,0.0,0.0,0.0,0.0,0.0
EMP022,2026-01-17,0.0,0.0,0.0,0.0,0.0,0.0,0.0,0.0,0.0,0.0
EMP022,2026-01-18,0.0,0.0,0.0,0.0,0.0,0.0,0.0,0.0,0.0,0.0
EMP022,2026-01-19,0.0,0.0,0.0,0.0,0.0,0.0,0.0,0.0,0.0,0.0
EMP022,2026-01-20,0.0,0.0,0.0,0.0,0.0,0.0,0.0,0.0,0.0,0.0
EMP022,2026-01-21,0.0,0.0,0.0,0.0,0.0,0.0,0.0,0.0,0.0,0.0
EMP022,2026-01-22,0.0,0.0,0.0,0.0,0.0,0.0,0.0,0.0,0.0,0.0
EMP022,2026-01-23,0.0,0.0,0.0,0.0,0.0,0.0,0.0,0.0,0.0,0.0
EMP022,2026-01-24,0.0,0.0,0.0,0.0,0.0,0.0,0.0,0.0,0.0,0.0
EMP022,2026-01-25,0.0,0.0,0.0,0.0,0.0,0.0,0.0,0.0,0.0,0.0
EMP022,2026-01-26,0.0,0.0,0.0,0.0,0.0,0.0,0.0,0.0,0.0,0.0
EMP022,2026-01-27,0.0,0.0,0.0,0.0,0.0,0.0,0.0,0.0,0.0,0.0
EMP022,2026-01-28,0.0,0.0,0.0,0.0,0.0,0.0,0.0,0.0,0.0,0.0
EMP022,2026-01-29,0.0,0.0,0.0,0.0,0.0,0.0,0.0,0.0,0.0,0.0
EMP022,2026-01-30,0.0,0.0,0.0,0.0,0.0,0.0,0.0,0.0,0.0,0.0
EMP022,2026-01-31,0.0,0.0,0.0,0.0,0.0,0.0,0.0,0.0,0.0,0.0
EMP022,2026-02-01,0.0,0.0,0.0,0.0,0.0,0.0,0.0,0.0,0.0,0.0
EMP022,2026-02-02,0.0,0.0,0.0,0.0,0.0,0.0,0.0,0.0,0.0,0.0
EMP022,2026-02-03,0.0,0.0,0.0,0.0,0.0,0.0,0.0,0.0,0.0,0.0
EMP022,2026-02-04,0.0,0.0,0.0,0.0,0.0,0.0,0.0,0.0,0.0,0.0
EMP022,2026-02-05,0.0,0.0,0.0,0.0,0.0,0.0,0.0,0.0,0.0,0.0
EMP022,2026-02-06,0.0,0.0,0.0,0.0,0.0,0.0,0.0,0.0,0.0,0.0
EMP022,2026-02-07,0.0,0.0,0.0,0.0,0.0,0.0,0.0,0.0,0.0,0.0
EMP022,2026-02-08,0.0,0.0,0.0,0.0,0.0,0.0,0.0,0.0,0.0,0.0
EMP022,2026-02-09,0.0,0.0,0.0,0.0,0.0,0.0,0.0,0.0,0.0,0.0
EMP022,2026-02-10,0.0,0.0,0.0,0.0,0.0,0.0,0.0,0.0,0.0,0.0
EMP022,2026-02-11,0.0,0.0,0.0,0.0,0.0,0.0,0.0,0.0,0.0,0.0
EMP022,2026-02-12,0.0,0.0,0.0,0.0,0.0,0.0,0.0,0.0,0.0,0.0
EMP022,2026-02-13,0.0,0.0,0.0,0.0,0.0,0.0,0.0,0.0,0.0,0.0
EMP022,2026-02-14,0.0,0.0,0.0,0.0,0.0,0.0,0.0,0.0,0.0,0.0
EMP022,2026-02-15,0.0,0.0,0.0,0.0,0.0,0.0,0.0,0.0,0.0,0.0
EMP022,2026-02-16,0.0,0.0,0.0,0.0,0.0,0.0,0.0,0.0,0.0,0.0
EMP022,2026-02-17,0.0,0.0,0.0,0.0,0.0,0.0,0.0,0.0,0.0,0.0
EMP022,2026-02-18,0.0,0.0,0.0,0.0,0.0,0.0,0.0,0.0,0.0,0.0
EMP022,2026-02-19,0.0,0.0,0.0,0.0,0.0,0.0,0.0,0.0,0.0,0.0
EMP022,2026-02-20,0.0,0.0,0.0,0.0,0.0,0.0,0.0,0.0,0.0,0.0
EMP022,2026-02-21,0.0,0.0,0.0,0.0,0.0,0.0,0.0,0.0,0.0,0.0
EMP022,2026-02-22,0.0,0.0,0.0,0.0,0.0,0.0,0.0,0.0,0.0,0.0
EMP022,2026-02-23,0.0,0.0,0.0,0.0,0.0,0.0,0.0,0.0,0.0,0.0
EMP022,2026-02-24,0.0,0.0,0.0,0.0,0.0,0.0,0.0,0.0,0.0,0.0
EMP022,2026-02-25,0.0,0.0,0.0,0.0,0.0,0.0,0.0,0.0,0.0,0.0
EMP022,2026-02-26,0.0,0.0,0.0,0.0,0.0,0.0,0.0,0.0,0.0,0.0
EMP022,2026-02-27,0.0,0.0,0.0,0.0,0.0,0.0,0.0,0.0,0.0,0.0
EMP022,2026-02-28,0.0,0.0,0.0,0.0,0.0,0.0,0.0,0.0,0.0,0.0
EMP022,2026-03-01,0.0,0.0,0.0,0.0,0.0,0.0,0.0,0.0,0.0,0.0
EMP022,2026-03-02,0.0,0.0,0.0,0.0,0.0,0.0,0.0,0.0,0.0,0.0
EMP022,2026-03-03,0.0,0.0,0.0,0.0,0.0,0.0,0.0,0.0,0.0,0.0
EMP022,2026-03-04,0.0,0.0,0.0,0.0,0.0,0.0,0.0,0.0,0.0,0.0
EMP022,2026-03-05,0.0,0.0,0.0,0.0,0.0,0.0,0.0,0.0,0.0,0.0
EMP022,2026-03-06,0.0,0.0,0.0,0.0,0.0,0.0,0.0,0.0,0.0,0.0
EMP022,2026-03-07,0.0,0.0,0.0,0.0,0.0,0.0,0.0,0.0,0.0,0.0
EMP022,2026-03-08,0.0,0.0,0.0,0.0,0.0,0.0,0.0,0.0,0.0,0.0
EMP022,2026-03-09,0.0,0.0,0.0,0.0,0.0,0.0,0.0,0.0,0.0,0.0
EMP022,2026-03-10,0.0,0.0,0.0,0.0,0.0,0.0,0.0,0.0,0.0,0.0
EMP022,2026-03-11,0.0,0.0,0.0,0.0,0.0,0.0,0.0,0.0,0.0,0.0
EMP022,2026-03-12,0.0,0.0,0.0,0.0,0.0,0.0,0.0,0.0,0.0,0.0
EMP022,2026-03-13,0.0,0.0,0.0,0.0,0.0,0.0,0.0,0.0,0.0,0.0
EMP022,2026-03-14,0.0,0.0,0.0,0.0,0.0,0.0,0.0,0.0,0.0,0.0
EMP022,2026-03-15,0.0,0.0,0.0,0.0,0.0,0.0,0.0,0.0,0.0,0.0
EMP022,2026-03-16,0.0,0.0,0.0,0.0,0.0,0.0,0.0,0.0,0.0,0.0
EMP022,2026-03-17,0.0,0.0,0.0,0.0,0.0,0.0,0.0,0.0,0.0,0.0
EMP022,2026-03-18,0.0,0.0,0.0,0.0,0.0,0.0,0.0,0.0,0.0,0.0
EMP022,2026-03-19,0.0,0.0,0.0,0.0,0.0,0.0,0.0,0.0,0.0,0.0
EMP022,2026-03-20,0.0,0.0,0.0,0.0,0.0,0.0,0.0,0.0,0.0,0.0
EMP022,2026-03-21,0.0,0.0,0.0,0.0,0.0,0.0,0.0,0.0,0.0,0.0
EMP022,2026-03-22,0.0,0.0,0.0,0.0,0.0,0.0,0.0,0.0,0.0,0.0
EMP022,2026-03-23,0.0,0.0,0.0,0.0,0.0,0.0,0.0,0.0,0.0,0.0
EMP022,2026-03-24,0.0,0.0,0.0,0.0,0.0,0.0,0.0,0.0,0.0,0.0
EMP022,2026-03-25,0.0,0.0,0.0,0.0,0.0,0.0,0.0,0.0,0.0,0.0
EMP022,2026-03-26,0.0,0.0,0.0,0.0,0.0,0.0,0.0,0.0,0.0,0.0
EMP022,2026-03-27,0.0,0.0,0.0,0.0,0.0,0.0,0.0,0.0,0.0,0.0
EMP022,2026-03-28,0.0,0.0,0.0,0.0,0.0,0.0,0.0,0.0,0.0,0.0
EMP022,2026-03-29,0.0,0.0,0.0,0.0,0.0,0.0,0.0,0.0,0.0,0.0
EMP022,2026-03-30,0.0,0.0,0.0,0.0,0.0,0.0,0.0,0.0,0.0,0.0
EMP022,2026-03-31,0.0,0.0,0.0,0.0,0.0,0.0,0.0,0.0,0.0,0.0
EMP023,2026-01-01,0.0,0.0,0.0,0.0,0.0,0.0,0.0,0.0,0.0,0.0
EMP023,2026-01-02,0.0,0.0,0.0,0.0,0.0,0.0,0.0,0.0,0.0,0.0
EMP023,2026-01-03,75.5,75.5,75.5,49.0,23.5,75.5,75.5,0.0,0.0,0.0
EMP023,2026-01-04,64.0,64.0,64.0,42.0,21.33,63.75,63.75,20.5,14.0,8.5
EMP023,2026-01-05,48.0,48.0,48.0,31.5,16.0,61.78,61.78,-11.0,-7.0,-3.0
EMP023,2026-01-06,59.2,59.2,59.2,39.6,17.8,59.62,59.62,5.7,4.6,0.3
EMP023,2026-01-07,72.83,72.83,72.83,47.17,19.67,62.38,62.38,14.9429,9.1143,1.7714
EMP023,2026-01-08,77.57,77.57,77.57,47.43,22.43,58.91,58.91,12.8929,5.8929,3.1786
EMP023,2026-01-09,93.86,82.12,82.12,50.62,23.38,50.35,56.41,11.631,6.0595,2.75
EMP023,2026-01-10,88.86,85.89,85.89,50.44,24.33,45.98,54.24,10.4,4.1333,2.5
EMP023,2026-01-11,90.14,82.3,82.3,47.9,23.5,44.73,52.57,5.6061,1.6182,1.3636
EMP023,2026-01-12,90.14,74.82,74.82,43.55,21.36,44.73,55.43,0.4636,-0.9636,-0.0455
EMP023,2026-01-13,96.14,80.75,80.75,46.75,22.67,48.82,56.6,3.0944,0.7378,0.5664
EMP023,2026-01-14,97.86,86.31,86.31,47.46,23.38,50.54,57.68,4.8132,0.8846,0.7527
EMP023,2026-01-15,94.71,86.14,86.14,47.86,23.57,50.62,55.59,3.7846,0.8659,0.6769
EMP023,2026-01-16,94.57,94.21,87.93,47.8,23.6,50.57,54.12,3.7464,0.6821,0.5607
EMP023,2026-01-17,94.0,91.43,89.44,49.56,24.0,50.34,52.72,3.6162,1.1838,0.6029
EMP023,2026-01-18,90.86,90.5,85.82,47.82,23.18,53.58,53.15,1.8088,0.4069,0.2279
EMP023,2026-01-19,90.86,90.5,81.06,45.17,21.89,53.58,55.27,0.0175,-0.4964,-0.2147
EMP023,2026-01-20,88.43,92.29,83.58,47.16,22.79,51.36,54.85,0.7719,0.1754,0.0877
EMP023,2026-01-21,84.29,91.07,85.6,49.55,24.0,46.97,54.18,1.2391,0.8338,0.4211
EMP023,2026-01-22,91.29,93.0,87.86,49.29,24.52,49.96,53.83,1.6857,0.6481,0.5065
EMP023,2026-01-23,91.14,92.86,88.95,50.59,24.68,49.9,52.83,1.7521,0.904,0.4816
EMP023,2026-01-24,90.29,92.14,89.7,51.83,25.3,49.58,51.79,1.7184,1.0998,0.5771
EMP023,2026-01-25,86.57,88.71,86.04,49.71,24.25,54.81,53.64,0.6352,0.4596,0.2548
EMP023,2026-01-26,86.57,88.71,82.6,47.72,23.28,54.81,55.2,-0.2323,-0.0523,0.0015
EMP023,2026-01-27,68.14,78.29,79.42,45.88,22.38,58.97,56.41,-0.9125,-0.4544,-0.1976
EMP023,2026-01-28,71.71,78.0,82.0,47.26,23.0,62.88,56.89,-0.2625,-0.1111,-0.0446
EMP023,2026-01-29,67.86,79.57,82.86,47.61,23.39,59.75,56.04,-0.058,-0.0276,0.0413
EMP023,2026-01-30,83.0,87.07,87.52,49.1,23.9,79.26,60.34,0.8798,0.2744,0.1379
EMP023,2026-01-31,98.0,94.14,91.63,50.37,24.17,91.23,63.33,1.5913,0.4923,0.1769
EMP023,2026-02-01,106.29,96.43,93.63,51.37,24.83,84.52,61.32,0.7553,0.0136,-0.0167
EMP023,2026-02-02,106.29,96.43,88.6,48.1,23.27,84.52,62.59,0.5468,0.0038,-0.024
EMP023,2026-02-03,129.86,99.0,92.73,49.17,23.83,73.94,63.4,0.7115,-0.0581,0.002
EMP023,2026-02-04,126.86,99.29,97.0,51.7,25.5,73.52,61.28,0.2994,-0.224,0.0065
EMP023,2026-02-05,126.71,97.29,97.03,51.53,26.27,73.57,61.29,0.3993,0.0147,0.1482
EMP023,2026-02-06,111.86,97.43,96.13,50.93,26.2,63.43,60.83,0.812,0.3453,0.1717
EMP023,2026-02-07,105.14,101.57,98.07,51.47,26.37,54.43,62.03,1.3179,0.4227,0.3749
EMP023,2026-02-08,101.86,104.07,95.5,49.67,25.77,57.66,62.9,1.0338,0.3617,0.3072
EMP023,2026-02-09,101.86,104.07,91.63,48.03,24.7,57.66,65.05,0.5591,0.0367,0.184
EMP023,2026-02-10,91.0,110.43,92.93,49.1,25.1,51.58,64.59,0.2549,-0.0643,0.1453
EMP023,2026-02-11,91.57,109.21,97.33,51.63,26.37,52.01,62.58,-0.1339,-0.2294,0.0554
EMP023,2026-02-12,93.29,110.0,96.37,50.0,25.83,52.62,62.04,0.3286,-0.1402,0.0941
EMP023,2026-02-13,93.0,102.43,95.0,50.07,25.33,52.51,61.22,0.82,-0.0472,0.0796
EMP023,2026-02-14,81.0,93.07,94.87,50.13,25.47,43.79,61.25,0.6474,0.0049,0.1143
EMP023,2026-02-15,80.43,91.14,92.2,49.13,24.93,44.38,62.14,0.3733,-0.2305,-0.0085
EMP023,2026-02-16,80.43,91.14,88.47,46.6,23.93,44.38,64.17,-0.085,-0.3622,-0.1344
EMP023,2026-02-17,86.86,88.93,92.0,48.27,24.47,48.24,63.66,-0.2082,-0.3947,-0.2171
EMP023,2026-02-18,89.29,90.43,96.97,49.4,25.6,50.82,62.08,-0.475,-0.8196,-0.3244
EMP023,2026-02-19,83.57,88.43,95.23,48.07,25.03,49.61,61.89,-0.3829,-0.6291,-0.2552
EMP023,2026-02-20,81.43,87.21,94.33,46.57,24.27,48.65,61.66,-0.1731,-0.293,-0.1103
EMP023,2026-02-21,88.14,84.57,94.13,46.83,24.07,51.17,61.54,0.3043,-0.2756,-0.0058
EMP023,2026-02-22,86.86,83.64,91.2,44.47,23.27,52.63,62.71,-0.0249,-0.3177,-0.1081
EMP023,2026-02-23,86.86,83.64,87.67,41.83,21.97,52.63,64.73,-0.5112,-0.3664,-0.1497
EMP023,2026-02-24,69.29,78.07,87.97,41.9,22.0,54.46,64.35,-1.5967,-0.8986,-0.4365
EMP023,2026-02-25,60.71,75.0,90.93,43.3,22.97,45.17,62.24,-2.1967,-1.1869,-0.543
EMP023,2026-02-26,65.71,74.64,94.67,44.47,23.63,48.51,59.99,-2.6879,-1.539,-0.7206
EMP023,2026-02-27,71.86,76.64,94.37,42.87,22.93,54.44,59.74,-2.0207,-1.3344,-0.6509
EMP023,2026-02-28,76.71,82.43,96.2,42.4,22.53,60.34,60.9,-1.5106,-1.236,-0.5806
EMP023,2026-03-01,81.14,84.0,90.77,39.8,21.8,57.37,56.94,-0.9364,-1.0905,-0.5161
EMP023,2026-03-02,81.14,84.0,83.73,36.9,20.73,57.37,54.64,-0.6928,-1.0218,-0.5864
EMP023,2026-03-03,79.57,74.43,81.73,35.9,20.07,59.39,56.53,-1.3967,-1.3075,-0.7253
EMP023,2026-03-04,90.86,75.79,87.33,36.83,20.8,67.11,56.48,-1.4038,-1.606,-0.8512
EMP023,2026-03-05,86.43,76.07,84.53,35.63,20.03,66.59,54.61,-0.909,-1.529,-0.8234
EMP023,2026-03-06,85.29,78.57,84.67,35.27,18.63,65.73,54.72,-0.303,-1.0612,-0.6943
EMP023,2026-03-07,83.14,79.93,86.03,33.77,17.57,63.43,55.72,0.2329,-0.9279,-0.5088
EMP023,2026-03-08,79.14,80.14,83.13,31.63,16.7,65.91,56.45,0.0449,-0.8972,-0.5506
EMP023,2026-03-09,79.14,80.14,77.67,29.47,15.23,65.91,56.29,0.0663,-0.8712,-0.4701
EMP023,2026-03-10,100.0,89.79,81.3,29.13,15.0,60.44,57.06,0.2267,-1.0754,-0.5584
EMP023,2026-03-11,91.43,91.14,84.9,29.53,15.3,54.11,55.19,-0.1617,-1.3869,-0.7006
EMP023,2026-03-12,91.0,88.71,84.53,28.0,14.6,54.2,55.2,-0.178,-1.317,-0.6665
EMP023,2026-03-13,89.14,87.21,84.1,25.73,13.43,52.98,54.88,0.3717,-1.115,-0.58
EMP023,2026-03-14,79.71,81.43,82.87,24.93,12.9,47.62,54.54,0.5722,-1.1729,-0.5822
EMP023,2026-03-15,82.71,80.93,80.73,23.67,12.37,44.78,54.61,0.5482,-0.9766,-0.6307
EMP023,2026-03-16,82.71,80.93,78.07,21.83,11.37,44.78,56.5,0.0222,-0.9132,-0.5889
EMP023,2026-03-17,81.57,90.79,81.57,21.33,11.17,43.23,56.85,0.0981,-1.0745,-0.6725
EMP023,2026-03-18,83.29,87.36,85.57,21.4,11.17,44.46,55.17,-0.2165,-1.3464,-0.8216
EMP023,2026-03-19,86.43,88.71,84.43,19.13,10.3,44.75,54.51,0.2107,-1.1364,-0.7913
EMP023,2026-03-20,83.14,86.14,82.67,18.07,9.2,43.05,53.23,0.7306,-1.1444,-0.6879
EMP023,2026-03-21,94.29,87.0,85.37,16.7,8.5,50.28,54.9,1.1775,-1.0761,-0.6525
EMP023,2026-03-22,87.71,85.21,82.2,15.03,7.7,58.27,56.85,0.7199,-0.9542,-0.6004
EMP023,2026-03-23,87.71,85.21,77.97,13.3,6.73,58.27,58.07,0.4986,-0.7962,-0.5032
EMP023,2026-03-24,68.0,74.79,77.17,13.07,6.6,61.2,58.96,-0.3766,-0.9255,-0.5655
EMP023,2026-03-25,67.57,75.43,81.07,13.1,6.63,60.84,57.58,-0.6518,-1.0934,-0.6472
EMP023,2026-03-26,86.86,86.64,88.53,13.07,6.67,84.76,62.34,-0.1419,-1.2347,-0.7159
EMP023,2026-03-27,96.29,89.71,90.97,11.83,5.73,88.83,63.72,0.3353,-1.0872,-0.5984
EMP023,2026-03-28,96.57,95.43,92.57,10.77,5.13,89.03,64.82,0.9257,-0.9844,-0.5241
EMP023,2026-03-29,109.43,98.57,90.97,9.63,4.57,80.53,64.22,1.2492,-0.8803,-0.4621
EMP023,2026-03-30,109.43,98.57,85.6,8.2,3.83,80.53,64.87,1.1453,-0.7123,-0.3713
EMP023,2026-03-31,131.43,99.71,88.9,7.9,3.33,67.64,65.74,1.3755,-0.7063,-0.3057
EMP024,2026-01-01,0.0,0.0,0.0,0.0,0.0,0.0,0.0,0.0,0.0,0.0
EMP024,2026-01-02,0.0,0.0,0.0,0.0,0.0,0.0,0.0,0.0,0.0,0.0
EMP024,2026-01-03,57.0,57.0,57.0,31.5,13.0,57.0,57.0,0.0,0.0,0.0
EMP024,2026-01-04,54.33,54.33,54.33,28.33,14.33,46.69,46.69,24.5,11.0,8.5
EMP024,2026-01-05,40.75,40.75,40.75,21.25,10.75,46.78,46.78,-6.5,-4.1,-0.9
EMP024,2026-01-06,43.2,43.2,43.2,23.0,11.2,42.13,42.13,-0.8,-0.3,0.0
EMP024,2026-01-07,52.33,52.33,52.33,28.83,15.33,43.55,43.55,7.3714,4.8286,3.5429
EMP024,2026-01-08,57.0,57.0,57.0,32.43,16.71,41.9,41.9,8.1071,5.7143,3.25
EMP024,2026-01-09,72.43,63.38,63.38,35.25,18.5,37.75,42.67,9.6548,5.6905,3.3571
EMP024,2026-01-10,67.14,64.89,64.89,37.22,20.89,33.96,40.46,7.6667,5.1667,3.7833
EMP024,2026-01-11,66.71,63.0,63.0,36.1,19.9,34.21,38.8,4.5455,3.1455,2.2121
EMP024,2026-01-12,66.71,57.27,57.27,32.82,18.09,34.21,41.19,0.5455,0.7182,0.7545
EMP024,2026-01-13,74.86,61.67,61.67,34.0,18.92,36.67,42.04,2.4476,1.0979,0.9615
EMP024,2026-01-14,78.57,66.46,66.46,35.62,19.77,39.99,43.67,3.978,1.5549,1.1209
EMP024,2026-01-15,73.86,65.43,65.43,34.64,19.14,40.89,42.25,2.7692,0.8549,0.6462
EMP024,2026-01-16,69.14,70.79,66.07,35.93,19.33,38.52,40.89,2.4893,1.1786,0.5964
EMP024,2026-01-17,73.57,70.36,68.69,37.31,19.81,40.88,40.87,2.975,1.4574,0.6603
EMP024,2026-01-18,70.0,68.36,65.88,35.94,18.94,44.09,41.21,1.5441,0.7574,0.2598
EMP024,2026-01-19,70.0,68.36,62.22,33.94,17.89,44.09,42.79,0.1445,0.0072,-0.1135
EMP024,2026-01-20,72.14,73.5,65.53,35.32,18.74,46.3,43.95,1.114,0.4175,0.1579
EMP024,2026-01-21,66.29,72.43,66.4,37.05,19.25,41.73,43.01,1.2045,0.8534,0.282
EMP024,2026-01-22,68.71,71.29,66.52,37.86,19.33,41.32,41.97,1.074,0.9571,0.2662
EMP024,2026-01-23,68.29,68.71,66.77,37.05,19.18,41.27,41.02,0.9989,0.6206,0.192
EMP024,2026-01-24,53.57,63.57,64.09,35.52,18.43,42.82,42.05,0.2026,0.1621,-0.0188
EMP024,2026-01-25,55.57,62.79,62.88,34.83,18.04,41.56,41.58,-0.1126,-0.0226,-0.1109
EMP024,2026-01-26,55.57,62.79,60.36,33.44,17.32,41.56,42.56,-0.68,-0.3415,-0.2646
EMP024,2026-01-27,37.71,54.93,58.04,32.15,16.65,34.07,43.32,-1.1203,-0.5894,-0.3832
EMP024,2026-01-28,38.57,52.43,59.19,32.85,17.37,35.26,42.91,-0.7546,-0.3767,-0.1886
EMP024,2026-01-29,39.71,54.21,59.82,33.79,17.79,36.34,42.26,-0.5449,-0.1445,-0.0832
EMP024,2026-01-30,48.29,58.29,62.31,35.31,18.86,48.11,43.57,0.0074,0.1749,0.1404
EMP024,2026-01-31,69.43,61.5,65.33,36.37,19.4,56.27,45.82,0.5918,0.3624,0.2309
EMP024,2026-02-01,70.57,63.07,66.77,37.03,19.9,55.64,44.41,-0.0029,0.006,0.0687
EMP024,2026-02-02,70.57,63.07,62.97,34.93,19.03,55.64,45.08,-0.1079,-0.0538,-0.0176
EMP024,2026-02-03,93.71,65.71,66.73,36.13,19.93,55.16,48.35,0.4347,0.0058,0.1295
EMP024,2026-02-04,104.57,71.57,72.23,38.0,21.43,60.4,49.81,0.6085,-0.1152,0.1537
EMP024,2026-02-05,113.14,76.43,75.03,38.5,21.93,60.13,51.0,0.8937,-0.1253,0.1379
EMP024,2026-02-06,108.29,78.29,75.03,38.2,21.93,59.78,51.0,1.2002,0.077,0.3257
EMP024,2026-02-07,100.29,84.86,75.43,38.13,22.2,56.95,51.12,1.4107,0.275,0.4182
EMP024,2026-02-08,100.57,85.57,73.33,37.17,21.57,56.66,51.04,1.4389,0.313,0.4131
EMP024,2026-02-09,100.57,85.57,70.77,35.4,20.23,56.66,52.7,0.9911,0.1824,0.4011
EMP024,2026-02-10,94.43,94.07,73.2,36.57,20.7,51.79,53.18,1.1315,0.2828,0.3682
EMP024,2026-02-11,84.14,94.36,76.3,38.43,22.0,43.19,51.51,0.7544,0.156,0.3435
EMP024,2026-02-12,81.71,97.43,76.63,38.63,22.37,40.55,51.75,1.2687,0.309,0.4945
EMP024,2026-02-13,84.0,96.14,76.3,38.87,22.3,41.83,51.48,1.8365,0.5726,0.5835
EMP024,2026-02-14,87.14,93.71,78.53,40.0,22.67,43.48,51.83,1.9444,0.5669,0.5037
EMP024,2026-02-15,85.0,92.79,77.03,39.0,22.2,45.81,52.56,1.6069,0.5602,0.4044
EMP024,2026-02-16,85.0,92.79,73.43,37.07,21.3,45.81,53.99,1.3235,0.4396,0.2943
EMP024,2026-02-17,88.0,91.21,77.4,38.43,22.07,48.55,54.36,1.3913,0.3962,0.2251
EMP024,2026-02-18,94.86,89.5,82.1,40.77,23.6,52.03,53.56,1.2679,0.3348,0.2274
EMP024,2026-02-19,93.43,87.57,81.6,40.47,23.3,51.46,53.22,1.7437,0.5335,0.3081
EMP024,2026-02-20,77.14,80.57,78.83,38.13,22.33,59.74,55.2,1.2269,0.4761,0.1971
EMP024,2026-02-21,70.29,78.71,78.9,37.9,23.0,57.25,55.19,1.1086,0.6427,0.3083
EMP024,2026-02-22,73.14,79.07,78.17,37.97,22.93,55.64,55.42,0.8745,0.4167,0.202
EMP024,2026-02-23,73.14,79.07,78.0,37.9,22.87,55.64,55.65,-0.1344,-0.0763,-0.0903
EMP024,2026-02-24,61.14,74.57,78.7,38.13,23.17,48.53,55.23,-0.5729,-0.2834,-0.2174
EMP024,2026-02-25,59.86,77.36,83.1,40.77,24.77,46.48,54.03,-0.7717,-0.2828,-0.2169
EMP024,2026-02-26,55.0,74.21,85.63,41.8,25.2,42.6,51.81,-1.3907,-0.6269,-0.4636
EMP024,2026-02-27,74.43,75.79,87.2,43.23,24.9,44.07,52.6,-1.0425,-0.2267,-0.3775
EMP024,2026-02-28,71.14,70.71,86.23,42.4,24.73,45.05,53.04,-1.3657,-0.1775,-0.3551
EMP024,2026-03-01,69.29,71.21,83.07,40.37,23.47,46.14,53.05,-1.3677,-0.0959,-0.2763
EMP024,2026-03-02,69.29,71.21,77.97,38.13,22.3,46.14,53.43,-1.4214,-0.1726,-0.3482
EMP024,2026-03-03,61.29,61.21,76.53,37.47,21.8,52.2,54.91,-2.1655,-0.5437,-0.5424
EMP024,2026-03-04,65.0,62.43,81.8,40.3,22.83,57.74,54.89,-2.1677,-0.4954,-0.6334
EMP024,2026-03-05,68.86,61.93,79.83,39.67,22.37,59.22,53.01,-1.4779,-0.3818,-0.4412
EMP024,2026-03-06,64.71,69.57,77.9,39.33,21.67,55.26,50.88,-0.7152,-0.2283,-0.2745
EMP024,2026-03-07,69.86,70.5,76.13,40.17,21.53,55.15,49.71,-0.2683,0.0087,-0.2158
EMP024,2026-03-08,69.43,69.36,74.0,39.33,20.6,55.41,50.09,-0.3893,-0.0347,-0.2033
EMP024,2026-03-09,69.43,69.36,70.77,37.6,19.5,55.41,51.61,-0.7081,-0.2011,-0.2507
EMP024,2026-03-10,86.43,73.86,73.23,38.8,19.9,49.43,52.09,-0.5746,-0.1237,-0.2734
EMP024,2026-03-11,78.71,71.86,76.7,40.47,20.73,41.19,50.54,-0.8812,-0.319,-0.3778
EMP024,2026-03-12,80.57,74.71,76.6,40.37,20.9,42.51,50.46,-0.3359,-0.0643,-0.2885
EMP024,2026-03-13,66.0,65.36,73.67,38.57,19.63,48.07,51.95,-0.6848,-0.204,-0.2921
EMP024,2026-03-14,65.71,67.79,72.4,38.7,19.63,47.97,51.27,-0.3115,0.0145,-0.0336
EMP024,2026-03-15,65.0,67.21,69.57,37.47,19.13,48.47,51.24,-0.3046,0.0868,-0.0187
EMP024,2026-03-16,65.0,67.21,65.6,35.6,18.4,48.47,51.86,-0.4125,-0.0271,-0.1224
EMP024,2026-03-17,63.71,75.07,68.27,37.47,19.47,47.13,52.02,-0.3715,0.1793,-0.0547
EMP024,2026-03-18,63.86,71.29,71.77,39.4,20.8,47.25,50.82,-0.6053,0.0534,-0.0565
EMP024,2026-03-19,57.57,69.07,69.5,39.43,20.67,42.59,49.22,-0.1333,0.2681,0.0138
EMP024,2026-03-20,63.57,64.79,66.37,38.33,19.77,37.4,47.53,0.2147,0.4632,0.1778
EMP024,2026-03-21,61.57,63.64,64.97,38.03,19.53,36.73,46.84,0.5261,0.5742,0.2024
EMP024,2026-03-22,62.71,63.86,66.2,38.7,19.9,35.82,45.59,-0.1023,0.1956,0.0127
EMP024,2026-03-23,62.71,63.86,63.83,37.13,18.53,35.82,47.09,-0.4963,0.0031,0.0298
EMP024,2026-03-24,62.0,62.86,65.67,38.73,18.97,34.9,47.59,-0.3261,0.1108,0.0532
EMP024,2026-03-25,60.57,62.21,68.83,40.9,20.03,33.28,46.25,-0.5898,0.0131,0.0065
EMP024,2026-03-26,78.57,68.07,73.57,42.57,21.43,58.85,51.65,0.1551,0.1368,0.2503
EMP024,2026-03-27,108.29,85.93,77.67,42.7,21.6,82.97,60.29,1.7286,0.6489,0.6372
EMP024,2026-03-28,141.14,101.36,85.07,44.73,23.93,103.51,72.09,3.1386,0.8863,0.974
EMP024,2026-03-29,147.29,105.0,83.2,43.0,24.03,98.29,71.47,3.4572,1.2085,1.0343
EMP024,2026-03-30,147.29,105.0,81.6,41.87,23.23,98.29,72.77,2.6776,0.869,0.879
EMP024,2026-03-31,151.43,106.71,84.83,44.37,24.17,97.03,72.87,2.7081,1.0209,0.8963
EMP025,2026-01-01,0.0,0.0,0.0,0.0,0.0,0.0,0.0,0.0,0.0,0.0
EMP025,2026-01-02,0.0,0.0,0.0,0.0,0.0,0.0,0.0,0.0,0.0,0.0
EMP025,2026-01-03,47.5,47.5,47.5,27.5,12.0,47.5,47.5,0.0,0.0,0.0
EMP025,2026-01-04,47.0,47.0,47.0,23.67,13.0,38.79,38.79,23.0,8.0,7.5
EMP025,2026-01-05,35.25,35.25,35.25,17.75,9.75,39.28,39.28,-4.9,-3.9,-0.9
EMP025,2026-01-06,47.8,47.8,47.8,21.0,12.8,43.18,43.18,10.1,1.3,2.6
EMP025,2026-01-07,61.33,61.33,61.33,25.67,15.33,49.69,49.69,17.3714,4.7429,3.6571
EMP025,2026-01-08,63.86,63.86,63.86,26.43,17.43,46.42,46.42,12.75,3.5357,3.8571
EMP025,2026-01-09,76.29,66.75,66.75,27.38,17.75,38.65,44.09,10.4286,2.9881,2.7857
EMP025,2026-01-10,63.71,60.11,60.11,24.67,16.0,44.41,45.61,3.3167,0.4667,0.9
EMP025,2026-01-11,59.0,55.4,55.4,23.0,14.9,47.67,45.52,-0.1576,-0.5697,0.0545
EMP025,2026-01-12,59.0,50.36,50.36,20.91,13.55,47.67,46.23,-2.6364,-1.4727,-0.6364
EMP025,2026-01-13,57.14,53.25,53.25,22.08,15.08,46.35,45.29,-0.6958,-0.5909,0.2203
EMP025,2026-01-14,38.71,49.15,49.15,20.38,13.92,39.21,45.77,-2.3022,-1.1923,-0.3242
EMP025,2026-01-15,36.86,50.36,50.36,21.86,14.71,37.53,44.31,-1.3604,-0.3648,0.0571
EMP025,2026-01-16,34.0,55.14,51.47,24.2,14.87,34.22,43.01,-0.6893,0.5821,0.1036
EMP025,2026-01-17,45.14,54.43,53.56,26.06,15.56,36.25,42.43,0.1721,1.1368,0.3309
EMP025,2026-01-18,47.71,53.36,52.24,25.35,15.18,34.47,41.5,-0.299,0.7108,0.1471
EMP025,2026-01-19,47.71,53.36,49.33,23.94,14.33,34.47,42.07,-1.1682,0.1538,-0.1424
EMP025,2026-01-20,50.71,53.93,52.32,25.47,14.89,38.29,42.86,-0.0982,0.5895,0.0474
EMP025,2026-01-21,62.29,50.5,53.75,27.3,15.2,33.1,42.24,0.3256,1.0271,0.1278
EMP025,2026-01-22,62.71,49.79,54.48,28.76,15.38,33.17,41.35,0.4792,1.2857,0.1597
EMP025,2026-01-23,58.0,46.0,53.55,28.27,15.36,34.54,40.62,0.1739,0.9904,0.1344
EMP025,2026-01-24,51.57,48.36,52.96,28.48,15.22,33.08,39.83,0.0049,0.918,0.081
EMP025,2026-01-25,51.57,49.64,52.04,28.0,14.88,33.08,39.23,-0.2152,0.693,-0.0109
EMP025,2026-01-26,51.57,49.64,49.96,26.88,14.28,33.08,39.77,-0.6708,0.3546,-0.1469
EMP025,2026-01-27,36.43,43.57,48.04,25.85,13.73,28.66,40.17,-1.0232,0.0855,-0.2526
EMP025,2026-01-28,38.0,50.14,49.67,26.74,13.93,31.25,40.28,-0.5647,0.268,-0.1838
EMP025,2026-01-29,40.0,51.36,50.86,27.75,14.25,33.53,40.03,-0.26,0.4491,-0.0977
EMP025,2026-01-30,59.29,58.64,54.93,28.62,15.1,55.9,44.86,0.5808,0.5783,0.0828
EMP025,2026-01-31,73.71,62.64,57.8,28.87,15.57,61.78,46.73,1.0799,0.57,0.1644
EMP025,2026-02-01,74.14,62.86,58.93,29.43,15.93,61.49,45.72,0.5277,0.2943,0.0276
EMP025,2026-02-02,74.14,62.86,55.77,27.6,15.13,61.49,46.39,0.3962,0.2808,-0.0196
EMP025,2026-02-03,91.29,63.86,58.23,29.5,15.53,54.8,47.76,0.7433,0.4937,0.0561
EMP025,2026-02-04,92.86,65.43,61.67,31.13,16.67,54.95,47.15,0.6305,0.416,0.0681
EMP025,2026-02-05,93.71,66.86,61.37,31.07,16.67,54.84,46.94,1.0574,0.4414,0.1793
EMP025,2026-02-06,81.86,70.57,59.93,30.9,16.63,45.45,45.49,1.6828,0.6485,0.3241
EMP025,2026-02-07,73.57,73.64,60.07,31.77,16.7,38.7,45.55,1.9631,0.8176,0.5155
EMP025,2026-02-08,73.86,74.0,58.37,31.13,16.3,38.41,45.46,1.9935,0.7248,0.4821
EMP025,2026-02-09,73.86,74.0,58.13,31.03,16.23,38.41,45.74,1.2627,0.3299,0.2783
EMP025,2026-02-10,67.43,79.36,60.2,32.67,16.83,33.61,45.05,1.0603,0.3386,0.2445
EMP025,2026-02-11,63.14,78.0,62.63,34.6,17.67,30.58,43.69,0.7277,0.2768,0.1811
EMP025,2026-02-12,61.29,77.5,62.33,34.9,17.6,29.32,43.56,0.9682,0.3402,0.3595
EMP025,2026-02-13,62.86,72.36,65.57,36.1,18.27,30.86,42.4,0.762,0.1066,0.2536
EMP025,2026-02-14,60.29,66.93,65.53,35.87,18.33,29.81,42.4,0.7613,0.1268,0.3564
EMP025,2026-02-15,59.43,66.64,64.3,34.47,18.07,30.57,42.88,0.5422,0.1379,0.287
EMP025,2026-02-16,59.43,66.64,61.47,32.67,17.2,30.57,44.2,0.2701,0.0503,0.2251
EMP025,2026-02-17,59.86,63.64,63.03,33.93,17.67,30.81,43.93,0.1666,0.0463,0.206
EMP025,2026-02-18,60.43,61.79,65.6,35.47,18.57,31.08,42.39,-0.178,-0.1099,0.1444
EMP025,2026-02-19,58.86,60.07,64.23,35.0,18.43,30.53,41.72,0.0968,0.0338,0.2044
EMP025,2026-02-20,54.57,58.71,63.77,34.63,18.73,26.74,41.61,0.2303,0.3232,0.2968
EMP025,2026-02-21,57.57,58.93,64.33,34.2,18.93,28.84,41.79,0.4098,0.5513,0.339
EMP025,2026-02-22,57.0,58.21,64.07,34.1,18.8,29.41,42.01,-0.0467,0.3157,0.2607
EMP025,2026-02-23,57.0,58.21,62.73,33.0,18.4,29.41,43.37,-0.626,0.0881,0.0925
EMP025,2026-02-24,59.29,59.57,64.83,34.03,18.83,31.5,43.31,-0.6432,0.0745,0.0242
EMP025,2026-02-25,63.14,61.79,68.3,35.87,20.03,34.91,42.12,-0.8376,-0.0249,0.0051
EMP025,2026-02-26,62.43,60.64,70.3,37.1,20.67,34.91,40.21,-1.3622,-0.265,-0.1397
EMP025,2026-02-27,71.0,62.79,71.47,37.4,21.13,41.69,41.32,-0.8467,-0.0347,-0.0716
EMP025,2026-02-28,71.0,64.29,71.57,38.27,21.33,41.69,41.35,-0.6734,0.368,-0.008
EMP025,2026-03-01,75.43,66.21,67.83,37.37,20.33,38.17,37.24,-0.0954,0.3904,0.0343
EMP025,2026-03-02,75.43,66.21,63.13,36.17,19.37,38.17,36.6,-0.0285,0.1399,-0.0372
EMP025,2026-03-03,62.0,60.64,62.0,35.6,19.0,45.17,37.98,-0.6367,-0.2256,-0.2198
EMP025,2026-03-04,55.14,59.14,63.87,36.77,19.67,41.79,36.22,-1.103,-0.475,-0.3444
EMP025,2026-03-05,47.57,55.0,60.1,34.47,18.83,44.91,36.07,-1.0828,-0.4365,-0.4078
EMP025,2026-03-06,43.86,57.43,60.03,34.13,18.37,38.85,35.99,-0.523,-0.307,-0.2957
EMP025,2026-03-07,31.57,51.29,57.07,33.07,17.53,37.14,37.13,-0.7106,-0.5419,-0.3684
EMP025,2026-03-08,26.57,51.0,54.93,32.07,16.97,35.71,37.24,-0.7373,-0.5895,-0.3517
EMP025,2026-03-09,26.57,51.0,52.17,30.17,15.9,35.71,38.13,-0.8981,-0.6245,-0.3575
EMP025,2026-03-10,40.57,51.29,54.23,30.8,16.5,41.32,38.87,-0.7139,-0.7043,-0.3468
EMP025,2026-03-11,45.57,50.36,57.27,32.17,17.33,44.85,38.06,-0.8507,-0.8509,-0.4058
EMP025,2026-03-12,58.0,52.79,57.9,31.87,17.63,44.49,38.51,-0.4914,-0.5775,-0.2721
EMP025,2026-03-13,52.14,48.0,57.47,31.33,17.43,41.01,38.41,-0.3737,-0.3319,-0.2125
EMP025,2026-03-14,65.14,48.36,57.97,31.17,17.1,36.61,38.74,-0.0296,-0.1951,-0.1092
EMP025,2026-03-15,65.86,46.21,55.63,30.6,16.8,35.8,38.43,0.0398,-0.2403,-0.1286
EMP025,2026-03-16,65.86,46.21,53.47,29.47,15.9,35.8,39.65,-0.2545,-0.4142,-0.1666
EMP025,2026-03-17,62.43,51.5,54.93,30.83,16.67,33.64,39.57,-0.2839,-0.3428,-0.1103
EMP025,2026-03-18,64.29,54.93,58.4,32.83,17.43,35.48,39.16,-0.3462,-0.3673,-0.1844
EMP025,2026-03-19,58.43,58.21,57.57,32.57,17.5,33.41,39.0,-0.2458,-0.1631,-0.0972
EMP025,2026-03-20,49.86,51.0,55.0,31.03,16.6,39.12,40.15,-0.4832,-0.2805,-0.1446
EMP025,2026-03-21,46.71,55.93,55.13,31.4,16.73,36.48,40.19,-0.3239,-0.1032,-0.0601
EMP025,2026-03-22,46.29,56.07,53.7,30.2,16.13,36.73,40.51,-0.4429,-0.0739,0.0009
EMP025,2026-03-23,46.29,56.07,50.83,28.7,15.3,36.73,41.16,-0.5666,-0.1666,-0.042
EMP025,2026-03-24,43.0,52.71,51.67,29.4,15.67,35.09,40.9,-0.7368,-0.214,-0.0285
EMP025,2026-03-25,41.0,52.64,54.67,31.37,16.4,31.8,40.3,-0.8458,-0.2258,-0.0957
EMP025,2026-03-26,57.57,58.0,57.17,32.6,16.97,55.29,44.74,0.1631,0.2349,0.0621
EMP025,2026-03-27,69.57,59.71,56.5,32.77,16.53,50.39,44.18,0.6592,0.5662,0.2323
EMP025,2026-03-28,82.86,64.79,59.9,35.2,17.73,59.86,48.07,1.364,1.0937,0.4974
EMP025,2026-03-29,89.86,68.07,58.1,34.17,17.3,55.25,46.51,1.9112,1.2113,0.6174
EMP025,2026-03-30,89.86,68.07,55.23,31.47,16.33,55.25,47.35,1.7288,1.3139,0.5864
EMP025,2026-03-31,98.86,70.93,57.13,33.17,17.53,53.29,48.51,2.1201,1.57,0.7208
EMP026,2026-01-01,0.0,0.0,0.0,0.0,0.0,0.0,0.0,0.0,0.0,0.0
EMP026,2026-01-02,0.0,0.0,0.0,0.0,0.0,0.0,0.0,0.0,0.0,0.0
EMP026,2026-01-03,80.5,80.5,80.5,43.5,25.0,80.5,80.5,0.0,0.0,0.0
EMP026,2026-01-04,68.33,68.33,68.33,39.67,22.0,67.94,67.94,22.0,16.0,8.0
EMP026,2026-01-05,51.25,51.25,51.25,29.75,16.5,65.86,65.86,-11.7,-5.5,-3.4
EMP026,2026-01-06,60.0,60.0,60.0,33.6,18.4,61.45,61.45,2.9,1.1,0.2
EMP026,2026-01-07,67.5,67.5,67.5,39.5,21.0,58.55,58.55,8.0857,5.6857,2.3429
EMP026,2026-01-08,69.0,69.0,69.0,42.14,22.14,54.33,54.33,6.1786,5.5357,2.3214
EMP026,2026-01-09,69.86,61.12,61.12,37.12,19.5,53.27,54.93,-1.131,0.3452,-0.2143
EMP026,2026-01-10,58.71,63.56,63.56,37.67,21.11,39.39,52.24,0.6667,0.5667,0.8167
EMP026,2026-01-11,57.0,60.4,60.4,36.4,20.0,40.25,50.46,-1.2364,-0.2788,-0.0121
EMP026,2026-01-12,57.0,54.91,54.91,33.09,18.18,40.25,51.15,-3.6727,-1.8636,-0.9182
EMP026,2026-01-13,56.14,57.75,57.75,34.25,18.5,39.49,49.87,-1.514,-0.8986,-0.5594
EMP026,2026-01-14,57.43,62.08,62.08,37.31,19.31,41.17,50.2,0.6648,0.6044,-0.0934
EMP026,2026-01-15,60.43,64.71,64.71,38.07,20.36,43.27,49.3,1.5868,0.789,0.3451
EMP026,2026-01-16,68.29,69.07,64.47,37.07,19.73,37.25,47.64,1.1964,0.2643,0.0464
EMP026,2026-01-17,58.0,58.36,61.12,34.94,18.69,41.47,47.91,-0.1941,-0.5338,-0.3309
EMP026,2026-01-18,57.43,57.21,59.18,34.41,18.06,41.85,47.12,-0.8113,-0.6201,-0.4853
EMP026,2026-01-19,57.43,57.21,55.89,32.5,17.06,41.85,47.76,-1.7214,-1.1259,-0.7255
EMP026,2026-01-20,45.71,50.93,53.32,31.0,16.21,42.83,47.75,-2.2351,-1.407,-0.8702
EMP026,2026-01-21,39.14,48.29,54.05,30.6,16.5,34.59,46.65,-1.706,-1.3203,-0.6632
EMP026,2026-01-22,36.14,48.29,55.19,31.48,17.1,29.85,45.81,-1.1623,-0.9013,-0.4104
EMP026,2026-01-23,37.86,53.07,56.0,33.23,17.64,31.53,44.91,-0.7995,-0.3269,-0.2157
EMP026,2026-01-24,53.71,55.86,58.87,34.87,17.87,40.63,45.94,0.0178,0.1245,-0.1304
EMP026,2026-01-25,55.43,56.43,58.08,34.25,17.58,39.76,45.13,-0.173,-0.0391,-0.1835
EMP026,2026-01-26,55.43,56.43,55.76,32.88,16.88,39.76,45.66,-0.6892,-0.3508,-0.3246
EMP026,2026-01-27,54.43,50.07,53.62,31.62,16.23,41.03,46.04,-1.0892,-0.5928,-0.4328
EMP026,2026-01-28,56.57,47.86,54.7,32.48,16.56,42.06,45.52,-0.7393,-0.3437,-0.3168
EMP026,2026-01-29,62.14,49.14,56.93,33.5,17.32,46.84,46.17,-0.2025,-0.0974,-0.1256
EMP026,2026-01-30,72.29,55.07,59.93,34.86,18.48,55.06,48.07,0.4182,0.1847,0.1192
EMP026,2026-01-31,86.57,70.14,65.33,35.83,19.03,75.34,55.5,1.4234,0.3548,0.2142
EMP026,2026-02-01,85.0,70.21,66.3,36.37,19.23,76.4,54.6,0.7384,-0.0202,-0.0011
EMP026,2026-02-02,85.0,70.21,60.93,33.47,17.57,76.4,52.91,0.9637,0.0943,0.087
EMP026,2026-02-03,104.57,79.5,64.03,34.2,18.57,69.35,54.53,1.3377,0.2167,0.2596
EMP026,2026-02-04,115.86,86.21,69.43,37.03,19.73,71.32,55.92,1.5281,0.3086,0.2376
EMP026,2026-02-05,112.57,87.36,69.4,37.57,20.1,71.72,55.91,1.863,0.5715,0.3922
EMP026,2026-02-06,105.71,89.0,69.1,37.2,20.0,70.67,55.74,2.2801,0.9201,0.5584
EMP026,2026-02-07,91.57,89.07,70.6,36.63,20.5,53.9,56.56,2.6892,1.0881,0.7753
EMP026,2026-02-08,94.0,89.5,71.93,37.5,20.9,51.35,55.48,2.085,0.7935,0.5924
EMP026,2026-02-09,94.0,89.5,69.17,36.1,19.77,51.35,56.91,1.6972,0.5826,0.5479
EMP026,2026-02-10,91.29,97.93,72.03,37.7,20.2,49.47,57.13,1.756,0.7442,0.5014
EMP026,2026-02-11,80.71,98.29,74.97,40.33,21.77,40.29,55.6,1.3622,0.7506,0.535
EMP026,2026-02-12,77.29,94.93,74.33,40.3,22.33,40.03,55.54,1.4269,0.8331,0.6478
EMP026,2026-02-13,73.14,89.43,72.77,39.8,22.13,39.38,55.06,1.6532,1.1862,0.6981
EMP026,2026-02-14,66.86,79.21,72.1,40.57,22.43,34.07,54.86,1.8743,1.444,0.9146
EMP026,2026-02-15,64.86,79.43,71.13,40.37,22.57,35.61,55.3,1.539,1.1709,0.7878
EMP026,2026-02-16,64.86,79.43,70.77,40.27,22.47,35.61,55.73,0.6654,0.6527,0.5072
EMP026,2026-02-17,60.71,76.0,72.8,41.5,23.13,30.51,55.25,0.4881,0.701,0.4432
EMP026,2026-02-18,61.43,71.07,75.9,43.9,24.07,31.19,53.66,0.1164,0.6116,0.315
EMP026,2026-02-19,68.14,72.71,79.57,45.77,24.8,36.86,52.58,-0.0937,0.4403,0.1491
EMP026,2026-02-20,72.0,72.57,80.43,47.13,24.77,37.93,52.59,-0.0803,0.4009,0.1052
EMP026,2026-02-21,74.57,70.71,81.07,47.37,24.9,38.92,52.67,0.0098,0.471,0.1875
EMP026,2026-02-22,74.71,69.79,79.73,45.77,24.27,38.76,53.36,-0.356,0.4634,0.1197
EMP026,2026-02-23,74.71,69.79,75.67,43.4,23.5,38.76,54.62,-0.5789,0.3422,-0.0456
EMP026,2026-02-24,75.0,67.86,77.37,44.6,24.1,38.87,54.28,-0.7259,0.2621,-0.0963
EMP026,2026-02-25,75.43,68.43,80.57,46.47,25.4,39.09,52.42,-1.1393,0.028,-0.1664
EMP026,2026-02-26,71.29,69.71,83.5,48.73,26.5,35.86,50.25,-1.6469,-0.1535,-0.2925
EMP026,2026-02-27,75.43,73.71,84.83,49.13,26.37,39.72,50.74,-1.3956,0.0076,-0.3384
EMP026,2026-02-28,73.86,74.21,83.8,49.77,26.1,39.04,50.39,-1.1662,0.2885,-0.2347
EMP026,2026-03-01,80.86,77.79,81.73,48.23,24.87,35.3,49.14,-0.7626,0.3019,-0.141
EMP026,2026-03-02,80.86,77.79,74.33,46.1,23.7,35.3,43.89,-0.3226,0.0994,-0.2316
EMP026,2026-03-03,67.86,71.43,73.37,45.57,23.5,44.68,45.18,-1.1148,-0.4056,-0.5066
EMP026,2026-03-04,74.43,74.93,78.1,49.03,24.77,51.24,44.68,-1.178,-0.3428,-0.5751
EMP026,2026-03-05,74.86,73.07,76.57,49.2,23.93,51.37,43.4,-0.6885,-0.2443,-0.4529
EMP026,2026-03-06,71.43,73.43,74.47,48.33,23.57,48.77,40.66,0.0454,0.0659,-0.3762
EMP026,2026-03-07,75.86,74.86,75.23,48.27,23.47,51.24,41.23,0.4545,0.2754,-0.2162
EMP026,2026-03-08,70.71,75.79,73.57,46.9,22.77,52.16,41.37,0.4091,0.1408,-0.2512
EMP026,2026-03-09,70.71,75.79,69.47,45.53,21.3,52.16,42.35,0.2754,-0.2024,-0.2516
EMP026,2026-03-10,84.43,76.14,71.13,45.97,22.0,43.7,42.38,0.2848,-0.3526,-0.2269
EMP026,2026-03-11,64.14,69.29,71.13,45.97,22.0,45.2,42.38,-0.6647,-0.9662,-0.5206
EMP026,2026-03-12,59.43,67.14,69.13,44.77,21.8,43.86,41.52,-0.4263,-0.8376,-0.5459
EMP026,2026-03-13,60.0,65.71,69.63,43.43,20.93,44.39,41.84,-0.0776,-0.6387,-0.3773
EMP026,2026-03-14,56.71,66.29,70.43,43.67,20.37,40.75,42.07,0.0821,-0.5593,-0.2458
EMP026,2026-03-15,54.71,62.71,69.27,42.37,19.9,41.56,42.63,-0.1895,-0.6062,-0.301
EMP026,2026-03-16,54.71,62.71,66.63,40.0,18.47,41.56,44.35,-0.5693,-0.6821,-0.2701
EMP026,2026-03-17,57.86,71.14,69.5,40.73,19.1,45.24,44.8,-0.4768,-0.8472,-0.1938
EMP026,2026-03-18,77.71,70.93,74.13,42.93,20.53,45.98,44.56,-0.5077,-0.9651,-0.1713
EMP026,2026-03-19,76.29,67.86,72.77,41.7,20.13,46.72,44.71,-0.5737,-0.9359,-0.1491
EMP026,2026-03-20,77.57,68.79,73.4,41.53,20.03,47.56,45.12,-0.1811,-0.5637,-0.0634
EMP026,2026-03-21,78.29,67.5,72.8,41.13,20.27,47.84,44.66,0.2848,-0.3947,0.0214
EMP026,2026-03-22,78.0,66.36,70.67,39.8,19.9,48.12,45.12,0.1548,-0.3475,-0.0398
EMP026,2026-03-23,78.0,66.36,67.43,37.93,18.8,48.12,46.57,-0.1195,-0.4925,-0.0779
EMP026,2026-03-24,79.29,68.57,70.57,39.57,19.47,49.27,47.3,0.0274,-0.3891,-0.0663
EMP026,2026-03-25,75.57,76.64,74.33,42.03,20.6,45.47,46.01,-0.1855,-0.4398,-0.1068
EMP026,2026-03-26,79.57,77.93,73.83,42.43,20.73,44.07,45.91,-0.0598,-0.176,0.0311
EMP026,2026-03-27,86.57,82.07,76.0,45.07,21.0,51.87,48.37,0.6554,0.5148,0.3266
EMP026,2026-03-28,107.86,93.07,81.33,46.93,22.97,77.06,57.38,1.8478,1.1822,0.8674
EMP026,2026-03-29,111.86,94.93,79.17,46.23,22.83,73.56,57.0,1.9846,1.3146,0.8154
EMP026,2026-03-30,111.86,94.93,76.3,43.57,21.83,73.56,58.72,1.521,1.2492,0.7175
EMP026,2026-03-31,116.14,97.71,78.8,45.87,23.37,75.17,60.48,2.081,1.4732,0.9097
EMP027,2026-01-01,0.0,0.0,0.0,0.0,0.0,0.0,0.0,0.0,0.0,0.0
EMP027,2026-01-02,0.0,0.0,0.0,0.0,0.0,0.0,0.0,0.0,0.0,0.0
EMP027,2026-01-03,81.5,81.5,81.5,27.0,23.5,81.5,81.5,0.0,0.0,0.0
EMP027,2026-01-04,69.0,69.0,69.0,28.67,21.67,68.85,68.85,22.0,16.0,9.0
EMP027,2026-01-05,51.75,51.75,51.75,21.5,16.25,66.69,66.69,-11.9,-2.2,-2.9
EMP027,2026-01-06,74.0,74.0,74.0,33.8,18.2,74.42,74.42,16.3,11.2,0.5
EMP027,2026-01-07,77.5,77.5,77.5,40.0,20.83,68.39,68.39,12.3143,11.7143,2.5429
EMP027,2026-01-08,77.0,77.0,77.0,41.71,23.0,63.33,63.33,7.3214,8.6071,3.2143
EMP027,2026-01-09,88.43,77.38,77.38,42.75,24.0,55.08,59.25,5.131,6.4286,2.8095
EMP027,2026-01-10,80.0,80.33,80.33,46.56,26.78,46.94,56.48,5.3667,6.7833,3.6333
EMP027,2026-01-11,77.86,75.2,75.2,45.0,25.1,48.84,55.75,1.103,4.0848,1.7273
EMP027,2026-01-12,77.86,68.36,68.36,40.91,22.82,48.84,57.38,-2.5909,1.0182,0.1545
EMP027,2026-01-13,67.57,70.25,70.25,43.5,23.0,35.61,55.3,-1.1224,1.979,0.2028
EMP027,2026-01-14,73.43,75.31,75.31,44.69,23.54,42.37,55.94,1.2857,2.0659,0.3901
EMP027,2026-01-15,81.0,79.0,79.0,45.79,23.29,46.35,55.53,2.5055,2.0901,0.211
EMP027,2026-01-16,89.71,89.07,83.13,47.2,23.53,50.85,55.83,3.5857,2.2286,0.2643
EMP027,2026-01-17,74.86,77.43,77.94,44.25,22.06,59.04,57.68,1.1191,0.7941,-0.3015
EMP027,2026-01-18,78.29,78.07,76.47,42.94,21.82,56.94,56.26,0.4436,0.2255,-0.3309
EMP027,2026-01-19,78.29,78.07,72.22,40.56,20.61,56.94,57.42,-0.968,-0.5635,-0.6615
EMP027,2026-01-20,81.29,74.43,74.32,42.0,21.58,58.07,56.59,-0.1947,-0.0456,-0.2719
EMP027,2026-01-21,75.71,74.57,75.45,43.2,22.65,54.31,55.37,0.1571,0.3038,0.0729
EMP027,2026-01-22,77.43,79.21,78.48,44.43,23.76,56.06,55.71,0.961,0.5974,0.3662
EMP027,2026-01-23,70.86,80.29,79.23,45.91,24.59,50.66,54.54,1.0316,0.9057,0.5347
EMP027,2026-01-24,90.43,82.64,81.74,47.78,24.7,45.73,54.62,1.5306,1.2609,0.4941
EMP027,2026-01-25,89.29,83.79,80.21,46.75,24.12,46.74,53.98,0.9796,0.8617,0.2978
EMP027,2026-01-26,89.29,83.79,77.0,44.88,23.16,46.74,55.17,0.1262,0.3308,0.0408
EMP027,2026-01-27,73.29,77.29,74.04,43.15,22.27,54.71,56.09,-0.546,-0.0896,-0.1617
EMP027,2026-01-28,60.43,68.07,71.56,41.74,21.56,58.1,56.48,-1.0195,-0.3828,-0.2973
EMP027,2026-01-29,52.71,65.07,72.04,42.25,22.36,50.2,55.52,-0.8147,-0.2378,-0.1007
EMP027,2026-01-30,73.86,72.36,77.93,44.14,23.34,83.61,62.84,0.4458,0.1635,0.1069
EMP027,2026-01-31,91.0,90.71,83.9,46.2,24.0,104.49,69.65,1.558,0.5468,0.2234
EMP027,2026-02-01,90.43,89.86,85.27,47.07,24.4,104.75,68.38,0.7026,0.0979,-0.0196
EMP027,2026-02-02,90.43,89.86,79.83,45.27,22.83,104.75,68.46,0.6885,-0.158,-0.0211
EMP027,2026-02-03,106.0,89.64,82.0,47.03,23.47,98.04,68.32,0.6296,0.0069,0.0369
EMP027,2026-02-04,132.43,96.43,88.4,50.67,25.3,92.57,69.32,0.7737,0.0823,0.0785
EMP027,2026-02-05,136.57,94.64,86.77,50.13,25.73,90.99,68.11,1.4534,0.4107,0.1717
EMP027,2026-02-06,118.71,96.29,87.53,50.3,26.1,79.95,68.33,1.7117,0.7215,0.3531
EMP027,2026-02-07,93.71,92.36,87.8,51.17,26.1,56.81,68.29,1.5826,0.9119,0.4852
EMP027,2026-02-08,93.71,92.07,86.5,50.43,25.6,56.81,68.8,1.2269,0.7544,0.4538
EMP027,2026-02-09,93.71,92.07,83.03,47.87,23.97,56.81,70.43,0.7895,0.6122,0.4501
EMP027,2026-02-10,96.57,101.29,86.37,49.6,24.6,58.0,70.16,0.7135,0.7226,0.3862
EMP027,2026-02-11,83.43,107.93,89.7,52.67,26.4,43.5,68.33,0.2058,0.6541,0.4062
EMP027,2026-02-12,86.43,111.5,91.17,52.17,26.63,46.15,68.81,0.507,0.8154,0.4327
EMP027,2026-02-13,85.57,102.14,90.37,52.1,26.43,45.6,68.43,0.9506,0.8937,0.4389
EMP027,2026-02-14,86.14,89.93,89.0,51.97,27.2,45.58,68.09,1.1751,0.9733,0.5014
EMP027,2026-02-15,86.43,90.07,85.73,50.63,26.6,45.3,67.87,1.2369,0.9159,0.3826
EMP027,2026-02-16,86.43,90.07,85.73,50.63,26.6,45.3,67.87,0.0925,0.24,0.0276
EMP027,2026-02-17,82.0,89.29,87.23,52.8,27.3,42.34,67.62,-0.0541,0.2772,0.0483
EMP027,2026-02-18,81.0,82.21,90.33,55.43,28.27,41.99,65.66,-0.6185,0.0821,-0.129
EMP027,2026-02-19,74.86,80.64,89.67,54.6,27.83,36.41,65.53,-0.4583,0.0885,-0.0696
EMP027,2026-02-20,80.0,82.79,91.37,54.8,27.3,43.2,66.36,-0.0314,0.2794,0.0296
EMP027,2026-02-21,89.86,88.0,91.9,54.63,27.0,50.67,66.8,0.7077,0.4367,0.2211
EMP027,2026-02-22,91.86,89.14,90.63,52.9,26.0,49.03,67.09,0.5039,0.3998,0.2278
EMP027,2026-02-23,91.86,89.14,86.07,49.93,25.1,49.03,68.43,0.2389,0.3075,0.067
EMP027,2026-02-24,78.57,80.29,84.73,49.33,24.77,57.45,69.6,-0.5673,-0.1682,-0.1858
EMP027,2026-02-25,81.14,81.07,88.43,52.3,26.17,58.43,67.92,-0.9822,-0.2525,-0.2454
EMP027,2026-02-26,81.14,78.0,91.5,54.2,27.1,58.43,65.91,-1.5691,-0.5829,-0.414
EMP027,2026-02-27,77.57,78.79,95.37,56.9,28.13,54.89,64.22,-1.9486,-0.717,-0.5357
EMP027,2026-02-28,72.0,80.93,96.4,57.0,27.77,48.34,64.29,-1.887,-0.7097,-0.3949
EMP027,2026-03-01,70.86,81.36,89.93,54.43,26.23,48.77,58.74,-1.1818,-0.6725,-0.3815
EMP027,2026-03-02,70.86,81.36,81.37,50.9,24.8,48.77,52.12,-0.6098,-0.6681,-0.4352
EMP027,2026-03-03,70.14,74.36,80.0,50.03,24.4,49.76,53.67,-1.4131,-1.1682,-0.6834
EMP027,2026-03-04,74.14,77.64,84.63,53.93,25.67,53.84,52.55,-1.5842,-1.0812,-0.764
EMP027,2026-03-05,78.71,79.93,85.13,53.5,25.77,56.46,52.85,-1.1622,-0.7504,-0.5933
EMP027,2026-03-06,79.14,78.36,82.93,52.3,24.87,56.8,49.63,-0.1615,-0.2418,-0.3773
EMP027,2026-03-07,78.43,75.21,82.83,53.3,24.53,56.36,49.57,0.2338,0.1479,-0.2532
EMP027,2026-03-08,76.71,73.79,80.13,51.37,23.33,57.41,49.79,0.1806,0.0768,-0.2122
EMP027,2026-03-09,76.71,73.79,77.4,48.77,22.13,57.41,51.82,-0.3235,-0.071,-0.2754
EMP027,2026-03-10,92.71,81.43,79.77,50.33,22.93,48.75,51.73,-0.3513,-0.0449,-0.2024
EMP027,2026-03-11,85.86,80.0,82.8,52.97,24.07,44.99,49.58,-0.8289,-0.2071,-0.2892
EMP027,2026-03-12,85.0,81.86,82.43,52.77,24.33,44.3,49.28,-0.2832,0.1551,-0.1717
EMP027,2026-03-13,80.86,80.0,82.33,51.63,24.0,41.55,49.25,-0.0681,0.4594,0.1597
EMP027,2026-03-14,83.14,80.79,82.07,51.93,23.77,43.53,48.98,0.5833,0.5891,0.2214
EMP027,2026-03-15,83.14,79.93,79.57,51.0,23.57,43.53,49.3,0.499,0.4761,0.1858
EMP027,2026-03-16,83.14,79.93,76.7,49.13,22.13,43.53,51.31,0.03,0.1815,0.1677
EMP027,2026-03-17,79.43,86.07,78.13,50.57,23.27,42.0,50.94,-0.1424,0.1635,0.2118
EMP027,2026-03-18,86.14,86.0,82.73,53.5,25.07,46.79,49.9,-0.295,0.0563,0.2496
EMP027,2026-03-19,83.14,84.07,82.7,53.1,25.07,45.3,49.89,-0.0977,0.426,0.4356
EMP027,2026-03-20,82.43,81.64,82.67,52.83,25.3,45.12,49.89,0.0334,0.7201,0.5333
EMP027,2026-03-21,82.14,82.64,83.77,53.8,25.87,44.84,50.44,0.3709,0.776,0.6523
EMP027,2026-03-22,81.29,82.21,79.87,52.33,25.67,45.74,49.84,0.4734,0.735,0.6287
EMP027,2026-03-23,81.29,82.21,74.7,50.2,24.43,45.74,49.82,0.4763,0.4779,0.5413
EMP027,2026-03-24,83.0,81.21,76.07,51.33,25.53,46.11,49.88,0.5046,0.3608,0.5882
EMP027,2026-03-25,79.86,83.0,79.93,53.67,26.93,42.89,48.3,0.2376,0.1273,0.5184
EMP027,2026-03-26,98.29,90.71,87.3,57.97,28.9,67.15,52.94,0.6632,0.3099,0.5528
EMP027,2026-03-27,125.71,104.07,93.07,58.9,29.3,93.16,63.57,2.0957,0.9048,0.8051
EMP027,2026-03-28,141.29,111.71,97.8,61.6,30.4,100.55,68.41,2.9976,1.402,1.0007
EMP027,2026-03-29,151.71,116.5,97.17,60.7,30.2,92.0,68.26,3.2113,1.5535,1.01
EMP027,2026-03-30,151.71,116.5,93.3,58.73,29.1,92.0,70.34,2.7143,1.1502,0.8345
EMP027,2026-03-31,169.71,126.36,99.13,61.33,30.87,92.05,73.61,3.2521,1.1364,0.8547
EMP028,2026-01-01,0.0,0.0,0.0,0.0,0.0,0.0,0.0,0.0,0.0,0.0
EMP028,2026-01-02,0.0,0.0,0.0,0.0,0.0,0.0,0.0,0.0,0.0,0.0
EMP028,2026-01-03,64.0,64.0,64.0,31.5,15.5,64.0,64.0,0.0,0.0,0.0
EMP028,2026-01-04,52.67,52.67,52.67,29.33,13.0,54.66,54.66,15.0,12.5,4.0
EMP028,2026-01-05,39.5,39.5,39.5,22.0,9.75,52.54,52.54,-9.8,-3.8,-2.3
EMP028,2026-01-06,45.2,45.2,45.2,28.6,14.2,48.36,48.36,0.8,4.7,3.3
EMP028,2026-01-07,53.0,53.0,53.0,35.17,15.67,47.47,47.47,7.1429,8.3143,3.1429
EMP028,2026-01-08,55.29,55.29,55.29,35.43,17.57,44.3,44.3,6.1786,5.3929,3.3929
EMP028,2026-01-09,65.43,57.25,57.25,34.5,17.0,38.19,41.76,5.4286,2.9762,1.881
EMP028,2026-01-10,56.0,57.78,57.78,37.11,18.22,28.49,39.4,4.1167,3.65,2.05
EMP028,2026-01-11,56.14,55.1,55.1,35.4,17.3,28.36,38.23,1.5333,1.7212,0.9879
EMP028,2026-01-12,56.14,50.09,50.09,32.18,15.73,28.36,39.75,-1.3545,-0.3182,-0.0455
EMP028,2026-01-13,61.14,54.5,54.5,34.08,16.58,32.76,40.77,0.993,0.6329,0.3601
EMP028,2026-01-14,56.71,55.0,55.0,34.92,17.69,30.29,39.21,0.9945,0.8571,0.7582
EMP028,2026-01-15,56.86,56.07,56.07,34.64,18.43,30.35,37.98,1.2242,0.5736,0.9011
EMP028,2026-01-16,52.57,59.0,55.07,34.47,18.33,30.17,36.88,0.6179,0.4,0.6964
EMP028,2026-01-17,56.57,56.29,57.25,35.94,18.94,32.88,36.7,1.2794,0.8485,0.7868
EMP028,2026-01-18,56.14,56.14,55.53,34.82,18.35,33.23,36.26,0.4926,0.3358,0.4608
EMP028,2026-01-19,56.14,56.14,52.44,32.89,17.33,33.23,37.47,-0.5593,-0.3282,0.066
EMP028,2026-01-20,51.14,56.14,53.26,33.89,18.53,28.03,36.63,-0.2298,0.0228,0.414
EMP028,2026-01-21,52.14,54.43,54.0,35.0,18.7,28.49,35.85,0.0135,0.3353,0.4045
EMP028,2026-01-22,50.86,53.86,54.33,34.81,19.14,27.85,35.02,0.1026,0.2377,0.4701
EMP028,2026-01-23,53.29,52.93,54.5,35.14,19.73,27.62,34.22,0.1327,0.2919,0.5613
EMP028,2026-01-24,53.57,55.07,56.13,35.7,20.43,28.01,34.33,0.5237,0.3953,0.668
EMP028,2026-01-25,54.14,55.14,55.12,34.96,20.17,27.52,33.95,0.2196,0.1709,0.5235
EMP028,2026-01-26,54.14,55.14,52.92,33.56,19.36,27.52,34.98,-0.3146,-0.1715,0.2769
EMP028,2026-01-27,44.43,47.79,50.88,32.27,18.62,32.47,35.77,-0.732,-0.4393,0.0807
EMP028,2026-01-28,45.14,48.64,51.7,32.56,19.41,33.03,35.35,-0.478,-0.3309,0.2418
EMP028,2026-01-29,45.57,48.21,52.14,32.43,19.39,33.25,34.79,-0.3377,-0.3229,0.2137
EMP028,2026-01-30,60.14,56.71,55.86,32.86,19.52,52.36,39.45,0.4399,-0.2039,0.2172
EMP028,2026-01-31,70.14,61.86,59.4,33.67,19.83,63.08,43.21,1.0821,-0.0285,0.2574
EMP028,2026-02-01,70.86,62.5,60.63,34.3,20.2,62.67,42.01,0.5279,-0.3553,0.0636
EMP028,2026-02-02,70.86,62.5,56.37,32.2,19.17,62.67,41.45,0.6013,-0.3786,0.0078
EMP028,2026-02-03,83.14,63.79,58.23,33.47,19.83,55.61,41.48,0.6107,-0.2296,-0.0122
EMP028,2026-02-04,87.71,66.43,61.73,36.1,20.93,55.9,40.84,0.5108,-0.1666,-0.0641
EMP028,2026-02-05,88.0,66.79,61.67,36.53,20.8,55.78,40.83,0.5815,0.1695,0.0578
EMP028,2026-02-06,77.71,68.93,61.53,36.03,21.03,47.6,40.74,0.9606,0.4928,0.1324
EMP028,2026-02-07,54.57,62.36,59.23,34.8,20.07,39.72,42.18,0.6151,0.267,0.0516
EMP028,2026-02-08,52.86,61.86,57.7,34.43,19.93,40.69,42.55,0.4754,0.1052,-0.0685
EMP028,2026-02-09,52.86,61.86,55.63,32.5,19.0,40.69,43.78,0.1328,0.0456,-0.1415
EMP028,2026-02-10,54.0,68.57,57.73,34.13,19.77,41.7,44.06,0.2105,0.1949,-0.1266
EMP028,2026-02-11,51.43,69.57,60.63,35.87,20.57,38.94,43.02,0.0011,0.0747,-0.2356
EMP028,2026-02-12,55.14,71.57,60.27,35.8,20.4,41.32,42.7,0.4957,0.3172,-0.1953
EMP028,2026-02-13,51.14,64.43,60.23,35.27,20.17,39.25,42.7,0.499,0.3368,-0.099
EMP028,2026-02-14,64.86,59.71,61.1,36.33,19.87,35.59,43.15,0.7971,0.4863,-0.0525
EMP028,2026-02-15,65.29,59.07,60.67,35.93,19.63,35.12,43.41,0.4449,0.3511,-0.1359
EMP028,2026-02-16,65.29,59.07,57.67,34.0,18.7,35.12,44.38,0.2558,0.2714,-0.2049
EMP028,2026-02-17,61.29,57.64,58.93,34.87,19.27,33.16,44.06,0.105,0.2122,-0.2247
EMP028,2026-02-18,49.29,50.36,59.03,34.93,19.3,36.69,43.93,-0.6623,-0.2403,-0.4754
EMP028,2026-02-19,48.43,51.79,59.63,34.5,18.73,35.74,44.17,-0.4265,-0.0963,-0.3088
EMP028,2026-02-20,39.86,45.5,57.37,32.63,18.0,38.99,45.41,-0.7535,-0.1706,-0.4071
EMP028,2026-02-21,37.14,51.0,57.9,33.9,18.23,35.49,45.54,-0.6018,0.0527,-0.2285
EMP028,2026-02-22,36.0,50.64,56.63,32.9,17.5,35.89,46.05,-0.8456,-0.0327,-0.1867
EMP028,2026-02-23,36.0,50.64,53.57,31.3,16.3,35.89,46.65,-0.9671,-0.1408,-0.172
EMP028,2026-02-24,43.71,52.5,56.5,32.43,16.87,45.92,47.95,-0.6872,-0.099,-0.093
EMP028,2026-02-25,55.86,52.57,59.43,34.47,17.53,44.77,47.09,-0.8736,-0.1384,-0.1891
EMP028,2026-02-26,43.57,46.0,59.43,34.47,17.53,46.57,47.09,-1.667,-0.5984,-0.4231
EMP028,2026-02-27,59.86,49.86,60.8,34.8,17.27,48.39,48.05,-1.2214,-0.4601,-0.1749
EMP028,2026-02-28,61.14,49.14,61.53,36.17,17.57,48.94,48.26,-1.0367,-0.273,-0.0937
EMP028,2026-03-01,64.57,50.29,57.67,35.27,17.07,46.73,44.73,-0.4707,-0.3293,-0.1179
EMP028,2026-03-02,64.57,50.29,52.27,33.37,16.1,46.73,41.47,-0.1232,-0.4069,-0.1457
EMP028,2026-03-03,47.43,45.57,51.03,32.73,15.73,45.24,42.44,-0.5657,-0.7212,-0.2848
EMP028,2026-03-04,48.71,52.29,54.27,34.8,16.67,46.48,42.13,-0.6211,-0.7582,-0.3141
EMP028,2026-03-05,60.14,51.86,54.07,34.63,16.23,42.79,41.99,-0.2363,-0.414,-0.2467
EMP028,2026-03-06,56.86,58.36,53.6,33.6,15.97,39.27,41.5,0.3533,-0.0218,-0.0745
EMP028,2026-03-07,57.43,59.29,54.4,33.07,16.07,39.71,41.96,0.6736,0.3341,0.1055
EMP028,2026-03-08,55.14,59.86,52.4,32.07,15.47,40.86,41.74,0.735,0.4067,0.1753
EMP028,2026-03-09,55.14,59.86,52.4,32.07,15.47,40.86,41.74,0.0356,-0.0214,-0.0311
EMP028,2026-03-10,55.14,51.29,51.57,31.5,15.17,40.86,42.52,-0.4914,-0.3321,-0.1755
EMP028,2026-03-11,41.29,45.0,51.57,31.5,15.17,40.77,42.52,-1.1798,-0.7526,-0.378
EMP028,2026-03-12,39.29,49.71,50.63,30.97,14.9,39.13,41.88,-0.794,-0.3553,-0.2049
EMP028,2026-03-13,40.0,48.43,50.93,30.97,15.2,40.1,42.17,-0.2505,-0.0745,-0.0254
EMP028,2026-03-14,35.86,46.64,49.9,31.2,15.17,36.01,41.52,0.0977,0.2647,0.0456
EMP028,2026-03-15,34.43,44.79,48.5,30.93,14.7,36.49,41.87,-0.0385,0.1838,0.0732
EMP028,2026-03-16,34.43,44.79,45.3,28.83,14.07,36.49,41.78,-0.0238,0.2053,0.008
EMP028,2026-03-17,35.14,45.14,44.53,28.27,13.8,35.85,42.3,-0.4031,-0.0222,-0.0979
EMP028,2026-03-18,35.14,38.21,44.53,28.27,13.8,35.85,42.3,-0.9976,-0.3996,-0.2821
EMP028,2026-03-19,37.0,38.14,44.97,28.13,13.6,37.69,42.58,-0.6271,-0.2287,-0.158
EMP028,2026-03-20,33.57,36.79,47.27,29.43,14.67,32.96,42.12,-0.7422,-0.3259,-0.1197
EMP028,2026-03-21,36.71,36.29,47.17,30.07,14.93,36.31,42.03,-0.2445,-0.0756,0.0432
EMP028,2026-03-22,38.71,36.57,48.23,30.7,15.3,35.6,41.22,-0.6676,-0.3544,-0.0852
EMP028,2026-03-23,38.71,36.57,45.67,28.4,14.13,35.6,41.74,-0.7804,-0.2883,-0.0481
EMP028,2026-03-24,52.29,43.71,48.33,29.6,14.47,38.18,42.56,-0.6069,-0.275,-0.0387
EMP028,2026-03-25,62.29,48.71,50.67,31.2,15.4,31.81,41.76,-0.8004,-0.3604,-0.0512
EMP028,2026-03-26,74.57,55.79,52.17,32.7,16.2,48.25,44.91,0.4154,0.2076,0.3119
EMP028,2026-03-27,83.43,58.5,53.7,33.37,17.6,52.47,46.85,1.1904,0.7143,0.6336
EMP028,2026-03-28,97.71,67.21,59.8,36.57,19.23,62.97,51.18,1.6543,0.8883,0.7148
EMP028,2026-03-29,102.29,70.5,58.13,35.63,18.63,59.08,50.19,2.0552,0.887,0.7691
EMP028,2026-03-30,102.29,70.5,55.27,33.3,17.7,59.08,50.97,1.8723,0.8941,0.7135
EMP028,2026-03-31,105.43,78.86,57.87,35.3,19.2,59.45,52.3,2.2251,1.077,0.8743
EMP029,2026-01-01,0.0,0.0,0.0,0.0,0.0,0.0,0.0,0.0,0.0,0.0
EMP029,2026-01-02,0.0,0.0,0.0,0.0,0.0,0.0,0.0,0.0,0.0,0.0
EMP029,2026-01-03,0.0,0.0,0.0,0.0,0.0,0.0,0.0,0.0,0.0,0.0
EMP029,2026-01-04,0.0,0.0,0.0,0.0,0.0,0.0,0.0,0.0,0.0,0.0
EMP029,2026-01-05,0.0,0.0,0.0,0.0,0.0,0.0,0.0,0.0,0.0,0.0
EMP029,2026-01-06,0.0,0.0,0.0,0.0,0.0,0.0,0.0,0.0,0.0,0.0
EMP029,2026-01-07,0.0,0.0,0.0,0.0,0.0,0.0,0.0,0.0,0.0,0.0
EMP029,2026-01-08,0.0,0.0,0.0,0.0,0.0,0.0,0.0,0.0,0.0,0.0
EMP029,2026-01-09,0.0,0.0,0.0,0.0,0.0,0.0,0.0,0.0,0.0,0.0
EMP029,2026-01-10,0.0,0.0,0.0,0.0,0.0,0.0,0.0,0.0,0.0,0.0
EMP029,2026-01-11,0.0,0.0,0.0,0.0,0.0,0.0,0.0,0.0,0.0,0.0
EMP029,2026-01-12,0.0,0.0,0.0,0.0,0.0,0.0,0.0,0.0,0.0,0.0
EMP029,2026-01-13,0.0,0.0,0.0,0.0,0.0,0.0,0.0,0.0,0.0,0.0
EMP029,2026-01-14,0.0,0.0,0.0,0.0,0.0,0.0,0.0,0.0,0.0,0.0
EMP029,2026-01-15,0.0,0.0,0.0,0.0,0.0,0.0,0.0,0.0,0.0,0.0
EMP029,2026-01-16,0.0,0.0,0.0,0.0,0.0,0.0,0.0,0.0,0.0,0.0
EMP029,2026-01-17,0.0,0.0,0.0,0.0,0.0,0.0,0.0,0.0,0.0,0.0
EMP029,2026-01-18,0.0,0.0,0.0,0.0,0.0,0.0,0.0,0.0,0.0,0.0
EMP029,2026-01-19,0.0,0.0,0.0,0.0,0.0,0.0,0.0,0.0,0.0,0.0
EMP029,2026-01-20,0.0,0.0,0.0,0.0,0.0,0.0,0.0,0.0,0.0,0.0
EMP029,2026-01-21,0.0,0.0,0.0,0.0,0.0,0.0,0.0,0.0,0.0,0.0
EMP029,2026-01-22,0.0,0.0,0.0,0.0,0.0,0.0,0.0,0.0,0.0,0.0
EMP029,2026-01-23,0.0,0.0,0.0,0.0,0.0,0.0,0.0,0.0,0.0,0.0
EMP029,2026-01-24,0.0,0.0,0.0,0.0,0.0,0.0,0.0,0.0,0.0,0.0
EMP029,2026-01-25,0.0,0.0,0.0,0.0,0.0,0.0,0.0,0.0,0.0,0.0
EMP029,2026-01-26,0.0,0.0,0.0,0.0,0.0,0.0,0.0,0.0,0.0,0.0
EMP029,2026-01-27,0.0,0.0,0.0,0.0,0.0,0.0,0.0,0.0,0.0,0.0
EMP029,2026-01-28,0.0,0.0,0.0,0.0,0.0,0.0,0.0,0.0,0.0,0.0
EMP029,2026-01-29,0.0,0.0,0.0,0.0,0.0,0.0,0.0,0.0,0.0,0.0
EMP029,2026-01-30,0.0,0.0,0.0,0.0,0.0,0.0,0.0,0.0,0.0,0.0
EMP029,2026-01-31,0.0,0.0,0.0,0.0,0.0,0.0,0.0,0.0,0.0,0.0
EMP029,2026-02-01,0.0,0.0,0.0,0.0,0.0,0.0,0.0,0.0,0.0,0.0
EMP029,2026-02-02,0.0,0.0,0.0,0.0,0.0,0.0,0.0,0.0,0.0,0.0
EMP029,2026-02-03,0.0,0.0,0.0,0.0,0.0,0.0,0.0,0.0,0.0,0.0
EMP029,2026-02-04,0.0,0.0,0.0,0.0,0.0,0.0,0.0,0.0,0.0,0.0
EMP029,2026-02-05,0.0,0.0,0.0,0.0,0.0,0.0,0.0,0.0,0.0,0.0
EMP029,2026-02-06,0.0,0.0,0.0,0.0,0.0,0.0,0.0,0.0,0.0,0.0
EMP029,2026-02-07,0.0,0.0,0.0,0.0,0.0,0.0,0.0,0.0,0.0,0.0
EMP029,2026-02-08,0.0,0.0,0.0,0.0,0.0,0.0,0.0,0.0,0.0,0.0
EMP029,2026-02-09,0.0,0.0,0.0,0.0,0.0,0.0,0.0,0.0,0.0,0.0
EMP029,2026-02-10,0.0,0.0,0.0,0.0,0.0,0.0,0.0,0.0,0.0,0.0
EMP029,2026-02-11,0.0,0.0,0.0,0.0,0.0,0.0,0.0,0.0,0.0,0.0
EMP029,2026-02-12,0.0,0.0,0.0,0.0,0.0,0.0,0.0,0.0,0.0,0.0
EMP029,2026-02-13,0.0,0.0,0.0,0.0,0.0,0.0,0.0,0.0,0.0,0.0
EMP029,2026-02-14,0.0,0.0,0.0,0.0,0.0,0.0,0.0,0.0,0.0,0.0
EMP029,2026-02-15,0.0,0.0,0.0,0.0,0.0,0.0,0.0,0.0,0.0,0.0
EMP029,2026-02-16,0.0,0.0,0.0,0.0,0.0,0.0,0.0,0.0,0.0,0.0
EMP029,2026-02-17,0.0,0.0,0.0,0.0,0.0,0.0,0.0,0.0,0.0,0.0
EMP029,2026-02-18,0.0,0.0,0.0,0.0,0.0,0.0,0.0,0.0,0.0,0.0
EMP029,2026-02-19,0.0,0.0,0.0,0.0,0.0,0.0,0.0,0.0,0.0,0.0
EMP029,2026-02-20,0.0,0.0,0.0,0.0,0.0,0.0,0.0,0.0,0.0,0.0
EMP029,2026-02-21,0.0,0.0,0.0,0.0,0.0,0.0,0.0,0.0,0.0,0.0
EMP029,2026-02-22,0.0,0.0,0.0,0.0,0.0,0.0,0.0,0.0,0.0,0.0
EMP029,2026-02-23,0.0,0.0,0.0,0.0,0.0,0.0,0.0,0.0,0.0,0.0
EMP029,2026-02-24,0.0,0.0,0.0,0.0,0.0,0.0,0.0,0.0,0.0,0.0
EMP029,2026-02-25,0.0,0.0,0.0,0.0,0.0,0.0,0.0,0.0,0.0,0.0
EMP029,2026-02-26,0.0,0.0,0.0,0.0,0.0,0.0,0.0,0.0,0.0,0.0
EMP029,2026-02-27,0.0,0.0,0.0,0.0,0.0,0.0,0.0,0.0,0.0,0.0
EMP029,2026-02-28,0.0,0.0,0.0,0.0,0.0,0.0,0.0,0.0,0.0,0.0
EMP029,2026-03-01,0.0,0.0,0.0,0.0,0.0,0.0,0.0,0.0,0.0,0.0
EMP029,2026-03-02,0.0,0.0,0.0,0.0,0.0,0.0,0.0,0.0,0.0,0.0
EMP029,2026-03-03,0.0,0.0,0.0,0.0,0.0,0.0,0.0,0.0,0.0,0.0
EMP029,2026-03-04,0.0,0.0,0.0,0.0,0.0,0.0,0.0,0.0,0.0,0.0
EMP029,2026-03-05,0.0,0.0,0.0,0.0,0.0,0.0,0.0,0.0,0.0,0.0
EMP029,2026-03-06,0.0,0.0,0.0,0.0,0.0,0.0,0.0,0.0,0.0,0.0
EMP029,2026-03-07,0.0,0.0,0.0,0.0,0.0,0.0,0.0,0.0,0.0,0.0
EMP029,2026-03-08,0.0,0.0,0.0,0.0,0.0,0.0,0.0,0.0,0.0,0.0
EMP029,2026-03-09,0.0,0.0,0.0,0.0,0.0,0.0,0.0,0.0,0.0,0.0
EMP029,2026-03-10,0.0,0.0,0.0,0.0,0.0,0.0,0.0,0.0,0.0,0.0
EMP029,2026-03-11,0.0,0.0,0.0,0.0,0.0,0.0,0.0,0.0,0.0,0.0
EMP029,2026-03-12,0.0,0.0,0.0,0.0,0.0,0.0,0.0,0.0,0.0,0.0
EMP029,2026-03-13,0.0,0.0,0.0,0.0,0.0,0.0,0.0,0.0,0.0,0.0
EMP029,2026-03-14,0.0,0.0,0.0,0.0,0.0,0.0,0.0,0.0,0.0,0.0
EMP029,2026-03-15,0.0,0.0,0.0,0.0,0.0,0.0,0.0,0.0,0.0,0.0
EMP029,2026-03-16,0.0,0.0,0.0,0.0,0.0,0.0,0.0,0.0,0.0,0.0
EMP029,2026-03-17,0.0,0.0,0.0,0.0,0.0,0.0,0.0,0.0,0.0,0.0
EMP029,2026-03-18,0.0,0.0,0.0,0.0,0.0,0.0,0.0,0.0,0.0,0.0
EMP029,2026-03-19,0.0,0.0,0.0,0.0,0.0,0.0,0.0,0.0,0.0,0.0
EMP029,2026-03-20,0.0,0.0,0.0,0.0,0.0,0.0,0.0,0.0,0.0,0.0
EMP029,2026-03-21,0.0,0.0,0.0,0.0,0.0,0.0,0.0,0.0,0.0,0.0
EMP029,2026-03-22,0.0,0.0,0.0,0.0,0.0,0.0,0.0,0.0,0.0,0.0
EMP029,2026-03-23,0.0,0.0,0.0,0.0,0.0,0.0,0.0,0.0,0.0,0.0
EMP029,2026-03-24,0.0,0.0,0.0,0.0,0.0,0.0,0.0,0.0,0.0,0.0
EMP029,2026-03-25,0.0,0.0,0.0,0.0,0.0,0.0,0.0,0.0,0.0,0.0
EMP029,2026-03-26,0.0,0.0,0.0,0.0,0.0,0.0,0.0,0.0,0.0,0.0
EMP029,2026-03-27,0.0,0.0,0.0,0.0,0.0,0.0,0.0,0.0,0.0,0.0
EMP029,2026-03-28,0.0,0.0,0.0,0.0,0.0,0.0,0.0,0.0,0.0,0.0
EMP029,2026-03-29,0.0,0.0,0.0,0.0,0.0,0.0,0.0,0.0,0.0,0.0
EMP029,2026-03-30,0.0,0.0,0.0,0.0,0.0,0.0,0.0,0.0,0.0,0.0
EMP029,2026-03-31,0.0,0.0,0.0,0.0,0.0,0.0,0.0,0.0,0.0,0.0
EMP030,2026-01-01,0.0,0.0,0.0,0.0,0.0,0.0,0.0,0.0,0.0,0.0
EMP030,2026-01-02,0.0,0.0,0.0,0.0,0.0,0.0,0.0,0.0,0.0,0.0
EMP030,2026-01-03,0.0,0.0,0.0,0.0,0.0,0.0,0.0,0.0,0.0,0.0
EMP030,2026-01-04,0.0,0.0,0.0,0.0,0.0,0.0,0.0,0.0,0.0,0.0
EMP030,2026-01-05,0.0,0.0,0.0,0.0,0.0,0.0,0.0,0.0,0.0,0.0
EMP030,2026-01-06,0.0,0.0,0.0,0.0,0.0,0.0,0.0,0.0,0.0,0.0
EMP030,2026-01-07,0.0,0.0,0.0,0.0,0.0,0.0,0.0,0.0,0.0,0.0
EMP030,2026-01-08,0.0,0.0,0.0,0.0,0.0,0.0,0.0,0.0,0.0,0.0
EMP030,2026-01-09,0.0,0.0,0.0,0.0,0.0,0.0,0.0,0.0,0.0,0.0
EMP030,2026-01-10,0.0,0.0,0.0,0.0,0.0,0.0,0.0,0.0,0.0,0.0
EMP030,2026-01-11,0.0,0.0,0.0,0.0,0.0,0.0,0.0,0.0,0.0,0.0
EMP030,2026-01-12,0.0,0.0,0.0,0.0,0.0,0.0,0.0,0.0,0.0,0.0
EMP030,2026-01-13,0.0,0.0,0.0,0.0,0.0,0.0,0.0,0.0,0.0,0.0
EMP030,2026-01-14,0.0,0.0,0.0,0.0,0.0,0.0,0.0,0.0,0.0,0.0
EMP030,2026-01-15,0.0,0.0,0.0,0.0,0.0,0.0,0.0,0.0,0.0,0.0
EMP030,2026-01-16,0.0,0.0,0.0,0.0,0.0,0.0,0.0,0.0,0.0,0.0
EMP030,2026-01-17,0.0,0.0,0.0,0.0,0.0,0.0,0.0,0.0,0.0,0.0
EMP030,2026-01-18,0.0,0.0,0.0,0.0,0.0,0.0,0.0,0.0,0.0,0.0
EMP030,2026-01-19,0.0,0.0,0.0,0.0,0.0,0.0,0.0,0.0,0.0,0.0
EMP030,2026-01-20,0.0,0.0,0.0,0.0,0.0,0.0,0.0,0.0,0.0,0.0
EMP030,2026-01-21,0.0,0.0,0.0,0.0,0.0,0.0,0.0,0.0,0.0,0.0
EMP030,2026-01-22,0.0,0.0,0.0,0.0,0.0,0.0,0.0,0.0,0.0,0.0
EMP030,2026-01-23,0.0,0.0,0.0,0.0,0.0,0.0,0.0,0.0,0.0,0.0
EMP030,2026-01-24,0.0,0.0,0.0,0.0,0.0,0.0,0.0,0.0,0.0,0.0
EMP030,2026-01-25,0.0,0.0,0.0,0.0,0.0,0.0,0.0,0.0,0.0,0.0
EMP030,2026-01-26,0.0,0.0,0.0,0.0,0.0,0.0,0.0,0.0,0.0,0.0
EMP030,2026-01-27,0.0,0.0,0.0,0.0,0.0,0.0,0.0,0.0,0.0,0.0
EMP030,2026-01-28,0.0,0.0,0.0,0.0,0.0,0.0,0.0,0.0,0.0,0.0
EMP030,2026-01-29,0.0,0.0,0.0,0.0,0.0,0.0,0.0,0.0,0.0,0.0
EMP030,2026-01-30,0.0,0.0,0.0,0.0,0.0,0.0,0.0,0.0,0.0,0.0
EMP030,2026-01-31,0.0,0.0,0.0,0.0,0.0,0.0,0.0,0.0,0.0,0.0
EMP030,2026-02-01,0.0,0.0,0.0,0.0,0.0,0.0,0.0,0.0,0.0,0.0
EMP030,2026-02-02,0.0,0.0,0.0,0.0,0.0,0.0,0.0,0.0,0.0,0.0
EMP030,2026-02-03,0.0,0.0,0.0,0.0,0.0,0.0,0.0,0.0,0.0,0.0
EMP030,2026-02-04,0.0,0.0,0.0,0.0,0.0,0.0,0.0,0.0,0.0,0.0
EMP030,2026-02-05,0.0,0.0,0.0,0.0,0.0,0.0,0.0,0.0,0.0,0.0
EMP030,2026-02-06,0.0,0.0,0.0,0.0,0.0,0.0,0.0,0.0,0.0,0.0
EMP030,2026-02-07,0.0,0.0,0.0,0.0,0.0,0.0,0.0,0.0,0.0,0.0
EMP030,2026-02-08,0.0,0.0,0.0,0.0,0.0,0.0,0.0,0.0,0.0,0.0
EMP030,2026-02-09,0.0,0.0,0.0,0.0,0.0,0.0,0.0,0.0,0.0,0.0
EMP030,2026-02-10,0.0,0.0,0.0,0.0,0.0,0.0,0.0,0.0,0.0,0.0
EMP030,2026-02-11,0.0,0.0,0.0,0.0,0.0,0.0,0.0,0.0,0.0,0.0
EMP030,2026-02-12,0.0,0.0,0.0,0.0,0.0,0.0,0.0,0.0,0.0,0.0
EMP030,2026-02-13,0.0,0.0,0.0,0.0,0.0,0.0,0.0,0.0,0.0,0.0
EMP030,2026-02-14,0.0,0.0,0.0,0.0,0.0,0.0,0.0,0.0,0.0,0.0
EMP030,2026-02-15,0.0,0.0,0.0,0.0,0.0,0.0,0.0,0.0,0.0,0.0
EMP030,2026-02-16,0.0,0.0,0.0,0.0,0.0,0.0,0.0,0.0,0.0,0.0
EMP030,2026-02-17,0.0,0.0,0.0,0.0,0.0,0.0,0.0,0.0,0.0,0.0
EMP030,2026-02-18,0.0,0.0,0.0,0.0,0.0,0.0,0.0,0.0,0.0,0.0
EMP030,2026-02-19,0.0,0.0,0.0,0.0,0.0,0.0,0.0,0.0,0.0,0.0
EMP030,2026-02-20,0.0,0.0,0.0,0.0,0.0,0.0,0.0,0.0,0.0,0.0
EMP030,2026-02-21,0.0,0.0,0.0,0.0,0.0,0.0,0.0,0.0,0.0,0.0
EMP030,2026-02-22,0.0,0.0,0.0,0.0,0.0,0.0,0.0,0.0,0.0,0.0
EMP030,2026-02-23,0.0,0.0,0.0,0.0,0.0,0.0,0.0,0.0,0.0,0.0
EMP030,2026-02-24,0.0,0.0,0.0,0.0,0.0,0.0,0.0,0.0,0.0,0.0
EMP030,2026-02-25,0.0,0.0,0.0,0.0,0.0,0.0,0.0,0.0,0.0,0.0
EMP030,2026-02-26,0.0,0.0,0.0,0.0,0.0,0.0,0.0,0.0,0.0,0.0
EMP030,2026-02-27,0.0,0.0,0.0,0.0,0.0,0.0,0.0,0.0,0.0,0.0
EMP030,2026-02-28,0.0,0.0,0.0,0.0,0.0,0.0,0.0,0.0,0.0,0.0
EMP030,2026-03-01,0.0,0.0,0.0,0.0,0.0,0.0,0.0,0.0,0.0,0.0
EMP030,2026-03-02,0.0,0.0,0.0,0.0,0.0,0.0,0.0,0.0,0.0,0.0
EMP030,2026-03-03,0.0,0.0,0.0,0.0,0.0,0.0,0.0,0.0,0.0,0.0
EMP030,2026-03-04,0.0,0.0,0.0,0.0,0.0,0.0,0.0,0.0,0.0,0.0
EMP030,2026-03-05,0.0,0.0,0.0,0.0,0.0,0.0,0.0,0.0,0.0,0.0
EMP030,2026-03-06,0.0,0.0,0.0,0.0,0.0,0.0,0.0,0.0,0.0,0.0
EMP030,2026-03-07,0.0,0.0,0.0,0.0,0.0,0.0,0.0,0.0,0.0,0.0
EMP030,2026-03-08,0.0,0.0,0.0,0.0,0.0,0.0,0.0,0.0,0.0,0.0
EMP030,2026-03-09,0.0,0.0,0.0,0.0,0.0,0.0,0.0,0.0,0.0,0.0
EMP030,2026-03-10,0.0,0.0,0.0,0.0,0.0,0.0,0.0,0.0,0.0,0.0
EMP030,2026-03-11,0.0,0.0,0.0,0.0,0.0,0.0,0.0,0.0,0.0,0.0
EMP030,2026-03-12,0.0,0.0,0.0,0.0,0.0,0.0,0.0,0.0,0.0,0.0
EMP030,2026-03-13,0.0,0.0,0.0,0.0,0.0,0.0,0.0,0.0,0.0,0.0
EMP030,2026-03-14,0.0,0.0,0.0,0.0,0.0,0.0,0.0,0.0,0.0,0.0
EMP030,2026-03-15,0.0,0.0,0.0,0.0,0.0,0.0,0.0,0.0,0.0,0.0
EMP030,2026-03-16,0.0,0.0,0.0,0.0,0.0,0.0,0.0,0.0,0.0,0.0
EMP030,2026-03-17,0.0,0.0,0.0,0.0,0.0,0.0,0.0,0.0,0.0,0.0
EMP030,2026-03-18,0.0,0.0,0.0,0.0,0.0,0.0,0.0,0.0,0.0,0.0
EMP030,2026-03-19,0.0,0.0,0.0,0.0,0.0,0.0,0.0,0.0,0.0,0.0
EMP030,2026-03-20,0.0,0.0,0.0,0.0,0.0,0.0,0.0,0.0,0.0,0.0
EMP030,2026-03-21,0.0,0.0,0.0,0.0,0.0,0.0,0.0,0.0,0.0,0.0
EMP030,2026-03-22,0.0,0.0,0.0,0.0,0.0,0.0,0.0,0.0,0.0,0.0
EMP030,2026-03-23,0.0,0.0,0.0,0.0,0.0,0.0,0.0,0.0,0.0,0.0
EMP030,2026-03-24,0.0,0.0,0.0,0.0,0.0,0.0,0.0,0.0,0.0,0.0
EMP030,2026-03-25,0.0,0.0,0.0,0.0,0.0,0.0,0.0,0.0,0.0,0.0
EMP030,2026-03-26,0.0,0.0,0.0,0.0,0.0,0.0,0.0,0.0,0.0,0.0
EMP030,2026-03-27,0.0,0.0,0.0,0.0,0.0,0.0,0.0,0.0,0.0,0.0
EMP030,2026-03-28,0.0,0.0,0.0,0.0,0.0,0.0,0.0,0.0,0.0,0.0
EMP030,2026-03-29,0.0,0.0,0.0,0.0,0.0,0.0,0.0,0.0,0.0,0.0
EMP030,2026-03-30,0.0,0.0,0.0,0.0,0.0,0.0,0.0,0.0,0.0,0.0
EMP030,2026-03-31,0.0,0.0,0.0,0.0,0.0,0.0,0.0,0.0,0.0,0.0
EMP031,2026-01-01,0.0,0.0,0.0,0.0,0.0,0.0,0.0,0.0,0.0,0.0
EMP031,2026-01-02,0.0,0.0,0.0,0.0,0.0,0.0,0.0,0.0,0.0,0.0
EMP031,2026-01-03,0.0,0.0,0.0,0.0,0.0,0.0,0.0,0.0,0.0,0.0
EMP031,2026-01-04,0.0,0.0,0.0,0.0,0.0,0.0,0.0,0.0,0.0,0.0
EMP031,2026-01-05,0.0,0.0,0.0,0.0,0.0,0.0,0.0,0.0,0.0,0.0
EMP031,2026-01-06,0.0,0.0,0.0,0.0,0.0,0.0,0.0,0.0,0.0,0.0
EMP031,2026-01-07,0.0,0.0,0.0,0.0,0.0,0.0,0.0,0.0,0.0,0.0
EMP031,2026-01-08,0.0,0.0,0.0,0.0,0.0,0.0,0.0,0.0,0.0,0.0
EMP031,2026-01-09,0.0,0.0,0.0,0.0,0.0,0.0,0.0,0.0,0.0,0.0
EMP031,2026-01-10,0.0,0.0,0.0,0.0,0.0,0.0,0.0,0.0,0.0,0.0
EMP031,2026-01-11,0.0,0.0,0.0,0.0,0.0,0.0,0.0,0.0,0.0,0.0
EMP031,2026-01-12,0.0,0.0,0.0,0.0,0.0,0.0,0.0,0.0,0.0,0.0
EMP031,2026-01-13,0.0,0.0,0.0,0.0,0.0,0.0,0.0,0.0,0.0,0.0
EMP031,2026-01-14,0.0,0.0,0.0,0.0,0.0,0.0,0.0,0.0,0.0,0.0
EMP031,2026-01-15,0.0,0.0,0.0,0.0,0.0,0.0,0.0,0.0,0.0,0.0
EMP031,2026-01-16,0.0,0.0,0.0,0.0,0.0,0.0,0.0,0.0,0.0,0.0
EMP031,2026-01-17,0.0,0.0,0.0,0.0,0.0,0.0,0.0,0.0,0.0,0.0
EMP031,2026-01-18,0.0,0.0,0.0,0.0,0.0,0.0,0.0,0.0,0.0,0.0
EMP031,2026-01-19,0.0,0.0,0.0,0.0,0.0,0.0,0.0,0.0,0.0,0.0
EMP031,2026-01-20,0.0,0.0,0.0,0.0,0.0,0.0,0.0,0.0,0.0,0.0
EMP031,2026-01-21,0.0,0.0,0.0,0.0,0.0,0.0,0.0,0.0,0.0,0.0
EMP031,2026-01-22,0.0,0.0,0.0,0.0,0.0,0.0,0.0,0.0,0.0,0.0
EMP031,2026-01-23,0.0,0.0,0.0,0.0,0.0,0.0,0.0,0.0,0.0,0.0
EMP031,2026-01-24,0.0,0.0,0.0,0.0,0.0,0.0,0.0,0.0,0.0,0.0
EMP031,2026-01-25,0.0,0.0,0.0,0.0,0.0,0.0,0.0,0.0,0.0,0.0
EMP031,2026-01-26,0.0,0.0,0.0,0.0,0.0,0.0,0.0,0.0,0.0,0.0
EMP031,2026-01-27,0.0,0.0,0.0,0.0,0.0,0.0,0.0,0.0,0.0,0.0
EMP031,2026-01-28,0.0,0.0,0.0,0.0,0.0,0.0,0.0,0.0,0.0,0.0
EMP031,2026-01-29,0.0,0.0,0.0,0.0,0.0,0.0,0.0,0.0,0.0,0.0
EMP031,2026-01-30,0.0,0.0,0.0,0.0,0.0,0.0,0.0,0.0,0.0,0.0
EMP031,2026-01-31,0.0,0.0,0.0,0.0,0.0,0.0,0.0,0.0,0.0,0.0
EMP031,2026-02-01,0.0,0.0,0.0,0.0,0.0,0.0,0.0,0.0,0.0,0.0
EMP031,2026-02-02,0.0,0.0,0.0,0.0,0.0,0.0,0.0,0.0,0.0,0.0
EMP031,2026-02-03,0.0,0.0,0.0,0.0,0.0,0.0,0.0,0.0,0.0,0.0
EMP031,2026-02-04,0.0,0.0,0.0,0.0,0.0,0.0,0.0,0.0,0.0,0.0
EMP031,2026-02-05,0.0,0.0,0.0,0.0,0.0,0.0,0.0,0.0,0.0,0.0
EMP031,2026-02-06,0.0,0.0,0.0,0.0,0.0,0.0,0.0,0.0,0.0,0.0
EMP031,2026-02-07,0.0,0.0,0.0,0.0,0.0,0.0,0.0,0.0,0.0,0.0
EMP031,2026-02-08,0.0,0.0,0.0,0.0,0.0,0.0,0.0,0.0,0.0,0.0
EMP031,2026-02-09,0.0,0.0,0.0,0.0,0.0,0.0,0.0,0.0,0.0,0.0
EMP031,2026-02-10,0.0,0.0,0.0,0.0,0.0,0.0,0.0,0.0,0.0,0.0
EMP031,2026-02-11,0.0,0.0,0.0,0.0,0.0,0.0,0.0,0.0,0.0,0.0
EMP031,2026-02-12,0.0,0.0,0.0,0.0,0.0,0.0,0.0,0.0,0.0,0.0
EMP031,2026-02-13,0.0,0.0,0.0,0.0,0.0,0.0,0.0,0.0,0.0,0.0
EMP031,2026-02-14,0.0,0.0,0.0,0.0,0.0,0.0,0.0,0.0,0.0,0.0
EMP031,2026-02-15,0.0,0.0,0.0,0.0,0.0,0.0,0.0,0.0,0.0,0.0
EMP031,2026-02-16,0.0,0.0,0.0,0.0,0.0,0.0,0.0,0.0,0.0,0.0
EMP031,2026-02-17,0.0,0.0,0.0,0.0,0.0,0.0,0.0,0.0,0.0,0.0
EMP031,2026-02-18,0.0,0.0,0.0,0.0,0.0,0.0,0.0,0.0,0.0,0.0
EMP031,2026-02-19,0.0,0.0,0.0,0.0,0.0,0.0,0.0,0.0,0.0,0.0
EMP031,2026-02-20,0.0,0.0,0.0,0.0,0.0,0.0,0.0,0.0,0.0,0.0
EMP031,2026-02-21,0.0,0.0,0.0,0.0,0.0,0.0,0.0,0.0,0.0,0.0
EMP031,2026-02-22,0.0,0.0,0.0,0.0,0.0,0.0,0.0,0.0,0.0,0.0
EMP031,2026-02-23,0.0,0.0,0.0,0.0,0.0,0.0,0.0,0.0,0.0,0.0
EMP031,2026-02-24,0.0,0.0,0.0,0.0,0.0,0.0,0.0,0.0,0.0,0.0
EMP031,2026-02-25,0.0,0.0,0.0,0.0,0.0,0.0,0.0,0.0,0.0,0.0
EMP031,2026-02-26,0.0,0.0,0.0,0.0,0.0,0.0,0.0,0.0,0.0,0.0
EMP031,2026-02-27,0.0,0.0,0.0,0.0,0.0,0.0,0.0,0.0,0.0,0.0
EMP031,2026-02-28,0.0,0.0,0.0,0.0,0.0,0.0,0.0,0.0,0.0,0.0
EMP031,2026-03-01,0.0,0.0,0.0,0.0,0.0,0.0,0.0,0.0,0.0,0.0
EMP031,2026-03-02,0.0,0.0,0.0,0.0,0.0,0.0,0.0,0.0,0.0,0.0
EMP031,2026-03-03,0.0,0.0,0.0,0.0,0.0,0.0,0.0,0.0,0.0,0.0
EMP031,2026-03-04,0.0,0.0,0.0,0.0,0.0,0.0,0.0,0.0,0.0,0.0
EMP031,2026-03-05,0.0,0.0,0.0,0.0,0.0,0.0,0.0,0.0,0.0,0.0
EMP031,2026-03-06,0.0,0.0,0.0,0.0,0.0,0.0,0.0,0.0,0.0,0.0
EMP031,2026-03-07,0.0,0.0,0.0,0.0,0.0,0.0,0.0,0.0,0.0,0.0
EMP031,2026-03-08,0.0,0.0,0.0,0.0,0.0,0.0,0.0,0.0,0.0,0.0
EMP031,2026-03-09,0.0,0.0,0.0,0.0,0.0,0.0,0.0,0.0,0.0,0.0
EMP031,2026-03-10,0.0,0.0,0.0,0.0,0.0,0.0,0.0,0.0,0.0,0.0
EMP031,2026-03-11,0.0,0.0,0.0,0.0,0.0,0.0,0.0,0.0,0.0,0.0
EMP031,2026-03-12,0.0,0.0,0.0,0.0,0.0,0.0,0.0,0.0,0.0,0.0
EMP031,2026-03-13,0.0,0.0,0.0,0.0,0.0,0.0,0.0,0.0,0.0,0.0
EMP031,2026-03-14,0.0,0.0,0.0,0.0,0.0,0.0,0.0,0.0,0.0,0.0
EMP031,2026-03-15,0.0,0.0,0.0,0.0,0.0,0.0,0.0,0.0,0.0,0.0
EMP031,2026-03-16,0.0,0.0,0.0,0.0,0.0,0.0,0.0,0.0,0.0,0.0
EMP031,2026-03-17,0.0,0.0,0.0,0.0,0.0,0.0,0.0,0.0,0.0,0.0
EMP031,2026-03-18,0.0,0.0,0.0,0.0,0.0,0.0,0.0,0.0,0.0,0.0
EMP031,2026-03-19,0.0,0.0,0.0,0.0,0.0,0.0,0.0,0.0,0.0,0.0
EMP031,2026-03-20,0.0,0.0,0.0,0.0,0.0,0.0,0.0,0.0,0.0,0.0
EMP031,2026-03-21,0.0,0.0,0.0,0.0,0.0,0.0,0.0,0.0,0.0,0.0
EMP031,2026-03-22,0.0,0.0,0.0,0.0,0.0,0.0,0.0,0.0,0.0,0.0
EMP031,2026-03-23,0.0,0.0,0.0,0.0,0.0,0.0,0.0,0.0,0.0,0.0
EMP031,2026-03-24,0.0,0.0,0.0,0.0,0.0,0.0,0.0,0.0,0.0,0.0
EMP031,2026-03-25,0.0,0.0,0.0,0.0,0.0,0.0,0.0,0.0,0.0,0.0
EMP031,2026-03-26,0.0,0.0,0.0,0.0,0.0,0.0,0.0,0.0,0.0,0.0
EMP031,2026-03-27,0.0,0.0,0.0,0.0,0.0,0.0,0.0,0.0,0.0,0.0
EMP031,2026-03-28,0.0,0.0,0.0,0.0,0.0,0.0,0.0,0.0,0.0,0.0
EMP031,2026-03-29,0.0,0.0,0.0,0.0,0.0,0.0,0.0,0.0,0.0,0.0
EMP031,2026-03-30,0.0,0.0,0.0,0.0,0.0,0.0,0.0,0.0,0.0,0.0
EMP031,2026-03-31,0.0,0.0,0.0,0.0,0.0,0.0,0.0,0.0,0.0,0.0
EMP032,2026-01-01,0.0,0.0,0.0,0.0,0.0,0.0,0.0,0.0,0.0,0.0
EMP032,2026-01-02,0.0,0.0,0.0,0.0,0.0,0.0,0.0,0.0,0.0,0.0
EMP032,2026-01-03,0.0,0.0,0.0,0.0,0.0,0.0,0.0,0.0,0.0,0.0
EMP032,2026-01-04,0.0,0.0,0.0,0.0,0.0,0.0,0.0,0.0,0.0,0.0
EMP032,2026-01-05,0.0,0.0,0.0,0.0,0.0,0.0,0.0,0.0,0.0,0.0
EMP032,2026-01-06,0.0,0.0,0.0,0.0,0.0,0.0,0.0,0.0,0.0,0.0
EMP032,2026-01-07,0.0,0.0,0.0,0.0,0.0,0.0,0.0,0.0,0.0,0.0
EMP032,2026-01-08,0.0,0.0,0.0,0.0,0.0,0.0,0.0,0.0,0.0,0.0
EMP032,2026-01-09,0.0,0.0,0.0,0.0,0.0,0.0,0.0,0.0,0.0,0.0
EMP032,2026-01-10,0.0,0.0,0.0,0.0,0.0,0.0,0.0,0.0,0.0,0.0
EMP032,2026-01-11,0.0,0.0,0.0,0.0,0.0,0.0,0.0,0.0,0.0,0.0
EMP032,2026-01-12,0.0,0.0,0.0,0.0,0.0,0.0,0.0,0.0,0.0,0.0
EMP032,2026-01-13,0.0,0.0,0.0,0.0,0.0,0.0,0.0,0.0,0.0,0.0
EMP032,2026-01-14,0.0,0.0,0.0,0.0,0.0,0.0,0.0,0.0,0.0,0.0
EMP032,2026-01-15,0.0,0.0,0.0,0.0,0.0,0.0,0.0,0.0,0.0,0.0
EMP032,2026-01-16,0.0,0.0,0.0,0.0,0.0,0.0,0.0,0.0,0.0,0.0
EMP032,2026-01-17,0.0,0.0,0.0,0.0,0.0,0.0,0.0,0.0,0.0,0.0
EMP032,2026-01-18,0.0,0.0,0.0,0.0,0.0,0.0,0.0,0.0,0.0,0.0
EMP032,2026-01-19,0.0,0.0,0.0,0.0,0.0,0.0,0.0,0.0,0.0,0.0
EMP032,2026-01-20,0.0,0.0,0.0,0.0,0.0,0.0,0.0,0.0,0.0,0.0
EMP032,2026-01-21,0.0,0.0,0.0,0.0,0.0,0.0,0.0,0.0,0.0,0.0
EMP032,2026-01-22,0.0,0.0,0.0,0.0,0.0,0.0,0.0,0.0,0.0,0.0
EMP032,2026-01-23,0.0,0.0,0.0,0.0,0.0,0.0,0.0,0.0,0.0,0.0
EMP032,2026-01-24,0.0,0.0,0.0,0.0,0.0,0.0,0.0,0.0,0.0,0.0
EMP032,2026-01-25,0.0,0.0,0.0,0.0,0.0,0.0,0.0,0.0,0.0,0.0
EMP032,2026-01-26,0.0,0.0,0.0,0.0,0.0,0.0,0.0,0.0,0.0,0.0
EMP032,2026-01-27,0.0,0.0,0.0,0.0,0.0,0.0,0.0,0.0,0.0,0.0
EMP032,2026-01-28,0.0,0.0,0.0,0.0,0.0,0.0,0.0,0.0,0.0,0.0
EMP032,2026-01-29,0.0,0.0,0.0,0.0,0.0,0.0,0.0,0.0,0.0,0.0
EMP032,2026-01-30,0.0,0.0,0.0,0.0,0.0,0.0,0.0,0.0,0.0,0.0
EMP032,2026-01-31,0.0,0.0,0.0,0.0,0.0,0.0,0.0,0.0,0.0,0.0
EMP032,2026-02-01,0.0,0.0,0.0,0.0,0.0,0.0,0.0,0.0,0.0,0.0
EMP032,2026-02-02,0.0,0.0,0.0,0.0,0.0,0.0,0.0,0.0,0.0,0.0
EMP032,2026-02-03,0.0,0.0,0.0,0.0,0.0,0.0,0.0,0.0,0.0,0.0
EMP032,2026-02-04,0.0,0.0,0.0,0.0,0.0,0.0,0.0,0.0,0.0,0.0
EMP032,2026-02-05,0.0,0.0,0.0,0.0,0.0,0.0,0.0,0.0,0.0,0.0
EMP032,2026-02-06,0.0,0.0,0.0,0.0,0.0,0.0,0.0,0.0,0.0,0.0
EMP032,2026-02-07,0.0,0.0,0.0,0.0,0.0,0.0,0.0,0.0,0.0,0.0
EMP032,2026-02-08,0.0,0.0,0.0,0.0,0.0,0.0,0.0,0.0,0.0,0.0
EMP032,2026-02-09,0.0,0.0,0.0,0.0,0.0,0.0,0.0,0.0,0.0,0.0
EMP032,2026-02-10,0.0,0.0,0.0,0.0,0.0,0.0,0.0,0.0,0.0,0.0
EMP032,2026-02-11,0.0,0.0,0.0,0.0,0.0,0.0,0.0,0.0,0.0,0.0
EMP032,2026-02-12,0.0,0.0,0.0,0.0,0.0,0.0,0.0,0.0,0.0,0.0
EMP032,2026-02-13,0.0,0.0,0.0,0.0,0.0,0.0,0.0,0.0,0.0,0.0
EMP032,2026-02-14,0.0,0.0,0.0,0.0,0.0,0.0,0.0,0.0,0.0,0.0
EMP032,2026-02-15,0.0,0.0,0.0,0.0,0.0,0.0,0.0,0.0,0.0,0.0
EMP032,2026-02-16,0.0,0.0,0.0,0.0,0.0,0.0,0.0,0.0,0.0,0.0
EMP032,2026-02-17,0.0,0.0,0.0,0.0,0.0,0.0,0.0,0.0,0.0,0.0
EMP032,2026-02-18,0.0,0.0,0.0,0.0,0.0,0.0,0.0,0.0,0.0,0.0
EMP032,2026-02-19,0.0,0.0,0.0,0.0,0.0,0.0,0.0,0.0,0.0,0.0
EMP032,2026-02-20,0.0,0.0,0.0,0.0,0.0,0.0,0.0,0.0,0.0,0.0
EMP032,2026-02-21,0.0,0.0,0.0,0.0,0.0,0.0,0.0,0.0,0.0,0.0
EMP032,2026-02-22,0.0,0.0,0.0,0.0,0.0,0.0,0.0,0.0,0.0,0.0
EMP032,2026-02-23,0.0,0.0,0.0,0.0,0.0,0.0,0.0,0.0,0.0,0.0
EMP032,2026-02-24,0.0,0.0,0.0,0.0,0.0,0.0,0.0,0.0,0.0,0.0
EMP032,2026-02-25,0.0,0.0,0.0,0.0,0.0,0.0,0.0,0.0,0.0,0.0
EMP032,2026-02-26,0.0,0.0,0.0,0.0,0.0,0.0,0.0,0.0,0.0,0.0
EMP032,2026-02-27,0.0,0.0,0.0,0.0,0.0,0.0,0.0,0.0,0.0,0.0
EMP032,2026-02-28,0.0,0.0,0.0,0.0,0.0,0.0,0.0,0.0,0.0,0.0
EMP032,2026-03-01,0.0,0.0,0.0,0.0,0.0,0.0,0.0,0.0,0.0,0.0
EMP032,2026-03-02,0.0,0.0,0.0,0.0,0.0,0.0,0.0,0.0,0.0,0.0
EMP032,2026-03-03,0.0,0.0,0.0,0.0,0.0,0.0,0.0,0.0,0.0,0.0
EMP032,2026-03-04,0.0,0.0,0.0,0.0,0.0,0.0,0.0,0.0,0.0,0.0
EMP032,2026-03-05,0.0,0.0,0.0,0.0,0.0,0.0,0.0,0.0,0.0,0.0
EMP032,2026-03-06,0.0,0.0,0.0,0.0,0.0,0.0,0.0,0.0,0.0,0.0
EMP032,2026-03-07,0.0,0.0,0.0,0.0,0.0,0.0,0.0,0.0,0.0,0.0
EMP032,2026-03-08,0.0,0.0,0.0,0.0,0.0,0.0,0.0,0.0,0.0,0.0
EMP032,2026-03-09,0.0,0.0,0.0,0.0,0.0,0.0,0.0,0.0,0.0,0.0
EMP032,2026-03-10,0.0,0.0,0.0,0.0,0.0,0.0,0.0,0.0,0.0,0.0
EMP032,2026-03-11,0.0,0.0,0.0,0.0,0.0,0.0,0.0,0.0,0.0,0.0
EMP032,2026-03-12,0.0,0.0,0.0,0.0,0.0,0.0,0.0,0.0,0.0,0.0
EMP032,2026-03-13,0.0,0.0,0.0,0.0,0.0,0.0,0.0,0.0,0.0,0.0
EMP032,2026-03-14,0.0,0.0,0.0,0.0,0.0,0.0,0.0,0.0,0.0,0.0
EMP032,2026-03-15,0.0,0.0,0.0,0.0,0.0,0.0,0.0,0.0,0.0,0.0
EMP032,2026-03-16,0.0,0.0,0.0,0.0,0.0,0.0,0.0,0.0,0.0,0.0
EMP032,2026-03-17,0.0,0.0,0.0,0.0,0.0,0.0,0.0,0.0,0.0,0.0
EMP032,2026-03-18,0.0,0.0,0.0,0.0,0.0,0.0,0.0,0.0,0.0,0.0
EMP032,2026-03-19,0.0,0.0,0.0,0.0,0.0,0.0,0.0,0.0,0.0,0.0
EMP032,2026-03-20,0.0,0.0,0.0,0.0,0.0,0.0,0.0,0.0,0.0,0.0
EMP032,2026-03-21,0.0,0.0,0.0,0.0,0.0,0.0,0.0,0.0,0.0,0.0
EMP032,2026-03-22,0.0,0.0,0.0,0.0,0.0,0.0,0.0,0.0,0.0,0.0
EMP032,2026-03-23,0.0,0.0,0.0,0.0,0.0,0.0,0.0,0.0,0.0,0.0
EMP032,2026-03-24,0.0,0.0,0.0,0.0,0.0,0.0,0.0,0.0,0.0,0.0
EMP032,2026-03-25,0.0,0.0,0.0,0.0,0.0,0.0,0.0,0.0,0.0,0.0
EMP032,2026-03-26,0.0,0.0,0.0,0.0,0.0,0.0,0.0,0.0,0.0,0.0
EMP032,2026-03-27,0.0,0.0,0.0,0.0,0.0,0.0,0.0,0.0,0.0,0.0
EMP032,2026-03-28,0.0,0.0,0.0,0.0,0.0,0.0,0.0,0.0,0.0,0.0
EMP032,2026-03-29,0.0,0.0,0.0,0.0,0.0,0.0,0.0,0.0,0.0,0.0
EMP032,2026-03-30,0.0,0.0,0.0,0.0,0.0,0.0,0.0,0.0,0.0,0.0
EMP032,2026-03-31,0.0,0.0,0.0,0.0,0.0,0.0,0.0,0.0,0.0,0.0
EMP033,2026-01-01,0.0,0.0,0.0,0.0,0.0,0.0,0.0,0.0,0.0,0.0
EMP033,2026-01-02,0.0,0.0,0.0,0.0,0.0,0.0,0.0,0.0,0.0,0.0
EMP033,2026-01-03,0.0,0.0,0.0,0.0,0.0,0.0,0.0,0.0,0.0,0.0
EMP033,2026-01-04,0.0,0.0,0.0,0.0,0.0,0.0,0.0,0.0,0.0,0.0
EMP033,2026-01-05,0.0,0.0,0.0,0.0,0.0,0.0,0.0,0.0,0.0,0.0
EMP033,2026-01-06,0.0,0.0,0.0,0.0,0.0,0.0,0.0,0.0,0.0,0.0
EMP033,2026-01-07,0.0,0.0,0.0,0.0,0.0,0.0,0.0,0.0,0.0,0.0
EMP033,2026-01-08,0.0,0.0,0.0,0.0,0.0,0.0,0.0,0.0,0.0,0.0
EMP033,2026-01-09,0.0,0.0,0.0,0.0,0.0,0.0,0.0,0.0,0.0,0.0
EMP033,2026-01-10,0.0,0.0,0.0,0.0,0.0,0.0,0.0,0.0,0.0,0.0
EMP033,2026-01-11,0.0,0.0,0.0,0.0,0.0,0.0,0.0,0.0,0.0,0.0
EMP033,2026-01-12,0.0,0.0,0.0,0.0,0.0,0.0,0.0,0.0,0.0,0.0
EMP033,2026-01-13,0.0,0.0,0.0,0.0,0.0,0.0,0.0,0.0,0.0,0.0
EMP033,2026-01-14,0.0,0.0,0.0,0.0,0.0,0.0,0.0,0.0,0.0,0.0
EMP033,2026-01-15,0.0,0.0,0.0,0.0,0.0,0.0,0.0,0.0,0.0,0.0
EMP033,2026-01-16,0.0,0.0,0.0,0.0,0.0,0.0,0.0,0.0,0.0,0.0
EMP033,2026-01-17,0.0,0.0,0.0,0.0,0.0,0.0,0.0,0.0,0.0,0.0
EMP033,2026-01-18,0.0,0.0,0.0,0.0,0.0,0.0,0.0,0.0,0.0,0.0
EMP033,2026-01-19,0.0,0.0,0.0,0.0,0.0,0.0,0.0,0.0,0.0,0.0
EMP033,2026-01-20,0.0,0.0,0.0,0.0,0.0,0.0,0.0,0.0,0.0,0.0
EMP033,2026-01-21,0.0,0.0,0.0,0.0,0.0,0.0,0.0,0.0,0.0,0.0
EMP033,2026-01-22,0.0,0.0,0.0,0.0,0.0,0.0,0.0,0.0,0.0,0.0
EMP033,2026-01-23,0.0,0.0,0.0,0.0,0.0,0.0,0.0,0.0,0.0,0.0
EMP033,2026-01-24,0.0,0.0,0.0,0.0,0.0,0.0,0.0,0.0,0.0,0.0
EMP033,2026-01-25,0.0,0.0,0.0,0.0,0.0,0.0,0.0,0.0,0.0,0.0
EMP033,2026-01-26,0.0,0.0,0.0,0.0,0.0,0.0,0.0,0.0,0.0,0.0
EMP033,2026-01-27,0.0,0.0,0.0,0.0,0.0,0.0,0.0,0.0,0.0,0.0
EMP033,2026-01-28,0.0,0.0,0.0,0.0,0.0,0.0,0.0,0.0,0.0,0.0
EMP033,2026-01-29,0.0,0.0,0.0,0.0,0.0,0.0,0.0,0.0,0.0,0.0
EMP033,2026-01-30,0.0,0.0,0.0,0.0,0.0,0.0,0.0,0.0,0.0,0.0
EMP033,2026-01-31,0.0,0.0,0.0,0.0,0.0,0.0,0.0,0.0,0.0,0.0
EMP033,2026-02-01,0.0,0.0,0.0,0.0,0.0,0.0,0.0,0.0,0.0,0.0
EMP033,2026-02-02,0.0,0.0,0.0,0.0,0.0,0.0,0.0,0.0,0.0,0.0
EMP033,2026-02-03,0.0,0.0,0.0,0.0,0.0,0.0,0.0,0.0,0.0,0.0
EMP033,2026-02-04,0.0,0.0,0.0,0.0,0.0,0.0,0.0,0.0,0.0,0.0
EMP033,2026-02-05,0.0,0.0,0.0,0.0,0.0,0.0,0.0,0.0,0.0,0.0
EMP033,2026-02-06,0.0,0.0,0.0,0.0,0.0,0.0,0.0,0.0,0.0,0.0
EMP033,2026-02-07,0.0,0.0,0.0,0.0,0.0,0.0,0.0,0.0,0.0,0.0
EMP033,2026-02-08,0.0,0.0,0.0,0.0,0.0,0.0,0.0,0.0,0.0,0.0
EMP033,2026-02-09,0.0,0.0,0.0,0.0,0.0,0.0,0.0,0.0,0.0,0.0
EMP033,2026-02-10,0.0,0.0,0.0,0.0,0.0,0.0,0.0,0.0,0.0,0.0
EMP033,2026-02-11,0.0,0.0,0.0,0.0,0.0,0.0,0.0,0.0,0.0,0.0
EMP033,2026-02-12,0.0,0.0,0.0,0.0,0.0,0.0,0.0,0.0,0.0,0.0
EMP033,2026-02-13,0.0,0.0,0.0,0.0,0.0,0.0,0.0,0.0,0.0,0.0
EMP033,2026-02-14,0.0,0.0,0.0,0.0,0.0,0.0,0.0,0.0,0.0,0.0
EMP033,2026-02-15,0.0,0.0,0.0,0.0,0.0,0.0,0.0,0.0,0.0,0.0
EMP033,2026-02-16,0.0,0.0,0.0,0.0,0.0,0.0,0.0,0.0,0.0,0.0
EMP033,2026-02-17,4.29,2.14,1.0,0.6,0.63,10.5,5.39,0.1935,0.1161,0.1226
EMP033,2026-02-18,8.0,4.0,1.87,1.7,1.17,12.69,7.0,0.3479,0.321,0.2174
EMP033,2026-02-19,11.43,5.71,2.67,2.37,1.77,13.3,8.04,0.4779,0.4274,0.3179
EMP033,2026-02-20,15.29,7.64,3.57,3.23,2.4,13.34,9.13,0.6165,0.5635,0.4169
EMP033,2026-02-21,20.86,10.43,4.87,4.17,2.8,13.92,11.09,0.8205,0.701,0.4623
EMP033,2026-02-22,22.0,11.0,5.13,4.6,3.0,12.41,11.07,0.8071,0.7293,0.4636
EMP033,2026-02-23,22.0,11.0,5.13,4.6,3.0,12.41,11.07,0.7386,0.6679,0.4236
EMP033,2026-02-24,21.43,12.86,6.0,5.53,3.53,12.12,11.64,0.8378,0.7871,0.4868
EMP033,2026-02-25,17.71,12.86,6.0,5.53,3.53,13.99,11.64,0.7577,0.7132,0.4396
EMP033,2026-02-26,17.71,14.57,6.8,6.5,3.8,13.99,12.01,0.8325,0.8265,0.444
EMP033,2026-02-27,17.86,16.57,7.73,7.27,4.23,14.09,12.53,0.9224,0.8881,0.4772
EMP033,2026-02-28,16.86,18.86,8.8,8.37,4.63,12.73,13.17,1.0256,1.004,0.4981
EMP033,2026-03-01,19.43,20.71,9.67,8.83,4.73,12.5,13.41,1.0759,0.9826,0.4556
EMP033,2026-03-02,19.43,20.71,9.67,8.83,4.73,12.5,13.41,0.9468,0.8647,0.3924
EMP033,2026-03-03,15.71,18.57,9.67,8.83,4.73,13.79,13.41,0.8178,0.7468,0.3293
EMP033,2026-03-04,20.71,19.21,10.83,10.3,5.4,13.53,14.03,0.9146,0.9128,0.3951
EMP033,2026-03-05,20.71,19.21,11.63,10.8,5.77,13.53,14.07,0.9248,0.8721,0.394
EMP033,2026-03-06,20.57,19.21,12.53,11.77,6.1,13.46,14.17,0.9437,0.915,0.3815
EMP033,2026-03-07,20.0,18.43,13.47,12.53,6.9,13.04,14.23,0.9571,0.9063,0.4549
EMP033,2026-03-08,18.14,18.79,13.9,12.77,7.13,12.98,14.01,0.8612,0.7842,0.408
EMP033,2026-03-09,18.14,18.79,13.9,12.77,7.13,12.98,14.01,0.6756,0.6138,0.3128
EMP033,2026-03-10,18.14,16.93,13.9,12.77,7.13,12.98,14.01,0.4901,0.4434,0.2176
EMP033,2026-03-11,19.0,19.86,15.27,13.97,7.43,14.2,14.58,0.5691,0.5052,0.1804
EMP033,2026-03-12,20.14,20.43,16.33,15.1,7.83,14.87,14.59,0.5717,0.5382,0.1586
EMP033,2026-03-13,20.29,20.43,17.27,15.7,8.27,14.94,14.41,0.5344,0.4527,0.1379
EMP033,2026-03-14,22.14,21.07,18.63,16.93,8.57,16.5,14.65,0.5684,0.4819,0.0857
EMP033,2026-03-15,22.0,20.07,19.03,17.23,8.73,16.59,14.3,0.3971,0.3139,0.0036
EMP033,2026-03-16,22.0,20.07,19.03,17.23,8.73,16.59,14.3,0.143,0.0839,-0.113
EMP033,2026-03-17,22.14,20.14,19.07,17.27,8.77,16.4,14.25,-0.1046,-0.1397,-0.2231
EMP033,2026-03-18,20.71,19.86,20.1,18.37,9.43,15.08,13.95,-0.1591,-0.1573,-0.2111
EMP033,2026-03-19,21.29,20.71,20.3,18.57,9.33,15.56,14.14,0.0118,-0.1235,-0.1028
EMP033,2026-03-20,22.0,21.14,20.53,18.2,9.2,15.96,14.28,0.133,-0.0018,-0.0396
EMP033,2026-03-21,19.29,20.71,20.47,18.13,9.27,14.0,14.27,0.1664,0.0093,0.0908
EMP033,2026-03-22,19.57,20.79,20.03,17.53,8.9,13.87,14.27,0.1697,-0.0018,0.1497
EMP033,2026-03-23,19.57,20.79,18.73,16.6,8.5,13.87,14.25,0.1713,-0.0427,0.1137
EMP033,2026-03-24,24.86,23.5,19.73,17.0,9.0,12.79,14.52,0.2216,-0.0133,0.1771
EMP033,2026-03-25,22.14,21.43,20.13,17.43,9.17,13.21,14.13,0.0356,-0.1564,0.0892
EMP033,2026-03-26,26.86,24.07,21.57,18.47,9.9,20.94,16.61,0.3913,0.1846,0.3224
EMP033,2026-03-27,29.86,25.93,23.37,19.87,10.8,23.01,17.1,0.4518,0.2091,0.3644
EMP033,2026-03-28,31.0,25.14,23.57,20.17,11.07,22.78,17.14,0.499,0.3891,0.3786
EMP033,2026-03-29,32.29,25.93,23.4,20.3,10.93,22.03,17.12,0.5259,0.4527,0.3786
EMP033,2026-03-30,32.29,25.93,22.33,19.2,10.53,22.03,17.54,0.4343,0.4093,0.3155
EMP033,2026-03-31,36.86,30.86,23.8,19.93,11.2,25.75,19.51,0.7671,0.4819,0.3439
EMP034,2026-01-01,0.0,0.0,0.0,0.0,0.0,0.0,0.0,0.0,0.0,0.0
EMP034,2026-01-02,0.0,0.0,0.0,0.0,0.0,0.0,0.0,0.0,0.0,0.0
EMP034,2026-01-03,0.0,0.0,0.0,0.0,0.0,0.0,0.0,0.0,0.0,0.0
EMP034,2026-01-04,0.0,0.0,0.0,0.0,0.0,0.0,0.0,0.0,0.0,0.0
EMP034,2026-01-05,0.0,0.0,0.0,0.0,0.0,0.0,0.0,0.0,0.0,0.0
EMP034,2026-01-06,0.0,0.0,0.0,0.0,0.0,0.0,0.0,0.0,0.0,0.0
EMP034,2026-01-07,0.0,0.0,0.0,0.0,0.0,0.0,0.0,0.0,0.0,0.0
EMP034,2026-01-08,0.0,0.0,0.0,0.0,0.0,0.0,0.0,0.0,0.0,0.0
EMP034,2026-01-09,0.0,0.0,0.0,0.0,0.0,0.0,0.0,0.0,0.0,0.0
EMP034,2026-01-10,0.0,0.0,0.0,0.0,0.0,0.0,0.0,0.0,0.0,0.0
EMP034,2026-01-11,0.0,0.0,0.0,0.0,0.0,0.0,0.0,0.0,0.0,0.0
EMP034,2026-01-12,0.0,0.0,0.0,0.0,0.0,0.0,0.0,0.0,0.0,0.0
EMP034,2026-01-13,0.0,0.0,0.0,0.0,0.0,0.0,0.0,0.0,0.0,0.0
EMP034,2026-01-14,0.0,0.0,0.0,0.0,0.0,0.0,0.0,0.0,0.0,0.0
EMP034,2026-01-15,0.0,0.0,0.0,0.0,0.0,0.0,0.0,0.0,0.0,0.0
EMP034,2026-01-16,0.0,0.0,0.0,0.0,0.0,0.0,0.0,0.0,0.0,0.0
EMP034,2026-01-17,0.0,0.0,0.0,0.0,0.0,0.0,0.0,0.0,0.0,0.0
EMP034,2026-01-18,0.0,0.0,0.0,0.0,0.0,0.0,0.0,0.0,0.0,0.0
EMP034,2026-01-19,0.0,0.0,0.0,0.0,0.0,0.0,0.0,0.0,0.0,0.0
EMP034,2026-01-20,0.0,0.0,0.0,0.0,0.0,0.0,0.0,0.0,0.0,0.0
EMP034,2026-01-21,0.0,0.0,0.0,0.0,0.0,0.0,0.0,0.0,0.0,0.0
EMP034,2026-01-22,0.0,0.0,0.0,0.0,0.0,0.0,0.0,0.0,0.0,0.0
EMP034,2026-01-23,0.0,0.0,0.0,0.0,0.0,0.0,0.0,0.0,0.0,0.0
EMP034,2026-01-24,0.0,0.0,0.0,0.0,0.0,0.0,0.0,0.0,0.0,0.0
EMP034,2026-01-25,0.0,0.0,0.0,0.0,0.0,0.0,0.0,0.0,0.0,0.0
EMP034,2026-01-26,0.0,0.0,0.0,0.0,0.0,0.0,0.0,0.0,0.0,0.0
EMP034,2026-01-27,0.0,0.0,0.0,0.0,0.0,0.0,0.0,0.0,0.0,0.0
EMP034,2026-01-28,0.0,0.0,0.0,0.0,0.0,0.0,0.0,0.0,0.0,0.0
EMP034,2026-01-29,0.0,0.0,0.0,0.0,0.0,0.0,0.0,0.0,0.0,0.0
EMP034,2026-01-30,0.0,0.0,0.0,0.0,0.0,0.0,0.0,0.0,0.0,0.0
EMP034,2026-01-31,0.0,0.0,0.0,0.0,0.0,0.0,0.0,0.0,0.0,0.0
EMP034,2026-02-01,0.0,0.0,0.0,0.0,0.0,0.0,0.0,0.0,0.0,0.0
EMP034,2026-02-02,0.0,0.0,0.0,0.0,0.0,0.0,0.0,0.0,0.0,0.0
EMP034,2026-02-03,0.0,0.0,0.0,0.0,0.0,0.0,0.0,0.0,0.0,0.0
EMP034,2026-02-04,0.0,0.0,0.0,0.0,0.0,0.0,0.0,0.0,0.0,0.0
EMP034,2026-02-05,0.0,0.0,0.0,0.0,0.0,0.0,0.0,0.0,0.0,0.0
EMP034,2026-02-06,0.0,0.0,0.0,0.0,0.0,0.0,0.0,0.0,0.0,0.0
EMP034,2026-02-07,0.0,0.0,0.0,0.0,0.0,0.0,0.0,0.0,0.0,0.0
EMP034,2026-02-08,0.0,0.0,0.0,0.0,0.0,0.0,0.0,0.0,0.0,0.0
EMP034,2026-02-09,0.0,0.0,0.0,0.0,0.0,0.0,0.0,0.0,0.0,0.0
EMP034,2026-02-10,0.0,0.0,0.0,0.0,0.0,0.0,0.0,0.0,0.0,0.0
EMP034,2026-02-11,0.0,0.0,0.0,0.0,0.0,0.0,0.0,0.0,0.0,0.0
EMP034,2026-02-12,0.0,0.0,0.0,0.0,0.0,0.0,0.0,0.0,0.0,0.0
EMP034,2026-02-13,0.0,0.0,0.0,0.0,0.0,0.0,0.0,0.0,0.0,0.0
EMP034,2026-02-14,0.0,0.0,0.0,0.0,0.0,0.0,0.0,0.0,0.0,0.0
EMP034,2026-02-15,0.0,0.0,0.0,0.0,0.0,0.0,0.0,0.0,0.0,0.0
EMP034,2026-02-16,0.0,0.0,0.0,0.0,0.0,0.0,0.0,0.0,0.0,0.0
EMP034,2026-02-17,0.0,0.0,0.0,0.0,0.0,0.0,0.0,0.0,0.0,0.0
EMP034,2026-02-18,0.0,0.0,0.0,0.0,0.0,0.0,0.0,0.0,0.0,0.0
EMP034,2026-02-19,0.0,0.0,0.0,0.0,0.0,0.0,0.0,0.0,0.0,0.0
EMP034,2026-02-20,0.0,0.0,0.0,0.0,0.0,0.0,0.0,0.0,0.0,0.0
EMP034,2026-02-21,0.0,0.0,0.0,0.0,0.0,0.0,0.0,0.0,0.0,0.0
EMP034,2026-02-22,0.0,0.0,0.0,0.0,0.0,0.0,0.0,0.0,0.0,0.0
EMP034,2026-02-23,0.0,0.0,0.0,0.0,0.0,0.0,0.0,0.0,0.0,0.0
EMP034,2026-02-24,0.0,0.0,0.0,0.0,0.0,0.0,0.0,0.0,0.0,0.0
EMP034,2026-02-25,0.0,0.0,0.0,0.0,0.0,0.0,0.0,0.0,0.0,0.0
EMP034,2026-02-26,0.0,0.0,0.0,0.0,0.0,0.0,0.0,0.0,0.0,0.0
EMP034,2026-02-27,0.0,0.0,0.0,0.0,0.0,0.0,0.0,0.0,0.0,0.0
EMP034,2026-02-28,0.0,0.0,0.0,0.0,0.0,0.0,0.0,0.0,0.0,0.0
EMP034,2026-03-01,0.0,0.0,0.0,0.0,0.0,0.0,0.0,0.0,0.0,0.0
EMP034,2026-03-02,0.0,0.0,0.0,0.0,0.0,0.0,0.0,0.0,0.0,0.0
EMP034,2026-03-03,0.0,0.0,0.0,0.0,0.0,0.0,0.0,0.0,0.0,0.0
EMP034,2026-03-04,0.0,0.0,0.0,0.0,0.0,0.0,0.0,0.0,0.0,0.0
EMP034,2026-03-05,0.0,0.0,0.0,0.0,0.0,0.0,0.0,0.0,0.0,0.0
EMP034,2026-03-06,0.0,0.0,0.0,0.0,0.0,0.0,0.0,0.0,0.0,0.0
EMP034,2026-03-07,0.0,0.0,0.0,0.0,0.0,0.0,0.0,0.0,0.0,0.0
EMP034,2026-03-08,0.0,0.0,0.0,0.0,0.0,0.0,0.0,0.0,0.0,0.0
EMP034,2026-03-09,0.0,0.0,0.0,0.0,0.0,0.0,0.0,0.0,0.0,0.0
EMP034,2026-03-10,0.0,0.0,0.0,0.0,0.0,0.0,0.0,0.0,0.0,0.0
EMP034,2026-03-11,0.0,0.0,0.0,0.0,0.0,0.0,0.0,0.0,0.0,0.0
EMP034,2026-03-12,0.0,0.0,0.0,0.0,0.0,0.0,0.0,0.0,0.0,0.0
EMP034,2026-03-13,0.0,0.0,0.0,0.0,0.0,0.0,0.0,0.0,0.0,0.0
EMP034,2026-03-14,0.0,0.0,0.0,0.0,0.0,0.0,0.0,0.0,0.0,0.0
EMP034,2026-03-15,0.0,0.0,0.0,0.0,0.0,0.0,0.0,0.0,0.0,0.0
EMP034,2026-03-16,0.0,0.0,0.0,0.0,0.0,0.0,0.0,0.0,0.0,0.0
EMP034,2026-03-17,0.0,0.0,0.0,0.0,0.0,0.0,0.0,0.0,0.0,0.0
EMP034,2026-03-18,0.0,0.0,0.0,0.0,0.0,0.0,0.0,0.0,0.0,0.0
EMP034,2026-03-19,0.0,0.0,0.0,0.0,0.0,0.0,0.0,0.0,0.0,0.0
EMP034,2026-03-20,0.0,0.0,0.0,0.0,0.0,0.0,0.0,0.0,0.0,0.0
EMP034,2026-03-21,0.0,0.0,0.0,0.0,0.0,0.0,0.0,0.0,0.0,0.0
EMP034,2026-03-22,0.0,0.0,0.0,0.0,0.0,0.0,0.0,0.0,0.0,0.0
EMP034,2026-03-23,0.0,0.0,0.0,0.0,0.0,0.0,0.0,0.0,0.0,0.0
EMP034,2026-03-24,0.0,0.0,0.0,0.0,0.0,0.0,0.0,0.0,0.0,0.0
EMP034,2026-03-25,0.0,0.0,0.0,0.0,0.0,0.0,0.0,0.0,0.0,0.0
EMP034,2026-03-26,0.0,0.0,0.0,0.0,0.0,0.0,0.0,0.0,0.0,0.0
EMP034,2026-03-27,0.0,0.0,0.0,0.0,0.0,0.0,0.0,0.0,0.0,0.0
EMP034,2026-03-28,0.0,0.0,0.0,0.0,0.0,0.0,0.0,0.0,0.0,0.0
EMP034,2026-03-29,0.0,0.0,0.0,0.0,0.0,0.0,0.0,0.0,0.0,0.0
EMP034,2026-03-30,0.0,0.0,0.0,0.0,0.0,0.0,0.0,0.0,0.0,0.0
EMP034,2026-03-31,0.0,0.0,0.0,0.0,0.0,0.0,0.0,0.0,0.0,0.0
EMP035,2026-01-01,0.0,0.0,0.0,0.0,0.0,0.0,0.0,0.0,0.0,0.0
EMP035,2026-01-02,0.0,0.0,0.0,0.0,0.0,0.0,0.0,0.0,0.0,0.0
EMP035,2026-01-03,0.0,0.0,0.0,0.0,0.0,0.0,0.0,0.0,0.0,0.0
EMP035,2026-01-04,0.0,0.0,0.0,0.0,0.0,0.0,0.0,0.0,0.0,0.0
EMP035,2026-01-05,0.0,0.0,0.0,0.0,0.0,0.0,0.0,0.0,0.0,0.0
EMP035,2026-01-06,0.0,0.0,0.0,0.0,0.0,0.0,0.0,0.0,0.0,0.0
EMP035,2026-01-07,0.0,0.0,0.0,0.0,0.0,0.0,0.0,0.0,0.0,0.0
EMP035,2026-01-08,0.0,0.0,0.0,0.0,0.0,0.0,0.0,0.0,0.0,0.0
EMP035,2026-01-09,0.0,0.0,0.0,0.0,0.0,0.0,0.0,0.0,0.0,0.0
EMP035,2026-01-10,0.0,0.0,0.0,0.0,0.0,0.0,0.0,0.0,0.0,0.0
EMP035,2026-01-11,0.0,0.0,0.0,0.0,0.0,0.0,0.0,0.0,0.0,0.0
EMP035,2026-01-12,0.0,0.0,0.0,0.0,0.0,0.0,0.0,0.0,0.0,0.0
EMP035,2026-01-13,0.0,0.0,0.0,0.0,0.0,0.0,0.0,0.0,0.0,0.0
EMP035,2026-01-14,0.0,0.0,0.0,0.0,0.0,0.0,0.0,0.0,0.0,0.0
EMP035,2026-01-15,0.0,0.0,0.0,0.0,0.0,0.0,0.0,0.0,0.0,0.0
EMP035,2026-01-16,0.0,0.0,0.0,0.0,0.0,0.0,0.0,0.0,0.0,0.0
EMP035,2026-01-17,0.0,0.0,0.0,0.0,0.0,0.0,0.0,0.0,0.0,0.0
EMP035,2026-01-18,0.0,0.0,0.0,0.0,0.0,0.0,0.0,0.0,0.0,0.0
EMP035,2026-01-19,0.0,0.0,0.0,0.0,0.0,0.0,0.0,0.0,0.0,0.0
EMP035,2026-01-20,0.0,0.0,0.0,0.0,0.0,0.0,0.0,0.0,0.0,0.0
EMP035,2026-01-21,0.0,0.0,0.0,0.0,0.0,0.0,0.0,0.0,0.0,0.0
EMP035,2026-01-22,0.0,0.0,0.0,0.0,0.0,0.0,0.0,0.0,0.0,0.0
EMP035,2026-01-23,0.0,0.0,0.0,0.0,0.0,0.0,0.0,0.0,0.0,0.0
EMP035,2026-01-24,0.0,0.0,0.0,0.0,0.0,0.0,0.0,0.0,0.0,0.0
EMP035,2026-01-25,0.0,0.0,0.0,0.0,0.0,0.0,0.0,0.0,0.0,0.0
EMP035,2026-01-26,0.0,0.0,0.0,0.0,0.0,0.0,0.0,0.0,0.0,0.0
EMP035,2026-01-27,0.0,0.0,0.0,0.0,0.0,0.0,0.0,0.0,0.0,0.0
EMP035,2026-01-28,0.0,0.0,0.0,0.0,0.0,0.0,0.0,0.0,0.0,0.0
EMP035,2026-01-29,0.0,0.0,0.0,0.0,0.0,0.0,0.0,0.0,0.0,0.0
EMP035,2026-01-30,0.0,0.0,0.0,0.0,0.0,0.0,0.0,0.0,0.0,0.0
EMP035,2026-01-31,0.0,0.0,0.0,0.0,0.0,0.0,0.0,0.0,0.0,0.0
EMP035,2026-02-01,0.0,0.0,0.0,0.0,0.0,0.0,0.0,0.0,0.0,0.0
EMP035,2026-02-02,0.0,0.0,0.0,0.0,0.0,0.0,0.0,0.0,0.0,0.0
EMP035,2026-02-03,0.0,0.0,0.0,0.0,0.0,0.0,0.0,0.0,0.0,0.0
EMP035,2026-02-04,0.0,0.0,0.0,0.0,0.0,0.0,0.0,0.0,0.0,0.0
EMP035,2026-02-05,0.0,0.0,0.0,0.0,0.0,0.0,0.0,0.0,0.0,0.0
EMP035,2026-02-06,0.0,0.0,0.0,0.0,0.0,0.0,0.0,0.0,0.0,0.0
EMP035,2026-02-07,0.0,0.0,0.0,0.0,0.0,0.0,0.0,0.0,0.0,0.0
EMP035,2026-02-08,0.0,0.0,0.0,0.0,0.0,0.0,0.0,0.0,0.0,0.0
EMP035,2026-02-09,0.0,0.0,0.0,0.0,0.0,0.0,0.0,0.0,0.0,0.0
EMP035,2026-02-10,0.0,0.0,0.0,0.0,0.0,0.0,0.0,0.0,0.0,0.0
EMP035,2026-02-11,0.0,0.0,0.0,0.0,0.0,0.0,0.0,0.0,0.0,0.0
EMP035,2026-02-12,0.0,0.0,0.0,0.0,0.0,0.0,0.0,0.0,0.0,0.0
EMP035,2026-02-13,0.0,0.0,0.0,0.0,0.0,0.0,0.0,0.0,0.0,0.0
EMP035,2026-02-14,0.0,0.0,0.0,0.0,0.0,0.0,0.0,0.0,0.0,0.0
EMP035,2026-02-15,0.0,0.0,0.0,0.0,0.0,0.0,0.0,0.0,0.0,0.0
EMP035,2026-02-16,0.0,0.0,0.0,0.0,0.0,0.0,0.0,0.0,0.0,0.0
EMP035,2026-02-17,0.0,0.0,0.0,0.0,0.0,0.0,0.0,0.0,0.0,0.0
EMP035,2026-02-18,0.0,0.0,0.0,0.0,0.0,0.0,0.0,0.0,0.0,0.0
EMP035,2026-02-19,0.0,0.0,0.0,0.0,0.0,0.0,0.0,0.0,0.0,0.0
EMP035,2026-02-20,0.0,0.0,0.0,0.0,0.0,0.0,0.0,0.0,0.0,0.0
EMP035,2026-02-21,0.0,0.0,0.0,0.0,0.0,0.0,0.0,0.0,0.0,0.0
EMP035,2026-02-22,0.0,0.0,0.0,0.0,0.0,0.0,0.0,0.0,0.0,0.0
EMP035,2026-02-23,0.0,0.0,0.0,0.0,0.0,0.0,0.0,0.0,0.0,0.0
EMP035,2026-02-24,0.0,0.0,0.0,0.0,0.0,0.0,0.0,0.0,0.0,0.0
EMP035,2026-02-25,0.0,0.0,0.0,0.0,0.0,0.0,0.0,0.0,0.0,0.0
EMP035,2026-02-26,0.0,0.0,0.0,0.0,0.0,0.0,0.0,0.0,0.0,0.0
EMP035,2026-02-27,0.0,0.0,0.0,0.0,0.0,0.0,0.0,0.0,0.0,0.0
EMP035,2026-02-28,0.0,0.0,0.0,0.0,0.0,0.0,0.0,0.0,0.0,0.0
EMP035,2026-03-01,0.0,0.0,0.0,0.0,0.0,0.0,0.0,0.0,0.0,0.0
EMP035,2026-03-02,0.0,0.0,0.0,0.0,0.0,0.0,0.0,0.0,0.0,0.0
EMP035,2026-03-03,0.0,0.0,0.0,0.0,0.0,0.0,0.0,0.0,0.0,0.0
EMP035,2026-03-04,0.0,0.0,0.0,0.0,0.0,0.0,0.0,0.0,0.0,0.0
EMP035,2026-03-05,0.0,0.0,0.0,0.0,0.0,0.0,0.0,0.0,0.0,0.0
EMP035,2026-03-06,0.0,0.0,0.0,0.0,0.0,0.0,0.0,0.0,0.0,0.0
EMP035,2026-03-07,0.0,0.0,0.0,0.0,0.0,0.0,0.0,0.0,0.0,0.0
EMP035,2026-03-08,0.0,0.0,0.0,0.0,0.0,0.0,0.0,0.0,0.0,0.0
EMP035,2026-03-09,0.0,0.0,0.0,0.0,0.0,0.0,0.0,0.0,0.0,0.0
EMP035,2026-03-10,0.0,0.0,0.0,0.0,0.0,0.0,0.0,0.0,0.0,0.0
EMP035,2026-03-11,0.0,0.0,0.0,0.0,0.0,0.0,0.0,0.0,0.0,0.0
EMP035,2026-03-12,0.0,0.0,0.0,0.0,0.0,0.0,0.0,0.0,0.0,0.0
EMP035,2026-03-13,0.0,0.0,0.0,0.0,0.0,0.0,0.0,0.0,0.0,0.0
EMP035,2026-03-14,0.0,0.0,0.0,0.0,0.0,0.0,0.0,0.0,0.0,0.0
EMP035,2026-03-15,0.0,0.0,0.0,0.0,0.0,0.0,0.0,0.0,0.0,0.0
EMP035,2026-03-16,0.0,0.0,0.0,0.0,0.0,0.0,0.0,0.0,0.0,0.0
EMP035,2026-03-17,0.0,0.0,0.0,0.0,0.0,0.0,0.0,0.0,0.0,0.0
EMP035,2026-03-18,0.0,0.0,0.0,0.0,0.0,0.0,0.0,0.0,0.0,0.0
EMP035,2026-03-19,0.0,0.0,0.0,0.0,0.0,0.0,0.0,0.0,0.0,0.0
EMP035,2026-03-20,0.0,0.0,0.0,0.0,0.0,0.0,0.0,0.0,0.0,0.0
EMP035,2026-03-21,0.0,0.0,0.0,0.0,0.0,0.0,0.0,0.0,0.0,0.0
EMP035,2026-03-22,0.0,0.0,0.0,0.0,0.0,0.0,0.0,0.0,0.0,0.0
EMP035,2026-03-23,0.0,0.0,0.0,0.0,0.0,0.0,0.0,0.0,0.0,0.0
EMP035,2026-03-24,0.0,0.0,0.0,0.0,0.0,0.0,0.0,0.0,0.0,0.0
EMP035,2026-03-25,0.0,0.0,0.0,0.0,0.0,0.0,0.0,0.0,0.0,0.0
EMP035,2026-03-26,0.0,0.0,0.0,0.0,0.0,0.0,0.0,0.0,0.0,0.0
EMP035,2026-03-27,0.0,0.0,0.0,0.0,0.0,0.0,0.0,0.0,0.0,0.0
EMP035,2026-03-28,0.0,0.0,0.0,0.0,0.0,0.0,0.0,0.0,0.0,0.0
EMP035,2026-03-29,0.0,0.0,0.0,0.0,0.0,0.0,0.0,0.0,0.0,0.0
EMP035,2026-03-30,0.0,0.0,0.0,0.0,0.0,0.0,0.0,0.0,0.0,0.0
EMP035,2026-03-31,0.0,0.0,0.0,0.0,0.0,0.0,0.0,0.0,0.0,0.0
EMP036,2026-01-01,0.0,0.0,0.0,0.0,0.0,0.0,0.0,0.0,0.0,0.0
EMP036,2026-01-02,0.0,0.0,0.0,0.0,0.0,0.0,0.0,0.0,0.0,0.0
EMP036,2026-01-03,0.0,0.0,0.0,0.0,0.0,0.0,0.0,0.0,0.0,0.0
EMP036,2026-01-04,0.0,0.0,0.0,0.0,0.0,0.0,0.0,0.0,0.0,0.0
EMP036,2026-01-05,0.0,0.0,0.0,0.0,0.0,0.0,0.0,0.0,0.0,0.0
EMP036,2026-01-06,0.0,0.0,0.0,0.0,0.0,0.0,0.0,0.0,0.0,0.0
EMP036,2026-01-07,0.0,0.0,0.0,0.0,0.0,0.0,0.0,0.0,0.0,0.0
EMP036,2026-01-08,0.0,0.0,0.0,0.0,0.0,0.0,0.0,0.0,0.0,0.0
EMP036,2026-01-09,0.0,0.0,0.0,0.0,0.0,0.0,0.0,0.0,0.0,0.0
EMP036,2026-01-10,0.0,0.0,0.0,0.0,0.0,0.0,0.0,0.0,0.0,0.0
EMP036,2026-01-11,0.0,0.0,0.0,0.0,0.0,0.0,0.0,0.0,0.0,0.0
EMP036,2026-01-12,0.0,0.0,0.0,0.0,0.0,0.0,0.0,0.0,0.0,0.0
EMP036,2026-01-13,0.0,0.0,0.0,0.0,0.0,0.0,0.0,0.0,0.0,0.0
EMP036,2026-01-14,0.0,0.0,0.0,0.0,0.0,0.0,0.0,0.0,0.0,0.0
EMP036,2026-01-15,0.0,0.0,0.0,0.0,0.0,0.0,0.0,0.0,0.0,0.0
EMP036,2026-01-16,0.0,0.0,0.0,0.0,0.0,0.0,0.0,0.0,0.0,0.0
EMP036,2026-01-17,0.0,0.0,0.0,0.0,0.0,0.0,0.0,0.0,0.0,0.0
EMP036,2026-01-18,0.0,0.0,0.0,0.0,0.0,0.0,0.0,0.0,0.0,0.0
EMP036,2026-01-19,0.0,0.0,0.0,0.0,0.0,0.0,0.0,0.0,0.0,0.0
EMP036,2026-01-20,0.0,0.0,0.0,0.0,0.0,0.0,0.0,0.0,0.0,0.0
EMP036,2026-01-21,0.0,0.0,0.0,0.0,0.0,0.0,0.0,0.0,0.0,0.0
EMP036,2026-01-22,0.0,0.0,0.0,0.0,0.0,0.0,0.0,0.0,0.0,0.0
EMP036,2026-01-23,0.0,0.0,0.0,0.0,0.0,0.0,0.0,0.0,0.0,0.0
EMP036,2026-01-24,0.0,0.0,0.0,0.0,0.0,0.0,0.0,0.0,0.0,0.0
EMP036,2026-01-25,0.0,0.0,0.0,0.0,0.0,0.0,0.0,0.0,0.0,0.0
EMP036,2026-01-26,0.0,0.0,0.0,0.0,0.0,0.0,0.0,0.0,0.0,0.0
EMP036,2026-01-27,0.0,0.0,0.0,0.0,0.0,0.0,0.0,0.0,0.0,0.0
EMP036,2026-01-28,0.0,0.0,0.0,0.0,0.0,0.0,0.0,0.0,0.0,0.0
EMP036,2026-01-29,0.0,0.0,0.0,0.0,0.0,0.0,0.0,0.0,0.0,0.0
EMP036,2026-01-30,0.0,0.0,0.0,0.0,0.0,0.0,0.0,0.0,0.0,0.0
EMP036,2026-01-31,0.0,0.0,0.0,0.0,0.0,0.0,0.0,0.0,0.0,0.0
EMP036,2026-02-01,0.0,0.0,0.0,0.0,0.0,0.0,0.0,0.0,0.0,0.0
EMP036,2026-02-02,0.0,0.0,0.0,0.0,0.0,0.0,0.0,0.0,0.0,0.0
EMP036,2026-02-03,0.0,0.0,0.0,0.0,0.0,0.0,0.0,0.0,0.0,0.0
EMP036,2026-02-04,0.0,0.0,0.0,0.0,0.0,0.0,0.0,0.0,0.0,0.0
EMP036,2026-02-05,0.0,0.0,0.0,0.0,0.0,0.0,0.0,0.0,0.0,0.0
EMP036,2026-02-06,0.0,0.0,0.0,0.0,0.0,0.0,0.0,0.0,0.0,0.0
EMP036,2026-02-07,0.0,0.0,0.0,0.0,0.0,0.0,0.0,0.0,0.0,0.0
EMP036,2026-02-08,0.0,0.0,0.0,0.0,0.0,0.0,0.0,0.0,0.0,0.0
EMP036,2026-02-09,0.0,0.0,0.0,0.0,0.0,0.0,0.0,0.0,0.0,0.0
EMP036,2026-02-10,0.0,0.0,0.0,0.0,0.0,0.0,0.0,0.0,0.0,0.0
EMP036,2026-02-11,0.0,0.0,0.0,0.0,0.0,0.0,0.0,0.0,0.0,0.0
EMP036,2026-02-12,0.0,0.0,0.0,0.0,0.0,0.0,0.0,0.0,0.0,0.0
EMP036,2026-02-13,0.0,0.0,0.0,0.0,0.0,0.0,0.0,0.0,0.0,0.0
EMP036,2026-02-14,0.0,0.0,0.0,0.0,0.0,0.0,0.0,0.0,0.0,0.0
EMP036,2026-02-15,0.0,0.0,0.0,0.0,0.0,0.0,0.0,0.0,0.0,0.0
EMP036,2026-02-16,0.0,0.0,0.0,0.0,0.0,0.0,0.0,0.0,0.0,0.0
EMP036,2026-02-17,0.0,0.0,0.0,0.0,0.0,0.0,0.0,0.0,0.0,0.0
EMP036,2026-02-18,0.0,0.0,0.0,0.0,0.0,0.0,0.0,0.0,0.0,0.0
EMP036,2026-02-19,0.0,0.0,0.0,0.0,0.0,0.0,0.0,0.0,0.0,0.0
EMP036,2026-02-20,0.0,0.0,0.0,0.0,0.0,0.0,0.0,0.0,0.0,0.0
EMP036,2026-02-21,0.0,0.0,0.0,0.0,0.0,0.0,0.0,0.0,0.0,0.0
EMP036,2026-02-22,0.0,0.0,0.0,0.0,0.0,0.0,0.0,0.0,0.0,0.0
EMP036,2026-02-23,0.0,0.0,0.0,0.0,0.0,0.0,0.0,0.0,0.0,0.0
EMP036,2026-02-24,0.0,0.0,0.0,0.0,0.0,0.0,0.0,0.0,0.0,0.0
EMP036,2026-02-25,0.0,0.0,0.0,0.0,0.0,0.0,0.0,0.0,0.0,0.0
EMP036,2026-02-26,0.0,0.0,0.0,0.0,0.0,0.0,0.0,0.0,0.0,0.0
EMP036,2026-02-27,0.0,0.0,0.0,0.0,0.0,0.0,0.0,0.0,0.0,0.0
EMP036,2026-02-28,0.0,0.0,0.0,0.0,0.0,0.0,0.0,0.0,0.0,0.0
EMP036,2026-03-01,0.0,0.0,0.0,0.0,0.0,0.0,0.0,0.0,0.0,0.0
EMP036,2026-03-02,0.0,0.0,0.0,0.0,0.0,0.0,0.0,0.0,0.0,0.0
EMP036,2026-03-03,0.0,0.0,0.0,0.0,0.0,0.0,0.0,0.0,0.0,0.0
EMP036,2026-03-04,0.0,0.0,0.0,0.0,0.0,0.0,0.0,0.0,0.0,0.0
EMP036,2026-03-05,0.0,0.0,0.0,0.0,0.0,0.0,0.0,0.0,0.0,0.0
EMP036,2026-03-06,0.0,0.0,0.0,0.0,0.0,0.0,0.0,0.0,0.0,0.0
EMP036,2026-03-07,0.0,0.0,0.0,0.0,0.0,0.0,0.0,0.0,0.0,0.0
EMP036,2026-03-08,0.0,0.0,0.0,0.0,0.0,0.0,0.0,0.0,0.0,0.0
EMP036,2026-03-09,0.0,0.0,0.0,0.0,0.0,0.0,0.0,0.0,0.0,0.0
EMP036,2026-03-10,0.0,0.0,0.0,0.0,0.0,0.0,0.0,0.0,0.0,0.0
EMP036,2026-03-11,0.0,0.0,0.0,0.0,0.0,0.0,0.0,0.0,0.0,0.0
EMP036,2026-03-12,0.0,0.0,0.0,0.0,0.0,0.0,0.0,0.0,0.0,0.0
EMP036,2026-03-13,0.0,0.0,0.0,0.0,0.0,0.0,0.0,0.0,0.0,0.0
EMP036,2026-03-14,0.0,0.0,0.0,0.0,0.0,0.0,0.0,0.0,0.0,0.0
EMP036,2026-03-15,0.0,0.0,0.0,0.0,0.0,0.0,0.0,0.0,0.0,0.0
EMP036,2026-03-16,0.0,0.0,0.0,0.0,0.0,0.0,0.0,0.0,0.0,0.0
EMP036,2026-03-17,0.0,0.0,0.0,0.0,0.0,0.0,0.0,0.0,0.0,0.0
EMP036,2026-03-18,0.0,0.0,0.0,0.0,0.0,0.0,0.0,0.0,0.0,0.0
EMP036,2026-03-19,0.0,0.0,0.0,0.0,0.0,0.0,0.0,0.0,0.0,0.0
EMP036,2026-03-20,0.0,0.0,0.0,0.0,0.0,0.0,0.0,0.0,0.0,0.0
EMP036,2026-03-21,0.0,0.0,0.0,0.0,0.0,0.0,0.0,0.0,0.0,0.0
EMP036,2026-03-22,0.0,0.0,0.0,0.0,0.0,0.0,0.0,0.0,0.0,0.0
EMP036,2026-03-23,0.0,0.0,0.0,0.0,0.0,0.0,0.0,0.0,0.0,0.0
EMP036,2026-03-24,0.0,0.0,0.0,0.0,0.0,0.0,0.0,0.0,0.0,0.0
EMP036,2026-03-25,0.0,0.0,0.0,0.0,0.0,0.0,0.0,0.0,0.0,0.0
EMP036,2026-03-26,0.0,0.0,0.0,0.0,0.0,0.0,0.0,0.0,0.0,0.0
EMP036,2026-03-27,0.0,0.0,0.0,0.0,0.0,0.0,0.0,0.0,0.0,0.0
EMP036,2026-03-28,0.0,0.0,0.0,0.0,0.0,0.0,0.0,0.0,0.0,0.0
EMP036,2026-03-29,0.0,0.0,0.0,0.0,0.0,0.0,0.0,0.0,0.0,0.0
EMP036,2026-03-30,0.0,0.0,0.0,0.0,0.0,0.0,0.0,0.0,0.0,0.0
EMP036,2026-03-31,0.0,0.0,0.0,0.0,0.0,0.0,0.0,0.0,0.0,0.0
EMP037,2026-01-01,0.0,0.0,0.0,0.0,0.0,0.0,0.0,0.0,0.0,0.0
EMP037,2026-01-02,0.0,0.0,0.0,0.0,0.0,0.0,0.0,0.0,0.0,0.0
EMP037,2026-01-03,0.0,0.0,0.0,0.0,0.0,0.0,0.0,0.0,0.0,0.0
EMP037,2026-01-04,0.0,0.0,0.0,0.0,0.0,0.0,0.0,0.0,0.0,0.0
EMP037,2026-01-05,0.0,0.0,0.0,0.0,0.0,0.0,0.0,0.0,0.0,0.0
EMP037,2026-01-06,0.0,0.0,0.0,0.0,0.0,0.0,0.0,0.0,0.0,0.0
EMP037,2026-01-07,0.0,0.0,0.0,0.0,0.0,0.0,0.0,0.0,0.0,0.0
EMP037,2026-01-08,0.0,0.0,0.0,0.0,0.0,0.0,0.0,0.0,0.0,0.0
EMP037,2026-01-09,0.0,0.0,0.0,0.0,0.0,0.0,0.0,0.0,0.0,0.0
EMP037,2026-01-10,0.0,0.0,0.0,0.0,0.0,0.0,0.0,0.0,0.0,0.0
EMP037,2026-01-11,0.0,0.0,0.0,0.0,0.0,0.0,0.0,0.0,0.0,0.0
EMP037,2026-01-12,0.0,0.0,0.0,0.0,0.0,0.0,0.0,0.0,0.0,0.0
EMP037,2026-01-13,0.0,0.0,0.0,0.0,0.0,0.0,0.0,0.0,0.0,0.0
EMP037,2026-01-14,0.0,0.0,0.0,0.0,0.0,0.0,0.0,0.0,0.0,0.0
EMP037,2026-01-15,0.0,0.0,0.0,0.0,0.0,0.0,0.0,0.0,0.0,0.0
EMP037,2026-01-16,0.0,0.0,0.0,0.0,0.0,0.0,0.0,0.0,0.0,0.0
EMP037,2026-01-17,0.0,0.0,0.0,0.0,0.0,0.0,0.0,0.0,0.0,0.0
EMP037,2026-01-18,0.0,0.0,0.0,0.0,0.0,0.0,0.0,0.0,0.0,0.0
EMP037,2026-01-19,0.0,0.0,0.0,0.0,0.0,0.0,0.0,0.0,0.0,0.0
EMP037,2026-01-20,0.0,0.0,0.0,0.0,0.0,0.0,0.0,0.0,0.0,0.0
EMP037,2026-01-21,0.0,0.0,0.0,0.0,0.0,0.0,0.0,0.0,0.0,0.0
EMP037,2026-01-22,0.0,0.0,0.0,0.0,0.0,0.0,0.0,0.0,0.0,0.0
EMP037,2026-01-23,0.0,0.0,0.0,0.0,0.0,0.0,0.0,0.0,0.0,0.0
EMP037,2026-01-24,0.0,0.0,0.0,0.0,0.0,0.0,0.0,0.0,0.0,0.0
EMP037,2026-01-25,0.0,0.0,0.0,0.0,0.0,0.0,0.0,0.0,0.0,0.0
EMP037,2026-01-26,0.0,0.0,0.0,0.0,0.0,0.0,0.0,0.0,0.0,0.0
EMP037,2026-01-27,0.0,0.0,0.0,0.0,0.0,0.0,0.0,0.0,0.0,0.0
EMP037,2026-01-28,0.0,0.0,0.0,0.0,0.0,0.0,0.0,0.0,0.0,0.0
EMP037,2026-01-29,0.0,0.0,0.0,0.0,0.0,0.0,0.0,0.0,0.0,0.0
EMP037,2026-01-30,0.0,0.0,0.0,0.0,0.0,0.0,0.0,0.0,0.0,0.0
EMP037,2026-01-31,0.0,0.0,0.0,0.0,0.0,0.0,0.0,0.0,0.0,0.0
EMP037,2026-02-01,0.0,0.0,0.0,0.0,0.0,0.0,0.0,0.0,0.0,0.0
EMP037,2026-02-02,0.0,0.0,0.0,0.0,0.0,0.0,0.0,0.0,0.0,0.0
EMP037,2026-02-03,0.0,0.0,0.0,0.0,0.0,0.0,0.0,0.0,0.0,0.0
EMP037,2026-02-04,0.0,0.0,0.0,0.0,0.0,0.0,0.0,0.0,0.0,0.0
EMP037,2026-02-05,0.0,0.0,0.0,0.0,0.0,0.0,0.0,0.0,0.0,0.0
EMP037,2026-02-06,0.0,0.0,0.0,0.0,0.0,0.0,0.0,0.0,0.0,0.0
EMP037,2026-02-07,0.0,0.0,0.0,0.0,0.0,0.0,0.0,0.0,0.0,0.0
EMP037,2026-02-08,0.0,0.0,0.0,0.0,0.0,0.0,0.0,0.0,0.0,0.0
EMP037,2026-02-09,0.0,0.0,0.0,0.0,0.0,0.0,0.0,0.0,0.0,0.0
EMP037,2026-02-10,0.0,0.0,0.0,0.0,0.0,0.0,0.0,0.0,0.0,0.0
EMP037,2026-02-11,0.0,0.0,0.0,0.0,0.0,0.0,0.0,0.0,0.0,0.0
EMP037,2026-02-12,0.0,0.0,0.0,0.0,0.0,0.0,0.0,0.0,0.0,0.0
EMP037,2026-02-13,0.0,0.0,0.0,0.0,0.0,0.0,0.0,0.0,0.0,0.0
EMP037,2026-02-14,0.0,0.0,0.0,0.0,0.0,0.0,0.0,0.0,0.0,0.0
EMP037,2026-02-15,0.0,0.0,0.0,0.0,0.0,0.0,0.0,0.0,0.0,0.0
EMP037,2026-02-16,0.0,0.0,0.0,0.0,0.0,0.0,0.0,0.0,0.0,0.0
EMP037,2026-02-17,0.0,0.0,0.0,0.0,0.0,0.0,0.0,0.0,0.0,0.0
EMP037,2026-02-18,0.0,0.0,0.0,0.0,0.0,0.0,0.0,0.0,0.0,0.0
EMP037,2026-02-19,0.0,0.0,0.0,0.0,0.0,0.0,0.0,0.0,0.0,0.0
EMP037,2026-02-20,0.0,0.0,0.0,0.0,0.0,0.0,0.0,0.0,0.0,0.0
EMP037,2026-02-21,0.0,0.0,0.0,0.0,0.0,0.0,0.0,0.0,0.0,0.0
EMP037,2026-02-22,0.0,0.0,0.0,0.0,0.0,0.0,0.0,0.0,0.0,0.0
EMP037,2026-02-23,0.0,0.0,0.0,0.0,0.0,0.0,0.0,0.0,0.0,0.0
EMP037,2026-02-24,0.0,0.0,0.0,0.0,0.0,0.0,0.0,0.0,0.0,0.0
EMP037,2026-02-25,0.0,0.0,0.0,0.0,0.0,0.0,0.0,0.0,0.0,0.0
EMP037,2026-02-26,0.0,0.0,0.0,0.0,0.0,0.0,0.0,0.0,0.0,0.0
EMP037,2026-02-27,0.0,0.0,0.0,0.0,0.0,0.0,0.0,0.0,0.0,0.0
EMP037,2026-02-28,0.0,0.0,0.0,0.0,0.0,0.0,0.0,0.0,0.0,0.0
EMP037,2026-03-01,0.0,0.0,0.0,0.0,0.0,0.0,0.0,0.0,0.0,0.0
EMP037,2026-03-02,0.0,0.0,0.0,0.0,0.0,0.0,0.0,0.0,0.0,0.0
EMP037,2026-03-03,0.0,0.0,0.0,0.0,0.0,0.0,0.0,0.0,0.0,0.0
EMP037,2026-03-04,0.0,0.0,0.0,0.0,0.0,0.0,0.0,0.0,0.0,0.0
EMP037,2026-03-05,0.0,0.0,0.0,0.0,0.0,0.0,0.0,0.0,0.0,0.0
EMP037,2026-03-06,0.0,0.0,0.0,0.0,0.0,0.0,0.0,0.0,0.0,0.0
EMP037,2026-03-07,0.0,0.0,0.0,0.0,0.0,0.0,0.0,0.0,0.0,0.0
EMP037,2026-03-08,0.0,0.0,0.0,0.0,0.0,0.0,0.0,0.0,0.0,0.0
EMP037,2026-03-09,0.0,0.0,0.0,0.0,0.0,0.0,0.0,0.0,0.0,0.0
EMP037,2026-03-10,0.0,0.0,0.0,0.0,0.0,0.0,0.0,0.0,0.0,0.0
EMP037,2026-03-11,0.0,0.0,0.0,0.0,0.0,0.0,0.0,0.0,0.0,0.0
EMP037,2026-03-12,0.0,0.0,0.0,0.0,0.0,0.0,0.0,0.0,0.0,0.0
EMP037,2026-03-13,0.0,0.0,0.0,0.0,0.0,0.0,0.0,0.0,0.0,0.0
EMP037,2026-03-14,0.0,0.0,0.0,0.0,0.0,0.0,0.0,0.0,0.0,0.0
EMP037,2026-03-15,0.0,0.0,0.0,0.0,0.0,0.0,0.0,0.0,0.0,0.0
EMP037,2026-03-16,0.0,0.0,0.0,0.0,0.0,0.0,0.0,0.0,0.0,0.0
EMP037,2026-03-17,0.0,0.0,0.0,0.0,0.0,0.0,0.0,0.0,0.0,0.0
EMP037,2026-03-18,0.0,0.0,0.0,0.0,0.0,0.0,0.0,0.0,0.0,0.0
EMP037,2026-03-19,0.0,0.0,0.0,0.0,0.0,0.0,0.0,0.0,0.0,0.0
EMP037,2026-03-20,0.0,0.0,0.0,0.0,0.0,0.0,0.0,0.0,0.0,0.0
EMP037,2026-03-21,0.0,0.0,0.0,0.0,0.0,0.0,0.0,0.0,0.0,0.0
EMP037,2026-03-22,0.0,0.0,0.0,0.0,0.0,0.0,0.0,0.0,0.0,0.0
EMP037,2026-03-23,0.0,0.0,0.0,0.0,0.0,0.0,0.0,0.0,0.0,0.0
EMP037,2026-03-24,0.0,0.0,0.0,0.0,0.0,0.0,0.0,0.0,0.0,0.0
EMP037,2026-03-25,0.0,0.0,0.0,0.0,0.0,0.0,0.0,0.0,0.0,0.0
EMP037,2026-03-26,0.0,0.0,0.0,0.0,0.0,0.0,0.0,0.0,0.0,0.0
EMP037,2026-03-27,0.0,0.0,0.0,0.0,0.0,0.0,0.0,0.0,0.0,0.0
EMP037,2026-03-28,0.0,0.0,0.0,0.0,0.0,0.0,0.0,0.0,0.0,0.0
EMP037,2026-03-29,0.0,0.0,0.0,0.0,0.0,0.0,0.0,0.0,0.0,0.0
EMP037,2026-03-30,0.0,0.0,0.0,0.0,0.0,0.0,0.0,0.0,0.0,0.0
EMP037,2026-03-31,0.0,0.0,0.0,0.0,0.0,0.0,0.0,0.0,0.0,0.0
EMP038,2026-01-01,0.0,0.0,0.0,0.0,0.0,0.0,0.0,0.0,0.0,0.0
EMP038,2026-01-02,0.0,0.0,0.0,0.0,0.0,0.0,0.0,0.0,0.0,0.0
EMP038,2026-01-03,0.0,0.0,0.0,0.0,0.0,0.0,0.0,0.0,0.0,0.0
EMP038,2026-01-04,0.0,0.0,0.0,0.0,0.0,0.0,0.0,0.0,0.0,0.0
EMP038,2026-01-05,0.0,0.0,0.0,0.0,0.0,0.0,0.0,0.0,0.0,0.0
EMP038,2026-01-06,0.0,0.0,0.0,0.0,0.0,0.0,0.0,0.0,0.0,0.0
EMP038,2026-01-07,0.0,0.0,0.0,0.0,0.0,0.0,0.0,0.0,0.0,0.0
EMP038,2026-01-08,0.0,0.0,0.0,0.0,0.0,0.0,0.0,0.0,0.0,0.0
EMP038,2026-01-09,0.0,0.0,0.0,0.0,0.0,0.0,0.0,0.0,0.0,0.0
EMP038,2026-01-10,0.0,0.0,0.0,0.0,0.0,0.0,0.0,0.0,0.0,0.0
EMP038,2026-01-11,0.0,0.0,0.0,0.0,0.0,0.0,0.0,0.0,0.0,0.0
EMP038,2026-01-12,0.0,0.0,0.0,0.0,0.0,0.0,0.0,0.0,0.0,0.0
EMP038,2026-01-13,0.0,0.0,0.0,0.0,0.0,0.0,0.0,0.0,0.0,0.0
EMP038,2026-01-14,0.0,0.0,0.0,0.0,0.0,0.0,0.0,0.0,0.0,0.0
EMP038,2026-01-15,0.0,0.0,0.0,0.0,0.0,0.0,0.0,0.0,0.0,0.0
EMP038,2026-01-16,0.0,0.0,0.0,0.0,0.0,0.0,0.0,0.0,0.0,0.0
EMP038,2026-01-17,0.0,0.0,0.0,0.0,0.0,0.0,0.0,0.0,0.0,0.0
EMP038,2026-01-18,0.0,0.0,0.0,0.0,0.0,0.0,0.0,0.0,0.0,0.0
EMP038,2026-01-19,0.0,0.0,0.0,0.0,0.0,0.0,0.0,0.0,0.0,0.0
EMP038,2026-01-20,0.0,0.0,0.0,0.0,0.0,0.0,0.0,0.0,0.0,0.0
EMP038,2026-01-21,0.0,0.0,0.0,0.0,0.0,0.0,0.0,0.0,0.0,0.0
EMP038,2026-01-22,0.0,0.0,0.0,0.0,0.0,0.0,0.0,0.0,0.0,0.0
EMP038,2026-01-23,0.0,0.0,0.0,0.0,0.0,0.0,0.0,0.0,0.0,0.0
EMP038,2026-01-24,0.0,0.0,0.0,0.0,0.0,0.0,0.0,0.0,0.0,0.0
EMP038,2026-01-25,0.0,0.0,0.0,0.0,0.0,0.0,0.0,0.0,0.0,0.0
EMP038,2026-01-26,0.0,0.0,0.0,0.0,0.0,0.0,0.0,0.0,0.0,0.0
EMP038,2026-01-27,0.0,0.0,0.0,0.0,0.0,0.0,0.0,0.0,0.0,0.0
EMP038,2026-01-28,0.0,0.0,0.0,0.0,0.0,0.0,0.0,0.0,0.0,0.0
EMP038,2026-01-29,0.0,0.0,0.0,0.0,0.0,0.0,0.0,0.0,0.0,0.0
EMP038,2026-01-30,0.0,0.0,0.0,0.0,0.0,0.0,0.0,0.0,0.0,0.0
EMP038,2026-01-31,0.0,0.0,0.0,0.0,0.0,0.0,0.0,0.0,0.0,0.0
EMP038,2026-02-01,0.0,0.0,0.0,0.0,0.0,0.0,0.0,0.0,0.0,0.0
EMP038,2026-02-02,0.0,0.0,0.0,0.0,0.0,0.0,0.0,0.0,0.0,0.0
EMP038,2026-02-03,0.0,0.0,0.0,0.0,0.0,0.0,0.0,0.0,0.0,0.0
EMP038,2026-02-04,0.0,0.0,0.0,0.0,0.0,0.0,0.0,0.0,0.0,0.0
EMP038,2026-02-05,0.0,0.0,0.0,0.0,0.0,0.0,0.0,0.0,0.0,0.0
EMP038,2026-02-06,0.0,0.0,0.0,0.0,0.0,0.0,0.0,0.0,0.0,0.0
EMP038,2026-02-07,0.0,0.0,0.0,0.0,0.0,0.0,0.0,0.0,0.0,0.0
EMP038,2026-02-08,0.0,0.0,0.0,0.0,0.0,0.0,0.0,0.0,0.0,0.0
EMP038,2026-02-09,0.0,0.0,0.0,0.0,0.0,0.0,0.0,0.0,0.0,0.0
EMP038,2026-02-10,0.0,0.0,0.0,0.0,0.0,0.0,0.0,0.0,0.0,0.0
EMP038,2026-02-11,0.0,0.0,0.0,0.0,0.0,0.0,0.0,0.0,0.0,0.0
EMP038,2026-02-12,0.0,0.0,0.0,0.0,0.0,0.0,0.0,0.0,0.0,0.0
EMP038,2026-02-13,0.0,0.0,0.0,0.0,0.0,0.0,0.0,0.0,0.0,0.0
EMP038,2026-02-14,0.0,0.0,0.0,0.0,0.0,0.0,0.0,0.0,0.0,0.0
EMP038,2026-02-15,0.0,0.0,0.0,0.0,0.0,0.0,0.0,0.0,0.0,0.0
EMP038,2026-02-16,0.0,0.0,0.0,0.0,0.0,0.0,0.0,0.0,0.0,0.0
EMP038,2026-02-17,0.0,0.0,0.0,0.0,0.0,0.0,0.0,0.0,0.0,0.0
EMP038,2026-02-18,0.0,0.0,0.0,0.0,0.0,0.0,0.0,0.0,0.0,0.0
EMP038,2026-02-19,0.0,0.0,0.0,0.0,0.0,0.0,0.0,0.0,0.0,0.0
EMP038,2026-02-20,0.0,0.0,0.0,0.0,0.0,0.0,0.0,0.0,0.0,0.0
EMP038,2026-02-21,0.0,0.0,0.0,0.0,0.0,0.0,0.0,0.0,0.0,0.0
EMP038,2026-02-22,0.0,0.0,0.0,0.0,0.0,0.0,0.0,0.0,0.0,0.0
EMP038,2026-02-23,0.0,0.0,0.0,0.0,0.0,0.0,0.0,0.0,0.0,0.0
EMP038,2026-02-24,0.0,0.0,0.0,0.0,0.0,0.0,0.0,0.0,0.0,0.0
EMP038,2026-02-25,0.0,0.0,0.0,0.0,0.0,0.0,0.0,0.0,0.0,0.0
EMP038,2026-02-26,0.0,0.0,0.0,0.0,0.0,0.0,0.0,0.0,0.0,0.0
EMP038,2026-02-27,0.0,0.0,0.0,0.0,0.0,0.0,0.0,0.0,0.0,0.0
EMP038,2026-02-28,0.0,0.0,0.0,0.0,0.0,0.0,0.0,0.0,0.0,0.0
EMP038,2026-03-01,0.0,0.0,0.0,0.0,0.0,0.0,0.0,0.0,0.0,0.0
EMP038,2026-03-02,0.0,0.0,0.0,0.0,0.0,0.0,0.0,0.0,0.0,0.0
EMP038,2026-03-03,0.0,0.0,0.0,0.0,0.0,0.0,0.0,0.0,0.0,0.0
EMP038,2026-03-04,0.0,0.0,0.0,0.0,0.0,0.0,0.0,0.0,0.0,0.0
EMP038,2026-03-05,0.0,0.0,0.0,0.0,0.0,0.0,0.0,0.0,0.0,0.0
EMP038,2026-03-06,0.0,0.0,0.0,0.0,0.0,0.0,0.0,0.0,0.0,0.0
EMP038,2026-03-07,0.0,0.0,0.0,0.0,0.0,0.0,0.0,0.0,0.0,0.0
EMP038,2026-03-08,0.0,0.0,0.0,0.0,0.0,0.0,0.0,0.0,0.0,0.0
EMP038,2026-03-09,0.0,0.0,0.0,0.0,0.0,0.0,0.0,0.0,0.0,0.0
EMP038,2026-03-10,0.0,0.0,0.0,0.0,0.0,0.0,0.0,0.0,0.0,0.0
EMP038,2026-03-11,0.0,0.0,0.0,0.0,0.0,0.0,0.0,0.0,0.0,0.0
EMP038,2026-03-12,0.0,0.0,0.0,0.0,0.0,0.0,0.0,0.0,0.0,0.0
EMP038,2026-03-13,0.0,0.0,0.0,0.0,0.0,0.0,0.0,0.0,0.0,0.0
EMP038,2026-03-14,0.0,0.0,0.0,0.0,0.0,0.0,0.0,0.0,0.0,0.0
EMP038,2026-03-15,0.0,0.0,0.0,0.0,0.0,0.0,0.0,0.0,0.0,0.0
EMP038,2026-03-16,0.0,0.0,0.0,0.0,0.0,0.0,0.0,0.0,0.0,0.0
EMP038,2026-03-17,0.0,0.0,0.0,0.0,0.0,0.0,0.0,0.0,0.0,0.0
EMP038,2026-03-18,0.0,0.0,0.0,0.0,0.0,0.0,0.0,0.0,0.0,0.0
EMP038,2026-03-19,0.0,0.0,0.0,0.0,0.0,0.0,0.0,0.0,0.0,0.0
EMP038,2026-03-20,0.0,0.0,0.0,0.0,0.0,0.0,0.0,0.0,0.0,0.0
EMP038,2026-03-21,0.0,0.0,0.0,0.0,0.0,0.0,0.0,0.0,0.0,0.0
EMP038,2026-03-22,0.0,0.0,0.0,0.0,0.0,0.0,0.0,0.0,0.0,0.0
EMP038,2026-03-23,0.0,0.0,0.0,0.0,0.0,0.0,0.0,0.0,0.0,0.0
EMP038,2026-03-24,0.0,0.0,0.0,0.0,0.0,0.0,0.0,0.0,0.0,0.0
EMP038,2026-03-25,0.0,0.0,0.0,0.0,0.0,0.0,0.0,0.0,0.0,0.0
EMP038,2026-03-26,0.0,0.0,0.0,0.0,0.0,0.0,0.0,0.0,0.0,0.0
EMP038,2026-03-27,0.0,0.0,0.0,0.0,0.0,0.0,0.0,0.0,0.0,0.0
EMP038,2026-03-28,0.0,0.0,0.0,0.0,0.0,0.0,0.0,0.0,0.0,0.0
EMP038,2026-03-29,0.0,0.0,0.0,0.0,0.0,0.0,0.0,0.0,0.0,0.0
EMP038,2026-03-30,0.0,0.0,0.0,0.0,0.0,0.0,0.0,0.0,0.0,0.0
EMP038,2026-03-31,0.0,0.0,0.0,0.0,0.0,0.0,0.0,0.0,0.0,0.0
EMP039,2026-01-01,0.0,0.0,0.0,0.0,0.0,0.0,0.0,0.0,0.0,0.0
EMP039,2026-01-02,0.0,0.0,0.0,0.0,0.0,0.0,0.0,0.0,0.0,0.0
EMP039,2026-01-03,0.0,0.0,0.0,0.0,0.0,0.0,0.0,0.0,0.0,0.0
EMP039,2026-01-04,0.0,0.0,0.0,0.0,0.0,0.0,0.0,0.0,0.0,0.0
EMP039,2026-01-05,0.0,0.0,0.0,0.0,0.0,0.0,0.0,0.0,0.0,0.0
EMP039,2026-01-06,0.0,0.0,0.0,0.0,0.0,0.0,0.0,0.0,0.0,0.0
EMP039,2026-01-07,0.0,0.0,0.0,0.0,0.0,0.0,0.0,0.0,0.0,0.0
EMP039,2026-01-08,0.0,0.0,0.0,0.0,0.0,0.0,0.0,0.0,0.0,0.0
EMP039,2026-01-09,0.0,0.0,0.0,0.0,0.0,0.0,0.0,0.0,0.0,0.0
EMP039,2026-01-10,0.0,0.0,0.0,0.0,0.0,0.0,0.0,0.0,0.0,0.0
EMP039,2026-01-11,0.0,0.0,0.0,0.0,0.0,0.0,0.0,0.0,0.0,0.0
EMP039,2026-01-12,0.0,0.0,0.0,0.0,0.0,0.0,0.0,0.0,0.0,0.0
EMP039,2026-01-13,0.0,0.0,0.0,0.0,0.0,0.0,0.0,0.0,0.0,0.0
EMP039,2026-01-14,0.0,0.0,0.0,0.0,0.0,0.0,0.0,0.0,0.0,0.0
EMP039,2026-01-15,0.0,0.0,0.0,0.0,0.0,0.0,0.0,0.0,0.0,0.0
EMP039,2026-01-16,0.0,0.0,0.0,0.0,0.0,0.0,0.0,0.0,0.0,0.0
EMP039,2026-01-17,0.0,0.0,0.0,0.0,0.0,0.0,0.0,0.0,0.0,0.0
EMP039,2026-01-18,0.0,0.0,0.0,0.0,0.0,0.0,0.0,0.0,0.0,0.0
EMP039,2026-01-19,0.0,0.0,0.0,0.0,0.0,0.0,0.0,0.0,0.0,0.0
EMP039,2026-01-20,0.0,0.0,0.0,0.0,0.0,0.0,0.0,0.0,0.0,0.0
EMP039,2026-01-21,0.0,0.0,0.0,0.0,0.0,0.0,0.0,0.0,0.0,0.0
EMP039,2026-01-22,0.0,0.0,0.0,0.0,0.0,0.0,0.0,0.0,0.0,0.0
EMP039,2026-01-23,0.0,0.0,0.0,0.0,0.0,0.0,0.0,0.0,0.0,0.0
EMP039,2026-01-24,0.0,0.0,0.0,0.0,0.0,0.0,0.0,0.0,0.0,0.0
EMP039,2026-01-25,0.0,0.0,0.0,0.0,0.0,0.0,0.0,0.0,0.0,0.0
EMP039,2026-01-26,0.0,0.0,0.0,0.0,0.0,0.0,0.0,0.0,0.0,0.0
EMP039,2026-01-27,0.0,0.0,0.0,0.0,0.0,0.0,0.0,0.0,0.0,0.0
EMP039,2026-01-28,0.0,0.0,0.0,0.0,0.0,0.0,0.0,0.0,0.0,0.0
EMP039,2026-01-29,0.0,0.0,0.0,0.0,0.0,0.0,0.0,0.0,0.0,0.0
EMP039,2026-01-30,0.0,0.0,0.0,0.0,0.0,0.0,0.0,0.0,0.0,0.0
EMP039,2026-01-31,0.0,0.0,0.0,0.0,0.0,0.0,0.0,0.0,0.0,0.0
EMP039,2026-02-01,0.0,0.0,0.0,0.0,0.0,0.0,0.0,0.0,0.0,0.0
EMP039,2026-02-02,0.0,0.0,0.0,0.0,0.0,0.0,0.0,0.0,0.0,0.0
EMP039,2026-02-03,0.0,0.0,0.0,0.0,0.0,0.0,0.0,0.0,0.0,0.0
EMP039,2026-02-04,0.0,0.0,0.0,0.0,0.0,0.0,0.0,0.0,0.0,0.0
EMP039,2026-02-05,0.0,0.0,0.0,0.0,0.0,0.0,0.0,0.0,0.0,0.0
EMP039,2026-02-06,0.0,0.0,0.0,0.0,0.0,0.0,0.0,0.0,0.0,0.0
EMP039,2026-02-07,0.0,0.0,0.0,0.0,0.0,0.0,0.0,0.0,0.0,0.0
EMP039,2026-02-08,0.0,0.0,0.0,0.0,0.0,0.0,0.0,0.0,0.0,0.0
EMP039,2026-02-09,0.0,0.0,0.0,0.0,0.0,0.0,0.0,0.0,0.0,0.0
EMP039,2026-02-10,0.0,0.0,0.0,0.0,0.0,0.0,0.0,0.0,0.0,0.0
EMP039,2026-02-11,0.0,0.0,0.0,0.0,0.0,0.0,0.0,0.0,0.0,0.0
EMP039,2026-02-12,0.0,0.0,0.0,0.0,0.0,0.0,0.0,0.0,0.0,0.0
EMP039,2026-02-13,0.0,0.0,0.0,0.0,0.0,0.0,0.0,0.0,0.0,0.0
EMP039,2026-02-14,0.0,0.0,0.0,0.0,0.0,0.0,0.0,0.0,0.0,0.0
EMP039,2026-02-15,0.0,0.0,0.0,0.0,0.0,0.0,0.0,0.0,0.0,0.0
EMP039,2026-02-16,0.0,0.0,0.0,0.0,0.0,0.0,0.0,0.0,0.0,0.0
EMP039,2026-02-17,0.0,0.0,0.0,0.0,0.0,0.0,0.0,0.0,0.0,0.0
EMP039,2026-02-18,0.0,0.0,0.0,0.0,0.0,0.0,0.0,0.0,0.0,0.0
EMP039,2026-02-19,0.0,0.0,0.0,0.0,0.0,0.0,0.0,0.0,0.0,0.0
EMP039,2026-02-20,0.0,0.0,0.0,0.0,0.0,0.0,0.0,0.0,0.0,0.0
EMP039,2026-02-21,0.0,0.0,0.0,0.0,0.0,0.0,0.0,0.0,0.0,0.0
EMP039,2026-02-22,0.0,0.0,0.0,0.0,0.0,0.0,0.0,0.0,0.0,0.0
EMP039,2026-02-23,0.0,0.0,0.0,0.0,0.0,0.0,0.0,0.0,0.0,0.0
EMP039,2026-02-24,0.0,0.0,0.0,0.0,0.0,0.0,0.0,0.0,0.0,0.0
EMP039,2026-02-25,0.0,0.0,0.0,0.0,0.0,0.0,0.0,0.0,0.0,0.0
EMP039,2026-02-26,0.0,0.0,0.0,0.0,0.0,0.0,0.0,0.0,0.0,0.0
EMP039,2026-02-27,0.0,0.0,0.0,0.0,0.0,0.0,0.0,0.0,0.0,0.0
EMP039,2026-02-28,0.0,0.0,0.0,0.0,0.0,0.0,0.0,0.0,0.0,0.0
EMP039,2026-03-01,0.0,0.0,0.0,0.0,0.0,0.0,0.0,0.0,0.0,0.0
EMP039,2026-03-02,0.0,0.0,0.0,0.0,0.0,0.0,0.0,0.0,0.0,0.0
EMP039,2026-03-03,0.0,0.0,0.0,0.0,0.0,0.0,0.0,0.0,0.0,0.0
EMP039,2026-03-04,0.0,0.0,0.0,0.0,0.0,0.0,0.0,0.0,0.0,0.0
EMP039,2026-03-05,0.0,0.0,0.0,0.0,0.0,0.0,0.0,0.0,0.0,0.0
EMP039,2026-03-06,0.0,0.0,0.0,0.0,0.0,0.0,0.0,0.0,0.0,0.0
EMP039,2026-03-07,0.0,0.0,0.0,0.0,0.0,0.0,0.0,0.0,0.0,0.0
EMP039,2026-03-08,0.0,0.0,0.0,0.0,0.0,0.0,0.0,0.0,0.0,0.0
EMP039,2026-03-09,0.0,0.0,0.0,0.0,0.0,0.0,0.0,0.0,0.0,0.0
EMP039,2026-03-10,0.0,0.0,0.0,0.0,0.0,0.0,0.0,0.0,0.0,0.0
EMP039,2026-03-11,0.0,0.0,0.0,0.0,0.0,0.0,0.0,0.0,0.0,0.0
EMP039,2026-03-12,0.0,0.0,0.0,0.0,0.0,0.0,0.0,0.0,0.0,0.0
EMP039,2026-03-13,0.0,0.0,0.0,0.0,0.0,0.0,0.0,0.0,0.0,0.0
EMP039,2026-03-14,0.0,0.0,0.0,0.0,0.0,0.0,0.0,0.0,0.0,0.0
EMP039,2026-03-15,0.0,0.0,0.0,0.0,0.0,0.0,0.0,0.0,0.0,0.0
EMP039,2026-03-16,0.0,0.0,0.0,0.0,0.0,0.0,0.0,0.0,0.0,0.0
EMP039,2026-03-17,0.0,0.0,0.0,0.0,0.0,0.0,0.0,0.0,0.0,0.0
EMP039,2026-03-18,0.0,0.0,0.0,0.0,0.0,0.0,0.0,0.0,0.0,0.0
EMP039,2026-03-19,0.0,0.0,0.0,0.0,0.0,0.0,0.0,0.0,0.0,0.0
EMP039,2026-03-20,0.0,0.0,0.0,0.0,0.0,0.0,0.0,0.0,0.0,0.0
EMP039,2026-03-21,0.0,0.0,0.0,0.0,0.0,0.0,0.0,0.0,0.0,0.0
EMP039,2026-03-22,0.0,0.0,0.0,0.0,0.0,0.0,0.0,0.0,0.0,0.0
EMP039,2026-03-23,0.0,0.0,0.0,0.0,0.0,0.0,0.0,0.0,0.0,0.0
EMP039,2026-03-24,0.0,0.0,0.0,0.0,0.0,0.0,0.0,0.0,0.0,0.0
EMP039,2026-03-25,0.0,0.0,0.0,0.0,0.0,0.0,0.0,0.0,0.0,0.0
EMP039,2026-03-26,0.0,0.0,0.0,0.0,0.0,0.0,0.0,0.0,0.0,0.0
EMP039,2026-03-27,0.0,0.0,0.0,0.0,0.0,0.0,0.0,0.0,0.0,0.0
EMP039,2026-03-28,0.0,0.0,0.0,0.0,0.0,0.0,0.0,0.0,0.0,0.0
EMP039,2026-03-29,0.0,0.0,0.0,0.0,0.0,0.0,0.0,0.0,0.0,0.0
EMP039,2026-03-30,0.0,0.0,0.0,0.0,0.0,0.0,0.0,0.0,0.0,0.0
EMP039,2026-03-31,0.0,0.0,0.0,0.0,0.0,0.0,0.0,0.0,0.0,0.0
EMP040,2026-01-01,0.0,0.0,0.0,0.0,0.0,0.0,0.0,0.0,0.0,0.0
EMP040,2026-01-02,0.0,0.0,0.0,0.0,0.0,0.0,0.0,0.0,0.0,0.0
EMP040,2026-01-03,0.0,0.0,0.0,0.0,0.0,0.0,0.0,0.0,0.0,0.0
EMP040,2026-01-04,0.0,0.0,0.0,0.0,0.0,0.0,0.0,0.0,0.0,0.0
EMP040,2026-01-05,0.0,0.0,0.0,0.0,0.0,0.0,0.0,0.0,0.0,0.0
EMP040,2026-01-06,0.0,0.0,0.0,0.0,0.0,0.0,0.0,0.0,0.0,0.0
EMP040,2026-01-07,0.0,0.0,0.0,0.0,0.0,0.0,0.0,0.0,0.0,0.0
EMP040,2026-01-08,0.0,0.0,0.0,0.0,0.0,0.0,0.0,0.0,0.0,0.0
EMP040,2026-01-09,0.0,0.0,0.0,0.0,0.0,0.0,0.0,0.0,0.0,0.0
EMP040,2026-01-10,0.0,0.0,0.0,0.0,0.0,0.0,0.0,0.0,0.0,0.0
EMP040,2026-01-11,0.0,0.0,0.0,0.0,0.0,0.0,0.0,0.0,0.0,0.0
EMP040,2026-01-12,0.0,0.0,0.0,0.0,0.0,0.0,0.0,0.0,0.0,0.0
EMP040,2026-01-13,0.0,0.0,0.0,0.0,0.0,0.0,0.0,0.0,0.0,0.0
EMP040,2026-01-14,0.0,0.0,0.0,0.0,0.0,0.0,0.0,0.0,0.0,0.0
EMP040,2026-01-15,0.0,0.0,0.0,0.0,0.0,0.0,0.0,0.0,0.0,0.0
EMP040,2026-01-16,0.0,0.0,0.0,0.0,0.0,0.0,0.0,0.0,0.0,0.0
EMP040,2026-01-17,0.0,0.0,0.0,0.0,0.0,0.0,0.0,0.0,0.0,0.0
EMP040,2026-01-18,0.0,0.0,0.0,0.0,0.0,0.0,0.0,0.0,0.0,0.0
EMP040,2026-01-19,0.0,0.0,0.0,0.0,0.0,0.0,0.0,0.0,0.0,0.0
EMP040,2026-01-20,0.0,0.0,0.0,0.0,0.0,0.0,0.0,0.0,0.0,0.0
EMP040,2026-01-21,0.0,0.0,0.0,0.0,0.0,0.0,0.0,0.0,0.0,0.0
EMP040,2026-01-22,0.0,0.0,0.0,0.0,0.0,0.0,0.0,0.0,0.0,0.0
EMP040,2026-01-23,0.0,0.0,0.0,0.0,0.0,0.0,0.0,0.0,0.0,0.0
EMP040,2026-01-24,0.0,0.0,0.0,0.0,0.0,0.0,0.0,0.0,0.0,0.0
EMP040,2026-01-25,0.0,0.0,0.0,0.0,0.0,0.0,0.0,0.0,0.0,0.0
EMP040,2026-01-26,0.0,0.0,0.0,0.0,0.0,0.0,0.0,0.0,0.0,0.0
EMP040,2026-01-27,0.0,0.0,0.0,0.0,0.0,0.0,0.0,0.0,0.0,0.0
EMP040,2026-01-28,0.0,0.0,0.0,0.0,0.0,0.0,0.0,0.0,0.0,0.0
EMP040,2026-01-29,0.0,0.0,0.0,0.0,0.0,0.0,0.0,0.0,0.0,0.0
EMP040,2026-01-30,0.0,0.0,0.0,0.0,0.0,0.0,0.0,0.0,0.0,0.0
EMP040,2026-01-31,0.0,0.0,0.0,0.0,0.0,0.0,0.0,0.0,0.0,0.0
EMP040,2026-02-01,0.0,0.0,0.0,0.0,0.0,0.0,0.0,0.0,0.0,0.0
EMP040,2026-02-02,0.0,0.0,0.0,0.0,0.0,0.0,0.0,0.0,0.0,0.0
EMP040,2026-02-03,0.0,0.0,0.0,0.0,0.0,0.0,0.0,0.0,0.0,0.0
EMP040,2026-02-04,0.0,0.0,0.0,0.0,0.0,0.0,0.0,0.0,0.0,0.0
EMP040,2026-02-05,0.0,0.0,0.0,0.0,0.0,0.0,0.0,0.0,0.0,0.0
EMP040,2026-02-06,0.0,0.0,0.0,0.0,0.0,0.0,0.0,0.0,0.0,0.0
EMP040,2026-02-07,0.0,0.0,0.0,0.0,0.0,0.0,0.0,0.0,0.0,0.0
EMP040,2026-02-08,0.0,0.0,0.0,0.0,0.0,0.0,0.0,0.0,0.0,0.0
EMP040,2026-02-09,0.0,0.0,0.0,0.0,0.0,0.0,0.0,0.0,0.0,0.0
EMP040,2026-02-10,0.0,0.0,0.0,0.0,0.0,0.0,0.0,0.0,0.0,0.0
EMP040,2026-02-11,0.0,0.0,0.0,0.0,0.0,0.0,0.0,0.0,0.0,0.0
EMP040,2026-02-12,0.0,0.0,0.0,0.0,0.0,0.0,0.0,0.0,0.0,0.0
EMP040,2026-02-13,0.0,0.0,0.0,0.0,0.0,0.0,0.0,0.0,0.0,0.0
EMP040,2026-02-14,0.0,0.0,0.0,0.0,0.0,0.0,0.0,0.0,0.0,0.0
EMP040,2026-02-15,0.0,0.0,0.0,0.0,0.0,0.0,0.0,0.0,0.0,0.0
EMP040,2026-02-16,0.0,0.0,0.0,0.0,0.0,0.0,0.0,0.0,0.0,0.0
EMP040,2026-02-17,0.0,0.0,0.0,0.0,0.0,0.0,0.0,0.0,0.0,0.0
EMP040,2026-02-18,0.0,0.0,0.0,0.0,0.0,0.0,0.0,0.0,0.0,0.0
EMP040,2026-02-19,0.0,0.0,0.0,0.0,0.0,0.0,0.0,0.0,0.0,0.0
EMP040,2026-02-20,0.0,0.0,0.0,0.0,0.0,0.0,0.0,0.0,0.0,0.0
EMP040,2026-02-21,0.0,0.0,0.0,0.0,0.0,0.0,0.0,0.0,0.0,0.0
EMP040,2026-02-22,0.0,0.0,0.0,0.0,0.0,0.0,0.0,0.0,0.0,0.0
EMP040,2026-02-23,0.0,0.0,0.0,0.0,0.0,0.0,0.0,0.0,0.0,0.0
EMP040,2026-02-24,0.0,0.0,0.0,0.0,0.0,0.0,0.0,0.0,0.0,0.0
EMP040,2026-02-25,0.0,0.0,0.0,0.0,0.0,0.0,0.0,0.0,0.0,0.0
EMP040,2026-02-26,0.0,0.0,0.0,0.0,0.0,0.0,0.0,0.0,0.0,0.0
EMP040,2026-02-27,0.0,0.0,0.0,0.0,0.0,0.0,0.0,0.0,0.0,0.0
EMP040,2026-02-28,0.0,0.0,0.0,0.0,0.0,0.0,0.0,0.0,0.0,0.0
EMP040,2026-03-01,0.0,0.0,0.0,0.0,0.0,0.0,0.0,0.0,0.0,0.0
EMP040,2026-03-02,0.0,0.0,0.0,0.0,0.0,0.0,0.0,0.0,0.0,0.0
EMP040,2026-03-03,0.0,0.0,0.0,0.0,0.0,0.0,0.0,0.0,0.0,0.0
EMP040,2026-03-04,0.0,0.0,0.0,0.0,0.0,0.0,0.0,0.0,0.0,0.0
EMP040,2026-03-05,0.0,0.0,0.0,0.0,0.0,0.0,0.0,0.0,0.0,0.0
EMP040,2026-03-06,0.0,0.0,0.0,0.0,0.0,0.0,0.0,0.0,0.0,0.0
EMP040,2026-03-07,0.0,0.0,0.0,0.0,0.0,0.0,0.0,0.0,0.0,0.0
EMP040,2026-03-08,0.0,0.0,0.0,0.0,0.0,0.0,0.0,0.0,0.0,0.0
EMP040,2026-03-09,0.0,0.0,0.0,0.0,0.0,0.0,0.0,0.0,0.0,0.0
EMP040,2026-03-10,0.0,0.0,0.0,0.0,0.0,0.0,0.0,0.0,0.0,0.0
EMP040,2026-03-11,0.0,0.0,0.0,0.0,0.0,0.0,0.0,0.0,0.0,0.0
EMP040,2026-03-12,0.0,0.0,0.0,0.0,0.0,0.0,0.0,0.0,0.0,0.0
EMP040,2026-03-13,0.0,0.0,0.0,0.0,0.0,0.0,0.0,0.0,0.0,0.0
EMP040,2026-03-14,0.0,0.0,0.0,0.0,0.0,0.0,0.0,0.0,0.0,0.0
EMP040,2026-03-15,0.0,0.0,0.0,0.0,0.0,0.0,0.0,0.0,0.0,0.0
EMP040,2026-03-16,0.0,0.0,0.0,0.0,0.0,0.0,0.0,0.0,0.0,0.0
EMP040,2026-03-17,0.0,0.0,0.0,0.0,0.0,0.0,0.0,0.0,0.0,0.0
EMP040,2026-03-18,0.0,0.0,0.0,0.0,0.0,0.0,0.0,0.0,0.0,0.0
EMP040,2026-03-19,0.0,0.0,0.0,0.0,0.0,0.0,0.0,0.0,0.0,0.0
EMP040,2026-03-20,0.0,0.0,0.0,0.0,0.0,0.0,0.0,0.0,0.0,0.0
EMP040,2026-03-21,0.0,0.0,0.0,0.0,0.0,0.0,0.0,0.0,0.0,0.0
EMP040,2026-03-22,0.0,0.0,0.0,0.0,0.0,0.0,0.0,0.0,0.0,0.0
EMP040,2026-03-23,0.0,0.0,0.0,0.0,0.0,0.0,0.0,0.0,0.0,0.0
EMP040,2026-03-24,0.0,0.0,0.0,0.0,0.0,0.0,0.0,0.0,0.0,0.0
EMP040,2026-03-25,0.0,0.0,0.0,0.0,0.0,0.0,0.0,0.0,0.0,0.0
EMP040,2026-03-26,0.0,0.0,0.0,0.0,0.0,0.0,0.0,0.0,0.0,0.0
EMP040,2026-03-27,0.0,0.0,0.0,0.0,0.0,0.0,0.0,0.0,0.0,0.0
EMP040,2026-03-28,0.0,0.0,0.0,0.0,0.0,0.0,0.0,0.0,0.0,0.0
EMP040,2026-03-29,0.0,0.0,0.0,0.0,0.0,0.0,0.0,0.0,0.0,0.0
EMP040,2026-03-30,0.0,0.0,0.0,0.0,0.0,0.0,0.0,0.0,0.0,0.0
EMP040,2026-03-31,0.0,0.0,0.0,0.0,0.0,0.0,0.0,0.0,0.0,0.0
EMP041,2026-01-01,0.0,0.0,0.0,0.0,0.0,0.0,0.0,0.0,0.0,0.0
EMP041,2026-01-02,0.0,0.0,0.0,0.0,0.0,0.0,0.0,0.0,0.0,0.0
EMP041,2026-01-03,0.0,0.0,0.0,0.0,0.0,0.0,0.0,0.0,0.0,0.0
EMP041,2026-01-04,0.0,0.0,0.0,0.0,0.0,0.0,0.0,0.0,0.0,0.0
EMP041,2026-01-05,0.0,0.0,0.0,0.0,0.0,0.0,0.0,0.0,0.0,0.0
EMP041,2026-01-06,0.0,0.0,0.0,0.0,0.0,0.0,0.0,0.0,0.0,0.0
EMP041,2026-01-07,0.0,0.0,0.0,0.0,0.0,0.0,0.0,0.0,0.0,0.0
EMP041,2026-01-08,0.0,0.0,0.0,0.0,0.0,0.0,0.0,0.0,0.0,0.0
EMP041,2026-01-09,0.0,0.0,0.0,0.0,0.0,0.0,0.0,0.0,0.0,0.0
EMP041,2026-01-10,0.0,0.0,0.0,0.0,0.0,0.0,0.0,0.0,0.0,0.0
EMP041,2026-01-11,0.0,0.0,0.0,0.0,0.0,0.0,0.0,0.0,0.0,0.0
EMP041,2026-01-12,0.0,0.0,0.0,0.0,0.0,0.0,0.0,0.0,0.0,0.0
EMP041,2026-01-13,0.0,0.0,0.0,0.0,0.0,0.0,0.0,0.0,0.0,0.0
EMP041,2026-01-14,0.0,0.0,0.0,0.0,0.0,0.0,0.0,0.0,0.0,0.0
EMP041,2026-01-15,0.0,0.0,0.0,0.0,0.0,0.0,0.0,0.0,0.0,0.0
EMP041,2026-01-16,0.0,0.0,0.0,0.0,0.0,0.0,0.0,0.0,0.0,0.0
EMP041,2026-01-17,0.0,0.0,0.0,0.0,0.0,0.0,0.0,0.0,0.0,0.0
EMP041,2026-01-18,0.0,0.0,0.0,0.0,0.0,0.0,0.0,0.0,0.0,0.0
EMP041,2026-01-19,0.0,0.0,0.0,0.0,0.0,0.0,0.0,0.0,0.0,0.0
EMP041,2026-01-20,0.0,0.0,0.0,0.0,0.0,0.0,0.0,0.0,0.0,0.0
EMP041,2026-01-21,0.0,0.0,0.0,0.0,0.0,0.0,0.0,0.0,0.0,0.0
EMP041,2026-01-22,0.0,0.0,0.0,0.0,0.0,0.0,0.0,0.0,0.0,0.0
EMP041,2026-01-23,0.0,0.0,0.0,0.0,0.0,0.0,0.0,0.0,0.0,0.0
EMP041,2026-01-24,0.0,0.0,0.0,0.0,0.0,0.0,0.0,0.0,0.0,0.0
EMP041,2026-01-25,0.0,0.0,0.0,0.0,0.0,0.0,0.0,0.0,0.0,0.0
EMP041,2026-01-26,0.0,0.0,0.0,0.0,0.0,0.0,0.0,0.0,0.0,0.0
EMP041,2026-01-27,0.0,0.0,0.0,0.0,0.0,0.0,0.0,0.0,0.0,0.0
EMP041,2026-01-28,0.0,0.0,0.0,0.0,0.0,0.0,0.0,0.0,0.0,0.0
EMP041,2026-01-29,0.0,0.0,0.0,0.0,0.0,0.0,0.0,0.0,0.0,0.0
EMP041,2026-01-30,0.0,0.0,0.0,0.0,0.0,0.0,0.0,0.0,0.0,0.0
EMP041,2026-01-31,0.0,0.0,0.0,0.0,0.0,0.0,0.0,0.0,0.0,0.0
EMP041,2026-02-01,0.0,0.0,0.0,0.0,0.0,0.0,0.0,0.0,0.0,0.0
EMP041,2026-02-02,0.0,0.0,0.0,0.0,0.0,0.0,0.0,0.0,0.0,0.0
EMP041,2026-02-03,0.0,0.0,0.0,0.0,0.0,0.0,0.0,0.0,0.0,0.0
EMP041,2026-02-04,0.0,0.0,0.0,0.0,0.0,0.0,0.0,0.0,0.0,0.0
EMP041,2026-02-05,0.0,0.0,0.0,0.0,0.0,0.0,0.0,0.0,0.0,0.0
EMP041,2026-02-06,0.0,0.0,0.0,0.0,0.0,0.0,0.0,0.0,0.0,0.0
EMP041,2026-02-07,0.0,0.0,0.0,0.0,0.0,0.0,0.0,0.0,0.0,0.0
EMP041,2026-02-08,0.0,0.0,0.0,0.0,0.0,0.0,0.0,0.0,0.0,0.0
EMP041,2026-02-09,0.0,0.0,0.0,0.0,0.0,0.0,0.0,0.0,0.0,0.0
EMP041,2026-02-10,0.0,0.0,0.0,0.0,0.0,0.0,0.0,0.0,0.0,0.0
EMP041,2026-02-11,0.0,0.0,0.0,0.0,0.0,0.0,0.0,0.0,0.0,0.0
EMP041,2026-02-12,0.0,0.0,0.0,0.0,0.0,0.0,0.0,0.0,0.0,0.0
EMP041,2026-02-13,0.0,0.0,0.0,0.0,0.0,0.0,0.0,0.0,0.0,0.0
EMP041,2026-02-14,0.0,0.0,0.0,0.0,0.0,0.0,0.0,0.0,0.0,0.0
EMP041,2026-02-15,0.0,0.0,0.0,0.0,0.0,0.0,0.0,0.0,0.0,0.0
EMP041,2026-02-16,0.0,0.0,0.0,0.0,0.0,0.0,0.0,0.0,0.0,0.0
EMP041,2026-02-17,0.0,0.0,0.0,0.0,0.0,0.0,0.0,0.0,0.0,0.0
EMP041,2026-02-18,0.0,0.0,0.0,0.0,0.0,0.0,0.0,0.0,0.0,0.0
EMP041,2026-02-19,0.0,0.0,0.0,0.0,0.0,0.0,0.0,0.0,0.0,0.0
EMP041,2026-02-20,0.0,0.0,0.0,0.0,0.0,0.0,0.0,0.0,0.0,0.0
EMP041,2026-02-21,0.0,0.0,0.0,0.0,0.0,0.0,0.0,0.0,0.0,0.0
EMP041,2026-02-22,0.0,0.0,0.0,0.0,0.0,0.0,0.0,0.0,0.0,0.0
EMP041,2026-02-23,0.0,0.0,0.0,0.0,0.0,0.0,0.0,0.0,0.0,0.0
EMP041,2026-02-24,0.0,0.0,0.0,0.0,0.0,0.0,0.0,0.0,0.0,0.0
EMP041,2026-02-25,0.0,0.0,0.0,0.0,0.0,0.0,0.0,0.0,0.0,0.0
EMP041,2026-02-26,0.0,0.0,0.0,0.0,0.0,0.0,0.0,0.0,0.0,0.0
EMP041,2026-02-27,0.0,0.0,0.0,0.0,0.0,0.0,0.0,0.0,0.0,0.0
EMP041,2026-02-28,0.0,0.0,0.0,0.0,0.0,0.0,0.0,0.0,0.0,0.0
EMP041,2026-03-01,0.0,0.0,0.0,0.0,0.0,0.0,0.0,0.0,0.0,0.0
EMP041,2026-03-02,0.0,0.0,0.0,0.0,0.0,0.0,0.0,0.0,0.0,0.0
EMP041,2026-03-03,0.0,0.0,0.0,0.0,0.0,0.0,0.0,0.0,0.0,0.0
EMP041,2026-03-04,0.0,0.0,0.0,0.0,0.0,0.0,0.0,0.0,0.0,0.0
EMP041,2026-03-05,0.0,0.0,0.0,0.0,0.0,0.0,0.0,0.0,0.0,0.0
EMP041,2026-03-06,0.0,0.0,0.0,0.0,0.0,0.0,0.0,0.0,0.0,0.0
EMP041,2026-03-07,0.0,0.0,0.0,0.0,0.0,0.0,0.0,0.0,0.0,0.0
EMP041,2026-03-08,0.0,0.0,0.0,0.0,0.0,0.0,0.0,0.0,0.0,0.0
EMP041,2026-03-09,0.0,0.0,0.0,0.0,0.0,0.0,0.0,0.0,0.0,0.0
EMP041,2026-03-10,0.0,0.0,0.0,0.0,0.0,0.0,0.0,0.0,0.0,0.0
EMP041,2026-03-11,0.0,0.0,0.0,0.0,0.0,0.0,0.0,0.0,0.0,0.0
EMP041,2026-03-12,0.0,0.0,0.0,0.0,0.0,0.0,0.0,0.0,0.0,0.0
EMP041,2026-03-13,0.0,0.0,0.0,0.0,0.0,0.0,0.0,0.0,0.0,0.0
EMP041,2026-03-14,0.0,0.0,0.0,0.0,0.0,0.0,0.0,0.0,0.0,0.0
EMP041,2026-03-15,0.0,0.0,0.0,0.0,0.0,0.0,0.0,0.0,0.0,0.0
EMP041,2026-03-16,0.0,0.0,0.0,0.0,0.0,0.0,0.0,0.0,0.0,0.0
EMP041,2026-03-17,0.0,0.0,0.0,0.0,0.0,0.0,0.0,0.0,0.0,0.0
EMP041,2026-03-18,0.0,0.0,0.0,0.0,0.0,0.0,0.0,0.0,0.0,0.0
EMP041,2026-03-19,0.0,0.0,0.0,0.0,0.0,0.0,0.0,0.0,0.0,0.0
EMP041,2026-03-20,0.0,0.0,0.0,0.0,0.0,0.0,0.0,0.0,0.0,0.0
EMP041,2026-03-21,0.0,0.0,0.0,0.0,0.0,0.0,0.0,0.0,0.0,0.0
EMP041,2026-03-22,0.0,0.0,0.0,0.0,0.0,0.0,0.0,0.0,0.0,0.0
EMP041,2026-03-23,0.0,0.0,0.0,0.0,0.0,0.0,0.0,0.0,0.0,0.0
EMP041,2026-03-24,0.0,0.0,0.0,0.0,0.0,0.0,0.0,0.0,0.0,0.0
EMP041,2026-03-25,0.0,0.0,0.0,0.0,0.0,0.0,0.0,0.0,0.0,0.0
EMP041,2026-03-26,0.0,0.0,0.0,0.0,0.0,0.0,0.0,0.0,0.0,0.0
EMP041,2026-03-27,0.0,0.0,0.0,0.0,0.0,0.0,0.0,0.0,0.0,0.0
EMP041,2026-03-28,0.0,0.0,0.0,0.0,0.0,0.0,0.0,0.0,0.0,0.0
EMP041,2026-03-29,0.0,0.0,0.0,0.0,0.0,0.0,0.0,0.0,0.0,0.0
EMP041,2026-03-30,0.0,0.0,0.0,0.0,0.0,0.0,0.0,0.0,0.0,0.0
EMP041,2026-03-31,0.0,0.0,0.0,0.0,0.0,0.0,0.0,0.0,0.0,0.0
EMP042,2026-01-01,0.0,0.0,0.0,0.0,0.0,0.0,0.0,0.0,0.0,0.0
EMP042,2026-01-02,0.0,0.0,0.0,0.0,0.0,0.0,0.0,0.0,0.0,0.0
EMP042,2026-01-03,0.0,0.0,0.0,0.0,0.0,0.0,0.0,0.0,0.0,0.0
EMP042,2026-01-04,0.0,0.0,0.0,0.0,0.0,0.0,0.0,0.0,0.0,0.0
EMP042,2026-01-05,0.0,0.0,0.0,0.0,0.0,0.0,0.0,0.0,0.0,0.0
EMP042,2026-01-06,0.0,0.0,0.0,0.0,0.0,0.0,0.0,0.0,0.0,0.0
EMP042,2026-01-07,0.0,0.0,0.0,0.0,0.0,0.0,0.0,0.0,0.0,0.0
EMP042,2026-01-08,0.0,0.0,0.0,0.0,0.0,0.0,0.0,0.0,0.0,0.0
EMP042,2026-01-09,0.0,0.0,0.0,0.0,0.0,0.0,0.0,0.0,0.0,0.0
EMP042,2026-01-10,0.0,0.0,0.0,0.0,0.0,0.0,0.0,0.0,0.0,0.0
EMP042,2026-01-11,0.0,0.0,0.0,0.0,0.0,0.0,0.0,0.0,0.0,0.0
EMP042,2026-01-12,0.0,0.0,0.0,0.0,0.0,0.0,0.0,0.0,0.0,0.0
EMP042,2026-01-13,0.0,0.0,0.0,0.0,0.0,0.0,0.0,0.0,0.0,0.0
EMP042,2026-01-14,0.0,0.0,0.0,0.0,0.0,0.0,0.0,0.0,0.0,0.0
EMP042,2026-01-15,0.0,0.0,0.0,0.0,0.0,0.0,0.0,0.0,0.0,0.0
EMP042,2026-01-16,0.0,0.0,0.0,0.0,0.0,0.0,0.0,0.0,0.0,0.0
EMP042,2026-01-17,0.0,0.0,0.0,0.0,0.0,0.0,0.0,0.0,0.0,0.0
EMP042,2026-01-18,0.0,0.0,0.0,0.0,0.0,0.0,0.0,0.0,0.0,0.0
EMP042,2026-01-19,0.0,0.0,0.0,0.0,0.0,0.0,0.0,0.0,0.0,0.0
EMP042,2026-01-20,0.0,0.0,0.0,0.0,0.0,0.0,0.0,0.0,0.0,0.0
EMP042,2026-01-21,0.0,0.0,0.0,0.0,0.0,0.0,0.0,0.0,0.0,0.0
EMP042,2026-01-22,0.0,0.0,0.0,0.0,0.0,0.0,0.0,0.0,0.0,0.0
EMP042,2026-01-23,0.0,0.0,0.0,0.0,0.0,0.0,0.0,0.0,0.0,0.0
EMP042,2026-01-24,0.0,0.0,0.0,0.0,0.0,0.0,0.0,0.0,0.0,0.0
EMP042,2026-01-25,0.0,0.0,0.0,0.0,0.0,0.0,0.0,0.0,0.0,0.0
EMP042,2026-01-26,0.0,0.0,0.0,0.0,0.0,0.0,0.0,0.0,0.0,0.0
EMP042,2026-01-27,0.0,0.0,0.0,0.0,0.0,0.0,0.0,0.0,0.0,0.0
EMP042,2026-01-28,0.0,0.0,0.0,0.0,0.0,0.0,0.0,0.0,0.0,0.0
EMP042,2026-01-29,0.0,0.0,0.0,0.0,0.0,0.0,0.0,0.0,0.0,0.0
EMP042,2026-01-30,0.0,0.0,0.0,0.0,0.0,0.0,0.0,0.0,0.0,0.0
EMP042,2026-01-31,0.0,0.0,0.0,0.0,0.0,0.0,0.0,0.0,0.0,0.0
EMP042,2026-02-01,0.0,0.0,0.0,0.0,0.0,0.0,0.0,0.0,0.0,0.0
EMP042,2026-02-02,0.0,0.0,0.0,0.0,0.0,0.0,0.0,0.0,0.0,0.0
EMP042,2026-02-03,0.0,0.0,0.0,0.0,0.0,0.0,0.0,0.0,0.0,0.0
EMP042,2026-02-04,0.0,0.0,0.0,0.0,0.0,0.0,0.0,0.0,0.0,0.0
EMP042,2026-02-05,0.0,0.0,0.0,0.0,0.0,0.0,0.0,0.0,0.0,0.0
EMP042,2026-02-06,0.0,0.0,0.0,0.0,0.0,0.0,0.0,0.0,0.0,0.0
EMP042,2026-02-07,0.0,0.0,0.0,0.0,0.0,0.0,0.0,0.0,0.0,0.0
EMP042,2026-02-08,0.0,0.0,0.0,0.0,0.0,0.0,0.0,0.0,0.0,0.0
EMP042,2026-02-09,0.0,0.0,0.0,0.0,0.0,0.0,0.0,0.0,0.0,0.0
EMP042,2026-02-10,0.0,0.0,0.0,0.0,0.0,0.0,0.0,0.0,0.0,0.0
EMP042,2026-02-11,0.0,0.0,0.0,0.0,0.0,0.0,0.0,0.0,0.0,0.0
EMP042,2026-02-12,0.0,0.0,0.0,0.0,0.0,0.0,0.0,0.0,0.0,0.0
EMP042,2026-02-13,0.0,0.0,0.0,0.0,0.0,0.0,0.0,0.0,0.0,0.0
EMP042,2026-02-14,0.0,0.0,0.0,0.0,0.0,0.0,0.0,0.0,0.0,0.0
EMP042,2026-02-15,0.0,0.0,0.0,0.0,0.0,0.0,0.0,0.0,0.0,0.0
EMP042,2026-02-16,0.0,0.0,0.0,0.0,0.0,0.0,0.0,0.0,0.0,0.0
EMP042,2026-02-17,0.0,0.0,0.0,0.0,0.0,0.0,0.0,0.0,0.0,0.0
EMP042,2026-02-18,0.0,0.0,0.0,0.0,0.0,0.0,0.0,0.0,0.0,0.0
EMP042,2026-02-19,0.0,0.0,0.0,0.0,0.0,0.0,0.0,0.0,0.0,0.0
EMP042,2026-02-20,0.0,0.0,0.0,0.0,0.0,0.0,0.0,0.0,0.0,0.0
EMP042,2026-02-21,0.0,0.0,0.0,0.0,0.0,0.0,0.0,0.0,0.0,0.0
EMP042,2026-02-22,0.0,0.0,0.0,0.0,0.0,0.0,0.0,0.0,0.0,0.0
EMP042,2026-02-23,0.0,0.0,0.0,0.0,0.0,0.0,0.0,0.0,0.0,0.0
EMP042,2026-02-24,0.0,0.0,0.0,0.0,0.0,0.0,0.0,0.0,0.0,0.0
EMP042,2026-02-25,0.0,0.0,0.0,0.0,0.0,0.0,0.0,0.0,0.0,0.0
EMP042,2026-02-26,0.0,0.0,0.0,0.0,0.0,0.0,0.0,0.0,0.0,0.0
EMP042,2026-02-27,0.0,0.0,0.0,0.0,0.0,0.0,0.0,0.0,0.0,0.0
EMP042,2026-02-28,0.0,0.0,0.0,0.0,0.0,0.0,0.0,0.0,0.0,0.0
EMP042,2026-03-01,0.0,0.0,0.0,0.0,0.0,0.0,0.0,0.0,0.0,0.0
EMP042,2026-03-02,0.0,0.0,0.0,0.0,0.0,0.0,0.0,0.0,0.0,0.0
EMP042,2026-03-03,0.0,0.0,0.0,0.0,0.0,0.0,0.0,0.0,0.0,0.0
EMP042,2026-03-04,0.0,0.0,0.0,0.0,0.0,0.0,0.0,0.0,0.0,0.0
EMP042,2026-03-05,0.0,0.0,0.0,0.0,0.0,0.0,0.0,0.0,0.0,0.0
EMP042,2026-03-06,0.0,0.0,0.0,0.0,0.0,0.0,0.0,0.0,0.0,0.0
EMP042,2026-03-07,0.0,0.0,0.0,0.0,0.0,0.0,0.0,0.0,0.0,0.0
EMP042,2026-03-08,0.0,0.0,0.0,0.0,0.0,0.0,0.0,0.0,0.0,0.0
EMP042,2026-03-09,0.0,0.0,0.0,0.0,0.0,0.0,0.0,0.0,0.0,0.0
EMP042,2026-03-10,0.0,0.0,0.0,0.0,0.0,0.0,0.0,0.0,0.0,0.0
EMP042,2026-03-11,0.0,0.0,0.0,0.0,0.0,0.0,0.0,0.0,0.0,0.0
EMP042,2026-03-12,0.0,0.0,0.0,0.0,0.0,0.0,0.0,0.0,0.0,0.0
EMP042,2026-03-13,0.0,0.0,0.0,0.0,0.0,0.0,0.0,0.0,0.0,0.0
EMP042,2026-03-14,0.0,0.0,0.0,0.0,0.0,0.0,0.0,0.0,0.0,0.0
EMP042,2026-03-15,0.0,0.0,0.0,0.0,0.0,0.0,0.0,0.0,0.0,0.0
EMP042,2026-03-16,0.0,0.0,0.0,0.0,0.0,0.0,0.0,0.0,0.0,0.0
EMP042,2026-03-17,0.0,0.0,0.0,0.0,0.0,0.0,0.0,0.0,0.0,0.0
EMP042,2026-03-18,0.0,0.0,0.0,0.0,0.0,0.0,0.0,0.0,0.0,0.0
EMP042,2026-03-19,0.0,0.0,0.0,0.0,0.0,0.0,0.0,0.0,0.0,0.0
EMP042,2026-03-20,0.0,0.0,0.0,0.0,0.0,0.0,0.0,0.0,0.0,0.0
EMP042,2026-03-21,0.0,0.0,0.0,0.0,0.0,0.0,0.0,0.0,0.0,0.0
EMP042,2026-03-22,0.0,0.0,0.0,0.0,0.0,0.0,0.0,0.0,0.0,0.0
EMP042,2026-03-23,0.0,0.0,0.0,0.0,0.0,0.0,0.0,0.0,0.0,0.0
EMP042,2026-03-24,0.0,0.0,0.0,0.0,0.0,0.0,0.0,0.0,0.0,0.0
EMP042,2026-03-25,0.0,0.0,0.0,0.0,0.0,0.0,0.0,0.0,0.0,0.0
EMP042,2026-03-26,0.0,0.0,0.0,0.0,0.0,0.0,0.0,0.0,0.0,0.0
EMP042,2026-03-27,0.0,0.0,0.0,0.0,0.0,0.0,0.0,0.0,0.0,0.0
EMP042,2026-03-28,0.0,0.0,0.0,0.0,0.0,0.0,0.0,0.0,0.0,0.0
EMP042,2026-03-29,0.0,0.0,0.0,0.0,0.0,0.0,0.0,0.0,0.0,0.0
EMP042,2026-03-30,0.0,0.0,0.0,0.0,0.0,0.0,0.0,0.0,0.0,0.0
EMP042,2026-03-31,0.0,0.0,0.0,0.0,0.0,0.0,0.0,0.0,0.0,0.0
EMP043,2026-01-01,0.0,0.0,0.0,0.0,0.0,0.0,0.0,0.0,0.0,0.0
EMP043,2026-01-02,0.0,0.0,0.0,0.0,0.0,0.0,0.0,0.0,0.0,0.0
EMP043,2026-01-03,15.5,15.5,15.5,0.0,0.0,15.5,15.5,0.0,0.0,0.0
EMP043,2026-01-04,12.67,12.67,12.67,0.0,0.0,13.27,13.27,3.5,0.0,0.0
EMP043,2026-01-05,9.5,9.5,9.5,0.0,0.0,12.74,12.74,-2.4,0.0,0.0
EMP043,2026-01-06,13.6,13.6,13.6,0.0,0.0,14.04,14.04,2.9,0.0,0.0
EMP043,2026-01-07,17.0,17.0,17.0,0.0,0.0,14.9,14.9,4.5714,0.0,0.0
EMP043,2026-01-08,18.43,18.43,18.43,0.0,0.0,14.23,14.23,3.9286,0.0,0.0
EMP043,2026-01-09,21.43,18.75,18.75,0.0,0.0,12.08,13.34,2.8333,0.0,0.0
EMP043,2026-01-10,21.14,19.89,19.89,0.0,0.0,11.87,12.98,2.6667,0.0,0.0
EMP043,2026-01-11,21.57,18.9,18.9,0.0,0.0,11.4,12.67,1.4,0.0,0.0
EMP043,2026-01-12,21.57,17.18,17.18,0.0,0.0,11.4,13.24,0.1909,0.0,0.0
EMP043,2026-01-13,19.14,16.83,16.83,0.0,0.0,11.15,12.73,-0.014,0.0,0.0
EMP043,2026-01-14,16.43,16.69,16.69,0.0,0.0,9.38,12.24,-0.0714,0.0,0.0
EMP043,2026-01-15,16.0,17.21,17.21,0.0,0.0,8.94,11.95,0.1516,0.0,0.0
EMP043,2026-01-16,15.43,18.43,17.2,0.0,0.0,8.73,11.54,0.1179,0.0,0.0
EMP043,2026-01-17,13.57,17.36,17.12,0.0,0.0,6.82,11.18,0.0706,0.0,0.0
EMP043,2026-01-18,13.14,17.36,16.53,0.0,0.0,7.12,11.1,-0.1397,0.0,0.0
EMP043,2026-01-19,13.14,17.36,15.61,0.0,0.0,7.12,11.44,-0.4076,0.0,0.0
EMP043,2026-01-20,13.14,16.14,15.47,0.0,0.0,7.12,11.15,-0.3877,0.0,0.0
EMP043,2026-01-21,14.0,15.21,15.75,0.0,0.0,7.63,10.93,-0.2534,0.0,0.0
EMP043,2026-01-22,13.14,14.57,15.86,0.0,0.0,6.75,10.68,-0.1896,0.0,0.0
EMP043,2026-01-23,13.86,14.64,16.14,0.0,0.0,7.36,10.51,-0.092,0.0,0.0
EMP043,2026-01-24,14.71,14.14,16.39,0.0,0.0,7.89,10.35,-0.0168,0.0,0.0
EMP043,2026-01-25,14.43,13.79,15.92,0.0,0.0,8.19,10.38,-0.1287,0.0,0.0
EMP043,2026-01-26,14.43,13.79,15.28,0.0,0.0,8.19,10.64,-0.2608,0.0,0.0
EMP043,2026-01-27,12.57,12.86,14.69,0.0,0.0,9.65,10.84,-0.3624,0.0,0.0
EMP043,2026-01-28,12.0,13.0,14.78,0.0,0.0,9.24,10.65,-0.3053,0.0,0.0
EMP043,2026-01-29,11.43,12.29,14.75,0.0,0.0,8.97,10.46,-0.2794,0.0,0.0
EMP043,2026-01-30,14.14,14.0,15.66,0.0,0.0,13.5,11.34,-0.0704,0.0,0.0
EMP043,2026-01-31,14.43,14.57,15.93,0.0,0.0,13.68,11.25,-0.0098,0.0,0.0
EMP043,2026-02-01,14.86,14.64,16.2,0.0,0.0,13.42,10.96,-0.1709,0.0,0.0
EMP043,2026-02-02,14.86,14.64,15.17,0.0,0.0,13.42,10.97,-0.1733,0.0,0.0
EMP043,2026-02-03,18.43,15.5,15.77,0.0,0.0,12.27,11.0,-0.1662,0.0,0.0
EMP043,2026-02-04,18.43,15.21,16.33,0.0,0.0,12.27,10.61,-0.267,0.0,0.0
EMP043,2026-02-05,16.43,13.93,15.33,0.0,0.0,13.87,10.68,-0.2781,0.0,0.0
EMP043,2026-02-06,12.86,13.5,14.73,0.0,0.0,9.66,10.11,-0.1451,0.0,0.0
EMP043,2026-02-07,13.29,13.86,14.73,0.0,0.0,10.19,10.11,0.0187,0.0,0.0
EMP043,2026-02-08,12.14,13.5,14.03,0.0,0.0,11.13,10.37,-0.0331,0.0,0.0
EMP043,2026-02-09,12.14,13.5,13.07,0.0,0.0,11.13,10.29,-0.0205,0.0,0.0
EMP043,2026-02-10,12.71,15.57,13.7,0.0,0.0,11.85,10.66,0.0612,0.0,0.0
EMP043,2026-02-11,13.43,15.93,14.43,0.0,0.0,12.23,10.44,0.0202,0.0,0.0
EMP043,2026-02-12,16.14,16.29,14.63,0.0,0.0,11.0,10.47,0.0398,0.0,0.0
EMP043,2026-02-13,17.43,15.14,14.97,0.0,0.0,11.42,10.63,0.1092,0.0,0.0
EMP043,2026-02-14,15.29,14.29,14.57,0.0,0.0,10.82,10.51,0.1524,0.0,0.0
EMP043,2026-02-15,16.71,14.43,14.33,0.0,0.0,9.25,10.53,0.1397,0.0,0.0
EMP043,2026-02-16,16.71,14.43,13.8,0.0,0.0,9.25,10.84,0.0587,0.0,0.0
EMP043,2026-02-17,14.71,13.71,14.07,0.0,0.0,7.78,10.76,0.0196,0.0,0.0
EMP043,2026-02-18,11.57,12.5,14.07,0.0,0.0,8.6,10.76,-0.1682,0.0,0.0
EMP043,2026-02-19,12.57,14.36,14.5,0.0,0.0,9.74,10.97,-0.0986,0.0,0.0
EMP043,2026-02-20,12.86,15.14,14.7,0.0,0.0,10.12,11.14,0.0269,0.0,0.0
EMP043,2026-02-21,14.71,15.0,14.93,0.0,0.0,10.95,11.28,0.1161,0.0,0.0
EMP043,2026-02-22,14.14,15.43,14.4,0.0,0.0,11.28,11.31,0.1072,0.0,0.0
EMP043,2026-02-23,14.14,15.43,13.67,0.0,0.0,11.28,11.51,0.0667,0.0,0.0
EMP043,2026-02-24,14.57,14.64,14.1,0.0,0.0,11.36,11.42,0.0349,0.0,0.0
EMP043,2026-02-25,18.43,15.0,15.0,0.0,0.0,10.29,11.33,0.0209,0.0,0.0
EMP043,2026-02-26,16.71,14.64,15.47,0.0,0.0,9.88,10.99,-0.089,0.0,0.0
EMP043,2026-02-27,17.29,15.07,15.93,0.0,0.0,10.55,11.34,0.0218,0.0,0.0
EMP043,2026-02-28,17.57,16.14,16.37,0.0,0.0,10.78,11.5,0.0799,0.0,0.0
EMP043,2026-03-01,19.29,16.71,15.6,0.0,0.0,9.71,10.56,0.2603,0.0,0.0
EMP043,2026-03-02,19.29,16.71,14.8,0.0,0.0,9.71,10.8,0.2176,0.0,0.0
EMP043,2026-03-03,16.71,15.64,14.53,0.0,0.0,11.85,11.06,0.0752,0.0,0.0
EMP043,2026-03-04,16.43,17.43,15.37,0.0,0.0,11.62,10.88,0.0425,0.0,0.0
EMP043,2026-03-05,18.14,17.43,15.4,0.0,0.0,12.02,10.91,0.1775,0.0,0.0
EMP043,2026-03-06,16.29,16.79,15.43,0.0,0.0,10.83,10.91,0.2053,0.0,0.0
EMP043,2026-03-07,14.71,16.14,15.97,0.0,0.0,9.92,10.53,0.1026,0.0,0.0
EMP043,2026-03-08,12.14,15.71,15.43,0.0,0.0,11.01,10.91,-0.0002,0.0,0.0
EMP043,2026-03-09,12.14,15.71,14.53,0.0,0.0,11.01,11.04,-0.02,0.0,0.0
EMP043,2026-03-10,15.86,16.29,15.4,0.0,0.0,10.67,10.88,-0.0463,0.0,0.0
EMP043,2026-03-11,14.43,15.43,15.9,0.0,0.0,10.0,10.5,-0.1551,0.0,0.0
EMP043,2026-03-12,14.43,16.29,15.8,0.0,0.0,10.0,10.39,0.0004,0.0,0.0
EMP043,2026-03-13,14.43,15.36,15.67,0.0,0.0,10.0,10.33,0.0574,0.0,0.0
EMP043,2026-03-14,14.71,14.71,15.63,0.0,0.0,10.07,10.32,0.0954,0.0,0.0
EMP043,2026-03-15,15.86,14.0,15.07,0.0,0.0,8.69,10.26,0.1108,0.0,0.0
EMP043,2026-03-16,15.86,14.0,14.67,0.0,0.0,8.69,10.6,-0.0076,0.0,0.0
EMP043,2026-03-17,16.0,15.93,15.23,0.0,0.0,8.86,10.79,0.0398,0.0,0.0
EMP043,2026-03-18,15.86,15.14,15.7,0.0,0.0,8.89,10.42,-0.0732,0.0,0.0
EMP043,2026-03-19,14.86,14.64,15.83,0.0,0.0,8.04,10.43,-0.0567,0.0,0.0
EMP043,2026-03-20,14.14,14.29,16.27,0.0,0.0,7.95,10.03,-0.1842,0.0,0.0
EMP043,2026-03-21,15.29,15.0,16.27,0.0,0.0,8.94,10.03,-0.0543,0.0,0.0
EMP043,2026-03-22,14.86,15.36,15.53,0.0,0.0,9.34,10.02,-0.0529,0.0,0.0
EMP043,2026-03-23,14.86,15.36,14.7,0.0,0.0,9.34,10.23,-0.0879,0.0,0.0
EMP043,2026-03-24,11.0,13.5,14.5,0.0,0.0,9.1,10.46,-0.2427,0.0,0.0
EMP043,2026-03-25,13.86,14.86,15.63,0.0,0.0,12.21,10.67,-0.2169,0.0,0.0
EMP043,2026-03-26,11.29,13.07,15.07,0.0,0.0,12.74,10.97,-0.295,0.0,0.0
EMP043,2026-03-27,16.43,15.29,15.8,0.0,0.0,18.4,12.39,0.0062,0.0,0.0
EMP043,2026-03-28,16.14,15.71,16.13,0.0,0.0,18.26,12.47,0.0467,0.0,0.0
EMP043,2026-03-29,17.14,16.0,15.5,0.0,0.0,17.81,12.18,0.1226,0.0,0.0
EMP043,2026-03-30,17.14,16.0,14.6,0.0,0.0,17.81,12.29,0.1019,0.0,0.0
EMP043,2026-03-31,23.29,17.14,15.43,0.0,0.0,18.25,13.3,0.3086,0.0,0.0
EMP044,2026-01-01,0.0,0.0,0.0,0.0,0.0,0.0,0.0,0.0,0.0,0.0
EMP044,2026-01-02,0.0,0.0,0.0,0.0,0.0,0.0,0.0,0.0,0.0,0.0
EMP044,2026-01-03,13.0,13.0,13.0,0.0,0.0,13.0,13.0,0.0,0.0,0.0
EMP044,2026-01-04,10.67,10.67,10.67,0.0,0.0,11.12,11.12,3.0,0.0,0.0
EMP044,2026-01-05,8.0,8.0,8.0,0.0,0.0,10.68,10.68,-2.0,0.0,0.0
EMP044,2026-01-06,11.8,11.8,11.8,0.0,0.0,12.2,12.2,2.8,0.0,0.0
EMP044,2026-01-07,14.0,14.0,14.0,0.0,0.0,12.18,12.18,3.4857,0.0,0.0
EMP044,2026-01-08,12.86,12.86,12.86,0.0,0.0,11.62,11.62,1.3214,0.0,0.0
EMP044,2026-01-09,16.14,14.12,14.12,0.0,0.0,10.74,11.37,1.7262,0.0,0.0
EMP044,2026-01-10,15.71,15.11,15.11,0.0,0.0,10.39,11.08,1.8,0.0,0.0
EMP044,2026-01-11,15.43,14.0,14.0,0.0,0.0,10.68,11.03,0.703,0.0,0.0
EMP044,2026-01-12,15.43,12.73,12.73,0.0,0.0,10.68,11.26,-0.1091,0.0,0.0
EMP044,2026-01-13,15.0,13.67,13.67,0.0,0.0,10.25,11.22,0.3497,0.0,0.0
EMP044,2026-01-14,12.43,13.15,13.15,0.0,0.0,9.66,10.93,0.0549,0.0,0.0
EMP044,2026-01-15,13.71,13.29,13.29,0.0,0.0,9.32,10.54,0.0967,0.0,0.0
EMP044,2026-01-16,13.14,14.64,13.67,0.0,0.0,8.84,10.28,0.2214,0.0,0.0
EMP044,2026-01-17,13.29,14.5,14.31,0.0,0.0,9.0,10.26,0.4103,0.0,0.0
EMP044,2026-01-18,13.29,14.36,13.71,0.0,0.0,9.0,10.25,0.1397,0.0,0.0
EMP044,2026-01-19,13.29,14.36,12.94,0.0,0.0,9.0,10.44,-0.1228,0.0,0.0
EMP044,2026-01-20,12.43,13.71,13.21,0.0,0.0,8.19,10.23,-0.0246,0.0,0.0
EMP044,2026-01-21,14.0,13.21,13.45,0.0,0.0,8.05,10.02,0.0474,0.0,0.0
EMP044,2026-01-22,15.0,14.36,13.86,0.0,0.0,8.54,9.95,0.1519,0.0,0.0
EMP044,2026-01-23,14.0,13.57,13.77,0.0,0.0,8.42,9.73,0.1101,0.0,0.0
EMP044,2026-01-24,12.57,12.93,13.78,0.0,0.0,7.38,9.51,0.0988,0.0,0.0
EMP044,2026-01-25,13.0,13.14,13.5,0.0,0.0,6.95,9.41,0.0191,0.0,0.0
EMP044,2026-01-26,13.0,13.14,12.96,0.0,0.0,6.95,9.59,-0.1077,0.0,0.0
EMP044,2026-01-27,10.43,11.43,12.46,0.0,0.0,7.89,9.73,-0.2065,0.0,0.0
EMP044,2026-01-28,10.71,12.36,12.74,0.0,0.0,8.19,9.66,-0.1245,0.0,0.0
EMP044,2026-01-29,11.0,13.0,13.14,0.0,0.0,8.6,9.71,-0.0285,0.0,0.0
EMP044,2026-01-30,14.71,14.36,14.0,0.0,0.0,12.81,10.56,0.1458,0.0,0.0
EMP044,2026-01-31,18.57,15.57,14.9,0.0,0.0,15.75,11.46,0.3059,0.0,0.0
EMP044,2026-02-01,18.71,15.86,15.17,0.0,0.0,15.65,11.2,0.1586,0.0,0.0
EMP044,2026-02-02,18.71,15.86,14.3,0.0,0.0,15.65,11.33,0.1355,0.0,0.0
EMP044,2026-02-03,20.71,15.57,14.57,0.0,0.0,13.93,11.23,0.0763,0.0,0.0
EMP044,2026-02-04,20.71,15.71,15.23,0.0,0.0,13.93,10.94,0.0109,0.0,0.0
EMP044,2026-02-05,19.14,15.07,14.77,0.0,0.0,14.09,10.72,0.0776,0.0,0.0
EMP044,2026-02-06,16.0,15.36,14.47,0.0,0.0,11.8,10.55,0.1562,0.0,0.0
EMP044,2026-02-07,14.14,16.36,15.2,0.0,0.0,8.18,10.7,0.1851,0.0,0.0
EMP044,2026-02-08,13.43,16.07,14.53,0.0,0.0,8.88,10.82,0.1602,0.0,0.0
EMP044,2026-02-09,13.43,16.07,13.77,0.0,0.0,8.88,11.01,0.1248,0.0,0.0
EMP044,2026-02-10,14.0,17.36,14.23,0.0,0.0,9.02,10.88,0.0848,0.0,0.0
EMP044,2026-02-11,14.57,17.64,15.03,0.0,0.0,9.5,10.68,0.0496,0.0,0.0
EMP044,2026-02-12,12.71,15.93,14.23,0.0,0.0,10.81,10.88,0.0145,0.0,0.0
EMP044,2026-02-13,10.43,13.21,14.0,0.0,0.0,11.54,11.1,-0.1273,0.0,0.0
EMP044,2026-02-14,7.71,10.93,13.8,0.0,0.0,9.05,11.14,-0.1526,0.0,0.0
EMP044,2026-02-15,8.14,10.79,13.37,0.0,0.0,8.89,11.18,-0.1671,0.0,0.0
EMP044,2026-02-16,8.14,10.79,12.57,0.0,0.0,8.89,11.25,-0.18,0.0,0.0
EMP044,2026-02-17,7.57,10.79,12.9,0.0,0.0,8.35,11.14,-0.2298,0.0,0.0
EMP044,2026-02-18,7.86,11.21,13.77,0.0,0.0,8.92,11.11,-0.2343,0.0,0.0
EMP044,2026-02-19,11.29,12.0,13.97,0.0,0.0,9.81,11.24,-0.139,0.0,0.0
EMP044,2026-02-20,14.71,12.57,14.17,0.0,0.0,9.45,11.36,-0.0465,0.0,0.0
EMP044,2026-02-21,15.0,11.36,13.8,0.0,0.0,9.3,11.28,-0.0129,0.0,0.0
EMP044,2026-02-22,14.71,11.43,13.53,0.0,0.0,9.6,11.41,-0.0885,0.0,0.0
EMP044,2026-02-23,14.71,11.43,13.07,0.0,0.0,9.6,11.67,-0.1726,0.0,0.0
EMP044,2026-02-24,14.29,10.93,13.2,0.0,0.0,9.69,11.62,-0.2278,0.0,0.0
EMP044,2026-02-25,14.0,10.93,14.0,0.0,0.0,9.37,11.51,-0.2492,0.0,0.0
EMP044,2026-02-26,13.0,12.14,14.57,0.0,0.0,8.59,11.22,-0.3264,0.0,0.0
EMP044,2026-02-27,13.14,13.93,14.73,0.0,0.0,8.77,11.34,-0.2216,0.0,0.0
EMP044,2026-02-28,13.86,14.43,14.47,0.0,0.0,8.77,11.21,-0.1495,0.0,0.0
EMP044,2026-03-01,15.43,15.07,13.7,0.0,0.0,7.8,10.33,0.0162,0.0,0.0
EMP044,2026-03-02,15.43,15.07,12.33,0.0,0.0,7.8,9.28,0.1161,0.0,0.0
EMP044,2026-03-03,13.86,14.07,12.07,0.0,0.0,9.46,9.51,0.0067,0.0,0.0
EMP044,2026-03-04,12.57,13.29,12.57,0.0,0.0,8.57,9.26,-0.0576,0.0,0.0
EMP044,2026-03-05,12.43,12.71,12.63,0.0,0.0,8.5,9.28,-0.0256,0.0,0.0
EMP044,2026-03-06,10.57,11.86,12.37,0.0,0.0,6.8,9.17,0.0211,0.0,0.0
EMP044,2026-03-07,10.14,12.0,12.37,0.0,0.0,6.53,9.17,0.0296,0.0,0.0
EMP044,2026-03-08,8.29,11.86,11.9,0.0,0.0,6.73,9.33,-0.0122,0.0,0.0
EMP044,2026-03-09,8.29,11.86,10.97,0.0,0.0,6.73,9.07,0.022,0.0,0.0
EMP044,2026-03-10,10.14,12.0,11.3,0.0,0.0,5.94,8.96,-0.0198,0.0,0.0
EMP044,2026-03-11,10.43,11.5,11.87,0.0,0.0,6.21,8.76,-0.061,0.0,0.0
EMP044,2026-03-12,9.86,11.14,11.67,0.0,0.0,5.84,8.68,-0.0178,0.0,0.0
EMP044,2026-03-13,9.57,10.07,11.2,0.0,0.0,5.78,8.38,0.0565,0.0,0.0
EMP044,2026-03-14,10.0,10.07,11.73,0.0,0.0,6.12,8.16,0.0102,0.0,0.0
EMP044,2026-03-15,10.43,9.36,11.9,0.0,0.0,5.63,7.96,-0.1141,0.0,0.0
EMP044,2026-03-16,10.43,9.36,11.6,0.0,0.0,5.63,8.23,-0.2109,0.0,0.0
EMP044,2026-03-17,11.0,10.57,11.97,0.0,0.0,6.05,8.22,-0.2147,0.0,0.0
EMP044,2026-03-18,11.29,10.86,12.6,0.0,0.0,6.36,8.0,-0.2518,0.0,0.0
EMP044,2026-03-19,12.57,11.21,12.83,0.0,0.0,7.23,8.14,-0.188,0.0,0.0
EMP044,2026-03-20,13.29,11.43,12.47,0.0,0.0,7.19,7.78,-0.0832,0.0,0.0
EMP044,2026-03-21,14.14,12.07,12.4,0.0,0.0,7.79,7.69,0.0578,0.0,0.0
EMP044,2026-03-22,13.71,12.07,11.67,0.0,0.0,8.34,7.6,0.0707,0.0,0.0
EMP044,2026-03-23,13.71,12.07,11.3,0.0,0.0,8.34,7.88,-0.0091,0.0,0.0
EMP044,2026-03-24,13.43,12.21,11.67,0.0,0.0,8.26,7.79,-0.0356,0.0,0.0
EMP044,2026-03-25,13.43,12.36,12.3,0.0,0.0,8.26,7.58,-0.0687,0.0,0.0
EMP044,2026-03-26,14.29,13.43,12.83,0.0,0.0,9.25,8.02,0.0171,0.0,0.0
EMP044,2026-03-27,16.43,14.86,13.03,0.0,0.0,10.78,8.36,0.2049,0.0,0.0
EMP044,2026-03-28,20.0,17.07,14.03,0.0,0.0,15.25,10.34,0.4514,0.0,0.0
EMP044,2026-03-29,21.29,17.5,13.57,0.0,0.0,14.01,10.15,0.5075,0.0,0.0
EMP044,2026-03-30,21.29,17.5,13.03,0.0,0.0,14.01,10.42,0.4367,0.0,0.0
EMP044,2026-03-31,25.29,19.36,13.97,0.0,0.0,15.55,11.73,0.6436,0.0,0.0
EMP045,2026-01-01,0.0,0.0,0.0,0.0,0.0,0.0,0.0,0.0,0.0,0.0
EMP045,2026-01-02,0.0,0.0,0.0,0.0,0.0,0.0,0.0,0.0,0.0,0.0
EMP045,2026-01-03,11.0,11.0,11.0,0.0,0.0,11.0,11.0,0.0,0.0,0.0
EMP045,2026-01-04,11.67,11.67,11.67,0.0,0.0,9.03,9.03,6.5,0.0,0.0
EMP045,2026-01-05,8.75,8.75,8.75,0.0,0.0,9.31,9.31,-0.9,0.0,0.0
EMP045,2026-01-06,11.8,11.8,11.8,0.0,0.0,10.32,10.32,2.6,0.0,0.0
EMP045,2026-01-07,13.0,13.0,13.0,0.0,0.0,9.8,9.8,2.5143,0.0,0.0
EMP045,2026-01-08,14.43,14.43,14.43,0.0,0.0,9.72,9.72,2.6429,0.0,0.0
EMP045,2026-01-09,14.43,12.62,12.62,0.0,0.0,9.72,10.27,0.5595,0.0,0.0
EMP045,2026-01-10,15.43,14.44,14.44,0.0,0.0,10.76,10.97,1.4833,0.0,0.0
EMP045,2026-01-11,14.29,13.5,13.5,0.0,0.0,11.36,10.78,0.5636,0.0,0.0
EMP045,2026-01-12,14.29,12.27,12.27,0.0,0.0,11.36,10.99,-0.1909,0.0,0.0
EMP045,2026-01-13,12.86,12.42,12.42,0.0,0.0,10.66,10.53,-0.0804,0.0,0.0
EMP045,2026-01-14,13.71,13.38,13.38,0.0,0.0,11.34,10.66,0.3516,0.0,0.0
EMP045,2026-01-15,13.29,13.86,13.86,0.0,0.0,11.03,10.41,0.4703,0.0,0.0
EMP045,2026-01-16,15.0,14.71,13.73,0.0,0.0,9.68,10.07,0.3357,0.0,0.0
EMP045,2026-01-17,12.86,14.14,13.75,0.0,0.0,7.83,9.75,0.2824,0.0,0.0
EMP045,2026-01-18,12.86,13.57,13.24,0.0,0.0,7.83,9.68,0.0637,0.0,0.0
EMP045,2026-01-19,12.86,13.57,12.5,0.0,0.0,7.83,9.88,-0.1785,0.0,0.0
EMP045,2026-01-20,14.71,13.79,13.26,0.0,0.0,9.28,10.15,0.0772,0.0,0.0
EMP045,2026-01-21,12.14,12.93,12.95,0.0,0.0,8.54,9.99,-0.0233,0.0,0.0
EMP045,2026-01-22,11.14,12.21,12.95,0.0,0.0,7.95,9.75,-0.0195,0.0,0.0
EMP045,2026-01-23,11.43,13.21,13.0,0.0,0.0,8.02,9.53,-0.0045,0.0,0.0
EMP045,2026-01-24,11.86,12.36,13.17,0.0,0.0,8.22,9.35,0.0395,0.0,0.0
EMP045,2026-01-25,12.43,12.64,13.0,0.0,0.0,7.85,9.19,-0.007,0.0,0.0
EMP045,2026-01-26,12.43,12.64,12.48,0.0,0.0,7.85,9.36,-0.1262,0.0,0.0
EMP045,2026-01-27,8.57,11.64,12.0,0.0,0.0,6.21,9.49,-0.2188,0.0,0.0
EMP045,2026-01-28,11.29,11.71,12.52,0.0,0.0,8.61,9.68,-0.0842,0.0,0.0
EMP045,2026-01-29,9.57,10.36,12.11,0.0,0.0,9.27,9.74,-0.1606,0.0,0.0
EMP045,2026-01-30,10.71,11.07,12.45,0.0,0.0,10.19,9.74,-0.0764,0.0,0.0
EMP045,2026-01-31,12.29,12.07,12.97,0.0,0.0,11.77,9.97,0.0314,0.0,0.0
EMP045,2026-02-01,11.71,12.07,13.13,0.0,0.0,12.01,9.8,-0.1095,0.0,0.0
EMP045,2026-02-02,11.71,12.07,12.4,0.0,0.0,12.01,9.93,-0.133,0.0,0.0
EMP045,2026-02-03,16.0,12.29,12.97,0.0,0.0,12.41,10.42,-0.0154,0.0,0.0
EMP045,2026-02-04,15.14,13.21,13.63,0.0,0.0,11.89,10.21,-0.0594,0.0,0.0
EMP045,2026-02-05,17.71,13.64,13.47,0.0,0.0,10.4,10.08,0.0467,0.0,0.0
EMP045,2026-02-06,17.0,13.86,13.4,0.0,0.0,10.25,10.05,0.1077,0.0,0.0
EMP045,2026-02-07,17.57,14.93,13.7,0.0,0.0,10.94,10.45,0.2939,0.0,0.0
EMP045,2026-02-08,17.57,14.64,13.87,0.0,0.0,10.94,10.27,0.1433,0.0,0.0
EMP045,2026-02-09,17.57,14.64,12.9,0.0,0.0,10.94,10.17,0.1582,0.0,0.0
EMP045,2026-02-10,15.86,15.93,13.33,0.0,0.0,9.73,10.1,0.1366,0.0,0.0
EMP045,2026-02-11,15.57,15.36,13.93,0.0,0.0,9.63,9.82,0.0747,0.0,0.0
EMP045,2026-02-12,15.43,16.57,14.07,0.0,0.0,9.59,9.85,0.1014,0.0,0.0
EMP045,2026-02-13,14.71,15.86,13.63,0.0,0.0,9.63,9.64,0.1635,0.0,0.0
EMP045,2026-02-14,10.14,13.86,12.97,0.0,0.0,7.75,9.86,0.1195,0.0,0.0
EMP045,2026-02-15,10.0,13.79,12.7,0.0,0.0,7.86,9.99,0.0549,0.0,0.0
EMP045,2026-02-16,10.0,13.79,12.23,0.0,0.0,7.86,10.25,-0.018,0.0,0.0
EMP045,2026-02-17,9.71,12.79,12.6,0.0,0.0,7.59,10.18,-0.0436,0.0,0.0
EMP045,2026-02-18,11.29,13.43,13.57,0.0,0.0,9.92,10.31,-0.0247,0.0,0.0
EMP045,2026-02-19,8.86,12.14,12.7,0.0,0.0,10.06,10.24,-0.0131,0.0,0.0
EMP045,2026-02-20,11.86,13.29,13.57,0.0,0.0,13.2,10.8,0.0785,0.0,0.0
EMP045,2026-02-21,15.29,12.71,13.93,0.0,0.0,12.78,10.96,0.1419,0.0,0.0
EMP045,2026-02-22,16.29,13.14,13.83,0.0,0.0,12.12,10.98,0.1235,0.0,0.0
EMP045,2026-02-23,16.29,13.14,13.27,0.0,0.0,12.12,11.23,0.0561,0.0,0.0
EMP045,2026-02-24,17.43,13.57,13.77,0.0,0.0,12.41,11.37,0.0959,0.0,0.0
EMP045,2026-02-25,16.57,13.93,14.53,0.0,0.0,11.77,11.19,0.0605,0.0,0.0
EMP045,2026-02-26,19.14,14.0,15.17,0.0,0.0,9.91,10.88,-0.0109,0.0,0.0
EMP045,2026-02-27,17.14,14.5,14.93,0.0,0.0,8.17,10.72,0.0885,0.0,0.0
EMP045,2026-02-28,13.71,14.5,14.9,0.0,0.0,9.5,10.76,-0.1039,0.0,0.0
EMP045,2026-03-01,13.43,14.86,14.47,0.0,0.0,9.6,10.73,-0.093,0.0,0.0
EMP045,2026-03-02,13.43,14.86,13.53,0.0,0.0,9.6,10.73,-0.093,0.0,0.0
EMP045,2026-03-03,10.0,13.71,13.37,0.0,0.0,9.5,10.9,-0.2392,0.0,0.0
EMP045,2026-03-04,9.43,13.0,14.0,0.0,0.0,8.8,10.65,-0.295,0.0,0.0
EMP045,2026-03-05,8.71,13.93,13.47,0.0,0.0,8.17,10.23,-0.1846,0.0,0.0
EMP045,2026-03-06,9.43,13.29,13.6,0.0,0.0,9.19,10.34,-0.0716,0.0,0.0
EMP045,2026-03-07,11.86,12.79,13.53,0.0,0.0,8.61,10.31,-0.0125,0.0,0.0
EMP045,2026-03-08,11.43,12.43,13.17,0.0,0.0,8.81,10.38,-0.0372,0.0,0.0
EMP045,2026-03-09,11.43,12.43,12.1,0.0,0.0,8.81,10.02,0.0078,0.0,0.0
EMP045,2026-03-10,13.14,11.57,12.33,0.0,0.0,7.49,9.94,-0.0418,0.0,0.0
EMP045,2026-03-11,14.0,11.71,13.17,0.0,0.0,8.4,9.92,-0.0452,0.0,0.0
EMP045,2026-03-12,14.86,11.79,13.23,0.0,0.0,8.66,9.96,0.0323,0.0,0.0
EMP045,2026-03-13,15.43,12.43,13.57,0.0,0.0,9.35,10.27,0.1604,0.0,0.0
EMP045,2026-03-14,17.29,14.57,13.97,0.0,0.0,10.67,10.66,0.297,0.0,0.0
EMP045,2026-03-15,17.14,14.29,13.73,0.0,0.0,10.83,10.78,0.2256,0.0,0.0
EMP045,2026-03-16,17.14,14.29,13.73,0.0,0.0,10.83,10.78,0.0423,0.0,0.0
EMP045,2026-03-17,18.0,15.57,14.2,0.0,0.0,10.62,10.65,0.0027,0.0,0.0
EMP045,2026-03-18,18.71,16.36,15.2,0.0,0.0,11.22,10.68,0.0067,0.0,0.0
EMP045,2026-03-19,17.71,16.29,15.1,0.0,0.0,11.37,10.68,-0.002,0.0,0.0
EMP045,2026-03-20,15.43,15.43,14.53,0.0,0.0,10.66,10.38,0.0739,0.0,0.0
EMP045,2026-03-21,13.57,15.43,15.07,0.0,0.0,8.96,10.08,-0.0036,0.0,0.0
EMP045,2026-03-22,13.57,15.36,14.13,0.0,0.0,8.96,9.66,0.0552,0.0,0.0
EMP045,2026-03-23,13.57,15.36,13.33,0.0,0.0,8.96,9.8,0.032,0.0,0.0
EMP045,2026-03-24,15.29,16.64,13.97,0.0,0.0,10.63,10.24,0.1235,0.0,0.0
EMP045,2026-03-25,15.29,17.0,14.97,0.0,0.0,10.63,10.29,0.1306,0.0,0.0
EMP045,2026-03-26,15.29,16.5,14.6,0.0,0.0,10.63,10.15,0.1802,0.0,0.0
EMP045,2026-03-27,19.86,17.64,15.3,0.0,0.0,14.44,11.36,0.4278,0.0,0.0
EMP045,2026-03-28,21.57,17.57,15.63,0.0,0.0,14.71,11.61,0.5417,0.0,0.0
EMP045,2026-03-29,22.0,17.79,15.27,0.0,0.0,14.25,11.67,0.5157,0.0,0.0
EMP045,2026-03-30,22.0,17.79,15.27,0.0,0.0,14.25,11.67,0.3119,0.0,0.0
EMP045,2026-03-31,20.71,18.0,15.67,0.0,0.0,13.87,11.65,0.3057,0.0,0.0
EMP046,2026-01-01,0.0,0.0,0.0,0.0,0.0,0.0,0.0,0.0,0.0,0.0
EMP046,2026-01-02,0.0,0.0,0.0,0.0,0.0,0.0,0.0,0.0,0.0,0.0
EMP046,2026-01-03,7.5,7.5,7.5,0.0,0.0,7.5,7.5,0.0,0.0,0.0
EMP046,2026-01-04,8.67,8.67,8.67,0.0,0.0,6.34,6.34,5.5,0.0,0.0
EMP046,2026-01-05,6.5,6.5,6.5,0.0,0.0,6.65,6.65,-0.4,0.0,0.0
EMP046,2026-01-06,7.0,7.0,7.0,0.0,0.0,6.03,6.03,0.3,0.0,0.0
EMP046,2026-01-07,8.0,8.0,8.0,0.0,0.0,5.94,5.94,1.0286,0.0,0.0
EMP046,2026-01-08,9.71,9.71,9.71,0.0,0.0,6.92,6.92,1.9286,0.0,0.0
EMP046,2026-01-09,10.71,9.38,9.38,0.0,0.0,5.87,6.54,1.0595,0.0,0.0
EMP046,2026-01-10,12.43,11.33,11.33,0.0,0.0,8.17,8.29,1.9167,0.0,0.0
EMP046,2026-01-11,11.43,10.6,10.6,0.0,0.0,8.7,8.16,0.9939,0.0,0.0
EMP046,2026-01-12,11.43,9.64,9.64,0.0,0.0,8.7,8.36,0.2636,0.0,0.0
EMP046,2026-01-13,13.57,10.83,10.83,0.0,0.0,9.63,8.93,0.7552,0.0,0.0
EMP046,2026-01-14,13.71,11.08,11.08,0.0,0.0,9.63,8.62,0.6978,0.0,0.0
EMP046,2026-01-15,13.57,11.64,11.64,0.0,0.0,9.54,8.56,0.7846,0.0,0.0
EMP046,2026-01-16,14.0,12.36,11.53,0.0,0.0,9.3,8.28,0.5964,0.0,0.0
EMP046,2026-01-17,13.29,12.86,12.19,0.0,0.0,8.43,8.41,0.7221,0.0,0.0
EMP046,2026-01-18,14.0,12.71,12.0,0.0,0.0,7.8,8.19,0.5392,0.0,0.0
EMP046,2026-01-19,14.0,12.71,11.33,0.0,0.0,7.8,8.42,0.2436,0.0,0.0
EMP046,2026-01-20,13.43,13.5,11.79,0.0,0.0,7.17,8.42,0.3439,0.0,0.0
EMP046,2026-01-21,14.14,13.93,12.15,0.0,0.0,7.43,8.36,0.3977,0.0,0.0
EMP046,2026-01-22,13.14,13.36,12.14,0.0,0.0,7.18,8.15,0.3416,0.0,0.0
EMP046,2026-01-23,13.57,13.79,12.18,0.0,0.0,7.07,7.97,0.3072,0.0,0.0
EMP046,2026-01-24,13.14,13.21,12.48,0.0,0.0,6.62,7.92,0.3429,0.0,0.0
EMP046,2026-01-25,12.86,13.43,12.25,0.0,0.0,6.83,7.83,0.247,0.0,0.0
EMP046,2026-01-26,12.86,13.43,11.76,0.0,0.0,6.83,8.04,0.1054,0.0,0.0
EMP046,2026-01-27,10.0,11.71,11.31,0.0,0.0,7.41,8.2,-0.0068,0.0,0.0
EMP046,2026-01-28,11.0,12.57,11.85,0.0,0.0,8.88,8.51,0.1105,0.0,0.0
EMP046,2026-01-29,11.71,12.43,12.04,0.0,0.0,9.13,8.41,0.1371,0.0,0.0
EMP046,2026-01-30,16.0,14.79,13.1,0.0,0.0,14.3,10.01,0.3369,0.0,0.0
EMP046,2026-01-31,13.57,13.36,12.73,0.0,0.0,15.01,10.04,0.2327,0.0,0.0
EMP046,2026-02-01,13.86,13.36,13.03,0.0,0.0,14.9,9.79,0.1208,0.0,0.0
EMP046,2026-02-02,13.86,13.36,12.53,0.0,0.0,14.9,10.06,0.0503,0.0,0.0
EMP046,2026-02-03,18.86,14.43,13.33,0.0,0.0,15.28,10.83,0.1846,0.0,0.0
EMP046,2026-02-04,19.14,15.07,14.27,0.0,0.0,15.43,10.84,0.1873,0.0,0.0
EMP046,2026-02-05,19.71,15.71,14.67,0.0,0.0,15.42,10.86,0.1944,0.0,0.0
EMP046,2026-02-06,15.0,15.5,14.57,0.0,0.0,12.31,10.89,0.1528,0.0,0.0
EMP046,2026-02-07,14.86,14.21,13.93,0.0,0.0,12.46,11.11,0.1028,0.0,0.0
EMP046,2026-02-08,14.71,14.29,13.97,0.0,0.0,12.53,11.09,0.0167,0.0,0.0
EMP046,2026-02-09,14.71,14.29,13.07,0.0,0.0,12.53,11.09,0.0165,0.0,0.0
EMP046,2026-02-10,13.0,15.93,13.7,0.0,0.0,10.25,11.1,0.018,0.0,0.0
EMP046,2026-02-11,12.29,15.71,14.47,0.0,0.0,9.32,10.92,-0.0165,0.0,0.0
EMP046,2026-02-12,10.57,15.14,13.97,0.0,0.0,8.63,10.81,0.014,0.0,0.0
EMP046,2026-02-13,10.86,12.93,13.9,0.0,0.0,8.64,10.82,0.0016,0.0,0.0
EMP046,2026-02-14,13.29,14.07,13.87,0.0,0.0,7.89,10.8,0.0632,0.0,0.0
EMP046,2026-02-15,13.29,14.0,13.8,0.0,0.0,7.89,10.83,-0.0013,0.0,0.0
EMP046,2026-02-16,13.29,14.0,13.07,0.0,0.0,7.89,11.0,-0.0338,0.0,0.0
EMP046,2026-02-17,12.71,12.86,13.4,0.0,0.0,7.28,11.02,-0.0236,0.0,0.0
EMP046,2026-02-18,11.43,11.86,13.87,0.0,0.0,6.04,10.74,-0.1121,0.0,0.0
EMP046,2026-02-19,12.0,11.29,13.63,0.0,0.0,5.98,10.68,-0.0754,0.0,0.0
EMP046,2026-02-20,12.29,11.57,13.47,0.0,0.0,6.02,10.63,-0.036,0.0,0.0
EMP046,2026-02-21,11.57,12.43,13.5,0.0,0.0,5.58,10.63,-0.0492,0.0,0.0
EMP046,2026-02-22,10.43,11.86,13.07,0.0,0.0,6.86,10.9,-0.1397,0.0,0.0
EMP046,2026-02-23,10.43,11.86,12.43,0.0,0.0,6.86,11.09,-0.1831,0.0,0.0
EMP046,2026-02-24,11.57,12.14,13.1,0.0,0.0,8.63,11.34,-0.1266,0.0,0.0
EMP046,2026-02-25,12.43,11.93,13.77,0.0,0.0,9.12,11.13,-0.1724,0.0,0.0
EMP046,2026-02-26,12.57,12.29,14.23,0.0,0.0,9.13,10.84,-0.2659,0.0,0.0
EMP046,2026-02-27,13.43,12.86,14.03,0.0,0.0,9.5,10.67,-0.1475,0.0,0.0
EMP046,2026-02-28,12.57,12.07,13.7,0.0,0.0,9.77,10.73,-0.1724,0.0,0.0
EMP046,2026-03-01,14.71,12.57,12.77,0.0,0.0,8.31,9.26,0.038,0.0,0.0
EMP046,2026-03-02,14.71,12.57,12.7,0.0,0.0,8.31,9.34,-0.1186,0.0,0.0
EMP046,2026-03-03,10.86,11.21,12.4,0.0,0.0,7.97,9.6,-0.226,0.0,0.0
EMP046,2026-03-04,12.86,12.64,13.53,0.0,0.0,11.14,10.06,-0.1722,0.0,0.0
EMP046,2026-03-05,13.57,13.07,13.0,0.0,0.0,11.35,9.31,0.0111,0.0,0.0
EMP046,2026-03-06,12.86,13.14,12.57,0.0,0.0,11.08,8.89,0.1275,0.0,0.0
EMP046,2026-03-07,15.14,13.86,12.63,0.0,0.0,11.28,8.96,0.2529,0.0,0.0
EMP046,2026-03-08,13.71,14.21,12.47,0.0,0.0,11.83,9.05,0.1855,0.0,0.0
EMP046,2026-03-09,13.71,14.21,12.43,0.0,0.0,11.83,9.1,0.026,0.0,0.0
EMP046,2026-03-10,17.86,14.36,13.13,0.0,0.0,11.37,9.53,0.1023,0.0,0.0
EMP046,2026-03-11,14.86,13.86,13.57,0.0,0.0,9.3,9.21,0.0109,0.0,0.0
EMP046,2026-03-12,15.29,14.43,13.53,0.0,0.0,9.54,9.18,0.1304,0.0,0.0
EMP046,2026-03-13,15.86,14.36,13.4,0.0,0.0,9.63,9.07,0.2309,0.0,0.0
EMP046,2026-03-14,14.0,14.57,13.43,0.0,0.0,9.32,9.05,0.1786,0.0,0.0
EMP046,2026-03-15,14.14,13.93,13.23,0.0,0.0,9.19,9.15,0.1208,0.0,0.0
EMP046,2026-03-16,14.14,13.93,12.63,0.0,0.0,9.19,9.4,0.0683,0.0,0.0
EMP046,2026-03-17,11.86,14.86,12.8,0.0,0.0,6.92,9.36,0.0387,0.0,0.0
EMP046,2026-03-18,11.86,13.36,13.23,0.0,0.0,6.92,9.06,-0.0483,0.0,0.0
EMP046,2026-03-19,11.29,13.29,13.2,0.0,0.0,6.18,9.04,0.0222,0.0,0.0
EMP046,2026-03-20,11.71,13.79,13.47,0.0,0.0,6.78,9.18,0.0845,0.0,0.0
EMP046,2026-03-21,10.29,12.14,13.03,0.0,0.0,7.94,9.49,-0.0056,0.0,0.0
EMP046,2026-03-22,10.0,12.07,12.7,0.0,0.0,8.12,9.62,-0.0572,0.0,0.0
EMP046,2026-03-23,10.0,12.07,12.27,0.0,0.0,8.12,9.89,-0.137,0.0,0.0
EMP046,2026-03-24,9.86,10.86,12.67,0.0,0.0,8.08,9.62,-0.2234,0.0,0.0
EMP046,2026-03-25,10.43,11.14,13.23,0.0,0.0,8.42,9.36,-0.2828,0.0,0.0
EMP046,2026-03-26,12.29,11.79,13.37,0.0,0.0,10.94,9.58,-0.0732,0.0,0.0
EMP046,2026-03-27,15.14,13.43,14.1,0.0,0.0,14.97,10.82,0.1573,0.0,0.0
EMP046,2026-03-28,18.14,14.21,14.33,0.0,0.0,13.68,10.89,0.2011,0.0,0.0
EMP046,2026-03-29,18.71,14.36,13.93,0.0,0.0,13.16,10.9,0.1993,0.0,0.0
EMP046,2026-03-30,18.71,14.36,13.7,0.0,0.0,13.16,11.12,0.0616,0.0,0.0
EMP046,2026-03-31,24.0,16.93,14.83,0.0,0.0,16.42,12.8,0.2983,0.0,0.0
EMP047,2026-01-01,0.0,0.0,0.0,0.0,0.0,0.0,0.0,0.0,0.0,0.0
EMP047,2026-01-02,0.0,0.0,0.0,0.0,0.0,0.0,0.0,0.0,0.0,0.0
EMP047,2026-01-03,24.0,24.0,24.0,22.5,0.0,24.0,24.0,0.0,0.0,0.0
EMP047,2026-01-04,23.33,23.33,23.33,22.67,0.0,19.62,19.62,11.0,11.5,0.0
EMP047,2026-01-05,17.5,17.5,17.5,17.0,0.0,19.77,19.77,-2.6,-2.2,0.0
EMP047,2026-01-06,22.6,22.6,22.6,23.4,0.0,20.41,20.41,3.8,5.3,0.0
EMP047,2026-01-07,25.83,25.83,25.83,27.83,0.0,19.99,19.99,4.9429,6.8286,0.0
EMP047,2026-01-08,30.29,30.29,30.29,27.57,0.0,21.48,21.48,6.4286,4.0714,0.0
EMP047,2026-01-09,39.57,34.62,34.62,31.88,0.0,20.4,23.14,7.1786,5.5833,0.0
EMP047,2026-01-10,41.0,37.22,37.22,33.78,0.0,21.27,23.02,6.5833,5.05,0.0
EMP047,2026-01-11,39.0,34.3,34.3,30.8,0.0,23.51,23.53,3.1939,2.0485,0.0
EMP047,2026-01-12,39.0,31.18,31.18,28.0,0.0,23.51,24.51,0.8364,0.1364,0.0
EMP047,2026-01-13,41.0,33.33,33.33,27.83,0.0,24.34,24.53,1.6364,0.028,0.0
EMP047,2026-01-14,40.71,33.85,33.85,28.38,0.0,24.34,23.63,1.5055,0.2582,0.0
EMP047,2026-01-15,39.0,34.64,34.64,28.71,0.0,23.54,22.95,1.5231,0.3385,0.0
EMP047,2026-01-16,29.71,34.64,32.33,26.8,0.0,24.26,23.8,0.3714,-0.4429,0.0
EMP047,2026-01-17,27.0,34.0,32.75,26.62,0.0,21.9,23.1,0.4529,-0.4265,0.0
EMP047,2026-01-18,27.57,33.29,31.53,25.65,0.0,21.44,22.93,-0.0294,-0.6814,0.0
EMP047,2026-01-19,27.57,33.29,29.78,24.22,0.0,21.44,23.43,-0.5779,-1.0237,0.0
EMP047,2026-01-20,27.71,34.36,31.26,25.37,0.0,21.64,23.66,-0.0456,-0.5263,0.0
EMP047,2026-01-21,32.29,36.5,33.3,25.65,0.0,26.57,24.71,0.5429,-0.3707,0.0
EMP047,2026-01-22,31.57,35.29,33.62,25.76,0.0,26.28,24.16,0.5558,-0.2896,0.0
EMP047,2026-01-23,40.29,35.0,34.86,25.82,0.0,24.42,24.28,0.808,-0.2372,0.0
EMP047,2026-01-24,39.0,33.0,34.65,25.83,0.0,24.69,23.77,0.6542,-0.2055,0.0
EMP047,2026-01-25,39.29,33.43,33.79,24.96,0.0,24.38,23.63,0.3691,-0.3891,0.0
EMP047,2026-01-26,39.29,33.43,32.44,23.96,0.0,24.38,24.08,0.0146,-0.5746,0.0
EMP047,2026-01-27,31.0,29.36,31.19,23.04,0.0,26.39,24.42,-0.2643,-0.7156,0.0
EMP047,2026-01-28,26.71,29.5,31.59,23.81,0.0,21.33,24.05,-0.1502,-0.4725,0.0
EMP047,2026-01-29,31.14,31.36,33.0,24.07,0.0,26.28,24.73,0.1565,-0.3706,0.0
EMP047,2026-01-30,31.29,35.79,34.0,25.1,0.0,26.44,24.87,0.3409,-0.1271,0.0
EMP047,2026-01-31,37.86,38.43,35.4,25.4,0.0,30.68,25.58,0.5789,-0.0574,0.0
EMP047,2026-02-01,38.57,38.93,36.03,26.0,0.0,30.17,24.93,0.2289,-0.2803,0.0
EMP047,2026-02-02,38.57,38.93,34.43,24.5,0.0,30.17,25.64,0.079,-0.317,0.0
EMP047,2026-02-03,50.43,40.71,36.47,25.53,0.0,28.97,26.96,0.3066,-0.137,0.0
EMP047,2026-02-04,44.43,35.57,36.47,25.53,0.0,34.0,26.96,-0.1802,-0.4779,0.0
EMP047,2026-02-05,43.43,37.29,37.17,25.43,0.0,33.3,27.39,0.0425,-0.184,0.0
EMP047,2026-02-06,40.29,35.79,37.1,24.37,0.0,32.43,27.38,0.0941,-0.0625,0.0
EMP047,2026-02-07,39.29,38.57,37.5,25.03,0.0,31.4,27.75,0.4372,0.0883,0.0
EMP047,2026-02-08,39.0,38.79,35.9,23.57,0.0,31.6,27.5,0.4945,0.2979,0.0
EMP047,2026-02-09,39.0,38.79,33.97,21.93,0.0,31.6,27.91,0.4154,0.3212,0.0
EMP047,2026-02-10,29.86,40.14,34.33,22.63,0.0,26.37,27.64,0.1397,0.2174,0.0
EMP047,2026-02-11,38.14,41.29,36.27,24.07,0.0,24.75,27.2,0.0556,0.1927,0.0
EMP047,2026-02-12,39.29,41.36,36.77,24.73,0.0,26.06,27.71,0.4291,0.3475,0.0
EMP047,2026-02-13,43.14,41.71,37.67,24.3,0.0,27.82,28.23,0.6465,0.4007,0.0
EMP047,2026-02-14,38.0,38.64,37.27,24.27,0.0,25.82,28.21,0.667,0.5103,0.0
EMP047,2026-02-15,35.71,37.36,37.3,24.27,0.0,28.18,28.17,0.176,0.1864,0.0
EMP047,2026-02-16,35.71,37.36,36.0,23.47,0.0,28.18,28.95,-0.0529,0.028,0.0
EMP047,2026-02-17,40.43,35.14,37.33,24.17,0.0,27.75,28.73,-0.1152,-0.0162,0.0
EMP047,2026-02-18,35.0,36.57,38.0,24.77,0.0,27.5,28.08,-0.4845,-0.2227,0.0
EMP047,2026-02-19,29.71,34.5,37.23,24.3,0.0,23.08,27.84,-0.366,-0.0296,0.0
EMP047,2026-02-20,27.86,35.5,36.63,24.77,0.0,20.36,27.27,-0.018,0.1502,0.0
EMP047,2026-02-21,25.86,31.93,35.93,24.33,0.0,20.45,27.44,-0.1086,0.1095,0.0
EMP047,2026-02-22,27.71,31.71,34.37,23.97,0.0,18.61,27.31,-0.0772,0.0741,0.0
EMP047,2026-02-23,27.71,31.71,33.37,23.1,0.0,18.61,27.99,-0.329,-0.0665,0.0
EMP047,2026-02-24,28.86,34.64,34.9,24.63,0.0,20.24,28.15,-0.2908,-0.0113,0.0
EMP047,2026-02-25,35.14,35.07,37.03,26.07,0.0,23.14,27.85,-0.3437,-0.0627,0.0
EMP047,2026-02-26,39.0,34.36,39.1,27.47,0.0,24.97,27.32,-0.438,-0.1397,0.0
EMP047,2026-02-27,36.71,32.29,38.97,27.57,0.0,24.22,27.31,-0.4251,0.1003,0.0
EMP047,2026-02-28,41.0,33.43,38.23,28.8,0.0,23.34,26.73,-0.1395,0.3849,0.0
EMP047,2026-03-01,41.0,34.36,36.63,27.13,0.0,23.34,26.7,-0.1319,0.3987,0.0
EMP047,2026-03-02,41.0,34.36,34.1,26.0,0.0,23.34,26.45,-0.0968,0.271,0.0
EMP047,2026-03-03,32.43,30.64,33.47,25.4,0.0,25.69,27.02,-0.4209,0.0481,0.0
EMP047,2026-03-04,32.0,33.57,35.5,27.4,0.0,25.18,26.72,-0.4741,0.0961,0.0
EMP047,2026-03-05,28.86,33.93,34.07,26.83,0.0,22.47,25.25,-0.1175,0.3415,0.0
EMP047,2026-03-06,23.71,30.21,34.13,26.93,0.0,23.86,25.16,-0.5593,0.0027,0.0
EMP047,2026-03-07,25.43,33.21,34.03,27.43,0.0,25.96,25.05,-0.18,0.3539,0.0
EMP047,2026-03-08,26.29,33.64,33.37,27.17,0.0,25.66,25.14,-0.2294,0.1764,0.0
EMP047,2026-03-09,26.29,33.64,31.07,25.63,0.0,25.66,24.93,-0.1989,0.131,0.0
EMP047,2026-03-10,30.14,31.29,31.4,25.93,0.0,23.34,24.81,-0.3221,0.0872,0.0
EMP047,2026-03-11,28.0,30.0,32.93,26.77,0.0,20.98,24.24,-0.4445,-0.0977,0.0
EMP047,2026-03-12,28.86,28.86,33.83,27.07,0.0,21.57,24.2,-0.4563,-0.0632,0.0
EMP047,2026-03-13,36.57,30.14,33.77,27.27,0.0,20.2,24.14,-0.1466,0.1882,0.0
EMP047,2026-03-14,34.14,29.79,32.83,27.2,0.0,18.02,23.17,0.1831,0.4254,0.0
EMP047,2026-03-15,34.57,30.43,31.37,26.87,0.0,17.71,22.33,0.3553,0.2914,0.0
EMP047,2026-03-16,34.57,30.43,30.27,25.8,0.0,17.71,23.03,0.1642,0.1535,0.0
EMP047,2026-03-17,39.43,34.79,32.27,27.4,0.0,19.54,23.01,0.1606,0.1188,0.0
EMP047,2026-03-18,41.71,34.86,34.33,28.7,0.0,21.05,22.8,0.1299,0.0047,0.0
EMP047,2026-03-19,43.29,36.07,34.5,29.0,0.0,21.71,22.94,0.398,0.0934,0.0
EMP047,2026-03-20,42.0,39.29,35.4,29.57,0.0,21.18,22.89,0.3786,0.0563,0.0
EMP047,2026-03-21,44.0,39.07,36.17,30.5,0.0,21.92,23.24,0.5217,0.2694,0.0
EMP047,2026-03-22,43.43,39.0,35.0,29.27,0.0,22.51,23.2,0.5339,0.2242,0.0
EMP047,2026-03-23,43.43,39.0,34.37,28.77,0.0,22.51,23.88,0.1978,-0.063,0.0
EMP047,2026-03-24,38.29,38.86,34.73,28.9,0.0,22.01,23.64,-0.0031,-0.2076,0.0
EMP047,2026-03-25,37.71,39.71,36.67,30.47,0.0,21.43,23.09,-0.0925,-0.2901,0.0
EMP047,2026-03-26,39.14,41.21,36.9,32.2,0.0,22.95,23.36,0.2641,0.3195,0.0
EMP047,2026-03-27,46.43,44.21,38.03,33.33,0.0,30.98,25.38,0.8452,0.683,0.0
EMP047,2026-03-28,58.57,51.29,40.73,34.53,0.0,46.1,31.39,1.6877,1.0309,0.0
EMP047,2026-03-29,61.0,52.21,40.67,33.93,0.0,44.37,31.39,1.6383,1.0812,0.0
EMP047,2026-03-30,61.0,52.21,39.03,31.67,0.0,44.37,32.18,1.4334,1.0972,0.0
EMP047,2026-03-31,75.71,57.0,42.83,33.27,0.0,46.99,35.56,1.8347,1.0376,0.0
EMP048,2026-01-01,0.0,0.0,0.0,0.0,0.0,0.0,0.0,0.0,0.0,0.0
EMP048,2026-01-02,0.0,0.0,0.0,0.0,0.0,0.0,0.0,0.0,0.0,0.0
EMP048,2026-01-03,39.5,39.5,39.5,21.5,0.0,39.5,39.5,0.0,0.0,0.0
EMP048,2026-01-04,35.33,35.33,35.33,18.0,0.0,32.79,32.79,13.5,5.5,0.0
EMP048,2026-01-05,26.5,26.5,26.5,13.5,0.0,32.25,32.25,-5.2,-3.2,0.0
EMP048,2026-01-06,32.8,32.8,32.8,18.6,0.0,31.48,31.48,3.7,3.5,0.0
EMP048,2026-01-07,32.5,32.5,32.5,19.5,0.0,28.74,28.74,1.8571,2.7714,0.0
EMP048,2026-01-08,35.29,35.29,35.29,20.71,0.0,27.47,27.47,3.25,2.6429,0.0
EMP048,2026-01-09,43.0,37.62,37.62,22.88,0.0,23.82,26.43,3.7262,3.2024,0.0
EMP048,2026-01-10,40.14,40.0,40.0,25.78,0.0,20.27,25.81,4.0333,3.9833,0.0
EMP048,2026-01-11,37.71,37.0,37.0,24.2,0.0,22.58,26.09,1.297,2.0364,0.0
EMP048,2026-01-12,37.71,33.64,33.64,22.0,0.0,22.58,27.05,-0.7091,0.4273,0.0
EMP048,2026-01-13,35.86,34.58,34.58,21.83,0.0,21.34,26.09,-0.1084,0.2517,0.0
EMP048,2026-01-14,36.86,34.85,34.85,23.31,0.0,21.25,25.08,0.0275,0.8297,0.0
EMP048,2026-01-15,29.43,32.36,32.36,21.64,0.0,23.62,25.78,-0.9736,-0.0022,0.0
EMP048,2026-01-16,29.71,36.36,33.93,23.13,0.0,23.92,25.6,-0.2,0.5571,0.0
EMP048,2026-01-17,28.71,34.43,35.06,23.5,0.0,22.8,25.17,0.2338,0.5882,0.0
EMP048,2026-01-18,29.29,33.5,33.82,22.88,0.0,22.37,24.91,-0.2181,0.2843,0.0
EMP048,2026-01-19,29.29,33.5,31.94,21.61,0.0,22.37,25.42,-0.7771,-0.162,0.0
EMP048,2026-01-20,30.71,33.29,33.16,22.79,0.0,23.61,25.27,-0.2965,0.2158,0.0
EMP048,2026-01-21,33.71,35.29,34.45,23.45,0.0,25.59,25.27,0.115,0.3737,0.0
EMP048,2026-01-22,41.86,35.64,35.52,23.62,0.0,22.45,25.12,0.3922,0.3688,0.0
EMP048,2026-01-23,41.29,35.5,36.27,23.82,0.0,22.13,24.78,0.5364,0.3727,0.0
EMP048,2026-01-24,40.14,34.43,36.61,24.3,0.0,21.75,24.29,0.5534,0.4476,0.0
EMP048,2026-01-25,41.0,35.14,35.92,23.96,0.0,20.8,24.01,0.3209,0.3109,0.0
EMP048,2026-01-26,41.0,35.14,34.48,23.0,0.0,20.8,24.56,-0.0477,0.0538,0.0
EMP048,2026-01-27,33.14,31.93,33.15,22.12,0.0,24.14,24.97,-0.3371,-0.1487,0.0
EMP048,2026-01-28,30.43,32.07,33.41,22.81,0.0,22.06,24.54,-0.2466,0.0171,0.0
EMP048,2026-01-29,28.57,35.21,33.79,23.25,0.0,20.22,24.18,-0.1429,0.1054,0.0
EMP048,2026-01-30,31.14,36.21,35.03,23.41,0.0,23.85,24.66,0.1212,0.1276,0.0
EMP048,2026-01-31,40.29,40.21,37.47,23.67,0.0,36.13,27.56,0.5802,0.1642,0.0
EMP048,2026-02-01,40.0,40.5,38.07,24.23,0.0,36.3,26.92,0.1962,-0.042,0.0
EMP048,2026-02-02,40.0,40.5,35.43,22.8,0.0,36.3,26.65,0.2329,-0.069,0.0
EMP048,2026-02-03,46.14,39.64,35.97,23.13,0.0,32.45,26.64,0.2236,-0.162,0.0
EMP048,2026-02-04,51.43,40.93,38.53,25.03,0.0,33.99,26.76,0.2403,-0.103,0.0
EMP048,2026-02-05,53.29,40.93,38.5,24.7,0.0,33.89,26.74,0.4937,0.0189,0.0
EMP048,2026-02-06,50.43,40.79,39.13,25.6,0.0,33.2,26.78,0.5161,0.1838,0.0
EMP048,2026-02-07,35.57,37.93,37.53,24.77,0.0,26.75,27.39,0.3782,0.0545,0.0
EMP048,2026-02-08,35.57,37.79,36.33,24.03,0.0,26.75,27.43,0.3657,0.0892,0.0
EMP048,2026-02-09,35.57,37.79,34.37,22.4,0.0,26.75,27.84,0.2877,0.1063,0.0
EMP048,2026-02-10,35.57,40.86,35.47,22.67,0.0,26.75,27.51,0.1753,-0.0076,0.0
EMP048,2026-02-11,32.86,42.14,37.4,23.47,0.0,23.13,26.98,0.0761,-0.1553,0.0
EMP048,2026-02-12,31.43,42.36,37.47,23.97,0.0,21.87,27.0,0.1904,-0.1048,0.0
EMP048,2026-02-13,30.0,40.21,37.53,23.77,0.0,20.91,27.01,0.2105,0.0839,0.0
EMP048,2026-02-14,36.57,36.07,39.2,24.73,0.0,18.84,26.17,0.032,-0.0463,0.0
EMP048,2026-02-15,35.71,35.64,37.73,23.67,0.0,19.78,26.42,-0.0276,0.0044,0.0
EMP048,2026-02-16,35.71,35.64,36.0,22.7,0.0,19.78,27.12,-0.1726,-0.1115,0.0
EMP048,2026-02-17,38.14,36.86,37.53,24.03,0.0,21.49,27.14,-0.1695,0.0171,0.0
EMP048,2026-02-18,36.71,34.79,39.13,25.1,0.0,20.43,26.28,-0.3608,-0.0972,0.0
EMP048,2026-02-19,36.43,33.93,38.8,24.73,0.0,20.3,26.14,-0.2136,0.0841,0.0
EMP048,2026-02-20,39.43,34.71,38.87,24.67,0.0,22.08,26.19,0.069,0.2216,0.0
EMP048,2026-02-21,40.43,38.5,38.87,25.0,0.0,22.68,26.19,0.311,0.3172,0.0
EMP048,2026-02-22,40.57,38.14,37.57,24.37,0.0,22.51,26.47,0.2347,0.2347,0.0
EMP048,2026-02-23,40.57,38.14,36.1,23.2,0.0,22.51,27.28,0.0367,0.1508,0.0
EMP048,2026-02-24,32.0,35.07,35.43,22.67,0.0,24.78,27.9,-0.3072,-0.0485,0.0
EMP048,2026-02-25,33.71,35.21,37.43,23.97,0.0,26.21,27.44,-0.3931,-0.0994,0.0
EMP048,2026-02-26,35.57,36.0,39.37,24.7,0.0,27.37,26.77,-0.5186,-0.2774,0.0
EMP048,2026-02-27,33.14,36.29,39.5,24.97,0.0,25.72,26.78,-0.4843,-0.0082,0.0
EMP048,2026-02-28,33.71,37.07,40.07,25.5,0.0,26.28,27.05,-0.3146,0.2289,0.0
EMP048,2026-03-01,32.0,36.29,37.77,24.57,0.0,27.91,27.34,-0.3602,0.0816,0.0
EMP048,2026-03-02,32.0,36.29,34.17,23.53,0.0,27.91,24.85,-0.1195,-0.0325,0.0
EMP048,2026-03-03,32.0,32.0,33.57,22.97,0.0,27.91,25.44,-0.4514,-0.2294,0.0
EMP048,2026-03-04,31.43,32.57,35.43,24.87,0.0,27.37,24.96,-0.5382,-0.1682,0.0
EMP048,2026-03-05,30.71,33.14,35.77,25.43,0.0,26.72,25.13,-0.3726,-0.1101,0.0
EMP048,2026-03-06,31.43,32.29,34.83,25.23,0.0,27.13,24.08,-0.0029,0.2725,0.0
EMP048,2026-03-07,30.14,31.93,34.67,25.1,0.0,25.89,23.94,0.2607,0.297,0.0
EMP048,2026-03-08,32.86,32.43,33.67,23.67,0.0,23.58,23.9,0.2719,0.3653,0.0
EMP048,2026-03-09,32.86,32.43,33.53,23.57,0.0,23.58,24.08,-0.1499,0.0701,0.0
EMP048,2026-03-10,38.29,35.14,34.2,24.17,0.0,19.4,23.92,-0.2283,0.0852,0.0
EMP048,2026-03-11,39.86,35.64,36.43,25.4,0.0,21.14,23.75,-0.2525,0.0013,0.0
EMP048,2026-03-12,36.57,33.64,36.0,25.8,0.0,20.62,23.74,-0.2487,-0.02,0.0
EMP048,2026-03-13,37.0,34.21,35.8,26.63,0.0,20.9,23.58,0.0062,0.1172,0.0
EMP048,2026-03-14,37.43,33.79,36.07,26.5,0.0,21.23,23.75,0.2073,0.2031,0.0
EMP048,2026-03-15,37.71,35.29,35.47,25.8,0.0,21.01,23.87,0.1437,0.1811,0.0
EMP048,2026-03-16,37.71,35.29,33.8,24.83,0.0,21.01,24.53,0.0151,0.0367,0.0
EMP048,2026-03-17,41.29,39.79,35.5,25.73,0.0,22.8,24.73,0.0532,0.0396,0.0
EMP048,2026-03-18,37.0,38.43,36.73,26.97,0.0,20.24,23.84,-0.182,-0.0652,0.0
EMP048,2026-03-19,40.29,38.43,36.5,26.43,0.0,20.7,23.64,0.0834,0.1791,0.0
EMP048,2026-03-20,37.0,37.0,35.87,26.77,0.0,20.4,23.58,0.1143,0.3179,0.0
EMP048,2026-03-21,29.14,33.29,34.37,25.67,0.0,22.45,24.37,-0.0541,0.1882,0.0
EMP048,2026-03-22,28.86,33.29,33.0,24.93,0.0,22.55,23.98,0.0369,0.1575,0.0
EMP048,2026-03-23,28.86,33.29,31.1,23.7,0.0,22.55,24.26,-0.0105,0.0799,0.0
EMP048,2026-03-24,26.57,33.93,32.23,24.4,0.0,19.59,24.18,-0.0327,0.0191,0.0
EMP048,2026-03-25,27.29,32.14,33.63,25.93,0.0,20.04,23.48,-0.192,-0.0098,0.0
EMP048,2026-03-26,27.43,33.86,35.43,27.13,0.0,20.23,22.9,-0.2925,-0.1237,0.0
EMP048,2026-03-27,32.57,34.79,35.6,27.93,0.0,24.17,23.09,0.0676,0.1895,0.0
EMP048,2026-03-28,47.14,38.14,37.07,29.83,0.0,30.14,25.72,0.6505,0.4781,0.0
EMP048,2026-03-29,51.0,39.93,37.17,29.37,0.0,28.08,25.75,0.7624,0.6436,0.0
EMP048,2026-03-30,51.0,39.93,35.13,27.67,0.0,28.08,26.19,0.687,0.6033,0.0
EMP048,2026-03-31,57.29,41.93,38.13,30.23,0.0,31.23,27.24,0.812,0.7308,0.0
EMP049,2026-01-01,0.0,0.0,0.0,0.0,0.0,0.0,0.0,0.0,0.0,0.0
EMP049,2026-01-02,0.0,0.0,0.0,0.0,0.0,0.0,0.0,0.0,0.0,0.0
EMP049,2026-01-03,33.0,33.0,33.0,13.5,0.0,33.0,33.0,0.0,0.0,0.0
EMP049,2026-01-04,32.33,32.33,32.33,14.33,0.0,26.96,26.96,15.5,8.0,0.0
EMP049,2026-01-05,24.25,24.25,24.25,10.75,0.0,27.22,27.22,-3.5,-1.1,0.0
EMP049,2026-01-06,29.2,29.2,29.2,18.6,0.0,26.29,26.29,3.2,7.3,0.0
EMP049,2026-01-07,30.5,30.5,30.5,22.0,0.0,24.17,24.17,2.9429,7.0857,0.0
EMP049,2026-01-08,32.86,32.86,32.86,25.0,0.0,23.11,23.11,3.6071,6.6786,0.0
EMP049,2026-01-09,38.43,33.62,33.62,25.88,0.0,18.82,21.71,2.9167,5.0357,0.0
EMP049,2026-01-10,29.0,29.89,29.89,23.0,0.0,19.18,23.04,-0.2,1.8,0.0
EMP049,2026-01-11,27.0,28.6,28.6,22.5,0.0,19.59,22.2,-0.8485,1.0364,0.0
EMP049,2026-01-12,27.0,26.0,26.0,20.45,0.0,19.59,22.7,-1.9364,-0.2455,0.0
EMP049,2026-01-13,27.71,28.33,28.33,21.25,0.0,20.45,23.07,-0.4126,0.1783,0.0
EMP049,2026-01-14,31.86,31.23,31.23,23.31,0.0,24.46,24.33,0.9176,1.022,0.0
EMP049,2026-01-15,32.86,32.86,32.86,23.79,0.0,25.19,24.17,1.3846,1.0088,0.0
EMP049,2026-01-16,33.14,35.79,33.4,25.07,0.0,25.27,23.44,1.3286,1.3,0.0
EMP049,2026-01-17,39.43,34.21,34.06,25.06,0.0,21.42,22.84,1.3279,1.0691,0.0
EMP049,2026-01-18,39.14,33.07,32.94,24.59,0.0,21.73,22.61,0.7328,0.7328,0.0
EMP049,2026-01-19,39.14,33.07,31.11,23.22,0.0,21.73,23.23,0.0392,0.1858,0.0
EMP049,2026-01-20,37.86,32.79,31.84,23.79,0.0,21.07,22.82,0.2526,0.3281,0.0
EMP049,2026-01-21,40.29,36.07,34.4,24.25,0.0,24.82,24.88,0.9474,0.4128,0.0
EMP049,2026-01-22,41.0,36.93,35.57,25.0,0.0,25.27,24.84,1.1377,0.561,0.0
EMP049,2026-01-23,40.71,36.93,35.73,25.05,0.0,25.28,24.28,1.0299,0.4997,0.0
EMP049,2026-01-24,45.14,42.29,37.43,26.13,0.0,28.03,25.06,1.3281,0.7085,0.0
EMP049,2026-01-25,45.14,42.14,36.5,25.83,0.0,28.03,24.94,0.9443,0.5522,0.0
EMP049,2026-01-26,45.14,42.14,35.04,24.8,0.0,28.03,25.46,0.4985,0.25,0.0
EMP049,2026-01-27,38.71,38.29,33.69,23.85,0.0,32.18,25.86,0.1436,0.0103,0.0
EMP049,2026-01-28,37.43,38.86,35.19,24.56,0.0,30.52,26.49,0.4481,0.1612,0.0
EMP049,2026-01-29,36.14,38.57,35.71,25.25,0.0,29.77,26.16,0.5112,0.2882,0.0
EMP049,2026-01-30,44.43,42.57,37.83,26.41,0.0,36.68,28.03,0.8828,0.4921,0.0
EMP049,2026-01-31,44.29,44.71,39.03,27.17,0.0,36.56,28.32,1.0307,0.5902,0.0
EMP049,2026-02-01,44.57,44.86,39.6,27.93,0.0,36.34,27.69,0.6194,0.376,0.0
EMP049,2026-02-02,44.57,44.86,37.4,27.03,0.0,36.34,28.13,0.5459,0.1893,0.0
EMP049,2026-02-03,58.43,48.57,39.6,28.0,0.0,35.18,30.06,0.8863,0.2291,0.0
EMP049,2026-02-04,56.86,47.14,41.7,29.93,0.0,34.69,29.41,0.7642,0.2296,0.0
EMP049,2026-02-05,55.29,45.71,41.37,29.7,0.0,35.21,29.38,0.7971,0.4523,0.0
EMP049,2026-02-06,49.86,47.14,42.1,29.8,0.0,31.04,29.54,0.8808,0.5958,0.0
EMP049,2026-02-07,49.14,46.71,42.83,29.53,0.0,30.53,29.92,1.0881,0.7204,0.0
EMP049,2026-02-08,50.71,47.64,42.47,29.07,0.0,29.08,30.03,0.966,0.663,0.0
EMP049,2026-02-09,50.71,47.64,42.47,29.07,0.0,29.08,30.03,0.3991,0.275,0.0
EMP049,2026-02-10,42.43,50.43,43.2,29.37,0.0,22.15,29.67,0.2011,0.1853,0.0
EMP049,2026-02-11,42.0,49.43,45.2,31.07,0.0,21.78,28.69,0.0116,0.1224,0.0
EMP049,2026-02-12,42.14,48.71,44.73,31.5,0.0,21.76,28.66,0.0387,0.192,0.0
EMP049,2026-02-13,42.71,46.29,44.63,31.6,0.0,22.24,28.59,0.3032,0.4316,0.0
EMP049,2026-02-14,42.43,45.79,45.07,31.6,0.0,21.91,28.83,0.5121,0.4102,0.0
EMP049,2026-02-15,41.43,46.07,44.4,30.63,0.0,22.7,29.14,0.3288,0.3753,0.0
EMP049,2026-02-16,41.43,46.07,42.93,29.8,0.0,22.7,30.21,0.0396,0.1388,0.0
EMP049,2026-02-17,44.43,43.43,44.43,30.03,0.0,23.55,29.91,-0.0429,0.0131,0.0
EMP049,2026-02-18,36.57,39.29,44.6,30.13,0.0,26.08,29.67,-0.6038,-0.3684,0.0
EMP049,2026-02-19,38.14,40.14,44.8,30.17,0.0,26.57,29.69,-0.5597,-0.3103,0.0
EMP049,2026-02-20,39.29,41.0,44.4,30.63,0.0,27.76,29.25,-0.1273,-0.1822,0.0
EMP049,2026-02-21,38.14,40.29,44.4,30.73,0.0,26.74,29.25,0.0676,-0.0378,0.0
EMP049,2026-02-22,37.57,39.5,43.67,30.37,0.0,27.14,29.65,-0.1464,-0.172,0.0
EMP049,2026-02-23,37.57,39.5,41.17,28.7,0.0,27.14,30.06,-0.212,-0.2325,0.0
EMP049,2026-02-24,38.86,41.64,42.97,29.57,0.0,28.36,30.06,-0.2129,-0.1942,0.0
EMP049,2026-02-25,44.71,40.64,44.5,30.87,0.0,24.77,28.98,-0.4897,-0.3373,0.0
EMP049,2026-02-26,43.29,40.71,45.87,32.2,0.0,24.65,27.8,-0.8191,-0.4912,0.0
EMP049,2026-02-27,42.43,40.86,45.57,32.5,0.0,23.76,27.54,-0.5017,-0.289,0.0
EMP049,2026-02-28,40.57,39.36,45.43,32.67,0.0,22.88,27.53,-0.4683,-0.1032,0.0
EMP049,2026-03-01,41.57,39.57,43.0,31.07,0.0,21.97,26.05,-0.2509,-0.0614,0.0
EMP049,2026-03-02,41.57,39.57,40.53,29.43,0.0,21.97,26.49,-0.3146,-0.1382,0.0
EMP049,2026-03-03,31.71,35.29,39.97,28.67,0.0,22.91,27.16,-0.7384,-0.3724,0.0
EMP049,2026-03-04,25.57,35.14,40.07,28.73,0.0,23.99,27.02,-1.2525,-0.7422,0.0
EMP049,2026-03-05,28.29,35.79,38.83,28.07,0.0,26.53,25.18,-0.7313,-0.6541,0.0
EMP049,2026-03-06,25.29,33.86,38.2,27.5,0.0,23.18,24.8,-0.5313,-0.3642,0.0
EMP049,2026-03-07,28.0,34.29,39.07,27.77,0.0,26.34,25.26,-0.3528,-0.1057,0.0
EMP049,2026-03-08,26.57,34.07,37.57,26.77,0.0,26.79,25.37,-0.3771,-0.1092,0.0
EMP049,2026-03-09,26.57,34.07,35.27,25.6,0.0,26.79,25.54,-0.4027,-0.2251,0.0
EMP049,2026-03-10,26.71,29.21,34.37,25.03,0.0,26.65,26.25,-0.6739,-0.4363,0.0
EMP049,2026-03-11,32.57,29.07,35.83,26.73,0.0,25.26,25.5,-0.8487,-0.4414,0.0
EMP049,2026-03-12,31.71,30.0,36.33,27.03,0.0,24.41,25.71,-0.7097,-0.3798,0.0
EMP049,2026-03-13,30.0,27.64,35.4,25.9,0.0,23.9,25.34,-0.5744,-0.2792,0.0
EMP049,2026-03-14,28.0,28.0,35.77,25.87,0.0,21.33,25.48,-0.442,-0.0574,0.0
EMP049,2026-03-15,28.0,27.29,34.13,24.53,0.0,21.33,25.25,-0.3947,0.02,0.0
EMP049,2026-03-16,28.0,27.29,31.9,23.53,0.0,21.33,25.21,-0.3882,-0.1006,0.0
EMP049,2026-03-17,36.71,31.71,33.27,24.13,0.0,20.98,25.69,-0.2692,-0.1117,0.0
EMP049,2026-03-18,36.0,34.29,34.57,25.13,0.0,20.81,24.95,-0.4616,-0.2403,0.0
EMP049,2026-03-19,37.43,34.57,34.7,25.9,0.0,22.28,25.09,-0.0963,-0.107,0.0
EMP049,2026-03-20,41.57,35.79,36.57,27.1,0.0,23.55,24.9,-0.1315,-0.1804,0.0
EMP049,2026-03-21,42.71,35.36,36.83,27.73,0.0,24.16,25.09,0.1128,0.0476,0.0
EMP049,2026-03-22,44.43,36.21,35.33,26.73,0.0,22.43,24.34,0.2785,0.1112,0.0
EMP049,2026-03-23,44.43,36.21,33.37,25.3,0.0,22.43,24.73,0.2138,0.0509,0.0
EMP049,2026-03-24,45.57,41.14,35.13,26.27,0.0,23.48,25.38,0.3373,0.1006,0.0
EMP049,2026-03-25,50.14,43.07,37.5,28.33,0.0,24.83,25.3,0.3264,0.1499,0.0
EMP049,2026-03-26,58.29,47.86,39.23,29.0,0.0,35.21,28.92,1.0823,0.5014,0.0
EMP049,2026-03-27,60.57,51.07,40.27,29.33,0.0,35.83,29.69,1.3726,0.6994,0.0
EMP049,2026-03-28,64.71,53.71,41.83,31.6,0.0,37.06,30.9,1.6857,1.2805,0.0
EMP049,2026-03-29,64.14,54.29,40.4,30.63,0.0,37.68,30.79,1.7175,1.3657,0.0
EMP049,2026-03-30,64.14,54.29,38.87,29.0,0.0,37.68,31.61,1.4954,1.2948,0.0
EMP049,2026-03-31,71.86,58.71,42.2,30.43,0.0,43.21,34.96,1.9422,1.3319,0.0
EMP050,2026-01-01,0.0,0.0,0.0,0.0,0.0,0.0,0.0,0.0,0.0,0.0
EMP050,2026-01-02,0.0,0.0,0.0,0.0,0.0,0.0,0.0,0.0,0.0,0.0
EMP050,2026-01-03,20.0,20.0,20.0,23.0,0.0,20.0,20.0,0.0,0.0,0.0
EMP050,2026-01-04,22.0,22.0,22.0,19.67,0.0,16.57,16.57,13.0,6.5,0.0
EMP050,2026-01-05,16.5,16.5,16.5,14.75,0.0,17.23,17.23,-1.4,-3.3,0.0
EMP050,2026-01-06,21.4,21.4,21.4,20.2,0.0,18.26,18.26,4.2,3.8,0.0
EMP050,2026-01-07,27.17,27.17,27.17,21.0,0.0,21.07,21.07,7.3429,2.8571,0.0
EMP050,2026-01-08,28.86,28.86,28.86,22.57,0.0,19.95,19.95,5.8571,2.9643,0.0
EMP050,2026-01-09,33.43,29.25,29.25,23.5,0.0,16.11,18.69,4.1667,2.5952,0.0
EMP050,2026-01-10,37.86,33.89,33.89,25.33,0.0,20.86,21.97,5.7,2.9167,0.0
EMP050,2026-01-11,37.43,32.8,32.8,24.4,0.0,21.13,21.09,3.5515,1.6121,0.0
EMP050,2026-01-12,37.43,29.82,29.82,22.18,0.0,21.13,22.21,1.1727,0.1,0.0
EMP050,2026-01-13,37.43,30.75,30.75,22.92,0.0,21.13,21.49,1.3322,0.4161,0.0
EMP050,2026-01-14,37.29,32.62,32.62,23.46,0.0,21.01,21.64,1.8462,0.5604,0.0
EMP050,2026-01-15,38.86,33.86,33.86,23.71,0.0,21.48,21.32,1.9736,0.5495,0.0
EMP050,2026-01-16,38.71,36.07,33.67,24.47,0.0,21.53,20.61,1.5321,0.7286,0.0
EMP050,2026-01-17,36.0,36.93,34.81,24.12,0.0,18.24,20.45,1.6662,0.4794,0.0
EMP050,2026-01-18,36.0,36.71,34.12,23.59,0.0,18.24,20.03,1.1569,0.2206,0.0
EMP050,2026-01-19,36.0,36.71,32.22,22.28,0.0,18.24,20.97,0.3756,-0.2281,0.0
EMP050,2026-01-20,37.14,37.29,33.11,22.53,0.0,18.76,20.76,0.5842,-0.1193,0.0
EMP050,2026-01-21,35.57,36.43,33.65,23.6,0.0,17.62,20.37,0.6564,0.2045,0.0
EMP050,2026-01-22,33.71,36.29,33.81,23.9,0.0,16.66,19.89,0.6104,0.2597,0.0
EMP050,2026-01-23,33.71,36.21,33.68,24.32,0.0,16.66,19.44,0.4975,0.3337,0.0
EMP050,2026-01-24,33.14,34.57,34.3,24.52,0.0,16.08,19.24,0.5909,0.3429,0.0
EMP050,2026-01-25,31.57,33.79,33.38,23.79,0.0,17.48,19.35,0.297,0.1265,0.0
EMP050,2026-01-26,31.57,33.79,32.04,22.84,0.0,17.48,20.06,-0.0454,-0.1077,0.0
EMP050,2026-01-27,24.57,30.86,30.81,21.96,0.0,18.85,20.61,-0.3142,-0.2909,0.0
EMP050,2026-01-28,24.0,29.79,31.15,22.22,0.0,18.31,20.3,-0.2076,-0.2039,0.0
EMP050,2026-01-29,24.29,29.0,31.43,22.43,0.0,18.52,19.99,-0.1281,-0.1401,0.0
EMP050,2026-01-30,19.86,26.79,30.34,21.66,0.0,20.03,20.46,-0.332,-0.2808,0.0
EMP050,2026-01-31,16.57,24.86,30.17,21.53,0.0,16.77,20.14,-0.3344,-0.2772,0.0
EMP050,2026-02-01,17.43,24.5,30.77,21.93,0.0,16.66,19.49,-0.6209,-0.4872,0.0
EMP050,2026-02-02,17.43,24.5,29.43,20.4,0.0,16.66,20.17,-0.7557,-0.4627,0.0
EMP050,2026-02-03,18.29,21.43,28.77,20.07,0.0,15.88,20.6,-0.9306,-0.626,0.0
EMP050,2026-02-04,13.14,18.57,28.9,20.17,0.0,13.69,20.42,-1.2888,-0.8745,0.0
EMP050,2026-02-05,14.71,19.5,29.2,19.97,0.0,16.84,20.66,-1.0692,-0.6218,0.0
EMP050,2026-02-06,22.71,21.29,29.2,19.77,0.0,20.79,20.66,-0.7115,-0.5933,0.0
EMP050,2026-02-07,22.71,19.64,28.73,19.57,0.0,20.79,20.59,-0.671,-0.4687,0.0
EMP050,2026-02-08,22.71,20.07,28.27,18.93,0.0,20.79,20.67,-0.7177,-0.4521,0.0
EMP050,2026-02-09,22.71,20.07,25.9,17.6,0.0,20.79,19.69,-0.6053,-0.4289,0.0
EMP050,2026-02-10,25.29,21.79,25.93,17.97,0.0,19.64,19.68,-0.6376,-0.3793,0.0
EMP050,2026-02-11,33.71,23.43,28.03,18.8,0.0,21.29,20.16,-0.5773,-0.4578,0.0
EMP050,2026-02-12,33.71,24.21,28.33,18.83,0.0,21.29,20.41,-0.3462,-0.2885,0.0
EMP050,2026-02-13,32.29,27.5,28.03,18.5,0.0,20.05,20.08,-0.0483,-0.204,0.0
EMP050,2026-02-14,34.43,28.57,27.7,18.3,0.0,19.96,19.8,0.1804,-0.1293,0.0
EMP050,2026-02-15,34.14,28.43,27.2,17.7,0.0,20.2,19.9,0.1277,-0.0225,0.0
EMP050,2026-02-16,34.14,28.43,25.47,17.07,0.0,20.2,19.93,0.1232,-0.1277,0.0
EMP050,2026-02-17,37.0,31.14,26.17,17.97,0.0,19.98,20.19,0.2258,0.0189,0.0
EMP050,2026-02-18,35.0,34.36,27.8,19.33,0.0,17.86,19.99,0.1927,0.0436,0.0
EMP050,2026-02-19,33.57,33.64,27.5,20.1,0.0,16.99,19.74,0.4176,0.2943,0.0
EMP050,2026-02-20,32.29,32.29,27.27,19.97,0.0,16.32,19.58,0.5927,0.5875,0.0
EMP050,2026-02-21,33.14,33.79,27.57,19.63,0.0,16.86,19.8,0.7806,0.657,0.0
EMP050,2026-02-22,32.71,33.43,26.97,18.7,0.0,17.32,19.96,0.7103,0.6547,0.0
EMP050,2026-02-23,32.71,33.43,25.37,17.73,0.0,17.32,20.13,0.6814,0.6051,0.0
EMP050,2026-02-24,31.43,34.21,26.13,18.5,0.0,16.76,20.04,0.6514,0.6102,0.0
EMP050,2026-02-25,33.86,34.43,28.33,19.9,0.0,20.04,20.67,0.7284,0.6343,0.0
EMP050,2026-02-26,36.43,35.0,30.27,20.8,0.0,21.74,20.64,0.7244,0.5428,0.0
EMP050,2026-02-27,38.71,35.5,30.7,20.67,0.0,22.51,20.97,0.9382,0.6265,0.0
EMP050,2026-02-28,38.71,35.93,30.93,20.93,0.0,22.51,21.1,1.0941,0.776,0.0
EMP050,2026-03-01,41.0,36.86,31.9,21.4,0.0,20.51,20.31,0.8683,0.5869,0.0
EMP050,2026-03-02,41.0,36.86,31.07,20.8,0.0,20.51,21.08,0.6149,0.4254,0.0
EMP050,2026-03-03,36.0,33.71,30.47,20.4,0.0,25.11,21.69,0.3244,0.2305,0.0
EMP050,2026-03-04,37.71,35.79,33.07,22.03,0.0,27.41,22.54,0.4209,0.2743,0.0
EMP050,2026-03-05,34.29,35.36,34.0,22.9,0.0,26.12,21.97,0.2403,0.188,0.0
EMP050,2026-03-06,32.29,35.5,35.17,23.73,0.0,25.13,21.26,0.0656,0.0836,0.0
EMP050,2026-03-07,31.0,34.86,34.73,23.47,0.0,24.62,21.09,0.1798,0.1958,0.0
EMP050,2026-03-08,28.86,34.93,33.33,23.3,0.0,25.35,21.02,0.1927,0.1039,0.0
EMP050,2026-03-09,28.86,34.93,32.5,22.43,0.0,25.35,21.82,-0.0799,-0.0278,0.0
EMP050,2026-03-10,33.86,34.93,33.07,23.27,0.0,22.45,21.65,-0.1637,-0.0191,0.0
EMP050,2026-03-11,32.57,35.14,35.37,24.03,0.0,20.01,21.68,-0.16,-0.1813,0.0
EMP050,2026-03-12,34.29,34.29,36.1,23.87,0.0,20.56,21.66,-0.1697,-0.174,0.0
EMP050,2026-03-13,37.0,34.64,35.93,24.23,0.0,22.19,21.47,0.1571,-0.0879,0.0
EMP050,2026-03-14,38.0,34.5,35.73,24.77,0.0,22.33,21.37,0.3061,0.119,0.0
EMP050,2026-03-15,38.14,33.5,34.7,24.53,0.0,22.18,21.59,0.2432,0.0102,0.0
EMP050,2026-03-16,38.14,33.5,33.37,23.83,0.0,22.18,22.44,0.0558,-0.1724,0.0
EMP050,2026-03-17,39.43,36.64,34.3,24.63,0.0,22.22,22.28,0.0047,-0.1088,0.0
EMP050,2026-03-18,39.43,36.0,36.6,25.8,0.0,22.22,22.18,-0.008,-0.2118,0.0
EMP050,2026-03-19,39.57,36.93,36.7,25.07,0.0,22.26,22.22,0.1101,-0.1375,0.0
EMP050,2026-03-20,36.86,36.93,36.37,25.03,0.0,20.97,22.11,0.2098,0.0687,0.0
EMP050,2026-03-21,39.57,38.79,37.13,24.67,0.0,22.87,22.62,0.4067,0.331,0.0
EMP050,2026-03-22,39.29,38.71,36.33,23.7,0.0,23.18,23.03,0.2501,0.3486,0.0
EMP050,2026-03-23,39.29,38.71,34.8,23.03,0.0,23.18,23.85,0.0823,0.1702,0.0
EMP050,2026-03-24,38.57,39.0,35.67,24.0,0.0,23.1,23.51,-0.0409,0.1166,0.0
EMP050,2026-03-25,35.71,37.57,37.3,25.63,0.0,20.22,22.67,-0.2009,0.1123,0.0
EMP050,2026-03-26,29.71,34.64,36.3,24.7,0.0,22.12,23.4,-0.4251,-0.01,0.0
EMP050,2026-03-27,33.43,35.14,36.27,26.0,0.0,25.32,23.35,-0.0352,0.4725,0.0
EMP050,2026-03-28,40.86,40.21,38.17,27.3,0.0,37.57,27.07,0.6227,0.7375,0.0
EMP050,2026-03-29,43.29,41.29,37.4,27.2,0.0,36.22,26.96,0.6723,0.6874,0.0
EMP050,2026-03-30,43.29,41.29,35.87,26.0,0.0,36.22,27.73,0.4903,0.5726,0.0
EMP050,2026-03-31,48.0,43.29,37.3,27.8,0.0,37.48,28.44,0.6761,0.7608,0.0
