employee_id,date,raw_score,access_void_score
EMP001,2026-01-01,0.05232690816744118,38.3
EMP001,2026-01-02,0.07690217866549792,30.4
EMP001,2026-01-03,0.07471896648564647,31.1
EMP001,2026-01-04,-0.014621861339964237,59.8
EMP001,2026-01-05,0.07451481221469558,31.2
EMP001,2026-01-06,0.05971357995594734,35.9
EMP001,2026-01-07,0.03301146813418948,44.5
EMP001,2026-01-08,0.07914661712044119,29.7
EMP001,2026-01-09,0.07706739345057756,30.3
EMP001,2026-01-10,0.06431112566409725,34.4
EMP001,2026-01-11,0.03594320677890067,43.5
EMP001,2026-01-12,0.1004465569524044,22.8
EMP001,2026-01-13,0.09005243821395642,26.2
EMP001,2026-01-14,0.1003852369497304,22.9
EMP001,2026-01-15,0.08833673250906626,26.7
EMP001,2026-01-16,0.08600437293370788,27.5
EMP001,2026-01-17,0.0461818264649792,40.3
EMP001,2026-01-18,0.03591351250256053,43.5
EMP001,2026-01-19,0.09645492243614945,24.1
EMP001,2026-01-20,0.09677363155193647,24.0
EMP001,2026-01-21,0.10079257845155715,22.7
EMP001,2026-01-22,0.09600119357925246,24.3
EMP001,2026-01-23,0.08443874840667165,28.0
EMP001,2026-01-24,0.02664614367762297,46.5
EMP001,2026-01-25,0.02617451701442708,46.7
EMP001,2026-01-26,0.01721232294325259,49.5
EMP001,2026-01-27,0.07492888602946424,31.0
EMP001,2026-01-28,0.0651165410920525,34.2
EMP001,2026-01-29,0.06115573795726492,35.4
EMP001,2026-01-30,0.07743270744446346,30.2
EMP001,2026-01-31,0.06256563525772674,35.0
EMP001,2026-02-01,0.03563186854410716,43.6
EMP001,2026-02-02,0.06843008720466703,33.1
EMP001,2026-02-03,0.07885510636738075,29.8
EMP001,2026-02-04,0.10044708248778383,22.8
EMP001,2026-02-05,0.10299668253255212,22.0
EMP001,2026-02-06,0.03471521972534142,43.9
EMP001,2026-02-07,0.055962990520042166,37.1
EMP001,2026-02-08,0.03935288949065008,42.4
EMP001,2026-02-09,0.09433156109120416,24.8
EMP001,2026-02-10,0.10664968112973428,20.9
EMP001,2026-02-11,0.0883267338468482,26.7
EMP001,2026-02-12,0.09310830337157083,25.2
EMP001,2026-02-13,0.08789331430481784,26.9
EMP001,2026-02-14,0.04995716413114154,39.0
EMP001,2026-02-15,0.036577298279912185,43.3
EMP001,2026-02-16,0.09567922663648437,24.4
EMP001,2026-02-17,0.0752161329264972,30.9
EMP001,2026-02-18,0.05359928980552037,37.9
EMP001,2026-02-19,0.06914629555789376,32.9
EMP001,2026-02-20,0.021164296616551392,48.3
EMP001,2026-02-21,0.024482191008397436,47.2
EMP001,2026-02-22,0.0262343057617046,46.7
EMP001,2026-02-23,0.06517724926680979,34.2
EMP001,2026-02-24,0.03860600317431434,42.7
EMP001,2026-02-25,0.02905455938276502,45.7
EMP001,2026-02-26,0.034690548100538676,43.9
EMP001,2026-02-27,0.020076074647274567,48.6
EMP001,2026-02-28,0.015143261715199308,50.2
EMP001,2026-03-01,0.01375351519837853,50.7
EMP001,2026-03-02,0.004821181917801232,53.5
EMP001,2026-03-03,-0.01567338345844227,60.1
EMP001,2026-03-04,-0.020729696853681645,61.7
EMP001,2026-03-05,-0.018184792715975173,60.9
EMP001,2026-03-06,-0.026429166832487083,63.5
EMP001,2026-03-07,-0.01606276003811158,60.2
EMP001,2026-03-08,-0.010075305111455712,58.3
EMP001,2026-03-09,-0.025515552951328013,63.3
EMP001,2026-03-10,-0.026790854719171198,63.7
EMP001,2026-03-11,-0.033627196278469884,65.9
EMP001,2026-03-12,-0.033954479025923856,66.0
EMP001,2026-03-13,-0.03487262981299144,66.3
EMP001,2026-03-14,-0.023439311521406436,62.6
EMP001,2026-03-15,-0.019407293036696305,61.3
EMP001,2026-03-16,-0.02671346881136194,63.6
EMP001,2026-03-17,-0.0266996361033065,63.6
EMP001,2026-03-18,-0.029270248271589083,64.5
EMP001,2026-03-19,-0.025879579780472062,63.4
EMP001,2026-03-20,-0.023306778600282407,62.5
EMP001,2026-03-21,-0.0170653460641913,60.5
EMP001,2026-03-22,-0.014755273480773545,59.8
EMP001,2026-03-23,-0.024655814155483458,63.0
EMP001,2026-03-24,-0.026100585019950495,63.4
EMP001,2026-03-25,-0.019081453834278395,61.2
EMP001,2026-03-26,-0.02650353607865774,63.6
EMP001,2026-03-27,-0.02340492885649048,62.6
EMP001,2026-03-28,-0.01413113746221406,59.6
EMP001,2026-03-29,0.014376370956684315,50.5
EMP001,2026-03-30,0.044426991970890284,40.8
EMP001,2026-03-31,0.076031875106713,30.7
EMP002,2026-01-01,0.06262347671320578,35.0
EMP002,2026-01-02,0.09374462402592099,25.0
EMP002,2026-01-03,0.10567812462475706,21.2
EMP002,2026-01-04,0.00010653990842568462,55.0
EMP002,2026-01-05,0.068967211141233,32.9
EMP002,2026-01-06,0.07141007439893038,32.2
EMP002,2026-01-07,0.08701351949725367,27.2
EMP002,2026-01-08,0.0863281495794615,27.4
EMP002,2026-01-09,0.07557577762331269,30.8
EMP002,2026-01-10,0.07865834218787143,29.8
EMP002,2026-01-11,0.05819034499908449,36.4
EMP002,2026-01-12,0.1108603578059339,19.5
EMP002,2026-01-13,0.09384020827178946,25.0
EMP002,2026-01-14,0.12023432088593827,16.5
EMP002,2026-01-15,0.121854907908992,16.0
EMP002,2026-01-16,0.12140704122715235,16.1
EMP002,2026-01-17,0.08515985663207382,27.7
EMP002,2026-01-18,0.06033357399857198,35.7
EMP002,2026-01-19,0.11668816509543634,17.6
EMP002,2026-01-20,0.11113385785875851,19.4
EMP002,2026-01-21,0.12147800589120711,16.1
EMP002,2026-01-22,0.12815563929051837,14.0
EMP002,2026-01-23,0.10690349127315774,20.8
EMP002,2026-01-24,0.09314693087137332,25.2
EMP002,2026-01-25,0.06413630164075679,34.5
EMP002,2026-01-26,0.053534991949722055,37.9
EMP002,2026-01-27,0.11893804261370816,16.9
EMP002,2026-01-28,0.11924069761035205,16.8
EMP002,2026-01-29,0.09005747706603295,26.2
EMP002,2026-01-30,0.10794658204704088,20.4
EMP002,2026-01-31,0.10384578535303707,21.8
EMP002,2026-02-01,0.06585999962529332,33.9
EMP002,2026-02-02,0.0806141350571487,29.2
EMP002,2026-02-03,0.1175428059455953,17.4
EMP002,2026-02-04,0.13117248827242173,13.0
EMP002,2026-02-05,0.0931869070963966,25.2
EMP002,2026-02-06,0.11279924994594914,18.9
EMP002,2026-02-07,0.03885950362532342,42.6
EMP002,2026-02-08,0.052944413089442977,38.1
EMP002,2026-02-09,0.10845315687868179,20.3
EMP002,2026-02-10,0.10631284356251763,21.0
EMP002,2026-02-11,0.12023768698137749,16.5
EMP002,2026-02-12,0.11778299499908013,17.3
EMP002,2026-02-13,0.11851399306611982,17.0
EMP002,2026-02-14,0.08852159845042085,26.7
EMP002,2026-02-15,0.06210567613887513,35.1
EMP002,2026-02-16,0.1276439551587032,14.1
EMP002,2026-02-17,0.11477494068674132,18.2
EMP002,2026-02-18,0.121485421249453,16.1
EMP002,2026-02-19,0.13273407144883076,12.5
EMP002,2026-02-20,0.06268175580445051,35.0
EMP002,2026-02-21,0.06940672117541202,32.8
EMP002,2026-02-22,0.058518521558024506,36.3
EMP002,2026-02-23,0.11752845511428905,17.4
EMP002,2026-02-24,0.1252418200428303,14.9
EMP002,2026-02-25,0.12733296591118837,14.2
EMP002,2026-02-26,0.11249176194035243,19.0
EMP002,2026-02-27,0.10379589086037605,21.8
EMP002,2026-02-28,0.11609033797394619,17.8
EMP002,2026-03-01,0.05908651968742168,36.1
EMP002,2026-03-02,0.04785115989579691,39.7
EMP002,2026-03-03,0.07277291698365079,31.7
EMP002,2026-03-04,0.12801198225052374,14.0
EMP002,2026-03-05,0.12363579449711032,15.4
EMP002,2026-03-06,0.13116793829944273,13.0
EMP002,2026-03-07,0.08853394646600238,26.7
EMP002,2026-03-08,0.06319740901322252,34.8
EMP002,2026-03-09,0.11405753252675749,18.5
EMP002,2026-03-10,0.11559914448979913,18.0
EMP002,2026-03-11,0.1084529822358341,20.3
EMP002,2026-03-12,0.13425734996058103,12.0
EMP002,2026-03-13,0.12121249440483695,16.2
EMP002,2026-03-14,0.08782361585276383,26.9
EMP002,2026-03-15,0.06458563417590685,34.3
EMP002,2026-03-16,0.1297541897225024,13.4
EMP002,2026-03-17,0.1317631736533707,12.8
EMP002,2026-03-18,0.1260811634771175,14.6
EMP002,2026-03-19,0.043893061830510116,41.0
EMP002,2026-03-20,0.12092202337703228,16.3
EMP002,2026-03-21,0.09082523818221405,25.9
EMP002,2026-03-22,0.06470090506896026,34.3
EMP002,2026-03-23,0.11449265092646821,18.3
EMP002,2026-03-24,0.1143090195822033,18.4
EMP002,2026-03-25,0.08513700573618044,27.8
EMP002,2026-03-26,0.0563322797407787,37.0
EMP002,2026-03-27,0.07333554396337127,31.5
EMP002,2026-03-28,0.11896829729790892,16.9
EMP002,2026-03-29,0.05762668597882942,36.6
EMP002,2026-03-30,0.05602694597128982,37.1
EMP002,2026-03-31,0.06349616959608384,34.7
EMP003,2026-01-01,0.07096435429850778,32.3
EMP003,2026-01-02,0.13328218860923635,12.3
EMP003,2026-01-03,0.1270115560532225,14.3
EMP003,2026-01-04,0.004128900225444099,53.7
EMP003,2026-01-05,0.10565429068464349,21.2
EMP003,2026-01-06,0.09773416903525611,23.7
EMP003,2026-01-07,0.09437899069392408,24.8
EMP003,2026-01-08,0.0998634418712907,23.0
EMP003,2026-01-09,0.1048533998256706,21.4
EMP003,2026-01-10,0.06868633743999569,33.0
EMP003,2026-01-11,0.051819375020217995,38.4
EMP003,2026-01-12,0.1295987655809095,13.5
EMP003,2026-01-13,0.12836851627549822,13.9
EMP003,2026-01-14,0.12523298774792696,14.9
EMP003,2026-01-15,0.13057633685462922,13.2
EMP003,2026-01-16,0.1287469173065559,13.8
EMP003,2026-01-17,0.07956539227981901,29.5
EMP003,2026-01-18,0.05978527496469327,35.9
EMP003,2026-01-19,0.13266458317942625,12.5
EMP003,2026-01-20,0.061949395252814676,35.2
EMP003,2026-01-21,0.12406229698994431,15.3
EMP003,2026-01-22,0.1325932923884054,12.5
EMP003,2026-01-23,0.13592605751034853,11.5
EMP003,2026-01-24,0.09090730665476843,25.9
EMP003,2026-01-25,0.06405971763683982,34.5
EMP003,2026-01-26,0.049625361650733224,39.1
EMP003,2026-01-27,0.019946431389603725,48.7
EMP003,2026-01-28,0.12941985711169218,13.5
EMP003,2026-01-29,0.10275725208200115,22.1
EMP003,2026-01-30,0.10495764797275309,21.4
EMP003,2026-01-31,0.10202936577550448,22.3
EMP003,2026-02-01,0.06660753899779132,33.7
EMP003,2026-02-02,0.1186328936547777,17.0
EMP003,2026-02-03,0.11222751438329237,19.1
EMP003,2026-02-04,0.13487138437465546,11.8
EMP003,2026-02-05,0.1360342599951314,11.4
EMP003,2026-02-06,0.12318363419044431,15.5
EMP003,2026-02-07,0.10117170423309957,22.6
EMP003,2026-02-08,0.06623223046018722,33.8
EMP003,2026-02-09,0.11894750221515188,16.9
EMP003,2026-02-10,0.12299068798639634,15.6
EMP003,2026-02-11,0.1369219833795846,11.1
EMP003,2026-02-12,0.12827788753802782,13.9
EMP003,2026-02-13,0.06760253136701067,33.4
EMP003,2026-02-14,0.08600302939411536,27.5
EMP003,2026-02-15,0.07018610611446607,32.6
EMP003,2026-02-16,0.13265057680795905,12.5
EMP003,2026-02-17,0.12210423142575244,15.9
EMP003,2026-02-18,0.1354499324537637,11.6
EMP003,2026-02-19,0.12930044093692228,13.6
EMP003,2026-02-20,0.13273337439658783,12.5
EMP003,2026-02-21,0.10934470271932917,20.0
EMP003,2026-02-22,0.07030759788966973,32.5
EMP003,2026-02-23,0.1289932206981773,13.7
EMP003,2026-02-24,0.1275889107211099,14.1
EMP003,2026-02-25,0.132408753946458,12.6
EMP003,2026-02-26,0.11773348928040123,17.3
EMP003,2026-02-27,0.12257950110481369,15.7
EMP003,2026-02-28,0.11652077919502885,17.7
EMP003,2026-03-01,0.0726362656473667,31.8
EMP003,2026-03-02,0.05872732688302301,36.2
EMP003,2026-03-03,0.08231717825588752,28.7
EMP003,2026-03-04,0.12769887760280563,14.1
EMP003,2026-03-05,0.13578236474698985,11.5
EMP003,2026-03-06,0.13032994848012308,13.3
EMP003,2026-03-07,0.1031646427084732,22.0
EMP003,2026-03-08,0.07386108122872148,31.4
EMP003,2026-03-09,0.11315280747657741,18.8
EMP003,2026-03-10,0.12456168245716875,15.1
EMP003,2026-03-11,0.07165070352610964,32.1
EMP003,2026-03-12,0.12365733229318654,15.4
EMP003,2026-03-13,0.13105572123994486,13.0
EMP003,2026-03-14,0.10222462043095437,22.3
EMP003,2026-03-15,0.07184343339388466,32.0
EMP003,2026-03-16,0.13356530657274918,12.2
EMP003,2026-03-17,0.11889529299126317,16.9
EMP003,2026-03-18,0.1291258966776222,13.6
EMP003,2026-03-19,0.1296151848638828,13.5
EMP003,2026-03-20,0.1174002608005763,17.4
EMP003,2026-03-21,0.10589249553439567,21.1
EMP003,2026-03-22,0.0696179734054373,32.7
EMP003,2026-03-23,0.06189514205121771,35.2
EMP003,2026-03-24,0.1275421834068593,14.1
EMP003,2026-03-25,0.07165842618678536,32.1
EMP003,2026-03-26,0.09370283186279704,25.0
EMP003,2026-03-27,0.12935349825510778,13.6
EMP003,2026-03-28,0.13110960328018173,13.0
EMP003,2026-03-29,0.07057078866748545,32.4
EMP003,2026-03-30,0.1295847206475868,13.5
EMP003,2026-03-31,0.11484311762722582,18.2
EMP004,2026-01-01,0.04483083462782017,40.7
EMP004,2026-01-02,0.07300030836558102,31.6
EMP004,2026-01-03,0.07464509501827793,31.1
EMP004,2026-01-04,-0.015119462779677573,59.9
EMP004,2026-01-05,0.062167701972324296,35.1
EMP004,2026-01-06,0.05535336548776548,37.3
EMP004,2026-01-07,0.06978805939317723,32.7
EMP004,2026-01-08,0.07180284455127939,32.0
EMP004,2026-01-09,0.0653384965664145,34.1
EMP004,2026-01-10,0.0412912133928392,41.8
EMP004,2026-01-11,0.03063604759903482,45.2
EMP004,2026-01-12,0.018512727413891317,49.1
EMP004,2026-01-13,0.08252621995983012,28.6
EMP004,2026-01-14,0.09903475705839215,23.3
EMP004,2026-01-15,0.09932719897778025,23.2
EMP004,2026-01-16,0.0848275657066413,27.9
EMP004,2026-01-17,0.0599198201141562,35.8
EMP004,2026-01-18,0.04047468198327164,42.1
EMP004,2026-01-19,0.0883546745531722,26.7
EMP004,2026-01-20,0.08296868118280243,28.4
EMP004,2026-01-21,0.09108128188316772,25.8
EMP004,2026-01-22,0.09777972401787421,23.7
EMP004,2026-01-23,0.08766838923821901,26.9
EMP004,2026-01-24,0.06654881377082705,33.7
EMP004,2026-01-25,0.0407930336354953,42.0
EMP004,2026-01-26,0.028999548010937626,45.8
EMP004,2026-01-27,0.07543569649949372,30.9
EMP004,2026-01-28,0.10213823510245773,22.3
EMP004,2026-01-29,0.07312221468479407,31.6
EMP004,2026-01-30,0.0766854336292106,30.5
EMP004,2026-01-31,0.07796366524031251,30.1
EMP004,2026-02-01,0.04008464782574911,42.2
EMP004,2026-02-02,0.06245357613017116,35.0
EMP004,2026-02-03,0.07832195743937215,29.9
EMP004,2026-02-04,0.07710740189912996,30.3
EMP004,2026-02-05,0.08885329290504629,26.6
EMP004,2026-02-06,0.08131454744213013,29.0
EMP004,2026-02-07,0.07436025669198904,31.2
EMP004,2026-02-08,0.0409080620440479,41.9
EMP004,2026-02-09,0.07392441588313098,31.4
EMP004,2026-02-10,0.07304318940033683,31.6
EMP004,2026-02-11,0.10042317777915827,22.8
EMP004,2026-02-12,0.0961204357668029,24.2
EMP004,2026-02-13,0.03901115924724663,42.6
EMP004,2026-02-14,0.058409717296011354,36.3
EMP004,2026-02-15,0.04144562615936043,41.8
EMP004,2026-02-16,0.08845797802644634,26.7
EMP004,2026-02-17,0.08544127665445833,27.7
EMP004,2026-02-18,0.09969056869943477,23.1
EMP004,2026-02-19,0.08734761430726534,27.0
EMP004,2026-02-20,0.08234081298013263,28.7
EMP004,2026-02-21,0.06594192053524267,33.9
EMP004,2026-02-22,0.04007098774694856,42.2
EMP004,2026-02-23,0.09030377853875432,26.1
EMP004,2026-02-24,0.09016509909346615,26.1
EMP004,2026-02-25,0.10208936058716511,22.3
EMP004,2026-02-26,0.02545376816519651,46.9
EMP004,2026-02-27,0.07456921617302548,31.1
EMP004,2026-02-28,0.09326502155169247,25.1
EMP004,2026-03-01,0.037723745747722304,43.0
EMP004,2026-03-02,0.02684065283931547,46.5
EMP004,2026-03-03,0.07263285349549531,31.8
EMP004,2026-03-04,0.0964306263215639,24.1
EMP004,2026-03-05,0.08086634578660817,29.1
EMP004,2026-03-06,0.09198752855140857,25.6
EMP004,2026-03-07,0.06231875121976599,35.1
EMP004,2026-03-08,0.04063004801049297,42.0
EMP004,2026-03-09,0.09675903246070311,24.0
EMP004,2026-03-10,0.09078724883370626,25.9
EMP004,2026-03-11,0.11014771609527785,19.7
EMP004,2026-03-12,0.09891250453051098,23.3
EMP004,2026-03-13,0.09932927534648539,23.2
EMP004,2026-03-14,0.0675192586318537,33.4
EMP004,2026-03-15,0.04145223273432397,41.8
EMP004,2026-03-16,0.0991126339093178,23.3
EMP004,2026-03-17,0.08158915370113512,28.9
EMP004,2026-03-18,0.1087455667282698,20.2
EMP004,2026-03-19,0.10554322629258389,21.2
EMP004,2026-03-20,0.10524142113373952,21.3
EMP004,2026-03-21,0.06651521520616516,33.7
EMP004,2026-03-22,0.04186525190582374,41.6
EMP004,2026-03-23,0.02989119827892428,45.5
EMP004,2026-03-24,0.08829023099926814,26.7
EMP004,2026-03-25,0.03204094948748426,44.8
EMP004,2026-03-26,0.07768338976413469,30.1
EMP004,2026-03-27,0.013813205350899804,50.6
EMP004,2026-03-28,0.09329026936632251,25.1
EMP004,2026-03-29,0.03112572743493769,45.1
EMP004,2026-03-30,0.03223790060187687,44.7
EMP004,2026-03-31,0.027443705584616174,46.3
EMP005,2026-01-01,0.05085964377105351,38.8
EMP005,2026-01-02,0.0887789626363123,26.6
EMP005,2026-01-03,0.09329160729168778,25.1
EMP005,2026-01-04,-0.015367792113764045,60.0
EMP005,2026-01-05,0.07817479517617032,30.0
EMP005,2026-01-06,0.07249250524731304,31.8
EMP005,2026-01-07,0.0823169307926156,28.7
EMP005,2026-01-08,0.07998687451929487,29.4
EMP005,2026-01-09,0.07183342379501567,32.0
EMP005,2026-01-10,0.041621986394741295,41.7
EMP005,2026-01-11,0.02886314821609881,45.8
EMP005,2026-01-12,0.01154470390843243,51.4
EMP005,2026-01-13,0.09280351272831144,25.3
EMP005,2026-01-14,0.10002832482241641,23.0
EMP005,2026-01-15,0.07709886162989771,30.3
EMP005,2026-01-16,0.11111065706657863,19.4
EMP005,2026-01-17,0.025118346591351037,47.0
EMP005,2026-01-18,0.025389032451111238,46.9
EMP005,2026-01-19,0.10521765825112223,21.3
EMP005,2026-01-20,0.10922799626725627,20.0
EMP005,2026-01-21,0.09867617680912233,23.4
EMP005,2026-01-22,0.11066660522515015,19.6
EMP005,2026-01-23,0.09769188530917466,23.7
EMP005,2026-01-24,0.08942518717762904,26.4
EMP005,2026-01-25,0.03871115313647844,42.6
EMP005,2026-01-26,0.02889096925302892,45.8
EMP005,2026-01-27,0.08714685904102093,27.1
EMP005,2026-01-28,0.10130608357255283,22.6
EMP005,2026-01-29,0.09523888114614942,24.5
EMP005,2026-01-30,0.07382408660957429,31.4
EMP005,2026-01-31,0.09246886995449738,25.4
EMP005,2026-02-01,0.04370720194651667,41.0
EMP005,2026-02-02,0.031454744760461284,45.0
EMP005,2026-02-03,0.036235871167899836,43.4
EMP005,2026-02-04,0.10474470503388111,21.5
EMP005,2026-02-05,0.08852856812179583,26.7
EMP005,2026-02-06,0.07757865370031164,30.2
EMP005,2026-02-07,0.0825642191713864,28.6
EMP005,2026-02-08,0.044349309749277754,40.8
EMP005,2026-02-09,0.03231892923155866,44.7
EMP005,2026-02-10,0.07307677652073735,31.6
EMP005,2026-02-11,0.09713380427360663,23.9
EMP005,2026-02-12,0.09762136056000992,23.7
EMP005,2026-02-13,0.08871963786972531,26.6
EMP005,2026-02-14,0.08604437797940684,27.5
EMP005,2026-02-15,0.045821180868582057,40.4
EMP005,2026-02-16,0.08025161546689402,29.3
EMP005,2026-02-17,0.07207258845370429,31.9
EMP005,2026-02-18,0.09017779737490506,26.1
EMP005,2026-02-19,0.08172983299453179,28.8
EMP005,2026-02-20,0.079047903078376,29.7
EMP005,2026-02-21,0.0817765730576187,28.8
EMP005,2026-02-22,0.04450556499426722,40.8
EMP005,2026-02-23,0.07755160998858118,30.2
EMP005,2026-02-24,0.08088455139248879,29.1
EMP005,2026-02-25,0.08015667074700544,29.4
EMP005,2026-02-26,0.05233586766991938,38.3
EMP005,2026-02-27,0.03036246433832701,45.3
EMP005,2026-02-28,0.049131380379660416,39.3
EMP005,2026-03-01,0.025781204610228925,46.8
EMP005,2026-03-02,0.017172980680413064,49.6
EMP005,2026-03-03,0.0010614930100768527,54.7
EMP005,2026-03-04,0.027092048496987875,46.4
EMP005,2026-03-05,0.04577103857275999,40.4
EMP005,2026-03-06,0.055983850037005345,37.1
EMP005,2026-03-07,0.05121955679992696,38.6
EMP005,2026-03-08,0.03015184273265381,45.4
EMP005,2026-03-09,0.05544106912153962,37.3
EMP005,2026-03-10,0.06068254085698982,35.6
EMP005,2026-03-11,0.046683118380886124,40.1
EMP005,2026-03-12,0.06538313589631534,34.1
EMP005,2026-03-13,0.0665815547620699,33.7
EMP005,2026-03-14,0.041128451788437104,41.9
EMP005,2026-03-15,0.035887261203877474,43.6
EMP005,2026-03-16,0.0668972742041562,33.6
EMP005,2026-03-17,0.05946155303745004,36.0
EMP005,2026-03-18,0.07278611674121094,31.7
EMP005,2026-03-19,0.06966490336067227,32.7
EMP005,2026-03-20,0.05170817858259852,38.5
EMP005,2026-03-21,0.04283154486416357,41.3
EMP005,2026-03-22,0.03627062937993247,43.4
EMP005,2026-03-23,0.06334467564840102,34.7
EMP005,2026-03-24,0.05992828569657532,35.8
EMP005,2026-03-25,0.014805557255414437,50.3
EMP005,2026-03-26,0.01683465143381746,49.7
EMP005,2026-03-27,0.001709113866826928,54.5
EMP005,2026-03-28,0.042873729219875034,41.3
EMP005,2026-03-29,0.02251373997562045,47.8
EMP005,2026-03-30,-0.003867222504356893,56.3
EMP005,2026-03-31,-0.021539914806489424,62.0
EMP006,2026-01-01,0.07135633851411166,32.2
EMP006,2026-01-02,0.08051559033814992,29.2
EMP006,2026-01-03,0.11004149392876417,19.8
EMP006,2026-01-04,0.008688178516474632,52.3
EMP006,2026-01-05,0.02542562161622397,46.9
EMP006,2026-01-06,0.07270378961548041,31.7
EMP006,2026-01-07,0.11275980170333222,18.9
EMP006,2026-01-08,0.09153151998499942,25.7
EMP006,2026-01-09,0.09178852006998711,25.6
EMP006,2026-01-10,0.044661842305038446,40.7
EMP006,2026-01-11,0.06083498413338362,35.6
EMP006,2026-01-12,0.12778445055179377,14.1
EMP006,2026-01-13,0.049900202479945865,39.1
EMP006,2026-01-14,0.13113524578899766,13.0
EMP006,2026-01-15,0.13103271235127195,13.0
EMP006,2026-01-16,0.1177211786223179,17.3
EMP006,2026-01-17,0.11142445257267619,19.3
EMP006,2026-01-18,0.07028299558953599,32.5
EMP006,2026-01-19,0.12321551786560664,15.5
EMP006,2026-01-20,0.11422154198778883,18.4
EMP006,2026-01-21,0.0727923059482361,31.7
EMP006,2026-01-22,0.1323163806899555,12.6
EMP006,2026-01-23,0.1165128645141249,17.7
EMP006,2026-01-24,0.09571858472789152,24.4
EMP006,2026-01-25,0.07122664270550155,32.2
EMP006,2026-01-26,0.05996587728450975,35.8
EMP006,2026-01-27,0.11597305699922755,17.9
EMP006,2026-01-28,0.13745852048736318,11.0
EMP006,2026-01-29,0.0865405449626303,27.3
EMP006,2026-01-30,0.10105204821521885,22.6
EMP006,2026-01-31,0.09826335415247855,23.5
EMP006,2026-02-01,0.07347983437131306,31.5
EMP006,2026-02-02,0.10661318620052446,20.9
EMP006,2026-02-03,0.09028540672327662,26.1
EMP006,2026-02-04,0.11954170672806752,16.7
EMP006,2026-02-05,0.13231891250413524,12.6
EMP006,2026-02-06,0.12230293117114471,15.8
EMP006,2026-02-07,0.08801432675711746,26.8
EMP006,2026-02-08,0.07321861586439238,31.6
EMP006,2026-02-09,0.11664370474229657,17.6
EMP006,2026-02-10,0.05383969115242648,37.8
EMP006,2026-02-11,0.13079659251803866,13.1
EMP006,2026-02-12,0.12519144777730762,14.9
EMP006,2026-02-13,0.12497778096943268,15.0
EMP006,2026-02-14,0.09233219644345608,25.4
EMP006,2026-02-15,0.0743578824968506,31.2
EMP006,2026-02-16,0.1269305095561561,14.3
EMP006,2026-02-17,0.11918623236879605,16.8
EMP006,2026-02-18,0.13495396570185875,11.8
EMP006,2026-02-19,0.12798627305350152,14.0
EMP006,2026-02-20,0.11519457803623145,18.1
EMP006,2026-02-21,0.10050985961553915,22.8
EMP006,2026-02-22,0.0736014407213913,31.5
EMP006,2026-02-23,0.11052435875106881,19.6
EMP006,2026-02-24,0.1272074175568083,14.3
EMP006,2026-02-25,0.13141465883256553,12.9
EMP006,2026-02-26,0.09516683814387833,24.5
EMP006,2026-02-27,0.09372746954036382,25.0
EMP006,2026-02-28,0.10845343487931636,20.3
EMP006,2026-03-01,0.06979783892951663,32.7
EMP006,2026-03-02,0.05849204779602346,36.3
EMP006,2026-03-03,0.08299770682513236,28.4
EMP006,2026-03-04,0.12550665606846173,14.8
EMP006,2026-03-05,0.1222097271822154,15.9
EMP006,2026-03-06,0.11724108224713664,17.5
EMP006,2026-03-07,0.09792129211365713,23.7
EMP006,2026-03-08,0.07188920455771619,32.0
EMP006,2026-03-09,0.12827104907669018,13.9
EMP006,2026-03-10,0.12044605439451156,16.4
EMP006,2026-03-11,0.1218848848720398,16.0
EMP006,2026-03-12,0.11717917207122447,17.5
EMP006,2026-03-13,0.1253335534294719,14.9
EMP006,2026-03-14,0.08652255404247766,27.3
EMP006,2026-03-15,0.07131641554976392,32.2
EMP006,2026-03-16,0.12852418228106177,13.8
EMP006,2026-03-17,0.10166185501196623,22.5
EMP006,2026-03-18,0.13430279488857094,12.0
EMP006,2026-03-19,0.12355960674891425,15.4
EMP006,2026-03-20,0.06920857075595305,32.9
EMP006,2026-03-21,0.09676207465949505,24.0
EMP006,2026-03-22,0.06402844467178742,34.5
EMP006,2026-03-23,0.12347344047883008,15.5
EMP006,2026-03-24,0.11893532581734007,16.9
EMP006,2026-03-25,0.07461225091570073,31.1
EMP006,2026-03-26,0.07813700914538219,30.0
EMP006,2026-03-27,0.043698601463313114,41.0
EMP006,2026-03-28,0.10536866160468727,21.3
EMP006,2026-03-29,0.06743936241819415,33.4
EMP006,2026-03-30,0.08718762811981795,27.1
EMP006,2026-03-31,0.0779615921622751,30.1
EMP007,2026-01-01,0.04571774071379875,40.4
EMP007,2026-01-02,0.05087069394601712,38.7
EMP007,2026-01-03,0.09407424815682636,24.9
EMP007,2026-01-04,-0.016143930968923637,60.2
EMP007,2026-01-05,0.0562832514792832,37.0
EMP007,2026-01-06,0.048092583926938104,39.6
EMP007,2026-01-07,0.046882490021614764,40.0
EMP007,2026-01-08,0.046288934461338915,40.2
EMP007,2026-01-09,0.043403703911650326,41.1
EMP007,2026-01-10,0.041365403404617584,41.8
EMP007,2026-01-11,0.03178259463010924,44.9
EMP007,2026-01-12,0.08880919160899237,26.6
EMP007,2026-01-13,0.06890547003491976,33.0
EMP007,2026-01-14,0.08745533216540308,27.0
EMP007,2026-01-15,0.09033615374085147,26.1
EMP007,2026-01-16,0.08960565584148811,26.3
EMP007,2026-01-17,0.05884240312574934,36.2
EMP007,2026-01-18,0.041960662616715494,41.6
EMP007,2026-01-19,0.08724172225051718,27.1
EMP007,2026-01-20,0.08397465776626895,28.1
EMP007,2026-01-21,0.08934441933924792,26.4
EMP007,2026-01-22,0.07395130280367301,31.3
EMP007,2026-01-23,0.07793402158679263,30.1
EMP007,2026-01-24,0.07109660071704105,32.3
EMP007,2026-01-25,0.04493138163359417,40.7
EMP007,2026-01-26,0.033612942509730015,44.3
EMP007,2026-01-27,0.07725211541031429,30.3
EMP007,2026-01-28,0.10466846815176739,21.5
EMP007,2026-01-29,0.052848610854475786,38.1
EMP007,2026-01-30,0.0942063457433297,24.8
EMP007,2026-01-31,0.07617824879201923,30.6
EMP007,2026-02-01,0.04246089509640877,41.4
EMP007,2026-02-02,0.05539963224706057,37.3
EMP007,2026-02-03,0.048791603001695716,39.4
EMP007,2026-02-04,0.07513120226457881,31.0
EMP007,2026-02-05,0.07210904380411909,31.9
EMP007,2026-02-06,0.07156304565790272,32.1
EMP007,2026-02-07,0.05709733503524089,36.7
EMP007,2026-02-08,0.040854640583374346,42.0
EMP007,2026-02-09,0.06134050432741228,35.4
EMP007,2026-02-10,0.07599092315134276,30.7
EMP007,2026-02-11,0.10013359304500363,22.9
EMP007,2026-02-12,0.09850308741352148,23.5
EMP007,2026-02-13,0.07697269752771768,30.4
EMP007,2026-02-14,0.06536088803342743,34.1
EMP007,2026-02-15,0.046051400949021604,40.3
EMP007,2026-02-16,0.08591681122697392,27.5
EMP007,2026-02-17,0.08427578936062058,28.0
EMP007,2026-02-18,0.0986230817200422,23.4
EMP007,2026-02-19,0.10427548648545959,21.6
EMP007,2026-02-20,0.08796870437877574,26.8
EMP007,2026-02-21,0.023952981643496685,47.4
EMP007,2026-02-22,0.03314281884707937,44.4
EMP007,2026-02-23,0.08139409010564413,29.0
EMP007,2026-02-24,0.0800212224482536,29.4
EMP007,2026-02-25,0.0991578151131875,23.3
EMP007,2026-02-26,0.06893352703395295,33.0
EMP007,2026-02-27,0.09916383008505414,23.3
EMP007,2026-02-28,0.09614835903622965,24.2
EMP007,2026-03-01,0.047858401008836426,39.7
EMP007,2026-03-02,0.0325088754466748,44.6
EMP007,2026-03-03,0.05886114764226008,36.2
EMP007,2026-03-04,0.08958196850526373,26.3
EMP007,2026-03-05,0.09598955954653515,24.3
EMP007,2026-03-06,0.10497872990787893,21.4
EMP007,2026-03-07,0.06531668920958872,34.1
EMP007,2026-03-08,0.04774658050021191,39.7
EMP007,2026-03-09,0.0886299267714824,26.6
EMP007,2026-03-10,0.07818386823558049,30.0
EMP007,2026-03-11,0.09090751968851868,25.9
EMP007,2026-03-12,0.040960797950312544,41.9
EMP007,2026-03-13,0.08881832097686693,26.6
EMP007,2026-03-14,0.0694522847606805,32.8
EMP007,2026-03-15,0.04557256877050897,40.4
EMP007,2026-03-16,0.07319864534522041,31.6
EMP007,2026-03-17,0.07790582089702536,30.1
EMP007,2026-03-18,0.08824656641181577,26.8
EMP007,2026-03-19,0.0458777004640758,40.3
EMP007,2026-03-20,0.0935320175507966,25.1
EMP007,2026-03-21,0.06968918709418265,32.7
EMP007,2026-03-22,0.04570518660356143,40.4
EMP007,2026-03-23,0.08961998295349255,26.3
EMP007,2026-03-24,0.07929382279738195,29.6
EMP007,2026-03-25,0.04532924994368609,40.5
EMP007,2026-03-26,0.033073673604403275,44.5
EMP007,2026-03-27,0.0003717650284360552,54.9
EMP007,2026-03-28,0.07619378511671576,30.6
EMP007,2026-03-29,0.03339940837436933,44.4
EMP007,2026-03-30,0.006999762883685534,52.8
EMP007,2026-03-31,0.030725077621902463,45.2
EMP008,2026-01-01,0.05842987021781537,36.3
EMP008,2026-01-02,0.07581526924968923,30.7
EMP008,2026-01-03,0.09721157527325647,23.9
EMP008,2026-01-04,-0.009655213263501272,58.2
EMP008,2026-01-05,0.08414658827787086,28.1
EMP008,2026-01-06,0.07469678046248285,31.1
EMP008,2026-01-07,0.0814212814692648,28.9
EMP008,2026-01-08,0.0885978312205381,26.6
EMP008,2026-01-09,0.09158522356218879,25.7
EMP008,2026-01-10,0.014446786328881855,50.4
EMP008,2026-01-11,0.04192010033878135,41.6
EMP008,2026-01-12,0.02204742874306176,48.0
EMP008,2026-01-13,0.06960251913031545,32.7
EMP008,2026-01-14,0.021157820058888777,48.3
EMP008,2026-01-15,0.09548697344755219,24.4
EMP008,2026-01-16,0.08190696754689247,28.8
EMP008,2026-01-17,0.09623905759421686,24.2
EMP008,2026-01-18,0.057284710042624476,36.7
EMP008,2026-01-19,0.11991873608032938,16.6
EMP008,2026-01-20,0.09914749018456798,23.3
EMP008,2026-01-21,0.10978167581748022,19.8
EMP008,2026-01-22,0.12589084142535878,14.7
EMP008,2026-01-23,0.05646672845341821,37.0
EMP008,2026-01-24,0.07771628174423212,30.1
EMP008,2026-01-25,0.05716233387442421,36.7
EMP008,2026-01-26,0.04312811162316316,41.2
EMP008,2026-01-27,0.08612292472914396,27.4
EMP008,2026-01-28,0.1149081446290054,18.2
EMP008,2026-01-29,0.09228855346616638,25.5
EMP008,2026-01-30,0.07629407547451711,30.6
EMP008,2026-01-31,0.09108347244310244,25.8
EMP008,2026-02-01,0.05955256381511326,36.0
EMP008,2026-02-02,0.0806166826034595,29.2
EMP008,2026-02-03,0.08356211632331467,28.3
EMP008,2026-02-04,0.1177662180132622,17.3
EMP008,2026-02-05,0.11284035713146806,18.9
EMP008,2026-02-06,0.1094873486429569,19.9
EMP008,2026-02-07,0.0755015503971343,30.8
EMP008,2026-02-08,0.056054948050120235,37.1
EMP008,2026-02-09,0.11592073703805666,17.9
EMP008,2026-02-10,0.09897713855808643,23.3
EMP008,2026-02-11,0.12007980426882825,16.5
EMP008,2026-02-12,0.11642165587126974,17.7
EMP008,2026-02-13,0.11568936479942904,18.0
EMP008,2026-02-14,0.08721322528810727,27.1
EMP008,2026-02-15,0.0604899231144565,35.7
EMP008,2026-02-16,0.10115604652934052,22.6
EMP008,2026-02-17,0.10858121250549968,20.2
EMP008,2026-02-18,0.11831890019351343,17.1
EMP008,2026-02-19,0.10674444469570377,20.8
EMP008,2026-02-20,0.11208335588007762,19.1
EMP008,2026-02-21,0.08578795969470265,27.5
EMP008,2026-02-22,0.05790715679272901,36.5
EMP008,2026-02-23,0.1085378925989744,20.2
EMP008,2026-02-24,0.10304732541795647,22.0
EMP008,2026-02-25,0.11289235647523466,18.8
EMP008,2026-02-26,0.09000921468418238,26.2
EMP008,2026-02-27,0.09434786098870968,24.8
EMP008,2026-02-28,0.0959461285258475,24.3
EMP008,2026-03-01,0.05648731311536315,36.9
EMP008,2026-03-02,0.04492216539060789,40.7
EMP008,2026-03-03,0.03890013671751874,42.6
EMP008,2026-03-04,0.09728524602642502,23.9
EMP008,2026-03-05,0.10717113626125502,20.7
EMP008,2026-03-06,0.10556450183748861,21.2
EMP008,2026-03-07,0.0866111011913655,27.3
EMP008,2026-03-08,0.05888896114240477,36.2
EMP008,2026-03-09,0.1072156289362402,20.7
EMP008,2026-03-10,0.1053495642154621,21.3
EMP008,2026-03-11,0.12020086019549847,16.5
EMP008,2026-03-12,0.11837692501370939,17.1
EMP008,2026-03-13,0.11923447392095127,16.8
EMP008,2026-03-14,0.08086674486267059,29.1
EMP008,2026-03-15,0.05793565150799207,36.5
EMP008,2026-03-16,0.11452678391848786,18.3
EMP008,2026-03-17,0.05359238355513363,37.9
EMP008,2026-03-18,0.11306775189190765,18.8
EMP008,2026-03-19,0.09679791902828933,24.0
EMP008,2026-03-20,0.10131678259825744,22.6
EMP008,2026-03-21,0.08307538120794916,28.4
EMP008,2026-03-22,0.05606359116254339,37.1
EMP008,2026-03-23,0.11369432226114168,18.6
EMP008,2026-03-24,0.11527236753789849,18.1
EMP008,2026-03-25,0.0791035663061021,29.7
EMP008,2026-03-26,0.0411127155577341,41.9
EMP008,2026-03-27,0.043994770480706435,41.0
EMP008,2026-03-28,0.09315221215209157,25.2
EMP008,2026-03-29,0.050520700272712105,38.9
EMP008,2026-03-30,0.04180489898279227,41.7
EMP008,2026-03-31,0.04021832796065433,42.2
EMP009,2026-01-01,0.06573125152961984,34.0
EMP009,2026-01-02,0.1293518072422321,13.6
EMP009,2026-01-03,0.1238637750795758,15.3
EMP009,2026-01-04,-0.0032973239644557006,56.1
EMP009,2026-01-05,0.10889990211473327,20.1
EMP009,2026-01-06,0.07457864740505599,31.1
EMP009,2026-01-07,0.07974205105489351,29.5
EMP009,2026-01-08,0.08635754685958053,27.4
EMP009,2026-01-09,0.09423731337771563,24.8
EMP009,2026-01-10,0.059899505035586276,35.9
EMP009,2026-01-11,0.04566298315912837,40.4
EMP009,2026-01-12,0.11599198936052768,17.9
EMP009,2026-01-13,0.034820920202008776,43.9
EMP009,2026-01-14,0.12027445108444007,16.5
EMP009,2026-01-15,0.12927769805530953,13.6
EMP009,2026-01-16,0.12146710284113466,16.1
EMP009,2026-01-17,0.0990538539772522,23.3
EMP009,2026-01-18,0.06204535626345298,35.2
EMP009,2026-01-19,0.11822759995090282,17.1
EMP009,2026-01-20,0.12860871970939053,13.8
EMP009,2026-01-21,0.0624920908286552,35.0
EMP009,2026-01-22,0.11424140834809793,18.4
EMP009,2026-01-23,0.12694528771769176,14.3
EMP009,2026-01-24,0.10952147858211236,19.9
EMP009,2026-01-25,0.06482486881907112,34.3
EMP009,2026-01-26,0.052067341028851355,38.4
EMP009,2026-01-27,0.10945272928715483,20.0
EMP009,2026-01-28,0.12850551303499802,13.8
EMP009,2026-01-29,0.12150754527559904,16.1
EMP009,2026-01-30,0.12132317916613822,16.1
EMP009,2026-01-31,0.09965891869489191,23.1
EMP009,2026-02-01,0.06765396449530459,33.4
EMP009,2026-02-02,0.12402500877069683,15.3
EMP009,2026-02-03,0.11338121858353734,18.7
EMP009,2026-02-04,0.13468971430755772,11.9
EMP009,2026-02-05,0.04771870659636118,39.8
EMP009,2026-02-06,0.12940500456777654,13.6
EMP009,2026-02-07,0.09327851473707599,25.1
EMP009,2026-02-08,0.0641343261996053,34.5
EMP009,2026-02-09,0.11999557834525676,16.6
EMP009,2026-02-10,0.0647631537085212,34.3
EMP009,2026-02-11,0.12842541063117136,13.9
EMP009,2026-02-12,0.13430112929737958,12.0
EMP009,2026-02-13,0.12065398462339233,16.4
EMP009,2026-02-14,0.07511177090687976,31.0
EMP009,2026-02-15,0.06166172162979716,35.3
EMP009,2026-02-16,0.12162311218391281,16.0
EMP009,2026-02-17,0.1146277030659772,18.3
EMP009,2026-02-18,0.13618686081525672,11.4
EMP009,2026-02-19,0.1327291624079296,12.5
EMP009,2026-02-20,0.13515906890742924,11.7
EMP009,2026-02-21,0.0844146213987223,28.0
EMP009,2026-02-22,0.06563187028449935,34.0
EMP009,2026-02-23,0.12061811237135417,16.4
EMP009,2026-02-24,0.12831500270112245,13.9
EMP009,2026-02-25,0.12424196872616927,15.2
EMP009,2026-02-26,0.061214282058256464,35.4
EMP009,2026-02-27,0.10686193622703999,20.8
EMP009,2026-02-28,0.12440780465364176,15.2
EMP009,2026-03-01,0.06671763256574215,33.7
EMP009,2026-03-02,0.05238814628193089,38.3
EMP009,2026-03-03,0.08220895706490461,28.7
EMP009,2026-03-04,0.1290690906265568,13.7
EMP009,2026-03-05,0.13184947571907463,12.8
EMP009,2026-03-06,0.12948167954235074,13.5
EMP009,2026-03-07,0.09930767061831713,23.2
EMP009,2026-03-08,0.06680976004518363,33.6
EMP009,2026-03-09,0.05312222157240776,38.0
EMP009,2026-03-10,0.12639130456797987,14.5
EMP009,2026-03-11,0.13402431042806157,12.1
EMP009,2026-03-12,0.12951044659119626,13.5
EMP009,2026-03-13,0.12481300884178664,15.0
EMP009,2026-03-14,0.07975898903331319,29.5
EMP009,2026-03-15,0.06253371158933807,35.0
EMP009,2026-03-16,0.1022830298289425,22.3
EMP009,2026-03-17,0.12348501690890301,15.5
EMP009,2026-03-18,0.13003285172791967,13.3
EMP009,2026-03-19,0.12676995339290925,14.4
EMP009,2026-03-20,0.12534201947123363,14.9
EMP009,2026-03-21,0.08755963083731821,27.0
EMP009,2026-03-22,0.060926933670662264,35.5
EMP009,2026-03-23,0.1171528971907308,17.5
EMP009,2026-03-24,0.12855028914549982,13.8
EMP009,2026-03-25,0.06741732448191412,33.4
EMP009,2026-03-26,0.08041619208142897,29.3
EMP009,2026-03-27,0.0988844399409568,23.3
EMP009,2026-03-28,0.11048488249765015,19.6
EMP009,2026-03-29,0.06219809529924436,35.1
EMP009,2026-03-30,0.08059010644004677,29.2
EMP009,2026-03-31,0.058320482097461435,36.4
EMP010,2026-01-01,0.02793678752037243,46.1
EMP010,2026-01-02,0.031128185541649533,45.1
EMP010,2026-01-03,0.05731343778243558,36.7
EMP010,2026-01-04,-0.03711626476164298,67.0
EMP010,2026-01-05,0.03547701216039251,43.7
EMP010,2026-01-06,0.028099036237497876,46.1
EMP010,2026-01-07,0.032354235673940024,44.7
EMP010,2026-01-08,0.03792418048703594,42.9
EMP010,2026-01-09,-0.03350375209898859,65.8
EMP010,2026-01-10,0.0402301052932269,42.2
EMP010,2026-01-11,0.022533425287491693,47.8
EMP010,2026-01-12,0.058854120539811594,36.2
EMP010,2026-01-13,0.07235741679636454,31.9
EMP010,2026-01-14,0.08089878338161866,29.1
EMP010,2026-01-15,0.07253703678153878,31.8
EMP010,2026-01-16,0.08129977757897255,29.0
EMP010,2026-01-17,0.055020252932275304,37.4
EMP010,2026-01-18,0.024862033852169785,47.1
EMP010,2026-01-19,0.06253453695305322,35.0
EMP010,2026-01-20,0.06561752735624837,34.0
EMP010,2026-01-21,0.070910847655973,32.3
EMP010,2026-01-22,0.06685143878970812,33.6
EMP010,2026-01-23,0.07178355110064183,32.0
EMP010,2026-01-24,0.03303755549770737,44.5
EMP010,2026-01-25,0.020505611439208704,48.5
EMP010,2026-01-26,0.012051815270205157,51.2
EMP010,2026-01-27,0.05540453440617604,37.3
EMP010,2026-01-28,0.08128770023114551,29.0
EMP010,2026-01-29,0.04955252388291648,39.2
EMP010,2026-01-30,0.03261201818625259,44.6
EMP010,2026-01-31,0.009728750143248033,51.9
EMP010,2026-02-01,0.016243229111401747,49.9
EMP010,2026-02-02,0.031377247077438275,45.0
EMP010,2026-02-03,0.05084117645923292,38.8
EMP010,2026-02-04,0.06413582768180687,34.5
EMP010,2026-02-05,0.06983084337188411,32.7
EMP010,2026-02-06,0.07788100816395149,30.1
EMP010,2026-02-07,0.03054721246478631,45.3
EMP010,2026-02-08,0.024870433170650963,47.1
EMP010,2026-02-09,0.07722659172712765,30.3
EMP010,2026-02-10,0.06059116393200997,35.6
EMP010,2026-02-11,0.06513297744859342,34.2
EMP010,2026-02-12,0.07055443703631242,32.4
EMP010,2026-02-13,0.06080004995091115,35.6
EMP010,2026-02-14,0.0362611039567749,43.4
EMP010,2026-02-15,0.02046409628415169,48.5
EMP010,2026-02-16,0.066242968627381,33.8
EMP010,2026-02-17,0.054074551142588856,37.7
EMP010,2026-02-18,0.0583254947258548,36.4
EMP010,2026-02-19,0.057601074437791056,36.6
EMP010,2026-02-20,0.07943853255515287,29.6
EMP010,2026-02-21,0.039842935419700576,42.3
EMP010,2026-02-22,0.02354721208988264,47.5
EMP010,2026-02-23,0.0463551779209459,40.2
EMP010,2026-02-24,0.055964115445191975,37.1
EMP010,2026-02-25,0.08162300410063428,28.9
EMP010,2026-02-26,0.05514824646813371,37.4
EMP010,2026-02-27,0.08203237597847673,28.7
EMP010,2026-02-28,0.03891342236442891,42.6
EMP010,2026-03-01,0.019847805292564025,48.7
EMP010,2026-03-02,0.01234650934312631,51.1
EMP010,2026-03-03,0.05192115747394804,38.4
EMP010,2026-03-04,0.06307987808438753,34.8
EMP010,2026-03-05,0.04600072322779336,40.3
EMP010,2026-03-06,0.06404456986955614,34.5
EMP010,2026-03-07,0.026397331937938917,46.6
EMP010,2026-03-08,0.02226036367442108,47.9
EMP010,2026-03-09,0.0631831484637368,34.8
EMP010,2026-03-10,0.05068435449394654,38.8
EMP010,2026-03-11,0.04388639414723827,41.0
EMP010,2026-03-12,0.038651486511960376,42.7
EMP010,2026-03-13,0.02134470172837155,48.2
EMP010,2026-03-14,-0.005382471196852645,56.8
EMP010,2026-03-15,0.0186214122430598,49.1
EMP010,2026-03-16,0.04391339925667431,41.0
EMP010,2026-03-17,0.0683458579205991,33.1
EMP010,2026-03-18,0.024503405795132216,47.2
EMP010,2026-03-19,0.04847927494420112,39.5
EMP010,2026-03-20,0.02929043499294759,45.7
EMP010,2026-03-21,0.015221192334202938,50.2
EMP010,2026-03-22,0.025000327908536235,47.0
EMP010,2026-03-23,0.05346334084200788,37.9
EMP010,2026-03-24,0.024987498698929467,47.1
EMP010,2026-03-25,0.024145343751661108,47.3
EMP010,2026-03-26,0.004503742509352038,53.6
EMP010,2026-03-27,-0.01694539752285551,60.5
EMP010,2026-03-28,0.0030039642479707807,54.1
EMP010,2026-03-29,0.015569476864972565,50.1
EMP010,2026-03-30,0.004600142949969355,53.6
EMP010,2026-03-31,0.006968707078978231,52.8
EMP011,2026-01-01,0.02787803507944331,46.1
EMP011,2026-01-02,0.06699230062848027,33.6
EMP011,2026-01-03,0.08217545350059335,28.7
EMP011,2026-01-04,-0.053929807248934036,72.4
EMP011,2026-01-05,0.06028506148008095,35.7
EMP011,2026-01-06,0.05313556594934227,38.0
EMP011,2026-01-07,0.035794408497394736,43.6
EMP011,2026-01-08,0.03517135986899195,43.8
EMP011,2026-01-09,0.03613102309580424,43.5
EMP011,2026-01-10,-0.029205811391143977,64.4
EMP011,2026-01-11,0.013727097708246538,50.7
EMP011,2026-01-12,0.08215659884980364,28.7
EMP011,2026-01-13,0.08746951879900444,27.0
EMP011,2026-01-14,0.0919410560837578,25.6
EMP011,2026-01-15,0.09126273419937975,25.8
EMP011,2026-01-16,0.09054420595745505,26.0
EMP011,2026-01-17,0.04865638450135751,39.5
EMP011,2026-01-18,0.031981285259148395,44.8
EMP011,2026-01-19,0.08800271994793929,26.8
EMP011,2026-01-20,0.08610911922239955,27.4
EMP011,2026-01-21,0.09448636697381513,24.8
EMP011,2026-01-22,0.09594510342747614,24.3
EMP011,2026-01-23,0.09057246828353338,26.0
EMP011,2026-01-24,0.038916550181708365,42.6
EMP011,2026-01-25,0.03046319459492386,45.3
EMP011,2026-01-26,0.02222371579558735,47.9
EMP011,2026-01-27,0.005269139714019211,53.4
EMP011,2026-01-28,0.09574323566753123,24.4
EMP011,2026-01-29,0.061300151789131174,35.4
EMP011,2026-01-30,0.04726025872454903,39.9
EMP011,2026-01-31,0.05715419117858195,36.7
EMP011,2026-02-01,0.022752531813471033,47.8
EMP011,2026-02-02,0.06135952855694815,35.4
EMP011,2026-02-03,0.07740612912321299,30.2
EMP011,2026-02-04,0.08976437103494561,26.3
EMP011,2026-02-05,0.08815500978363555,26.8
EMP011,2026-02-06,0.08755114776311851,27.0
EMP011,2026-02-07,0.0447973424124421,40.7
EMP011,2026-02-08,0.031015046857553297,45.1
EMP011,2026-02-09,0.07522403645100745,30.9
EMP011,2026-02-10,0.07594692910790907,30.7
EMP011,2026-02-11,0.08314146375566311,28.4
EMP011,2026-02-12,0.06834684404318536,33.1
EMP011,2026-02-13,0.07100962857638687,32.3
EMP011,2026-02-14,0.030779372171961694,45.2
EMP011,2026-02-15,0.021279406335409146,48.2
EMP011,2026-02-16,0.08157460669016187,28.9
EMP011,2026-02-17,0.08694401225608883,27.2
EMP011,2026-02-18,0.09553003450720715,24.4
EMP011,2026-02-19,0.10347121992040564,21.9
EMP011,2026-02-20,0.09928753443953425,23.2
EMP011,2026-02-21,0.05568932490961309,37.2
EMP011,2026-02-22,0.03297055128859455,44.5
EMP011,2026-02-23,0.08889790356337285,26.5
EMP011,2026-02-24,0.10003793967164903,23.0
EMP011,2026-02-25,0.09300778239078183,25.2
EMP011,2026-02-26,0.090366678030048,26.1
EMP011,2026-02-27,0.07611803866743183,30.6
EMP011,2026-02-28,0.05482305818647121,37.5
EMP011,2026-03-01,0.02793317308209442,46.1
EMP011,2026-03-02,0.02025338528922005,48.6
EMP011,2026-03-03,0.04641854374617799,40.2
EMP011,2026-03-04,0.08302843517394376,28.4
EMP011,2026-03-05,0.03017356312898456,45.4
EMP011,2026-03-06,0.07456957453646468,31.1
EMP011,2026-03-07,0.056145676164036595,37.1
EMP011,2026-03-08,0.0296302358237156,45.6
EMP011,2026-03-09,0.08318116465605702,28.4
EMP011,2026-03-10,0.08230401121058911,28.7
EMP011,2026-03-11,0.09332604398799144,25.1
EMP011,2026-03-12,0.10031310283325279,22.9
EMP011,2026-03-13,0.09857682025927272,23.4
EMP011,2026-03-14,0.049873585480297355,39.1
EMP011,2026-03-15,0.03271980413295483,44.6
EMP011,2026-03-16,0.09350804728019546,25.1
EMP011,2026-03-17,0.09514644714283621,24.5
EMP011,2026-03-18,0.10007490752742054,23.0
EMP011,2026-03-19,0.09107883823254592,25.8
EMP011,2026-03-20,0.09800410892000727,23.6
EMP011,2026-03-21,0.052909245165082275,38.1
EMP011,2026-03-22,0.03189763170033816,44.8
EMP011,2026-03-23,0.07189010018534753,32.0
EMP011,2026-03-24,0.08366060281119786,28.2
EMP011,2026-03-25,0.05527723272228796,37.3
EMP011,2026-03-26,0.003726059078724031,53.9
EMP011,2026-03-27,0.06570389415288358,34.0
EMP011,2026-03-28,0.04725310055086884,39.9
EMP011,2026-03-29,0.014952762258040542,50.3
EMP011,2026-03-30,0.027945150220594628,46.1
EMP011,2026-03-31,0.04423673534879469,40.9
EMP012,2026-01-01,0.03665605724670595,43.3
EMP012,2026-01-02,0.0411875249696359,41.9
EMP012,2026-01-03,0.0637939614844496,34.6
EMP012,2026-01-04,-0.03514314436383481,66.3
EMP012,2026-01-05,0.04327181926194451,41.2
EMP012,2026-01-06,0.060704060333526155,35.6
EMP012,2026-01-07,0.03685361369226653,43.2
EMP012,2026-01-08,0.03540456120192198,43.7
EMP012,2026-01-09,0.02112704749509231,48.3
EMP012,2026-01-10,0.003701856863872477,53.9
EMP012,2026-01-11,0.011998111651377541,51.2
EMP012,2026-01-12,0.07752326488156064,30.2
EMP012,2026-01-13,0.0794344848864399,29.6
EMP012,2026-01-14,0.09637987081327742,24.1
EMP012,2026-01-15,0.08712167774140533,27.1
EMP012,2026-01-16,0.0807343761643729,29.2
EMP012,2026-01-17,0.05598899595954576,37.1
EMP012,2026-01-18,0.02379177254646825,47.4
EMP012,2026-01-19,0.07711722151506167,30.3
EMP012,2026-01-20,0.08887511481432975,26.6
EMP012,2026-01-21,0.016103268449278563,49.9
EMP012,2026-01-22,0.09668326532533894,24.0
EMP012,2026-01-23,0.08411838630190094,28.1
EMP012,2026-01-24,0.061639263027043256,35.3
EMP012,2026-01-25,0.027698460794476576,46.2
EMP012,2026-01-26,0.01642013573410317,49.8
EMP012,2026-01-27,0.06729742765979618,33.5
EMP012,2026-01-28,0.09472986906087738,24.7
EMP012,2026-01-29,0.02949770632291926,45.6
EMP012,2026-01-30,0.03746789013168511,43.0
EMP012,2026-01-31,0.07229015238566205,31.9
EMP012,2026-02-01,0.022869337582496763,47.7
EMP012,2026-02-02,0.045907945613801626,40.3
EMP012,2026-02-03,0.07247721791473027,31.8
EMP012,2026-02-04,0.08741667348690596,27.0
EMP012,2026-02-05,0.07749465684836315,30.2
EMP012,2026-02-06,0.08285809850614984,28.5
EMP012,2026-02-07,0.043022314661980254,41.3
EMP012,2026-02-08,0.02411622578464956,47.3
EMP012,2026-02-09,0.08024181510343276,29.3
EMP012,2026-02-10,0.0755337230213049,30.8
EMP012,2026-02-11,0.023521233264211405,47.5
EMP012,2026-02-12,0.08112346687364524,29.0
EMP012,2026-02-13,0.07626379349968992,30.6
EMP012,2026-02-14,0.04939167235409303,39.2
EMP012,2026-02-15,0.0290356348396672,45.8
EMP012,2026-02-16,0.07011786356891758,32.6
EMP012,2026-02-17,0.08285967273840394,28.5
EMP012,2026-02-18,0.09074979327405747,26.0
EMP012,2026-02-19,0.0925409844750621,25.4
EMP012,2026-02-20,0.09119128485899458,25.8
EMP012,2026-02-21,0.047673863102418224,39.8
EMP012,2026-02-22,0.02774422474285776,46.2
EMP012,2026-02-23,0.07720529200847465,30.3
EMP012,2026-02-24,0.08820308992625642,26.8
EMP012,2026-02-25,0.09695817145691504,24.0
EMP012,2026-02-26,0.06324402357816672,34.8
EMP012,2026-02-27,0.06888047966789862,33.0
EMP012,2026-02-28,0.06306874766693793,34.8
EMP012,2026-03-01,0.02329022156201843,47.6
EMP012,2026-03-02,0.012154508900013461,51.2
EMP012,2026-03-03,0.03870193027650609,42.7
EMP012,2026-03-04,0.07969534061634037,29.5
EMP012,2026-03-05,0.08770495368873471,26.9
EMP012,2026-03-06,0.08754139306746728,27.0
EMP012,2026-03-07,0.01803840535790291,49.3
EMP012,2026-03-08,0.014548066873491083,50.4
EMP012,2026-03-09,0.07763535863692206,30.2
EMP012,2026-03-10,0.08936526725056376,26.4
EMP012,2026-03-11,0.08800030825903338,26.8
EMP012,2026-03-12,0.08815751380735559,26.8
EMP012,2026-03-13,0.08693737501518345,27.2
EMP012,2026-03-14,0.04698144469959359,40.0
EMP012,2026-03-15,0.026154957824640834,46.7
EMP012,2026-03-16,0.0863184042198587,27.4
EMP012,2026-03-17,0.0871488488458349,27.1
EMP012,2026-03-18,0.0921159477309213,25.5
EMP012,2026-03-19,0.09065615984674369,26.0
EMP012,2026-03-20,0.0779034584092797,30.1
EMP012,2026-03-21,0.05908576151675249,36.1
EMP012,2026-03-22,0.027593348537794493,46.2
EMP012,2026-03-23,0.08813319574994999,26.8
EMP012,2026-03-24,0.08602125249060671,27.5
EMP012,2026-03-25,0.01439178052600365,50.5
EMP012,2026-03-26,-0.007903894146741197,57.6
EMP012,2026-03-27,-0.0008183948816816722,55.3
EMP012,2026-03-28,0.052334183050985916,38.3
EMP012,2026-03-29,-9.803518800699518e-05,55.1
EMP012,2026-03-30,-0.0016612742682846626,55.6
EMP012,2026-03-31,0.0007456248469522864,54.8
EMP013,2026-01-01,0.04204974542635842,41.6
EMP013,2026-01-02,0.07558805438920563,30.8
EMP013,2026-01-03,0.08101570347562831,29.1
EMP013,2026-01-04,-0.025103628421670465,63.1
EMP013,2026-01-05,0.0683585981008143,33.1
EMP013,2026-01-06,0.09554618828114592,24.4
EMP013,2026-01-07,0.013537251747643642,50.7
EMP013,2026-01-08,0.0867208291036703,27.2
EMP013,2026-01-09,0.09025235450258623,26.1
EMP013,2026-01-10,0.019565481808620278,48.8
EMP013,2026-01-11,0.031868002176444865,44.8
EMP013,2026-01-12,0.10073569886131417,22.7
EMP013,2026-01-13,0.0784337247122524,29.9
EMP013,2026-01-14,0.08691643318055325,27.2
EMP013,2026-01-15,0.07608832961698864,30.7
EMP013,2026-01-16,0.08875085258107657,26.6
EMP013,2026-01-17,0.04179522795767293,41.7
EMP013,2026-01-18,0.03350857275113561,44.3
EMP013,2026-01-19,0.09472931797940243,24.7
EMP013,2026-01-20,0.023798275153867565,47.4
EMP013,2026-01-21,0.10590332976797151,21.1
EMP013,2026-01-22,0.09957989468512474,23.1
EMP013,2026-01-23,0.044328168799671,40.8
EMP013,2026-01-24,0.06777626519361735,33.3
EMP013,2026-01-25,0.04873892203549557,39.4
EMP013,2026-01-26,0.03240729060259223,44.7
EMP013,2026-01-27,0.08654625048505726,27.3
EMP013,2026-01-28,0.09687152368799179,24.0
EMP013,2026-01-29,0.07619230907004876,30.6
EMP013,2026-01-30,0.09518183754070852,24.5
EMP013,2026-01-31,0.08858816167684541,26.6
EMP013,2026-02-01,0.04485412085096652,40.7
EMP013,2026-02-02,0.07823054832057691,30.0
EMP013,2026-02-03,0.08421817904814133,28.0
EMP013,2026-02-04,0.10329548778308578,21.9
EMP013,2026-02-05,0.09714929535727596,23.9
EMP013,2026-02-06,0.10250549920737773,22.2
EMP013,2026-02-07,0.03462250585434912,44.0
EMP013,2026-02-08,0.043683419792542644,41.1
EMP013,2026-02-09,0.08254793174313535,28.6
EMP013,2026-02-10,0.10686047881230853,20.8
EMP013,2026-02-11,0.11175433227778953,19.2
EMP013,2026-02-12,0.10809860910301444,20.4
EMP013,2026-02-13,0.09965512745347593,23.1
EMP013,2026-02-14,0.05297284946434089,38.1
EMP013,2026-02-15,0.04221374647314752,41.5
EMP013,2026-02-16,0.09223614675599628,25.5
EMP013,2026-02-17,0.10911056816299064,20.1
EMP013,2026-02-18,0.10696905251577887,20.7
EMP013,2026-02-19,0.1075263847617704,20.6
EMP013,2026-02-20,0.09822950596093266,23.6
EMP013,2026-02-21,0.06475884737030235,34.3
EMP013,2026-02-22,0.043384420109738364,41.1
EMP013,2026-02-23,0.09826902488441464,23.5
EMP013,2026-02-24,0.09520999662838991,24.5
EMP013,2026-02-25,0.0960211277984423,24.3
EMP013,2026-02-26,0.1032606860446032,21.9
EMP013,2026-02-27,0.10221932431792519,22.3
EMP013,2026-02-28,0.06506152479979421,34.2
EMP013,2026-03-01,0.041919233175398085,41.6
EMP013,2026-03-02,0.02896319335097186,45.8
EMP013,2026-03-03,0.0653011874387932,34.1
EMP013,2026-03-04,0.09868816610655612,23.4
EMP013,2026-03-05,0.10450364370795656,21.5
EMP013,2026-03-06,0.10065541354445018,22.8
EMP013,2026-03-07,0.05585975916355529,37.1
EMP013,2026-03-08,0.04709587962160999,40.0
EMP013,2026-03-09,0.09933155856356601,23.2
EMP013,2026-03-10,0.10799347713766433,20.4
EMP013,2026-03-11,0.0978890948897842,23.7
EMP013,2026-03-12,0.1063405420881684,21.0
EMP013,2026-03-13,0.10654343844788555,20.9
EMP013,2026-03-14,0.05708666616974872,36.8
EMP013,2026-03-15,0.04782821853793073,39.7
EMP013,2026-03-16,0.06495997041620627,34.2
EMP013,2026-03-17,0.0951598318983537,24.5
EMP013,2026-03-18,0.09891987981478606,23.3
EMP013,2026-03-19,0.1105870364080635,19.6
EMP013,2026-03-20,0.10282596937100086,22.1
EMP013,2026-03-21,0.026526566574081922,46.6
EMP013,2026-03-22,0.041614522527725684,41.7
EMP013,2026-03-23,0.00645302775367429,53.0
EMP013,2026-03-24,0.09244735522134057,25.4
EMP013,2026-03-25,0.03514213895301105,43.8
EMP013,2026-03-26,0.06977825396235415,32.7
EMP013,2026-03-27,0.03569055876886823,43.6
EMP013,2026-03-28,0.07160496230453467,32.1
EMP013,2026-03-29,0.0296777716433535,45.5
EMP013,2026-03-30,0.06133467111213925,35.4
EMP013,2026-03-31,0.04538778835923374,40.5
EMP014,2026-01-01,0.04164927123286738,41.7
EMP014,2026-01-02,0.08595630021439427,27.5
EMP014,2026-01-03,0.08961959354218907,26.3
EMP014,2026-01-04,-0.03252536026381647,65.5
EMP014,2026-01-05,0.08110181393606442,29.0
EMP014,2026-01-06,0.04659162033660741,40.1
EMP014,2026-01-07,-0.03277305513881568,65.6
EMP014,2026-01-08,0.07677085519725435,30.4
EMP014,2026-01-09,0.06465356755721113,34.3
EMP014,2026-01-10,0.04437452314170559,40.8
EMP014,2026-01-11,0.027385220871773197,46.3
EMP014,2026-01-12,0.10427035836838061,21.6
EMP014,2026-01-13,0.10481203370313125,21.4
EMP014,2026-01-14,0.09943270259923365,23.2
EMP014,2026-01-15,0.09282907768811222,25.3
EMP014,2026-01-16,0.09767513940171779,23.7
EMP014,2026-01-17,0.028752940079923017,45.8
EMP014,2026-01-18,0.03775788283975401,43.0
EMP014,2026-01-19,0.10296588876484014,22.0
EMP014,2026-01-20,0.10256163640481869,22.2
EMP014,2026-01-21,0.10436982251002541,21.6
EMP014,2026-01-22,0.10612822864264909,21.0
EMP014,2026-01-23,0.10704073210668325,20.7
EMP014,2026-01-24,0.07102577521833392,32.3
EMP014,2026-01-25,0.03898846413317236,42.6
EMP014,2026-01-26,0.030554995597238066,45.3
EMP014,2026-01-27,0.09232821534467045,25.4
EMP014,2026-01-28,0.11362295014739321,18.6
EMP014,2026-01-29,0.10273389212333728,22.1
EMP014,2026-01-30,0.08392275894058338,28.1
EMP014,2026-01-31,0.06331114265787358,34.8
EMP014,2026-02-01,0.04192652545181402,41.6
EMP014,2026-02-02,0.09918297054390568,23.2
EMP014,2026-02-03,0.09828119372618133,23.5
EMP014,2026-02-04,0.10530896796446892,21.3
EMP014,2026-02-05,0.10590053736689015,21.1
EMP014,2026-02-06,0.11120075613884417,19.4
EMP014,2026-02-07,0.058502051389874965,36.3
EMP014,2026-02-08,0.04380851779579831,41.0
EMP014,2026-02-09,0.102565277578194,22.2
EMP014,2026-02-10,0.1074989853588148,20.6
EMP014,2026-02-11,0.11459237076183465,18.3
EMP014,2026-02-12,0.11450687458462644,18.3
EMP014,2026-02-13,0.04616789592789239,40.3
EMP014,2026-02-14,0.052948081920873746,38.1
EMP014,2026-02-15,0.04501318418841005,40.6
EMP014,2026-02-16,0.10705157192584475,20.7
EMP014,2026-02-17,0.10219091345432874,22.3
EMP014,2026-02-18,0.11275083545330467,18.9
EMP014,2026-02-19,0.11182969414109745,19.2
EMP014,2026-02-20,0.10791889578540897,20.4
EMP014,2026-02-21,0.051999331557769535,38.4
EMP014,2026-02-22,0.04340904751860297,41.1
EMP014,2026-02-23,0.10834507895176332,20.3
EMP014,2026-02-24,0.10822208655146393,20.3
EMP014,2026-02-25,0.11001804499188045,19.8
EMP014,2026-02-26,0.10423449110600186,21.6
EMP014,2026-02-27,0.1047751187626505,21.5
EMP014,2026-02-28,0.07790318807600838,30.1
EMP014,2026-03-01,0.04377079483785007,41.0
EMP014,2026-03-02,0.03109155523484819,45.1
EMP014,2026-03-03,0.08459326464098854,27.9
EMP014,2026-03-04,0.10941353954885685,20.0
EMP014,2026-03-05,0.10799431218172828,20.4
EMP014,2026-03-06,0.04146987342330316,41.8
EMP014,2026-03-07,0.058708227610258734,36.2
EMP014,2026-03-08,0.0420925410038554,41.6
EMP014,2026-03-09,0.09435886772174268,24.8
EMP014,2026-03-10,0.10877118505667616,20.2
EMP014,2026-03-11,0.11085549170036169,19.5
EMP014,2026-03-12,0.0193091612374775,48.9
EMP014,2026-03-13,0.07380522826964231,31.4
EMP014,2026-03-14,0.060571185106743364,35.6
EMP014,2026-03-15,0.046041157538369126,40.3
EMP014,2026-03-16,0.10467246129807578,21.5
EMP014,2026-03-17,0.10075898046424764,22.7
EMP014,2026-03-18,0.10632129883474084,21.0
EMP014,2026-03-19,0.109027662578842,20.1
EMP014,2026-03-20,0.10976332505763275,19.9
EMP014,2026-03-21,0.044538420626668185,40.8
EMP014,2026-03-22,0.042805474313926395,41.3
EMP014,2026-03-23,0.10210909197218326,22.3
EMP014,2026-03-24,0.10884405222842591,20.1
EMP014,2026-03-25,0.0871186828476555,27.1
EMP014,2026-03-26,0.07014619368031733,32.6
EMP014,2026-03-27,0.06847672345948447,33.1
EMP014,2026-03-28,0.08906690867975386,26.5
EMP014,2026-03-29,0.03304838612448424,44.5
EMP014,2026-03-30,0.04155768808314786,41.7
EMP014,2026-03-31,0.03605028226114548,43.5
EMP015,2026-01-01,0.09845492450414045,23.5
EMP015,2026-01-02,0.11833413461269765,17.1
EMP015,2026-01-03,0.16375744156690725,2.5
EMP015,2026-01-04,0.10074630601248513,22.7
EMP015,2026-01-05,0.13315811780283737,12.3
EMP015,2026-01-06,0.16706664039327707,1.5
EMP015,2026-01-07,0.10477308063958424,21.5
EMP015,2026-01-08,0.1332519122007681,12.3
EMP015,2026-01-09,0.13657182584525723,11.3
EMP015,2026-01-10,0.16691513471262687,1.5
EMP015,2026-01-11,0.10700913610056867,20.7
EMP015,2026-01-12,0.14847882852040245,7.4
EMP015,2026-01-13,0.15265642718439115,6.1
EMP015,2026-01-14,0.15060722733453963,6.7
EMP015,2026-01-15,0.15819446152920108,4.3
EMP015,2026-01-16,0.14570180346069084,8.3
EMP015,2026-01-17,0.16822342274817403,1.1
EMP015,2026-01-18,0.11001508070978444,19.8
EMP015,2026-01-19,0.14187410387285898,9.6
EMP015,2026-01-20,0.12679428825493072,14.4
EMP015,2026-01-21,0.1595647328621665,3.9
EMP015,2026-01-22,0.15270110742166987,6.1
EMP015,2026-01-23,0.15840924236099385,4.2
EMP015,2026-01-24,0.16727365575791653,1.4
EMP015,2026-01-25,0.11237565598290411,19.0
EMP015,2026-01-26,0.11226938267531245,19.0
EMP015,2026-01-27,0.13565378460205746,11.5
EMP015,2026-01-28,0.15029484166311857,6.8
EMP015,2026-01-29,0.1321484152870342,12.7
EMP015,2026-01-30,0.14595536528522962,8.2
EMP015,2026-01-31,0.16587527611395214,1.8
EMP015,2026-02-01,0.11156741020502714,19.3
EMP015,2026-02-02,0.13073521204354105,13.1
EMP015,2026-02-03,0.1354022093636822,11.6
EMP015,2026-02-04,0.14674058422804853,8.0
EMP015,2026-02-05,0.1410374083926318,9.8
EMP015,2026-02-06,0.15622876363517746,4.9
EMP015,2026-02-07,0.16547282548012432,2.0
EMP015,2026-02-08,0.10952257864349552,19.9
EMP015,2026-02-09,0.13727397578281691,11.0
EMP015,2026-02-10,0.1520163316675341,6.3
EMP015,2026-02-11,0.14964669405542425,7.1
EMP015,2026-02-12,0.15061208045610402,6.7
EMP015,2026-02-13,0.14251772748704145,9.3
EMP015,2026-02-14,0.16273822981108144,2.9
EMP015,2026-02-15,0.10593919180137307,21.1
EMP015,2026-02-16,0.14557292388102977,8.4
EMP015,2026-02-17,0.15084242778621454,6.7
EMP015,2026-02-18,0.1495595864996202,7.1
EMP015,2026-02-19,0.15408292423668396,5.6
EMP015,2026-02-20,0.14258640807227968,9.3
EMP015,2026-02-21,0.1622199951515244,3.0
EMP015,2026-02-22,0.10329088269361941,21.9
EMP015,2026-02-23,0.147826140052655,7.6
EMP015,2026-02-24,0.14369921788492035,9.0
EMP015,2026-02-25,0.1407772872613428,9.9
EMP015,2026-02-26,0.11616728071630966,17.8
EMP015,2026-02-27,0.11708116201058338,17.5
EMP015,2026-02-28,0.15680241652942073,4.8
EMP015,2026-03-01,0.10240961530031628,22.2
EMP015,2026-03-02,0.10174723817216386,22.4
EMP015,2026-03-03,0.11258744606823667,18.9
EMP015,2026-03-04,0.11243833490115113,19.0
EMP015,2026-03-05,0.14502579619690975,8.5
EMP015,2026-03-06,0.14736816790690688,7.8
EMP015,2026-03-07,0.11525211675202363,18.1
EMP015,2026-03-08,0.09503705789651551,24.6
EMP015,2026-03-09,0.11712907764471436,17.5
EMP015,2026-03-10,0.13693116932005978,11.1
EMP015,2026-03-11,0.14063387538563266,9.9
EMP015,2026-03-12,0.1337459485827746,12.2
EMP015,2026-03-13,0.14034933752451917,10.0
EMP015,2026-03-14,0.15132576833078887,6.5
EMP015,2026-03-15,0.0916033777424714,25.7
EMP015,2026-03-16,0.13957442702516132,10.3
EMP015,2026-03-17,0.13633992606256007,11.3
EMP015,2026-03-18,0.12124878370425823,16.2
EMP015,2026-03-19,0.11991310282319817,16.6
EMP015,2026-03-20,0.08895525427985268,26.5
EMP015,2026-03-21,0.14377873515289225,8.9
EMP015,2026-03-22,0.0874156962672461,27.0
EMP015,2026-03-23,0.14167044108505839,9.6
EMP015,2026-03-24,0.12505200108674303,14.9
EMP015,2026-03-25,0.10321199482294352,22.0
EMP015,2026-03-26,0.09991856476835853,23.0
EMP015,2026-03-27,0.1001016545553356,23.0
EMP015,2026-03-28,0.13814960366209922,10.7
EMP015,2026-03-29,0.08032882246791273,29.3
EMP015,2026-03-30,0.11392858796255495,18.5
EMP015,2026-03-31,0.07690560007815456,30.4
EMP016,2026-01-01,0.1023397977611899,22.2
EMP016,2026-01-02,0.13789888507065873,10.8
EMP016,2026-01-03,0.1690792214411121,0.8
EMP016,2026-01-04,0.10505283729937392,21.4
EMP016,2026-01-05,0.15388803044573168,5.7
EMP016,2026-01-06,0.148526952780428,7.4
EMP016,2026-01-07,0.1542452181981689,5.6
EMP016,2026-01-08,0.1566106287217131,4.8
EMP016,2026-01-09,0.16196247637444044,3.1
EMP016,2026-01-10,0.17114425170272413,0.2
EMP016,2026-01-11,0.11294918282491917,18.8
EMP016,2026-01-12,0.158168853332466,4.3
EMP016,2026-01-13,0.17136747827424775,0.1
EMP016,2026-01-14,0.16316072659205189,2.7
EMP016,2026-01-15,0.1256970272015599,14.7
EMP016,2026-01-16,0.15615100657080355,5.0
EMP016,2026-01-17,0.17164132696641304,0.0
EMP016,2026-01-18,0.1152904866116381,18.1
EMP016,2026-01-19,0.15560275696052206,5.1
EMP016,2026-01-20,0.14837245145038386,7.5
EMP016,2026-01-21,0.1564760838239448,4.9
EMP016,2026-01-22,0.16572569485941913,1.9
EMP016,2026-01-23,0.15770358805990897,4.5
EMP016,2026-01-24,0.17010779652145136,0.5
EMP016,2026-01-25,0.11771268393480333,17.3
EMP016,2026-01-26,0.11720107875329439,17.5
EMP016,2026-01-27,0.11680406040008334,17.6
EMP016,2026-01-28,0.1614022232631468,3.3
EMP016,2026-01-29,0.14330643223106226,9.1
EMP016,2026-01-30,0.11598096616218528,17.9
EMP016,2026-01-31,0.17034048511769972,0.4
EMP016,2026-02-01,0.11605059967935205,17.8
EMP016,2026-02-02,0.13724429376586555,11.0
EMP016,2026-02-03,0.13807032803085478,10.8
EMP016,2026-02-04,0.1606459670503999,3.5
EMP016,2026-02-05,0.15196582557086685,6.3
EMP016,2026-02-06,0.16681117764869352,1.5
EMP016,2026-02-07,0.16569911121664227,1.9
EMP016,2026-02-08,0.11325240830049821,18.7
EMP016,2026-02-09,0.15900374024396086,4.1
EMP016,2026-02-10,0.1374746943091661,11.0
EMP016,2026-02-11,0.15479547526539023,5.4
EMP016,2026-02-12,0.1586186620331696,4.2
EMP016,2026-02-13,0.11136451683493853,19.3
EMP016,2026-02-14,0.16377842314568353,2.5
EMP016,2026-02-15,0.10930621709585753,20.0
EMP016,2026-02-16,0.14903322894759868,7.3
EMP016,2026-02-17,0.15157957969355623,6.4
EMP016,2026-02-18,0.15697011184904958,4.7
EMP016,2026-02-19,0.16111198953643957,3.4
EMP016,2026-02-20,0.15393653656809136,5.7
EMP016,2026-02-21,0.161278550009806,3.3
EMP016,2026-02-22,0.10661515085038287,20.9
EMP016,2026-02-23,0.10573848367239258,21.1
EMP016,2026-02-24,0.1331826878136711,12.3
EMP016,2026-02-25,0.15544598594121262,5.2
EMP016,2026-02-26,0.1510714615174341,6.6
EMP016,2026-02-27,0.16370413242193627,2.5
EMP016,2026-02-28,0.1639405319152778,2.5
EMP016,2026-03-01,0.10642634782014976,20.9
EMP016,2026-03-02,0.10577016606577799,21.1
EMP016,2026-03-03,0.12981198143107986,13.4
EMP016,2026-03-04,0.15069226418299614,6.7
EMP016,2026-03-05,0.1418532025178863,9.6
EMP016,2026-03-06,0.14390879177697946,8.9
EMP016,2026-03-07,0.1551716205646853,5.3
EMP016,2026-03-08,0.09789974166028093,23.7
EMP016,2026-03-09,0.13925231225442525,10.4
EMP016,2026-03-10,0.14155345537019187,9.7
EMP016,2026-03-11,0.1433401952690378,9.1
EMP016,2026-03-12,0.1461620516788542,8.2
EMP016,2026-03-13,0.14868922630103637,7.4
EMP016,2026-03-14,0.15052966104864784,6.8
EMP016,2026-03-15,0.09373546927178394,25.0
EMP016,2026-03-16,0.14900320934730976,7.3
EMP016,2026-03-17,0.13325563391834716,12.3
EMP016,2026-03-18,0.1464884326502383,8.1
EMP016,2026-03-19,0.1403766012455055,10.0
EMP016,2026-03-20,0.13548392370747814,11.6
EMP016,2026-03-21,0.14378256991961014,8.9
EMP016,2026-03-22,0.09009855106218873,26.2
EMP016,2026-03-23,0.14180587558274327,9.6
EMP016,2026-03-24,0.12323519184433052,15.5
EMP016,2026-03-25,0.12752145429227169,14.2
EMP016,2026-03-26,0.12093359948471222,16.3
EMP016,2026-03-27,0.10065942703108449,22.8
EMP016,2026-03-28,0.1433361827180913,9.1
EMP016,2026-03-29,0.08370868130931508,28.2
EMP016,2026-03-30,0.12177203740705606,16.0
EMP016,2026-03-31,0.10173980993567616,22.4
EMP017,2026-01-01,0.08395029233815071,28.1
EMP017,2026-01-02,0.1470460769246249,7.9
EMP017,2026-01-03,0.15369461534245227,5.8
EMP017,2026-01-04,0.08377478372858294,28.2
EMP017,2026-01-05,0.11613831557843168,17.8
EMP017,2026-01-06,0.1361193753782774,11.4
EMP017,2026-01-07,0.1437553984605049,8.9
EMP017,2026-01-08,0.12645856412223655,14.5
EMP017,2026-01-09,0.1431788137732809,9.1
EMP017,2026-01-10,0.15618333524988265,5.0
EMP017,2026-01-11,0.09216252756358767,25.5
EMP017,2026-01-12,0.14060651937529084,10.0
EMP017,2026-01-13,0.1277233480668804,14.1
EMP017,2026-01-14,0.09194854071070935,25.6
EMP017,2026-01-15,0.13932923718819995,10.4
EMP017,2026-01-16,0.14513011534325043,8.5
EMP017,2026-01-17,0.15796393923929847,4.4
EMP017,2026-01-18,0.09409681906219808,24.9
EMP017,2026-01-19,0.14423219990427538,8.8
EMP017,2026-01-20,0.11815517196368724,17.2
EMP017,2026-01-21,0.15316209735259778,5.9
EMP017,2026-01-22,0.14186766794292688,9.6
EMP017,2026-01-23,0.1427767860444844,9.3
EMP017,2026-01-24,0.15623780923876235,4.9
EMP017,2026-01-25,0.09534577640192621,24.5
EMP017,2026-01-26,0.0947502106161795,24.7
EMP017,2026-01-27,0.14740649419889373,7.8
EMP017,2026-01-28,0.148835171859374,7.3
EMP017,2026-01-29,0.11399468450422479,18.5
EMP017,2026-01-30,0.11610219121464921,17.8
EMP017,2026-01-31,0.15629917406918648,4.9
EMP017,2026-02-01,0.09383604811033314,25.0
EMP017,2026-02-02,0.11821101896098479,17.1
EMP017,2026-02-03,0.11409569005809522,18.5
EMP017,2026-02-04,0.13646143044495235,11.3
EMP017,2026-02-05,0.13294602922370002,12.4
EMP017,2026-02-06,0.0912665385680298,25.8
EMP017,2026-02-07,0.1524666880142162,6.2
EMP017,2026-02-08,0.0919641369479508,25.6
EMP017,2026-02-09,0.12852807605463823,13.8
EMP017,2026-02-10,0.14203860902891163,9.5
EMP017,2026-02-11,0.13053884294790963,13.2
EMP017,2026-02-12,0.13424313730523119,12.0
EMP017,2026-02-13,0.13545408617692778,11.6
EMP017,2026-02-14,0.15010440277089027,6.9
EMP017,2026-02-15,0.08759382650025016,27.0
EMP017,2026-02-16,0.1311800286654008,13.0
EMP017,2026-02-17,0.13566641849534683,11.5
EMP017,2026-02-18,0.1323508066079383,12.6
EMP017,2026-02-19,0.1345886516517117,11.9
EMP017,2026-02-20,0.12182027716472221,16.0
EMP017,2026-02-21,0.149229268234071,7.2
EMP017,2026-02-22,0.08473937514440472,27.9
EMP017,2026-02-23,0.10983706835185592,19.8
EMP017,2026-02-24,0.13391626140259222,12.1
EMP017,2026-02-25,0.13446993796230988,11.9
EMP017,2026-02-26,0.12354698121543833,15.4
EMP017,2026-02-27,0.1078987333014979,20.5
EMP017,2026-02-28,0.1471772192989369,7.8
EMP017,2026-03-01,0.08474521141252683,27.9
EMP017,2026-03-02,0.08405558885935382,28.1
EMP017,2026-03-03,0.09529056775775391,24.5
EMP017,2026-03-04,0.14508342297973537,8.5
EMP017,2026-03-05,0.12628313474346098,14.6
EMP017,2026-03-06,0.12514289210632595,14.9
EMP017,2026-03-07,0.13735265781891742,11.0
EMP017,2026-03-08,0.07686420356988133,30.4
EMP017,2026-03-09,0.10092013077704659,22.7
EMP017,2026-03-10,0.10618578485949726,21.0
EMP017,2026-03-11,0.12278563860810843,15.7
EMP017,2026-03-12,0.11358564165527985,18.6
EMP017,2026-03-13,0.10361271380655562,21.8
EMP017,2026-03-14,0.13222096165667635,12.6
EMP017,2026-03-15,0.07346367582812546,31.5
EMP017,2026-03-16,0.11775843898964933,17.3
EMP017,2026-03-17,0.08948653988352928,26.4
EMP017,2026-03-18,0.10782040700288698,20.5
EMP017,2026-03-19,0.11496563485740208,18.2
EMP017,2026-03-20,0.11614893521766184,17.8
EMP017,2026-03-21,0.1307500727116317,13.1
EMP017,2026-03-22,0.0692134048450671,32.9
EMP017,2026-03-23,0.10141842492475522,22.5
EMP017,2026-03-24,0.10596076805574678,21.1
EMP017,2026-03-25,0.0665914692547292,33.7
EMP017,2026-03-26,0.08780418712389876,26.9
EMP017,2026-03-27,0.07631009390816668,30.6
EMP017,2026-03-28,0.12170032202175934,16.0
EMP017,2026-03-29,0.06192062566179368,35.2
EMP017,2026-03-30,0.07043667644128804,32.5
EMP017,2026-03-31,0.07974820456176651,29.5
EMP018,2026-01-01,0.09648622226983816,24.1
EMP018,2026-01-02,0.12826688685468718,13.9
EMP018,2026-01-03,0.1588629403754358,4.1
EMP018,2026-01-04,0.09954795598623706,23.1
EMP018,2026-01-05,0.10103866020956875,22.7
EMP018,2026-01-06,0.1511088383474501,6.6
EMP018,2026-01-07,0.1600548131725642,3.7
EMP018,2026-01-08,0.15357421041432345,5.8
EMP018,2026-01-09,0.15257331933419827,6.1
EMP018,2026-01-10,0.16578598735767575,1.9
EMP018,2026-01-11,0.1068712933169289,20.8
EMP018,2026-01-12,0.15497719312824132,5.3
EMP018,2026-01-13,0.1486541456526254,7.4
EMP018,2026-01-14,0.15853451375251354,4.2
EMP018,2026-01-15,0.15296237638095062,6.0
EMP018,2026-01-16,0.16652136830678888,1.6
EMP018,2026-01-17,0.1659756812067526,1.8
EMP018,2026-01-18,0.10972754108102001,19.9
EMP018,2026-01-19,0.15122121569080887,6.6
EMP018,2026-01-20,0.14485376777733078,8.6
EMP018,2026-01-21,0.1630087151164435,2.8
EMP018,2026-01-22,0.16048131934141185,3.6
EMP018,2026-01-23,0.1615583271900058,3.2
EMP018,2026-01-24,0.16804892014756612,1.2
EMP018,2026-01-25,0.11312282412078128,18.8
EMP018,2026-01-26,0.11250540034383028,19.0
EMP018,2026-01-27,0.15618351606649383,5.0
EMP018,2026-01-28,0.1645868682829275,2.3
EMP018,2026-01-29,0.1490736445974868,7.2
EMP018,2026-01-30,0.14953770857690063,7.1
EMP018,2026-01-31,0.16817574961370912,1.1
EMP018,2026-02-01,0.11157111675840153,19.3
EMP018,2026-02-02,0.1483712256449558,7.5
EMP018,2026-02-03,0.15087677702957702,6.7
EMP018,2026-02-04,0.1599726281607849,3.7
EMP018,2026-02-05,0.1553569953699126,5.2
EMP018,2026-02-06,0.12991049202172944,13.4
EMP018,2026-02-07,0.16394820594012016,2.5
EMP018,2026-02-08,0.10887696058539703,20.1
EMP018,2026-02-09,0.1525237849463436,6.1
EMP018,2026-02-10,0.1432099646745839,9.1
EMP018,2026-02-11,0.15921777833667067,4.0
EMP018,2026-02-12,0.15682476804744055,4.8
EMP018,2026-02-13,0.15950848785353344,3.9
EMP018,2026-02-14,0.1597672647800339,3.8
EMP018,2026-02-15,0.10444484289843864,21.6
EMP018,2026-02-16,0.15141463665990001,6.5
EMP018,2026-02-17,0.13907761411336456,10.4
EMP018,2026-02-18,0.15633102815651634,4.9
EMP018,2026-02-19,0.15212823932227304,6.3
EMP018,2026-02-20,0.15289988882120914,6.0
EMP018,2026-02-21,0.1595078369011836,3.9
EMP018,2026-02-22,0.10212393152256549,22.3
EMP018,2026-02-23,0.15059877739298722,6.8
EMP018,2026-02-24,0.1430454693391069,9.2
EMP018,2026-02-25,0.1568153117984954,4.8
EMP018,2026-02-26,0.15253978600649293,6.1
EMP018,2026-02-27,0.1368401933316017,11.2
EMP018,2026-02-28,0.1595348840273465,3.9
EMP018,2026-03-01,0.10191152077682947,22.4
EMP018,2026-03-02,0.10115124963535488,22.6
EMP018,2026-03-03,0.13571633247662246,11.5
EMP018,2026-03-04,0.15016370938725565,6.9
EMP018,2026-03-05,0.14703910191546538,7.9
EMP018,2026-03-06,0.14097566285993152,9.8
EMP018,2026-03-07,0.15231294850589305,6.2
EMP018,2026-03-08,0.0937484930335784,25.0
EMP018,2026-03-09,0.1326538941134423,12.5
EMP018,2026-03-10,0.13968037170428255,10.3
EMP018,2026-03-11,0.14837822745680984,7.5
EMP018,2026-03-12,0.13757284786238383,10.9
EMP018,2026-03-13,0.1376154295876984,10.9
EMP018,2026-03-14,0.14512625034921095,8.5
EMP018,2026-03-15,0.08989742471628093,26.2
EMP018,2026-03-16,0.14102141171724836,9.8
EMP018,2026-03-17,0.0895425273079864,26.3
EMP018,2026-03-18,0.1413997272453424,9.7
EMP018,2026-03-19,0.13780966521025595,10.9
EMP018,2026-03-20,0.1332413533804433,12.3
EMP018,2026-03-21,0.1399955155384499,10.2
EMP018,2026-03-22,0.08496362239498306,27.8
EMP018,2026-03-23,0.12092497897970472,16.3
EMP018,2026-03-24,0.08461807129153992,27.9
EMP018,2026-03-25,0.12535861304206608,14.8
EMP018,2026-03-26,0.11329885881678026,18.7
EMP018,2026-03-27,0.09589309631694098,24.3
EMP018,2026-03-28,0.13684792758987413,11.2
EMP018,2026-03-29,0.07772530394833344,30.1
EMP018,2026-03-30,0.11675379985131962,17.6
EMP018,2026-03-31,0.09299222589357609,25.2
EMP019,2026-01-01,0.09556214486917963,24.4
EMP019,2026-01-02,0.14227186611958942,9.4
EMP019,2026-01-03,0.161047618742943,3.4
EMP019,2026-01-04,0.09808629889478654,23.6
EMP019,2026-01-05,0.15685666699632272,4.7
EMP019,2026-01-06,0.1600793260766301,3.7
EMP019,2026-01-07,0.15293293939037433,6.0
EMP019,2026-01-08,0.15234379284606098,6.2
EMP019,2026-01-09,0.15647467343508986,4.9
EMP019,2026-01-10,0.15790615193913887,4.4
EMP019,2026-01-11,0.10558885745334023,21.2
EMP019,2026-01-12,0.15270432084954821,6.1
EMP019,2026-01-13,0.15000204229888575,6.9
EMP019,2026-01-14,0.15555783486001318,5.2
EMP019,2026-01-15,0.10627480356818253,21.0
EMP019,2026-01-16,0.15809033211453227,4.3
EMP019,2026-01-17,0.15973885166708063,3.8
EMP019,2026-01-18,0.10679465166675317,20.8
EMP019,2026-01-19,0.158132309863113,4.3
EMP019,2026-01-20,0.151432501281204,6.5
EMP019,2026-01-21,0.10848994294670716,20.3
EMP019,2026-01-22,0.1536921910375607,5.8
EMP019,2026-01-23,0.16002417928373697,3.7
EMP019,2026-01-24,0.1590256925684485,4.0
EMP019,2026-01-25,0.1097127507753447,19.9
EMP019,2026-01-26,0.10889956338866874,20.1
EMP019,2026-01-27,0.14898442892695163,7.3
EMP019,2026-01-28,0.10854071308712471,20.2
EMP019,2026-01-29,0.15160501909174362,6.4
EMP019,2026-01-30,0.1472904528135588,7.8
EMP019,2026-01-31,0.15966309086557112,3.8
EMP019,2026-02-01,0.10821565297758301,20.3
EMP019,2026-02-02,0.1424610583057152,9.4
EMP019,2026-02-03,0.1068229423624023,20.8
EMP019,2026-02-04,0.1585654522635946,4.2
EMP019,2026-02-05,0.14608649609021102,8.2
EMP019,2026-02-06,0.15514508922637876,5.3
EMP019,2026-02-07,0.15592031966370612,5.0
EMP019,2026-02-08,0.10440084248491849,21.6
EMP019,2026-02-09,0.15027849492020773,6.9
EMP019,2026-02-10,0.15345461507059943,5.8
EMP019,2026-02-11,0.15483794483913849,5.4
EMP019,2026-02-12,0.15417971816127973,5.6
EMP019,2026-02-13,0.1148404698423236,18.2
EMP019,2026-02-14,0.15274559911493962,6.1
EMP019,2026-02-15,0.10024446255380065,22.9
EMP019,2026-02-16,0.15173837435096904,6.4
EMP019,2026-02-17,0.14871847653131515,7.4
EMP019,2026-02-18,0.14531923683387915,8.4
EMP019,2026-02-19,0.14958890498711513,7.1
EMP019,2026-02-20,0.14023138436402816,10.1
EMP019,2026-02-21,0.15117648631189184,6.6
EMP019,2026-02-22,0.09786937107780097,23.7
EMP019,2026-02-23,0.1445549869306445,8.7
EMP019,2026-02-24,0.14893573814381672,7.3
EMP019,2026-02-25,0.15303515484967684,6.0
EMP019,2026-02-26,0.1460440014356199,8.2
EMP019,2026-02-27,0.14588225041837638,8.3
EMP019,2026-02-28,0.15013898167040196,6.9
EMP019,2026-03-01,0.09772556880415312,23.7
EMP019,2026-03-02,0.09695789567093238,24.0
EMP019,2026-03-03,0.13486891604131473,11.8
EMP019,2026-03-04,0.1475182768200382,7.7
EMP019,2026-03-05,0.14806482615140204,7.6
EMP019,2026-03-06,0.14535617799044437,8.4
EMP019,2026-03-07,0.14410295680820462,8.8
EMP019,2026-03-08,0.08929009480729799,26.4
EMP019,2026-03-09,0.10636171321602694,20.9
EMP019,2026-03-10,0.13153375798447203,12.9
EMP019,2026-03-11,0.14123005500146069,9.8
EMP019,2026-03-12,0.14296626442719312,9.2
EMP019,2026-03-13,0.1400253665363006,10.1
EMP019,2026-03-14,0.1387506767160675,10.6
EMP019,2026-03-15,0.08472334862939451,27.9
EMP019,2026-03-16,0.14132769113638655,9.7
EMP019,2026-03-17,0.1288048290574137,13.7
EMP019,2026-03-18,0.13663331609218826,11.2
EMP019,2026-03-19,0.13555132768687372,11.6
EMP019,2026-03-20,0.1307580354554405,13.1
EMP019,2026-03-21,0.13090322214569372,13.1
EMP019,2026-03-22,0.08121493116179945,29.0
EMP019,2026-03-23,0.12994734126215068,13.4
EMP019,2026-03-24,0.13310260186221812,12.4
EMP019,2026-03-25,0.11805068637092386,17.2
EMP019,2026-03-26,0.12003448946566148,16.6
EMP019,2026-03-27,0.1330283579233404,12.4
EMP019,2026-03-28,0.12965154457893968,13.5
EMP019,2026-03-29,0.07500222343679841,31.0
EMP019,2026-03-30,0.10826644265446733,20.3
EMP019,2026-03-31,0.10734786042693906,20.6
EMP020,2026-01-01,0.0723727120426717,31.8
EMP020,2026-01-02,0.10699721464695655,20.7
EMP020,2026-01-03,0.13943856152549505,10.3
EMP020,2026-01-04,0.0720998005982752,31.9
EMP020,2026-01-05,0.12402339147889319,15.3
EMP020,2026-01-06,0.12130895392679975,16.1
EMP020,2026-01-07,0.12800560818857182,14.0
EMP020,2026-01-08,0.12687292085672763,14.4
EMP020,2026-01-09,0.12459779076345673,15.1
EMP020,2026-01-10,0.14293722277167747,9.2
EMP020,2026-01-11,0.07965686424820878,29.5
EMP020,2026-01-12,0.12613623008926178,14.6
EMP020,2026-01-13,0.07985389359624367,29.4
EMP020,2026-01-14,0.1340980984705149,12.0
EMP020,2026-01-15,0.124817222277052,15.0
EMP020,2026-01-16,0.11647466118872435,17.7
EMP020,2026-01-17,0.14507507104214357,8.5
EMP020,2026-01-18,0.08097131326776674,29.1
EMP020,2026-01-19,0.12753368646473928,14.2
EMP020,2026-01-20,0.12311840368319354,15.6
EMP020,2026-01-21,0.1383645900447849,10.7
EMP020,2026-01-22,0.13441686480769882,11.9
EMP020,2026-01-23,0.11981799501378548,16.6
EMP020,2026-01-24,0.13754442304068182,10.9
EMP020,2026-01-25,0.08254495980277998,28.6
EMP020,2026-01-26,0.08145408679602278,28.9
EMP020,2026-01-27,0.10739790913557318,20.6
EMP020,2026-01-28,0.1275929130931644,14.1
EMP020,2026-01-29,0.1111238948237867,19.4
EMP020,2026-01-30,0.09369285618750578,25.0
EMP020,2026-01-31,0.1423948433009643,9.4
EMP020,2026-02-01,0.07980062152577133,29.5
EMP020,2026-02-02,0.10147086154218854,22.5
EMP020,2026-02-03,0.10177305777210655,22.4
EMP020,2026-02-04,0.1258877983117207,14.7
EMP020,2026-02-05,0.10716829275279544,20.7
EMP020,2026-02-06,0.112999617574018,18.8
EMP020,2026-02-07,0.141167523273667,9.8
EMP020,2026-02-08,0.07850908631195169,29.9
EMP020,2026-02-09,0.11879471630791522,17.0
EMP020,2026-02-10,0.1148625494322707,18.2
EMP020,2026-02-11,0.12295627001065079,15.6
EMP020,2026-02-12,0.12323086620522655,15.5
EMP020,2026-02-13,0.12527275795548054,14.9
EMP020,2026-02-14,0.136083969751513,11.4
EMP020,2026-02-15,0.07280316707695378,31.7
EMP020,2026-02-16,0.1210965267038962,16.2
EMP020,2026-02-17,0.09318513259330025,25.2
EMP020,2026-02-18,0.12301532660071163,15.6
EMP020,2026-02-19,0.12079089787977931,16.3
EMP020,2026-02-20,0.10877492804317052,20.2
EMP020,2026-02-21,0.1380112716160531,10.8
EMP020,2026-02-22,0.07070555704316228,32.4
EMP020,2026-02-23,0.10494348675613058,21.4
EMP020,2026-02-24,0.1132832866768137,18.7
EMP020,2026-02-25,0.11848279957704255,17.1
EMP020,2026-02-26,0.11659144697846996,17.7
EMP020,2026-02-27,0.08959796220331456,26.3
EMP020,2026-02-28,0.13295045428354046,12.4
EMP020,2026-03-01,0.07039652728011181,32.5
EMP020,2026-03-02,0.06960214994093977,32.7
EMP020,2026-03-03,0.1152151798383913,18.1
EMP020,2026-03-04,0.11453213160119491,18.3
EMP020,2026-03-05,0.12116759879685957,16.2
EMP020,2026-03-06,0.10186940157404267,22.4
EMP020,2026-03-07,0.13016103280876629,13.3
EMP020,2026-03-08,0.06283726860136751,34.9
EMP020,2026-03-09,0.10068799822528574,22.8
EMP020,2026-03-10,0.10211851523891852,22.3
EMP020,2026-03-11,0.11036718402775064,19.7
EMP020,2026-03-12,0.10832439895667145,20.3
EMP020,2026-03-13,0.11171506739631043,19.2
EMP020,2026-03-14,0.12196210192698403,15.9
EMP020,2026-03-15,0.05912718898599684,36.1
EMP020,2026-03-16,0.1074126049913916,20.6
EMP020,2026-03-17,0.11361796781303013,18.6
EMP020,2026-03-18,0.10803777665870662,20.4
EMP020,2026-03-19,0.10121405904920755,22.6
EMP020,2026-03-20,0.10713950080707002,20.7
EMP020,2026-03-21,0.05050082633997588,38.9
EMP020,2026-03-22,0.054892295922434386,37.5
EMP020,2026-03-23,0.09659318254277216,24.1
EMP020,2026-03-24,0.10130736003813284,22.6
EMP020,2026-03-25,0.0747402493495582,31.1
EMP020,2026-03-26,0.06772150493344614,33.3
EMP020,2026-03-27,0.11120475658593543,19.4
EMP020,2026-03-28,0.1098892209611716,19.8
EMP020,2026-03-29,0.04933541153644172,39.2
EMP020,2026-03-30,0.0624776558417548,35.0
EMP020,2026-03-31,0.06676040580112946,33.6
EMP021,2026-01-01,0.07723524140891785,30.3
EMP021,2026-01-02,0.136998415852639,11.1
EMP021,2026-01-03,0.14841841367461567,7.5
EMP021,2026-01-04,0.07929385233912811,29.6
EMP021,2026-01-05,0.10549214076612379,21.2
EMP021,2026-01-06,0.11492180848865796,18.2
EMP021,2026-01-07,0.12646898117679728,14.5
EMP021,2026-01-08,0.1330691719407916,12.4
EMP021,2026-01-09,0.13297746274596922,12.4
EMP021,2026-01-10,0.1489868612315382,7.3
EMP021,2026-01-11,0.08536221772656538,27.7
EMP021,2026-01-12,0.1235564956155128,15.4
EMP021,2026-01-13,0.13334270432714324,12.3
EMP021,2026-01-14,0.1343482087692186,12.0
EMP021,2026-01-15,0.13227779357687114,12.6
EMP021,2026-01-16,0.13234558477414593,12.6
EMP021,2026-01-17,0.14750992341832697,7.7
EMP021,2026-01-18,0.08639505324903407,27.3
EMP021,2026-01-19,0.15040141177066713,6.8
EMP021,2026-01-20,0.08631747308535281,27.4
EMP021,2026-01-21,0.13335787034679375,12.3
EMP021,2026-01-22,0.1281582088131999,14.0
EMP021,2026-01-23,0.11877505582724107,17.0
EMP021,2026-01-24,0.14761369783758999,7.7
EMP021,2026-01-25,0.08780561482738308,26.9
EMP021,2026-01-26,0.08768764217551422,26.9
EMP021,2026-01-27,0.11292125404620473,18.8
EMP021,2026-01-28,0.13442037620000513,11.9
EMP021,2026-01-29,0.13198808509504123,12.7
EMP021,2026-01-30,0.12735501552679146,14.2
EMP021,2026-01-31,0.14803744632861743,7.6
EMP021,2026-02-01,0.08739600975262551,27.0
EMP021,2026-02-02,0.11809069493827612,17.2
EMP021,2026-02-03,0.11979900741216604,16.6
EMP021,2026-02-04,0.13276029098969655,12.5
EMP021,2026-02-05,0.13171899731802977,12.8
EMP021,2026-02-06,0.1277625619168254,14.1
EMP021,2026-02-07,0.14303981155130802,9.2
EMP021,2026-02-08,0.08431981802766525,28.0
EMP021,2026-02-09,0.11695064122289922,17.5
EMP021,2026-02-10,0.12404631608194655,15.3
EMP021,2026-02-11,0.09674013487576377,24.0
EMP021,2026-02-12,0.13079808627994177,13.1
EMP021,2026-02-13,0.13066992852225778,13.1
EMP021,2026-02-14,0.14334654347958498,9.1
EMP021,2026-02-15,0.08095628754264117,29.1
EMP021,2026-02-16,0.10930909090452001,20.0
EMP021,2026-02-17,0.1245635733544096,15.1
EMP021,2026-02-18,0.12887324670484257,13.7
EMP021,2026-02-19,0.13069509558174613,13.1
EMP021,2026-02-20,0.11783750065587834,17.3
EMP021,2026-02-21,0.14074325167436819,9.9
EMP021,2026-02-22,0.07773519548558244,30.1
EMP021,2026-02-23,0.09992545870756314,23.0
EMP021,2026-02-24,0.11763264434512483,17.3
EMP021,2026-02-25,0.1306679869762405,13.1
EMP021,2026-02-26,0.13702448225978792,11.1
EMP021,2026-02-27,0.09265657981584008,25.3
EMP021,2026-02-28,0.140246318013932,10.1
EMP021,2026-03-01,0.07722586198769726,30.3
EMP021,2026-03-02,0.07652464165447692,30.5
EMP021,2026-03-03,0.07472039221631843,31.1
EMP021,2026-03-04,0.119129369644143,16.8
EMP021,2026-03-05,0.11307063457996158,18.8
EMP021,2026-03-06,0.10155355856242565,22.5
EMP021,2026-03-07,0.1306338129523037,13.2
EMP021,2026-03-08,0.06964525939895516,32.7
EMP021,2026-03-09,0.09603383313077296,24.3
EMP021,2026-03-10,0.0901058504571633,26.2
EMP021,2026-03-11,0.0683391601526101,33.1
EMP021,2026-03-12,0.1135435178077927,18.6
EMP021,2026-03-13,0.1098007314067797,19.8
EMP021,2026-03-14,0.12876413345322885,13.8
EMP021,2026-03-15,0.06588813086053263,33.9
EMP021,2026-03-16,0.10939873823635182,20.0
EMP021,2026-03-17,0.11469925502534717,18.3
EMP021,2026-03-18,0.10545142604761687,21.2
EMP021,2026-03-19,0.11040466568320889,19.6
EMP021,2026-03-20,0.10427872265960159,21.6
EMP021,2026-03-21,0.12301896611450786,15.6
EMP021,2026-03-22,0.061849759137800164,35.2
EMP021,2026-03-23,0.1224343585020124,15.8
EMP021,2026-03-24,0.10486619261737329,21.4
EMP021,2026-03-25,0.08755540767694026,27.0
EMP021,2026-03-26,0.07734946635212403,30.3
EMP021,2026-03-27,0.0756542225541228,30.8
EMP021,2026-03-28,0.11969757347293053,16.7
EMP021,2026-03-29,0.05661950427080609,36.9
EMP021,2026-03-30,0.08413261494835583,28.1
EMP021,2026-03-31,0.06980285439688283,32.7
EMP022,2026-01-01,0.09809343193005643,23.6
EMP022,2026-01-02,0.1319752588736755,12.7
EMP022,2026-01-03,0.1638813762995069,2.5
EMP022,2026-01-04,0.10069085938824651,22.8
EMP022,2026-01-05,0.1441145557647689,8.8
EMP022,2026-01-06,0.14452061205520061,8.7
EMP022,2026-01-07,0.1637287047334205,2.5
EMP022,2026-01-08,0.1609703075913917,3.4
EMP022,2026-01-09,0.1557961198330034,5.1
EMP022,2026-01-10,0.10953735033391682,19.9
EMP022,2026-01-11,0.10858661503759831,20.2
EMP022,2026-01-12,0.15196175786406912,6.3
EMP022,2026-01-13,0.16096511753586007,3.4
EMP022,2026-01-14,0.15297597703875715,6.0
EMP022,2026-01-15,0.16742391956355956,1.4
EMP022,2026-01-16,0.15923949541264926,4.0
EMP022,2026-01-17,0.1661230006842444,1.8
EMP022,2026-01-18,0.11124478601250554,19.4
EMP022,2026-01-19,0.15168988024536006,6.4
EMP022,2026-01-20,0.15672787724793286,4.8
EMP022,2026-01-21,0.16144319700648646,3.3
EMP022,2026-01-22,0.15068850862396233,6.7
EMP022,2026-01-23,0.15305523727984643,6.0
EMP022,2026-01-24,0.16680675995533,1.6
EMP022,2026-01-25,0.11394299076691661,18.5
EMP022,2026-01-26,0.11313795218636452,18.8
EMP022,2026-01-27,0.15562361572425953,5.1
EMP022,2026-01-28,0.11247944636977092,19.0
EMP022,2026-01-29,0.12801018519754404,14.0
EMP022,2026-01-30,0.133397104314596,12.3
EMP022,2026-01-31,0.16385765865796897,2.5
EMP022,2026-02-01,0.11221838878269386,19.1
EMP022,2026-02-02,0.13836696550656608,10.7
EMP022,2026-02-03,0.13784297377846627,10.8
EMP022,2026-02-04,0.15916592523479,4.0
EMP022,2026-02-05,0.14782836701397628,7.6
EMP022,2026-02-06,0.1592221040286269,4.0
EMP022,2026-02-07,0.16191670012124437,3.1
EMP022,2026-02-08,0.10952006968126826,19.9
EMP022,2026-02-09,0.15349607480327854,5.8
EMP022,2026-02-10,0.1546526772518919,5.5
EMP022,2026-02-11,0.1077697092511411,20.5
EMP022,2026-02-12,0.11897213530824824,16.9
EMP022,2026-02-13,0.1505590579335998,6.8
EMP022,2026-02-14,0.15949826389016375,3.9
EMP022,2026-02-15,0.1052843793348135,21.3
EMP022,2026-02-16,0.14520285589296367,8.5
EMP022,2026-02-17,0.14364257549726772,9.0
EMP022,2026-02-18,0.1485602437943272,7.4
EMP022,2026-02-19,0.15326785089841005,5.9
EMP022,2026-02-20,0.14435045736806779,8.8
EMP022,2026-02-21,0.16072424563566046,3.5
EMP022,2026-02-22,0.1025472927179002,22.2
EMP022,2026-02-23,0.15142267307312457,6.5
EMP022,2026-02-24,0.14669964269517322,8.0
EMP022,2026-02-25,0.14674627036882326,8.0
EMP022,2026-02-26,0.13616452163685155,11.4
EMP022,2026-02-27,0.1465446743899022,8.1
EMP022,2026-02-28,0.15789065904265182,4.4
EMP022,2026-03-01,0.10266472960771078,22.1
EMP022,2026-03-02,0.1020027459656776,22.3
EMP022,2026-03-03,0.14553225594519015,8.4
EMP022,2026-03-04,0.14189902398409981,9.5
EMP022,2026-03-05,0.13365105963396573,12.2
EMP022,2026-03-06,0.1479211163486026,7.6
EMP022,2026-03-07,0.15379215439348537,5.7
EMP022,2026-03-08,0.09408348016749396,24.9
EMP022,2026-03-09,0.15193209035041855,6.3
EMP022,2026-03-10,0.13586810427213947,11.5
EMP022,2026-03-11,0.13952828119954996,10.3
EMP022,2026-03-12,0.13954590605340467,10.3
EMP022,2026-03-13,0.13327714627461024,12.3
EMP022,2026-03-14,0.14586859743924468,8.3
EMP022,2026-03-15,0.09066187710521678,26.0
EMP022,2026-03-16,0.14021858441778123,10.1
EMP022,2026-03-17,0.134318692138505,12.0
EMP022,2026-03-18,0.14172426906806984,9.6
EMP022,2026-03-19,0.08786644675349253,26.9
EMP022,2026-03-20,0.13168825907153958,12.8
EMP022,2026-03-21,0.14378980587218682,8.9
EMP022,2026-03-22,0.08667753575806275,27.3
EMP022,2026-03-23,0.1441746447333307,8.8
EMP022,2026-03-24,0.13250845553210938,12.6
EMP022,2026-03-25,0.11112834168936825,19.4
EMP022,2026-03-26,0.09611376014551659,24.2
EMP022,2026-03-27,0.10773752999580583,20.5
EMP022,2026-03-28,0.13865783855089864,10.6
EMP022,2026-03-29,0.07910297120728699,29.7
EMP022,2026-03-30,0.0899083655669699,26.2
EMP022,2026-03-31,0.08928005528007638,26.4
EMP023,2026-01-01,0.03609077629038743,43.5
EMP023,2026-01-02,-0.020075442648205155,61.5
EMP023,2026-01-03,-0.020991768476397055,61.8
EMP023,2026-01-04,-0.111691555126331,90.9
EMP023,2026-01-05,-0.0017210655574675382,55.6
EMP023,2026-01-06,-0.017302406981293705,60.6
EMP023,2026-01-07,-0.02590333665140243,63.4
EMP023,2026-01-08,-0.028428943071124868,64.2
EMP023,2026-01-09,-0.02078452102349515,61.7
EMP023,2026-01-10,-0.04729434433873081,70.2
EMP023,2026-01-11,-0.06978312770452566,77.5
EMP023,2026-01-12,-0.024261541352077476,62.9
EMP023,2026-01-13,-0.011813847580612102,58.9
EMP023,2026-01-14,0.0032305515811515972,54.0
EMP023,2026-01-15,0.0077383603525856826,52.6
EMP023,2026-01-16,-0.007069125854440195,57.3
EMP023,2026-01-17,-0.04033941023363097,68.0
EMP023,2026-01-18,-0.052791192778969265,72.0
EMP023,2026-01-19,-0.021061714386669594,61.8
EMP023,2026-01-20,-0.01354229685245445,59.4
EMP023,2026-01-21,-0.0007947691631472464,55.3
EMP023,2026-01-22,0.0044573222346105945,53.6
EMP023,2026-01-23,-0.006089139286069467,57.0
EMP023,2026-01-24,-0.07490765439910052,79.1
EMP023,2026-01-25,-0.053654791298607174,72.3
EMP023,2026-01-26,-0.06498382215009502,75.9
EMP023,2026-01-27,-0.03924791611257983,67.7
EMP023,2026-01-28,0.032001746785110086,44.8
EMP023,2026-01-29,-0.04911512917630101,70.8
EMP023,2026-01-30,-0.05730871694184225,73.5
EMP023,2026-01-31,-0.03453433864873123,66.1
EMP023,2026-02-01,-0.07654171949679733,79.6
EMP023,2026-02-02,-0.047982536815504795,70.5
EMP023,2026-02-03,-0.03689843486438904,66.9
EMP023,2026-02-04,-0.022500421749362176,62.3
EMP023,2026-02-05,-0.011197170632317066,58.7
EMP023,2026-02-06,-0.04599537790050168,69.8
EMP023,2026-02-07,-0.04490920950055188,69.5
EMP023,2026-02-08,-0.07470970027346557,79.0
EMP023,2026-02-09,-0.009956912832217335,58.3
EMP023,2026-02-10,-0.01737873974998827,60.6
EMP023,2026-02-11,-0.007896138432867517,57.6
EMP023,2026-02-12,-0.002950610792543773,56.0
EMP023,2026-02-13,0.003774717155827001,53.9
EMP023,2026-02-14,-0.03005030081252391,64.7
EMP023,2026-02-15,-0.05084251396640871,71.4
EMP023,2026-02-16,-0.005769446445613391,56.9
EMP023,2026-02-17,-0.01327038577883033,59.3
EMP023,2026-02-18,-0.004970431337582348,56.7
EMP023,2026-02-19,0.014641589572032543,50.4
EMP023,2026-02-20,0.01808864939459809,49.3
EMP023,2026-02-21,-0.026707183553899005,63.6
EMP023,2026-02-22,-0.05109411929281482,71.5
EMP023,2026-02-23,-0.03966766399934607,67.8
EMP023,2026-02-24,0.015732286459678613,50.0
EMP023,2026-02-25,0.010494332265354234,51.7
EMP023,2026-02-26,-0.015251457104097144,60.0
EMP023,2026-02-27,-0.013081723299008585,59.3
EMP023,2026-02-28,-0.01987855414434725,61.4
EMP023,2026-03-01,-0.0621445981824712,75.0
EMP023,2026-03-02,-0.06819377053122555,76.9
EMP023,2026-03-03,-0.03845489839064131,67.4
EMP023,2026-03-04,-0.014390425221026848,59.7
EMP023,2026-03-05,-0.012687789677035433,59.1
EMP023,2026-03-06,-0.013657588854828262,59.4
EMP023,2026-03-07,-0.02882432477072816,64.3
EMP023,2026-03-08,-0.050700961316687776,71.3
EMP023,2026-03-09,-0.03138738952938802,65.1
EMP023,2026-03-10,-0.017297961535014617,60.6
EMP023,2026-03-11,-0.013872498045161552,59.5
EMP023,2026-03-12,-0.019568044596099288,61.3
EMP023,2026-03-13,-0.009324370435153106,58.1
EMP023,2026-03-14,-0.008960591240076421,57.9
EMP023,2026-03-15,-0.03907973957874933,67.6
EMP023,2026-03-16,-0.02648933200934811,63.6
EMP023,2026-03-17,-0.04906122917896094,70.8
EMP023,2026-03-18,-0.04273676404740967,68.8
EMP023,2026-03-19,-0.019911850235430406,61.5
EMP023,2026-03-20,-0.039622930598797845,67.8
EMP023,2026-03-21,-0.0564562870729276,73.2
EMP023,2026-03-22,-0.05468477305972275,72.6
EMP023,2026-03-23,-0.06289549476541456,75.2
EMP023,2026-03-24,-0.027460369653576233,63.9
EMP023,2026-03-25,-0.062320215838239656,75.1
EMP023,2026-03-26,-0.06517153128644204,76.0
EMP023,2026-03-27,-0.060753617083715294,74.6
EMP023,2026-03-28,-0.03963756612890568,67.8
EMP023,2026-03-29,-0.07152672738881072,78.0
EMP023,2026-03-30,-0.06746465604079144,76.7
EMP023,2026-03-31,-0.058822464113114314,73.9
EMP024,2026-01-01,0.03432400498607985,44.1
EMP024,2026-01-02,0.02930559213171302,45.7
EMP024,2026-01-03,0.03447788788590456,44.0
EMP024,2026-01-04,-0.09111559290991722,84.3
EMP024,2026-01-05,0.020755487164225928,48.4
EMP024,2026-01-06,0.04915500332309519,39.3
EMP024,2026-01-07,0.009613669847868156,52.0
EMP024,2026-01-08,-0.0007730939702413897,55.3
EMP024,2026-01-09,8.52479895718794e-06,55.1
EMP024,2026-01-10,-0.035141847779568414,66.3
EMP024,2026-01-11,-0.05312831567565912,72.1
EMP024,2026-01-12,0.03958627293546629,42.4
EMP024,2026-01-13,0.021791912938578073,48.1
EMP024,2026-01-14,-0.00022978425166020333,55.1
EMP024,2026-01-15,0.046129029193782034,40.3
EMP024,2026-01-16,0.03623520073691583,43.4
EMP024,2026-01-17,-0.020857190786724544,61.8
EMP024,2026-01-18,-0.02160739821468116,62.0
EMP024,2026-01-19,0.01926528225381341,48.9
EMP024,2026-01-20,0.046837133941984355,40.0
EMP024,2026-01-21,0.04706110131074748,40.0
EMP024,2026-01-22,0.027050848162542995,46.4
EMP024,2026-01-23,-0.017148769697934996,60.6
EMP024,2026-01-24,0.018513415188085802,49.1
EMP024,2026-01-25,-0.014665840896255222,59.8
EMP024,2026-01-26,-0.034094721598985855,66.0
EMP024,2026-01-27,0.02354441549932429,47.5
EMP024,2026-01-28,0.05730173714880732,36.7
EMP024,2026-01-29,-0.00047265953939745753,55.2
EMP024,2026-01-30,0.009934495707780933,51.9
EMP024,2026-01-31,0.017428096366613244,49.5
EMP024,2026-02-01,-0.024279766798869118,62.9
EMP024,2026-02-02,-0.014880469437217436,59.8
EMP024,2026-02-03,-0.011158058444496466,58.6
EMP024,2026-02-04,0.0074952222332179685,52.7
EMP024,2026-02-05,0.01866901407806143,49.1
EMP024,2026-02-06,0.016770908171631738,49.7
EMP024,2026-02-07,-0.011984415425677297,58.9
EMP024,2026-02-08,-0.05190245652534564,71.7
EMP024,2026-02-09,0.00868517940218172,52.3
EMP024,2026-02-10,0.021163588476093786,48.3
EMP024,2026-02-11,0.012892340899731347,50.9
EMP024,2026-02-12,0.01955442978713351,48.8
EMP024,2026-02-13,0.016279120109649603,49.8
EMP024,2026-02-14,-0.017081321199542976,60.5
EMP024,2026-02-15,-0.04384998279462671,69.1
EMP024,2026-02-16,-0.007138505045248378,57.4
EMP024,2026-02-17,-0.014669825498940914,59.8
EMP024,2026-02-18,0.01512403544712404,50.2
EMP024,2026-02-19,-0.05024220628434961,71.2
EMP024,2026-02-20,0.0075898369513237585,52.6
EMP024,2026-02-21,-0.001024032469895575,55.4
EMP024,2026-02-22,-0.03952028245438188,67.7
EMP024,2026-02-23,0.00207527920832129,54.4
EMP024,2026-02-24,-0.01349604142788352,59.4
EMP024,2026-02-25,0.005043406609572809,53.5
EMP024,2026-02-26,-0.02834947588323644,64.2
EMP024,2026-02-27,0.0007117840726784674,54.8
EMP024,2026-02-28,-0.02187068187948593,62.1
EMP024,2026-03-01,-0.04500999752037238,69.5
EMP024,2026-03-02,-0.05268754878181969,72.0
EMP024,2026-03-03,-0.051688705908271126,71.7
EMP024,2026-03-04,0.016028432308592522,49.9
EMP024,2026-03-05,0.022502567396770923,47.8
EMP024,2026-03-06,0.03269342933254027,44.6
EMP024,2026-03-07,-0.001285010111135354,55.5
EMP024,2026-03-08,-0.03888597161415375,67.5
EMP024,2026-03-09,0.021962564465102585,48.0
EMP024,2026-03-10,0.0348746586053304,43.9
EMP024,2026-03-11,0.025838399124912148,46.8
EMP024,2026-03-12,-0.028816551270736457,64.3
EMP024,2026-03-13,0.039249461118061046,42.5
EMP024,2026-03-14,0.012519863618239868,51.1
EMP024,2026-03-15,-0.025410813930294207,63.2
EMP024,2026-03-16,0.009682306648744365,52.0
EMP024,2026-03-17,0.039607511522246674,42.4
EMP024,2026-03-18,0.04708589841892136,40.0
EMP024,2026-03-19,0.024028870989763362,47.4
EMP024,2026-03-20,0.049179833601009415,39.3
EMP024,2026-03-21,0.016320009293782856,49.8
EMP024,2026-03-22,-0.01887797252099843,61.1
EMP024,2026-03-23,0.03398573340954503,44.2
EMP024,2026-03-24,0.0491471266699981,39.3
EMP024,2026-03-25,-0.03937119432303382,67.7
EMP024,2026-03-26,-0.06939638355293865,77.3
EMP024,2026-03-27,-0.1096709268579249,90.3
EMP024,2026-03-28,-0.04700632238230762,70.1
EMP024,2026-03-29,-0.09508466624298051,85.6
EMP024,2026-03-30,-0.0796761482918601,80.6
EMP024,2026-03-31,-0.11655500084850734,92.5
EMP025,2026-01-01,0.046801010412438226,40.1
EMP025,2026-01-02,0.057971234614783373,36.5
EMP025,2026-01-03,0.05935109206269512,36.0
EMP025,2026-01-04,-0.0689149635290619,77.2
EMP025,2026-01-05,0.03933685665276271,42.4
EMP025,2026-01-06,-0.004501286435482532,56.5
EMP025,2026-01-07,-0.0025192898610262304,55.9
EMP025,2026-01-08,0.003448143656815783,54.0
EMP025,2026-01-09,-0.04227480050541865,68.6
EMP025,2026-01-10,-0.0007103794978260414,55.3
EMP025,2026-01-11,-0.0011512912898712369,55.4
EMP025,2026-01-12,0.03461826018983072,44.0
EMP025,2026-01-13,-0.0013408545136643912,55.5
EMP025,2026-01-14,0.044312360152375274,40.9
EMP025,2026-01-15,0.07092542107485172,32.3
EMP025,2026-01-16,0.07075341471052676,32.4
EMP025,2026-01-17,0.03661768321751935,43.3
EMP025,2026-01-18,0.01278060435145234,51.0
EMP025,2026-01-19,0.0470322927684213,40.0
EMP025,2026-01-20,0.07212197812136495,31.9
EMP025,2026-01-21,0.06837397273291923,33.1
EMP025,2026-01-22,0.0486814419970763,39.4
EMP025,2026-01-23,0.05081956187121861,38.8
EMP025,2026-01-24,0.04386200695626069,41.0
EMP025,2026-01-25,0.018163770277523805,49.2
EMP025,2026-01-26,0.0022408314887404357,54.3
EMP025,2026-01-27,0.051295428126891474,38.6
EMP025,2026-01-28,0.0752902119377018,30.9
EMP025,2026-01-29,0.008980420604662753,52.2
EMP025,2026-01-30,0.026169330825382864,46.7
EMP025,2026-01-31,0.029923147517414983,45.5
EMP025,2026-02-01,-0.0055613940726551014,56.9
EMP025,2026-02-02,0.01981977618242403,48.7
EMP025,2026-02-03,0.05047767349481436,38.9
EMP025,2026-02-04,0.053853492492757116,37.8
EMP025,2026-02-05,0.055268540545461764,37.3
EMP025,2026-02-06,0.05466549584136737,37.5
EMP025,2026-02-07,0.019362649312430258,48.9
EMP025,2026-02-08,-0.007064511720973332,57.3
EMP025,2026-02-09,0.05224512687790933,38.3
EMP025,2026-02-10,0.06494748006084594,34.2
EMP025,2026-02-11,0.06660140337181969,33.7
EMP025,2026-02-12,0.06146930317853244,35.3
EMP025,2026-02-13,0.061774317682416924,35.2
EMP025,2026-02-14,0.02712854898665651,46.4
EMP025,2026-02-15,0.0040939430125980225,53.8
EMP025,2026-02-16,0.05767413263584792,36.6
EMP025,2026-02-17,0.07155328579280745,32.1
EMP025,2026-02-18,0.06914193728234663,32.9
EMP025,2026-02-19,0.06753816840888283,33.4
EMP025,2026-02-20,0.07088845836790164,32.3
EMP025,2026-02-21,0.027889804669114837,46.1
EMP025,2026-02-22,0.004727777478776063,53.6
EMP025,2026-02-23,0.060809732542156936,35.6
EMP025,2026-02-24,0.05454431643393898,37.6
EMP025,2026-02-25,0.05811501961463428,36.4
EMP025,2026-02-26,0.027370956611384778,46.3
EMP025,2026-02-27,0.040367475574251466,42.1
EMP025,2026-02-28,0.03396400636035768,44.2
EMP025,2026-03-01,-0.005963491198426651,57.0
EMP025,2026-03-02,-0.01215800288658253,59.0
EMP025,2026-03-03,0.037177617063116786,43.1
EMP025,2026-03-04,-0.005108704123811814,56.7
EMP025,2026-03-05,0.05795903294939647,36.5
EMP025,2026-03-06,-0.0030650905808564666,56.1
EMP025,2026-03-07,0.01803189328631416,49.3
EMP025,2026-03-08,0.0023602119871289906,54.3
EMP025,2026-03-09,0.05163217394760605,38.5
EMP025,2026-03-10,0.065481061114053,34.1
EMP025,2026-03-11,0.057700751262642624,36.6
EMP025,2026-03-12,0.0652429280661358,34.1
EMP025,2026-03-13,0.07001599539188108,32.6
EMP025,2026-03-14,0.042459835100799814,41.4
EMP025,2026-03-15,0.009300793777053395,52.1
EMP025,2026-03-16,0.056978379910459065,36.8
EMP025,2026-03-17,0.05932545096005226,36.0
EMP025,2026-03-18,0.06292641436289464,34.9
EMP025,2026-03-19,0.00870905075781403,52.3
EMP025,2026-03-20,0.06688612857318804,33.6
EMP025,2026-03-21,0.041708804899749374,41.7
EMP025,2026-03-22,0.012990705646204193,50.9
EMP025,2026-03-23,0.06132676091604555,35.4
EMP025,2026-03-24,0.07407172441337889,31.3
EMP025,2026-03-25,-0.011931572006488866,58.9
EMP025,2026-03-26,0.06442385583169669,34.4
EMP025,2026-03-27,-0.04005600898321571,67.9
EMP025,2026-03-28,0.03120086900074348,45.1
EMP025,2026-03-29,-0.025309867266944175,63.2
EMP025,2026-03-30,-0.010383977898484553,58.4
EMP025,2026-03-31,-0.07695978463142694,79.8
EMP026,2026-01-01,0.030626687655616935,45.2
EMP026,2026-01-02,-0.020307308388915923,61.6
EMP026,2026-01-03,-0.024130451351044746,62.8
EMP026,2026-01-04,-0.12184471688203047,94.2
EMP026,2026-01-05,0.005941049230476003,53.2
EMP026,2026-01-06,0.01642335694444741,49.8
EMP026,2026-01-07,-0.010506514413525125,58.4
EMP026,2026-01-08,-0.07125186565697728,77.9
EMP026,2026-01-09,0.045843230319264905,40.4
EMP026,2026-01-10,0.006743806367842109,52.9
EMP026,2026-01-11,-0.025268263856864315,63.2
EMP026,2026-01-12,0.025793994386293706,46.8
EMP026,2026-01-13,0.01731406068152941,49.5
EMP026,2026-01-14,0.05212924296377741,38.3
EMP026,2026-01-15,0.014584211598621777,50.4
EMP026,2026-01-16,-0.00887320321577223,57.9
EMP026,2026-01-17,0.0024608638941603367,54.3
EMP026,2026-01-18,-0.035609148929622636,66.5
EMP026,2026-01-19,-0.0314676947303314,65.2
EMP026,2026-01-20,0.03249244107433713,44.6
EMP026,2026-01-21,0.040062807389215804,42.2
EMP026,2026-01-22,0.04081870454353409,42.0
EMP026,2026-01-23,0.033530302939044465,44.3
EMP026,2026-01-24,0.031235935554096095,45.0
EMP026,2026-01-25,-0.018648701558788172,61.1
EMP026,2026-01-26,-0.034164115957884156,66.0
EMP026,2026-01-27,0.030119531947428224,45.4
EMP026,2026-01-28,0.03518106057796466,43.8
EMP026,2026-01-29,-0.001104236722085039,55.4
EMP026,2026-01-30,-0.028074858153963378,64.1
EMP026,2026-01-31,-0.024838569931123988,63.0
EMP026,2026-02-01,-0.046965559695754,70.1
EMP026,2026-02-02,-0.01761992776536525,60.7
EMP026,2026-02-03,-0.03714449356992344,67.0
EMP026,2026-02-04,0.014446271911069952,50.4
EMP026,2026-02-05,0.011761034466723053,51.3
EMP026,2026-02-06,-0.01395657055127586,59.5
EMP026,2026-02-07,-0.01526597697177201,60.0
EMP026,2026-02-08,-0.05175123639778911,71.7
EMP026,2026-02-09,0.0005241154994359842,54.9
EMP026,2026-02-10,-0.004296970058459193,56.4
EMP026,2026-02-11,0.011034459368755689,51.5
EMP026,2026-02-12,0.015044666414033903,50.2
EMP026,2026-02-13,0.007388901375625645,52.7
EMP026,2026-02-14,-0.013589748460538731,59.4
EMP026,2026-02-15,-0.0423597954566457,68.7
EMP026,2026-02-16,0.024165990770898427,47.3
EMP026,2026-02-17,0.026970910704346762,46.4
EMP026,2026-02-18,0.028067703200327032,46.1
EMP026,2026-02-19,0.03136348443964343,45.0
EMP026,2026-02-20,0.03295909103693728,44.5
EMP026,2026-02-21,-0.008418548239777834,57.8
EMP026,2026-02-22,-0.03939855943399606,67.7
EMP026,2026-02-23,0.028449361137803053,45.9
EMP026,2026-02-24,0.030911621944886614,45.2
EMP026,2026-02-25,0.026766636685217393,46.5
EMP026,2026-02-26,-0.0020023610798670655,55.7
EMP026,2026-02-27,0.00036556330971693196,55.0
EMP026,2026-02-28,-0.009786735804903413,58.2
EMP026,2026-03-01,-0.04797044467930778,70.5
EMP026,2026-03-02,-0.055280728908149945,72.8
EMP026,2026-03-03,-0.057420959519147496,73.5
EMP026,2026-03-04,0.023013757751389474,47.7
EMP026,2026-03-05,0.027379621688582767,46.3
EMP026,2026-03-06,0.01776272217502184,49.4
EMP026,2026-03-07,-0.006374100662174476,57.1
EMP026,2026-03-08,-0.04362195216430742,69.1
EMP026,2026-03-09,0.02738839610011634,46.3
EMP026,2026-03-10,-0.042861659805687125,68.8
EMP026,2026-03-11,-0.00015699547826830695,55.1
EMP026,2026-03-12,0.027153763238472406,46.4
EMP026,2026-03-13,0.038752334366772,42.6
EMP026,2026-03-14,0.002212011304820183,54.4
EMP026,2026-03-15,-0.027592749604723243,63.9
EMP026,2026-03-16,0.02040126293251887,48.5
EMP026,2026-03-17,-0.0008529375195958089,55.3
EMP026,2026-03-18,0.008152436133342933,52.5
EMP026,2026-03-19,0.02626758407840668,46.6
EMP026,2026-03-20,0.041180573903473516,41.9
EMP026,2026-03-21,0.004871115210111299,53.5
EMP026,2026-03-22,-0.02864793046538916,64.3
EMP026,2026-03-23,0.010015253566274862,51.9
EMP026,2026-03-24,0.026008578463159293,46.7
EMP026,2026-03-25,0.03328191467220809,44.4
EMP026,2026-03-26,-0.04687003528743172,70.1
EMP026,2026-03-27,-0.09088253884027042,84.2
EMP026,2026-03-28,-0.031843234640519524,65.3
EMP026,2026-03-29,-0.07977850646702689,80.7
EMP026,2026-03-30,-0.08437820457604728,82.1
EMP026,2026-03-31,-0.09842315760838327,86.6
EMP027,2026-01-01,0.0180208846471549,49.3
EMP027,2026-01-02,-0.009406236187231132,58.1
EMP027,2026-01-03,-0.03020397535850683,64.8
EMP027,2026-01-04,-0.12687386133493062,95.8
EMP027,2026-01-05,-0.057756567056202135,73.6
EMP027,2026-01-06,-0.04772124371205022,70.4
EMP027,2026-01-07,-0.05827843626469731,73.8
EMP027,2026-01-08,-0.037001508041745956,66.9
EMP027,2026-01-09,-0.04878672315966859,70.7
EMP027,2026-01-10,-0.07336541657129925,78.6
EMP027,2026-01-11,-0.08287156368095083,81.7
EMP027,2026-01-12,-0.00027484292281998446,55.2
EMP027,2026-01-13,0.0014377885096298337,54.6
EMP027,2026-01-14,-0.0035576080426125145,56.2
EMP027,2026-01-15,-0.020144186161598965,61.5
EMP027,2026-01-16,-0.08435679816372499,82.1
EMP027,2026-01-17,-0.022837602612600483,62.4
EMP027,2026-01-18,-0.062174438982357416,75.0
EMP027,2026-01-19,-0.007097489607194252,57.3
EMP027,2026-01-20,0.010536620638125549,51.7
EMP027,2026-01-21,-0.006299839822720643,57.1
EMP027,2026-01-22,-0.006594250577376726,57.2
EMP027,2026-01-23,-0.020899537753704234,61.8
EMP027,2026-01-24,-0.038899010802411205,67.5
EMP027,2026-01-25,-0.0687551802078381,77.1
EMP027,2026-01-26,-0.07390526141588305,78.8
EMP027,2026-01-27,-0.0497562452924698,71.0
EMP027,2026-01-28,0.015078390803482167,50.2
EMP027,2026-01-29,-0.07280782556985899,78.4
EMP027,2026-01-30,-0.09418639360644432,85.3
EMP027,2026-01-31,-0.05701091717759643,73.4
EMP027,2026-02-01,-0.09192992678400036,84.6
EMP027,2026-02-02,-0.03821619544497867,67.3
EMP027,2026-02-03,-0.09275257797209624,84.8
EMP027,2026-02-04,-0.040289194099680126,68.0
EMP027,2026-02-05,-0.05619099689615614,73.1
EMP027,2026-02-06,-0.05385350689500068,72.3
EMP027,2026-02-07,-0.05410408109672771,72.4
EMP027,2026-02-08,-0.08795359826282656,83.3
EMP027,2026-02-09,-0.041274969530824546,68.3
EMP027,2026-02-10,-0.042983961870047716,68.9
EMP027,2026-02-11,-0.028467947979210262,64.2
EMP027,2026-02-12,-0.01832768231383264,60.9
EMP027,2026-02-13,-0.02525033974965485,63.2
EMP027,2026-02-14,-0.05128812368311697,71.5
EMP027,2026-02-15,-0.08249533602086734,81.5
EMP027,2026-02-16,-0.03156702698577374,65.2
EMP027,2026-02-17,-0.016799474439270323,60.5
EMP027,2026-02-18,-0.005231555418629297,56.7
EMP027,2026-02-19,-0.024748643451135033,63.0
EMP027,2026-02-20,-0.03003912569464784,64.7
EMP027,2026-02-21,-0.04140385562673499,68.4
EMP027,2026-02-22,-0.08042960799341858,80.9
EMP027,2026-02-23,-0.06815000096550339,76.9
EMP027,2026-02-24,-0.018878301673374454,61.1
EMP027,2026-02-25,-0.0049068055236585195,56.6
EMP027,2026-02-26,-0.036670756524592396,66.8
EMP027,2026-02-27,-0.016547328278496365,60.4
EMP027,2026-02-28,-0.05143099183820743,71.6
EMP027,2026-03-01,-0.07989824817714963,80.7
EMP027,2026-03-02,-0.0858024352938298,82.6
EMP027,2026-03-03,-0.06362597651021096,75.5
EMP027,2026-03-04,-0.02474369155677858,63.0
EMP027,2026-03-05,-0.019445147829690534,61.3
EMP027,2026-03-06,-0.012634765688929628,59.1
EMP027,2026-03-07,-0.030436330942835266,64.8
EMP027,2026-03-08,-0.06548456952652582,76.1
EMP027,2026-03-09,-0.013288091144786907,59.3
EMP027,2026-03-10,-0.003275701352035032,56.1
EMP027,2026-03-11,-0.011127259621153796,58.6
EMP027,2026-03-12,0.006093255867908098,53.1
EMP027,2026-03-13,0.003260653840657546,54.0
EMP027,2026-03-14,-0.026872134899856293,63.7
EMP027,2026-03-15,-0.06290367217655624,75.2
EMP027,2026-03-16,-0.005791614160448599,56.9
EMP027,2026-03-17,-0.033963837819103615,66.0
EMP027,2026-03-18,-0.00903994633764893,58.0
EMP027,2026-03-19,-0.00012676093496100105,55.1
EMP027,2026-03-20,-0.01899959558050124,61.2
EMP027,2026-03-21,-0.03904128418155073,67.6
EMP027,2026-03-22,-0.06850837510088548,77.0
EMP027,2026-03-23,-0.005687474565654549,56.9
EMP027,2026-03-24,-0.0067341941502288005,57.2
EMP027,2026-03-25,-0.09731310132307414,86.3
EMP027,2026-03-26,-0.1221861545988403,94.3
EMP027,2026-03-27,-0.1384952469531523,99.5
EMP027,2026-03-28,-0.056844275880639006,73.3
EMP027,2026-03-29,-0.12142989763271805,94.0
EMP027,2026-03-30,-0.1400478756389847,100.0
EMP027,2026-03-31,-0.1198023035950656,93.5
EMP028,2026-01-01,0.027623319539851643,46.2
EMP028,2026-01-02,0.0011049778739807836,54.7
EMP028,2026-01-03,-0.0003191068771505323,55.2
EMP028,2026-01-04,-0.08631307837339919,82.8
EMP028,2026-01-05,0.006707158167811977,52.9
EMP028,2026-01-06,0.005370572257922368,53.3
EMP028,2026-01-07,-0.013324991111169915,59.3
EMP028,2026-01-08,-0.019040006951251187,61.2
EMP028,2026-01-09,0.01962105653734092,48.8
EMP028,2026-01-10,-0.021225934796894164,61.9
EMP028,2026-01-11,-0.03164230921235822,65.2
EMP028,2026-01-12,0.035435619192448364,43.7
EMP028,2026-01-13,0.044353076022981885,40.8
EMP028,2026-01-14,0.03890164394452206,42.6
EMP028,2026-01-15,0.020544153681306687,48.5
EMP028,2026-01-16,0.042854588325980825,41.3
EMP028,2026-01-17,-0.0017112283353185598,55.6
EMP028,2026-01-18,-0.017644792036447643,60.7
EMP028,2026-01-19,0.034293309509142444,44.1
EMP028,2026-01-20,0.05088142811175844,38.7
EMP028,2026-01-21,0.046961926983901114,40.0
EMP028,2026-01-22,0.04654630593850051,40.1
EMP028,2026-01-23,0.043054071267611405,41.3
EMP028,2026-01-24,0.013670612748683975,50.7
EMP028,2026-01-25,-0.01751455266371693,60.7
EMP028,2026-01-26,-0.03228421555821248,65.4
EMP028,2026-01-27,0.02634611683108412,46.6
EMP028,2026-01-28,0.04971239193513943,39.1
EMP028,2026-01-29,0.011251365918783063,51.5
EMP028,2026-01-30,0.0011903203149683517,54.7
EMP028,2026-01-31,0.002427196163877321,54.3
EMP028,2026-02-01,-0.03240397522378746,65.5
EMP028,2026-02-02,0.023826206929277394,47.4
EMP028,2026-02-03,0.016880282226543586,49.7
EMP028,2026-02-04,0.0280336115734775,46.1
EMP028,2026-02-05,0.03582380931353657,43.6
EMP028,2026-02-06,-0.028422016171993247,64.2
EMP028,2026-02-07,-0.0011106385600302415,55.4
EMP028,2026-02-08,-0.016007488102973144,60.2
EMP028,2026-02-09,0.026854041055703992,46.5
EMP028,2026-02-10,0.04979509163032647,39.1
EMP028,2026-02-11,0.042056013475258336,41.6
EMP028,2026-02-12,0.039739625284864744,42.3
EMP028,2026-02-13,0.04272727328683007,41.4
EMP028,2026-02-14,0.009838152022619395,51.9
EMP028,2026-02-15,-0.021648642176808175,62.0
EMP028,2026-02-16,0.03899411374220341,42.6
EMP028,2026-02-17,-0.016063897488923118,60.2
EMP028,2026-02-18,0.046182924554329374,40.3
EMP028,2026-02-19,-0.02270174713540818,62.4
EMP028,2026-02-20,0.024788200376426817,47.1
EMP028,2026-02-21,0.0023306459127191426,54.3
EMP028,2026-02-22,-0.021856848107799642,62.1
EMP028,2026-02-23,0.019345940962222752,48.9
EMP028,2026-02-24,0.0489200916477307,39.4
EMP028,2026-02-25,-0.02660130836697061,63.6
EMP028,2026-02-26,0.015058982686758426,50.2
EMP028,2026-02-27,0.04388720978155791,41.0
EMP028,2026-02-28,0.014819156963258528,50.3
EMP028,2026-03-01,-0.021603422051275856,62.0
EMP028,2026-03-02,-0.0329493797160163,65.6
EMP028,2026-03-03,0.01986807818860825,48.7
EMP028,2026-03-04,0.04120889376997078,41.8
EMP028,2026-03-05,0.05053179106911415,38.9
EMP028,2026-03-06,0.051487560081577566,38.5
EMP028,2026-03-07,0.02061451844041695,48.5
EMP028,2026-03-08,-0.012609644742348936,59.1
EMP028,2026-03-09,-0.027146026730624273,63.8
EMP028,2026-03-10,-0.038007321355502444,67.3
EMP028,2026-03-11,0.02552559768552587,46.9
EMP028,2026-03-12,0.04662034167821416,40.1
EMP028,2026-03-13,0.05393643526829783,37.8
EMP028,2026-03-14,0.020542102668422935,48.5
EMP028,2026-03-15,-0.006106535964275683,57.0
EMP028,2026-03-16,-0.011028151215098814,58.6
EMP028,2026-03-17,-0.007499521765194861,57.5
EMP028,2026-03-18,0.038667788202082665,42.7
EMP028,2026-03-19,0.052216719439746206,38.3
EMP028,2026-03-20,0.05180194905443403,38.4
EMP028,2026-03-21,0.03370707319631938,44.3
EMP028,2026-03-22,-0.010986790624994414,58.6
EMP028,2026-03-23,0.03859127761856479,42.7
EMP028,2026-03-24,0.05609042759439037,37.1
EMP028,2026-03-25,-0.03717383670302299,67.0
EMP028,2026-03-26,-0.022671150779368987,62.3
EMP028,2026-03-27,-0.058516071819944115,73.8
EMP028,2026-03-28,-0.005267875595473148,56.8
EMP028,2026-03-29,-0.05776650080971546,73.6
EMP028,2026-03-30,-0.04162594300621458,68.4
EMP028,2026-03-31,-0.06688087256501929,76.5
EMP029,2026-01-01,0.10018981146369749,22.9
EMP029,2026-01-02,0.11032084052247404,19.7
EMP029,2026-01-03,0.1481907364801351,7.5
EMP029,2026-01-04,0.10297322491597366,22.0
EMP029,2026-01-05,0.132227508424142,12.6
EMP029,2026-01-06,0.13558347903643753,11.6
EMP029,2026-01-07,0.14428085073752378,8.8
EMP029,2026-01-08,0.15184673989386982,6.4
EMP029,2026-01-09,0.14107887938117203,9.8
EMP029,2026-01-10,0.15065956247376627,6.7
EMP029,2026-01-11,0.10958208003219022,19.9
EMP029,2026-01-12,0.14458291560630737,8.7
EMP029,2026-01-13,0.14912932969633147,7.2
EMP029,2026-01-14,0.14424227042978144,8.8
EMP029,2026-01-15,0.13607312561513563,11.4
EMP029,2026-01-16,0.14085615880142754,9.9
EMP029,2026-01-17,0.15334436338445562,5.9
EMP029,2026-01-18,0.1121526660108732,19.1
EMP029,2026-01-19,0.1255557968231597,14.8
EMP029,2026-01-20,0.11914837925633476,16.8
EMP029,2026-01-21,0.15047672934044437,6.8
EMP029,2026-01-22,0.14468638426902775,8.6
EMP029,2026-01-23,0.14216520577412228,9.5
EMP029,2026-01-24,0.15162165267744282,6.4
EMP029,2026-01-25,0.11461252205634437,18.3
EMP029,2026-01-26,0.11459578646708246,18.3
EMP029,2026-01-27,0.11735653300772725,17.4
EMP029,2026-01-28,0.15250480946898143,6.1
EMP029,2026-01-29,0.1303592825681376,13.2
EMP029,2026-01-30,0.14440239714565917,8.7
EMP029,2026-01-31,0.15326012911970138,5.9
EMP029,2026-02-01,0.11381741956305419,18.6
EMP029,2026-02-02,0.1252638980959888,14.9
EMP029,2026-02-03,0.1191798742999074,16.8
EMP029,2026-02-04,0.15167370885545212,6.4
EMP029,2026-02-05,0.13561868370648972,11.6
EMP029,2026-02-06,0.1370308811906848,11.1
EMP029,2026-02-07,0.1493847084065642,7.1
EMP029,2026-02-08,0.11167272205622186,19.2
EMP029,2026-02-09,0.13659260436085374,11.2
EMP029,2026-02-10,0.146181835055181,8.2
EMP029,2026-02-11,0.12948426779247202,13.5
EMP029,2026-02-12,0.140736393309006,9.9
EMP029,2026-02-13,0.13988043082794283,10.2
EMP029,2026-02-14,0.14578800687036297,8.3
EMP029,2026-02-15,0.10807358019964658,20.4
EMP029,2026-02-16,0.15088007759876698,6.7
EMP029,2026-02-17,0.13570518525054603,11.5
EMP029,2026-02-18,0.14376385005139586,8.9
EMP029,2026-02-19,0.11979841318630208,16.6
EMP029,2026-02-20,0.14131069308440486,9.7
EMP029,2026-02-21,0.1374392200499639,11.0
EMP029,2026-02-22,0.10552106208459372,21.2
EMP029,2026-02-23,0.13094157060035733,13.1
EMP029,2026-02-24,0.1049712917008015,21.4
EMP029,2026-02-25,0.1481739075526199,7.5
EMP029,2026-02-26,0.13593048113070327,11.5
EMP029,2026-02-27,0.10588627493983682,21.1
EMP029,2026-02-28,0.1470620592105183,7.9
EMP029,2026-03-01,0.1047517371930688,21.5
EMP029,2026-03-02,0.10409297253363164,21.7
EMP029,2026-03-03,0.09764493956356662,23.7
EMP029,2026-03-04,0.10160540711865496,22.5
EMP029,2026-03-05,0.13102428452562626,13.0
EMP029,2026-03-06,0.12683128463204596,14.4
EMP029,2026-03-07,0.13888278256919756,10.5
EMP029,2026-03-08,0.09730107378138242,23.9
EMP029,2026-03-09,0.12633296917250164,14.5
EMP029,2026-03-10,0.11433461577748205,18.4
EMP029,2026-03-11,0.11892002938173052,16.9
EMP029,2026-03-12,0.13355243788944338,12.2
EMP029,2026-03-13,0.13362002489722957,12.2
EMP029,2026-03-14,0.1297665537623509,13.4
EMP029,2026-03-15,0.09367577010650463,25.0
EMP029,2026-03-16,0.11921274746271504,16.8
EMP029,2026-03-17,0.11727191906572298,17.4
EMP029,2026-03-18,0.12409678777284838,15.3
EMP029,2026-03-19,0.12978053605793038,13.4
EMP029,2026-03-20,0.1138047465347442,18.6
EMP029,2026-03-21,0.12901948723997236,13.7
EMP029,2026-03-22,0.08993926553390735,26.2
EMP029,2026-03-23,0.10494697698566846,21.4
EMP029,2026-03-24,0.11624256240790809,17.8
EMP029,2026-03-25,0.11427460029300313,18.4
EMP029,2026-03-26,0.12427651149012003,15.2
EMP029,2026-03-27,0.08703145963347947,27.1
EMP029,2026-03-28,0.12226769291823975,15.8
EMP029,2026-03-29,0.08391732858345063,28.1
EMP029,2026-03-30,0.10061077024075094,22.8
EMP029,2026-03-31,0.0753161819552498,30.9
EMP030,2026-01-01,0.07706523720189412,30.3
EMP030,2026-01-02,0.10208302724230789,22.3
EMP030,2026-01-03,0.1273782213973611,14.2
EMP030,2026-01-04,0.07734692075118471,30.3
EMP030,2026-01-05,0.11871828005118462,17.0
EMP030,2026-01-06,0.1264623031793501,14.5
EMP030,2026-01-07,0.13084549095149028,13.1
EMP030,2026-01-08,0.12447654040941275,15.1
EMP030,2026-01-09,0.12112439334601888,16.2
EMP030,2026-01-10,0.12980720055957662,13.4
EMP030,2026-01-11,0.0850412566162016,27.8
EMP030,2026-01-12,0.13467516869908025,11.9
EMP030,2026-01-13,0.12942792935557923,13.5
EMP030,2026-01-14,0.12255375546593211,15.7
EMP030,2026-01-15,0.12956534096413735,13.5
EMP030,2026-01-16,0.08668204772797339,27.3
EMP030,2026-01-17,0.12668555542376558,14.4
EMP030,2026-01-18,0.08772651244858798,26.9
EMP030,2026-01-19,0.12820081578435572,13.9
EMP030,2026-01-20,0.13389988002512604,12.1
EMP030,2026-01-21,0.13152819609982913,12.9
EMP030,2026-01-22,0.13300450231533784,12.4
EMP030,2026-01-23,0.12940594483040307,13.6
EMP030,2026-01-24,0.13079722079181422,13.1
EMP030,2026-01-25,0.08973793631310051,26.3
EMP030,2026-01-26,0.08887920796551724,26.6
EMP030,2026-01-27,0.1308349756510337,13.1
EMP030,2026-01-28,0.1253791040284129,14.8
EMP030,2026-01-29,0.12207161793738774,15.9
EMP030,2026-01-30,0.13314155886879153,12.4
EMP030,2026-01-31,0.13146576378230096,12.9
EMP030,2026-02-01,0.08891932517055129,26.5
EMP030,2026-02-02,0.11297993271832524,18.8
EMP030,2026-02-03,0.1160946407109994,17.8
EMP030,2026-02-04,0.1284258893946889,13.9
EMP030,2026-02-05,0.11761298563678207,17.3
EMP030,2026-02-06,0.12825961172087125,13.9
EMP030,2026-02-07,0.12901954462669823,13.7
EMP030,2026-02-08,0.08758273956162921,27.0
EMP030,2026-02-09,0.1255841529468072,14.8
EMP030,2026-02-10,0.12083575436562216,16.3
EMP030,2026-02-11,0.08586520335399772,27.5
EMP030,2026-02-12,0.12933269351646542,13.6
EMP030,2026-02-13,0.12593703672420314,14.7
EMP030,2026-02-14,0.124322179602956,15.2
EMP030,2026-02-15,0.08297884500822383,28.4
EMP030,2026-02-16,0.08304779955621666,28.4
EMP030,2026-02-17,0.12674009048832835,14.4
EMP030,2026-02-18,0.13146784463343414,12.9
EMP030,2026-02-19,0.12719932541250617,14.3
EMP030,2026-02-20,0.12823251059861346,13.9
EMP030,2026-02-21,0.12403447092053088,15.3
EMP030,2026-02-22,0.08040709847918859,29.3
EMP030,2026-02-23,0.12368389833197851,15.4
EMP030,2026-02-24,0.11890083422880432,16.9
EMP030,2026-02-25,0.11985759101894011,16.6
EMP030,2026-02-26,0.09914743782691582,23.3
EMP030,2026-02-27,0.10984930472568022,19.8
EMP030,2026-02-28,0.12476851684424728,15.0
EMP030,2026-03-01,0.0801771632198825,29.3
EMP030,2026-03-02,0.07939962264850303,29.6
EMP030,2026-03-03,0.10455333030084113,21.5
EMP030,2026-03-04,0.1189805250390975,16.9
EMP030,2026-03-05,0.1198286274734564,16.6
EMP030,2026-03-06,0.11081840464384474,19.5
EMP030,2026-03-07,0.11294605636998334,18.8
EMP030,2026-03-08,0.07006248345449706,32.6
EMP030,2026-03-09,0.11676211083731985,17.6
EMP030,2026-03-10,0.1091282141583878,20.1
EMP030,2026-03-11,0.0870590630230007,27.1
EMP030,2026-03-12,0.11264286206133156,18.9
EMP030,2026-03-13,0.10962461000845686,19.9
EMP030,2026-03-14,0.11244480287671793,19.0
EMP030,2026-03-15,0.0669138077051552,33.6
EMP030,2026-03-16,0.10553126681416913,21.2
EMP030,2026-03-17,0.10713627242672114,20.7
EMP030,2026-03-18,0.10554255539440233,21.2
EMP030,2026-03-19,0.10815016514368553,20.4
EMP030,2026-03-20,0.10583180287640814,21.1
EMP030,2026-03-21,0.1051734286367606,21.3
EMP030,2026-03-22,0.06219697726297202,35.1
EMP030,2026-03-23,0.10252536846018229,22.2
EMP030,2026-03-24,0.1083438450803546,20.3
EMP030,2026-03-25,0.09339697690482252,25.1
EMP030,2026-03-26,0.08589100503815728,27.5
EMP030,2026-03-27,0.09921611289324855,23.2
EMP030,2026-03-28,0.09992347319743417,23.0
EMP030,2026-03-29,0.05345864329726796,37.9
EMP030,2026-03-30,0.09144638041995079,25.7
EMP030,2026-03-31,0.08862228593201615,26.6
EMP031,2026-01-01,0.08832962926658261,26.7
EMP031,2026-01-02,0.10576751008241708,21.1
EMP031,2026-01-03,0.13900587980930879,10.5
EMP031,2026-01-04,0.0907593738812677,25.9
EMP031,2026-01-05,0.12960756175244925,13.5
EMP031,2026-01-06,0.12981908058920139,13.4
EMP031,2026-01-07,0.13355601914860832,12.2
EMP031,2026-01-08,0.13737102507227206,11.0
EMP031,2026-01-09,0.12914133749005074,13.6
EMP031,2026-01-10,0.09814482338902625,23.6
EMP031,2026-01-11,0.09610770561406512,24.2
EMP031,2026-01-12,0.13169800624694994,12.8
EMP031,2026-01-13,0.13791330957399628,10.8
EMP031,2026-01-14,0.12736301874825173,14.2
EMP031,2026-01-15,0.13998497515378744,10.2
EMP031,2026-01-16,0.13454827604775937,11.9
EMP031,2026-01-17,0.14255368838160604,9.3
EMP031,2026-01-18,0.09836700511372315,23.5
EMP031,2026-01-19,0.09844152930596389,23.5
EMP031,2026-01-20,0.12332150116234603,15.5
EMP031,2026-01-21,0.13383124836396787,12.1
EMP031,2026-01-22,0.14710958584810024,7.9
EMP031,2026-01-23,0.10731755241198626,20.6
EMP031,2026-01-24,0.14650039944596388,8.1
EMP031,2026-01-25,0.1007841198148619,22.7
EMP031,2026-01-26,0.10050891713465715,22.8
EMP031,2026-01-27,0.13027320852066882,13.3
EMP031,2026-01-28,0.12612427829949102,14.6
EMP031,2026-01-29,0.12420845404090747,15.2
EMP031,2026-01-30,0.13488497163028923,11.8
EMP031,2026-01-31,0.14294843776237248,9.2
EMP031,2026-02-01,0.09940011697118245,23.2
EMP031,2026-02-02,0.109484743655895,19.9
EMP031,2026-02-03,0.10815833975865724,20.4
EMP031,2026-02-04,0.13416850285191378,12.0
EMP031,2026-02-05,0.13006978552807225,13.3
EMP031,2026-02-06,0.13163083306189965,12.8
EMP031,2026-02-07,0.1422021249389755,9.4
EMP031,2026-02-08,0.09720156800030622,23.9
EMP031,2026-02-09,0.1302169749626973,13.3
EMP031,2026-02-10,0.11159447050733173,19.3
EMP031,2026-02-11,0.13022972844705488,13.3
EMP031,2026-02-12,0.12955564849534879,13.5
EMP031,2026-02-13,0.1334983593106812,12.2
EMP031,2026-02-14,0.13674590402582643,11.2
EMP031,2026-02-15,0.09318481410588081,25.2
EMP031,2026-02-16,0.13035117907688876,13.2
EMP031,2026-02-17,0.11170365944647886,19.2
EMP031,2026-02-18,0.12355723179493322,15.4
EMP031,2026-02-19,0.1346876416184169,11.9
EMP031,2026-02-20,0.09507966460563011,24.6
EMP031,2026-02-21,0.1319521518350762,12.7
EMP031,2026-02-22,0.0903050492558376,26.1
EMP031,2026-02-23,0.1370118990361941,11.1
EMP031,2026-02-24,0.12334631895324377,15.5
EMP031,2026-02-25,0.12232698382216928,15.8
EMP031,2026-02-26,0.12066090913463501,16.4
EMP031,2026-02-27,0.12507660243982816,14.9
EMP031,2026-02-28,0.13445051430196475,11.9
EMP031,2026-03-01,0.08884948036134516,26.6
EMP031,2026-03-02,0.08808686865459509,26.8
EMP031,2026-03-03,0.09305860243442932,25.2
EMP031,2026-03-04,0.12233094957830076,15.8
EMP031,2026-03-05,0.12646373457967636,14.5
EMP031,2026-03-06,0.12622057448739338,14.6
EMP031,2026-03-07,0.12964390517379254,13.5
EMP031,2026-03-08,0.08123484781414086,29.0
EMP031,2026-03-09,0.09590297075790477,24.3
EMP031,2026-03-10,0.0805258099623265,29.2
EMP031,2026-03-11,0.11726119671172203,17.4
EMP031,2026-03-12,0.12053433426346971,16.4
EMP031,2026-03-13,0.11737218938681376,17.4
EMP031,2026-03-14,0.12272234109357627,15.7
EMP031,2026-03-15,0.07658215062929707,30.5
EMP031,2026-03-16,0.09400525006711519,24.9
EMP031,2026-03-17,0.11082881332497746,19.5
EMP031,2026-03-18,0.10994712384663591,19.8
EMP031,2026-03-19,0.11617239777896754,17.8
EMP031,2026-03-20,0.10600300386521783,21.1
EMP031,2026-03-21,0.11726203904483995,17.4
EMP031,2026-03-22,0.07179363140082334,32.0
EMP031,2026-03-23,0.1070262750382564,20.7
EMP031,2026-03-24,0.11535829138348058,18.1
EMP031,2026-03-25,0.1103964626222792,19.6
EMP031,2026-03-26,0.09771929974162719,23.7
EMP031,2026-03-27,0.11357380280588636,18.6
EMP031,2026-03-28,0.11149730292157156,19.3
EMP031,2026-03-29,0.06592709270679925,33.9
EMP031,2026-03-30,0.08577995840984293,27.5
EMP031,2026-03-31,0.10507546052743966,21.4
EMP032,2026-01-01,0.06749935357131204,33.4
EMP032,2026-01-02,0.10826259080221584,20.3
EMP032,2026-01-03,0.12694488723206937,14.3
EMP032,2026-01-04,0.06791331198457429,33.3
EMP032,2026-01-05,0.12420789980316627,15.2
EMP032,2026-01-06,0.11083591245402735,19.5
EMP032,2026-01-07,0.09260414966322117,25.4
EMP032,2026-01-08,0.11635780988743305,17.7
EMP032,2026-01-09,0.12226784039114241,15.8
EMP032,2026-01-10,0.1280027976374143,14.0
EMP032,2026-01-11,0.07582425984251068,30.7
EMP032,2026-01-12,0.12992903616266643,13.4
EMP032,2026-01-13,0.12447982726460538,15.1
EMP032,2026-01-14,0.12378686576901254,15.4
EMP032,2026-01-15,0.13018286270113255,13.3
EMP032,2026-01-16,0.12707443218424358,14.3
EMP032,2026-01-17,0.12802797648427866,14.0
EMP032,2026-01-18,0.07805848300298573,30.0
EMP032,2026-01-19,0.12550266986092923,14.8
EMP032,2026-01-20,0.11493501113516602,18.2
EMP032,2026-01-21,0.1301883879351471,13.3
EMP032,2026-01-22,0.13190000824237252,12.8
EMP032,2026-01-23,0.11692122563497392,17.6
EMP032,2026-01-24,0.127920602595892,14.0
EMP032,2026-01-25,0.0794174196218656,29.6
EMP032,2026-01-26,0.07853864575754738,29.9
EMP032,2026-01-27,0.10675342295990337,20.8
EMP032,2026-01-28,0.13058328990741874,13.2
EMP032,2026-01-29,0.07810470899998895,30.0
EMP032,2026-01-30,0.1205604578920994,16.4
EMP032,2026-01-31,0.12971738181782144,13.5
EMP032,2026-02-01,0.07804998838613875,30.0
EMP032,2026-02-02,0.11695978106077565,17.5
EMP032,2026-02-03,0.09874957192879613,23.4
EMP032,2026-02-04,0.12226794700116855,15.8
EMP032,2026-02-05,0.13250959935720558,12.6
EMP032,2026-02-06,0.11452306413868218,18.3
EMP032,2026-02-07,0.1282592236046603,13.9
EMP032,2026-02-08,0.07705771330063782,30.3
EMP032,2026-02-09,0.12077195151903725,16.3
EMP032,2026-02-10,0.07529070242821373,30.9
EMP032,2026-02-11,0.12636581525573382,14.5
EMP032,2026-02-12,0.12977159586517006,13.4
EMP032,2026-02-13,0.11794774860738183,17.2
EMP032,2026-02-14,0.12461134275551516,15.1
EMP032,2026-02-15,0.07217679478260647,31.9
EMP032,2026-02-16,0.12437075494201233,15.2
EMP032,2026-02-17,0.1236971858121117,15.4
EMP032,2026-02-18,0.1283336911075621,13.9
EMP032,2026-02-19,0.12456593751358286,15.1
EMP032,2026-02-20,0.07144504625823223,32.1
EMP032,2026-02-21,0.12242265575084343,15.8
EMP032,2026-02-22,0.06973002933274253,32.7
EMP032,2026-02-23,0.11104336109659602,19.4
EMP032,2026-02-24,0.10682394512999022,20.8
EMP032,2026-02-25,0.11492247425758756,18.2
EMP032,2026-02-26,0.1115287326210756,19.3
EMP032,2026-02-27,0.11743754637078901,17.4
EMP032,2026-02-28,0.1180403209644394,17.2
EMP032,2026-03-01,0.06940284499458782,32.8
EMP032,2026-03-02,0.06871122174044625,33.0
EMP032,2026-03-03,0.10092666231114011,22.7
EMP032,2026-03-04,0.11766495621038564,17.3
EMP032,2026-03-05,0.11193040444579061,19.2
EMP032,2026-03-06,0.09883364969760339,23.4
EMP032,2026-03-07,0.11265691551953044,18.9
EMP032,2026-03-08,0.06080481893330303,35.6
EMP032,2026-03-09,0.1165044736969853,17.7
EMP032,2026-03-10,0.10926840407874333,20.0
EMP032,2026-03-11,0.11491048015403993,18.2
EMP032,2026-03-12,0.11408373948278294,18.5
EMP032,2026-03-13,0.11044551827655708,19.6
EMP032,2026-03-14,0.1044026169457975,21.6
EMP032,2026-03-15,0.057996373567783144,36.5
EMP032,2026-03-16,0.10844775741636631,20.3
EMP032,2026-03-17,0.09665371490737412,24.1
EMP032,2026-03-18,0.10925141401193406,20.0
EMP032,2026-03-19,0.10918588534410845,20.0
EMP032,2026-03-20,0.10214635761022439,22.3
EMP032,2026-03-21,0.10191563731160058,22.4
EMP032,2026-03-22,0.052973120433912224,38.1
EMP032,2026-03-23,0.10334202208987575,21.9
EMP032,2026-03-24,0.10078375040286586,22.7
EMP032,2026-03-25,0.06691690424977936,33.6
EMP032,2026-03-26,0.09361830463039444,25.0
EMP032,2026-03-27,0.06424274842776173,34.5
EMP032,2026-03-28,0.09525236354378996,24.5
EMP032,2026-03-29,0.0438694330779521,41.0
EMP032,2026-03-30,0.08617662851590763,27.4
EMP032,2026-03-31,0.08309801608045253,28.4
EMP033,2026-01-01,0.07201677855529154,32.0
EMP033,2026-01-02,0.10850486475127058,20.3
EMP033,2026-01-03,0.11066589121886539,19.6
EMP033,2026-01-04,0.06912603857838595,32.9
EMP033,2026-01-05,0.11624059453365126,17.8
EMP033,2026-01-06,0.11234325719109012,19.0
EMP033,2026-01-07,0.1188628520571573,16.9
EMP033,2026-01-08,0.12107795364637886,16.2
EMP033,2026-01-09,0.1148817840521596,18.2
EMP033,2026-01-10,0.11873010916947019,17.0
EMP033,2026-01-11,0.07379594584968313,31.4
EMP033,2026-01-12,0.11831360000932273,17.1
EMP033,2026-01-13,0.11178578881870493,19.2
EMP033,2026-01-14,0.07305932059074616,31.6
EMP033,2026-01-15,0.07305932059074616,31.6
EMP033,2026-01-16,0.11940576644003348,16.8
EMP033,2026-01-17,0.11812000271181905,17.2
EMP033,2026-01-18,0.07338237173690076,31.5
EMP033,2026-01-19,0.11782464666558612,17.3
EMP033,2026-01-20,0.1226691236280174,15.7
EMP033,2026-01-21,0.07310814677592165,31.6
EMP033,2026-01-22,0.11995322516401868,16.6
EMP033,2026-01-23,0.115730377312588,17.9
EMP033,2026-01-24,0.11413813694336589,18.4
EMP033,2026-01-25,0.0733650023078587,31.5
EMP033,2026-01-26,0.07259227995123385,31.8
EMP033,2026-01-27,0.11370061085619082,18.6
EMP033,2026-01-28,0.11471800766136164,18.3
EMP033,2026-01-29,0.10650550563099204,20.9
EMP033,2026-01-30,0.11756077068225201,17.4
EMP033,2026-01-31,0.11060161195632634,19.6
EMP033,2026-02-01,0.07027015241876217,32.5
EMP033,2026-02-02,0.10138729071043734,22.5
EMP033,2026-02-03,0.10643381600261559,20.9
EMP033,2026-02-04,0.10568185162612792,21.2
EMP033,2026-02-05,0.11131422021372772,19.4
EMP033,2026-02-06,0.08116685712250626,29.0
EMP033,2026-02-07,0.10419660183198304,21.6
EMP033,2026-02-08,0.06676660190552747,33.6
EMP033,2026-02-09,0.1120962135808054,19.1
EMP033,2026-02-10,0.06490573415541817,34.2
EMP033,2026-02-11,0.10694543872364176,20.8
EMP033,2026-02-12,0.10819455741900014,20.4
EMP033,2026-02-13,0.1057710212075142,21.1
EMP033,2026-02-14,0.10488629180010284,21.4
EMP033,2026-02-15,0.06343555566379283,34.7
EMP033,2026-02-16,0.03136795054465147,45.0
EMP033,2026-02-17,0.054499876253417734,37.6
EMP033,2026-02-18,0.05549385140527091,37.3
EMP033,2026-02-19,0.050579398672283005,38.8
EMP033,2026-02-20,0.044504813820056444,40.8
EMP033,2026-02-21,0.054186411977305116,37.7
EMP033,2026-02-22,0.03562761306812917,43.6
EMP033,2026-02-23,0.05459379665852765,37.6
EMP033,2026-02-24,0.03567011151181032,43.6
EMP033,2026-02-25,0.05410015894869963,37.7
EMP033,2026-02-26,0.05782558423167333,36.5
EMP033,2026-02-27,0.0526974606420314,38.2
EMP033,2026-02-28,0.04520677668237283,40.6
EMP033,2026-03-01,0.034818977443742904,43.9
EMP033,2026-03-02,0.02881736088343778,45.8
EMP033,2026-03-03,0.03948109084318968,42.4
EMP033,2026-03-04,0.0638069499279248,34.6
EMP033,2026-03-05,0.06349003197183423,34.7
EMP033,2026-03-06,0.0588195981445398,36.2
EMP033,2026-03-07,0.04791953126612308,39.7
EMP033,2026-03-08,0.043673125548226666,41.1
EMP033,2026-03-09,0.038185726720966706,42.8
EMP033,2026-03-10,0.04768917267130002,39.8
EMP033,2026-03-11,0.06661740747559947,33.7
EMP033,2026-03-12,0.07611706209588476,30.6
EMP033,2026-03-13,0.06209575806698092,35.1
EMP033,2026-03-14,0.0545041539763913,37.6
EMP033,2026-03-15,0.05459202718405198,37.6
EMP033,2026-03-16,0.018386693783294605,49.2
EMP033,2026-03-17,0.06692566596260291,33.6
EMP033,2026-03-18,0.06059371630795407,35.6
EMP033,2026-03-19,0.07414247459314177,31.3
EMP033,2026-03-20,0.07233707300986175,31.9
EMP033,2026-03-21,0.056408386310224545,37.0
EMP033,2026-03-22,0.0527574401154946,38.1
EMP033,2026-03-23,0.0637156130986885,34.6
EMP033,2026-03-24,0.05601165242205358,37.1
EMP033,2026-03-25,0.01891480450625571,49.0
EMP033,2026-03-26,0.03175072670442791,44.9
EMP033,2026-03-27,0.05678646626307299,36.8
EMP033,2026-03-28,0.048945404846644947,39.4
EMP033,2026-03-29,0.040455318839033916,42.1
EMP033,2026-03-30,0.016906253161663276,49.6
EMP033,2026-03-31,0.047898449342131444,39.7
EMP034,2026-01-01,0.09945585860665845,23.2
EMP034,2026-01-02,0.14751808234678587,7.7
EMP034,2026-01-03,0.14169778454997778,9.6
EMP034,2026-01-04,0.10174194822088783,22.4
EMP034,2026-01-05,0.14956458796707972,7.1
EMP034,2026-01-06,0.14683033469399454,8.0
EMP034,2026-01-07,0.15235533798338036,6.2
EMP034,2026-01-08,0.15101976287087954,6.6
EMP034,2026-01-09,0.15278160072671026,6.1
EMP034,2026-01-10,0.146220061006405,8.2
EMP034,2026-01-11,0.10929704623652303,20.0
EMP034,2026-01-12,0.15353736260875883,5.8
EMP034,2026-01-13,0.15245701347097118,6.2
EMP034,2026-01-14,0.15189473218463778,6.3
EMP034,2026-01-15,0.15082004103576518,6.7
EMP034,2026-01-16,0.15345392856844592,5.8
EMP034,2026-01-17,0.1490853720518147,7.2
EMP034,2026-01-18,0.11225167192410879,19.1
EMP034,2026-01-19,0.1514300983236368,6.5
EMP034,2026-01-20,0.15156368149256433,6.4
EMP034,2026-01-21,0.15219058070782,6.2
EMP034,2026-01-22,0.15378034386270495,5.7
EMP034,2026-01-23,0.156257615185611,4.9
EMP034,2026-01-24,0.14908204373747969,7.2
EMP034,2026-01-25,0.11427083172970298,18.4
EMP034,2026-01-26,0.11425408243533791,18.4
EMP034,2026-01-27,0.15113497810097787,6.6
EMP034,2026-01-28,0.11137836831987213,19.3
EMP034,2026-01-29,0.14759273510573157,7.7
EMP034,2026-01-30,0.14437453890959728,8.7
EMP034,2026-01-31,0.14909062099854714,7.2
EMP034,2026-02-01,0.11322902195258938,18.7
EMP034,2026-02-02,0.13801523659222992,10.8
EMP034,2026-02-03,0.1443008720939441,8.8
EMP034,2026-02-04,0.1508466134389188,6.7
EMP034,2026-02-05,0.15111318599862383,6.6
EMP034,2026-02-06,0.14417849138809752,8.8
EMP034,2026-02-07,0.14834054916394973,7.5
EMP034,2026-02-08,0.11069123252896429,19.6
EMP034,2026-02-09,0.14211980127212198,9.5
EMP034,2026-02-10,0.1494686949881201,7.1
EMP034,2026-02-11,0.14626656142058275,8.1
EMP034,2026-02-12,0.14305007405208225,9.2
EMP034,2026-02-13,0.10807318381267317,20.4
EMP034,2026-02-14,0.14596401641485784,8.2
EMP034,2026-02-15,0.10583262934466253,21.1
EMP034,2026-02-16,0.1450421082936142,8.5
EMP034,2026-02-17,0.13765488426051503,10.9
EMP034,2026-02-18,0.14381299370702616,8.9
EMP034,2026-02-19,0.14533041540271296,8.4
EMP034,2026-02-20,0.14731249024036674,7.8
EMP034,2026-02-21,0.14166081896256127,9.6
EMP034,2026-02-22,0.10291636592162845,22.0
EMP034,2026-02-23,0.14398180695781998,8.9
EMP034,2026-02-24,0.14038833933943123,10.0
EMP034,2026-02-25,0.14436464719726833,8.8
EMP034,2026-02-26,0.14531696684609519,8.4
EMP034,2026-02-27,0.14325189039395653,9.1
EMP034,2026-02-28,0.14010515841937587,10.1
EMP034,2026-03-01,0.10269218724909751,22.1
EMP034,2026-03-02,0.10203024595749477,22.3
EMP034,2026-03-03,0.09891115674536288,23.3
EMP034,2026-03-04,0.09964839261789515,23.1
EMP034,2026-03-05,0.13970200450265158,10.2
EMP034,2026-03-06,0.1392489823080325,10.4
EMP034,2026-03-07,0.08989211125671687,26.2
EMP034,2026-03-08,0.09509552588958836,24.6
EMP034,2026-03-09,0.13803237656444522,10.8
EMP034,2026-03-10,0.12194459118306872,15.9
EMP034,2026-03-11,0.1282537287881525,13.9
EMP034,2026-03-12,0.1271616187315559,14.3
EMP034,2026-03-13,0.132490763993936,12.6
EMP034,2026-03-14,0.12490698111760912,15.0
EMP034,2026-03-15,0.09144567106232732,25.7
EMP034,2026-03-16,0.128925887756632,13.7
EMP034,2026-03-17,0.12348563667328888,15.4
EMP034,2026-03-18,0.12610733579797478,14.6
EMP034,2026-03-19,0.12703786132604877,14.3
EMP034,2026-03-20,0.12522550204754318,14.9
EMP034,2026-03-21,0.12548339747225318,14.8
EMP034,2026-03-22,0.08745698502181698,27.0
EMP034,2026-03-23,0.12579408677224274,14.7
EMP034,2026-03-24,0.1124777468883017,19.0
EMP034,2026-03-25,0.09177498287686037,25.6
EMP034,2026-03-26,0.09908432978443993,23.3
EMP034,2026-03-27,0.08263928909899787,28.6
EMP034,2026-03-28,0.12025978715137303,16.5
EMP034,2026-03-29,0.08038962521838744,29.3
EMP034,2026-03-30,0.1065363623354097,20.9
EMP034,2026-03-31,0.08027481323278673,29.3
EMP035,2026-01-01,0.09463161273770893,24.7
EMP035,2026-01-02,0.09187560367838404,25.6
EMP035,2026-01-03,0.1429923021087554,9.2
EMP035,2026-01-04,0.09735288339328518,23.8
EMP035,2026-01-05,0.14414898327532905,8.8
EMP035,2026-01-06,0.12568348978500393,14.7
EMP035,2026-01-07,0.14235655352665727,9.4
EMP035,2026-01-08,0.13327377268947982,12.3
EMP035,2026-01-09,0.13506679438746727,11.7
EMP035,2026-01-10,0.14843838513677327,7.4
EMP035,2026-01-11,0.10359048620144418,21.8
EMP035,2026-01-12,0.1443636532349134,8.8
EMP035,2026-01-13,0.11828746659948486,17.1
EMP035,2026-01-14,0.14155142574389717,9.7
EMP035,2026-01-15,0.13832380706918634,10.7
EMP035,2026-01-16,0.1251287298552231,14.9
EMP035,2026-01-17,0.14520783507192192,8.5
EMP035,2026-01-18,0.10621745467897237,21.0
EMP035,2026-01-19,0.13732466866913418,11.0
EMP035,2026-01-20,0.11288791067284015,18.9
EMP035,2026-01-21,0.13967798529363973,10.3
EMP035,2026-01-22,0.13488141881156446,11.8
EMP035,2026-01-23,0.10798686160014542,20.4
EMP035,2026-01-24,0.1460707684955761,8.2
EMP035,2026-01-25,0.10848888745625945,20.3
EMP035,2026-01-26,0.1084719062497318,20.3
EMP035,2026-01-27,0.1391248407879903,10.4
EMP035,2026-01-28,0.1454881754866555,8.4
EMP035,2026-01-29,0.14338107883497536,9.1
EMP035,2026-01-30,0.1224749271952586,15.8
EMP035,2026-01-31,0.1443348049416478,8.8
EMP035,2026-02-01,0.10819917454095285,20.4
EMP035,2026-02-02,0.11972697089901485,16.7
EMP035,2026-02-03,0.10408770452614236,21.7
EMP035,2026-02-04,0.14416840391867153,8.8
EMP035,2026-02-05,0.13889023312504944,10.5
EMP035,2026-02-06,0.12895844480301594,13.7
EMP035,2026-02-07,0.14440098440122623,8.7
EMP035,2026-02-08,0.10597999823389287,21.1
EMP035,2026-02-09,0.11068517110265169,19.6
EMP035,2026-02-10,0.1336769531300821,12.2
EMP035,2026-02-11,0.12847521750192992,13.8
EMP035,2026-02-12,0.13673335823747185,11.2
EMP035,2026-02-13,0.13904809849503147,10.5
EMP035,2026-02-14,0.1430610463679296,9.2
EMP035,2026-02-15,0.10195955533649792,22.4
EMP035,2026-02-16,0.13623235038561143,11.4
EMP035,2026-02-17,0.11560167687858919,18.0
EMP035,2026-02-18,0.12009476614394926,16.5
EMP035,2026-02-19,0.12857980733920815,13.8
EMP035,2026-02-20,0.13687303591647604,11.2
EMP035,2026-02-21,0.13673623085727227,11.2
EMP035,2026-02-22,0.09909542960160511,23.3
EMP035,2026-02-23,0.13082944744838687,13.1
EMP035,2026-02-24,0.13080455960002663,13.1
EMP035,2026-02-25,0.13281199377434938,12.5
EMP035,2026-02-26,0.13724715651840746,11.0
EMP035,2026-02-27,0.13953652531288546,10.3
EMP035,2026-02-28,0.13688431472335222,11.2
EMP035,2026-03-01,0.09764459079969551,23.7
EMP035,2026-03-02,0.0969748641386306,24.0
EMP035,2026-03-03,0.10325768025039639,21.9
EMP035,2026-03-04,0.1264077149377939,14.5
EMP035,2026-03-05,0.13217559866975387,12.7
EMP035,2026-03-06,0.10527845917202505,21.3
EMP035,2026-03-07,0.1285243340593964,13.8
EMP035,2026-03-08,0.08967122329716504,26.3
EMP035,2026-03-09,0.10631679841880304,21.0
EMP035,2026-03-10,0.09828570892993888,23.5
EMP035,2026-03-11,0.12574142466040023,14.7
EMP035,2026-03-12,0.11597818129780729,17.9
EMP035,2026-03-13,0.12298794141099051,15.6
EMP035,2026-03-14,0.12444758128059796,15.1
EMP035,2026-03-15,0.08579603010113512,27.5
EMP035,2026-03-16,0.11350463832171964,18.7
EMP035,2026-03-17,0.11163949655372285,19.3
EMP035,2026-03-18,0.11231891953556855,19.0
EMP035,2026-03-19,0.10025208664952878,22.9
EMP035,2026-03-20,0.12018958486658404,16.5
EMP035,2026-03-21,0.1193430891233086,16.8
EMP035,2026-03-22,0.08166680066243148,28.9
EMP035,2026-03-23,0.11585017831092487,17.9
EMP035,2026-03-24,0.10788767305969937,20.5
EMP035,2026-03-25,0.0861098064237858,27.4
EMP035,2026-03-26,0.07643573433321654,30.5
EMP035,2026-03-27,0.09086528957187145,25.9
EMP035,2026-03-28,0.11519296278364127,18.1
EMP035,2026-03-29,0.07539259010094101,30.9
EMP035,2026-03-30,0.08585895613915778,27.5
EMP035,2026-03-31,0.10174344137938235,22.4
EMP036,2026-01-01,0.08398634548151268,28.1
EMP036,2026-01-02,0.1272368361776634,14.2
EMP036,2026-01-03,0.1408399446283723,9.9
EMP036,2026-01-04,0.08483597802096893,27.8
EMP036,2026-01-05,0.13728730869589845,11.0
EMP036,2026-01-06,0.08724675747165023,27.1
EMP036,2026-01-07,0.12585930828784697,14.7
EMP036,2026-01-08,0.1395110902359093,10.3
EMP036,2026-01-09,0.13516659704361322,11.7
EMP036,2026-01-10,0.13736936587099435,11.0
EMP036,2026-01-11,0.093205526897575,25.2
EMP036,2026-01-12,0.1372745014814966,11.0
EMP036,2026-01-13,0.14121646592062498,9.8
EMP036,2026-01-14,0.11065276371180705,19.6
EMP036,2026-01-15,0.14454666591528498,8.7
EMP036,2026-01-16,0.14349181740887473,9.0
EMP036,2026-01-17,0.14551224536200547,8.4
EMP036,2026-01-18,0.09532935213181354,24.5
EMP036,2026-01-19,0.1430560626739959,9.2
EMP036,2026-01-20,0.14028159117462735,10.1
EMP036,2026-01-21,0.136068497865591,11.4
EMP036,2026-01-22,0.1436643762342013,9.0
EMP036,2026-01-23,0.13508112831409957,11.7
EMP036,2026-01-24,0.14431945761728437,8.8
EMP036,2026-01-25,0.0967921279204137,24.0
EMP036,2026-01-26,0.09596748926128013,24.3
EMP036,2026-01-27,0.13579575577680647,11.5
EMP036,2026-01-28,0.14047692669290912,10.0
EMP036,2026-01-29,0.14073277328789363,9.9
EMP036,2026-01-30,0.12921390535180338,13.6
EMP036,2026-01-31,0.1407500751980892,9.9
EMP036,2026-02-01,0.09466608855114655,24.7
EMP036,2026-02-02,0.12285237867305066,15.7
EMP036,2026-02-03,0.1118921104008529,19.2
EMP036,2026-02-04,0.14308080172381749,9.2
EMP036,2026-02-05,0.13937762075236154,10.4
EMP036,2026-02-06,0.13225082568958224,12.6
EMP036,2026-02-07,0.13708922175075355,11.1
EMP036,2026-02-08,0.09258715219216429,25.4
EMP036,2026-02-09,0.09272380738903135,25.3
EMP036,2026-02-10,0.13192131448251465,12.7
EMP036,2026-02-11,0.13892667403938846,10.5
EMP036,2026-02-12,0.1387012680970539,10.6
EMP036,2026-02-13,0.1346237503581128,11.9
EMP036,2026-02-14,0.1360357457706512,11.4
EMP036,2026-02-15,0.08809959966133146,26.8
EMP036,2026-02-16,0.1317920225166367,12.8
EMP036,2026-02-17,0.12400732400100561,15.3
EMP036,2026-02-18,0.13027680200352715,13.3
EMP036,2026-02-19,0.1339110740453089,12.1
EMP036,2026-02-20,0.1362757731770533,11.3
EMP036,2026-02-21,0.13515616204281006,11.7
EMP036,2026-02-22,0.08563934448390176,27.6
EMP036,2026-02-23,0.12134169029204805,16.1
EMP036,2026-02-24,0.13113818541272698,13.0
EMP036,2026-02-25,0.1304135922063484,13.2
EMP036,2026-02-26,0.12385141137959876,15.3
EMP036,2026-02-27,0.12794769413539825,14.0
EMP036,2026-02-28,0.13038295959884028,13.2
EMP036,2026-03-01,0.08604261666019974,27.5
EMP036,2026-03-02,0.0852542846384145,27.7
EMP036,2026-03-03,0.12269890668235056,15.7
EMP036,2026-03-04,0.12417350643801794,15.2
EMP036,2026-03-05,0.12813371751955654,14.0
EMP036,2026-03-06,0.12990031450394346,13.4
EMP036,2026-03-07,0.12059464043449358,16.4
EMP036,2026-03-08,0.07724317786472751,30.3
EMP036,2026-03-09,0.12476867923612023,15.0
EMP036,2026-03-10,0.1147480197289919,18.3
EMP036,2026-03-11,0.1200650243595634,16.5
EMP036,2026-03-12,0.1257552080728127,14.7
EMP036,2026-03-13,0.12232364915374788,15.8
EMP036,2026-03-14,0.1170448828100571,17.5
EMP036,2026-03-15,0.07329675960492493,31.6
EMP036,2026-03-16,0.12112161199818566,16.2
EMP036,2026-03-17,0.11749544786422672,17.4
EMP036,2026-03-18,0.11698726950804389,17.5
EMP036,2026-03-19,0.11773110301585715,17.3
EMP036,2026-03-20,0.11887072542466409,16.9
EMP036,2026-03-21,0.07816017861248026,30.0
EMP036,2026-03-22,0.06895798148119892,32.9
EMP036,2026-03-23,0.11075071057288777,19.5
EMP036,2026-03-24,0.0970667011120912,23.9
EMP036,2026-03-25,0.11356232163102964,18.6
EMP036,2026-03-26,0.10658631168152399,20.9
EMP036,2026-03-27,0.07972789345932407,29.5
EMP036,2026-03-28,0.10931129532035283,20.0
EMP036,2026-03-29,0.060719328243083126,35.6
EMP036,2026-03-30,0.10023223893946909,22.9
EMP036,2026-03-31,0.07821541756265121,30.0
EMP037,2026-01-01,0.05780486042065891,36.5
EMP037,2026-01-02,0.12707561700741082,14.3
EMP037,2026-01-03,0.13317489182299386,12.3
EMP037,2026-01-04,0.05788220269671879,36.5
EMP037,2026-01-05,0.13639328757009933,11.3
EMP037,2026-01-06,0.1394237079308439,10.3
EMP037,2026-01-07,0.13814173742164915,10.7
EMP037,2026-01-08,0.13726756478432744,11.0
EMP037,2026-01-09,0.14213427627433411,9.5
EMP037,2026-01-10,0.13240078947595757,12.6
EMP037,2026-01-11,0.06572125464606154,34.0
EMP037,2026-01-12,0.1380272945251168,10.8
EMP037,2026-01-13,0.13995719502185994,10.2
EMP037,2026-01-14,0.1420437323577049,9.5
EMP037,2026-01-15,0.13851619593966485,10.6
EMP037,2026-01-16,0.13957117199061736,10.3
EMP037,2026-01-17,0.08060638942187426,29.2
EMP037,2026-01-18,0.06755577736460439,33.4
EMP037,2026-01-19,0.1401468807223673,10.1
EMP037,2026-01-20,0.13512632942874603,11.7
EMP037,2026-01-21,0.14276539850851067,9.3
EMP037,2026-01-22,0.1439495815882293,8.9
EMP037,2026-01-23,0.06922396000498204,32.9
EMP037,2026-01-24,0.1322682637480157,12.6
EMP037,2026-01-25,0.0696149425095931,32.7
EMP037,2026-01-26,0.06861266599971239,33.1
EMP037,2026-01-27,0.14157126024156702,9.6
EMP037,2026-01-28,0.1388304577971894,10.5
EMP037,2026-01-29,0.13575072664036314,11.5
EMP037,2026-01-30,0.14055749444894117,10.0
EMP037,2026-01-31,0.1321289431412302,12.7
EMP037,2026-02-01,0.06870727469234178,33.0
EMP037,2026-02-02,0.13540368506598838,11.6
EMP037,2026-02-03,0.13531559152618194,11.7
EMP037,2026-02-04,0.1407888431917052,9.9
EMP037,2026-02-05,0.13726569549129725,11.0
EMP037,2026-02-06,0.13724044607214902,11.0
EMP037,2026-02-07,0.1350654505395545,11.7
EMP037,2026-02-08,0.06727601017324347,33.5
EMP037,2026-02-09,0.13893887117822173,10.5
EMP037,2026-02-10,0.13850319802506222,10.6
EMP037,2026-02-11,0.13819215377198174,10.7
EMP037,2026-02-12,0.1383157239753126,10.7
EMP037,2026-02-13,0.13409453182936698,12.0
EMP037,2026-02-14,0.12792929701595984,14.0
EMP037,2026-02-15,0.062317314375658905,35.1
EMP037,2026-02-16,0.13620598491349306,11.4
EMP037,2026-02-17,0.1300601193915885,13.3
EMP037,2026-02-18,0.137702874763586,10.9
EMP037,2026-02-19,0.1352580347815977,11.7
EMP037,2026-02-20,0.13642782376805018,11.3
EMP037,2026-02-21,0.12945354771814105,13.5
EMP037,2026-02-22,0.06020874425191919,35.8
EMP037,2026-02-23,0.13221088643173567,12.7
EMP037,2026-02-24,0.12726535268850786,14.2
EMP037,2026-02-25,0.13611832961145365,11.4
EMP037,2026-02-26,0.13048072114122444,13.2
EMP037,2026-02-27,0.12689348055067307,14.4
EMP037,2026-02-28,0.12900531027599743,13.7
EMP037,2026-03-01,0.05996449941740878,35.8
EMP037,2026-03-02,0.05936533332265387,36.0
EMP037,2026-03-03,0.12429210028370352,15.2
EMP037,2026-03-04,0.13272312510550227,12.5
EMP037,2026-03-05,0.1317431935252591,12.8
EMP037,2026-03-06,0.12611617482600374,14.6
EMP037,2026-03-07,0.12159529431425214,16.1
EMP037,2026-03-08,0.05197167115457474,38.4
EMP037,2026-03-09,0.12203990022194072,15.9
EMP037,2026-03-10,0.1251837545810195,14.9
EMP037,2026-03-11,0.10589741511329265,21.1
EMP037,2026-03-12,0.12067418311304395,16.4
EMP037,2026-03-13,0.1267540689140177,14.4
EMP037,2026-03-14,0.11368945071982511,18.6
EMP037,2026-03-15,0.048968873460315254,39.4
EMP037,2026-03-16,0.1227029044477082,15.7
EMP037,2026-03-17,0.12064140331600931,16.4
EMP037,2026-03-18,0.11803938645486889,17.2
EMP037,2026-03-19,0.12238377669556028,15.8
EMP037,2026-03-20,0.12223558730370815,15.9
EMP037,2026-03-21,0.11005427780640858,19.8
EMP037,2026-03-22,0.043739850462776286,41.0
EMP037,2026-03-23,0.12039583309821167,16.4
EMP037,2026-03-24,0.11527518172012258,18.1
EMP037,2026-03-25,0.11667745396983348,17.6
EMP037,2026-03-26,0.10297551915176939,22.0
EMP037,2026-03-27,0.10919201695058928,20.0
EMP037,2026-03-28,0.1048790769542251,21.4
EMP037,2026-03-29,0.03519202278300926,43.8
EMP037,2026-03-30,0.10169006909564438,22.4
EMP037,2026-03-31,0.09495237437676218,24.6
EMP038,2026-01-01,0.08640800261488046,27.3
EMP038,2026-01-02,0.14977363148850237,7.0
EMP038,2026-01-03,0.15107630663429705,6.6
EMP038,2026-01-04,0.08940658214432468,26.4
EMP038,2026-01-05,0.14926475121433308,7.2
EMP038,2026-01-06,0.1565860700693114,4.8
EMP038,2026-01-07,0.15367998667183813,5.8
EMP038,2026-01-08,0.15446715679066264,5.5
EMP038,2026-01-09,0.15900892774236042,4.1
EMP038,2026-01-10,0.15396046250527728,5.7
EMP038,2026-01-11,0.09486255114210573,24.6
EMP038,2026-01-12,0.15527907750750652,5.2
EMP038,2026-01-13,0.15424774795418322,5.6
EMP038,2026-01-14,0.15826701417437972,4.3
EMP038,2026-01-15,0.1564534483782204,4.9
EMP038,2026-01-16,0.15608089308121426,5.0
EMP038,2026-01-17,0.1510527546519682,6.6
EMP038,2026-01-18,0.0966897982783867,24.0
EMP038,2026-01-19,0.15726099455090836,4.6
EMP038,2026-01-20,0.15212896516992758,6.3
EMP038,2026-01-21,0.15865352060100135,4.2
EMP038,2026-01-22,0.1561235260039599,5.0
EMP038,2026-01-23,0.1574623367686967,4.5
EMP038,2026-01-24,0.1524911601691034,6.1
EMP038,2026-01-25,0.09939816964847503,23.2
EMP038,2026-01-26,0.09886394002679355,23.3
EMP038,2026-01-27,0.15322563965734248,5.9
EMP038,2026-01-28,0.15438489471025024,5.5
EMP038,2026-01-29,0.14530866789392755,8.4
EMP038,2026-01-30,0.1533788108969758,5.9
EMP038,2026-01-31,0.1534232934266328,5.8
EMP038,2026-02-01,0.0973434371832646,23.8
EMP038,2026-02-02,0.14097778560277652,9.8
EMP038,2026-02-03,0.1491507188849635,7.2
EMP038,2026-02-04,0.14973371169193211,7.0
EMP038,2026-02-05,0.14488446136129057,8.6
EMP038,2026-02-06,0.1544666901546734,5.5
EMP038,2026-02-07,0.14899366146804677,7.3
EMP038,2026-02-08,0.09491385252787549,24.6
EMP038,2026-02-09,0.15077835225928826,6.7
EMP038,2026-02-10,0.15368588568020164,5.8
EMP038,2026-02-11,0.09282276550921059,25.3
EMP038,2026-02-12,0.14770533602002278,7.7
EMP038,2026-02-13,0.15149050619759485,6.5
EMP038,2026-02-14,0.14524325048959386,8.5
EMP038,2026-02-15,0.0910346132830952,25.9
EMP038,2026-02-16,0.15082415694130258,6.7
EMP038,2026-02-17,0.15045662137983729,6.8
EMP038,2026-02-18,0.15338870750714595,5.9
EMP038,2026-02-19,0.15249268214425465,6.1
EMP038,2026-02-20,0.14757820897570773,7.7
EMP038,2026-02-21,0.14616585549443029,8.2
EMP038,2026-02-22,0.08844901691443158,26.7
EMP038,2026-02-23,0.1472810479726991,7.8
EMP038,2026-02-24,0.14709129653248582,7.9
EMP038,2026-02-25,0.15025375474046393,6.9
EMP038,2026-02-26,0.1528681847444362,6.0
EMP038,2026-02-27,0.14381116499149793,8.9
EMP038,2026-02-28,0.14688580959438063,7.9
EMP038,2026-03-01,0.08762824537049513,27.0
EMP038,2026-03-02,0.08684271720568254,27.2
EMP038,2026-03-03,0.14016695433648152,10.1
EMP038,2026-03-04,0.14509967703331744,8.5
EMP038,2026-03-05,0.1314035839654043,12.9
EMP038,2026-03-06,0.13925018926011729,10.4
EMP038,2026-03-07,0.13814761567905776,10.7
EMP038,2026-03-08,0.07983848166517282,29.5
EMP038,2026-03-09,0.13955697193317784,10.3
EMP038,2026-03-10,0.14055037081724814,10.0
EMP038,2026-03-11,0.14115643910494674,9.8
EMP038,2026-03-12,0.1409283360433508,9.9
EMP038,2026-03-13,0.14150477605358552,9.7
EMP038,2026-03-14,0.1355309229383389,11.6
EMP038,2026-03-15,0.07513716361995659,31.0
EMP038,2026-03-16,0.1381110212205715,10.8
EMP038,2026-03-17,0.13344578248950806,12.3
EMP038,2026-03-18,0.135424731307624,11.6
EMP038,2026-03-19,0.13351910371229309,12.2
EMP038,2026-03-20,0.07176352341676306,32.0
EMP038,2026-03-21,0.12902770499109562,13.7
EMP038,2026-03-22,0.07006006890348354,32.6
EMP038,2026-03-23,0.13528679173286035,11.7
EMP038,2026-03-24,0.13234262672616764,12.6
EMP038,2026-03-25,0.12255436790989388,15.7
EMP038,2026-03-26,0.11710924502214609,17.5
EMP038,2026-03-27,0.1213280158365378,16.1
EMP038,2026-03-28,0.12481210720008928,15.0
EMP038,2026-03-29,0.0649981327546919,34.2
EMP038,2026-03-30,0.061882844992925734,35.2
EMP038,2026-03-31,0.11749877032563827,17.4
EMP039,2026-01-01,0.078934285193837,29.7
EMP039,2026-01-02,0.1430608809288475,9.2
EMP039,2026-01-03,0.14149590877643803,9.7
EMP039,2026-01-04,0.08217195273855327,28.7
EMP039,2026-01-05,0.14763129758245852,7.7
EMP039,2026-01-06,0.1459493783436312,8.2
EMP039,2026-01-07,0.14936312967295984,7.1
EMP039,2026-01-08,0.1514337914697581,6.5
EMP039,2026-01-09,0.08799398799118197,26.8
EMP039,2026-01-10,0.13761885484086123,10.9
EMP039,2026-01-11,0.08939384900352582,26.4
EMP039,2026-01-12,0.15366073868196084,5.8
EMP039,2026-01-13,0.15115249141224274,6.6
EMP039,2026-01-14,0.15127771271329382,6.5
EMP039,2026-01-15,0.15050202350373298,6.8
EMP039,2026-01-16,0.15106274495393052,6.6
EMP039,2026-01-17,0.14244249831029693,9.4
EMP039,2026-01-18,0.08999465220373776,26.2
EMP039,2026-01-19,0.14859878090754158,7.4
EMP039,2026-01-20,0.15451399505901353,5.5
EMP039,2026-01-21,0.15092226318875807,6.6
EMP039,2026-01-22,0.15494092942762927,5.4
EMP039,2026-01-23,0.15299431587424484,6.0
EMP039,2026-01-24,0.14368348615045134,9.0
EMP039,2026-01-25,0.09263451612729995,25.3
EMP039,2026-01-26,0.09178843055438335,25.6
EMP039,2026-01-27,0.15256495573943535,6.1
EMP039,2026-01-28,0.14900437313463388,7.3
EMP039,2026-01-29,0.14992120455433833,7.0
EMP039,2026-01-30,0.14902126295564938,7.3
EMP039,2026-01-31,0.13967366567603556,10.3
EMP039,2026-02-01,0.09140681416567231,25.7
EMP039,2026-02-02,0.0897201107620848,26.3
EMP039,2026-02-03,0.15111599903020584,6.6
EMP039,2026-02-04,0.15110300536910526,6.6
EMP039,2026-02-05,0.1376082476769545,10.9
EMP039,2026-02-06,0.1469552611039756,7.9
EMP039,2026-02-07,0.13954824870976112,10.3
EMP039,2026-02-08,0.08868130879303265,26.6
EMP039,2026-02-09,0.1472220082496969,7.8
EMP039,2026-02-10,0.10905178264261195,20.1
EMP039,2026-02-11,0.1493488644518835,7.2
EMP039,2026-02-12,0.14896293107584807,7.3
EMP039,2026-02-13,0.14911324196684245,7.2
EMP039,2026-02-14,0.132287637645712,12.6
EMP039,2026-02-15,0.0842494256265694,28.0
EMP039,2026-02-16,0.1457657065087659,8.3
EMP039,2026-02-17,0.1464285495878408,8.1
EMP039,2026-02-18,0.14580463933381838,8.3
EMP039,2026-02-19,0.1437201719931559,9.0
EMP039,2026-02-20,0.13236605162206472,12.6
EMP039,2026-02-21,0.13890265698417514,10.5
EMP039,2026-02-22,0.08270775297147948,28.5
EMP039,2026-02-23,0.14685122781106608,8.0
EMP039,2026-02-24,0.13133472053999007,12.9
EMP039,2026-02-25,0.14368634102211048,9.0
EMP039,2026-02-26,0.13718786195755206,11.1
EMP039,2026-02-27,0.14554516027255732,8.4
EMP039,2026-02-28,0.1368448227363826,11.2
EMP039,2026-03-01,0.08295939968093391,28.5
EMP039,2026-03-02,0.08226702270706587,28.7
EMP039,2026-03-03,0.13983379551358555,10.2
EMP039,2026-03-04,0.13997908481592292,10.2
EMP039,2026-03-05,0.14238634915432563,9.4
EMP039,2026-03-06,0.1341726075331977,12.0
EMP039,2026-03-07,0.12823215903579993,13.9
EMP039,2026-03-08,0.07473137104026428,31.1
EMP039,2026-03-09,0.13677811175565463,11.2
EMP039,2026-03-10,0.13192438389908634,12.7
EMP039,2026-03-11,0.13638234233853935,11.3
EMP039,2026-03-12,0.0720475331353232,32.0
EMP039,2026-03-13,0.13288349450793685,12.4
EMP039,2026-03-14,0.12581027959531893,14.7
EMP039,2026-03-15,0.07069754869127037,32.4
EMP039,2026-03-16,0.13518715301500606,11.7
EMP039,2026-03-17,0.12855548376217296,13.8
EMP039,2026-03-18,0.1322169606146188,12.6
EMP039,2026-03-19,0.06800660049008234,33.2
EMP039,2026-03-20,0.12431957835370894,15.2
EMP039,2026-03-21,0.12145947065873575,16.1
EMP039,2026-03-22,0.06678626246937597,33.6
EMP039,2026-03-23,0.12580123961639433,14.7
EMP039,2026-03-24,0.12931841440138048,13.6
EMP039,2026-03-25,0.1250859697628885,14.9
EMP039,2026-03-26,0.124754259126297,15.0
EMP039,2026-03-27,0.12244920206401799,15.8
EMP039,2026-03-28,0.1179077254785072,17.2
EMP039,2026-03-29,0.06000082337990564,35.8
EMP039,2026-03-30,0.11747649345127587,17.4
EMP039,2026-03-31,0.11037006924954418,19.7
EMP040,2026-01-01,0.06763094131720854,33.4
EMP040,2026-01-02,0.13242531859354068,12.6
EMP040,2026-01-03,0.14102842596120574,9.8
EMP040,2026-01-04,0.06814937380044139,33.2
EMP040,2026-01-05,0.14420031535056554,8.8
EMP040,2026-01-06,0.14256803915468952,9.3
EMP040,2026-01-07,0.1470284094521504,7.9
EMP040,2026-01-08,0.14540577486502015,8.4
EMP040,2026-01-09,0.1296170169222161,13.5
EMP040,2026-01-10,0.13847007965835,10.6
EMP040,2026-01-11,0.0760498535584182,30.7
EMP040,2026-01-12,0.14700389175924505,7.9
EMP040,2026-01-13,0.07685173020067176,30.4
EMP040,2026-01-14,0.14704171337341354,7.9
EMP040,2026-01-15,0.14397208456085253,8.9
EMP040,2026-01-16,0.14836834121060755,7.5
EMP040,2026-01-17,0.14194104887038783,9.5
EMP040,2026-01-18,0.0784694139317817,29.9
EMP040,2026-01-19,0.1498814378903353,7.0
EMP040,2026-01-20,0.1461039620230255,8.2
EMP040,2026-01-21,0.14864988242379834,7.4
EMP040,2026-01-22,0.14551705071928694,8.4
EMP040,2026-01-23,0.1436313122876663,9.0
EMP040,2026-01-24,0.1424005407774323,9.4
EMP040,2026-01-25,0.08054822735302597,29.2
EMP040,2026-01-26,0.07946764189366584,29.6
EMP040,2026-01-27,0.14788327846087074,7.6
EMP040,2026-01-28,0.1457524236746131,8.3
EMP040,2026-01-29,0.14713990147988715,7.9
EMP040,2026-01-30,0.14226499812612137,9.4
EMP040,2026-01-31,0.14259131790898816,9.3
EMP040,2026-02-01,0.07911228571515783,29.7
EMP040,2026-02-02,0.13720620322072985,11.0
EMP040,2026-02-03,0.14403604860253555,8.9
EMP040,2026-02-04,0.14426196458920376,8.8
EMP040,2026-02-05,0.14230182735775188,9.4
EMP040,2026-02-06,0.14280865973287693,9.3
EMP040,2026-02-07,0.13778440723974134,10.9
EMP040,2026-02-08,0.07784340748461699,30.1
EMP040,2026-02-09,0.14507603922793005,8.5
EMP040,2026-02-10,0.1418386843493748,9.6
EMP040,2026-02-11,0.14234003181740323,9.4
EMP040,2026-02-12,0.139868605351743,10.2
EMP040,2026-02-13,0.14415865808559847,8.8
EMP040,2026-02-14,0.13597589790958092,11.4
EMP040,2026-02-15,0.07329912100245228,31.6
EMP040,2026-02-16,0.14054440057134965,10.0
EMP040,2026-02-17,0.13675904917453813,11.2
EMP040,2026-02-18,0.1415516210466609,9.7
EMP040,2026-02-19,0.13608964837807142,11.4
EMP040,2026-02-20,0.1331892572049167,12.3
EMP040,2026-02-21,0.13574145784223163,11.5
EMP040,2026-02-22,0.07083308762376661,32.3
EMP040,2026-02-23,0.13537457965423144,11.6
EMP040,2026-02-24,0.1358791349641893,11.5
EMP040,2026-02-25,0.13724021804200698,11.0
EMP040,2026-02-26,0.12156713390891771,16.1
EMP040,2026-02-27,0.13181643643279106,12.8
EMP040,2026-02-28,0.13170496081650007,12.8
EMP040,2026-03-01,0.07042602219322552,32.5
EMP040,2026-03-02,0.06973592914911497,32.7
EMP040,2026-03-03,0.13247776141913348,12.6
EMP040,2026-03-04,0.13350664177542082,12.2
EMP040,2026-03-05,0.13191455483319264,12.7
EMP040,2026-03-06,0.13467281353472949,11.9
EMP040,2026-03-07,0.12778509490625733,14.1
EMP040,2026-03-08,0.062073465507629655,35.2
EMP040,2026-03-09,0.1278906762645608,14.0
EMP040,2026-03-10,0.12213191471450136,15.9
EMP040,2026-03-11,0.06077176429930564,35.6
EMP040,2026-03-12,0.1267345828077388,14.4
EMP040,2026-03-13,0.12638805579311296,14.5
EMP040,2026-03-14,0.11756827768862538,17.3
EMP040,2026-03-15,0.05832216853802208,36.4
EMP040,2026-03-16,0.12943235493522032,13.5
EMP040,2026-03-17,0.1237600231439972,15.4
EMP040,2026-03-18,0.12363262827778931,15.4
EMP040,2026-03-19,0.12263375201701254,15.7
EMP040,2026-03-20,0.12227619296319131,15.8
EMP040,2026-03-21,0.1133652719479169,18.7
EMP040,2026-03-22,0.053302369052551146,38.0
EMP040,2026-03-23,0.12032365830071906,16.5
EMP040,2026-03-24,0.11455592365795003,18.3
EMP040,2026-03-25,0.11682432447924318,17.6
EMP040,2026-03-26,0.11822123855766414,17.1
EMP040,2026-03-27,0.10719283711899519,20.7
EMP040,2026-03-28,0.10938557260789411,20.0
EMP040,2026-03-29,0.044838450991394496,40.7
EMP040,2026-03-30,0.04172410615860089,41.7
EMP040,2026-03-31,0.10216712905907482,22.3
EMP041,2026-01-01,0.08692415308806817,27.2
EMP041,2026-01-02,0.14910680605073257,7.2
EMP041,2026-01-03,0.14513334161106695,8.5
EMP041,2026-01-04,0.08988215393524007,26.2
EMP041,2026-01-05,0.15742779260214895,4.6
EMP041,2026-01-06,0.15603531629416045,5.0
EMP041,2026-01-07,0.15236787967554805,6.2
EMP041,2026-01-08,0.15918293478488987,4.0
EMP041,2026-01-09,0.15988665776728045,3.8
EMP041,2026-01-10,0.14720168533466127,7.8
EMP041,2026-01-11,0.09665963299702957,24.1
EMP041,2026-01-12,0.15744860347262102,4.6
EMP041,2026-01-13,0.15929659646786265,4.0
EMP041,2026-01-14,0.15545134849008796,5.2
EMP041,2026-01-15,0.15912598905250286,4.0
EMP041,2026-01-16,0.1600517398428557,3.7
EMP041,2026-01-17,0.1517321230740024,6.4
EMP041,2026-01-18,0.09810375233617685,23.6
EMP041,2026-01-19,0.1575058826977841,4.5
EMP041,2026-01-20,0.1551337542439058,5.3
EMP041,2026-01-21,0.15898106883982754,4.1
EMP041,2026-01-22,0.1598535686587475,3.8
EMP041,2026-01-23,0.14467739167189253,8.7
EMP041,2026-01-24,0.14631307713998837,8.1
EMP041,2026-01-25,0.10056610325229143,22.8
EMP041,2026-01-26,0.09987315380532313,23.0
EMP041,2026-01-27,0.1549285016729688,5.4
EMP041,2026-01-28,0.15668032964757272,4.8
EMP041,2026-01-29,0.15522124581991859,5.3
EMP041,2026-01-30,0.1409383962276302,9.9
EMP041,2026-01-31,0.14424534825098378,8.8
EMP041,2026-02-01,0.09864360351692258,23.4
EMP041,2026-02-02,0.15209819826769944,6.3
EMP041,2026-02-03,0.15174615802433505,6.4
EMP041,2026-02-04,0.15230020372061465,6.2
EMP041,2026-02-05,0.15499834686388453,5.3
EMP041,2026-02-06,0.153066401314779,6.0
EMP041,2026-02-07,0.14889883260063114,7.3
EMP041,2026-02-08,0.09600413587895418,24.3
EMP041,2026-02-09,0.15238172327009686,6.2
EMP041,2026-02-10,0.1546514396294627,5.5
EMP041,2026-02-11,0.1521521880254441,6.3
EMP041,2026-02-12,0.15317459766832975,5.9
EMP041,2026-02-13,0.09377047792211635,25.0
EMP041,2026-02-14,0.14561517627422083,8.4
EMP041,2026-02-15,0.0919467343328978,25.6
EMP041,2026-02-16,0.09222960486358917,25.5
EMP041,2026-02-17,0.09217713116778486,25.5
EMP041,2026-02-18,0.15241262910673964,6.2
EMP041,2026-02-19,0.15035411263989962,6.8
EMP041,2026-02-20,0.14963295787378467,7.1
EMP041,2026-02-21,0.14074965563788466,9.9
EMP041,2026-02-22,0.08947249459151868,26.4
EMP041,2026-02-23,0.08853975183339685,26.7
EMP041,2026-02-24,0.1514220569193085,6.5
EMP041,2026-02-25,0.152175674399404,6.2
EMP041,2026-02-26,0.14713473960327822,7.9
EMP041,2026-02-27,0.14810561684792312,7.6
EMP041,2026-02-28,0.14521641010579733,8.5
EMP041,2026-03-01,0.08939625032930293,26.4
EMP041,2026-03-02,0.08873452816114796,26.6
EMP041,2026-03-03,0.08717212147985925,27.1
EMP041,2026-03-04,0.1460866554933538,8.2
EMP041,2026-03-05,0.14639938808782876,8.1
EMP041,2026-03-06,0.14451969183558772,8.7
EMP041,2026-03-07,0.13974147454671032,10.2
EMP041,2026-03-08,0.08014812642068231,29.4
EMP041,2026-03-09,0.1399098457858189,10.2
EMP041,2026-03-10,0.13943120401159753,10.3
EMP041,2026-03-11,0.14025034236881373,10.1
EMP041,2026-03-12,0.140055997418779,10.1
EMP041,2026-03-13,0.13700520067654387,11.1
EMP041,2026-03-14,0.12801977659460317,14.0
EMP041,2026-03-15,0.07434392327411588,31.2
EMP041,2026-03-16,0.13417960133137463,12.0
EMP041,2026-03-17,0.13800254393748235,10.8
EMP041,2026-03-18,0.13638905439309923,11.3
EMP041,2026-03-19,0.13586093526125637,11.5
EMP041,2026-03-20,0.13227917115924154,12.6
EMP041,2026-03-21,0.12390771984416127,15.3
EMP041,2026-03-22,0.07067163183182873,32.4
EMP041,2026-03-23,0.13434461460012403,12.0
EMP041,2026-03-24,0.13131727708425633,12.9
EMP041,2026-03-25,0.1269109336075268,14.4
EMP041,2026-03-26,0.12713162771867353,14.3
EMP041,2026-03-27,0.12525322365249036,14.9
EMP041,2026-03-28,0.12417172292522555,15.2
EMP041,2026-03-29,0.06436480339396539,34.4
EMP041,2026-03-30,0.06153327994676039,35.3
EMP041,2026-03-31,0.11867540004574917,17.0
EMP042,2026-01-01,0.07966427639773083,29.5
EMP042,2026-01-02,0.14458761279161808,8.7
EMP042,2026-01-03,0.14932770579487298,7.2
EMP042,2026-01-04,0.08230655374070245,28.7
EMP042,2026-01-05,0.14711959096404803,7.9
EMP042,2026-01-06,0.14490958160444628,8.6
EMP042,2026-01-07,0.14753092278410818,7.7
EMP042,2026-01-08,0.14440012482803288,8.7
EMP042,2026-01-09,0.15055993616748053,6.8
EMP042,2026-01-10,0.1468868083836401,7.9
EMP042,2026-01-11,0.08639240743691162,27.4
EMP042,2026-01-12,0.1499603476601885,7.0
EMP042,2026-01-13,0.12340244324405475,15.5
EMP042,2026-01-14,0.15311990184811863,5.9
EMP042,2026-01-15,0.15487373493549023,5.4
EMP042,2026-01-16,0.1501969653799361,6.9
EMP042,2026-01-17,0.14610693266079489,8.2
EMP042,2026-01-18,0.08920684689473984,26.4
EMP042,2026-01-19,0.15144087800549683,6.5
EMP042,2026-01-20,0.1514704948297409,6.5
EMP042,2026-01-21,0.15439138703828026,5.5
EMP042,2026-01-22,0.14725733681989273,7.8
EMP042,2026-01-23,0.14911423067208868,7.2
EMP042,2026-01-24,0.15045036179877785,6.8
EMP042,2026-01-25,0.09191269870681151,25.6
EMP042,2026-01-26,0.0914685537065763,25.7
EMP042,2026-01-27,0.1474670147667011,7.8
EMP042,2026-01-28,0.149232191312053,7.2
EMP042,2026-01-29,0.14595841388928188,8.2
EMP042,2026-01-30,0.1451565423540238,8.5
EMP042,2026-01-31,0.14707618618115087,7.9
EMP042,2026-02-01,0.09080845902329698,25.9
EMP042,2026-02-02,0.13980800358489626,10.2
EMP042,2026-02-03,0.09085880159278265,25.9
EMP042,2026-02-04,0.15028351842753618,6.9
EMP042,2026-02-05,0.14544688703906927,8.4
EMP042,2026-02-06,0.14696138120234342,7.9
EMP042,2026-02-07,0.14681885750338963,8.0
EMP042,2026-02-08,0.08960825625286634,26.3
EMP042,2026-02-09,0.14517418975005159,8.5
EMP042,2026-02-10,0.14465676203470157,8.7
EMP042,2026-02-11,0.14528808801153564,8.5
EMP042,2026-02-12,0.14911898511584643,7.2
EMP042,2026-02-13,0.14523276164229987,8.5
EMP042,2026-02-14,0.1478168910644752,7.6
EMP042,2026-02-15,0.08505433619138064,27.8
EMP042,2026-02-16,0.14505065178922255,8.5
EMP042,2026-02-17,0.14628530898441217,8.1
EMP042,2026-02-18,0.15005269613136563,6.9
EMP042,2026-02-19,0.14865259668356023,7.4
EMP042,2026-02-20,0.14568839260666577,8.3
EMP042,2026-02-21,0.14366488881382034,9.0
EMP042,2026-02-22,0.08222246164316416,28.7
EMP042,2026-02-23,0.08103289031881683,29.1
EMP042,2026-02-24,0.14591022810563564,8.3
EMP042,2026-02-25,0.14537301361969668,8.4
EMP042,2026-02-26,0.13991213174735273,10.2
EMP042,2026-02-27,0.13959592599553855,10.3
EMP042,2026-02-28,0.14231869883698584,9.4
EMP042,2026-03-01,0.08117529162808246,29.0
EMP042,2026-03-02,0.08050127462626105,29.2
EMP042,2026-03-03,0.13153705524886827,12.9
EMP042,2026-03-04,0.14460382196843868,8.7
EMP042,2026-03-05,0.13872254076993118,10.6
EMP042,2026-03-06,0.1381441523360169,10.7
EMP042,2026-03-07,0.13813828062769223,10.7
EMP042,2026-03-08,0.07346793417727365,31.5
EMP042,2026-03-09,0.135237645271077,11.7
EMP042,2026-03-10,0.13322814054221016,12.3
EMP042,2026-03-11,0.1374837241272815,11.0
EMP042,2026-03-12,0.13842285366822932,10.7
EMP042,2026-03-13,0.13679630533593057,11.2
EMP042,2026-03-14,0.1308914549532615,13.1
EMP042,2026-03-15,0.06930311828111307,32.8
EMP042,2026-03-16,0.1319808651511814,12.7
EMP042,2026-03-17,0.13470943083443826,11.8
EMP042,2026-03-18,0.13067505413238895,13.1
EMP042,2026-03-19,0.11844295214653289,17.1
EMP042,2026-03-20,0.13100303456648005,13.0
EMP042,2026-03-21,0.12391888632520492,15.3
EMP042,2026-03-22,0.06522650719619238,34.1
EMP042,2026-03-23,0.12569138073543012,14.7
EMP042,2026-03-24,0.12583567943115997,14.7
EMP042,2026-03-25,0.12013255212791069,16.5
EMP042,2026-03-26,0.12213237348949874,15.9
EMP042,2026-03-27,0.06253007521632115,35.0
EMP042,2026-03-28,0.1211536172033354,16.2
EMP042,2026-03-29,0.05996293548112008,35.8
EMP042,2026-03-30,0.10507596734266261,21.4
EMP042,2026-03-31,0.11420001847137384,18.4
EMP043,2026-01-01,0.05629208343284742,37.0
EMP043,2026-01-02,0.08640457630258042,27.3
EMP043,2026-01-03,0.09606191861832702,24.2
EMP043,2026-01-04,0.02582432206540486,46.8
EMP043,2026-01-05,0.08960239985141155,26.3
EMP043,2026-01-06,0.0865832662672234,27.3
EMP043,2026-01-07,0.082421714985003,28.6
EMP043,2026-01-08,0.09091737271356654,25.9
EMP043,2026-01-09,0.0935937054976883,25.0
EMP043,2026-01-10,0.07886547634519997,29.8
EMP043,2026-01-11,0.030178785149070575,45.4
EMP043,2026-01-12,0.09744680976864784,23.8
EMP043,2026-01-13,0.10549525368032314,21.2
EMP043,2026-01-14,0.10346121729068042,21.9
EMP043,2026-01-15,0.11381911423922725,18.6
EMP043,2026-01-16,0.11388602794492064,18.5
EMP043,2026-01-17,0.09885663061716948,23.4
EMP043,2026-01-18,0.038191593015251324,42.8
EMP043,2026-01-19,0.09898242413321023,23.3
EMP043,2026-01-20,0.10934928758821666,20.0
EMP043,2026-01-21,0.10862074265598665,20.2
EMP043,2026-01-22,0.10553343814201022,21.2
EMP043,2026-01-23,0.10765906690586302,20.5
EMP043,2026-01-24,0.08972580951677517,26.3
EMP043,2026-01-25,0.03858235597403464,42.7
EMP043,2026-01-26,0.034433817617344264,44.0
EMP043,2026-01-27,0.10789979816841966,20.5
EMP043,2026-01-28,0.10714108054400284,20.7
EMP043,2026-01-29,0.07269375486422391,31.7
EMP043,2026-01-30,0.09940542425692456,23.2
EMP043,2026-01-31,0.08946313534967926,26.4
EMP043,2026-02-01,0.03112927348145933,45.1
EMP043,2026-02-02,0.09371216824131678,25.0
EMP043,2026-02-03,0.10065439081939848,22.8
EMP043,2026-02-04,0.02758879070454623,46.2
EMP043,2026-02-05,0.10453438263762771,21.5
EMP043,2026-02-06,0.09874013844649837,23.4
EMP043,2026-02-07,0.04855619053944066,39.5
EMP043,2026-02-08,0.02966846271646506,45.5
EMP043,2026-02-09,0.08837750464545813,26.7
EMP043,2026-02-10,0.10364814391973409,21.8
EMP043,2026-02-11,0.1046279671870321,21.5
EMP043,2026-02-12,0.0964946203666664,24.1
EMP043,2026-02-13,0.106105691397541,21.0
EMP043,2026-02-14,0.09715789621767218,23.9
EMP043,2026-02-15,0.027440444891017823,46.3
EMP043,2026-02-16,0.10424629607943103,21.6
EMP043,2026-02-17,0.028437838866133935,45.9
EMP043,2026-02-18,0.08929405411855784,26.4
EMP043,2026-02-19,0.08961094439708023,26.3
EMP043,2026-02-20,0.09370392170481184,25.0
EMP043,2026-02-21,0.07638766803855385,30.6
EMP043,2026-02-22,0.024485474424780995,47.2
EMP043,2026-02-23,0.09378766280964063,25.0
EMP043,2026-02-24,0.09090226632105286,25.9
EMP043,2026-02-25,0.1018549468791497,22.4
EMP043,2026-02-26,0.07885599134847632,29.8
EMP043,2026-02-27,0.08437051360679027,28.0
EMP043,2026-02-28,0.0896915716510136,26.3
EMP043,2026-03-01,0.019057748289809107,49.0
EMP043,2026-03-02,0.01719406563036885,49.6
EMP043,2026-03-03,0.0720642128173134,31.9
EMP043,2026-03-04,0.08281048572403571,28.5
EMP043,2026-03-05,0.09090700791832257,25.9
EMP043,2026-03-06,0.09543693135712189,24.4
EMP043,2026-03-07,0.03562745187563421,43.6
EMP043,2026-03-08,0.017855250369911646,49.3
EMP043,2026-03-09,0.07507784473607326,31.0
EMP043,2026-03-10,0.09210054376494242,25.5
EMP043,2026-03-11,0.08329838290630298,28.3
EMP043,2026-03-12,0.08817600121903535,26.8
EMP043,2026-03-13,0.09266440350291039,25.3
EMP043,2026-03-14,0.07666344837100708,30.5
EMP043,2026-03-15,0.018467655359402424,49.1
EMP043,2026-03-16,0.0811052658377136,29.0
EMP043,2026-03-17,0.09636875584286503,24.1
EMP043,2026-03-18,0.08625146267315914,27.4
EMP043,2026-03-19,0.0907979075926843,25.9
EMP043,2026-03-20,0.07786782832166755,30.1
EMP043,2026-03-21,0.06559595034168042,34.0
EMP043,2026-03-22,0.01618648757794272,49.9
EMP043,2026-03-23,0.014860826718728681,50.3
EMP043,2026-03-24,0.05831900200251505,36.4
EMP043,2026-03-25,0.04387655164872356,41.0
EMP043,2026-03-26,0.03354972640550713,44.3
EMP043,2026-03-27,0.06438983190211883,34.4
EMP043,2026-03-28,0.07464184500466098,31.1
EMP043,2026-03-29,0.007445374610306255,52.7
EMP043,2026-03-30,0.032131758093965845,44.8
EMP043,2026-03-31,0.020147825895833193,48.6
EMP044,2026-01-01,0.06185097841487602,35.2
EMP044,2026-01-02,0.11504045620283343,18.2
EMP044,2026-01-03,0.1081779871955964,20.4
EMP044,2026-01-04,0.03739461563676039,43.1
EMP044,2026-01-05,0.10318037257933244,22.0
EMP044,2026-01-06,0.1078421898123868,20.5
EMP044,2026-01-07,0.09094943987370169,25.9
EMP044,2026-01-08,0.11580593958288504,17.9
EMP044,2026-01-09,0.11737403386467615,17.4
EMP044,2026-01-10,0.0928252562453134,25.3
EMP044,2026-01-11,0.04564563405434746,40.4
EMP044,2026-01-12,0.12002872785593921,16.6
EMP044,2026-01-13,0.11157763485373662,19.3
EMP044,2026-01-14,0.13127859476704967,12.9
EMP044,2026-01-15,0.13169006124466642,12.8
EMP044,2026-01-16,0.11737553336881479,17.4
EMP044,2026-01-17,0.09941557584586286,23.2
EMP044,2026-01-18,0.047852144480521164,39.7
EMP044,2026-01-19,0.13138140948757354,12.9
EMP044,2026-01-20,0.13190992962820253,12.7
EMP044,2026-01-21,0.1236681122952446,15.4
EMP044,2026-01-22,0.1261052818170762,14.6
EMP044,2026-01-23,0.13235144841261243,12.6
EMP044,2026-01-24,0.10197564836153594,22.4
EMP044,2026-01-25,0.04779896949242801,39.7
EMP044,2026-01-26,0.0441806033956878,40.9
EMP044,2026-01-27,0.11989060540394825,16.6
EMP044,2026-01-28,0.11574026619528621,17.9
EMP044,2026-01-29,0.09600913430980401,24.3
EMP044,2026-01-30,0.0912599747162231,25.8
EMP044,2026-01-31,0.09987522484592509,23.0
EMP044,2026-02-01,0.0372989389763419,43.1
EMP044,2026-02-02,0.12224069913776087,15.8
EMP044,2026-02-03,0.12102649273989208,16.2
EMP044,2026-02-04,0.12005734491077141,16.5
EMP044,2026-02-05,0.12154534925869392,16.1
EMP044,2026-02-06,0.11142736283605792,19.3
EMP044,2026-02-07,0.08239989087390726,28.6
EMP044,2026-02-08,0.04242834526175299,41.5
EMP044,2026-02-09,0.11966093126657151,16.7
EMP044,2026-02-10,0.11049153178550908,19.6
EMP044,2026-02-11,0.04092694998999474,41.9
EMP044,2026-02-12,0.05384481413326131,37.8
EMP044,2026-02-13,0.10246654213759787,22.2
EMP044,2026-02-14,0.0918929609210748,25.6
EMP044,2026-02-15,0.03780915995050338,42.9
EMP044,2026-02-16,0.12580430922743752,14.7
EMP044,2026-02-17,0.10779773911558271,20.5
EMP044,2026-02-18,0.10700788837369107,20.7
EMP044,2026-02-19,0.11024774726354314,19.7
EMP044,2026-02-20,0.1178835427881465,17.2
EMP044,2026-02-21,0.08875446618729582,26.6
EMP044,2026-02-22,0.03589013809011232,43.6
EMP044,2026-02-23,0.11378751029103545,18.6
EMP044,2026-02-24,0.10783930387038188,20.5
EMP044,2026-02-25,0.11344654362050427,18.7
EMP044,2026-02-26,0.10451007930947581,21.5
EMP044,2026-02-27,0.11789145186805944,17.2
EMP044,2026-02-28,0.11023544226764548,19.7
EMP044,2026-03-01,0.03227729530923534,44.7
EMP044,2026-03-02,0.028426794970037417,45.9
EMP044,2026-03-03,0.11630294788651069,17.8
EMP044,2026-03-04,0.11802709750961476,17.2
EMP044,2026-03-05,0.11719695192207341,17.5
EMP044,2026-03-06,0.11981681349925521,16.6
EMP044,2026-03-07,0.07671590509136889,30.5
EMP044,2026-03-08,0.03180230096424497,44.9
EMP044,2026-03-09,0.11525944650666836,18.1
EMP044,2026-03-10,0.11217537960506152,19.1
EMP044,2026-03-11,0.11282226668191664,18.9
EMP044,2026-03-12,0.10395765200814672,21.7
EMP044,2026-03-13,0.11333831350765211,18.7
EMP044,2026-03-14,0.08286540182697871,28.5
EMP044,2026-03-15,0.028129458881701375,46.0
EMP044,2026-03-16,0.10719570522788735,20.7
EMP044,2026-03-17,0.1077242216755478,20.5
EMP044,2026-03-18,0.10162778107019232,22.5
EMP044,2026-03-19,0.10674282751083736,20.8
EMP044,2026-03-20,0.09981088311630942,23.0
EMP044,2026-03-21,0.06666432977683834,33.7
EMP044,2026-03-22,0.025713827556273494,46.8
EMP044,2026-03-23,0.10718786829007715,20.7
EMP044,2026-03-24,0.10435912102918299,21.6
EMP044,2026-03-25,0.08674609401629779,27.2
EMP044,2026-03-26,0.08864692776600186,26.6
EMP044,2026-03-27,0.05135296616555657,38.6
EMP044,2026-03-28,0.08502822855149378,27.8
EMP044,2026-03-29,0.012922173979015628,50.9
EMP044,2026-03-30,0.05264507957290848,38.2
EMP044,2026-03-31,0.08454423502714065,27.9
EMP045,2026-01-01,0.04153565724340158,41.7
EMP045,2026-01-02,0.09217097491798398,25.5
EMP045,2026-01-03,0.09976160478981871,23.1
EMP045,2026-01-04,0.010715597859875303,51.6
EMP045,2026-01-05,0.08345954400993527,28.3
EMP045,2026-01-06,0.09825981225640995,23.5
EMP045,2026-01-07,0.09454698388322086,24.7
EMP045,2026-01-08,0.020429515713303537,48.5
EMP045,2026-01-09,0.09142980365392278,25.7
EMP045,2026-01-10,0.07647694307228498,30.5
EMP045,2026-01-11,0.028870099057315857,45.8
EMP045,2026-01-12,0.10483543766900438,21.4
EMP045,2026-01-13,0.09865430371051542,23.4
EMP045,2026-01-14,0.1034697494374563,21.9
EMP045,2026-01-15,0.10359533987675584,21.8
EMP045,2026-01-16,0.10993378968043854,19.8
EMP045,2026-01-17,0.07929206310000664,29.6
EMP045,2026-01-18,0.03017054245305051,45.4
EMP045,2026-01-19,0.09175445401543275,25.6
EMP045,2026-01-20,0.09148609748432257,25.7
EMP045,2026-01-21,0.11491828696193945,18.2
EMP045,2026-01-22,0.11496610488775572,18.2
EMP045,2026-01-23,0.10641845373528791,20.9
EMP045,2026-01-24,0.09436590538132383,24.8
EMP045,2026-01-25,0.029008300433932654,45.8
EMP045,2026-01-26,0.025924520348280522,46.8
EMP045,2026-01-27,0.08445789305646134,28.0
EMP045,2026-01-28,0.06861261542787139,33.1
EMP045,2026-01-29,0.09401674227138818,24.9
EMP045,2026-01-30,0.08645480433741992,27.3
EMP045,2026-01-31,0.07919731446310552,29.7
EMP045,2026-02-01,0.024460205899189513,47.2
EMP045,2026-02-02,0.08388850668309061,28.2
EMP045,2026-02-03,0.09388784353695162,24.9
EMP045,2026-02-04,0.10024559129612504,22.9
EMP045,2026-02-05,0.0991828907401055,23.2
EMP045,2026-02-06,0.08296206590000677,28.5
EMP045,2026-02-07,0.07215113648017463,31.9
EMP045,2026-02-08,0.02170879374117396,48.1
EMP045,2026-02-09,0.09341862154509578,25.1
EMP045,2026-02-10,0.09800092059882287,23.6
EMP045,2026-02-11,0.09800336220037231,23.6
EMP045,2026-02-12,0.09645945520678889,24.1
EMP045,2026-02-13,0.022061553084470997,48.0
EMP045,2026-02-14,0.07039107461215965,32.5
EMP045,2026-02-15,0.022799601754656562,47.8
EMP045,2026-02-16,0.0993420144286209,23.2
EMP045,2026-02-17,0.08265255218420964,28.6
EMP045,2026-02-18,0.053117088705876,38.0
EMP045,2026-02-19,0.07447817898434639,31.2
EMP045,2026-02-20,0.08816306693562886,26.8
EMP045,2026-02-21,0.08093161913441166,29.1
EMP045,2026-02-22,0.01576659265810343,50.0
EMP045,2026-02-23,0.08389755108790448,28.2
EMP045,2026-02-24,0.09057901896732773,26.0
EMP045,2026-02-25,0.09069205977547207,26.0
EMP045,2026-02-26,0.09276617445627144,25.3
EMP045,2026-02-27,0.014550230818479282,50.4
EMP045,2026-02-28,0.07450370460451855,31.2
EMP045,2026-03-01,0.015921232090766235,50.0
EMP045,2026-03-02,0.013328201342168389,50.8
EMP045,2026-03-03,0.07994436989006881,29.4
EMP045,2026-03-04,0.10005751238491256,23.0
EMP045,2026-03-05,0.07916446741944982,29.7
EMP045,2026-03-06,0.08798708729137339,26.8
EMP045,2026-03-07,0.07084237492018874,32.3
EMP045,2026-03-08,0.016150180927775204,49.9
EMP045,2026-03-09,0.09525201228202224,24.5
EMP045,2026-03-10,0.08002870669750634,29.4
EMP045,2026-03-11,0.08247589912045739,28.6
EMP045,2026-03-12,0.07383720568494845,31.4
EMP045,2026-03-13,0.0703642124391019,32.5
EMP045,2026-03-14,0.05728791854513138,36.7
EMP045,2026-03-15,0.008567348331508184,52.3
EMP045,2026-03-16,0.08014748531353638,29.4
EMP045,2026-03-17,0.07164013143391823,32.1
EMP045,2026-03-18,0.08062722823511242,29.2
EMP045,2026-03-19,0.08069862692495777,29.2
EMP045,2026-03-20,0.08538495840246524,27.7
EMP045,2026-03-21,0.05861181571099422,36.3
EMP045,2026-03-22,0.00949589400742945,52.0
EMP045,2026-03-23,0.05963331202964217,35.9
EMP045,2026-03-24,0.05900663085704111,36.1
EMP045,2026-03-25,0.07542429571196424,30.9
EMP045,2026-03-26,0.03699870048998971,43.2
EMP045,2026-03-27,0.06105285548490841,35.5
EMP045,2026-03-28,0.05570948935146797,37.2
EMP045,2026-03-29,-0.001153890988264572,55.4
EMP045,2026-03-30,0.06103598520194109,35.5
EMP045,2026-03-31,0.014513222686927563,50.4
EMP046,2026-01-01,0.07447086381631496,31.2
EMP046,2026-01-02,0.137555970022173,10.9
EMP046,2026-01-03,0.12973919196110945,13.4
EMP046,2026-01-04,0.04020369032009574,42.2
EMP046,2026-01-05,0.12859922486324282,13.8
EMP046,2026-01-06,0.13548776649841066,11.6
EMP046,2026-01-07,0.12686127596379132,14.4
EMP046,2026-01-08,0.11953121036062858,16.7
EMP046,2026-01-09,0.12145002737519545,16.1
EMP046,2026-01-10,0.10860980453592811,20.2
EMP046,2026-01-11,0.05582971223260924,37.2
EMP046,2026-01-12,0.12332232649617914,15.5
EMP046,2026-01-13,0.1391336365255873,10.4
EMP046,2026-01-14,0.13155774076007282,12.9
EMP046,2026-01-15,0.12682080662798945,14.4
EMP046,2026-01-16,0.1290843386626162,13.7
EMP046,2026-01-17,0.12129885196704626,16.2
EMP046,2026-01-18,0.05372562661018676,37.8
EMP046,2026-01-19,0.13268755067585025,12.5
EMP046,2026-01-20,0.1368208627596661,11.2
EMP046,2026-01-21,0.13543750361639445,11.6
EMP046,2026-01-22,0.13783465342686457,10.8
EMP046,2026-01-23,0.13508738537764076,11.7
EMP046,2026-01-24,0.11616481985391475,17.8
EMP046,2026-01-25,0.05383569255373144,37.8
EMP046,2026-01-26,0.05204359371669853,38.4
EMP046,2026-01-27,0.11373640709354765,18.6
EMP046,2026-01-28,0.1347614171510883,11.8
EMP046,2026-01-29,0.0871932009918609,27.1
EMP046,2026-01-30,0.08539261664092213,27.7
EMP046,2026-01-31,0.10975522601534987,19.9
EMP046,2026-02-01,0.04815401675842418,39.6
EMP046,2026-02-02,0.10513932441245688,21.3
EMP046,2026-02-03,0.1198066001507988,16.6
EMP046,2026-02-04,0.12374340257010574,15.4
EMP046,2026-02-05,0.11066159562413797,19.6
EMP046,2026-02-06,0.08336499393934144,28.3
EMP046,2026-02-07,0.11180293946999337,19.2
EMP046,2026-02-08,0.0469769879616555,40.0
EMP046,2026-02-09,0.120371348281466,16.4
EMP046,2026-02-10,0.12078976166141264,16.3
EMP046,2026-02-11,0.11145317547829359,19.3
EMP046,2026-02-12,0.12432972480212151,15.2
EMP046,2026-02-13,0.1289976234270545,13.7
EMP046,2026-02-14,0.10846478481223865,20.3
EMP046,2026-02-15,0.04509915471446874,40.6
EMP046,2026-02-16,0.12593075366346956,14.7
EMP046,2026-02-17,0.13057861721651154,13.2
EMP046,2026-02-18,0.13080823829288635,13.1
EMP046,2026-02-19,0.1258929114778191,14.7
EMP046,2026-02-20,0.12929538615877162,13.6
EMP046,2026-02-21,0.049351846021411794,39.2
EMP046,2026-02-22,0.0406941016636439,42.0
EMP046,2026-02-23,0.10803983299676817,20.4
EMP046,2026-02-24,0.1224771884280324,15.8
EMP046,2026-02-25,0.12904846711577495,13.7
EMP046,2026-02-26,0.12174428243989399,16.0
EMP046,2026-02-27,0.10048000656649775,22.8
EMP046,2026-02-28,0.11270576809249533,18.9
EMP046,2026-03-01,0.04025798127272456,42.2
EMP046,2026-03-02,0.03509951878579959,43.8
EMP046,2026-03-03,0.08684438005058603,27.2
EMP046,2026-03-04,0.11664444368363258,17.6
EMP046,2026-03-05,0.12432785572840965,15.2
EMP046,2026-03-06,0.1090183272667486,20.1
EMP046,2026-03-07,0.08443055514674475,28.0
EMP046,2026-03-08,0.03408089268406528,44.1
EMP046,2026-03-09,0.10055628019352042,22.8
EMP046,2026-03-10,0.12087993027767036,16.3
EMP046,2026-03-11,0.11343155117302561,18.7
EMP046,2026-03-12,0.11513096310885668,18.1
EMP046,2026-03-13,0.10683841557970114,20.8
EMP046,2026-03-14,0.09033607902748897,26.1
EMP046,2026-03-15,0.03405923432338992,44.1
EMP046,2026-03-16,0.12080593145217061,16.3
EMP046,2026-03-17,0.12003749889456228,16.6
EMP046,2026-03-18,0.11501368028055309,18.2
EMP046,2026-03-19,0.1104576340413983,19.6
EMP046,2026-03-20,0.03523072695566459,43.8
EMP046,2026-03-21,0.08014346335473671,29.4
EMP046,2026-03-22,0.03422962600208479,44.1
EMP046,2026-03-23,0.11574656902993541,17.9
EMP046,2026-03-24,0.11171189625834715,19.2
EMP046,2026-03-25,0.0943024024253073,24.8
EMP046,2026-03-26,0.07342383656347218,31.5
EMP046,2026-03-27,0.10091735056455575,22.7
EMP046,2026-03-28,0.0845924403609376,27.9
EMP046,2026-03-29,0.02451711500661924,47.2
EMP046,2026-03-30,0.0631378286389555,34.8
EMP046,2026-03-31,0.08527053896032233,27.7
EMP047,2026-01-01,0.06240609663679764,35.0
EMP047,2026-01-02,0.086533138005074,27.3
EMP047,2026-01-03,0.11047093477305303,19.6
EMP047,2026-01-04,-0.010805266902789046,58.5
EMP047,2026-01-05,0.08587878624767198,27.5
EMP047,2026-01-06,0.07052153828738311,32.4
EMP047,2026-01-07,0.06828813762486047,33.2
EMP047,2026-01-08,0.054403583612914364,37.6
EMP047,2026-01-09,0.050422621759861785,38.9
EMP047,2026-01-10,0.017577842116122122,49.4
EMP047,2026-01-11,0.015295258410202073,50.2
EMP047,2026-01-12,0.09836762732670773,23.5
EMP047,2026-01-13,0.10590899069747539,21.1
EMP047,2026-01-14,0.10532839907610914,21.3
EMP047,2026-01-15,0.031243444854684443,45.0
EMP047,2026-01-16,0.10667525120047933,20.8
EMP047,2026-01-17,0.07882315516981286,29.8
EMP047,2026-01-18,0.03704508968792619,43.2
EMP047,2026-01-19,0.09668710387711199,24.0
EMP047,2026-01-20,0.092825600443179,25.3
EMP047,2026-01-21,0.11371104648908453,18.6
EMP047,2026-01-22,0.10563282186681555,21.2
EMP047,2026-01-23,0.09502697575199132,24.6
EMP047,2026-01-24,0.0750379121397835,31.0
EMP047,2026-01-25,0.036651608992739504,43.3
EMP047,2026-01-26,0.02968709227646782,45.5
EMP047,2026-01-27,0.08798147434170528,26.8
EMP047,2026-01-28,0.0932260820776602,25.2
EMP047,2026-01-29,0.09158124599225187,25.7
EMP047,2026-01-30,0.0828016610691889,28.5
EMP047,2026-01-31,0.08059087950271915,29.2
EMP047,2026-02-01,0.02940220490382861,45.6
EMP047,2026-02-02,0.05924191959981279,36.1
EMP047,2026-02-03,0.02751573001211227,46.2
EMP047,2026-02-04,0.07899775812137544,29.7
EMP047,2026-02-05,0.0998077624872139,23.0
EMP047,2026-02-06,0.08410180246289634,28.1
EMP047,2026-02-07,0.07432836655435016,31.2
EMP047,2026-02-08,0.030145804305516388,45.4
EMP047,2026-02-09,0.07763283389777081,30.2
EMP047,2026-02-10,0.10453099837838081,21.5
EMP047,2026-02-11,0.0871272568685319,27.1
EMP047,2026-02-12,0.08873424179168021,26.6
EMP047,2026-02-13,0.0945238731218247,24.7
EMP047,2026-02-14,0.023260560735605007,47.6
EMP047,2026-02-15,0.0286043637481469,45.9
EMP047,2026-02-16,0.0950094811942811,24.6
EMP047,2026-02-17,0.07981235681478932,29.5
EMP047,2026-02-18,0.10244580127369418,22.2
EMP047,2026-02-19,0.10489505689374085,21.4
EMP047,2026-02-20,0.08364296766388035,28.2
EMP047,2026-02-21,0.07809262752255286,30.0
EMP047,2026-02-22,0.04125593312269721,41.8
EMP047,2026-02-23,0.09561499716122551,24.4
EMP047,2026-02-24,0.08930886262279036,26.4
EMP047,2026-02-25,0.09741922825384813,23.8
EMP047,2026-02-26,0.09653252662287853,24.1
EMP047,2026-02-27,0.08538364024983336,27.7
EMP047,2026-02-28,0.06302595807162487,34.8
EMP047,2026-03-01,0.024727989048091703,47.1
EMP047,2026-03-02,0.01902774844261168,49.0
EMP047,2026-03-03,0.06513505909424244,34.2
EMP047,2026-03-04,0.10276833240973615,22.1
EMP047,2026-03-05,0.05148028975142038,38.6
EMP047,2026-03-06,0.0894862782786548,26.4
EMP047,2026-03-07,0.07647765792491779,30.5
EMP047,2026-03-08,0.029264219138925407,45.7
EMP047,2026-03-09,0.0871625436851528,27.1
EMP047,2026-03-10,0.10512607876354169,21.3
EMP047,2026-03-11,0.10448718232389625,21.5
EMP047,2026-03-12,0.09619342956498528,24.2
EMP047,2026-03-13,0.09968268568145111,23.1
EMP047,2026-03-14,0.08299733465816117,28.4
EMP047,2026-03-15,0.03116812461675056,45.1
EMP047,2026-03-16,0.08879611294732187,26.6
EMP047,2026-03-17,0.09321601946429442,25.2
EMP047,2026-03-18,0.0954885631334873,24.4
EMP047,2026-03-19,0.09957523558023884,23.1
EMP047,2026-03-20,0.08180974908949379,28.8
EMP047,2026-03-21,0.06601977805980536,33.9
EMP047,2026-03-22,0.02170950338716726,48.1
EMP047,2026-03-23,0.0746797147784875,31.1
EMP047,2026-03-24,0.0882728445378963,26.7
EMP047,2026-03-25,0.03549341858172711,43.7
EMP047,2026-03-26,0.022195571745923792,47.9
EMP047,2026-03-27,-0.021040036330659317,61.8
EMP047,2026-03-28,0.051538024837238294,38.5
EMP047,2026-03-29,-0.014965637396364029,59.9
EMP047,2026-03-30,-0.020967242670968167,61.8
EMP047,2026-03-31,-0.010186578145131131,58.3
EMP048,2026-01-01,0.061279804015548,35.4
EMP048,2026-01-02,0.06540609346347981,34.1
EMP048,2026-01-03,0.08531790918233872,27.7
EMP048,2026-01-04,-0.014563934730603245,59.7
EMP048,2026-01-05,0.08132972914475334,29.0
EMP048,2026-01-06,0.07557833589310958,30.8
EMP048,2026-01-07,0.09483993519149148,24.6
EMP048,2026-01-08,0.08295934010540545,28.5
EMP048,2026-01-09,0.07341025056802203,31.5
EMP048,2026-01-10,0.040230589898493596,42.2
EMP048,2026-01-11,0.026897088494746813,46.4
EMP048,2026-01-12,0.11047361504867126,19.6
EMP048,2026-01-13,0.11570696945507586,17.9
EMP048,2026-01-14,0.035666174559122465,43.6
EMP048,2026-01-15,0.10586803645817527,21.1
EMP048,2026-01-16,0.11626549433124928,17.8
EMP048,2026-01-17,0.08345419479309157,28.3
EMP048,2026-01-18,0.03997692221472665,42.2
EMP048,2026-01-19,0.10522315568001178,21.3
EMP048,2026-01-20,0.1138650171588575,18.5
EMP048,2026-01-21,0.11053537959402987,19.6
EMP048,2026-01-22,0.11245119166012113,19.0
EMP048,2026-01-23,0.11083561186885277,19.5
EMP048,2026-01-24,0.08675584742830955,27.2
EMP048,2026-01-25,0.03585865465668758,43.6
EMP048,2026-01-26,0.02984608862308824,45.5
EMP048,2026-01-27,0.09781472619660303,23.7
EMP048,2026-01-28,0.1162846458103085,17.8
EMP048,2026-01-29,0.09696709084028887,24.0
EMP048,2026-01-30,0.05324787964609423,38.0
EMP048,2026-01-31,0.07912012148562048,29.7
EMP048,2026-02-01,0.029938879397455653,45.5
EMP048,2026-02-02,0.10214289083961303,22.3
EMP048,2026-02-03,0.07515454929177323,31.0
EMP048,2026-02-04,0.10091501386739643,22.7
EMP048,2026-02-05,0.09632642037049655,24.2
EMP048,2026-02-06,0.04182319217409647,41.6
EMP048,2026-02-07,0.08406305527907737,28.1
EMP048,2026-02-08,0.03575384756059685,43.6
EMP048,2026-02-09,0.10684272182054233,20.8
EMP048,2026-02-10,0.11034367369303405,19.7
EMP048,2026-02-11,0.11306325826858743,18.8
EMP048,2026-02-12,0.11112849162770538,19.4
EMP048,2026-02-13,0.1144673405838415,18.3
EMP048,2026-02-14,0.07191699972262378,32.0
EMP048,2026-02-15,0.03702739798494903,43.2
EMP048,2026-02-16,0.09752300821811083,23.8
EMP048,2026-02-17,0.11251375945005715,19.0
EMP048,2026-02-18,0.11026803273957786,19.7
EMP048,2026-02-19,0.10727453873316317,20.7
EMP048,2026-02-20,0.10784769962909929,20.5
EMP048,2026-02-21,0.06860618097187632,33.1
EMP048,2026-02-22,0.031925328645705464,44.8
EMP048,2026-02-23,0.02168183161435766,48.1
EMP048,2026-02-24,0.08982075090396757,26.3
EMP048,2026-02-25,0.10493172280519308,21.4
EMP048,2026-02-26,0.09835552286352983,23.5
EMP048,2026-02-27,0.09087095157208991,25.9
EMP048,2026-02-28,0.019823198547739063,48.7
EMP048,2026-03-01,0.02500790438002254,47.0
EMP048,2026-03-02,0.017958035911078918,49.3
EMP048,2026-03-03,0.07581851983382798,30.7
EMP048,2026-03-04,0.10178411408238969,22.4
EMP048,2026-03-05,0.1013788457497038,22.5
EMP048,2026-03-06,0.10902050912876998,20.1
EMP048,2026-03-07,0.08289323502077489,28.5
EMP048,2026-03-08,0.029113241269256518,45.7
EMP048,2026-03-09,0.10194826285527808,22.4
EMP048,2026-03-10,0.0898906545526883,26.2
EMP048,2026-03-11,0.0949174549047368,24.6
EMP048,2026-03-12,0.10444190300747408,21.6
EMP048,2026-03-13,0.10760606842187886,20.5
EMP048,2026-03-14,0.07854953891351663,29.9
EMP048,2026-03-15,0.02620995958102046,46.7
EMP048,2026-03-16,0.08986568116020716,26.2
EMP048,2026-03-17,0.10474187576867028,21.5
EMP048,2026-03-18,0.10245108185070156,22.2
EMP048,2026-03-19,0.09166030904404521,25.7
EMP048,2026-03-20,0.025211180374809294,47.0
EMP048,2026-03-21,0.07623362689976332,30.6
EMP048,2026-03-22,0.029706036056408203,45.5
EMP048,2026-03-23,0.10612699385547675,21.0
EMP048,2026-03-24,0.1058686171337454,21.1
EMP048,2026-03-25,0.10319876802483391,22.0
EMP048,2026-03-26,0.0793798961490893,29.6
EMP048,2026-03-27,0.025528971454775173,46.9
EMP048,2026-03-28,0.08598918662100324,27.5
EMP048,2026-03-29,0.012162747233773863,51.2
EMP048,2026-03-30,0.02257764377465754,47.8
EMP048,2026-03-31,0.020233820952810455,48.6
EMP049,2026-01-01,0.052889282331172294,38.1
EMP049,2026-01-02,0.08134987374826624,29.0
EMP049,2026-01-03,0.0981944246580308,23.6
EMP049,2026-01-04,-0.02776026124641029,64.0
EMP049,2026-01-05,0.07590596700296781,30.7
EMP049,2026-01-06,0.06854571342378901,33.1
EMP049,2026-01-07,0.06962662751343629,32.7
EMP049,2026-01-08,0.0701265966991867,32.6
EMP049,2026-01-09,0.0020424936568118612,54.4
EMP049,2026-01-10,0.07588478222896183,30.7
EMP049,2026-01-11,0.031736103829755,44.9
EMP049,2026-01-12,0.09736203963863543,23.8
EMP049,2026-01-13,0.09325818939460201,25.1
EMP049,2026-01-14,0.10192857403317634,22.4
EMP049,2026-01-15,0.09877505113712298,23.4
EMP049,2026-01-16,0.09700988643541436,23.9
EMP049,2026-01-17,0.06396522995410436,34.5
EMP049,2026-01-18,0.02912853760785472,45.7
EMP049,2026-01-19,0.10583900522092354,21.1
EMP049,2026-01-20,0.08262205174400211,28.6
EMP049,2026-01-21,0.09965194904935515,23.1
EMP049,2026-01-22,0.10009024664427041,23.0
EMP049,2026-01-23,0.07453101146047231,31.2
EMP049,2026-01-24,0.05744162988988577,36.6
EMP049,2026-01-25,0.01986773512092066,48.7
EMP049,2026-01-26,0.014014946356854074,50.6
EMP049,2026-01-27,0.06985077299397696,32.7
EMP049,2026-01-28,0.10034718769276763,22.9
EMP049,2026-01-29,0.050253487959343646,38.9
EMP049,2026-01-30,0.06931145647539222,32.8
EMP049,2026-01-31,0.05488069459926981,37.5
EMP049,2026-02-01,0.01568120366550152,50.0
EMP049,2026-02-02,0.04073153731637724,42.0
EMP049,2026-02-03,0.06896325084905458,32.9
EMP049,2026-02-04,0.07782656412213629,30.1
EMP049,2026-02-05,0.07894939614822843,29.7
EMP049,2026-02-06,0.0762444377913099,30.6
EMP049,2026-02-07,0.05963371833733466,35.9
EMP049,2026-02-08,0.00940693198770437,52.1
EMP049,2026-02-09,0.07183570298873693,32.0
EMP049,2026-02-10,0.0796707525315824,29.5
EMP049,2026-02-11,0.08562677140843089,27.6
EMP049,2026-02-12,0.08130280303429538,29.0
EMP049,2026-02-13,0.07516977050454954,31.0
EMP049,2026-02-14,0.05717379583155552,36.7
EMP049,2026-02-15,0.016542459038405233,49.8
EMP049,2026-02-16,0.0793785483455261,29.6
EMP049,2026-02-17,0.03948869968581248,42.4
EMP049,2026-02-18,0.09435351026695543,24.8
EMP049,2026-02-19,0.07621233970503744,30.6
EMP049,2026-02-20,0.09203551092411294,25.5
EMP049,2026-02-21,0.05156592139469374,38.5
EMP049,2026-02-22,0.01954037766027039,48.8
EMP049,2026-02-23,0.06779056852040466,33.3
EMP049,2026-02-24,0.0901885125082334,26.1
EMP049,2026-02-25,0.0802112139031782,29.3
EMP049,2026-02-26,0.06554569575094427,34.0
EMP049,2026-02-27,0.08103636038896822,29.1
EMP049,2026-02-28,0.05741657566157787,36.6
EMP049,2026-03-01,0.01517369092217502,50.2
EMP049,2026-03-02,0.009027459342989319,52.2
EMP049,2026-03-03,0.02684036936550771,46.5
EMP049,2026-03-04,0.08320565514880285,28.4
EMP049,2026-03-05,0.09037029177750844,26.1
EMP049,2026-03-06,0.0819111162849559,28.8
EMP049,2026-03-07,0.05422038902996856,37.7
EMP049,2026-03-08,0.020585323332914185,48.5
EMP049,2026-03-09,0.03277774785085891,44.6
EMP049,2026-03-10,0.09132217090294564,25.8
EMP049,2026-03-11,0.09554420417313347,24.4
EMP049,2026-03-12,0.07832326929118405,29.9
EMP049,2026-03-13,0.09692894835318289,24.0
EMP049,2026-03-14,0.0624118621593544,35.0
EMP049,2026-03-15,0.023184919039432317,47.6
EMP049,2026-03-16,0.09223101655797611,25.5
EMP049,2026-03-17,0.10084925755934143,22.7
EMP049,2026-03-18,0.08284481596558235,28.5
EMP049,2026-03-19,0.09263003276399423,25.3
EMP049,2026-03-20,0.08154690914737006,28.9
EMP049,2026-03-21,0.06938762298453355,32.8
EMP049,2026-03-22,0.016556277274005105,49.8
EMP049,2026-03-23,0.06750359228509278,33.4
EMP049,2026-03-24,0.05801953332068582,36.5
EMP049,2026-03-25,0.003873623704991336,53.8
EMP049,2026-03-26,0.04725266588181126,39.9
EMP049,2026-03-27,0.0014255249738452935,54.6
EMP049,2026-03-28,0.030638372165716854,45.2
EMP049,2026-03-29,-0.01797424142622983,60.8
EMP049,2026-03-30,-0.018441491639122343,61.0
EMP049,2026-03-31,0.021170002993647796,48.3
EMP050,2026-01-01,0.062435225910742354,35.0
EMP050,2026-01-02,0.0992402901651982,23.2
EMP050,2026-01-03,0.1132245404873024,18.7
EMP050,2026-01-04,-0.007843107374799096,57.6
EMP050,2026-01-05,0.09268362360285975,25.3
EMP050,2026-01-06,0.07770114658040816,30.1
EMP050,2026-01-07,0.07523560339291085,30.9
EMP050,2026-01-08,0.08386687816654731,28.2
EMP050,2026-01-09,0.06360081045906157,34.7
EMP050,2026-01-10,0.053819365312787804,37.8
EMP050,2026-01-11,0.0217758950755097,48.1
EMP050,2026-01-12,0.11134501450681811,19.3
EMP050,2026-01-13,0.10565514529844156,21.2
EMP050,2026-01-14,0.10847479278870459,20.3
EMP050,2026-01-15,0.1003700518504202,22.9
EMP050,2026-01-16,0.09743469275716721,23.8
EMP050,2026-01-17,0.08556390530883279,27.6
EMP050,2026-01-18,0.035134555541265655,43.8
EMP050,2026-01-19,0.10924966056979774,20.0
EMP050,2026-01-20,0.11319700415455597,18.8
EMP050,2026-01-21,0.11441017476762882,18.4
EMP050,2026-01-22,0.11081949792940071,19.5
EMP050,2026-01-23,0.1135500832848042,18.6
EMP050,2026-01-24,0.0815202573669182,28.9
EMP050,2026-01-25,0.04135305127630534,41.8
EMP050,2026-01-26,0.03684761107180606,43.2
EMP050,2026-01-27,0.1058888768995887,21.1
EMP050,2026-01-28,0.11259856548693914,18.9
EMP050,2026-01-29,0.042186628360038114,41.5
EMP050,2026-01-30,0.10239789772794339,22.2
EMP050,2026-01-31,0.09118930183489504,25.8
EMP050,2026-02-01,0.03588052474272263,43.6
EMP050,2026-02-02,0.05533865748145922,37.3
EMP050,2026-02-03,0.05445300194206315,37.6
EMP050,2026-02-04,0.09936296594916766,23.2
EMP050,2026-02-05,0.09831246960518442,23.5
EMP050,2026-02-06,0.10131297107966131,22.6
EMP050,2026-02-07,0.09097020958209612,25.9
EMP050,2026-02-08,0.03833078547985369,42.8
EMP050,2026-02-09,0.10064254577265891,22.8
EMP050,2026-02-10,0.09951035771870309,23.1
EMP050,2026-02-11,0.10858837639332175,20.2
EMP050,2026-02-12,0.1162958307805162,17.8
EMP050,2026-02-13,0.11461668837984079,18.3
EMP050,2026-02-14,0.09685561423417915,24.0
EMP050,2026-02-15,0.03940052841941011,42.4
EMP050,2026-02-16,0.10304693977449803,22.0
EMP050,2026-02-17,0.10968801555957519,19.9
EMP050,2026-02-18,0.10917056337493491,20.0
EMP050,2026-02-19,0.11190457040574114,19.2
EMP050,2026-02-20,0.11436147066503283,18.4
EMP050,2026-02-21,0.08135421896520667,29.0
EMP050,2026-02-22,0.03473755179619897,43.9
EMP050,2026-02-23,0.10655645172093825,20.9
EMP050,2026-02-24,0.08598004684020671,27.5
EMP050,2026-02-25,0.09855067610456814,23.4
EMP050,2026-02-26,0.10025921634479629,22.9
EMP050,2026-02-27,0.1023252594675228,22.2
EMP050,2026-02-28,0.09021817489279288,26.1
EMP050,2026-03-01,0.025227443881218226,47.0
EMP050,2026-03-02,0.021425241671699236,48.2
EMP050,2026-03-03,0.05509533548041362,37.4
EMP050,2026-03-04,0.1075675716602636,20.6
EMP050,2026-03-05,0.10749404708258903,20.6
EMP050,2026-03-06,0.10565554373072705,21.2
EMP050,2026-03-07,0.0724751504882778,31.8
EMP050,2026-03-08,0.029596494377042037,45.6
EMP050,2026-03-09,0.1012751098384353,22.6
EMP050,2026-03-10,0.08761156397330339,27.0
EMP050,2026-03-11,0.10363649813448733,21.8
EMP050,2026-03-12,0.09566610060292124,24.4
EMP050,2026-03-13,0.10009150479701856,23.0
EMP050,2026-03-14,0.06906982772458203,32.9
EMP050,2026-03-15,0.02572910260390282,46.8
EMP050,2026-03-16,0.09896959702297081,23.3
EMP050,2026-03-17,0.08491873211114892,27.8
EMP050,2026-03-18,0.0918795534424488,25.6
EMP050,2026-03-19,0.09618920358316707,24.2
EMP050,2026-03-20,0.084058806810405,28.1
EMP050,2026-03-21,0.0660086846448989,33.9
EMP050,2026-03-22,0.023509005334867772,47.5
EMP050,2026-03-23,0.09375517106150288,25.0
EMP050,2026-03-24,0.09297773042912305,25.2
EMP050,2026-03-25,0.045115693080245656,40.6
EMP050,2026-03-26,0.05163124312033801,38.5
EMP050,2026-03-27,0.01612468954511237,49.9
EMP050,2026-03-28,0.07193404390806979,32.0
EMP050,2026-03-29,0.009793899417637975,51.9
EMP050,2026-03-30,0.04289427374872529,41.3
EMP050,2026-03-31,0.030909998673381622,45.2
